time_s,node,asn,src,err_ns
30.718874951,child7,3030,frame,-48843
30.719594576,child8,3030,frame,-55576
30.721653783,child9,3030,frame,-73861
30.73022424,child10,3030,frame,-101959
30.740173779,child1,3030,frame,-33746
30.747144777000003,child2,3030,frame,-43827
30.764379106,child3,3030,frame,-38201
30.768763688,child4,3030,frame,-65237
30.786100101,child5,3030,frame,-61362
30.80039743,child6,3030,frame,-1586
40.821368275,child7,4040,frame,-127
40.824656565,child9,4040,frame,-206
40.826137315,child8,4040,frame,-98
40.831707689000005,child10,4040,frame,0
40.845301727,child1,4040,frame,-205
40.850953309,child2,4040,frame,46
40.871578345,child3,4040,frame,-125
40.872762012,child4,4040,frame,-124
40.892989923,child5,4040,frame,-124
40.902572879,child6,4040,frame,-81
50.922711765,child7,5050,frame,161
50.927939972,child8,5050,frame,-121
50.929742722,child9,5050,frame,13
50.932925013,child10,5050,frame,53
50.947969384000004,child1,5050,frame,165
50.95569709,child2,5050,frame,-67
50.975472294,child3,5050,frame,18
50.978841001,child4,5050,frame,161
50.996472247,child5,5050,frame,53
51.001667704,child6,5050,frame,24
61.005604635999994,child6,6060,frame,-110
61.029746255,child7,6060,frame,-97
61.032420337000005,child8,6060,frame,-97
61.033402962,child9,6060,frame,-116
61.040002252,child10,6060,frame,-89
61.052604041,child1,6060,frame,-202
61.061581955,child2,6060,frame,-106
61.084681282999995,child3,6060,frame,-113
61.086045491,child4,6060,frame,-81
61.101015653000005,child5,6060,frame,-107
71.110152168,child5,7070,frame,-79
71.114197875,child6,7070,frame,44
71.13647728599999,child9,7070,frame,21
71.136873119,child8,7070,frame,51
71.14169461799999,child7,7070,frame,6
71.146065158,child10,7070,frame,-68
71.152758948,child1,7070,frame,162
71.16396482100001,child2,7070,frame,26
71.18837231399999,child3,7070,frame,-85
71.19095748,child4,7070,frame,2
81.215685949,child5,8080,frame,-2
81.22494482200001,child6,8080,frame,177
81.241928817,child9,8080,frame,-92
81.242930817,child8,8080,frame,59
81.244446192,child7,8080,frame,6
81.250704273,child10,8080,frame,55
81.257263272,child1,8080,frame,3
81.26991506,child2,8080,frame,40
81.29396097099999,child3,8080,frame,57
81.29496747099999,child4,8080,frame,20
91.322707355,child5,9090,frame,-1
91.326926771,child6,9090,frame,-120
91.346746266,child9,9090,frame,-76
91.349203182,child7,9090,frame,-75
91.349796223,child8,9090,frame,-219
91.35667168,child10,9090,frame,-125
91.360742304,child1,9090,frame,-246
91.375579258,child2,9090,frame,-217
91.39771408600001,child3,9090,frame,-220
91.39903108600001,child4,9090,frame,-125
101.4057956,child3,10100,frame,16
101.426806928,child5,10100,frame,16
101.43185555199999,child6,10100,frame,23
101.453851797,child7,10100,frame,16
101.45412687999999,child9,10100,frame,59
101.456980587,child8,10100,frame,126
101.46390096100001,child10,10100,frame,18
101.46498471000001,child1,10100,frame,163
101.47784183200001,child2,10100,frame,127
101.502359201,child4,10100,frame,142
110.505005844,child4,11009,frame,52
110.511464384,child3,11009,frame,11
110.53079687900001,child5,11009,frame,-69
110.536173503,child6,11009,frame,-2
110.555355956,child9,11009,frame,-98
110.561609997,child7,11009,frame,-2
110.561679163,child8,11009,frame,-114
110.569093411,child10,11009,frame,20
110.569160036,child1,11009,frame,-99
110.5814932,child2,11009,frame,-89
120.60780946,child4,12019,frame,-67
120.61540687399999,child3,12019,frame,29
120.63869595199999,child5,12019,frame,18
120.639630327,child6,12019,frame,24
120.65924873799999,child9,12019,frame,21
120.66483244499999,child8,12019,frame,13
120.665753403,child7,12019,frame,18
120.670845944,child10,12019,frame,17
120.672508027,child1,12019,frame,41
120.68608544,child2,12019,frame,-124
130.716947948,child4,13029,frame,54
130.71799199,child3,13029,frame,-99
130.743109525,child5,13029,frame,-113
130.746385733,child6,13029,frame,17
130.765653936,child9,13029,frame,15
130.768264769,child7,13029,frame,-72
130.771583435,child8,13029,frame,17
130.77454805899998,child10,13029,frame,17
130.776363183,child1,13029,frame,24
130.791109763,child2,13029,frame,27
140.794773695,child2,14039,frame,28
140.82244568800002,child3,14039,frame,51
140.826904354,child4,14039,frame,0
140.845451557,child5,14039,frame,39
140.849860681,child6,14039,frame,16
140.870873926,child9,14039,frame,22
140.876627966,child7,14039,frame,33
140.878255132,child8,14039,frame,29
140.87931234,child10,14039,frame,-99
140.88039934,child1,14039,frame,38
150.901656726,child2,15049,frame,4
150.92681363600002,child3,15049,frame,42
150.931963802,child4,15049,frame,53
150.952919588,child5,15049,frame,156
150.95396200500002,child6,15049,frame,1
150.973953125,child9,15049,frame,14
150.982485831,child7,15049,frame,23
150.98357707999998,child1,15049,frame,16
150.98467653900002,child10,15049,frame,140
150.98739249599998,child8,15049,frame,0
161.003527092,child2,16059,frame,28
161.03254458499998,child3,16059,frame,-90
161.037839125,child4,16059,frame,-79
161.05259116300002,child6,16059,frame,0
161.058548328,child5,16059,frame,-100
161.076877948,child9,16059,frame,3
161.082556989,child1,16059,frame,-95
161.088848904,child7,16059,frame,5
161.08949502800002,child10,16059,frame,-112
161.09416081900002,child8,16059,frame,27
171.095128877,child7,17069,frame,25
171.09619712600002,child10,17069,frame,157
171.1017655,child8,17069,frame,141
171.104808499,child2,17069,frame,36
171.132783784,child3,17069,frame,183
171.14455994800002,child4,17069,frame,182
171.15263344599998,child6,17069,frame,36
171.166146859,child5,17069,frame,144
171.186164729,child1,17069,frame,172
171.186615187,child9,17069,frame,14
181.19807695,child7,18079,frame,-66
181.19930445,child10,18079,frame,-247
181.206807573,child8,18079,frame,-210
181.212838238,child2,18079,frame,-114
181.23761873200002,child3,18079,frame,-233
181.250431729,child4,18079,frame,-108
181.257726727,child6,18079,frame,-124
181.26951559900002,child5,18079,frame,-120
181.294055176,child9,18079,frame,-118
181.294795801,child1,18079,frame,-109
191.30088135800003,child9,19089,frame,155
191.302326899,child7,19089,frame,150
191.302963565,child1,19089,frame,29
191.30314698200002,child10,19089,frame,158
191.312826688,child8,19089,frame,159
191.31793851999998,child2,19089,frame,152
191.338386015,child3,19089,frame,173
191.353577553,child4,19089,frame,40
191.36320925799998,child6,19089,frame,141
191.37722958799998,child5,19089,frame,23
201.404485389,child1,20099,frame,13
201.404934973,child9,20099,frame,47
201.408905097,child7,20099,frame,7
201.40901822200001,child10,20099,frame,-106
201.41758234399998,child8,20099,frame,-76
201.420239719,child2,20099,frame,21
201.44347575499998,child3,20099,frame,32
201.459022917,child4,20099,frame,41
201.46765799800002,child6,20099,frame,-1
201.483941661,child5,20099,frame,139
210.487473096,child5,21008,frame,-68
210.506207674,child1,21008,frame,22
210.511085965,child10,21008,frame,36
210.512004923,child9,21008,frame,-200
210.514207047,child7,21008,frame,-195
210.52580475300002,child8,21008,frame,-122
210.527503502,child2,21008,frame,7
210.54712162200002,child3,21008,frame,-117
210.564566368,child4,21008,frame,17
210.569869325,child6,21008,frame,-83
220.593593123,child5,22018,frame,-117
220.61329466,child1,22018,frame,13
220.61351570099998,child9,22018,frame,22
220.618126158,child7,22018,frame,23
220.618925866,child10,22018,frame,-110
220.630182447,child8,22018,frame,151
220.632303613,child2,22018,frame,-75
220.650730525,child3,22018,frame,34
220.669860145,child4,22018,frame,25
220.671807311,child6,22018,frame,9
230.70255081099998,child5,23028,frame,130
230.71832809900002,child9,23028,frame,22
230.71846222399998,child1,23028,frame,-111
230.72304114,child7,23028,frame,5
230.727781805,child10,23028,frame,162
230.73426947,child2,23028,frame,14
230.734504553,child8,23028,frame,-70
230.75639617299998,child3,23028,frame,34
230.77621495900001,child6,23028,frame,8
230.77686091799998,child4,23028,frame,16
240.804846418,child5,24038,frame,-121
240.821922831,child1,24038,frame,28
240.823999289,child9,24038,frame,5
240.825244955,child7,24038,frame,25
240.832095203,child10,24038,frame,33
240.839187826,child8,24038,frame,1
240.839781035,child2,24038,frame,13
240.861949571,child3,24038,frame,-91
240.875295651,child6,24038,frame,8
240.879714191,child4,24038,frame,18
250.91053969100003,child5,25048,frame,8
250.92264902099998,child1,25048,frame,14
250.92960951999999,child9,25048,frame,22
250.931815186,child7,25048,frame,5
250.938281392,child10,25048,frame,-107
250.942657516,child2,25048,frame,13
250.94893247299999,child8,25048,frame,20
250.96872426,child3,25048,frame,160
250.980130715,child6,25048,frame,9
250.984599881,child4,25048,frame,0
260.99007747,child4,26058,frame,-108
261.015962131,child5,26058,frame,22
261.023786504,child1,26058,frame,28
261.035673626,child9,26058,frame,23
261.03598675,child7,26058,frame,25
261.040520874,child10,26058,frame,49
261.043106124,child2,26058,frame,-112
261.051234747,child8,26058,frame,18
261.074746116,child3,26058,frame,-91
261.084361322,child6,26058,frame,28
271.088488037,child6,27068,frame,-70
271.09853645100003,child4,27068,frame,34
271.117698654,child5,27068,frame,7
271.12766611,child1,27068,frame,-109
271.138313191,child9,27068,frame,6
271.13927369,child7,27068,frame,-110
271.14257994,child10,27068,frame,19
271.146976272,child2,27068,frame,58
271.160101227,child8,27068,frame,-116
271.17404364,child3,27068,frame,20
281.190714602,child6,28078,frame,141
281.200970433,child4,28078,frame,16
281.22473176,child5,28078,frame,-101
281.236931757,child1,28078,frame,30
281.242511505,child7,28078,frame,154
281.246286796,child9,28078,frame,22
281.247553879,child10,28078,frame,33
281.25341300300005,child2,28078,frame,-104
281.268355416,child8,28078,frame,151
281.280734412,child3,28078,frame,-91
291.30331379,child4,29088,frame,14
291.331165616,child5,29088,frame,37
291.343073113,child1,29088,frame,31
291.347186737,child7,29088,frame,32
291.351283986,child9,29088,frame,11
291.35223461,child10,29088,frame,1
291.35802556699997,child2,29088,frame,36
291.374730355,child8,29088,frame,0
291.384474269,child3,29088,frame,51
291.389544184,child6,29088,frame,-125
301.389219609,child6,30098,frame,7
301.407618063,child4,30098,frame,-111
301.434223848,child5,30098,frame,26
301.44605197,child1,30098,frame,-94
301.453185343,child7,30098,frame,-73
301.455844384,child10,30098,frame,-105
301.455979425,child9,30098,frame,-120
301.460230299,child2,30098,frame,36
301.476319379,child8,30098,frame,-246
301.48589195899996,child3,30098,frame,31
310.48382997100003,child8,31007,frame,163
310.48900788699996,child3,31007,frame,-100
310.499768884,child6,31007,frame,-76
310.511927006,child4,31007,frame,22
310.53704433300004,child5,31007,frame,-116
310.550182163,child1,31007,frame,52
310.556661869,child10,31007,frame,-103
310.556843536,child7,31007,frame,-232
310.56346453400005,child9,31007,frame,8
310.56606445,child2,31007,frame,10
320.588179536,child8,32017,frame,8
320.594564409,child3,32017,frame,49
320.60631974,child6,32017,frame,17
320.615047529,child4,32017,frame,32
320.642360314,child5,32017,frame,45
320.65423410200003,child1,32017,frame,-95
320.65948118399996,child7,32017,frame,154
320.660916101,child10,32017,frame,50
320.669172849,child9,32017,frame,23
320.671000307,child2,32017,frame,-222
330.692431476,child8,33027,frame,27
330.696274433,child3,33027,frame,32
330.71198242900005,child6,33027,frame,16
330.723695301,child4,33027,frame,30
330.74601967,child5,33027,frame,32
330.756798876,child1,33027,frame,126
330.762859499,child7,33027,frame,33
330.766863665,child10,33027,frame,48
330.772362664,child9,33027,frame,2
330.776049871,child2,33027,frame,185
340.782563752,child2,34037,frame,26
340.79864454,child8,34037,frame,-116
340.802959039,child3,34037,frame,-219
340.81501953599997,child6,34037,frame,17
340.82522507500005,child4,34037,frame,31
340.854281984,child5,34037,frame,-78
340.85956898300003,child1,34037,frame,-88
340.871137772,child7,34037,frame,-95
340.872431521,child10,34037,frame,34
340.878021478,child9,34037,frame,-102
350.88467498399996,child9,35047,frame,38
350.885381567,child2,35047,frame,31
350.90307510499997,child8,35047,frame,25
350.908226478,child3,35047,frame,129
350.916415476,child6,35047,frame,36
350.93344959700005,child4,35047,frame,-110
350.959140465,child5,35047,frame,45
350.962960798,child1,35047,frame,52
350.97696875300005,child7,35047,frame,29
350.977707627,child10,35047,frame,-92
360.98187467599996,child7,36057,frame,33
360.98561721699997,child10,36057,frame,32
360.989314424,child9,36057,frame,38
360.993024798,child2,36057,frame,-89
361.007921753,child8,36057,frame,28
361.011395085,child3,36057,frame,58
361.019992624,child6,36057,frame,-117
361.036944412,child4,36057,frame,33
361.067699612,child5,36057,frame,43
361.06775002899997,child1,36057,frame,-88
371.08706649,child7,37067,frame,-97
371.08886019799996,child10,37067,frame,-74
371.091757447,child9,37067,frame,21
371.099790529,child2,37067,frame,36
371.112569442,child8,37067,frame,25
371.1151299,child3,37067,frame,43
371.124952772,child6,37067,frame,166
371.13896189400003,child4,37067,frame,32
371.17236946900005,child5,37067,frame,31
371.176904051,child1,37067,frame,52
381.181077183,child1,38077,frame,-72
381.18821297200003,child10,38077,frame,3
381.190482514,child7,38077,frame,127
381.196355304,child9,38077,frame,-86
381.20476721800003,child2,38077,frame,-107
381.22164271400004,child3,38077,frame,-83
381.222530714,child8,38077,frame,42
381.23031592,child6,38077,frame,-117
381.242319375,child4,38077,frame,34
381.279336324,child5,38077,frame,-94
391.283670164,child1,39087,frame,52
391.285730747,child5,39087,frame,126
391.29114637099997,child10,39087,frame,57
391.293091954,child7,39087,frame,46
391.298122911,child9,39087,frame,38
391.312727324,child2,39087,frame,54
391.323845613,child3,39087,frame,184
391.327945862,child8,39087,frame,-70
391.33292377699996,child6,39087,frame,150
391.349250106,child4,39087,frame,16
401.387153771,child1,40097,frame,-71
401.393017145,child10,40097,frame,-84
401.394009186,child5,40097,frame,-105
401.40093210099997,child7,40097,frame,-66
401.40302189199997,child9,40097,frame,36
401.416096847,child2,40097,frame,52
401.428963594,child3,40097,frame,-99
401.43243038500003,child6,40097,frame,-127
401.432964009,child8,40097,frame,19
401.451920296,child4,40097,frame,-109
410.48979092300004,child1,41006,frame,56
410.49768008800004,child5,41006,frame,152
410.500309879,child10,41006,frame,58
410.50489758599997,child9,41006,frame,130
410.506496294,child7,41006,frame,39
410.523041331,child2,41006,frame,23
410.531253204,child3,41006,frame,34
410.531602329,child6,41006,frame,180
410.535401536,child8,41006,frame,41
410.555976031,child4,41006,frame,149
420.595509904,child1,42016,frame,0
420.60412281799995,child5,42016,frame,-104
420.605449235,child10,42016,frame,-67
420.607469068,child9,42016,frame,-103
420.611078025,child7,42016,frame,20
420.625777146,child2,42016,frame,18
420.634080353,child3,42016,frame,-82
420.63669426900003,child6,42016,frame,-69
420.63937781,child8,42016,frame,16
420.660400554,child4,42016,frame,-108
430.69801267800005,child1,43026,frame,55
430.706077467,child5,43026,frame,23
430.70910304999995,child10,43026,frame,55
430.71254221500004,child7,43026,frame,25
430.71363684,child9,43026,frame,22
430.729061628,child2,43026,frame,-89
430.735822793,child3,43026,frame,24
430.74552179000005,child8,43026,frame,2
430.745829249,child6,43026,frame,0
430.766169452,child4,43026,frame,33
440.796121244,child1,44036,frame,-71
440.812874323,child10,44036,frame,60
440.813170614,child5,44036,frame,-102
440.81622303,child9,44036,frame,-102
440.81640373899995,child7,44036,frame,-245
440.833048818,child2,44036,frame,-73
440.841390441,child3,44036,frame,-92
440.850153022,child8,44036,frame,-107
440.85579218699996,child6,44036,frame,-104
440.87095030800003,child4,44036,frame,17
450.877110981,child4,45046,frame,-109
450.901860642,child1,45046,frame,-70
450.916296721,child5,45046,frame,55
450.91720305399997,child10,45046,frame,-68
450.920530553,child7,45046,frame,57
450.922586428,child9,45046,frame,38
450.934938883,child2,45046,frame,52
450.945002339,child3,45046,frame,48
450.95398042,child8,45046,frame,17
450.960977543,child6,45046,frame,1
460.981091171,child4,46056,frame,51
461.007342748,child1,46056,frame,25
461.020528828,child5,46056,frame,36
461.020593744,child10,46056,frame,58
461.024726868,child7,46056,frame,163
461.028820992,child9,46056,frame,143
461.039514156,child2,46056,frame,159
461.049990195,child3,46056,frame,49
461.059898859,child8,46056,frame,16
461.06245960900003,child6,46056,frame,141
471.08848036,child4,47066,frame,31
471.11376972799997,child1,47066,frame,-2
471.123115309,child10,47066,frame,-77
471.124500851,child5,47066,frame,20
471.129171391,child7,47066,frame,-112
471.132208599,child9,47066,frame,-119
471.144404971,child2,47066,frame,-105
471.15506426,child3,47066,frame,-93
471.1621858,child8,47066,frame,-88
471.163992757,child6,47066,frame,-78
481.195245716,child4,48076,frame,31
481.216047585,child1,48076,frame,6
481.22712570799996,child10,48076,frame,3
481.22803187399995,child5,48076,frame,-93
481.231892081,child7,48076,frame,49
481.23485403899997,child9,48076,frame,22
481.24722720299997,child2,48076,frame,36
481.25809936599995,child3,48076,frame,47
481.26627486399997,child6,48076,frame,8
481.26707698900003,child8,48076,frame,25
491.272914954,child8,49086,frame,150
491.301829322,child4,49086,frame,-111
491.31984065,child1,49086,frame,-2
491.331018147,child10,49086,frame,58
491.334815146,child7,49086,frame,-104
491.335612313,child5,49086,frame,30
491.34039101999997,child9,49086,frame,-102
491.34988176800005,child2,49086,frame,-89
491.36293001399997,child3,49086,frame,-75
491.37133851199997,child6,49086,frame,-69
501.376844102,child6,50096,frame,39
501.37694522699996,child8,50096,frame,-96
501.40423522,child4,50096,frame,46
501.424319132,child1,50096,frame,6
501.434564671,child10,50096,frame,39
501.438235461,child7,50096,frame,-70
501.440868586,child5,50096,frame,-80
501.445121668,child9,50096,frame,31
501.455131707,child2,50096,frame,-91
501.468331954,child3,50096,frame,3
510.471601464,child3,51005,frame,-76
510.480998337,child8,51005,frame,31
510.482521545,child6,51005,frame,35
510.50758208,child4,51005,frame,22
510.5277747,child1,51005,frame,9
510.54180878,child10,51005,frame,-79
510.54462132099997,child5,51005,frame,179
510.546735362,child7,51005,frame,174
510.54853040300003,child9,51005,frame,22
510.55736827600003,child2,51005,frame,127
520.575350487,child3,52015,frame,136
520.581800611,child6,52015,frame,9
520.585787985,child8,52015,frame,-100
520.611861895,child4,52015,frame,31
520.631454265,child1,52015,frame,13
520.646262761,child5,52015,frame,28
520.647924802,child10,52015,frame,58
520.651585676,child9,52015,frame,39
520.655223051,child7,52015,frame,57
520.6620312150001,child2,52015,frame,44
530.667605014,child2,53025,frame,27
530.679738885,child3,53025,frame,51
530.6829783850001,child6,53025,frame,13
530.6928270489999,child8,53025,frame,44
530.7191643750001,child4,53025,frame,30
530.732547622,child1,53025,frame,131
530.749598243,child5,53025,frame,13
530.754558283,child9,53025,frame,22
530.7546419910001,child10,53025,frame,57
530.759079449,child7,53025,frame,23
540.763495705,child7,54035,frame,-119
540.773573536,child2,54035,frame,-114
540.7829964499999,child3,54035,frame,-200
540.785641116,child6,54035,frame,-70
540.799817696,child8,54035,frame,25
540.822850982,child4,54035,frame,-109
540.835650687,child1,54035,frame,-206
540.851261308,child5,54035,frame,-235
540.8583138060001,child10,54035,frame,-83
540.85896739,child9,54035,frame,5
550.863903771,child10,55045,frame,-69
550.8642533540001,child7,55045,frame,55
550.865708521,child9,55045,frame,-87
550.8798587250001,child2,55045,frame,-2
550.888720015,child6,55045,frame,17
550.889032973,child3,55045,frame,145
550.9019775529999,child8,55045,frame,-83
550.927897963,child4,55045,frame,32
550.938797502,child1,55045,frame,8
550.957650789,child5,55045,frame,45
560.9676320030001,child10,56055,frame,58
560.969046711,child7,56055,frame,21
560.9754945010001,child9,56055,frame,38
560.987524331,child2,56055,frame,52
560.995013079,child3,56055,frame,59
560.997801953,child6,56055,frame,133
561.0030516190001,child8,56055,frame,26
561.034282194,child4,56055,frame,33
561.0445722750001,child1,56055,frame,133
561.060687687,child5,56055,frame,47
571.066050527,child5,57065,frame,48
571.0716611089999,child10,57065,frame,-94
571.072347442,child7,57065,frame,41
571.083097065,child9,57065,frame,39
571.093127187,child2,57065,frame,51
571.0988582269999,child3,57065,frame,-69
571.098901894,child6,57065,frame,-70
571.1112320159999,child8,57065,frame,-101
571.136960384,child4,57065,frame,-92
571.145951799,child1,57065,frame,-70
581.171563758,child5,58075,frame,-97
581.174172549,child10,58075,frame,5
581.17716009,child7,58075,frame,-102
581.187900421,child9,58075,frame,-103
581.198798293,child2,58075,frame,-106
581.2017177509999,child6,58075,frame,-70
581.2022446670001,child3,58075,frame,57
581.2152300390001,child8,58075,frame,11
581.24331474,child4,58075,frame,33
581.2506740719999,child1,58075,frame,0
591.2742856570001,child5,59085,frame,27
591.279910655,child10,59085,frame,11
591.28058278,child7,59085,frame,-120
591.2921208189999,child9,59085,frame,18
591.304024733,child6,59085,frame,-104
591.304785732,child2,59085,frame,-89
591.31324198,child3,59085,frame,-77
591.318833562,child8,59085,frame,48
591.347988555,child4,59085,frame,-93
591.355942094,child1,59085,frame,-125
601.383040804,child5,60095,frame,-79
601.38324922,child10,60095,frame,3
601.3858643030001,child7,60095,frame,54
601.400251049,child9,60095,frame,36
601.406466756,child2,60095,frame,60
601.409500005,child6,60095,frame,20
601.417528253,child3,60095,frame,-77
601.420002253,child8,60095,frame,48
601.455207869,child4,60095,frame,-76
601.462350242,child1,60095,frame,33
610.460868129,child4,61004,frame,-73
610.465272961,child1,61004,frame,-1
610.48771358,child5,61004,frame,49
610.4901016629999,child7,61004,frame,-90
610.490680079,child10,61004,frame,10
610.509432866,child9,61004,frame,-103
610.511412741,child2,61004,frame,-85
610.515196156,child6,61004,frame,42
610.5216818209999,child3,61004,frame,43
610.526465904,child8,61004,frame,-69
620.563024319,child4,62014,frame,142
620.566261776,child1,62014,frame,175
620.595065144,child7,62014,frame,135
620.595467394,child5,62014,frame,0
620.5963843940001,child10,62014,frame,19
620.615167306,child2,62014,frame,139
620.6176544719999,child9,62014,frame,53
620.620294429,child6,62014,frame,36
620.62425547,child3,62014,frame,12
620.628879344,child8,62014,frame,48
630.667426634,child1,63024,frame,52
630.667925217,child4,63024,frame,57
630.699908542,child5,63024,frame,57
630.700689625,child10,63024,frame,10
630.701689167,child7,63024,frame,28
630.7188733710001,child2,63024,frame,52
630.720234495,child9,63024,frame,34
630.723716036,child6,63024,frame,9
630.7283778679999,child3,63024,frame,49
630.732834659,child8,63024,frame,48
640.772936906,child4,64034,frame,56
640.7737173229999,child1,64034,frame,-205
640.8061550650001,child7,64034,frame,48
640.8062064809999,child5,64034,frame,35
640.810595605,child10,64034,frame,48
640.8223039769999,child2,64034,frame,44
640.825441476,child6,64034,frame,8
640.826251726,child9,64034,frame,38
640.837290473,child8,64034,frame,-72
640.837397848,child3,64034,frame,59
650.87646693,child4,65044,frame,-67
650.884924219,child1,65044,frame,146
650.909551213,child5,65044,frame,-89
650.911724046,child7,65044,frame,-79
650.914341087,child10,65044,frame,4
650.9274862499999,child6,65044,frame,25
650.927965458,child2,65044,frame,27
650.933714165,child9,65044,frame,39
650.937057414,child3,65044,frame,-67
650.944983246,child8,65044,frame,47
660.9822888269999,child4,66054,frame,12
660.9869822429999,child1,66054,frame,-2
661.0114935700001,child5,66054,frame,54
661.019396693,child10,66054,frame,-67
661.019558776,child7,66054,frame,44
661.025469358,child6,66054,frame,16
661.035418814,child2,66054,frame,-79
661.041370437,child3,66054,frame,-66
661.042820979,child9,66054,frame,-87
661.049782768,child8,66054,frame,-74
671.089102225,child4,67064,frame,-251
671.090118724,child1,67064,frame,-127
671.123437924,child5,67064,frame,39
671.124006508,child7,67064,frame,49
671.1242391320001,child10,67064,frame,3
671.132420505,child6,67064,frame,9
671.137440379,child2,67064,frame,43
671.144840127,child9,67064,frame,-104
671.14572621,child3,67064,frame,12
671.154743291,child8,67064,frame,39
681.1595582560001,child8,68074,frame,41
681.195213122,child1,68074,frame,123
681.195467164,child4,68074,frame,273
681.229103364,child7,68074,frame,13
681.22945653,child5,68074,frame,55
681.232802946,child10,68074,frame,128
681.242205235,child2,68074,frame,28
681.243061194,child6,68074,frame,13
681.249620442,child3,68074,frame,129
681.2521099,child9,68074,frame,303
691.264456904,child8,69084,frame,57
691.297483938,child4,69084,frame,-78
691.300300437,child1,69084,frame,-79
691.33541172,child7,69084,frame,-92
691.337209177,child5,69084,frame,-104
691.33897626,child10,69084,frame,-77
691.346679258,child2,69084,frame,28
691.3477455909999,child6,69084,frame,-70
691.353063757,child3,69084,frame,-83
691.3548552980001,child9,69084,frame,-102
701.3568899720001,child3,70094,frame,56
701.3586633470001,child9,70094,frame,20
701.371995802,child8,70094,frame,-99
701.4054352100001,child1,70094,frame,54
701.405677543,child4,70094,frame,45
701.441036784,child7,70094,frame,31
701.441216951,child5,70094,frame,35
701.4465196990001,child10,70094,frame,58
701.44863124,child2,70094,frame,-68
701.450915865,child6,70094,frame,4
710.44732146,child5,71003,frame,21
710.450877043,child10,71003,frame,-91
710.4530062919999,child6,71003,frame,-77
710.4568974160001,child2,71003,frame,-97
710.4588752069999,child3,71003,frame,-86
710.461843582,child9,71003,frame,-73
710.479171327,child8,71003,frame,45
710.5054734040001,child1,71003,frame,-120
710.51393386,child4,71003,frame,43
710.544572977,child7,71003,frame,-104
720.553059983,child6,72013,frame,141
720.555701524,child10,72013,frame,59
720.556278691,child5,72013,frame,-95
720.561372439,child2,72013,frame,44
720.563988272,child3,72013,frame,2
720.566973688,child9,72013,frame,31
720.586000558,child8,72013,frame,-68
720.6086807190001,child1,72013,frame,-102
720.618901175,child4,72013,frame,-71
720.64477446,child7,72013,frame,54
730.653505007,child7,73023,frame,36
730.658685756,child5,73023,frame,46
730.65988088,child6,73023,frame,1
730.660601089,child10,73023,frame,-68
730.664390421,child2,73023,frame,26
730.6685571700001,child3,73023,frame,-70
730.672396377,child9,73023,frame,30
730.6886925399999,child8,73023,frame,41
730.712043492,child1,73023,frame,141
730.726060322,child4,73023,frame,8
740.7593319050001,child7,74033,frame,-84
740.7662511530001,child5,74033,frame,48
740.766664445,child6,74033,frame,-125
740.768947694,child10,74033,frame,3
740.769546444,child2,74033,frame,-81
740.7759764010001,child3,74033,frame,11
740.780003608,child9,74033,frame,-95
740.7903981889999,child8,74033,frame,-86
740.8171840980001,child1,74033,frame,16
740.830814762,child4,74033,frame,-1
750.865779011,child7,75043,frame,37
750.8717937170001,child6,75043,frame,142
750.872357134,child5,75043,frame,28
750.872908925,child2,75043,frame,44
750.8734554250001,child10,75043,frame,57
750.8802119239999,child3,75043,frame,129
750.8835626309999,child9,75043,frame,31
750.896508253,child8,75043,frame,123
750.922868913,child1,75043,frame,16
750.9366445339999,child4,75043,frame,2
760.970608617,child7,76053,frame,56
760.9734749490001,child6,76053,frame,-125
760.973719158,child5,76053,frame,-97
760.97768899,child2,76053,frame,-81
760.9783861980001,child10,76053,frame,50
760.987178571,child3,76053,frame,-74
760.988084196,child9,76053,frame,-68
761.003985233,child8,76053,frame,-92
761.025052103,child1,76053,frame,18
761.043249848,child4,76053,frame,-92
771.0510890209999,child4,77063,frame,134
771.074567307,child6,77063,frame,36
771.07618314,child7,77063,frame,-72
771.078270264,child5,77063,frame,46
771.0840503879999,child2,77063,frame,42
771.0845985120001,child10,77063,frame,-69
771.091413719,child9,77063,frame,54
771.091864427,child3,77063,frame,12
771.108468631,child8,77063,frame,3
771.126929293,child1,77063,frame,14
781.158380335,child4,78073,frame,-76
781.174464873,child6,78073,frame,9
781.180662496,child7,78073,frame,37
781.186393995,child10,78073,frame,41
781.187015453,child5,78073,frame,-95
781.1873059940001,child2,78073,frame,-1
781.195727659,child9,78073,frame,-87
781.198800575,child3,78073,frame,-121
781.2135154460001,child8,78073,frame,56
781.2320221499999,child1,78073,frame,5
791.263402399,child4,79083,frame,3
791.281534812,child6,79083,frame,8
791.2847959359999,child7,79083,frame,56
791.288943476,child5,79083,frame,127
791.289693101,child10,79083,frame,-67
791.291365934,child2,79083,frame,-2
791.3003281819999,child9,79083,frame,53
791.303709556,child3,79083,frame,153
791.319908677,child8,79083,frame,41
791.338667422,child1,79083,frame,14
801.367833881,child4,80093,frame,133
801.386206501,child7,80093,frame,20
801.392111666,child6,80093,frame,-1
801.39622829,child10,80093,frame,58
801.396520915,child5,80093,frame,-89
801.397406915,child2,80093,frame,177
801.406608496,child9,80093,frame,149
801.410960412,child3,80093,frame,3
801.425816949,child8,80093,frame,58
801.4418233199999,child1,80093,frame,123
810.441920707,child1,81002,frame,-89
810.473713865,child4,81002,frame,-87
810.491735194,child7,81002,frame,-84
810.494799068,child6,81002,frame,-69
810.5005739420001,child5,81002,frame,27
810.503123441,child10,81002,frame,-67
810.503657441,child2,81002,frame,-106
810.511602481,child9,81002,frame,15
810.516205938,child3,81002,frame,55
810.528438143,child8,81002,frame,-94
820.553128978,child1,82012,frame,-72
820.578055805,child4,82012,frame,57
820.595482092,child7,82012,frame,36
820.596944842,child6,82012,frame,24
820.603835007,child5,82012,frame,36
820.606485214,child10,82012,frame,57
820.611156297,child2,82012,frame,-73
820.617213587,child9,82012,frame,-95
820.620232211,child3,82012,frame,-77
820.63222375,child8,82012,frame,41
830.640685339,child8,83022,frame,42
830.66008525,child1,83022,frame,-2
830.686341452,child4,83022,frame,-76
830.697003699,child6,83022,frame,9
830.70117974,child7,83022,frame,41
830.710381988,child5,83022,frame,37
830.710424654,child10,83022,frame,50
830.715491486,child2,83022,frame,52
830.7197439849999,child9,83022,frame,31
830.725624275,child3,83022,frame,57
840.7492878610001,child8,84032,frame,-92
840.761193358,child1,84032,frame,-2
840.7906284329999,child4,84032,frame,57
840.799461598,child6,84032,frame,24
840.804259305,child7,84032,frame,-87
840.8139585939999,child10,84032,frame,-76
840.815795927,child5,84032,frame,-85
840.8172945929999,child2,84032,frame,-73
840.82443155,child9,84032,frame,12
840.832117881,child3,84032,frame,-123
850.856286425,child8,85042,frame,33
850.861352465,child1,85042,frame,-1
850.892670124,child4,85042,frame,-67
850.904536662,child6,85042,frame,9
850.909157495,child7,85042,frame,36
850.916501118,child10,85042,frame,48
850.917726117,child5,85042,frame,54
850.921830616,child2,85042,frame,34
850.926832698,child9,85042,frame,-102
850.9387636949999,child3,85042,frame,10
860.9416495769999,child3,86052,frame,10
860.960601989,child8,86052,frame,-80
860.965765155,child1,86052,frame,-125
860.9975343130001,child4,86052,frame,-1
861.0113030599999,child6,86052,frame,-97
861.013130726,child7,86052,frame,41
861.01773935,child10,86052,frame,-74
861.0201085159999,child5,86052,frame,37
861.0284590140001,child2,86052,frame,52
861.029229514,child9,86052,frame,38
871.049975183,child3,87062,frame,38
871.068977678,child1,87062,frame,141
871.069049095,child8,87062,frame,39
871.104684127,child4,87062,frame,179
871.114627375,child6,87062,frame,149
871.115911583,child7,87062,frame,20
871.122916456,child10,87062,frame,127
871.1248805390001,child5,87062,frame,19
871.131801829,child2,87062,frame,44
871.134295453,child9,87062,frame,22
881.155974205,child3,88072,frame,4
881.170772702,child1,88072,frame,-125
881.176730742,child8,88072,frame,59
881.209697609,child4,88072,frame,-94
881.215754357,child6,88072,frame,9
881.2202395229999,child7,88072,frame,-84
881.2279871869999,child10,88072,frame,-83
881.228480354,child5,88072,frame,31
881.234172727,child2,88072,frame,-214
881.236374518,child9,88072,frame,130
891.2584341459999,child3,89082,frame,4
891.275223183,child1,89082,frame,175
891.2824733479999,child8,89082,frame,39
891.312515049,child4,89082,frame,54
891.3132458819999,child6,89082,frame,8
891.327155128,child7,89082,frame,179
891.334298126,child10,89082,frame,57
891.335850543,child5,89082,frame,15
891.338659459,child2,89082,frame,253
891.339472042,child9,89082,frame,-103
901.342693965,child2,90092,frame,-81
901.344267965,child9,90092,frame,37
901.36412321,child3,90092,frame,11
901.377608332,child1,90092,frame,6
901.3844150799999,child8,90092,frame,-99
901.415539322,child4,90092,frame,-89
901.4163153630001,child6,90092,frame,-126
901.433039859,child7,90092,frame,-120
901.436043692,child10,90092,frame,-83
901.439739483,child5,90092,frame,-111
910.432500954,child6,91001,frame,180
910.437414369,child7,91001,frame,39
910.438623452,child10,91001,frame,57
910.443513118,child5,91001,frame,40
910.446704659,child2,91001,frame,44
910.4498463250001,child9,91001,frame,133
910.467906862,child3,91001,frame,56
910.482958524,child1,91001,frame,1
910.489911981,child8,91001,frame,45
910.5146777660001,child4,91001,frame,44
920.541268226,child6,92011,frame,-195
920.5433518919999,child7,92011,frame,-105
920.545970891,child10,92011,frame,-68
920.548855891,child2,92011,frame,-82
920.549500307,child5,92011,frame,-97
920.551594723,child9,92011,frame,-119
920.57127226,child3,92011,frame,3
920.592056796,child1,92011,frame,-127
920.594108712,child8,92011,frame,-66
920.615252707,child4,92011,frame,-86
930.645848249,child6,93021,frame,17
930.648972081,child7,93021,frame,41
930.651550081,child5,93021,frame,27
930.6523397889999,child10,93021,frame,-85
930.65415258,child2,93021,frame,27
930.654488622,child9,93021,frame,3
930.670966367,child3,93021,frame,-74
930.695520236,child1,93021,frame,139
930.699496235,child8,93021,frame,42
930.7223124789999,child4,93021,frame,54
940.747036731,child6,94031,frame,141
940.749854397,child7,94031,frame,38
940.756818687,child2,94031,frame,44
940.757505853,child5,94031,frame,32
940.757788478,child9,94031,frame,6
940.758124603,child10,94031,frame,136
940.778166056,child3,94031,frame,58
940.798853385,child1,94031,frame,-2
940.8033007170001,child8,94031,frame,57
940.827021794,child4,94031,frame,40
950.8331533,child4,95041,frame,-91
950.851032754,child6,95041,frame,-120
950.853460212,child7,95041,frame,-105
950.860583085,child10,95041,frame,-77
950.8636530010001,child9,95041,frame,6
950.864448917,child5,95041,frame,30
950.869482249,child2,95041,frame,-81
950.883978704,child3,95041,frame,51
950.8984845340001,child1,95041,frame,-81
950.90595474,child8,95041,frame,-100
960.935915865,child4,96051,frame,-124
960.951457695,child6,96051,frame,142
960.957837485,child7,96051,frame,179
960.96357715,child10,96051,frame,136
960.970210315,child9,96051,frame,7
960.971170607,child5,96051,frame,-94
960.975778564,child2,96051,frame,123
960.99070456,child3,96051,frame,-77
961.003827848,child1,96051,frame,131
961.010710305,child8,96051,frame,164
971.040612305,child4,97061,frame,134
971.0560808849999,child6,97061,frame,-125
971.063540174,child7,97061,frame,-119
971.0724235470001,child10,97061,frame,-75
971.07432663,child9,97061,frame,3
971.07579263,child5,97061,frame,1
971.081844878,child2,97061,frame,-123
971.091834167,child3,97061,frame,-68
971.111234162,child1,97061,frame,-89
971.118789785,child8,97061,frame,-80
981.1435470790001,child4,98071,frame,3
981.163612865,child6,98071,frame,142
981.168445989,child7,98071,frame,-69
981.1777300279999,child10,98071,frame,128
981.178335445,child9,98071,frame,6
981.182956985,child5,98071,frame,177
981.187026234,child2,98071,frame,60
981.19648219,child3,98071,frame,127
981.214646936,child1,98071,frame,0
981.22267235,child8,98071,frame,40
991.24827931,child4,99081,frame,55
991.269306096,child6,99081,frame,-204
991.272879929,child7,99081,frame,161
991.27999601,child9,99081,frame,6
991.282245843,child10,99081,frame,-85
991.2876444660001,child5,99081,frame,-104
991.294672423,child2,99081,frame,44
991.2990342549999,child3,99081,frame,-77
991.315441376,child1,99081,frame,125
991.328873789,child8,99081,frame,25
1001.33786167,child8,100091,frame,-83
1001.354158374,child4,100091,frame,-70
1001.372719953,child6,100091,frame,30
1001.374495286,child7,100091,frame,-84
1001.386018533,child9,100091,frame,-104
1001.389291365,child10,100091,frame,41
1001.394259197,child5,100091,frame,36
1001.3979234459999,child2,100091,frame,-81
1001.407237819,child3,100091,frame,-124
1001.416654775,child1,100091,frame,-78
1010.44236028,child8,101000,frame,31
1010.458505401,child4,101000,frame,45
1010.472822064,child6,101000,frame,49
1010.479798895,child7,101000,frame,37
1010.490854267,child9,101000,frame,52
1010.494304725,child10,101000,frame,-80
1010.500999806,child2,101000,frame,25
1010.50129539,child5,101000,frame,16
1010.5093493879999,child3,101000,frame,175
1010.5256453840001,child1,101000,frame,46
1020.52926839,child1,102010,frame,-204
1020.5504895519999,child8,102010,frame,25
1020.56364259,child4,102010,frame,-67
1020.5758699620001,child6,102010,frame,0
1020.581939377,child7,102010,frame,21
1020.5937632069999,child9,102010,frame,14
1020.600035498,child10,102010,frame,41
1020.6042826209999,child2,102010,frame,-82
1020.606267996,child5,102010,frame,-103
1020.6125677030001,child3,102010,frame,-74
1030.628654415,child1,103020,frame,133
1030.660091115,child8,103020,frame,44
1030.6661104050002,child4,103020,frame,9
1030.675373903,child6,103020,frame,17
1030.685975984,child7,103020,frame,41
1030.698222897,child9,103020,frame,15
1030.706443978,child10,103020,frame,-75
1030.711063311,child2,103020,frame,60
1030.711551185,child5,103020,frame,57
1030.718057059,child3,103020,frame,3
1040.731440022,child1,104030,frame,46
1040.7631063889999,child8,104030,frame,9
1040.7728263860001,child4,104030,frame,127
1040.782122009,child6,104030,frame,20
1040.792623798,child7,104030,frame,5
1040.804266586,child9,104030,frame,14
1040.813021251,child10,104030,frame,48
1040.815619334,child5,104030,frame,36
1040.816485125,child2,104030,frame,27
1040.821803707,child3,104030,frame,12
1050.8268070469999,child3,105040,frame,-121
1050.835475628,child1,105040,frame,10
1050.870268661,child8,105040,frame,-83
1050.880794658,child4,105040,frame,50
1050.8891206980002,child6,105040,frame,-109
1050.897408737,child7,105040,frame,-84
1050.908485735,child9,105040,frame,-111
1050.9169773570002,child10,105040,frame,-67
1050.91999494,child2,105040,frame,54
1050.922891273,child5,105040,frame,-104
1060.925777613,child2,106050,frame,35
1060.9270900709998,child5,106050,frame,155
1060.932469695,child3,106050,frame,137
1060.942136776,child1,106050,frame,44
1060.974232642,child8,106050,frame,-99
1060.9849743900002,child4,106050,frame,165
1060.993861471,child6,106050,frame,142
1061.001586969,child7,106050,frame,38
1061.015646257,child9,106050,frame,136
1061.020327339,child10,106050,frame,57
1071.034325593,child2,107060,frame,-89
1071.034600843,child3,107060,frame,-113
1071.035944926,child5,107060,frame,-93
1071.045355299,child1,107060,frame,-88
1071.080140165,child8,107060,frame,39
1071.09168612,child4,107060,frame,-111
1071.094980786,child6,107060,frame,-109
1071.106430825,child7,107060,frame,-120
1071.1216465300001,child9,107060,frame,-111
1071.122215696,child10,107060,frame,-77
1081.130147619,child10,108070,frame,5
1081.136925992,child3,108070,frame,20
1081.1398555330002,child2,108070,frame,52
1081.141445991,child5,108070,frame,-77
1081.146812406,child1,108070,frame,-2
1081.184361396,child8,108070,frame,184
1081.1969360179999,child4,108070,frame,156
1081.199030643,child6,108070,frame,134
1081.2137628889998,child7,108070,frame,179
1081.223292595,child9,108070,frame,31
1091.2303419339999,child9,109080,frame,-111
1091.233746767,child10,109080,frame,10
1091.239103599,child3,109080,frame,4
1091.2424615559999,child5,109080,frame,44
1091.245610639,child2,109080,frame,-106
1091.246293389,child1,109080,frame,52
1091.2918809189998,child8,109080,frame,-117
1091.300309042,child4,109080,frame,-2
1091.303450166,child6,109080,frame,-71
1091.317536496,child7,109080,frame,-120
1101.3251596260002,child7,110090,frame,-84
1101.33102775,child9,110090,frame,17
1101.339478331,child10,110090,frame,3
1101.343994955,child3,110090,frame,24
1101.3476019959999,child5,110090,frame,-83
1101.350401662,child2,110090,frame,52
1101.3533950360002,child1,110090,frame,53
1101.3977716910001,child8,110090,frame,25
1101.405203231,child4,110090,frame,124
1101.406914356,child6,110090,frame,132
1111.4330735649999,child7,111100,frame,36
1111.4362956060002,child9,111100,frame,36
1111.448863603,child3,111100,frame,16
1111.448985936,child10,111100,frame,11
1111.451327144,child2,111100,frame,35
1111.4542960600002,child5,111100,frame,44
1111.464055266,child1,111100,frame,21
1111.499853382,child8,111100,frame,-83
1111.5092246709999,child4,111100,frame,-96
1111.510790087,child6,111100,frame,-117
1120.514983347,child4,112009,frame,28
1120.5378898,child7,112009,frame,55
1120.5405718410002,child9,112009,frame,-103
1120.550141338,child10,112009,frame,2
1120.5538124210002,child3,112009,frame,50
1120.555699837,child2,112009,frame,19
1120.560804252,child5,112009,frame,-89
1120.57179875,child1,112009,frame,37
1120.605563199,child8,112009,frame,170
1120.6130514479999,child6,112009,frame,30
1130.61926412,child4,113019,frame,154
1130.638284199,child7,113019,frame,-71
1130.649620196,child9,113019,frame,53
1130.6544403619998,child3,113019,frame,-113
1130.658852402,child10,113019,frame,11
1130.662656776,child2,113019,frame,36
1130.663944442,child5,113019,frame,-1
1130.671227982,child1,113019,frame,28
1130.713400555,child8,113019,frame,-99
1130.7154903879998,child6,113019,frame,20
1140.71859627,child6,114029,frame,-79
1140.7187735609998,child8,114029,frame,-81
1140.721988644,child4,114029,frame,-116
1140.74247343,child7,114029,frame,-89
1140.755868469,child9,114029,frame,-104
1140.759576634,child3,114029,frame,12
1140.763191883,child10,114029,frame,-77
1140.76856684,child2,114029,frame,-214
1140.768725257,child5,114029,frame,-116
1140.774934589,child1,114029,frame,-226
1150.825613084,child8,115039,frame,25
1150.829383708,child4,115039,frame,157
1150.831556207,child6,115039,frame,134
1150.8517660769999,child7,115039,frame,134
1150.860704783,child9,115039,frame,7
1150.864644866,child10,115039,frame,21
1150.868302906,child3,115039,frame,-98
1150.871054031,child5,115039,frame,29
1150.871957697,child2,115039,frame,130
1150.882504444,child1,115039,frame,179
1160.931996565,child8,116049,frame,42
1160.9322295230002,child4,116049,frame,-71
1160.9350275640002,child6,116049,frame,-86
1160.957648433,child7,116049,frame,-97
1160.9653570149999,child9,116049,frame,-1
1160.96870968,child10,116049,frame,-114
1160.972651221,child2,116049,frame,-99
1160.974637679,child3,116049,frame,28
1160.9750385950001,child5,116049,frame,21
1160.9882453,child1,116049,frame,24
1171.036572421,child6,117059,frame,1
1171.038296337,child4,117059,frame,9
1171.0392150040002,child8,117059,frame,-84
1171.059144624,child7,117059,frame,18
1171.072611495,child10,117059,frame,26
1171.073136162,child9,117059,frame,7
1171.078633035,child2,117059,frame,125
1171.078819244,child3,117059,frame,-97
1171.079493327,child5,117059,frame,16
1171.088277033,child1,117059,frame,-111
1181.1396602779998,child6,118069,frame,54
1181.14330611,child4,118069,frame,125
1181.146285318,child8,118069,frame,39
1181.1644434799998,child7,118069,frame,7
1181.1777904350001,child10,118069,frame,27
1181.179126768,child2,118069,frame,-89
1181.180317392,child9,118069,frame,-81
1181.1816664750002,child5,118069,frame,23
1181.1853939330001,child3,118069,frame,-81
1181.190828181,child1,118069,frame,50
1191.2454052589999,child6,119079,frame,0
1191.246224259,child4,119079,frame,-70
1191.249475841,child8,119079,frame,59
1191.272000669,child7,119079,frame,-80
1191.284213957,child2,119079,frame,-73
1191.285457374,child9,119079,frame,14
1191.286273873,child5,119079,frame,15
1191.28715879,child10,119079,frame,-98
1191.287333373,child3,119079,frame,-66
1191.2978717449998,child1,119079,frame,-97
1201.349062824,child6,120089,frame,6
1201.351866323,child4,120089,frame,47
1201.3565411129998,child8,120089,frame,-100
1201.380585191,child7,120089,frame,141
1201.389259563,child2,120089,frame,50
1201.389662022,child9,120089,frame,23
1201.390167397,child5,120089,frame,41
1201.392800521,child3,120089,frame,12
1201.392985229,child10,120089,frame,-82
1201.4075336,child1,120089,frame,45
1211.454131763,child6,121099,frame,51
1211.4584329699999,child8,121099,frame,181
1211.4587833449998,child4,121099,frame,40
1211.48659563,child7,121099,frame,-198
1211.4956768779998,child9,121099,frame,13
1211.495911919,child2,121099,frame,129
1211.498057044,child3,121099,frame,150
1211.498230502,child10,121099,frame,39
1211.498502252,child5,121099,frame,12
1211.5122114150001,child1,121099,frame,45
1220.514337801,child1,122008,frame,-75
1220.561142122,child8,122008,frame,-76
1220.561487622,child4,122008,frame,50
1220.56172608,child6,122008,frame,-98
1220.58964324,child7,122008,frame,19
1220.5982620300001,child2,122008,frame,-67
1220.5990001129999,child9,122008,frame,-79
1220.600969279,child3,122008,frame,-78
1220.6024584870001,child5,122008,frame,0
1220.603005278,child10,122008,frame,53
1230.607380535,child9,123018,frame,148
1230.609565035,child10,123018,frame,-74
1230.609684201,child3,123018,frame,19
1230.610098743,child5,123018,frame,-1
1230.6133782,child1,123018,frame,28
1230.663052188,child6,123018,frame,48
1230.667677645,child4,123018,frame,41
1230.6681400609998,child8,123018,frame,24
1230.695568679,child7,123018,frame,124
1230.7059303019998,child2,123018,frame,44
1240.7128840999999,child10,124028,frame,4
1240.712985183,child3,124028,frame,10
1240.7132617240002,child2,124028,frame,-91
1240.716865973,child9,124028,frame,-118
1240.717033057,child1,124028,frame,45
1240.721279556,child5,124028,frame,-1
1240.765781919,child6,124028,frame,54
1240.773895292,child4,124028,frame,-97
1240.774688209,child8,124028,frame,-100
1240.801904744,child7,124028,frame,-108
1250.815839873,child10,125038,frame,58
1250.818553997,child2,125038,frame,52
1250.82051408,child3,125038,frame,2
1250.8205953299998,child1,125038,frame,44
1250.8258644119999,child9,125038,frame,-102
1250.826151954,child5,125038,frame,0
1250.866831568,child6,125038,frame,-84
1250.880757565,child8,125038,frame,-2
1250.881263981,child4,125038,frame,155
1250.903753434,child7,125038,frame,24
1260.912058164,child7,126048,frame,5
1260.919860246,child10,126048,frame,-68
1260.921145246,child2,126048,frame,-2
1260.922810287,child3,126048,frame,-114
1260.923201537,child1,126048,frame,-96
1260.933804326,child9,126048,frame,38
1260.934117492,child5,126048,frame,-109
1260.969493692,child6,126048,frame,46
1260.985078396,child8,126048,frame,32
1260.988548395,child4,126048,frame,-121
1271.0139902639999,child7,127058,frame,26
1271.025240802,child1,127058,frame,46
1271.0252857609999,child10,127058,frame,136
1271.025897636,child2,127058,frame,52
1271.028520843,child3,127058,frame,21
1271.038754882,child9,127058,frame,12
1271.0401766319999,child5,127058,frame,14
1271.079649372,child6,127058,frame,48
1271.0893191199998,child8,127058,frame,-74
1271.09556416,child4,127058,frame,154
1281.1221293190001,child7,128068,frame,60
1281.1272159849998,child10,128068,frame,-92
1281.131181817,child2,128068,frame,-107
1281.1318781920002,child1,128068,frame,31
1281.136393358,child3,128068,frame,-113
1281.142231564,child5,128068,frame,13
1281.142620106,child9,128068,frame,31
1281.184946137,child6,128068,frame,-87
1281.195500759,child8,128068,frame,48
1281.198310384,child4,128068,frame,-65
1291.226651293,child7,129078,frame,25
1291.237042832,child2,129078,frame,-73
1291.237574457,child10,129078,frame,-72
1291.238954956,child1,129078,frame,30
1291.239822498,child3,129078,frame,29
1291.248335412,child9,129078,frame,31
1291.2487011619999,child5,129078,frame,15
1291.290574027,child6,129078,frame,5
1291.298506317,child8,129078,frame,33
1291.303921774,child4,129078,frame,129
1301.3095909800002,child4,130088,frame,52
1301.3339690990001,child7,130088,frame,-125
1301.336493682,child1,130088,frame,30
1301.340161597,child10,130088,frame,4
1301.346895054,child3,130088,frame,-81
1301.348087262,child2,130088,frame,138
1301.351165428,child9,130088,frame,-95
1301.356125343,child5,130088,frame,16
1301.390705918,child6,130088,frame,-69
1301.4045274559999,child8,130088,frame,3
1311.410628079,child8,131098,frame,40
1311.414583787,child4,131098,frame,-79
1311.4358666980002,child7,131098,frame,59
1311.438142906,child1,131098,frame,34
1311.445195196,child10,131098,frame,9
1311.451606652,child3,131098,frame,50
1311.45551211,child9,131098,frame,17
1311.456331276,child2,131098,frame,-73
1311.464171524,child5,131098,frame,32
1311.494148642,child6,131098,frame,52
1320.518214719,child4,132007,frame,126
1320.520087843,child8,132007,frame,-80
1320.541930254,child1,132007,frame,-120
1320.5430230040001,child7,132007,frame,18
1320.55280771,child10,132007,frame,60
1320.5572132510001,child3,132007,frame,29
1320.5593811669999,child9,132007,frame,29
1320.5605592910001,child2,132007,frame,47
1320.565618999,child5,132007,frame,-125
1320.597735074,child6,132007,frame,35
1330.6031624050001,child6,133017,frame,-70
1330.624478442,child4,133017,frame,23
1330.625603566,child8,133017,frame,59
1330.646499978,child1,133017,frame,30
1330.65167081,child7,133017,frame,-198
1330.657322559,child10,133017,frame,-67
1330.662973599,child3,133017,frame,-73
1330.667331514,child2,133017,frame,-73
1330.668029639,child9,133017,frame,-211
1330.670744347,child5,133017,frame,29
1340.708565795,child6,134027,frame,55
1340.728657165,child8,134027,frame,-93
1340.730468498,child4,134027,frame,30
1340.7532490340002,child1,134027,frame,48
1340.756411742,child7,134027,frame,34
1340.763365782,child10,134027,frame,56
1340.770672738,child3,134027,frame,3
1340.771837654,child2,134027,frame,6
1340.773058071,child5,134027,frame,29
1340.774715362,child9,134027,frame,180
1350.8127394350001,child6,135037,frame,55
1350.833831222,child4,135037,frame,6
1350.837151888,child8,135037,frame,49
1350.8542139669999,child1,135037,frame,-112
1350.860104549,child7,135037,frame,13
1350.8682943800002,child10,135037,frame,-65
1350.874234628,child3,135037,frame,58
1350.880066002,child2,135037,frame,5
1350.881387627,child9,135037,frame,21
1350.881647627,child5,135037,frame,16
1360.9177237,child6,136047,frame,-70
1360.940862778,child4,136047,frame,15
1360.943380986,child8,136047,frame,-73
1360.955448233,child1,136047,frame,29
1360.965802563,child7,136047,frame,34
1360.9747385609999,child10,136047,frame,21
1360.97999881,child3,136047,frame,-68
1360.982706601,child2,136047,frame,-67
1360.986630725,child5,136047,frame,-110
1360.987263975,child9,136047,frame,-86
1371.016133425,child6,137057,frame,10
1371.048764959,child8,137057,frame,48
1371.049545417,child4,137057,frame,-2
1371.059258706,child1,137057,frame,28
1371.070438328,child7,137057,frame,-86
1371.0774943679999,child10,137057,frame,12
1371.087752616,child3,137057,frame,58
1371.0886389490001,child2,137057,frame,14
1371.089457949,child9,137057,frame,55
1371.094809572,child5,137057,frame,-76
1381.117339191,child6,138067,frame,55
1381.152909099,child8,138067,frame,128
1381.1544420149999,child4,138067,frame,6
1381.169983845,child1,138067,frame,29
1381.173313844,child7,138067,frame,163
1381.18214505,child10,138067,frame,3
1381.192674631,child9,138067,frame,-71
1381.192709506,child2,138067,frame,5
1381.193104172,child3,138067,frame,39
1381.198362338,child5,138067,frame,169
1391.202544753,child5,139077,frame,-95
1391.202958253,child2,139077,frame,22
1391.2218612899999,child6,139077,frame,40
1391.256786114,child8,139077,frame,-93
1391.258864822,child4,139077,frame,7
1391.274996068,child1,139077,frame,-97
1391.276495776,child7,139077,frame,-100
1391.289916731,child10,139077,frame,3
1391.297680396,child3,139077,frame,-205
1391.2979445209999,child9,139077,frame,-69
1401.303627311,child9,140087,frame,174
1401.3058240179998,child5,140087,frame,47
1401.308848726,child2,140087,frame,183
1401.331050679,child6,140087,frame,39
1401.362464171,child8,140087,frame,49
1401.364374337,child4,140087,frame,133
1401.3795410829998,child7,140087,frame,31
1401.3801819579999,child1,140087,frame,47
1401.395140871,child10,140087,frame,128
1401.401835744,child3,140087,frame,13
1411.409644075,child9,141097,frame,-72
1411.40975645,child3,141097,frame,18
1411.4129987830001,child5,141097,frame,29
1411.413422991,child2,141097,frame,-190
1411.43598261,child6,141097,frame,-88
1411.468956977,child8,141097,frame,-76
1411.46987981,child4,141097,frame,-81
1411.482766057,child1,141097,frame,-96
1411.484450807,child7,141097,frame,-77
1411.4997493439998,child10,141097,frame,-85
1420.5023802179999,child10,142006,frame,-70
1420.5116426329998,child9,142006,frame,15
1420.518643464,child5,142006,frame,16
1420.519139506,child3,142006,frame,51
1420.5198415890002,child2,142006,frame,8
1420.537452668,child6,142006,frame,20
1420.571244784,child8,142006,frame,52
1420.576653116,child4,142006,frame,131
1420.587066614,child1,142006,frame,175
1420.5881021139999,child7,142006,frame,140
1430.5927598619999,child7,143016,frame,-101
1430.6065571089998,child10,143016,frame,11
1430.61563544,child9,143016,frame,-70
1430.622452146,child2,143016,frame,59
1430.624530604,child5,143016,frame,-94
1430.630229728,child3,143016,frame,5
1430.640757975,child6,143016,frame,-84
1430.675857425,child8,143016,frame,34
1430.6814368809999,child4,143016,frame,-90
1430.691108879,child1,143016,frame,-95
1440.693042628,child1,144026,frame,31
1440.6966371269998,child7,144026,frame,40
1440.711967957,child10,144026,frame,3
1440.7224670790001,child9,144026,frame,50
1440.7263844949998,child2,144026,frame,-117
1440.733092951,child5,144026,frame,128
1440.736050909,child3,144026,frame,12
1440.743624699,child6,144026,frame,179
1440.776592857,child8,144026,frame,-75
1440.785843397,child4,144026,frame,43
1450.793918519,child1,145036,frame,-95
1450.803923892,child7,145036,frame,-103
1450.819938888,child10,145036,frame,-122
1450.824334595,child9,145036,frame,55
1450.83203751,child2,145036,frame,-112
1450.837332842,child5,145036,frame,22
1450.8427483399998,child3,145036,frame,-119
1450.850002922,child6,145036,frame,-100
1450.88407058,child8,145036,frame,33
1450.891173536,child4,145036,frame,35
1460.893406119,child1,146046,frame,172
1460.8970885350002,child4,146046,frame,26
1460.906745532,child7,146046,frame,42
1460.923111153,child10,146046,frame,-105
1460.927563944,child9,146046,frame,-71
1460.939426191,child2,146046,frame,154
1460.9419293150002,child5,146046,frame,7
1460.950892104,child3,146046,frame,29
1460.957041478,child6,146046,frame,51
1460.9920750519998,child8,146046,frame,32
1470.997742759,child8,147056,frame,-2
1470.999680717,child4,147056,frame,21
1471.003857674,child1,147056,frame,-78
1471.008632006,child7,147056,frame,36
1471.030842501,child9,147056,frame,56
1471.031483584,child10,147056,frame,160
1471.0448494559998,child2,147056,frame,-66
1471.046829872,child5,147056,frame,23
1471.057946286,child3,147056,frame,35
1471.06108941,child6,147056,frame,32
1481.1033513569998,child4,148066,frame,11
1481.103452857,child8,148066,frame,33
1481.111044897,child7,148066,frame,-83
1481.11868927,child1,148066,frame,29
1481.1349122240001,child9,148066,frame,-105
1481.137253224,child10,148066,frame,2
1481.149621304,child2,148066,frame,23
1481.15024572,child5,148066,frame,8
1481.1642432170001,child6,148066,frame,-93
1481.1645898,child3,148066,frame,-114
1491.2084653719999,child8,149076,frame,33
1491.209816455,child4,149076,frame,22
1491.215940412,child7,149076,frame,162
1491.222758035,child1,149076,frame,28
1491.238374073,child9,149076,frame,9
1491.240543989,child10,149076,frame,36
1491.255014485,child5,149076,frame,25
1491.256235443,child2,149076,frame,45
1491.263626733,child6,149076,frame,172
1491.268210857,child3,149076,frame,152
1501.314066804,child8,150086,frame,-213
1501.314560428,child4,150086,frame,-119
1501.319562344,child7,150086,frame,-224
1501.326233592,child1,150086,frame,-111
1501.341127838,child9,150086,frame,-125
1501.3494682110002,child10,150086,frame,-97
1501.361515042,child5,150086,frame,-120
1501.363743583,child2,150086,frame,-104
1501.364814333,child6,150086,frame,-234
1501.371978247,child3,150086,frame,-114
1511.420262152,child4,151096,frame,157
1511.423445692,child7,151096,frame,7
1511.424766442,child8,151096,frame,48
1511.428722233,child1,151096,frame,45
1511.443379771,child9,151096,frame,145
1511.4544389349999,child10,151096,frame,34
1511.465934348,child2,151096,frame,19
1511.467285265,child5,151096,frame,19
1511.476145429,child3,151096,frame,14
1511.477805012,child6,151096,frame,45
1520.4880775929998,child6,152005,frame,13
1520.523309959,child4,152005,frame,-104
1520.527384999,child7,152005,frame,35
1520.530835249,child8,152005,frame,52
1520.5318224979999,child1,152005,frame,36
1520.547534494,child9,152005,frame,20
1520.558331075,child10,152005,frame,24
1520.570121447,child2,152005,frame,36
1520.572415446,child5,152005,frame,180
1520.5802022780001,child3,152005,frame,134
1530.585795609,child3,153015,frame,21
1530.594746982,child6,153015,frame,48
1530.6270065570002,child4,153015,frame,14
1530.634932805,child7,153015,frame,128
1530.635690055,child8,153015,frame,-72
1530.637555805,child1,153015,frame,28
1530.652924968,child9,153015,frame,0
1530.661705965,child10,153015,frame,-89
1530.67462217,child2,153015,frame,30
1530.680578252,child5,153015,frame,-70
1540.68822225,child5,154025,frame,-1
1540.6900444990001,child3,154025,frame,-119
1540.696480206,child6,154025,frame,31
1540.734462947,child4,154025,frame,14
1540.7385600290002,child1,154025,frame,14
1540.7387261959998,child8,154025,frame,172
1540.7408848619998,child7,154025,frame,22
1540.756241608,child9,154025,frame,8
1540.767806605,child10,154025,frame,160
1540.776163561,child2,154025,frame,13
1550.791236807,child5,155035,frame,17
1550.795255223,child3,155035,frame,20
1550.797291806,child6,155035,frame,-73
1550.836254421,child1,155035,frame,28
1550.839733253,child4,155035,frame,14
1550.8474899599998,child8,155035,frame,-74
1550.850554709,child7,155035,frame,-84
1550.863070331,child9,155035,frame,1
1550.873747161,child10,155035,frame,-202
1550.881944368,child2,155035,frame,13
1560.890008782,child2,156045,frame,20
1560.898041988,child5,156045,frame,59
1560.9010468210001,child3,156045,frame,21
1560.9022538620002,child6,156045,frame,47
1560.939573228,child4,156045,frame,13
1560.942164227,child1,156045,frame,16
1560.954244891,child8,156045,frame,39
1560.954957016,child7,156045,frame,38
1560.968338804,child9,156045,frame,-72
1560.9796102179998,child10,156045,frame,171
1570.988993757,child10,157055,frame,-98
1570.996027922,child2,157055,frame,22
1571.0005096710001,child5,157055,frame,-73
1571.0049658359999,child6,157055,frame,-93
1571.00949296,child3,157055,frame,6
1571.0449723259999,child1,157055,frame,-110
1571.046009576,child4,157055,frame,32
1571.05762149,child8,157055,frame,42
1571.060988447,child7,157055,frame,-84
1571.074137902,child9,157055,frame,7
1581.09309823,child10,158065,frame,43
1581.10150002,child2,158065,frame,-104
1581.109032476,child6,158065,frame,1
1581.109567976,child5,158065,frame,0
1581.116013725,child3,158065,frame,-104
1581.1497948410001,child1,158065,frame,31
1581.1540235900002,child4,158065,frame,-114
1581.160108838,child8,158065,frame,-193
1581.1665136289998,child7,158065,frame,8
1581.175973293,child9,158065,frame,8
1591.201683536,child10,159075,frame,27
1591.204595827,child2,159075,frame,-120
1591.2114760749998,child5,159075,frame,45
1591.214103575,child6,159075,frame,38
1591.2195606980001,child3,159075,frame,21
1591.253130023,child1,159075,frame,15
1591.2589155629998,child4,159075,frame,138
1591.263151104,child8,159075,frame,166
1591.27326281,child7,159075,frame,31
1591.278369892,child9,159075,frame,-69
1601.285171473,child9,160085,frame,15
1601.30534176,child10,160085,frame,-97
1601.309381425,child2,160085,frame,35
1601.313675549,child6,160085,frame,-84
1601.315181299,child5,160085,frame,-68
1601.32533938,child3,160085,frame,19
1601.356969538,child1,160085,frame,-92
1601.36503212,child8,160085,frame,-101
1601.36545812,child4,160085,frame,11
1601.378081366,child7,160085,frame,-85
1611.3877376550001,child9,161095,frame,1
1611.409756691,child10,161095,frame,41
1611.41315744,child6,161095,frame,177
1611.418888189,child2,161095,frame,162
1611.419152731,child5,161095,frame,128
1611.430194728,child3,161095,frame,32
1611.4563497210002,child1,161095,frame,154
1611.467793844,child8,161095,frame,59
1611.468948093,child4,161095,frame,-2
1611.482653256,child7,161095,frame,38
1620.4771730490002,child8,162004,frame,31
1620.485569297,child7,162004,frame,-71
1620.491308462,child9,162004,frame,-68
1620.510437166,child10,162004,frame,-1
1620.512814249,child6,162004,frame,-104
1620.524585121,child5,162004,frame,-216
1620.525621787,child2,162004,frame,-109
1620.5316258690002,child3,162004,frame,52
1620.5595595700001,child1,162004,frame,-102
1620.5737704829999,child4,162004,frame,-106
1630.580214148,child4,163014,frame,13
1630.584849855,child8,163014,frame,-85
1630.5910791869999,child7,163014,frame,-1
1630.5978332690001,child9,163014,frame,31
1630.616411514,child10,163014,frame,-79
1630.6202058049998,child6,163014,frame,55
1630.628358803,child2,163014,frame,19
1630.62986826,child5,163014,frame,6
1630.637779425,child3,163014,frame,-112
1630.66358821,child1,163014,frame,28
1640.684907413,child4,164024,frame,136
1640.690469162,child8,164024,frame,60
1640.694554036,child7,164024,frame,11
1640.698273535,child9,164024,frame,31
1640.720898279,child10,164024,frame,35
1640.724822278,child6,164024,frame,60
1640.732029068,child2,164024,frame,37
1640.734095651,child5,164024,frame,7
1640.74165919,child3,164024,frame,154
1640.7647791850002,child1,164024,frame,28
1650.791251678,child4,165034,frame,-67
1650.7924533859998,child8,165034,frame,-85
1650.800523592,child7,165034,frame,15
1650.8029228,child9,165034,frame,4
1650.829316668,child10,165034,frame,-73
1650.8295740429999,child6,165034,frame,-87
1650.839468832,child2,165034,frame,-213
1650.839735499,child5,165034,frame,15
1650.851678787,child3,165034,frame,-112
1650.868293325,child1,165034,frame,-97
1660.895651818,child4,166044,frame,7
1660.8978915250002,child8,166044,frame,136
1660.9052449399999,child7,166044,frame,54
1660.9095369810002,child9,166044,frame,23
1660.934774725,child6,166044,frame,-84
1660.9349398499999,child10,166044,frame,175
1660.943496056,child5,166044,frame,133
1660.9436610139999,child2,166044,frame,256
1660.957893302,child3,166044,frame,28
1660.972957965,child1,166044,frame,29
1671.00375004,child4,167054,frame,52
1671.0058279979999,child8,167054,frame,-108
1671.010207414,child7,167054,frame,3
1671.0131710379999,child9,167054,frame,-101
1671.039763615,child6,167054,frame,46
1671.0445328629999,child10,167054,frame,-89
1671.049097779,child2,167054,frame,-114
1671.049282862,child5,167054,frame,-117
1671.061802942,child3,167054,frame,13
1671.0738948560002,child1,167054,frame,28
1681.0792073540001,child1,168064,frame,29
1681.109090847,child4,168064,frame,-65
1681.1117077210001,child8,168064,frame,47
1681.1138395120001,child7,168064,frame,-73
1681.121491844,child9,168064,frame,31
1681.141622589,child6,168064,frame,48
1681.145763171,child10,168064,frame,51
1681.149815128,child5,168064,frame,14
1681.153076877,child2,168064,frame,30
1681.168849832,child3,168064,frame,-112
1691.186028952,child1,169074,frame,-110
1691.214604653,child4,169074,frame,131
1691.215780278,child8,169074,frame,-74
1691.219318652,child7,169074,frame,11
1691.228368775,child9,169074,frame,139
1691.2456380620001,child6,169074,frame,31
1691.2471174369998,child10,169074,frame,18
1691.255068643,child5,169074,frame,132
1691.258477184,child2,169074,frame,29
1691.272778597,child3,169074,frame,154
1701.2911803,child1,170084,frame,47
1701.320378335,child8,170084,frame,-77
1701.3206695850001,child4,170084,frame,-73
1701.3234688339999,child7,170084,frame,141
1701.334997539,child9,170084,frame,-109
1701.351349952,child6,170084,frame,-77
1701.35153441,child10,170084,frame,37
1701.362583657,child5,170084,frame,-118
1701.364123907,child2,170084,frame,45
1701.377572737,child3,170084,frame,-112
1711.38359711,child3,171094,frame,32
1711.392483025,child1,171094,frame,31
1711.4240216,child8,171094,frame,126
1711.425659016,child4,171094,frame,-78
1711.4297950569999,child7,171094,frame,-89
1711.439548804,child9,171094,frame,20
1711.454530676,child6,171094,frame,0
1711.458362925,child10,171094,frame,34
1711.465544423,child5,171094,frame,124
1711.469304255,child2,171094,frame,-115
1720.469480505,child5,172003,frame,-88
1720.4706700460001,child2,172003,frame,163
1720.490270083,child3,172003,frame,56
1720.494675915,child1,172003,frame,38
1720.5282326150002,child8,172003,frame,0
1720.531592073,child4,172003,frame,15
1720.536587571,child7,172003,frame,53
1720.545154444,child9,172003,frame,58
1720.557169025,child6,172003,frame,139
1720.565326064,child10,172003,frame,11
1730.573270228,child10,173013,frame,-106
1730.573381978,child5,173013,frame,134
1730.576969186,child2,173013,frame,-96
1730.595769931,child1,173013,frame,30
1730.600086847,child3,173013,frame,26
1730.6334073799999,child8,173013,frame,48
1730.633846922,child4,173013,frame,6
1730.6396765030001,child7,173013,frame,38
1730.651485959,child9,173013,frame,-2
1730.6576295409998,child6,173013,frame,60
1740.676325411,child5,174023,frame,-215
1740.67648666,child10,174023,frame,19
1740.685240617,child2,174023,frame,-67
1740.702430071,child1,174023,frame,-109
1740.7053246530002,child3,174023,frame,-68
1740.738075895,child8,174023,frame,33
1740.738270603,child4,174023,frame,16
1740.7457802259999,child7,174023,frame,-76
1740.753854516,child9,174023,frame,15
1740.758386432,child6,174023,frame,-226
1750.7790247589999,child5,175033,frame,138
1750.779635218,child10,175033,frame,35
1750.79054509,child2,175033,frame,48
1750.8090489600002,child3,175033,frame,-104
1750.815847459,child1,175033,frame,30
1750.8414921190001,child8,175033,frame,-127
1750.8433049930002,child4,175033,frame,-67
1750.849408492,child7,175033,frame,46
1750.8580713229999,child9,175033,frame,16
1750.8662184880002,child6,175033,frame,40
1760.873464027,child6,176043,frame,39
1760.88293015,child10,176043,frame,2
1760.8841836079998,child5,176043,frame,-78
1760.901141062,child2,176043,frame,29
1760.9145921420002,child3,176043,frame,37
1760.9270710140001,child1,176043,frame,49
1760.9453449260002,child8,176043,frame,172
1760.946853509,child4,176043,frame,11
1760.954368173,child7,176043,frame,57
1760.964272546,child9,176043,frame,0
1770.9703872110001,child9,177053,frame,-80
1770.984107041,child6,177053,frame,40
1770.985756665,child10,177053,frame,21
1770.994502955,child5,177053,frame,-72
1771.006969618,child2,177053,frame,30
1771.019306615,child3,177053,frame,20
1771.030492112,child1,177053,frame,-98
1771.048629274,child8,177053,frame,-74
1771.0547832309999,child4,177053,frame,4
1771.058339564,child7,177053,frame,-210
1781.079188058,child9,178063,frame,23
1781.083156015,child6,178063,frame,39
1781.0897430549999,child10,178063,frame,20
1781.09805447,child5,178063,frame,33
1781.113504008,child2,178063,frame,11
1781.124299463,child3,178063,frame,-88
1781.129639337,child1,178063,frame,29
1781.152648623,child8,178063,frame,33
1781.1597599539998,child4,178063,frame,20
1781.164629578,child7,178063,frame,169
1791.184485073,child9,179073,frame,-117
1791.188821238,child6,179073,frame,-101
1791.195891612,child10,179073,frame,-106
1791.200389902,child5,179073,frame,-65
1791.219764231,child2,179073,frame,-218
1791.2295951449998,child3,179073,frame,-88
1791.235867893,child1,179073,frame,-222
1791.2538315969998,child8,179073,frame,-233
1791.2672504690001,child4,179073,frame,-113
1791.26942426,child7,179073,frame,-67
1801.273898967,child4,180083,frame,18
1801.2761181330002,child7,180083,frame,-87
1801.289276088,child9,180083,frame,24
1801.2902061290001,child6,180083,frame,-74
1801.301460001,child5,180083,frame,147
1801.304065751,child10,180083,frame,35
1801.3254018290002,child2,180083,frame,169
1801.333735243,child3,180083,frame,53
1801.3394632000002,child1,180083,frame,248
1801.357256362,child8,180083,frame,136
1811.377307065,child4,181093,frame,23
1811.378880648,child7,181093,frame,134
1811.391345312,child6,181093,frame,185
1811.392954853,child9,181093,frame,153
1811.4072856,child5,181093,frame,58
1811.409440516,child10,181093,frame,34
1811.432718968,child2,181093,frame,45
1811.438996383,child3,181093,frame,57
1811.444184465,child1,181093,frame,38
1811.461111128,child8,181093,frame,40
1820.4661552510001,child8,182002,frame,-80
1820.479140039,child7,182002,frame,-90
1820.4817496219998,child4,182002,frame,40
1820.492882578,child6,182002,frame,-98
1820.4963799099999,child9,182002,frame,31
1820.5098826570002,child5,182002,frame,-67
1820.514303989,child10,182002,frame,10
1820.532998151,child2,182002,frame,5
1820.542641149,child3,182002,frame,30
1820.546322398,child1,182002,frame,43
1830.567551475,child8,183012,frame,136
1830.5864012200002,child7,183012,frame,3
1830.5867835949998,child4,183012,frame,-103
1830.5938360520001,child6,183012,frame,32
1830.598568259,child9,183012,frame,9
1830.61485913,child5,183012,frame,53
1830.618307796,child10,183012,frame,128
1830.637312458,child2,183012,frame,22
1830.644091206,child1,183012,frame,21
1830.6450931220002,child3,183012,frame,51
1840.669930574,child8,184022,frame,-100
1840.6900660689998,child4,184022,frame,29
1840.692344277,child7,184022,frame,8
1840.698555067,child6,184022,frame,-218
1840.705638815,child9,184022,frame,-117
1840.71996352,child5,184022,frame,-108
1840.722167269,child10,184022,frame,-246
1840.739334598,child2,184022,frame,-104
1840.748947096,child1,184022,frame,-106
1840.75157797,child3,184022,frame,-91
1850.77198959,child8,185032,frame,56
1850.7957091669998,child4,185032,frame,31
1850.795856292,child7,185032,frame,124
1850.799638125,child6,185032,frame,250
1850.808787789,child9,185032,frame,148
1850.82285791,child5,185032,frame,130
1850.827655243,child10,185032,frame,161
1850.841819947,child2,185032,frame,37
1850.852368736,child1,185032,frame,40
1850.857165444,child3,185032,frame,51
1860.873714439,child8,186042,frame,-2
1860.899379141,child7,186042,frame,-84
1860.902352348,child6,186042,frame,41
1860.904136015,child4,186042,frame,-96
1860.913999971,child9,186042,frame,-83
1860.926290009,child5,186042,frame,-80
1860.932986757,child10,186042,frame,-106
1860.946172421,child2,186042,frame,18
1860.957796335,child1,186042,frame,23
1860.957980126,child3,186042,frame,51
1870.9635457079999,child3,187052,frame,18
1870.976772204,child8,187052,frame,48
1871.0027550309999,child6,187052,frame,-87
1871.00614928,child7,187052,frame,53
1871.007029822,child4,187052,frame,46
1871.018342527,child9,187052,frame,134
1871.031083357,child5,187052,frame,53
1871.0408655630001,child10,187052,frame,161
1871.050703144,child2,187052,frame,37
1871.058815976,child1,187052,frame,24
1881.069831556,child3,188062,frame,20
1881.081269511,child8,188062,frame,34
1881.107820713,child6,188062,frame,41
1881.111732379,child7,188062,frame,57
1881.112333545,child4,188062,frame,30
1881.123205667,child9,188062,frame,-86
1881.1326602479999,child5,188062,frame,-86
1881.145139328,child10,188062,frame,2
1881.153851201,child2,188062,frame,5
1881.162869032,child1,188062,frame,-71
1891.165452698,child1,189072,frame,41
1891.1747878620001,child3,189072,frame,-104
1891.184087735,child8,189072,frame,-100
1891.214066019,child6,189072,frame,-82
1891.2165444769998,child7,189072,frame,-85
1891.218297226,child4,189072,frame,-77
1891.225609058,child9,189072,frame,46
1891.239114304,child5,189072,frame,0
1891.2497406349999,child10,189072,frame,-121
1891.2565418,child2,189072,frame,22
1901.2623465899999,child2,190082,frame,3
1901.265920297,child1,190082,frame,20
1901.2771763780001,child3,190082,frame,37
1901.28834775,child8,190082,frame,164
1901.316976826,child6,190082,frame,180
1901.317866451,child4,190082,frame,42
1901.324874949,child7,190082,frame,44
1901.330126656,child9,190082,frame,38
1901.346752985,child5,190082,frame,25
1901.35470315,child10,190082,frame,1
1911.3656537299998,child2,191092,frame,21
1911.368291688,child1,191092,frame,-104
1911.382033434,child3,191092,frame,34
1911.394160181,child8,191092,frame,-97
1911.417808342,child4,191092,frame,45
1911.420031217,child6,191092,frame,-103
1911.42600184,child7,191092,frame,47
1911.432754297,child9,191092,frame,51
1911.45200475,child5,191092,frame,-67
1911.460722123,child10,191092,frame,21
1920.4560167070001,child5,192001,frame,0
1920.4659589130001,child10,192001,frame,24
1920.467649704,child1,192001,frame,170
1920.472224536,child2,192001,frame,-110
1920.4826149510002,child3,192001,frame,10
1920.497149572,child8,192001,frame,-87
1920.5211518580002,child4,192001,frame,-78
1920.523175982,child6,192001,frame,21
1920.53250173,child7,192001,frame,-111
1920.536049354,child9,192001,frame,23
1930.564113846,child5,193011,frame,-1
1930.568253054,child10,193011,frame,3
1930.5704422200001,child1,193011,frame,-121
1930.5737465939999,child2,193011,frame,22
1930.586278091,child3,193011,frame,21
1930.5995043369999,child8,193011,frame,33
1930.622980998,child4,193011,frame,44
1930.6281620799998,child6,193011,frame,8
1930.6369621200001,child7,193011,frame,50
1930.642820493,child9,193011,frame,-102
1940.669311611,child5,194021,frame,-109
1940.671191319,child10,194021,frame,20
1940.6742909850002,child2,194021,frame,4
1940.6799175249998,child1,194021,frame,21
1940.692092231,child3,194021,frame,21
1940.703741519,child8,194021,frame,51
1940.726044889,child4,194021,frame,-83
1940.729259471,child6,194021,frame,32
1940.7419517600001,child7,194021,frame,37
1940.743615926,child9,194021,frame,29
1950.770942585,child5,195031,frame,23
1950.774735126,child10,195031,frame,3
1950.7794884579998,child2,195031,frame,21
1950.781385333,child1,195031,frame,20
1950.799041495,child3,195031,frame,20
1950.80723041,child8,195031,frame,-101
1950.829473862,child4,195031,frame,43
1950.8309546950002,child6,195031,frame,-94
1950.8447249839999,child7,195031,frame,-83
1950.847978649,child9,195031,frame,31
1960.85515448,child9,196041,frame,39
1960.874898642,child5,196041,frame,49
1960.876610517,child10,196041,frame,19
1960.881325766,child2,196041,frame,21
1960.886523014,child1,196041,frame,21
1960.903854093,child3,196041,frame,-106
1960.9114491330001,child8,196041,frame,41
1960.933479878,child6,196041,frame,33
1960.9364041269998,child4,196041,frame,-82
1960.9496706650002,child7,196041,frame,55
1970.965605036,child9,197051,frame,-103
1970.97972749,child10,197051,frame,-123
1970.98039774,child5,197051,frame,21
1970.9861180720002,child2,197051,frame,22
1970.991272071,child1,197051,frame,11
1971.006663317,child3,197051,frame,35
1971.014805523,child8,197051,frame,-2
1971.034533477,child6,197051,frame,-76
1971.040373309,child4,197051,frame,-66
1971.0529713049998,child7,197051,frame,-87
1981.059713137,child7,198061,frame,-68
1981.070209426,child9,198061,frame,-85
1981.0864450880001,child5,198061,frame,-104
1981.087271005,child10,198061,frame,21
1981.0888300880001,child2,198061,frame,-121
1981.095790878,child1,198061,frame,-109
1981.117549497,child3,198061,frame,-106
1981.1238994120001,child8,198061,frame,32
1981.135622618,child6,198061,frame,33
1981.14721874,child4,198061,frame,123
1991.155245487,child4,199071,frame,-72
1991.1646015679999,child7,199071,frame,178
1991.174154816,child9,199071,frame,158
1991.188082312,child5,199071,frame,165
1991.189226979,child10,199071,frame,144
1991.1950125609999,child2,199071,frame,162
1991.19743856,child1,199071,frame,30
1991.220523471,child3,199071,frame,160
1991.2267515110002,child8,199071,frame,49
1991.240357966,child6,199071,frame,46
2001.258150628,child4,200081,frame,6
2001.269994,child7,200081,frame,-68
2001.277030956,child9,200081,frame,-85
2001.2931919110001,child10,200081,frame,-121
2001.2947978680002,child5,200081,frame,-110
2001.295903743,child1,200081,frame,16
2001.302449992,child2,200081,frame,-105
2001.3277811100002,child3,200081,frame,-124
2001.333369942,child8,200081,frame,52
2001.348111522,child6,200081,frame,-93
2011.35949781,child4,201091,frame,-125
2011.37239314,child7,201091,frame,55
2011.386476637,child9,201091,frame,51
2011.397204009,child10,201091,frame,18
2011.398588467,child5,201091,frame,47
2011.3990413840002,child1,201091,frame,31
2011.403203341,child2,201091,frame,21
2011.431731542,child3,201091,frame,34
2011.439221123,child8,201091,frame,-108
2011.448788496,child6,201091,frame,45
2020.455524244,child6,202000,frame,28
2020.4649247,child4,202000,frame,161
2020.47814528,child7,202000,frame,28
2020.4939921510002,child9,202000,frame,141
2020.499805025,child5,202000,frame,14
2020.5004652329999,child10,202000,frame,10
2020.501650732,child1,202000,frame,25
2020.505602106,child2,202000,frame,-2
2020.5342215990001,child3,202000,frame,9
2020.542518556,child8,202000,frame,163
2030.548685345,child8,203010,frame,-89
2030.557737676,child6,203010,frame,47
2030.56837859,child4,203010,frame,-127
2030.583446211,child7,203010,frame,-69
2030.6021309980001,child9,203010,frame,3
2030.606682247,child5,203010,frame,-112
2030.607741289,child10,203010,frame,20
2030.612801579,child1,203010,frame,14
2030.613628579,child2,203010,frame,22
2030.638688948,child3,203010,frame,-88
2040.6552376099999,child8,204020,frame,17
2040.660818483,child6,204020,frame,-93
2040.671862397,child4,204020,frame,23
2040.688298601,child7,204020,frame,37
2040.704144097,child9,204020,frame,-102
2040.710075638,child5,204020,frame,30
2040.71573872,child10,204020,frame,-124
2040.715854886,child1,204020,frame,-91
2040.71905901,child2,204020,frame,-104
2040.739463339,child3,204020,frame,53
2050.745990086,child3,205030,frame,37
2050.761465416,child8,205030,frame,-91
2050.766178415,child6,205030,frame,47
2050.775344537,child4,205030,frame,14
2050.793173158,child7,205030,frame,58
2050.8100811950003,child9,205030,frame,38
2050.8123176120002,child5,205030,frame,31
2050.81947111,child1,205030,frame,28
2050.822515734,child10,205030,frame,163
2050.827066858,child2,205030,frame,19
2060.854490017,child3,206040,frame,-89
2060.866515764,child8,206040,frame,-100
2060.870954513,child6,206040,frame,-73
2060.880780427,child4,206040,frame,-119
2060.897505798,child7,206040,frame,-103
2060.915444294,child9,206040,frame,24
2060.918147835,child5,206040,frame,-94
2060.9222649999997,child1,206040,frame,-96
2060.927869249,child10,206040,frame,-123
2060.933039414,child2,206040,frame,39
2070.9568893240003,child3,207050,frame,37
2070.971222446,child8,207050,frame,165
2070.973021362,child6,207050,frame,-79
2070.983754651,child4,207050,frame,-194
2070.999627147,child7,207050,frame,-83
2071.01926435,child9,207050,frame,-74
2071.0237772240002,child5,207050,frame,49
2071.027655848,child1,207050,frame,28
2071.03547068,child2,207050,frame,22
2071.036568638,child10,207050,frame,20
2081.056930966,child3,208060,frame,53
2081.071842337,child6,208060,frame,126
2081.074607336,child8,208060,frame,-82
2081.0884731660003,child4,208060,frame,124
2081.10092708,child7,208060,frame,133
2081.124432699,child9,208060,frame,31
2081.130363697,child5,208060,frame,-80
2081.1330546130002,child1,208060,frame,29
2081.139629487,child2,208060,frame,37
2081.142015653,child10,208060,frame,160
2091.162537897,child3,209070,frame,35
2091.174130019,child6,209070,frame,-86
2091.179422393,child8,209070,frame,-86
2091.191808306,child4,209070,frame,51
2091.205517886,child7,209070,frame,28
2091.230427213,child9,209070,frame,15
2091.2330712959997,child1,209070,frame,-98
2091.2345852119997,child5,209070,frame,46
2091.244381377,child2,209070,frame,4
2091.244518085,child10,209070,frame,-121
2101.2484765,child10,210080,frame,1
2101.253761165,child2,210080,frame,23
2101.264954163,child3,210080,frame,35
2101.274014577,child6,210080,frame,55
2101.2859705739997,child8,210080,frame,166
2101.2950723219997,child4,210080,frame,-89
2101.307326402,child7,210080,frame,50
2101.33450552,child1,210080,frame,45
2101.337338186,child9,210080,frame,14
2101.3379281029997,child5,210080,frame,47
2111.3529162229997,child10,211090,frame,21
2111.358373305,child2,211090,frame,-104
2111.3716912600003,child3,211090,frame,-93
2111.380650216,child6,211090,frame,-72
2111.390310047,child8,211090,frame,-67
2111.4022438360003,child4,211090,frame,6
2111.4119798340002,child7,211090,frame,-97
2111.4360795780003,child1,211090,frame,45
2111.440146993,child9,211090,frame,12
2111.444509326,child5,211090,frame,-80
2121.449876657,child5,212100,frame,46
2121.458499613,child10,212100,frame,19
2121.463707654,child2,212100,frame,36
2121.477122109,child3,212100,frame,32
2121.4857961479997,child6,212100,frame,132
2121.4966630199997,child8,212100,frame,-83
2121.507934684,child4,212100,frame,-2
2121.515750932,child7,212100,frame,49
2121.542830592,child1,212100,frame,-79
2121.545612883,child9,212100,frame,28
2130.547262424,child1,213009,frame,52
2130.5515801730003,child9,213009,frame,-69
2130.55515313,child5,213009,frame,47
2130.56296117,child10,213009,frame,-65
2130.570220501,child2,213009,frame,-1
2130.582204332,child3,213009,frame,-73
2130.591484663,child6,213009,frame,-98
2130.5982814110002,child8,213009,frame,58
2130.6172963649997,child4,213009,frame,13
2130.618055073,child7,213009,frame,-104
2140.653679563,child9,214019,frame,24
2140.654042188,child1,214019,frame,-78
2140.658750395,child5,214019,frame,-79
2140.6681891430003,child10,214019,frame,26
2140.673645433,child2,214019,frame,21
2140.6864232219996,child3,214019,frame,45
2140.697296136,child6,214019,frame,0
2140.703385676,child8,214019,frame,123
2140.7209715470003,child4,214019,frame,13
2140.722832421,child7,214019,frame,128
2150.758760245,child1,215029,frame,46
2150.764308452,child9,215029,frame,5
2150.7664276180003,child5,215029,frame,44
2150.7697382419997,child10,215029,frame,12
2150.779228532,child2,215029,frame,22
2150.7910306119998,child3,215029,frame,-96
2150.801987901,child6,215029,frame,13
2150.809384732,child8,215029,frame,-108
2150.824825687,child4,215029,frame,5
2150.82682927,child7,215029,frame,-85
2160.863246677,child1,216039,frame,46
2160.8673523840002,child9,216039,frame,15
2160.869954883,child5,216039,frame,47
2160.8738899659998,child10,216039,frame,-114
2160.885621838,child2,216039,frame,21
2160.89626596,child3,216039,frame,45
2160.907049082,child6,216039,frame,48
2160.914715122,child8,216039,frame,128
2160.9288568270003,child7,216039,frame,21
2160.929805993,child4,216039,frame,-79
2170.9383760319997,child4,217049,frame,133
2170.9672617339997,child1,217049,frame,46
2170.970372274,child9,217049,frame,139
2170.97600719,child5,217049,frame,157
2170.976933773,child10,217049,frame,276
2170.991696269,child2,217049,frame,4
2171.0019816,child3,217049,frame,44
2171.012158056,child6,217049,frame,54
2171.016546138,child8,217049,frame,25
2171.035072217,child7,217049,frame,50
2181.0389032569997,child7,218059,frame,29
2181.0463656720003,child4,218059,frame,-125
2181.069575166,child1,218059,frame,-76
2181.0753972479997,child9,218059,frame,-125
2181.081953996,child5,218059,frame,-235
2181.085626912,child10,218059,frame,-127
2181.097566284,child2,218059,frame,21
2181.1099137809997,child3,218059,frame,45
2181.117234112,child6,218059,frame,-84
2181.117315945,child8,218059,frame,-117
2191.140855481,child7,219069,frame,50
2191.157516977,child4,219069,frame,8
2191.170541807,child1,219069,frame,169
2191.180949346,child9,219069,frame,14
2191.182709845,child5,219069,frame,128
2191.191812468,child10,219069,frame,137
2191.201079299,child2,219069,frame,22
2191.215397462,child3,219069,frame,45
2191.21839692,child6,219069,frame,54
2191.222911585,child8,219069,frame,59
2201.244879204,child7,220079,frame,-94
2201.2615621170003,child4,220079,frame,7
2201.271573531,child1,220079,frame,-96
2201.289288151,child9,220079,frame,58
2201.291962901,child5,220079,frame,21
2201.2956299,child10,220079,frame,-68
2201.3071696469997,child2,220079,frame,5
2201.3221377269997,child6,220079,frame,41
2201.322652185,child3,220079,frame,-96
2201.3291636,child8,220079,frame,25
2211.352211135,child7,221089,frame,30
2211.365580465,child4,221089,frame,9
2211.374626338,child1,221089,frame,28
2211.3940371249996,child9,221089,frame,7
2211.3942297080002,child5,221089,frame,22
2211.4021970390004,child10,221089,frame,3
2211.412767453,child2,221089,frame,-75
2211.421498826,child6,221089,frame,-79
2211.4257352,child3,221089,frame,170
2211.436910447,child8,221089,frame,9
2221.441535696,child8,222099,frame,27
2221.4611606910003,child7,222099,frame,30
2221.468066856,child4,222099,frame,7
2221.48575931,child1,222099,frame,29
2221.498563556,child9,222099,frame,-66
2221.499191515,child5,222099,frame,21
2221.505574221,child10,222099,frame,58
2221.518091343,child2,222099,frame,13
2221.5265312160004,child6,222099,frame,0
2221.5296441739997,child3,222099,frame,-109
2230.5327434220003,child6,223008,frame,134
2230.537897504,child3,223008,frame,52
2230.5456820860004,child8,223008,frame,-101
2230.570789621,child7,223008,frame,15
2230.573591579,child4,223008,frame,16
2230.58959395,child1,223008,frame,-103
2230.604368155,child9,223008,frame,50
2230.607277154,child5,223008,frame,-68
2230.608859528,child10,223008,frame,45
2230.621983025,child2,223008,frame,-116
2240.6380098120003,child6,224018,frame,-82
2240.642407894,child3,224018,frame,-112
2240.650228768,child8,224018,frame,17
2240.6743117200003,child7,224018,frame,25
2240.679264969,child4,224018,frame,-118
2240.693391423,child1,224018,frame,29
2240.710124628,child9,224018,frame,42
2240.711386086,child5,224018,frame,15
2240.714623501,child10,224018,frame,25
2240.729031414,child2,224018,frame,30
2250.732218247,child2,225028,frame,11
2250.747380868,child6,225028,frame,-85
2250.747480368,child3,225028,frame,29
2250.754216074,child8,225028,frame,44
2250.779642901,child7,225028,frame,7
2250.7798387350003,child4,225028,frame,34
2250.798150647,child1,225028,frame,28
2250.8150367259996,child5,225028,frame,-92
2250.8178958080002,child10,225028,frame,-104
2250.818239475,child9,225028,frame,-72
2260.838571969,child2,226038,frame,155
2260.851266841,child6,226038,frame,55
2260.853024258,child3,226038,frame,154
2260.858770839,child8,226038,frame,25
2260.8811233339998,child7,226038,frame,24
2260.883775667,child4,226038,frame,28
2260.90489437,child1,226038,frame,29
2260.92128449,child5,226038,frame,45
2260.9232413229997,child9,226038,frame,15
2260.9242493230004,child10,226038,frame,58
2270.929936988,child5,227048,frame,14
2270.944494276,child2,227048,frame,13
2270.956037315,child6,227048,frame,40
2270.9615436470003,child3,227048,frame,-112
2270.968570895,child8,227048,frame,26
2270.985528182,child4,227048,frame,14
2270.9856115569996,child7,227048,frame,-101
2271.00795701,child1,227048,frame,-110
2271.0259989220003,child10,227048,frame,-90
2271.028011422,child9,227048,frame,124
2281.031844795,child9,228058,frame,-97
2281.035002794,child5,228058,frame,23
2281.048685874,child2,228058,frame,14
2281.05901658,child6,228058,frame,39
2281.0673563279997,child3,228058,frame,28
2281.07270066,child8,228058,frame,10
2281.088945739,child7,228058,frame,147
2281.092046405,child4,228058,frame,-113
2281.109431317,child1,228058,frame,47
2281.128106021,child10,228058,frame,57
2291.1339206019998,child10,229068,frame,43
2291.1394224339997,child5,229068,frame,-102
2291.140352893,child9,229068,frame,-2
2291.154250389,child2,229068,frame,-67
2291.164138637,child6,229068,frame,-85
2291.170936635,child3,229068,frame,13
2291.17611005,child8,229068,frame,-117
2291.195046296,child7,229068,frame,-115
2291.196621462,child4,229068,frame,29
2291.210584458,child1,229068,frame,-96
2301.239214338,child10,230078,frame,35
2301.243244254,child9,230078,frame,124
2301.244265171,child5,230078,frame,57
2301.257545084,child2,230078,frame,13
2301.267571915,child6,230078,frame,39
2301.272230247,child3,230078,frame,29
2301.2829323280002,child8,230078,frame,43
2301.302302573,child4,230078,frame,29
2301.303669698,child7,230078,frame,5
2301.314035195,child1,230078,frame,47
2311.344711631,child10,231088,frame,-108
2311.346891088,child9,231088,frame,-86
2311.347504047,child5,231088,frame,38
2311.3629020850003,child2,231088,frame,139
2311.368865375,child6,231088,frame,-73
2311.376903331,child3,231088,frame,13
2311.388884786,child8,231088,frame,24
2311.40777949,child7,231088,frame,-99
2311.409234156,child4,231088,frame,-96
2311.418860487,child1,231088,frame,2
2321.446902965,child10,232098,frame,52
2321.451671464,child9,232098,frame,51
2321.452301047,child5,232098,frame,27
2321.470005043,child6,232098,frame,-67
2321.4705969600004,child2,232098,frame,-81
2321.481562665,child3,232098,frame,-109
2321.494922079,child8,232098,frame,-115
2321.516170407,child4,232098,frame,-81
2321.5195504060002,child7,232098,frame,38
2321.5258421129997,child1,232098,frame,37
2330.525819637,child7,233007,frame,15
2330.5304540519996,child1,233007,frame,-82
2330.5539804210002,child10,233007,frame,-81
2330.554570838,child5,233007,frame,14
2330.557544462,child9,233007,frame,-109
2330.569887584,child6,233007,frame,42
2330.5767802070004,child2,233007,frame,-92
2330.585755705,child3,233007,frame,56
2330.601351993,child8,233007,frame,49
2330.615874281,child4,233007,frame,49
2340.621924264,child4,234017,frame,-78
2340.633664178,child7,234017,frame,39
2340.634710595,child1,234017,frame,52
2340.660984671,child10,234017,frame,51
2340.663192963,child5,234017,frame,-110
2340.6644034620003,child9,234017,frame,54
2340.6741525429998,child6,234017,frame,-78
2340.685452749,child2,234017,frame,60
2340.687751915,child3,234017,frame,-114
2340.707524077,child8,234017,frame,-101
2350.724986391,child4,235027,frame,0
2350.740161179,child1,235027,frame,-72
2350.741663095,child7,235027,frame,-103
2350.763193506,child10,235027,frame,-74
2350.768278463,child5,235027,frame,32
2350.770068588,child9,235027,frame,-80
2350.77964321,child6,235027,frame,125
2350.791275458,child2,235027,frame,4
2350.7919702070003,child3,235027,frame,42
2350.8129754519996,child8,235027,frame,167
2360.833681182,child4,236037,frame,8
2360.8452413460004,child1,236037,frame,-73
2360.845942512,child7,236037,frame,41
2360.869154215,child10,236037,frame,175
2360.870717381,child9,236037,frame,131
2360.873163922,child5,236037,frame,48
2360.888445294,child6,236037,frame,-69
2360.897378458,child2,236037,frame,-74
2360.897745958,child3,236037,frame,-115
2360.91687012,child8,236037,frame,-82
2370.941906474,child4,237047,frame,1
2370.945376973,child1,237047,frame,131
2370.946487431,child7,237047,frame,38
2370.974755882,child10,237047,frame,-340
2370.978541506,child9,237047,frame,26
2370.981853505,child5,237047,frame,-95
2370.995763419,child6,237047,frame,8
2371.000511376,child2,237047,frame,16
2371.0038263750002,child3,237047,frame,170
2371.0187114960004,child8,237047,frame,42
2381.0450799329997,child1,238057,frame,45
2381.047796516,child4,238057,frame,133
2381.0528227229997,child7,238057,frame,166
2381.077493258,child10,238057,frame,377
2381.086924381,child9,238057,frame,163
2381.0878617139997,child5,238057,frame,154
2381.097284087,child6,238057,frame,126
2381.1049119179997,child2,238057,frame,130
2381.108892584,child3,238057,frame,154
2381.12048904,child8,238057,frame,167
2391.125932857,child8,239067,frame,-241
2391.152123683,child4,239067,frame,-250
2391.153575308,child1,239067,frame,-206
2391.1572451399998,child7,239067,frame,-226
2391.178317469,child10,239067,frame,-205
2391.1904450909997,child9,239067,frame,-344
2391.191192049,child5,239067,frame,-235
2391.1990430879996,child6,239067,frame,-196
2391.209304086,child2,239067,frame,-199
2391.217771917,child3,239067,frame,-112
2401.231709482,child8,240077,frame,39
2401.255920351,child4,240077,frame,25
2401.2616741829997,child7,240077,frame,21
2401.264399266,child1,240077,frame,133
2401.282039928,child10,240077,frame,58
2401.296945549,child9,240077,frame,249
2401.2978223819996,child5,240077,frame,48
2401.3039883389997,child6,240077,frame,29
2401.317848877,child2,240077,frame,155
2401.3220140010003,child3,240077,frame,-97
2411.3270142769998,child3,241087,frame,154
2411.3408271900003,child8,241087,frame,-82
2411.3601633939998,child4,241087,frame,16
2411.3671586,child7,241087,frame,42
2411.371449933,child1,241087,frame,0
2411.3858508870003,child10,241087,frame,58
2411.398566634,child5,241087,frame,47
2411.3997941760003,child9,241087,frame,21
2411.4107293389998,child6,241087,frame,1
2411.4227368370002,child2,241087,frame,51
2421.424832696,child2,242097,frame,-73
2421.428536237,child3,242097,frame,-107
2421.4500289400003,child8,242097,frame,41
2421.465202519,child4,242097,frame,42
2421.4715525600004,child7,242097,frame,21
2421.474645642,child1,242097,frame,-70
2421.490388555,child10,242097,frame,41
2421.502887927,child9,242097,frame,-105
2421.503484093,child5,242097,frame,1
2421.514886382,child6,242097,frame,131
2430.517380656,child6,243006,frame,28
2430.529029153,child3,243006,frame,58
2430.529801777,child2,243006,frame,1
2430.554235105,child8,243006,frame,31
2430.569568476,child4,243006,frame,14
2430.57949864,child7,243006,frame,34
2430.579731265,child1,243006,frame,-114
2430.592535679,child10,243006,frame,38
2430.6061448,child9,243006,frame,147
2430.6073395079998,child5,243006,frame,146
2440.614048117,child9,244016,frame,-244
2440.6141437829997,child5,244016,frame,-104
2440.619022324,child6,244016,frame,-70
2440.63386907,child2,244016,frame,50
2440.634915612,child3,244016,frame,-112
2440.6583963139997,child8,244016,frame,58
2440.677317101,child4,244016,frame,-111
2440.681393683,child7,244016,frame,-120
2440.685842599,child1,244016,frame,141
2440.697936388,child10,244016,frame,-99
2450.7176622009997,child9,245026,frame,28
2450.717860534,child6,245026,frame,55
2450.7187769089996,child5,245026,frame,40
2450.739195529,child3,245026,frame,136
2450.740980945,child2,245026,frame,-73
2450.7613350240003,child8,245026,frame,25
2450.779483644,child4,245026,frame,29
2450.788729975,child7,245026,frame,42
2450.789200017,child1,245026,frame,54
2450.80152268,child10,245026,frame,41
2460.821139744,child9,246036,frame,46
2460.823196285,child6,246036,frame,-78
2460.8269473259998,child5,246036,frame,23
2460.841113031,child3,246036,frame,-115
2460.847015238,child2,246036,frame,-2
2460.867437066,child8,246036,frame,-100
2460.8828307289996,child4,246036,frame,-95
2460.891023435,child1,246036,frame,0
2460.89207481,child7,246036,frame,-86
2460.9076895559997,child10,246036,frame,-113
2470.9171504970004,child10,247046,frame,129
2470.9260223280003,child9,247046,frame,-2
2470.9282127029996,child6,247046,frame,8
2470.934611243,child5,247046,frame,-86
2470.942169366,child3,247046,frame,-82
2470.954332904,child2,247046,frame,13
2470.969962401,child8,247046,frame,13
2470.986667563,child4,247046,frame,124
2470.990903729,child1,247046,frame,25
2471.001064976,child7,247046,frame,54
2481.021910164,child10,248056,frame,-98
2481.029904954,child9,248056,frame,22
2481.033687703,child6,248056,frame,48
2481.0400597430003,child5,248056,frame,41
2481.043785284,child3,248056,frame,151
2481.057451781,child2,248056,frame,35
2481.074967901,child8,248056,frame,32
2481.093349313,child4,248056,frame,21
2481.100576353,child1,248056,frame,-80
2481.105326352,child7,248056,frame,40
2491.127674332,child10,249066,frame,43
2491.1363756630003,child6,249066,frame,-66
2491.138780037,child9,249066,frame,47
2491.141727912,child5,249066,frame,21
2491.147531618,child3,249066,frame,-112
2491.161227907,child2,249066,frame,-1
2491.183058193,child8,249066,frame,-91
2491.198296648,child4,249066,frame,-103
2491.206722271,child1,249066,frame,6
2491.212717436,child7,249066,frame,23
2501.218849378,child7,250076,frame,41
2501.228303917,child10,250076,frame,42
2501.237829331,child6,250076,frame,47
2501.2443762880002,child9,250076,frame,25
2501.245253538,child5,250076,frame,22
2501.253324827,child3,250076,frame,170
2501.2644996159997,child2,250076,frame,5
2501.290262735,child8,250076,frame,177
2501.300517357,child4,250076,frame,37
2501.3138379790003,child1,250076,frame,6
2511.317687963,child1,251086,frame,-2
2511.3265746690004,child7,251086,frame,-85
2511.336423375,child10,251086,frame,-82
2511.339036708,child6,251086,frame,-70
2511.351522663,child5,251086,frame,-235
2511.353446579,child9,251086,frame,-94
2511.3551681209997,child3,251086,frame,-113
2511.367623743,child2,251086,frame,-2
2511.394790861,child8,251086,frame,-108
2511.404456858,child4,251086,frame,-86
2521.4227767559996,child1,252096,frame,-80
2521.435222753,child7,252096,frame,35
2521.4393960429998,child10,252096,frame,40
2521.4444091670002,child6,252096,frame,6
2521.4573971219997,child5,252096,frame,185
2521.45811358,child9,252096,frame,59
2521.462333579,child3,252096,frame,159
2521.4733083680003,child2,252096,frame,-82
2521.499901528,child8,252096,frame,50
2521.5093794010004,child4,252096,frame,56
2530.515723132,child4,253005,frame,-88
2530.524671921,child1,253005,frame,134
2530.5374315010004,child7,253005,frame,32
2530.542915583,child10,253005,frame,40
2530.551052831,child6,253005,frame,42
2530.561466787,child5,253005,frame,16
2530.563064953,child9,253005,frame,15
2530.5696953270003,child3,253005,frame,-81
2530.5763400329997,child2,253005,frame,133
2530.6049048600003,child8,253005,frame,-87
2540.610553593,child8,254015,frame,173
2540.623465923,child4,254015,frame,55
2540.631344046,child1,254015,frame,-2
2540.6413966689997,child7,254015,frame,22
2540.648039001,child10,254015,frame,42
2540.655105791,child6,254015,frame,1
2540.6626177050002,child5,254015,frame,49
2540.665923496,child9,254015,frame,11
2540.674105994,child3,254015,frame,29
2540.6821276170003,child2,254015,frame,-73
2550.7124115109996,child8,255025,frame,-91
2550.729710341,child4,255025,frame,-86
2550.7349780060003,child1,255025,frame,-2
2550.748014836,child7,255025,frame,26
2550.751796418,child10,255025,frame,-98
2550.758146417,child6,255025,frame,54
2550.770776664,child5,255025,frame,30
2550.773038788,child9,255025,frame,30
2550.778611245,child3,255025,frame,13
2550.790348242,child2,255025,frame,-2
2560.8176673460002,child8,256035,frame,25
2560.834336508,child4,256035,frame,126
2560.835125425,child1,256035,frame,0
2560.851339962,child7,256035,frame,5
2560.8552080450004,child10,256035,frame,51
2560.857539252,child6,256035,frame,-77
2560.877160372,child5,256035,frame,13
2560.8804997049997,child9,256035,frame,22
2560.881857996,child3,256035,frame,-2
2560.895058868,child2,256035,frame,42
2570.921980263,child8,257045,frame,25
2570.935054218,child1,257045,frame,55
2570.938109426,child4,257045,frame,55
2570.954557422,child7,257045,frame,26
2570.955843088,child10,257045,frame,35
2570.958352212,child6,257045,frame,0
2570.982654415,child5,257045,frame,15
2570.986321581,child3,257045,frame,10
2570.986812414,child9,257045,frame,23
2571.00016391,child2,257045,frame,60
2581.03040418,child8,258055,frame,-98
2581.039700427,child1,258055,frame,-79
2581.045487134,child4,258055,frame,-85
2581.056856715,child10,258055,frame,-91
2581.0601594219997,child7,258055,frame,23
2581.061920214,child6,258055,frame,13
2581.0863195409997,child5,258055,frame,16
2581.087009416,child3,258055,frame,59
2581.08990729,child9,258055,frame,4
2581.106246536,child2,258055,frame,-73
2591.1137349359997,child2,259065,frame,-65
2591.136425097,child8,259065,frame,39
2591.14943451,child1,259065,frame,-70
2591.151770676,child4,259065,frame,56
2591.1611375489997,child10,259065,frame,34
2591.167314839,child7,259065,frame,6
2591.168164672,child6,259065,frame,1
2591.1898742920002,child5,259065,frame,33
2591.192218666,child3,259065,frame,-122
2591.192883875,child9,259065,frame,23
2601.217807145,child2,260075,frame,175
2601.241852264,child8,260075,frame,25
2601.2545597609997,child1,260075,frame,17
2601.259453093,child4,260075,frame,-86
2601.265866717,child10,260075,frame,36
2601.27375084,child7,260075,frame,9
2601.27822063,child6,260075,frame,-71
2601.296683709,child5,260075,frame,-82
2601.297869959,child9,260075,frame,-119
2601.298569084,child3,260075,frame,3
2611.321485438,child2,261085,frame,-214
2611.345646265,child8,261085,frame,-81
2611.358513095,child1,261085,frame,-73
2611.366170635,child4,261085,frame,11
2611.3699290510003,child10,261085,frame,-90
2611.375787383,child7,261085,frame,-73
2611.388375796,child6,261085,frame,1
2611.3996332939996,child5,261085,frame,5
2611.403584834,child9,261085,frame,22
2611.403987626,child3,261085,frame,19
2621.406900235,child9,262095,frame,21
2621.4271798140003,child2,262095,frame,262
2621.451259224,child8,262095,frame,150
2621.463634846,child1,262095,frame,139
2621.470029678,child4,262095,frame,-80
2621.4730172609998,child10,262095,frame,175
2621.4816944249997,child7,262095,frame,18
2621.49031434,child6,262095,frame,6
2621.5061672939996,child3,262095,frame,52
2621.506461377,child5,262095,frame,5
2630.5084457760004,child5,263004,frame,-68
2630.509517901,child3,263004,frame,-81
2630.5114074,child9,263004,frame,51
2630.530866729,child2,263004,frame,-106
2630.556991722,child8,263004,frame,-94
2630.568046803,child1,263004,frame,-124
2630.5724825519997,child4,263004,frame,-68
2630.575564843,child10,263004,frame,-94
2630.5862042979998,child7,263004,frame,-69
2630.592229338,child6,263004,frame,49
2640.60067578,child6,264014,frame,9
2640.61202211,child5,264014,frame,141
2640.612679152,child3,264014,frame,13
2640.616813692,child9,264014,frame,-111
2640.633854605,child2,264014,frame,46
2640.663051264,child8,264014,frame,44
2640.671717804,child1,264014,frame,139
2640.678855135,child4,264014,frame,124
2640.6805143849997,child10,264014,frame,35
2640.688383716,child7,264014,frame,150
2650.706410697,child6,265024,frame,0
2650.7170014030003,child5,265024,frame,-126
2650.7170418190003,child3,265024,frame,138
2650.720713027,child9,265024,frame,156
2650.739079647,child2,265024,frame,-81
2650.769314181,child8,265024,frame,26
2650.774978263,child1,265024,frame,-2
2650.782341678,child4,265024,frame,-1
2650.786152011,child10,265024,frame,35
2650.793979134,child7,265024,frame,8
2660.804929199,child7,266034,frame,-198
2660.8107758650003,child6,266034,frame,-107
2660.823022362,child3,266034,frame,-127
2660.823703403,child5,266034,frame,33
2660.829870943,child9,266034,frame,14
2660.844748398,child2,266034,frame,-2
2660.873912141,child8,266034,frame,-83
2660.8760713479996,child1,266034,frame,6
2660.886191513,child4,266034,frame,6
2660.889097304,child10,266034,frame,-108
2670.906264701,child7,267044,frame,158
2670.9169185319997,child6,267044,frame,142
2670.9285597370003,child3,267044,frame,21
2670.9285904040003,child5,267044,frame,13
2670.936021944,child9,267044,frame,-68
2670.946979899,child2,267044,frame,-73
2670.9805410159997,child1,267044,frame,-127
2670.982292599,child8,267044,frame,-100
2670.993202513,child4,267044,frame,0
2670.994532346,child10,267044,frame,37
2680.999306163,child10,268054,frame,-91
2681.0004679129997,child4,268054,frame,-119
2681.011469743,child7,268054,frame,-126
2681.020296908,child6,268054,frame,-125
2681.030665655,child5,268054,frame,16
2681.031807322,child3,268054,frame,6
2681.0408962779998,child9,268054,frame,-103
2681.050516109,child2,268054,frame,34
2681.0857956,child1,268054,frame,6
2681.0859372669997,child8,268054,frame,164
2691.102890039,child4,269064,frame,15
2691.105652747,child10,269064,frame,50
2691.118828285,child6,269064,frame,134
2691.119119369,child7,269064,frame,33
2691.134088157,child3,269064,frame,5
2691.137571281,child5,269064,frame,-118
2691.1462499040003,child9,269064,frame,147
2691.152180735,child2,269064,frame,-120
2691.190215101,child8,269064,frame,-82
2691.190518768,child1,269064,frame,8
2701.206065874,child4,270074,frame,17
2701.208541582,child10,270074,frame,35
2701.223118328,child6,270074,frame,-71
2701.223432786,child7,270074,frame,148
2701.2395028240003,child3,270074,frame,6
2701.242213823,child5,270074,frame,148
2701.248118988,child9,270074,frame,7
2701.258373736,child2,270074,frame,248
2701.293540061,child1,270074,frame,0
2701.294548977,child8,270074,frame,24
2711.3138427490003,child10,271084,frame,50
2711.3141812490003,child4,271084,frame,9
2711.326890371,child6,271084,frame,1
2711.32976762,child7,271084,frame,-72
2711.344558533,child3,271084,frame,11
2711.347274241,child5,271084,frame,-100
2711.3553069890004,child9,271084,frame,52
2711.367161402,child2,271084,frame,-65
2711.3969629370004,child1,271084,frame,16
2711.399251894,child8,271084,frame,42
2721.40219567,child1,272094,frame,125
2721.4056181700003,child8,272094,frame,42
2721.414274668,child4,272094,frame,0
2721.417518833,child10,272094,frame,33
2721.433577996,child6,272094,frame,6
2721.437740578,child7,272094,frame,7
2721.452164033,child3,272094,frame,126
2721.453308075,child5,272094,frame,137
2721.45841224,child9,272094,frame,4
2721.474815861,child2,272094,frame,39
2730.507318502,child1,273003,frame,-122
2730.5116413759997,child8,273003,frame,-94
2730.517818249,child4,273003,frame,11
2730.518462582,child10,273003,frame,13
2730.539283994,child6,273003,frame,49
2730.541895785,child7,273003,frame,1
2730.5591717810003,child3,273003,frame,-115
2730.559910364,child5,273003,frame,0
2730.563017196,child9,273003,frame,-83
2730.5788947339997,child2,273003,frame,58
2740.609431545,child1,274013,frame,141
2740.613583086,child8,274013,frame,41
2740.621182459,child10,274013,frame,-88
2740.6214084999997,child4,274013,frame,16
2740.647937536,child7,274013,frame,25
2740.648434869,child6,274013,frame,-124
2740.664473948,child3,274013,frame,13
2740.6646997810003,child9,274013,frame,14
2740.67114353,child5,274013,frame,-66
2740.685502235,child2,274013,frame,-81
2750.709947547,child1,275023,frame,-125
2750.716434212,child8,275023,frame,-81
2750.72587746,child4,275023,frame,-107
2750.727281418,child10,275023,frame,35
2750.7482366209997,child6,275023,frame,20
2750.755103077,child7,275023,frame,-81
2750.769362657,child3,275023,frame,-2
2750.77214024,child9,275023,frame,60
2750.7807571129997,child5,275023,frame,7
2750.7884619029996,child2,275023,frame,34
2760.7910177199997,child5,276033,frame,133
2760.796970885,child2,276033,frame,38
2760.814555589,child1,276033,frame,142
2760.821639921,child8,276033,frame,25
2760.830244877,child4,276033,frame,32
2760.832550793,child10,276033,frame,34
2760.85294133,child6,276033,frame,142
2760.860810995,child7,276033,frame,26
2760.872083617,child3,276033,frame,123
2760.882420531,child9,276033,frame,-2
2770.898852804,child5,277043,frame,-117
2770.903546011,child2,277043,frame,36
2770.919582632,child1,277043,frame,-80
2770.925492964,child8,277043,frame,182
2770.9373457109996,child4,277043,frame,17
2770.9396702100003,child10,277043,frame,19
2770.958106706,child6,277043,frame,46
2770.9648575789997,child7,277043,frame,7
2770.976249826,child3,277043,frame,-80
2770.9862046989997,child9,277043,frame,45
2780.996816223,child9,278053,frame,-197
2781.004890721,child2,278053,frame,-113
2781.007069304,child5,278053,frame,-72
2781.0224110500003,child1,278053,frame,-73
2781.030738423,child8,278053,frame,-116
2781.043771836,child4,278053,frame,-108
2781.046145544,child10,278053,frame,-106
2781.062712998,child6,278053,frame,-70
2781.072367371,child7,278053,frame,-73
2781.082614202,child3,278053,frame,-73
2791.101906224,child9,279063,frame,14
2791.110359805,child2,279063,frame,34
2791.111438305,child5,279063,frame,13
2791.1259104260002,child1,279063,frame,-2
2791.140744131,child8,279063,frame,-100
2791.1467795460003,child10,279063,frame,35
2791.1504520450003,child4,279063,frame,33
2791.168659124,child6,279063,frame,-70
2791.175250872,child7,279063,frame,34
2791.188739327,child3,279063,frame,-2
2801.191582103,child3,280073,frame,60
2801.20581485,child9,280073,frame,128
2801.214831764,child5,280073,frame,-1
2801.214975722,child2,280073,frame,-87
2801.23057126,child1,280073,frame,-2
2801.2447900899997,child8,280073,frame,59
2801.2473532980002,child10,280073,frame,17
2801.2541437130003,child4,280073,frame,-75
2801.271667667,child6,280073,frame,0
2801.284184997,child7,280073,frame,5
2811.301341769,child3,281083,frame,6
2811.316185474,child9,281083,frame,6
2811.317968849,child5,281083,frame,141
2811.3230053889997,child2,281083,frame,177
2811.336035886,child1,281083,frame,139
2811.352230382,child8,281083,frame,39
2811.35317684,child10,281083,frame,37
2811.364555504,child4,281083,frame,46
2811.372950877,child6,281083,frame,1
2811.389494623,child7,281083,frame,26
2821.395682606,child7,282093,frame,22
2821.409177394,child3,282093,frame,55
2821.420368558,child9,282093,frame,-2
2821.428484515,child2,282093,frame,-89
2821.429139473,child5,282093,frame,-109
2821.439215595,child1,282093,frame,-79
2821.459239674,child10,282093,frame,-92
2821.461469465,child8,282093,frame,25
2821.469682796,child4,282093,frame,45
2821.471351296,child6,282093,frame,24
2830.496233064,child7,283002,frame,1
2830.5135667679997,child3,283002,frame,-97
2830.52271739,child9,283002,frame,-76
2830.532820471,child5,283002,frame,-70
2830.535254596,child2,283002,frame,19
2830.540762678,child1,283002,frame,-117
2830.566199588,child10,283002,frame,32
2830.566223713,child8,283002,frame,-76
2830.5758326269997,child6,283002,frame,16
2830.57913846,child4,283002,frame,-88
2840.5842704019997,child4,284012,frame,45
2840.60423048,child7,284012,frame,15
2840.619828185,child3,284012,frame,58
2840.6273073499997,child9,284012,frame,57
2840.6357739729997,child5,284012,frame,138
2840.640459721,child2,284012,frame,35
2840.6413347629996,child1,284012,frame,131
2840.670385506,child8,284012,frame,24
2840.672701255,child10,284012,frame,34
2840.6822177940003,child6,284012,frame,5
2850.6880927360003,child6,285022,frame,0
2850.690087028,child4,285022,frame,-79
2850.7113889810003,child7,285022,frame,-2
2850.7238133530004,child3,285022,frame,47
2850.735174683,child9,285022,frame,-118
2850.741877306,child5,285022,frame,-112
2850.7443705560004,child1,285022,frame,8
2850.744722806,child2,285022,frame,-89
2850.773459799,child8,285022,frame,-99
2850.780555714,child10,285022,frame,-90
2860.785415364,child10,286032,frame,50
2860.7946506949997,child4,286032,frame,0
2860.79468807,child6,286032,frame,9
2860.815444857,child7,286032,frame,-108
2860.831000144,child3,286032,frame,-72
2860.838182976,child9,286032,frame,155
2860.845884641,child5,286032,frame,16
2860.847730932,child2,286032,frame,52
2860.851195264,child1,286032,frame,0
2860.8794622570003,child8,286032,frame,137
2870.8855141989998,child8,287042,frame,-92
2870.88977574,child10,287042,frame,-108
2870.8988496539996,child6,287042,frame,-125
2870.901854737,child4,287042,frame,-72
2870.922233649,child7,287042,frame,6
2870.934662479,child3,287042,frame,-73
2870.9439686019996,child9,287042,frame,-198
2870.952650224,child5,287042,frame,7
2870.9534105989997,child2,287042,frame,-106
2870.955150849,child1,287042,frame,-196
2880.9914786169998,child8,288052,frame,-74
2880.9997049480003,child10,288052,frame,178
2881.002242406,child6,288052,frame,9
2881.005404196,child4,288052,frame,132
2881.0278271909997,child7,288052,frame,25
2881.041535688,child3,288052,frame,123
2881.0476740609997,child9,288052,frame,60
2881.057863725,child5,288052,frame,7
2881.05797985,child2,288052,frame,52
2881.059432683,child1,288052,frame,141
2891.099368783,child8,289062,frame,172
2891.102976282,child10,289062,frame,-90
2891.1073715730004,child6,289062,frame,133
2891.107966614,child4,289062,frame,-75
2891.1334144,child7,289062,frame,24
2891.1475149380003,child3,289062,frame,-72
2891.1507951870003,child9,289062,frame,22
2891.162895726,child1,289062,frame,17
2891.164073267,child5,289062,frame,-100
2891.164178517,child2,289062,frame,35
2901.203907826,child8,290072,frame,-92
2901.2097401160004,child10,290072,frame,49
2901.2117130740003,child4,290072,frame,126
2901.2160472809996,child6,290072,frame,-71
2901.240262234,child7,290072,frame,6
2901.2518548969997,child3,290072,frame,-2
2901.255183896,child9,290072,frame,148
2901.266060435,child1,290072,frame,-111
2901.26832631,child5,290072,frame,37
2901.268793018,child2,290072,frame,52
2911.3116995339997,child8,291082,frame,3
2911.313578784,child4,291082,frame,-69
2911.315726575,child10,291082,frame,-90
2911.32179899,child6,291082,frame,-103
2911.348335484,child7,291082,frame,-99
2911.3606324390003,child3,291082,frame,4
2911.365575188,child9,291082,frame,-119
2911.372314769,child5,291082,frame,24
2911.373083769,child1,291082,frame,22
2911.3778907260003,child2,291082,frame,19
2921.386446542,child2,292092,frame,-89
2921.416582077,child8,292092,frame,41
2921.419703201,child4,292092,frame,56
2921.420390701,child10,292092,frame,50
2921.4252277,child6,292092,frame,144
2921.452213526,child7,292092,frame,20
2921.463321315,child3,292092,frame,57
2921.472845271,child9,292092,frame,12
2921.476066104,child5,292092,frame,14
2921.477832853,child1,292092,frame,6
2930.4757980030004,child9,293001,frame,176
2930.477394794,child1,293001,frame,24
2930.481758043,child5,293001,frame,16
2930.48902925,child2,293001,frame,175
2930.522512741,child10,293001,frame,44
2930.524349616,child8,293001,frame,45
2930.5248914490003,child6,293001,frame,-76
2930.527542407,child4,293001,frame,45
2930.555294816,child7,293001,frame,159
2930.567608438,child3,293001,frame,37
2940.5769838379997,child1,294011,frame,22
2940.580036045,child9,294011,frame,-330
2940.5846656689996,child5,294011,frame,15
2940.5979029160003,child2,294011,frame,-105
2940.626030742,child6,294011,frame,17
2940.6291701170003,child8,294011,frame,-83
2940.631525074,child10,294011,frame,-108
2940.633519949,child4,294011,frame,-84
2940.659689567,child7,294011,frame,-119
2940.6734626469997,child3,294011,frame,-67
2950.675995257,child3,295021,frame,57
2950.6856165880004,child1,295021,frame,22
2950.687969254,child9,295021,frame,163
2950.688980087,child5,295021,frame,33
2950.704028,child2,295021,frame,18
2950.733203743,child10,295021,frame,53
2950.734860826,child6,295021,frame,16
2950.7365231169997,child8,295021,frame,48
2950.7402625739996,child4,295021,frame,48
2950.765545901,child7,295021,frame,151
2960.781303757,child3,296031,frame,43
2960.790978588,child5,296031,frame,14
2960.794294421,child1,296031,frame,60
2960.794511088,child9,296031,frame,249
2960.8129422499997,child2,296031,frame,146
2960.8395032850003,child10,296031,frame,35
2960.840296868,child8,296031,frame,33
2960.843620825,child4,296031,frame,34
2960.847921574,child6,296031,frame,1
2960.869879027,child7,296031,frame,7
2970.876582219,child7,297041,frame,-73
2970.886642091,child3,297041,frame,-76
2970.895710714,child1,297041,frame,6
2970.895968422,child5,297041,frame,13
2970.897087047,child9,297041,frame,-109
2970.918489334,child2,297041,frame,-120
2970.941624245,child10,297041,frame,51
2970.945872827,child8,297041,frame,-89
2970.946773827,child4,297041,frame,-85
2970.9546727829998,child6,297041,frame,0
2980.9823972609997,child7,298051,frame,18
2980.993002384,child3,298051,frame,33
2980.9988389650002,child1,298051,frame,8
2981.0022062149997,child9,298051,frame,-79
2981.002845464,child5,298051,frame,-126
2981.024243084,child2,298051,frame,20
2981.044668329,child10,298051,frame,34
2981.050765161,child8,298051,frame,48
2981.0548412020003,child4,298051,frame,41
2981.060340659,child6,298051,frame,17
2991.0867115949995,child7,299061,frame,60
2991.098085093,child3,299061,frame,-81
2991.1023287999997,child1,299061,frame,54
2991.10815684,child9,299061,frame,6
2991.1116443389997,child5,299061,frame,141
2991.127244794,child2,299061,frame,2
2991.1496472880003,child10,299061,frame,35
2991.158619244,child8,299061,frame,33
2991.159903536,child4,299061,frame,4
2991.1653662430003,child6,299061,frame,8
3001.188825805,child7,300071,frame,-68
3001.20522301,child3,300071,frame,53
3001.207101592,child1,300071,frame,47
3001.21092705,child9,300071,frame,-73
3001.2206380059997,child5,300071,frame,-108
3001.233012419,child2,300071,frame,-104
3001.253810914,child10,300071,frame,19
3001.261920162,child8,300071,frame,45
3001.264146162,child4,300071,frame,37
3001.266812411,child6,300071,frame,13
3011.2900535149997,child7,301081,frame,124
3011.310085302,child3,301081,frame,52
3011.312208052,child1,301081,frame,38
3011.313865426,child9,301081,frame,169
3011.326321506,child5,301081,frame,138
3011.336334546,child2,301081,frame,146
3011.356184041,child10,301081,frame,1
3011.365078413,child8,301081,frame,-101
3011.369898329,child6,301081,frame,9
3011.37034462,child4,301081,frame,40
3021.393183392,child7,302091,frame,-81
3021.412900762,child1,302091,frame,-93
3021.41475472,child3,302091,frame,49
3021.421092093,child9,302091,frame,-2
3021.4323670490003,child5,302091,frame,-66
3021.4409676299997,child2,302091,frame,21
3021.4595655,child10,302091,frame,21
3021.47184108,child8,302091,frame,184
3021.4726372890004,child4,302091,frame,36
3021.4766049540003,child6,302091,frame,-2
3030.476298353,child8,303000,frame,17
3030.477843061,child4,303000,frame,-109
3030.480037436,child6,303000,frame,166
3030.4988537639997,child7,303000,frame,53
3030.511445553,child1,303000,frame,44
3030.517894551,child3,303000,frame,16
3030.5301723400003,child9,303000,frame,-112
3030.5374745470003,child5,303000,frame,55
3030.545599961,child2,303000,frame,52
3030.565431456,child10,303000,frame,3
3040.571400273,child10,304010,frame,3
3040.581603104,child8,304010,frame,8
3040.583908604,child4,304010,frame,37
3040.584775728,child6,304010,frame,-84
3040.603072724,child7,304010,frame,44
3040.61350918,child1,304010,frame,32
3040.620474428,child3,304010,frame,-89
3040.6347881740003,child9,304010,frame,46
3040.637174174,child5,304010,frame,124
3040.6534515030003,child2,304010,frame,-65
3050.6725825669996,child10,305020,frame,3
3050.6856436049998,child8,305020,frame,27
3050.685862188,child6,305020,frame,-79
3050.6954048939997,child4,305020,frame,40
3050.707891933,child7,305020,frame,-68
3050.722176221,child1,305020,frame,-77
3050.723101596,child3,305020,frame,53
3050.7401867169997,child9,305020,frame,51
3050.74476234,child5,305020,frame,-77
3050.75959317,child2,305020,frame,20
3060.76707082,child2,306030,frame,5
3060.779227817,child10,306030,frame,2
3060.787296482,child6,306030,frame,181
3060.7885573979997,child8,306030,frame,-70
3060.797047521,child4,306030,frame,22
3060.8147939749997,child7,306030,frame,36
3060.8256375970004,child1,306030,frame,37
3060.826287389,child3,306030,frame,36
3060.8438114680002,child9,306030,frame,-72
3060.851072133,child5,306030,frame,9
3070.8732825290003,child2,307040,frame,49
3070.886393192,child10,307040,frame,-122
3070.891498858,child6,307040,frame,-94
3070.897637856,child8,307040,frame,1
3070.902671813,child4,307040,frame,23
3070.921149059,child7,307040,frame,-76
3070.928711432,child1,307040,frame,28
3070.930509015,child3,307040,frame,-90
3070.9466232190002,child9,307040,frame,52
3070.9579749659997,child5,307040,frame,-90
3080.976009947,child2,308050,frame,-65
3080.994622192,child10,308050,frame,126
3080.9989133999998,child6,308050,frame,41
3081.001913107,child8,308050,frame,19
3081.0037180229997,child4,308050,frame,17
3081.028379392,child7,308050,frame,0
3081.0323591,child1,308050,frame,29
3081.035798682,child3,308050,frame,34
3081.053343553,child9,308050,frame,46
3081.0629916750004,child5,308050,frame,60
3091.0803579480003,child2,309060,frame,-74
3091.101596818,child10,309060,frame,5
3091.1043416499997,child8,309060,frame,0
3091.1059497329998,child6,309060,frame,51
3091.109788691,child4,309060,frame,-108
3091.1351562259997,child1,309060,frame,-98
3091.1351941430003,child7,309060,frame,36
3091.138760142,child3,309060,frame,-91
3091.156206596,child9,309060,frame,-97
3091.164264802,child5,309060,frame,-86
3101.169003078,child5,310070,frame,124
3101.1904774890004,child2,310070,frame,138
3101.209511151,child10,310070,frame,3
3101.211039276,child8,310070,frame,47
3101.211266317,child6,310070,frame,24
3101.2185554820003,child4,310070,frame,32
3101.2354413109997,child7,310070,frame,1
3101.238433102,child1,310070,frame,45
3101.240800977,child3,310070,frame,50
3101.261804805,child9,310070,frame,42
3111.271931871,child5,311080,frame,-86
3111.2944572399997,child2,311080,frame,-83
3111.3129476100003,child8,311080,frame,13
3111.316039943,child10,311080,frame,3
3111.3174256509997,child6,311080,frame,16
3111.3240401909998,child4,311080,frame,159
3111.342137062,child1,311080,frame,28
3111.344095728,child7,311080,frame,37
3111.345424811,child3,311080,frame,34
3111.365653222,child9,311080,frame,52
3121.371928164,child9,312090,frame,-89
3121.373976497,child5,312090,frame,8
3121.395221075,child2,312090,frame,13
3121.4171793200003,child8,312090,frame,-69
3121.419092361,child10,312090,frame,-123
3121.42243936,child6,312090,frame,-96
3121.427935567,child4,312090,frame,-125
3121.441889647,child1,312090,frame,-95
3121.44842802,child7,312090,frame,-194
3121.450730353,child3,312090,frame,-76
3131.47814354,child9,313100,frame,-73
3131.481685956,child5,313100,frame,4
3131.502862492,child2,313100,frame,5
3131.521976654,child8,313100,frame,19
3131.524364987,child6,313100,frame,30
3131.5244235279997,child10,313100,frame,19
3131.532763651,child4,313100,frame,16
3131.547487648,child1,313100,frame,45
3131.5540641879998,child7,313100,frame,147
3131.5556130209998,child3,313100,frame,174
3140.558509794,child3,314009,frame,-109
3140.582854121,child9,314009,frame,37
3140.586426579,child5,314009,frame,-77
3140.607001282,child2,314009,frame,-73
3140.628071943,child6,314009,frame,-126
3140.629539568,child8,314009,frame,10
3140.630322443,child10,314009,frame,-108
3140.639382607,child4,314009,frame,-115
3140.65646277,child7,314009,frame,-83
3140.6565679779997,child1,314009,frame,-86
3150.6593220040004,child7,315019,frame,140
3150.664804836,child3,315019,frame,52
3150.685456289,child9,315019,frame,52
3150.6931937040004,child5,315019,frame,132
3150.7135117410003,child2,315019,frame,15
3150.731421695,child10,315019,frame,142
3150.7315234449998,child6,315019,frame,46
3150.735390402,child8,315019,frame,-69
3150.746149774,child4,315019,frame,159
3150.757010938,child1,315019,frame,170
3160.7599829230003,child1,316029,frame,-93
3160.760111339,child7,316029,frame,-88
3160.773098669,child3,316029,frame,-88
3160.7916210810004,child9,316029,frame,54
3160.7984916210003,child5,316029,frame,-79
3160.815395159,child2,316029,frame,20
3160.835105071,child10,316029,frame,4
3160.83782057,child6,316029,frame,-92
3160.840361611,child8,316029,frame,19
3160.8531830250004,child4,316029,frame,-109
3170.860097466,child4,317039,frame,33
3170.865046798,child7,317039,frame,2
3170.86525034,child1,317039,frame,46
3170.876611295,child3,317039,frame,52
3170.8971064149996,child9,317039,frame,-73
3170.902622914,child5,317039,frame,0
3170.91976616,child2,317039,frame,13
3170.938917947,child6,317039,frame,46
3170.940292446,child10,317039,frame,-106
3170.946029153,child8,317039,frame,0
3180.967424633,child4,318049,frame,17
3180.970204674,child7,318049,frame,-73
3180.972615632,child1,318049,frame,49
3180.982670754,child3,318049,frame,37
3180.997845459,child9,318049,frame,36
3181.003990707,child5,318049,frame,8
3181.023440411,child2,318049,frame,50
3181.038968615,child6,318049,frame,5
3181.044706239,child10,318049,frame,35
3181.0515144039996,child8,318049,frame,1
3191.0683407180004,child4,319059,frame,34
3191.074053842,child7,319059,frame,17
3191.07651505,child1,319059,frame,-97
3191.08774313,child3,319059,frame,-89
3191.103158876,child9,319059,frame,-73
3191.1090575000003,child5,319059,frame,6
3191.129626911,child2,319059,frame,-110
3191.1437930330003,child6,319059,frame,56
3191.1513461560003,child10,319059,frame,-90
3191.15469278,child8,319059,frame,26
3201.160331514,child8,320069,frame,-116
3201.171651094,child4,320069,frame,31
3201.178102676,child7,320069,frame,149
3201.180853425,child1,320069,frame,45
3201.193005547,child3,320069,frame,175
3201.208965043,child9,320069,frame,131
3201.217556791,child5,320069,frame,59
3201.233683996,child2,320069,frame,145
3201.2529243239997,child6,320069,frame,54
3201.255244907,child10,320069,frame,50
3211.261021141,child10,321079,frame,35
3211.261494474,child6,321079,frame,-84
3211.266840764,child8,321079,frame,-108
3211.2778068869998,child1,321079,frame,27
3211.280247219,child4,321079,frame,15
3211.280755761,child7,321079,frame,-222
3211.298218423,child3,321079,frame,-232
3211.313376461,child9,321079,frame,-204
3211.3195461679998,child5,321079,frame,-196
3211.339061663,child2,321079,frame,-120
3221.365698558,child10,322089,frame,17
3221.36663985,child6,322089,frame,54
3221.367669433,child8,322089,frame,178
3221.3844292199997,child1,322089,frame,29
3221.385163345,child4,322089,frame,14
3221.392164677,child7,322089,frame,150
3221.407017131,child3,322089,frame,128
3221.4158046710004,child9,322089,frame,123
3221.4250565439997,child5,322089,frame,141
3221.443325706,child2,322089,frame,145
3231.46727831,child10,323099,frame,21
3231.471734934,child6,323099,frame,38
3231.472318142,child8,323099,frame,16
3231.4865197629997,child1,323099,frame,-111
3231.490977971,child4,323099,frame,-1
3231.495804011,child7,323099,frame,44
3231.51458684,child3,323099,frame,40
3231.521500296,child9,323099,frame,-93
3231.5289362949998,child5,323099,frame,8
3231.548748456,child2,323099,frame,-86
3240.554694021,child2,324008,frame,7
3240.5691785169997,child10,324008,frame,-93
3240.575399432,child6,324008,frame,-106
3240.5776075149997,child8,324008,frame,17
3240.591639303,child1,324008,frame,51
3240.593295303,child4,324008,frame,-117
3240.599486051,child7,324008,frame,-118
3240.618276588,child3,324008,frame,3
3240.62533192,child9,324008,frame,57
3240.635807209,child5,324008,frame,55
3250.659293313,child2,325018,frame,5
3250.6746768089997,child10,325018,frame,49
3250.679842516,child6,325018,frame,40
3250.682353349,child8,325018,frame,29
3250.694647846,child1,325018,frame,28
3250.699284887,child4,325018,frame,15
3250.70020097,child7,325018,frame,-65
3250.7245240469997,child3,325018,frame,-97
3250.731182295,child9,325018,frame,6
3250.742880209,child5,325018,frame,-73
3260.763692231,child2,326028,frame,51
3260.779172685,child10,326028,frame,35
3260.783306726,child6,326028,frame,39
3260.7874247249997,child8,326028,frame,-117
3260.800452222,child1,326028,frame,-96
3260.804788971,child7,326028,frame,25
3260.808726678,child4,326028,frame,14
3260.830095798,child3,326028,frame,45
3260.83519113,child9,326028,frame,123
3260.845745002,child5,326028,frame,59
3270.8534738599997,child5,327038,frame,-70
3270.869845315,child2,327038,frame,5
3270.881969062,child10,327038,frame,35
3270.8899753510004,child6,327038,frame,52
3270.891928434,child8,327038,frame,43
3270.903890431,child1,327038,frame,46
3270.908601513,child7,327038,frame,16
3270.912352304,child4,327038,frame,16
3270.933321424,child3,327038,frame,44
3270.9439054629997,child9,327038,frame,-92
3280.955363737,child5,328048,frame,-1
3280.9752264820004,child2,328048,frame,-75
3280.986049063,child10,328048,frame,-106
3280.9937780610003,child6,328048,frame,-94
3280.993835061,child8,328048,frame,-101
3281.008553307,child1,328048,frame,-95
3281.013893806,child7,328048,frame,-65
3281.017558596,child4,328048,frame,16
3281.03783105,child3,328048,frame,-96
3281.051068963,child9,328048,frame,-72
3291.0596651130004,child9,329058,frame,140
3291.0617759039997,child5,329058,frame,25
3291.0791134,child2,329058,frame,13
3291.093057354,child10,329058,frame,16
3291.0937848129997,child6,329058,frame,-77
3291.0974828949998,child8,329058,frame,151
3291.1120653909998,child1,329058,frame,171
3291.115227891,child7,329058,frame,41
3291.121445764,child4,329058,frame,17
3291.144033675,child3,329058,frame,123
3301.163169739,child5,330068,frame,43
3301.1682039879997,child9,330068,frame,-89
3301.1825756509998,child2,330068,frame,-82
3301.194884898,child6,330068,frame,46
3301.200825605,child10,330068,frame,36
3301.20620852,child8,330068,frame,-115
3301.213206685,child1,330068,frame,-94
3301.2223513910003,child7,330068,frame,-1
3301.228156056,child4,330068,frame,17
3301.249043926,child3,330068,frame,-105
3311.25218316,child3,331078,frame,-81
3311.265839365,child5,331078,frame,-73
3311.272934738,child9,331078,frame,44
3311.285806485,child2,331078,frame,23
3311.295309816,child6,331078,frame,-77
3311.30164694,child10,331078,frame,35
3311.308521605,child8,331078,frame,25
3311.314958811,child1,331078,frame,46
3311.327576392,child7,331078,frame,-93
3311.332171015,child4,331078,frame,17
3321.3571689940004,child3,332088,frame,123
3321.368180158,child5,332088,frame,0
3321.376822948,child9,332088,frame,44
3321.391262819,child2,332088,frame,-113
3321.3968272350003,child6,332088,frame,125
3321.4043734829997,child10,332088,frame,35
3321.409312773,child8,332088,frame,-101
3321.4203975200003,child1,332088,frame,49
3321.43003756,child7,332088,frame,56
3321.436506683,child4,332088,frame,-109
3331.4595650789997,child3,333098,frame,-78
3331.474781367,child5,333098,frame,6
3331.483033657,child9,333098,frame,-80
3331.497319695,child2,333098,frame,27
3331.501069069,child6,333098,frame,-71
3331.510436983,child10,333098,frame,-231
3331.5123137739997,child8,333098,frame,-66
3331.52353698,child1,333098,frame,-96
3331.535018269,child7,333098,frame,21
3331.538871059,child4,333098,frame,17
3340.5432239160004,child4,334007,frame,10
3340.564126827,child3,334007,frame,10
3340.576356116,child5,334007,frame,50
3340.589281279,child9,334007,frame,41
3340.602360026,child2,334007,frame,-114
3340.6059537749998,child6,334007,frame,16
3340.611465607,child10,334007,frame,294
3340.615001273,child8,334007,frame,184
3340.624112646,child1,334007,frame,175
3340.6402042669997,child7,334007,frame,25
3350.6442947769997,child7,335017,frame,-111
3350.644451777,child4,335017,frame,17
3350.671341645,child3,335017,frame,-72
3350.682739767,child5,335017,frame,-108
3350.695105556,child9,335017,frame,-81
3350.709320844,child2,335017,frame,177
3350.7106465929996,child6,335017,frame,-71
3350.71667655,child10,335017,frame,-231
3350.722694799,child8,335017,frame,-101
3350.726807964,child1,335017,frame,-237
3360.749736803,child7,336027,frame,-76
3360.751914511,child4,336027,frame,-109
3360.778190587,child3,336027,frame,6
3360.787377585,child5,336027,frame,-120
3360.79813179,child9,336027,frame,-1
3360.811679537,child6,336027,frame,29
3360.8141008700004,child2,336027,frame,-89
3360.8198820770003,child10,336027,frame,-92
3360.825360408,child8,336027,frame,-127
3360.8318596569998,child1,336027,frame,45
3370.854707537,child7,337037,frame,163
3370.861240702,child4,337037,frame,159
3370.879831156,child3,337037,frame,123
3370.893340444,child5,337037,frame,147
3370.906194232,child9,337037,frame,52
3370.917539354,child6,337037,frame,1
3370.9196598539997,child2,337037,frame,169
3370.922979895,child10,337037,frame,178
3370.9302332680004,child8,337037,frame,174
3370.9385908070003,child1,337037,frame,28
3380.957618564,child7,338047,frame,-83
3380.9634212290002,child4,338047,frame,34
3380.984203849,child3,338047,frame,-2
3380.995931262,child5,338047,frame,7
3381.009242176,child9,338047,frame,-2
3381.019332006,child6,338047,frame,55
3381.01936934,child2,338047,frame,-115
3381.024019005,child10,338047,frame,-91
3381.0325559609996,child8,338047,frame,3
3381.0416706670003,child1,338047,frame,45
3391.066560047,child4,339057,frame,15
3391.068706505,child7,339057,frame,55
3391.089429041,child3,339057,frame,-73
3391.097955831,child5,339057,frame,15
3391.1144788680003,child9,339057,frame,-71
3391.124113949,child6,339057,frame,-70
3391.127252198,child2,339057,frame,36
3391.1324223640004,child10,339057,frame,51
3391.1394941949998,child8,339057,frame,-86
3391.1411006109997,child1,339057,frame,28
3401.1677785740003,child4,340067,frame,-111
3401.175164822,child7,340067,frame,-103
3401.2002192739997,child3,340067,frame,-72
3401.20317994,child5,340067,frame,-117
3401.2202611440002,child9,340067,frame,-202
3401.2252191840003,child6,340067,frame,-70
3401.234898349,child2,340067,frame,-89
3401.2372564730003,child10,340067,frame,-74
3401.240937514,child1,340067,frame,-96
3401.241654805,child8,340067,frame,-69
3411.2465748990003,child8,341077,frame,136
3411.2477139400003,child1,341077,frame,-80
3411.272779392,child4,341077,frame,16
3411.2799936819997,child7,341077,frame,57
3411.3026220089996,child3,341077,frame,13
3411.305501717,child5,341077,frame,41
3411.3216825040004,child9,341077,frame,39
3411.324615003,child6,341077,frame,142
3411.338070917,child2,341077,frame,161
3411.3416430409998,child10,341077,frame,129
3421.344457218,child10,342087,frame,-99
3421.3522541740003,child8,342087,frame,32
3421.3530127579997,child1,342087,frame,47
3421.378346126,child4,342087,frame,14
3421.383722416,child7,342087,frame,38
3421.405889411,child3,342087,frame,4
3421.410870701,child5,342087,frame,21
3421.4272291549996,child6,342087,frame,12
3421.4287985299998,child9,342087,frame,155
3421.4414010680002,child2,342087,frame,-123
3431.4465047030003,child2,343097,frame,21
3431.4495944110004,child10,343097,frame,56
3431.455928076,child8,343097,frame,50
3431.459693825,child1,343097,frame,126
3431.480591778,child4,343097,frame,14
3431.4882905259997,child7,343097,frame,56
3431.5102436449997,child3,343097,frame,8
3431.513025019,child5,343097,frame,27
3431.530933265,child6,343097,frame,-67
3431.533691181,child9,343097,frame,20
3440.537070448,child9,344006,frame,45
3440.5507543199997,child10,344006,frame,39
3440.550850278,child2,344006,frame,162
3440.559815984,child8,344006,frame,-70
3440.561737442,child1,344006,frame,31
3440.580847979,child4,344006,frame,8
3440.5939994339997,child7,344006,frame,15
3440.616117386,child3,344006,frame,42
3440.618241844,child5,344006,frame,127
3440.635034465,child6,344006,frame,40
3450.6402101830004,child6,345016,frame,-70
3450.640258725,child9,345016,frame,6
3450.654639513,child10,345016,frame,-98
3450.6590086779997,child2,345016,frame,-120
3450.663033844,child8,345016,frame,25
3450.664487635,child1,345016,frame,-101
3450.686167171,child4,345016,frame,-1
3450.698790418,child7,345016,frame,25
3450.7170740379997,child3,345016,frame,-68
3450.724245162,child5,345016,frame,-204
3460.74160746,child6,346026,frame,0
3460.7465896259996,child9,346026,frame,14
3460.7625508710003,child10,346026,frame,58
3460.7626034550003,child2,346026,frame,18
3460.7671235790003,child8,346026,frame,41
3460.7679858280003,child1,346026,frame,38
3460.790464073,child4,346026,frame,15
3460.8030888609997,child7,346026,frame,40
3460.821407106,child3,346026,frame,19
3460.82760073,child5,346026,frame,24
3470.843153779,child6,347036,frame,9
3470.850401277,child9,347036,frame,-110
3470.867704231,child2,347036,frame,20
3470.868207397,child10,347036,frame,-84
3470.87087498,child8,347036,frame,-73
3470.871184105,child1,347036,frame,-69
3470.893722849,child4,347036,frame,17
3470.9072501369997,child7,347036,frame,5
3470.9290447149997,child3,347036,frame,19
3470.933095256,child5,347036,frame,41
3480.937626807,child5,348046,frame,21
3480.945706389,child6,348046,frame,0
3480.95473172,child9,348046,frame,4
3480.9725955480003,child2,348046,frame,20
3480.972721965,child8,348046,frame,33
3480.973595048,child10,348046,frame,58
3480.974185048,child1,348046,frame,52
3480.997914959,child4,348046,frame,-109
3481.010695122,child7,348046,frame,-99
3481.0334051580003,child3,348046,frame,56
3491.040557667,child3,349056,frame,-2
3491.040800084,child5,349056,frame,5
3491.051208623,child6,349056,frame,56
3491.060470371,child9,349056,frame,124
3491.0751536579996,child1,349056,frame,37
3491.076449283,child2,349056,frame,5
3491.079611616,child8,349056,frame,34
3491.080723032,child10,349056,frame,43
3491.104754692,child4,349056,frame,143
3491.118457897,child7,349056,frame,130
3501.145808402,child3,350066,frame,-2
3501.1472127350003,child5,350066,frame,8
3501.154831649,child6,350066,frame,0
3501.1643093969997,child9,350066,frame,-81
3501.1769368520004,child1,350066,frame,-105
3501.179331268,child2,350066,frame,2
3501.182803934,child10,350066,frame,-92
3501.1838082249997,child8,350066,frame,-100
3501.210419302,child4,350066,frame,-125
3501.225470006,child7,350066,frame,-115
3511.251806011,child5,351076,frame,7
3511.252502802,child3,351076,frame,-2
3511.2616621750003,child6,351076,frame,21
3511.269924506,child9,351076,frame,6
3511.2814265029997,child1,351076,frame,37
3511.282456836,child2,351076,frame,-120
3511.288068543,child10,351076,frame,53
3511.2905595419998,child8,351076,frame,40
3511.31271662,child4,351076,frame,17
3511.329410741,child7,351076,frame,23
3521.355685829,child3,352086,frame,-127
3521.356513912,child5,352086,frame,-100
3521.363607285,child6,352086,frame,-70
3521.375567115,child9,352086,frame,7
3521.383896738,child1,352086,frame,44
3521.385367696,child2,352086,frame,20
3521.392886194,child10,352086,frame,50
3521.395147527,child8,352086,frame,-66
3521.4197948540004,child4,352086,frame,17
3521.433383517,child7,352086,frame,-118
3531.460066271,child3,353096,frame,17
3531.4622968959998,child5,353096,frame,35
3531.465793312,child6,353096,frame,6
3531.483107182,child9,353096,frame,-70
3531.4867993479997,child1,353096,frame,-79
3531.488327056,child2,353096,frame,36
3531.499389303,child10,353096,frame,-75
3531.500824011,child8,353096,frame,40
3531.524073755,child4,353096,frame,16
3531.53574471,child7,353096,frame,37
3540.538544603,child7,354005,frame,15
3540.562575639,child3,354005,frame,176
3540.563198722,child6,354005,frame,42
3540.5647753050002,child5,354005,frame,125
3540.5870892989997,child1,354005,frame,174
3540.587851965,child9,354005,frame,133
3540.593895589,child2,354005,frame,5
3540.599792379,child10,354005,frame,171
3540.6070253360003,child8,354005,frame,170
3540.626013414,child4,354005,frame,10
3550.633827882,child4,355015,frame,17
3550.645088879,child7,355015,frame,41
3550.663776749,child6,355015,frame,55
3550.6661933729997,child3,355015,frame,-73
3550.669654206,child5,355015,frame,-2
3550.6901826169997,child9,355015,frame,7
3550.693881866,child1,355015,frame,29
3550.698586698,child2,355015,frame,20
3550.70323878,child10,355015,frame,-91
3550.7113503200003,child8,355015,frame,-82
3560.740454616,child4,356025,frame,17
3560.75509282,child7,356025,frame,23
3560.768453442,child6,356025,frame,-78
3560.7733117320004,child3,356025,frame,-2
3560.775783523,child5,356025,frame,-1
3560.795539976,child9,356025,frame,-73
3560.796784268,child1,356025,frame,15
3560.805006391,child10,356025,frame,35
3560.8067815990003,child2,356025,frame,20
3560.815490388,child8,356025,frame,24
3570.850354224,child4,357035,frame,19
3570.860077888,child7,357035,frame,25
3570.8741599679997,child6,357035,frame,55
3570.879447758,child5,357035,frame,-1
3570.8804130910003,child3,357035,frame,3
3570.8942123790002,child1,357035,frame,16
3570.900312461,child9,357035,frame,42
3570.9126115410004,child2,357035,frame,20
3570.913939707,child10,357035,frame,17
3570.925255704,child8,357035,frame,26
3580.931999547,child8,358045,frame,43
3580.95379675,child4,358045,frame,14
3580.966551413,child7,358045,frame,39
3580.9800147429996,child6,358045,frame,-70
3580.9830445340003,child3,358045,frame,3
3580.9865058670002,child5,358045,frame,17
3580.9947616980003,child1,358045,frame,-110
3581.006217195,child9,358045,frame,6
3581.016539692,child2,358045,frame,2
3581.0211108579997,child10,358045,frame,37
3591.03813649,child8,359055,frame,10
3591.059021693,child4,359055,frame,124
3591.06891444,child7,359055,frame,131
3591.086436394,child6,359055,frame,126
3591.0864667270002,child3,359055,frame,128
3591.091444684,child5,359055,frame,59
3591.098679432,child1,359055,frame,16
3591.1099695959997,child9,359055,frame,-2
3591.1209026770002,child10,359055,frame,19
3591.121320802,child2,359055,frame,20
3601.146279598,child8,360065,frame,-117
3601.1646099689997,child4,360065,frame,-204
3601.174308924,child7,360065,frame,-115
3601.190015504,child3,360065,frame,-200
3601.191614628,child6,360065,frame,-120
3601.196866794,child5,360065,frame,-72
3601.20541375,child1,360065,frame,32
3601.2180381629996,child9,360065,frame,-1
3601.223647745,child2,360065,frame,5
3601.226943828,child10,360065,frame,-107
3611.229935588,child2,361075,frame,5
3611.234008212,child10,361075,frame,35
3611.251326041,child8,361075,frame,154
3611.272249869,child4,361075,frame,131
3611.2797062,child7,361075,frame,52
3611.2924409889997,child3,361075,frame,166
3611.294730988,child6,361075,frame,54
3611.30096057,child5,361075,frame,-80
3611.308546026,child1,361075,frame,14
3611.31941394,child9,361075,frame,43
3621.3351396969997,child2,362085,frame,-76
3621.338975405,child10,362085,frame,19
3621.355389234,child8,362085,frame,-70
3621.377074312,child4,362085,frame,-72
3621.3849445600003,child7,362085,frame,1
3621.3983015979998,child6,362085,frame,48
3621.3999175970002,child3,362085,frame,-88
3621.4056561380003,child5,362085,frame,54
3621.4116307609997,child1,362085,frame,-65
3621.423249341,child9,362085,frame,45
3631.4292950599997,child9,363095,frame,-74
3631.4396449739997,child2,363095,frame,13
3631.44702593,child10,363095,frame,-91
3631.463870217,child8,363095,frame,34
3631.477361589,child4,363095,frame,124
3631.489319627,child7,363095,frame,0
3631.504401915,child3,363095,frame,3
3631.506599748,child6,363095,frame,44
3631.5090297889997,child5,363095,frame,-1
3631.51009058,child1,363095,frame,21
3640.53090751,child9,364004,frame,50
3640.54412459,child2,364004,frame,15
3640.55228688,child10,364004,frame,13
3640.566020251,child8,364004,frame,10
3640.583714788,child4,364004,frame,-83
3640.598556951,child7,364004,frame,42
3640.606649782,child3,364004,frame,-89
3640.609982823,child6,364004,frame,29
3640.614035031,child5,364004,frame,5
3640.6168021129997,child1,364004,frame,29
3650.6195520819997,child5,365014,frame,123
3650.638826077,child9,365014,frame,27
3650.6502741990003,child2,365014,frame,59
3650.6549341560003,child10,365014,frame,161
3650.6733902349997,child8,365014,frame,2
3650.690517897,child4,365014,frame,53
3650.7034901439997,child7,365014,frame,-71
3650.7100763509998,child6,365014,frame,-94
3650.7107657670003,child3,365014,frame,6
3650.721592056,child1,365014,frame,20
3660.720140151,child3,366024,frame,6
3660.7223928589997,child5,366024,frame,-82
3660.724996608,child1,366024,frame,21
3660.741846354,child9,366024,frame,-80
3660.756575058,child2,366024,frame,-118
3660.766800847,child10,366024,frame,-231
3660.777837969,child8,366024,frame,-108
3660.7922579660003,child4,366024,frame,-78
3660.806842587,child7,366024,frame,-81
3660.811125878,child6,366024,frame,-77
3670.8267271349996,child3,367034,frame,6
3670.826773718,child1,367034,frame,5
3670.8275160099997,child5,367034,frame,-71
3670.846255963,child9,367034,frame,53
3670.8621026670003,child2,367034,frame,-105
3670.869916749,child10,367034,frame,51
3670.883861245,child8,367034,frame,18
3670.8982472000002,child4,367034,frame,-70
3670.912920404,child7,367034,frame,9
3670.9131934039997,child6,367034,frame,46
3680.929790245,child1,368044,frame,6
3680.932527077,child5,368044,frame,8
3680.9354308270003,child3,368044,frame,21
3680.94891349,child9,368044,frame,45
3680.96662286,child2,368044,frame,160
3680.975751816,child10,368044,frame,51
3680.9923351039997,child8,368044,frame,16
3681.0067912249997,child4,368044,frame,142
3681.015638681,child7,368044,frame,6
3681.017679389,child6,368044,frame,55
3691.024140482,child6,369054,frame,-73
3691.033119605,child1,369054,frame,-118
3691.0403106030003,child5,369054,frame,-126
3691.043475602,child3,369054,frame,-127
3691.0555283900003,child9,369054,frame,-89
3691.071664636,child2,369054,frame,-121
3691.080985092,child10,369054,frame,-91
3691.0968331709996,child8,369054,frame,-106
3691.111359084,child4,369054,frame,-85
3691.118419374,child7,369054,frame,-116
3701.123274509,child7,370064,frame,32
3701.125603675,child6,370064,frame,-78
3701.141258963,child1,370064,frame,24
3701.1440286710003,child5,370064,frame,150
3701.14835792,child3,370064,frame,160
3701.162199249,child9,370064,frame,34
3701.175028913,child2,370064,frame,38
3701.1876052430002,child10,370064,frame,51
3701.1998262399998,child8,370064,frame,157
3701.2147929440002,child4,370064,frame,1
3711.228331327,child7,371074,frame,13
3711.230299743,child6,371074,frame,126
3711.2446446980002,child1,371074,frame,15
3711.2507360299996,child5,371074,frame,59
3711.252523821,child3,371074,frame,10
3711.272228316,child9,371074,frame,52
3711.278793856,child2,371074,frame,28
3711.2900297280003,child10,371074,frame,158
3711.30680614,child8,371074,frame,10
3711.3193378869996,child4,371074,frame,56
3721.323650064,child4,372084,frame,125
3721.335305144,child6,372084,frame,54
3721.33685281,child7,372084,frame,159
3721.347787766,child1,372084,frame,16
3721.3574367220003,child5,372084,frame,52
3721.360136971,child3,372084,frame,136
3721.376409259,child9,372084,frame,38
3721.387625256,child2,372084,frame,27
3721.396264254,child10,372084,frame,-104
3721.409451125,child8,372084,frame,28
3731.42784334,child4,373094,frame,39
3731.438814171,child6,373094,frame,53
3731.443588086,child7,373094,frame,5
3731.452879459,child1,373094,frame,15
3731.4611585820003,child3,373094,frame,47
3731.4632094979997,child5,373094,frame,-80
3731.4808197849998,child9,373094,frame,35
3731.496388572,child2,373094,frame,153
3731.5033986539997,child10,373094,frame,34
3731.514519318,child8,373094,frame,10
3740.519154002,child8,374003,frame,17
3740.5353895390003,child4,374003,frame,-87
3740.5409933710002,child6,374003,frame,-104
3740.543186871,child7,374003,frame,-112
3740.5579841999997,child1,374003,frame,-100
3740.566004615,child3,374003,frame,-247
3740.56711974,child5,374003,frame,-67
3740.584820485,child9,374003,frame,-116
3740.602629064,child2,374003,frame,-122
3740.6069129380003,child10,374003,frame,45
3750.621870903,child8,375013,frame,-113
3750.637747108,child4,375013,frame,-84
3750.645876606,child6,375013,frame,40
3750.648817605,child7,375013,frame,5
3750.66305431,child1,375013,frame,30
3750.6703072239998,child3,375013,frame,131
3750.6716354319997,child5,375013,frame,7
3750.6893585529997,child9,375013,frame,37
3750.706956632,child2,375013,frame,21
3750.7085560480004,child10,375013,frame,-106
3760.7155693490004,child10,376023,frame,35
3760.728678429,child8,376023,frame,9
3760.744311883,child4,376023,frame,57
3760.750912507,child6,376023,frame,39
3760.758118005,child7,376023,frame,26
3760.764037128,child1,376023,frame,48
3760.775247334,child3,376023,frame,-72
3760.777314291,child5,376023,frame,17
3760.7951385789997,child9,376023,frame,37
3760.810249825,child2,376023,frame,5
3770.813701127,child2,377033,frame,2
3770.8188639170003,child10,377033,frame,34
3770.832991663,child8,377033,frame,26
3770.847960785,child4,377033,frame,45
3770.851681325,child6,377033,frame,39
3770.8646055299996,child7,377033,frame,23
3770.8676202799998,child1,377033,frame,28
3770.878732277,child3,377033,frame,-2
3770.882565151,child5,377033,frame,-66
3770.9006256039997,child9,377033,frame,-89
3780.9178246109996,child2,378043,frame,5
3780.926575609,child10,378043,frame,2
3780.9385764390004,child8,378043,frame,55
3780.950641436,child4,378043,frame,-96
3780.9511251440003,child6,378043,frame,-82
3780.9729473469997,child7,378043,frame,-72
3780.974291972,child1,378043,frame,14
3780.9864997600002,child3,378043,frame,-81
3780.988944885,child5,378043,frame,53
3781.006037339,child9,378043,frame,20
3791.022781471,child2,379053,frame,-120
3791.0336835099997,child10,379053,frame,-105
3791.0427532569997,child8,379053,frame,-123
3791.056195504,child6,379053,frame,-100
3791.0584255030003,child4,379053,frame,-87
3791.07557354,child7,379053,frame,17
3791.080358956,child1,379053,frame,-112
3791.0890300369997,child3,379053,frame,6
3791.097329577,child5,379053,frame,-1
3791.108705115,child9,379053,frame,-89
3801.113039167,child9,380063,frame,54
3801.124763372,child2,380063,frame,21
3801.1394959100003,child10,380063,frame,-75
3801.148358075,child8,380063,frame,34
3801.161656113,child6,380063,frame,46
3801.164305154,child4,380063,frame,53
3801.1815580660004,child1,380063,frame,29
3801.182067274,child7,380063,frame,-2
3801.193157272,child3,380063,frame,6
3801.203016269,child5,380063,frame,7
3811.218350235,child9,381073,frame,-73
3811.232290023,child2,381073,frame,3
3811.242940228,child10,381073,frame,175
3811.2510714349996,child8,381073,frame,-108
3811.268768888,child6,381073,frame,48
3811.26976418,child4,381073,frame,-1
3811.287186384,child1,381073,frame,-97
3811.2906715080003,child7,381073,frame,34
3811.2977507560004,child3,381073,frame,21
3811.3041257540003,child5,381073,frame,-92
3821.3266523429998,child9,382083,frame,6
3821.3353876740002,child2,382083,frame,37
3821.347586505,child10,382083,frame,35
3821.355295711,child8,382083,frame,157
3821.3715598729996,child6,382083,frame,46
3821.372110665,child4,382083,frame,7
3821.3924333259997,child1,382083,frame,170
3821.39906745,child7,382083,frame,31
3821.399883574,child3,382083,frame,28
3821.4095455720003,child5,382083,frame,147
3831.4168575400004,child5,383093,frame,58
3831.43350341,child9,383093,frame,41
3831.44023745,child2,383093,frame,21
3831.451289739,child10,383093,frame,-92
3831.460955862,child8,383093,frame,-89
3831.476179024,child4,383093,frame,-2
3831.476272899,child6,383093,frame,-94
3831.496908061,child1,383093,frame,-112
3831.5053621419997,child3,383093,frame,-124
3831.505947308,child7,383093,frame,-66
3840.509820534,child7,384002,frame,18
3840.511369367,child3,384002,frame,52
3840.51938749,child5,384002,frame,42
3840.537518444,child9,384002,frame,-76
3840.542841526,child2,384002,frame,23
3840.557564355,child10,384002,frame,31
3840.566918228,child8,384002,frame,24
3840.5778590170003,child4,384002,frame,50
3840.578647225,child6,384002,frame,27
3840.5983181369998,child1,384002,frame,36
3850.6165386430002,child7,385012,frame,6
3850.618903351,child3,385012,frame,146
3850.628290182,child5,385012,frame,-80
3850.6425765120002,child9,385012,frame,14
3850.6495233009996,child2,385012,frame,-123
3850.665612589,child10,385012,frame,17
3850.671857962,child8,385012,frame,16
3850.6776987529997,child6,385012,frame,-78
3850.680469668,child4,385012,frame,-70
3850.698157706,child1,385012,frame,-95
3860.721550961,child3,386022,frame,-119
3860.72429721,child7,386022,frame,26
3860.733560666,child5,386022,frame,46
3860.742683247,child9,386022,frame,7
3860.7563107019996,child2,386022,frame,36
3860.776145822,child10,386022,frame,-88
3860.779286113,child8,386022,frame,-88
3860.780150113,child6,386022,frame,1
3860.78449782,child4,386022,frame,9
3860.799177149,child1,386022,frame,47
3870.808365242,child1,387032,frame,-79
3870.823334571,child3,387032,frame,13
3870.828907986,child7,387032,frame,60
3870.835871026,child5,387032,frame,2
3870.845520232,child9,387032,frame,57
3870.863227686,child2,387032,frame,36
3870.8774635160003,child10,387032,frame,50
3870.879771932,child8,387032,frame,165
3870.884842889,child6,387032,frame,12
3870.8874624299997,child4,387032,frame,1
3880.9170935999996,child1,388042,frame,47
3880.92858468,child3,388042,frame,13
3880.932357471,child7,388042,frame,-116
3880.938882803,child5,388042,frame,44
3880.9501694660003,child9,388042,frame,-1
3880.966242546,child2,388042,frame,-105
3880.982895666,child10,388042,frame,35
3880.986657374,child8,388042,frame,-98
3880.989962206,child6,388042,frame,-79
3880.9927175810003,child4,388042,frame,-70
3891.020524835,child1,389052,frame,1
3891.0388078720002,child7,389052,frame,24
3891.039355997,child3,389052,frame,13
3891.045202412,child5,389052,frame,36
3891.054386409,child9,389052,frame,6
3891.070438155,child2,389052,frame,143
3891.089542942,child8,389052,frame,149
3891.0918071499996,child10,389052,frame,-106
3891.092642275,child6,389052,frame,126
3891.100608189,child4,389052,frame,134
3901.120616112,child1,390062,frame,-89
3901.140883273,child3,390062,frame,13
3901.1450739389998,child7,390062,frame,5
3901.148822896,child5,390062,frame,14
3901.1592631020003,child9,390062,frame,-2
3901.17478039,child2,390062,frame,21
3901.19255126,child8,390062,frame,-70
3901.192592843,child6,390062,frame,-70
3901.196350134,child10,390062,frame,51
3901.200560466,child4,390062,frame,55
3911.2052233930003,child4,391072,frame,-78
3911.2236705550004,child1,391072,frame,131
3911.2453228000004,child3,391072,frame,13
3911.2469152159997,child7,391072,frame,-99
3911.25162134,child5,391072,frame,24
3911.2659836690004,child9,391072,frame,43
3911.278983624,child2,391072,frame,20
3911.2972556199998,child6,391072,frame,9
3911.298598953,child8,391072,frame,-90
3911.303338368,child10,391072,frame,50
3921.310881252,child10,392082,frame,-108
3921.311268044,child4,392082,frame,56
3921.328347456,child1,392082,frame,-80
3921.3457534520003,child3,392082,frame,-2
3921.3522692829997,child7,392082,frame,13
3921.355346949,child5,392082,frame,22
3921.367724196,child9,392082,frame,-1
3921.382438567,child2,392082,frame,-105
3921.40377102,child6,392082,frame,125
3921.404444228,child8,392082,frame,16
3931.409136364,child6,393092,frame,-72
3931.410132822,child8,393092,frame,-106
3931.412953696,child4,393092,frame,-70
3931.414961987,child10,393092,frame,52
3931.431523441,child1,393092,frame,-2
3931.446208021,child3,393092,frame,-125
3931.4576745179997,child7,393092,frame,33
3931.461319642,child5,393092,frame,-85
3931.469415056,child9,393092,frame,-73
3931.4862501770003,child2,393092,frame,18
3940.5118529389997,child6,394001,frame,35
3940.5141957299998,child8,394001,frame,55
3940.5166678960004,child10,394001,frame,46
3940.5176773959997,child4,394001,frame,52
3940.534020267,child1,394001,frame,57
3940.549235554,child3,394001,frame,7
3940.5618548429998,child7,394001,frame,7
3940.566542592,child5,394001,frame,13
3940.572003215,child9,394001,frame,49
3940.586879336,child2,394001,frame,23
3950.618616256,child6,395011,frame,-79
3950.618674798,child4,395011,frame,3
3950.618982214,child8,395011,frame,17
3950.620726381,child10,395011,frame,-91
3950.633757002,child1,395011,frame,52
3950.657334955,child3,395011,frame,144
3950.665873494,child7,395011,frame,34
3950.670383701,child5,395011,frame,21
3950.6755897,child9,395011,frame,-89
3950.689823363,child2,395011,frame,20
3960.7217625330004,child6,396021,frame,13
3960.723509782,child4,396021,frame,45
3960.7254494480003,child8,396021,frame,33
3960.727627406,child10,396021,frame,-75
3960.738878945,child1,396021,frame,36
3960.764130188,child3,396021,frame,-122
3960.767679813,child7,396021,frame,39
3960.777201185,child5,396021,frame,15
3960.779663226,child9,396021,frame,131
3960.794412556,child2,396021,frame,20
3970.798583649,child2,397031,frame,-76
3970.826761559,child6,397031,frame,48
3970.829846558,child8,397031,frame,36
3970.830711891,child10,397031,frame,128
3970.831123933,child4,397031,frame,-96
3970.843287513,child1,397031,frame,-88
3970.8698590890003,child3,397031,frame,1
3970.876310296,child7,397031,frame,-119
3970.882521461,child5,397031,frame,15
3970.886233585,child9,397031,frame,-198
3980.906145216,child2,398041,frame,28
3980.9302816269997,child6,398041,frame,54
3980.933946126,child4,398041,frame,54
3980.935117251,child10,398041,frame,43
3980.9355688749997,child8,398041,frame,-92
3980.946999789,child1,398041,frame,-79
3980.977099573,child3,398041,frame,21
3980.979771906,child7,398041,frame,41
3980.986292779,child5,398041,frame,-111
3980.9894864030002,child9,398041,frame,140
3991.0128262,child2,399051,frame,28
3991.0354194439997,child6,399051,frame,41
3991.036298653,child4,399051,frame,53
3991.04153386,child8,399051,frame,57
3991.042890026,child10,399051,frame,25
3991.047948108,child1,399051,frame,47
3991.079479975,child3,399051,frame,146
3991.08361814,child7,399051,frame,23
3991.0920356379997,child9,399051,frame,-2
3991.092681346,child5,399051,frame,174
4001.096902773,child9,400061,frame,-75
4001.118410351,child2,400061,frame,-97
4001.138670929,child4,400061,frame,-88
4001.1408826790002,child6,400061,frame,-94
4001.1452450529996,child10,400061,frame,-80
4001.1454561359997,child8,400061,frame,25
4001.152640009,child1,400061,frame,54
4001.185755334,child3,400061,frame,-119
4001.190307833,child7,400061,frame,25
4001.19396629,child5,400061,frame,-113
4011.200819091,child9,401071,frame,14
4011.219406836,child2,401071,frame,10
4011.242127872,child6,401071,frame,-69
4011.246446371,child4,401071,frame,54
4011.249323412,child10,401071,frame,41
4011.250981787,child8,401071,frame,25
4011.257712368,child1,401071,frame,39
4011.287426902,child3,401071,frame,21
4011.293248609,child7,401071,frame,23
4011.295876442,child5,401071,frame,29
4021.300686785,child7,402081,frame,6
4021.301737202,child5,402081,frame,139
4021.304549284,child9,402081,frame,131
4021.325309654,child2,402081,frame,28
4021.3421106909996,child6,402081,frame,135
4021.350089648,child4,402081,frame,162
4021.354439271,child10,402081,frame,168
4021.357513979,child8,402081,frame,27
4021.36057552,child1,402081,frame,-78
4021.3914223449997,child3,402081,frame,6
4031.402380854,child7,403091,frame,-102
4031.404304853,child5,403091,frame,-127
4031.4097358940003,child9,403091,frame,-127
4031.4321498460004,child2,403091,frame,28
4031.442871385,child6,403091,frame,-83
4031.454389674,child4,403091,frame,-104
4031.4615345049997,child10,403091,frame,-99
4031.4628717550004,child8,403091,frame,9
4031.463586463,child1,403091,frame,46
4031.495287205,child3,403091,frame,3
4040.500245055,child3,404000,frame,57
4040.5074498040003,child7,404000,frame,139
4040.507749429,child5,404000,frame,8
4040.511754511,child9,404000,frame,161
4040.535814838,child2,404000,frame,12
4040.551929876,child6,404000,frame,9
4040.555632791,child4,404000,frame,30
4040.562438331,child1,404000,frame,32
4040.567519705,child8,404000,frame,17
4040.569578413,child10,404000,frame,24
4050.6071522889997,child3,405010,frame,-127
4050.6107494549997,child7,405010,frame,26
4050.61172183,child5,405010,frame,33
4050.617085578,child9,405010,frame,-127
4050.639204448,child2,405010,frame,31
4050.6562580269997,child6,405010,frame,59
4050.6581551930003,child4,405010,frame,33
4050.6676802320003,child1,405010,frame,2
4050.672994981,child8,405010,frame,27
4050.676734355,child10,405010,frame,11
4060.712958148,child3,406020,frame,11
4060.7152153559996,child7,406020,frame,52
4060.7192247720004,child5,406020,frame,13
4060.719821438,child9,406020,frame,54
4060.745316474,child2,406020,frame,-105
4060.7595823869997,child6,406020,frame,-85
4060.760045511,child4,406020,frame,16
4060.777255549,child1,406020,frame,37
4060.7793180900003,child8,406020,frame,-117
4060.783254714,child10,406020,frame,1
4070.787837391,child10,407030,frame,21
4070.8144120089996,child3,407030,frame,11
4070.8240030899997,child7,407030,frame,1
4070.824412715,child5,407030,frame,-66
4070.826494839,child9,407030,frame,-2
4070.851968874,child2,407030,frame,161
4070.864969079,child6,407030,frame,55
4070.865004704,child4,407030,frame,16
4070.879837742,child1,407030,frame,-105
4070.884789491,child8,407030,frame,134
4080.8911915000003,child10,408040,frame,-106
4080.919172785,child3,408040,frame,27
4080.927210783,child5,408040,frame,23
4080.931568573,child7,408040,frame,0
4080.933520531,child9,408040,frame,-82
4080.957361608,child2,408040,frame,-123
4080.967344814,child4,408040,frame,-108
4080.971632021,child6,408040,frame,55
4080.98152981,child1,408040,frame,36
4080.986192143,child8,408040,frame,-113
4090.992867986,child8,409050,frame,10
4090.996720693,child10,409050,frame,143
4091.0219477699998,child3,409050,frame,11
4091.029810684,child5,409050,frame,7
4091.037217724,child7,409050,frame,44
4091.038871974,child9,409050,frame,123
4091.062759426,child2,409050,frame,148
4091.072500965,child4,409050,frame,141
4091.075261298,child6,409050,frame,39
4091.0809490049996,child1,409050,frame,36
4101.09624197,child8,410060,frame,26
4101.099918844,child10,410060,frame,3
4101.129259503,child3,410060,frame,55
4101.134869377,child5,410060,frame,-101
4101.14196925,child9,410060,frame,-80
4101.145395874,child7,410060,frame,-69
4101.168544743,child2,410060,frame,-120
4101.174602617,child4,410060,frame,-125
4101.178779532,child6,410060,frame,24
4101.18769553,child1,410060,frame,37
4111.192983082,child1,411070,frame,-102
4111.196231664,child8,411070,frame,9
4111.203958246,child10,411070,frame,-106
4111.232021822,child3,411070,frame,-119
4111.240935819,child5,411070,frame,36
4111.243456777,child9,411070,frame,7
4111.248532151,child7,411070,frame,-81
4111.273987311,child2,411070,frame,20
4111.275473019,child4,411070,frame,-92
4111.283329267,child6,411070,frame,-74
4121.297961733,child1,412080,frame,39
4121.302573023,child8,412080,frame,8
4121.309774146,child10,412080,frame,144
4121.336701098,child3,412080,frame,146
4121.344783887,child5,412080,frame,21
4121.350193136,child9,412080,frame,52
4121.351532844,child7,412080,frame,-68
4121.379026295001,child4,412080,frame,173
4121.37932042,child2,412080,frame,19
4121.387292751,child6,412080,frame,33
4131.399027218,child1,413090,frame,37
4131.409553840001,child8,413090,frame,153
4131.4145138389995,child10,413090,frame,-78
4131.438720083001,child3,413090,frame,11
4131.448034872,child5,413090,frame,-106
4131.455223245,child9,413090,frame,48
4131.456949162,child7,413090,frame,139
4131.480678822,child4,413090,frame,15
4131.48371803,child2,413090,frame,1
4131.4886464030005,child6,413090,frame,26
4141.490231706,child4,414100,frame,139
4141.505091244,child1,414100,frame,32
4141.515186658,child10,414100,frame,12
4141.516390908,child8,414100,frame,-68
4141.545397859,child3,414100,frame,58
4141.551918107,child5,414100,frame,39
4141.5607503129995,child9,414100,frame,43
4141.564951479,child7,414100,frame,44
4141.586745806,child2,414100,frame,21
4141.5891012639995,child6,414100,frame,31
4150.589142533,child2,415009,frame,-118
4150.59209224,child6,415009,frame,-252
4150.592974823,child4,415009,frame,-250
4150.609853361,child1,415009,frame,-88
4150.6186674830005,child10,415009,frame,11
4150.6202561909995,child8,415009,frame,-69
4150.650880975,child3,415009,frame,-96
4150.656282349,child5,415009,frame,-96
4150.665860971,child9,415009,frame,-89
4150.66854197,child7,415009,frame,-127
4160.694001934,child2,416019,frame,19
4160.698536182,child4,416019,frame,154
4160.70064864,child6,416019,frame,172
4160.719680718999,child1,416019,frame,32
4160.723173759,child10,416019,frame,11
4160.724491176,child8,416019,frame,152
4160.754119835,child3,416019,frame,-2
4160.760337166,child5,416019,frame,126
4160.7674426230005,child9,416019,frame,52
4160.775260788,child7,416019,frame,60
4170.780953548,child7,417029,frame,9
4170.799066168,child2,417029,frame,19
4170.804376292,child4,417029,frame,-1
4170.807736291,child6,417029,frame,32
4170.824408495,child1,417029,frame,30
4170.826028369001,child10,417029,frame,56
4170.833389534,child8,417029,frame,-85
4170.855833987,child3,417029,frame,-2
4170.8652004430005,child5,417029,frame,-89
4170.871218316,child9,417029,frame,18
4180.885486865,child7,418039,frame,124
4180.90524086,child2,418039,frame,36
4180.910318442,child6,418039,frame,32
4180.910428234,child4,418039,frame,14
4180.92749148,child1,418039,frame,49
4180.934382978,child10,418039,frame,3
4180.936155686,child8,418039,frame,47
4180.959381971,child3,418039,frame,-2
4180.971633593,child5,418039,frame,51
4180.976688759,child9,418039,frame,-81
4190.981884102,child9,419049,frame,46
4190.990157933,child7,419049,frame,-70
4191.008849595,child2,419049,frame,21
4191.012801219,child4,419049,frame,-2
4191.015108177,child6,419049,frame,32
4191.031029881,child1,419049,frame,28
4191.040282045,child8,419049,frame,-66
4191.041753253,child10,419049,frame,-122
4191.065998039,child3,419049,frame,3
4191.076207703,child5,419049,frame,40
4201.084318253999,child5,420059,frame,-213
4201.0881390859995,child9,420059,frame,-89
4201.09675475,child7,420059,frame,-71
4201.1116261219995,child2,420059,frame,-121
4201.117730537,child4,420059,frame,-205
4201.120471078,child6,420059,frame,-89
4201.135853574,child1,420059,frame,-112
4201.144688696,child8,420059,frame,-78
4201.146376279,child10,420059,frame,-77
4201.171723189,child3,420059,frame,-76
4211.1884963210005,child5,421069,frame,150
4211.1919350709995,child9,421069,frame,36
4211.198672777,child7,421069,frame,37
4211.216260856,child2,421069,frame,163
4211.225585145,child6,421069,frame,31
4211.226226936999,child4,421069,frame,149
4211.241292600001,child1,421069,frame,152
4211.248980431,child8,421069,frame,135
4211.252293054999,child10,421069,frame,154
4211.274786549,child3,421069,frame,136
4221.285360975,child3,422079,frame,-67
4221.291141723001,child5,422079,frame,-81
4221.296148055,child9,422079,frame,-73
4221.304800010999,child7,422079,frame,1
4221.323731048,child2,422079,frame,19
4221.329279172,child6,422079,frame,-92
4221.3296162550005,child4,422079,frame,8
4221.344938126,child1,422079,frame,-111
4221.351405666001,child8,422079,frame,-69
4221.357347497999,child10,422079,frame,-122
4231.386584293001,child3,423089,frame,55
4231.391017084,child5,423089,frame,123
4231.397958207,child9,423089,frame,7
4231.4097143710005,child7,423089,frame,-73
4231.43061949,child4,423089,frame,-100
4231.431332865,child2,423089,frame,-104
4231.434695322,child6,423089,frame,46
4231.448097443999,child1,423089,frame,28
4231.455552442,child8,423089,frame,55
4231.461261273999,child10,423089,frame,18
4241.492606569,child3,424099,frame,58
4241.4934738189995,child5,424099,frame,34
4241.501775692,child9,424099,frame,60
4241.519375354001,child7,424099,frame,127
4241.535067183,child4,424099,frame,133
4241.538374599,child2,424099,frame,4
4241.541517889999,child6,424099,frame,15
4241.558790677,child1,424099,frame,14
4241.558841302,child8,424099,frame,-67
4241.566448717,child10,424099,frame,19
4250.571773733999,child10,425008,frame,16
4250.596601394001,child3,425008,frame,-96
4250.603957184,child5,425008,frame,-88
4250.608383141,child9,425008,frame,49
4250.624580387,child7,425008,frame,-90
4250.640112258,child2,425008,frame,22
4250.641886591,child6,425008,frame,12
4250.6419350490005,child4,425008,frame,-116
4250.6632779599995,child1,425008,frame,22
4250.663773543,child8,425008,frame,10
4260.679774259,child10,426018,frame,27
4260.706752502,child5,426018,frame,170
4260.7074825849995,child3,426018,frame,-2
4260.711772792,child9,426018,frame,42
4260.725453289,child7,426018,frame,126
4260.741437743,child6,426018,frame,32
4260.7451036170005,child4,426018,frame,149
4260.745348283999,child2,426018,frame,20
4260.766409945,child1,426018,frame,13
4260.770445444,child8,426018,frame,55
4270.774807621,child8,427028,frame,-114
4270.788492617,child10,427028,frame,-116
4270.811751153,child3,427028,frame,-2
4270.8123449449995,child5,427028,frame,-76
4270.816531818,child9,427028,frame,-206
4270.8322683979995,child7,427028,frame,-250
4270.846318019,child4,427028,frame,-116
4270.849622185,child6,427028,frame,-93
4270.851710726,child2,427028,frame,20
4270.871138971,child1,427028,frame,-111
4280.8746875649995,child1,428038,frame,157
4280.883958562,child8,428038,frame,0
4280.895496851,child10,428038,frame,29
4280.915237763,child3,428038,frame,-2
4280.916357846,child5,428038,frame,43
4280.923877177,child9,428038,frame,139
4280.9383963400005,child7,428038,frame,130
4280.95219817,child4,428038,frame,149
4280.955445586,child2,428038,frame,2
4280.957103377001,child6,428038,frame,47
4290.979299799,child1,429048,frame,-126
4290.990450505,child8,429048,frame,-69
4291.0030885020005,child10,429048,frame,-106
4291.018458248,child3,429048,frame,-198
4291.022562579999,child5,429048,frame,14
4291.030485828001,child9,429048,frame,-71
4291.045871907,child7,429048,frame,2
4291.058215321,child4,429048,frame,-203
4291.063448069,child2,429048,frame,-120
4291.067208818,child6,429048,frame,-74
4301.083506117,child1,430058,frame,31
4301.0919107400005,child8,430058,frame,161
4301.111649402,child10,430058,frame,176
4301.124181107,child3,430058,frame,29
4301.130859313,child5,430058,frame,22
4301.135730729,child9,430058,frame,48
4301.149385934,child7,430058,frame,-73
4301.1640521379995,child4,430058,frame,25
4301.172616011,child2,430058,frame,161
4301.173060802,child6,430058,frame,173
4311.176239687999,child2,431068,frame,20
4311.1829267699995,child1,431068,frame,33
4311.199923724001,child8,431068,frame,-69
4311.218558885,child10,431068,frame,18
4311.232129257,child3,431068,frame,271
4311.235634714,child5,431068,frame,132
4311.2444537540005,child9,431068,frame,-71
4311.257910292,child7,431068,frame,142
4311.266430165,child4,431068,frame,167
4311.273056038,child6,431068,frame,15
4321.277557382,child6,432078,frame,-233
4321.282184547,child1,432078,frame,-112
4321.282802089,child2,432078,frame,-75
4321.305475958,child8,432078,frame,8
4321.324048828,child10,432078,frame,-106
4321.339620866,child3,432078,frame,-67
4321.340464365,child5,432078,frame,-1
4321.351776154001,child9,432078,frame,-2
4321.363708068,child7,432078,frame,-71
4321.369576941001,child4,432078,frame,-73
4331.373883785,child4,433088,frame,14
4331.377037867001,child6,433088,frame,46
4331.387289531,child1,433088,frame,-98
4331.388334823,child2,433088,frame,13
4331.411694025,child8,433088,frame,21
4331.434069311001,child10,433088,frame,35
4331.4457659750005,child3,433088,frame,11
4331.447719141,child5,433088,frame,-108
4331.458981138,child9,433088,frame,6
4331.467691344001,child7,433088,frame,-2
4341.4784103110005,child4,434098,frame,-1
4341.481858643,child6,434098,frame,-79
4341.492318682,child2,434098,frame,13
4341.494826265,child1,434098,frame,46
4341.5187163420005,child8,434098,frame,-124
4341.542212628,child10,434098,frame,-109
4341.551948959001,child5,434098,frame,-67
4341.553700042,child3,434098,frame,-126
4341.566780663001,child9,434098,frame,-68
4341.571739662,child7,434098,frame,-118
4350.572538847,child9,435007,frame,140
4350.577690387,child7,435007,frame,140
4350.579990636999,child4,435007,frame,-112
4350.586097135,child6,435007,frame,166
4350.601424131,child1,435007,frame,176
4350.6026763810005,child2,435007,frame,-110
4350.621865918,child8,435007,frame,156
4350.644508662001,child10,435007,frame,47
4350.655049534001,child5,435007,frame,13
4350.658550325,child3,435007,frame,38
4360.680262039,child9,436017,frame,-72
4360.683761288,child7,436017,frame,-68
4360.686005203999,child4,436017,frame,15
4360.6945316599995,child6,436017,frame,-93
4360.705647616,child2,436017,frame,10
4360.706107782,child1,436017,frame,-112
4360.729338818,child8,436017,frame,-112
4360.747063688,child10,436017,frame,35
4360.757385602,child5,436017,frame,7
4360.762206310001,child3,436017,frame,13
4370.765771028,child3,437027,frame,13
4370.786328606,child9,437027,frame,15
4370.786641523,child7,437027,frame,60
4370.790231897,child4,437027,frame,29
4370.793847729,child6,437027,frame,-78
4370.809896975001,child2,437027,frame,28
4370.812301933,child1,437027,frame,44
4370.835590552,child8,437027,frame,134
4370.849106882,child10,437027,frame,35
4370.86379192,child5,437027,frame,-118
4380.870873429,child3,438037,frame,-73
4380.872472346,child5,438037,frame,23
4380.891301507,child9,438037,frame,6
4380.892362424001,child7,438037,frame,9
4380.892883757,child6,438037,frame,5
4380.894034923001,child4,438037,frame,6
4380.915726376,child1,438037,frame,29
4380.9159470429995,child2,438037,frame,12
4380.9387920789995,child8,438037,frame,-123
4380.954791366,child10,438037,frame,-106
4390.976688129001,child3,439047,frame,-2
4390.97766067,child5,439047,frame,-85
4390.995994497999,child9,439047,frame,-68
4390.997321998,child7,439047,frame,-125
4390.998468831,child4,439047,frame,-118
4391.00376133,child6,439047,frame,8
4391.019892783,child2,439047,frame,-97
4391.020369908,child1,439047,frame,-97
4391.040882903,child8,439047,frame,-108
4391.059948022,child10,439047,frame,49
4401.067744695,child10,440057,frame,50
4401.081217317,child3,440057,frame,29
4401.081837608001,child5,440057,frame,52
4401.102253143999,child9,440057,frame,139
4401.104739519,child4,440057,frame,40
4401.104987602,child7,440057,frame,138
4401.1055348929995,child6,440057,frame,142
4401.121919139,child1,440057,frame,46
4401.125677012999,child2,440057,frame,151
4401.148557382,child8,440057,frame,150
4411.17394855,child10,441067,frame,-108
4411.186155670999,child3,441067,frame,21
4411.1892100449995,child5,441067,frame,-74
4411.207756707,child9,441067,frame,-2
4411.208023749,child4,441067,frame,157
4411.212309747,child6,441067,frame,-210
4411.2171448710005,child7,441067,frame,10
4411.223031828,child1,441067,frame,31
4411.233384033,child2,441067,frame,-105
4411.254916819,child8,441067,frame,-99
4421.277414821,child10,442077,frame,53
4421.292233859,child3,442077,frame,21
4421.296864774,child5,442077,frame,56
4421.309412271001,child9,442077,frame,-1
4421.313263645,child4,442077,frame,17
4421.317317477,child6,442077,frame,134
4421.323976225,child7,442077,frame,-72
4421.330134932,child1,442077,frame,16
4421.341597179,child2,442077,frame,36
4421.361806631,child8,442077,frame,25
4431.366304555,child8,443087,frame,9
4431.379305052,child10,443087,frame,35
4431.394720964,child3,443087,frame,6
4431.398343588,child5,443087,frame,45
4431.411837126,child9,443087,frame,33
4431.415331542,child4,443087,frame,16
4431.424049373,child6,443087,frame,46
4431.428972205,child7,443087,frame,1
4431.433769745,child1,443087,frame,15
4431.448314616,child2,443087,frame,36
4441.474104784,child8,444097,frame,43
4441.483375281,child10,444097,frame,34
4441.501682901,child5,444097,frame,0
4441.5075497749995,child3,444097,frame,8
4441.518941313,child9,444097,frame,-2
4441.519980938,child4,444097,frame,0
4441.527117103,child6,444097,frame,-1
4441.5356245170005,child7,444097,frame,15
4441.5364944329995,child1,444097,frame,-75
4441.552545304,child2,444097,frame,3
4450.55734671,child2,445006,frame,23
4450.577371621,child8,445006,frame,17
4450.587411869,child10,445006,frame,30
4450.605055572,child5,445006,frame,42
4450.6154688609995,child3,445006,frame,-77
4450.623618858999,child9,445006,frame,42
4450.624025692,child4,445006,frame,2
4450.633220731001,child6,445006,frame,35
4450.639451729,child1,445006,frame,143
4450.642647895,child7,445006,frame,48
4460.662822315,child2,446016,frame,20
4460.682069018,child8,446016,frame,24
4460.693223306001,child10,446016,frame,-90
4460.7106479270005,child5,446016,frame,-90
4460.720064841001,child3,446016,frame,126
4460.726552047,child4,446016,frame,1
4460.726825089,child9,446016,frame,-80
4460.738278377,child6,446016,frame,-87
4460.746202292,child1,446016,frame,-109
4460.75207979,child7,446016,frame,7
4470.767447044,child2,447026,frame,2
4470.784626664999,child8,447026,frame,-96
4470.802068535,child10,447026,frame,34
4470.8132319900005,child5,447026,frame,53
4470.826339362,child3,447026,frame,-2
4470.831971943,child9,447026,frame,-90
4470.833236526,child4,447026,frame,0
4470.840716733001,child6,447026,frame,6
4470.851274355,child1,447026,frame,-78
4470.855583479,child7,447026,frame,-72
4480.860826777,child7,448036,frame,2
4480.871551316,child2,448036,frame,-118
4480.890281394,child8,448036,frame,8
4480.907329348,child10,448036,frame,18
4480.917846511,child5,448036,frame,-88
4480.932955757,child3,448036,frame,-127
4480.934189215,child9,448036,frame,-72
4480.94220263,child4,448036,frame,-78
4480.944184796,child6,448036,frame,47
4480.956719417,child1,448036,frame,29
4490.9627804659995,child7,449046,frame,60
4490.963510299,child1,449046,frame,28
4490.975350296,child2,449046,frame,36
4490.997676748,child8,449046,frame,43
4491.009809911,child10,449046,frame,-89
4491.025068657,child5,449046,frame,54
4491.037588820001,child3,449046,frame,13
4491.040797027999,child9,449046,frame,14
4491.045769526,child4,449046,frame,10
4491.046882151,child6,449046,frame,54
4501.061453239,child1,450056,frame,154
4501.069614237001,child7,450056,frame,9
4501.078143984,child2,450056,frame,145
4501.100102353,child8,450056,frame,133
4501.116390057,child10,450056,frame,35
4501.124255388,child5,450056,frame,55
4501.146189841001,child3,450056,frame,138
4501.147658548,child6,450056,frame,25
4501.149362881,child9,450056,frame,140
4501.150220923,child4,450056,frame,132
4511.160760803,child4,451066,frame,52
4511.162189760999,child1,451066,frame,-113
4511.173712216,child7,451066,frame,0
4511.183413547,child2,451066,frame,5
4511.204430874999,child8,451066,frame,-69
4511.223137078,child10,451066,frame,35
4511.227579118,child5,451066,frame,36
4511.25112307,child6,451066,frame,-94
4511.252620278,child9,451066,frame,-82
4511.254228361,child3,451066,frame,-2
4521.257880409999,child3,452076,frame,-2
4521.265595074,child4,452076,frame,45
4521.276344905,child7,452076,frame,44
4521.27715728,child1,452076,frame,154
4521.288617651,child2,452076,frame,-76
4521.309034604,child8,452076,frame,19
4521.323803892,child10,452076,frame,35
4521.335574889,child5,452076,frame,-89
4521.354170009,child6,452076,frame,48
4521.356539425,child9,452076,frame,14
4531.360376598,child9,453086,frame,14
4531.362385598,child6,453086,frame,-87
4531.362819139,child3,453086,frame,-127
4531.373138053,child4,453086,frame,-88
4531.380099801,child7,453086,frame,-68
4531.382180009,child1,453086,frame,-127
4531.3916445899995,child2,453086,frame,-112
4531.4180198330005,child8,453086,frame,0
4531.42814233,child10,453086,frame,-91
4531.4433390760005,child5,453086,frame,-79
4541.466257578,child6,454096,frame,8
4541.468428994,child9,454096,frame,-104
4541.4713716179995,child3,454096,frame,3
4541.47782095,child4,454096,frame,-80
4541.48380774,child7,454096,frame,-73
4541.48693803,child1,454096,frame,30
4541.496648778,child2,454096,frame,28
4541.5237080199995,child8,454096,frame,-123
4541.530909268,child10,454096,frame,50
4541.544578848,child5,454096,frame,-2
4550.548598088,child5,455005,frame,43
4550.567292124,child6,455005,frame,134
4550.572155123,child9,455005,frame,140
4550.57675758,child3,455005,frame,55
4550.580868329,child4,455005,frame,55
4550.585189786,child7,455005,frame,13
4550.589025159999,child1,455005,frame,22
4550.596745950001,child2,455005,frame,137
4550.628420566,child8,455005,frame,167
4550.633841731,child10,455005,frame,14
4560.651802526,child5,456015,frame,10
4560.670136396,child6,456015,frame,-82
4560.6766641859995,child9,456015,frame,-76
4560.681643685,child3,456015,frame,11
4560.683654476,child4,456015,frame,-80
4560.691623932,child7,456015,frame,-73
4560.694166056,child1,456015,frame,0
4560.700325846,child2,456015,frame,-112
4560.73519317,child8,456015,frame,-78
4560.739716169,child10,456015,frame,37
4570.755518673,child5,457025,frame,45
4570.773132126,child6,457025,frame,-84
4570.780494373999,child9,457025,frame,7
4570.786894164,child3,457025,frame,58
4570.791036413,child4,457025,frame,45
4570.793406079,child7,457025,frame,18
4570.799643994,child1,457025,frame,-1
4570.8042374510005,child2,457025,frame,-113
4570.838794816999,child8,457025,frame,-70
4570.845552731,child10,457025,frame,-91
4580.849237447,child10,458035,frame,35
4580.86145811,child5,458035,frame,-82
4580.880209272,child6,458035,frame,-71
4580.884702521,child9,458035,frame,6
4580.895053893,child3,458035,frame,-76
4580.896225101,child4,458035,frame,-86
4580.897551975,child7,458035,frame,23
4580.905406057,child1,458035,frame,-125
4580.91069568,child2,458035,frame,28
4580.944807254,child8,458035,frame,20
4590.949590428,child8,459045,frame,18
4590.9571884669995,child10,459045,frame,35
4590.966751256,child5,459045,frame,-1
4590.987701126,child6,459045,frame,134
4590.98949125,child9,459045,frame,22
4590.9999677470005,child4,459045,frame,125
4591.0001799560005,child3,459045,frame,56
4591.000366997,child7,459045,frame,6
4591.0032789550005,child1,459045,frame,30
4591.017194409,child2,459045,frame,152
4601.05693299,child8,460055,frame,-99
4601.060846738999,child10,460055,frame,-90
4601.071415194,child5,460055,frame,8
4601.090749231001,child6,460055,frame,-78
4601.097792396,child9,460055,frame,-68
4601.102047978,child1,460055,frame,-92
4601.10516931,child4,460055,frame,-70
4601.105261185,child3,460055,frame,-119
4601.106224518,child7,460055,frame,-100
4601.120788556001,child2,460055,frame,-94
4611.160626803,child8,461065,frame,25
4611.163613885999,child10,461065,frame,49
4611.176798424,child5,461065,frame,-126
4611.190811003,child6,461065,frame,126
4611.203950541,child9,461065,frame,22
4611.208427499,child4,461065,frame,8
4611.2108553729995,child7,461065,frame,31
4611.2113688730005,child3,461065,frame,21
4611.211424123,child1,461065,frame,44
4611.225687327001,child2,461065,frame,35
4621.267461949,child8,462075,frame,24
4621.268784782,child10,462075,frame,18
4621.280473362,child5,462075,frame,150
4621.291446859001,child6,462075,frame,-69
4621.309126562999,child9,462075,frame,23
4621.315020936,child3,462075,frame,131
4621.316047269,child4,462075,frame,125
4621.317528852,child7,462075,frame,165
4621.320185851,child1,462075,frame,29
4621.327454141,child2,462075,frame,21
4631.374554386,child8,463085,frame,-98
4631.378169676999,child10,463085,frame,36
4631.384017175,child5,463085,frame,-73
4631.391403507,child6,463085,frame,47
4631.41116796,child9,463085,frame,-119
4631.417128916,child3,463085,frame,-73
4631.420615207,child7,463085,frame,-109
4631.420742665,child4,463085,frame,-85
4631.424875039,child1,463085,frame,28
4631.431466704,child2,463085,frame,4
4641.480486866,child8,464095,frame,165
4641.488657447,child10,464095,frame,-91
4641.489152572,child5,464095,frame,129
4641.50004786,child6,464095,frame,59
4641.5188066050005,child9,464095,frame,19
4641.521960396,child3,464095,frame,3
4641.523426937,child7,464095,frame,13
4641.5237057290005,child1,464095,frame,30
4641.525152353,child4,464095,frame,179
4641.538258225,child2,464095,frame,36
4650.544503256,child2,465004,frame,-103
4650.584527661001,child8,465004,frame,-101
4650.596091075,child10,465004,frame,44
4650.596287158,child5,465004,frame,-83
4650.605218406,child6,465004,frame,28
4650.621913276,child9,465004,frame,15
4650.625529067001,child3,465004,frame,43
4650.629479941001,child1,465004,frame,35
4650.631098523,child7,465004,frame,18
4650.631452523,child4,465004,frame,-95
4660.650234277,child2,466014,frame,145
4660.686845975,child8,466014,frame,168
4660.698096597,child5,466014,frame,133
4660.698981347,child10,466014,frame,35
4660.706707761,child6,466014,frame,31
4660.726425339,child9,466014,frame,155
4660.731776921,child3,466014,frame,6
4660.735057420001,child7,466014,frame,131
4660.735986295,child4,466014,frame,38
4660.736514211,child1,466014,frame,29
4670.740979635,child7,467024,frame,9
4670.741247885,child4,467024,frame,23
4670.754775840001,child2,467024,frame,50
4670.787606789,child8,467024,frame,9
4670.804772034,child10,467024,frame,35
4670.805121367,child5,467024,frame,-79
4670.810912741,child6,467024,frame,-108
4670.832422568,child3,467024,frame,-2
4670.833004901,child9,467024,frame,14
4670.837731859,child1,467024,frame,13
4680.845268031,child7,468034,frame,-72
4680.849203322,child4,468034,frame,-77
4680.858218527999,child2,468034,frame,-112
4680.8971727670005,child8,468034,frame,-116
4680.908651722,child10,468034,frame,-90
4680.912717221,child6,468034,frame,38
4680.913933346,child5,468034,frame,9
4680.937546339,child3,468034,frame,-122
4680.938758631,child1,468034,frame,14
4680.938834381001,child9,468034,frame,-235
4690.943042596,child3,469044,frame,3
4690.944921137,child9,469044,frame,142
4690.949455261,child7,469044,frame,-124
4690.9543905929995,child4,469044,frame,155
4690.963428132,child2,469044,frame,13
4691.00291983,child8,469044,frame,28
4691.015100993,child10,469044,frame,142
4691.017893992001,child5,469044,frame,51
4691.018163742,child6,469044,frame,-100
4691.040040278,child1,469044,frame,-126
4701.046878576,child9,470054,frame,-102
4701.047422034,child1,470054,frame,16
4701.048282409,child3,470054,frame,3
4701.054541491,child7,470054,frame,16
4701.058331698,child4,470054,frame,-121
4701.070316195,child2,470054,frame,-113
4701.107835268,child8,470054,frame,-116
4701.11977014,child10,470054,frame,-104
4701.121474306,child6,470054,frame,46
4701.122275972,child5,470054,frame,-96
4711.14999214,child9,471064,frame,163
4711.151225014,child3,471064,frame,19
4711.16008397,child1,471064,frame,15
4711.161296678,child7,471064,frame,138
4711.162800886,child4,471064,frame,29
4711.176632256999,child2,471064,frame,135
4711.217941496,child8,471064,frame,167
4711.222911745,child10,471064,frame,34
4711.226282494,child6,471064,frame,52
4711.231107492,child5,471064,frame,53
4721.255820411,child9,472074,frame,-119
4721.257769618,child3,472074,frame,56
4721.265250865999,child1,472074,frame,15
4721.26848274,child4,472074,frame,13
4721.26940399,child7,472074,frame,-123
4721.281025529,child2,472074,frame,-112
4721.321630017999,child8,472074,frame,-70
4721.329697807,child6,472074,frame,-93
4721.330137098999,child10,472074,frame,-90
4721.339805721,child5,472074,frame,-86
4731.344446436,child5,473084,frame,17
4731.362423223,child9,473084,frame,-122
4731.364289139,child3,473084,frame,-119
4731.365329681,child1,473084,frame,33
4731.373199762,child4,473084,frame,29
4731.374654886,child7,473084,frame,60
4731.386207175,child2,473084,frame,28
4731.429782871,child8,473084,frame,18
4731.430493371,child6,473084,frame,-78
4731.439999493,child10,473084,frame,35
4741.446887417,child5,474094,frame,-74
4741.448761333,child10,474094,frame,34
4741.4657797029995,child1,474094,frame,14
4741.46607412,child9,474094,frame,36
4741.472760951,child3,474094,frame,151
4741.478344741,child7,474094,frame,9
4741.478682658,child4,474094,frame,13
4741.491546904001,child2,474094,frame,13
4741.528338811,child6,474094,frame,249
4741.533291851,child8,474094,frame,19
4750.539701215,child8,475003,frame,-101
4750.549228213,child5,475003,frame,0
4750.554929794001,child10,475003,frame,-94
4750.569389957,child9,475003,frame,36
4750.574174789001,child1,475003,frame,-104
4750.575065914,child3,475003,frame,-75
4750.582365829,child4,475003,frame,-104
4750.585849703,child7,475003,frame,-124
4750.597684908,child2,475003,frame,11
4750.629097315999,child6,475003,frame,-106
4760.635346447,child6,476013,frame,-85
4760.648236194,child8,476013,frame,158
4760.653624609,child5,476013,frame,5
4760.659456149,child10,476013,frame,32
4760.673939687,child9,476013,frame,54
4760.679265435,child1,476013,frame,29
4760.681844018,child3,476013,frame,21
4760.686059891999,child4,476013,frame,29
4760.689966641,child7,476013,frame,41
4760.702026429,child2,476013,frame,36
4770.7422240509995,child6,477023,frame,55
4770.753487882001,child8,477023,frame,-107
4770.75949513,child5,477023,frame,7
4770.761892046,child10,477023,frame,37
4770.779481416,child9,477023,frame,5
4770.780358124,child1,477023,frame,-97
4770.786479914001,child3,477023,frame,6
4770.792165413,child4,477023,frame,15
4770.79770687,child7,477023,frame,32
4770.80368266,child2,477023,frame,-105
4780.849226947,child6,478033,frame,40
4780.858495695,child8,478033,frame,17
4780.864777318,child5,478033,frame,16
4780.867374734,child10,478033,frame,50
4780.881528147,child1,478033,frame,154
4780.886876895001,child9,478033,frame,-87
4780.893328143,child3,478033,frame,-119
4780.894496935,child4,478033,frame,30
4780.903594849,child7,478033,frame,-65
4780.907241306,child2,478033,frame,36
4790.9509720940005,child6,479043,frame,-86
4790.963510506999,child8,479043,frame,1
4790.969258214,child5,479043,frame,24
4790.971163339,child10,479043,frame,-91
4790.984985418,child1,479043,frame,-112
4790.988585501001,child9,479043,frame,-87
4790.99689604,child3,479043,frame,21
4790.999226789,child4,479043,frame,17
4791.008987787,child7,479043,frame,25
4791.010720578,child2,479043,frame,2
4801.051948783,child6,480053,frame,-112
4801.0674415290005,child8,480053,frame,-89
4801.0746707769995,child10,480053,frame,50
4801.075852985,child5,480053,frame,-111
4801.086447149,child1,480053,frame,29
4801.095197188,child9,480053,frame,7
4801.09865027,child3,480053,frame,21
4801.102622394,child4,480053,frame,-111
4801.110456558999,child2,480053,frame,36
4801.11784589,child7,480053,frame,22
4811.155480846,child6,481063,frame,125
4811.171998467,child8,481063,frame,150
4811.177189299,child10,481063,frame,-90
4811.1787057149995,child5,481063,frame,21
4811.194124961,child1,481063,frame,28
4811.202403083999,child9,481063,frame,44
4811.206506582001,child4,481063,frame,31
4811.206719332,child3,481063,frame,27
4811.214224247,child2,481063,frame,20
4811.223951868999,child7,481063,frame,-100
4821.260661743,child6,482073,frame,41
4821.280334071,child8,482073,frame,-98
4821.281270862,child10,482073,frame,50
4821.28213382,child5,482073,frame,23
4821.300249397999,child1,482073,frame,-94
4821.306654813,child9,482073,frame,46
4821.308309896,child4,482073,frame,31
4821.3114663119995,child3,482073,frame,11
4821.317520269,child2,482073,frame,-105
4821.329050681999,child7,482073,frame,48
4831.363292098,child6,483083,frame,0
4831.385214009,child10,483083,frame,32
4831.388756423999,child8,483083,frame,24
4831.389142799,child5,483083,frame,16
4831.403337545,child1,483083,frame,46
4831.408321752,child9,483083,frame,-80
4831.417191625,child4,483083,frame,-94
4831.4187276659995,child3,483083,frame,27
4831.424924998,child2,483083,frame,18
4831.433681079,child7,483083,frame,30
4841.435815628,child7,484093,frame,30
4841.46465937,child6,484093,frame,53
4841.489965363,child10,484093,frame,36
4841.49690357,child8,484093,frame,10
4841.497001236,child5,484093,frame,139
4841.5070959,child1,484093,frame,157
4841.512190482,child9,484093,frame,184
4841.521087271,child4,484093,frame,174
4841.523983979,child3,484093,frame,16
4841.52627352,child2,484093,frame,36
4850.526024427,child4,485002,frame,-122
4850.529340426,child3,485002,frame,-87
4850.52942601,child2,485002,frame,37
4850.544869464,child7,485002,frame,-118
4850.566397416001,child6,485002,frame,-104
4850.593531201001,child10,485002,frame,-95
4850.601060782001,child5,485002,frame,-119
4850.604087989,child8,485002,frame,49
4850.610522571,child1,485002,frame,-102
4850.614892153,child9,485002,frame,-113
4860.62640645,child9,486012,frame,123
4860.631609657,child4,486012,frame,173
4860.6348863230005,child3,486012,frame,28
4860.636358697,child2,486012,frame,2
4860.648364819,child7,486012,frame,175
4860.6658321059995,child6,486012,frame,179
4860.699986471001,child10,486012,frame,176
4860.70513622,child5,486012,frame,13
4860.705936552999,child8,486012,frame,8
4860.71219551,child1,486012,frame,16
4870.731874138,child9,487022,frame,-212
4870.736961011,child4,487022,frame,-237
4870.740042177,child2,487022,frame,-102
4870.740987343001,child3,487022,frame,-112
4870.755635631,child7,487022,frame,-119
4870.768558836,child6,487022,frame,-84
4870.805182075999,child10,487022,frame,-216
4870.810041575,child8,487022,frame,-115
4870.810236158,child5,487022,frame,13
4870.810912241,child1,487022,frame,-95
4880.834113618001,child9,488032,frame,179
4880.8413222829995,child4,488032,frame,170
4880.842369616,child3,488032,frame,29
4880.843952949,child2,488032,frame,36
4880.858549195,child7,488032,frame,167
4880.875985148,child6,488032,frame,38
4880.909555347001,child10,488032,frame,51
4880.912534055,child8,488032,frame,166
4880.915809971,child1,488032,frame,156
4880.91629772,child5,488032,frame,16
4890.942236805,child9,489042,frame,-95
4890.943165805,child4,489042,frame,-112
4890.946925804001,child2,489042,frame,36
4890.94881972,child3,489042,frame,29
4890.961308591,child7,489042,frame,-103
4890.9831081269995,child6,489042,frame,-89
4891.014047952,child10,489042,frame,51
4891.018643992,child8,489042,frame,-69
4891.02091545,child5,489042,frame,-1
4891.023955033,child1,489042,frame,-218
4901.027836040001,child5,490052,frame,-1
4901.031181497,child1,490052,frame,170
4901.042639577,child4,490052,frame,28
4901.043333119001,child9,490052,frame,26
4901.050613325,child3,490052,frame,29
4901.05074595,child2,490052,frame,-89
4901.066182571,child7,490052,frame,7
4901.084504358,child6,490052,frame,39
4901.1141996,child10,490052,frame,-108
4901.122845639,child8,490052,frame,-108
4911.128721562,child8,491062,frame,-89
4911.129818687,child5,491062,frame,17
4911.1347247270005,child1,491062,frame,-112
4911.148575057,child9,491062,frame,-79
4911.149007348,child4,491062,frame,30
4911.151433973,child3,491062,frame,29
4911.156894971,child2,491062,frame,18
4911.170050718,child7,491062,frame,-100
4911.187400254,child6,491062,frame,-85
4911.217490788,child10,491062,frame,-72
4921.233193583999,child8,492072,frame,33
4921.235293583,child1,492072,frame,29
4921.2361428330005,child5,492072,frame,60
4921.254927161,child4,492072,frame,-113
4921.255377286,child9,492072,frame,46
4921.257176244,child3,492072,frame,-96
4921.264237992,child2,492072,frame,36
4921.274976154999,child7,492072,frame,147
4921.289258943,child6,492072,frame,47
4921.324042767001,child10,492072,frame,129
4931.3291532739995,child10,493082,frame,57
4931.337506188,child5,493082,frame,131
4931.337609897,child8,493082,frame,175
4931.339437146,child1,493082,frame,169
4931.357731016,child9,493082,frame,125
4931.360434265,child4,493082,frame,47
4931.363255765001,child3,493082,frame,45
4931.3668533049995,child2,493082,frame,161
4931.377769511,child7,493082,frame,25
4931.393318756001,child6,493082,frame,47
4941.431658296,child10,494092,frame,-83
4941.441074877001,child5,494092,frame,-89
4941.442092376,child1,494092,frame,-236
4941.442805959,child8,494092,frame,-106
4941.464078161999,child9,494092,frame,-109
4941.465402745,child3,494092,frame,-93
4941.465981785999,child4,494092,frame,30
4941.471689243,child2,494092,frame,-229
4941.4794287409995,child7,494092,frame,-242
4941.499042861,child6,494092,frame,-95
4950.535041883,child10,495001,frame,129
4950.545349922,child5,495001,frame,37
4950.54606613,child8,495001,frame,37
4950.546170297,child1,495001,frame,174
4950.567600041,child3,495001,frame,128
4950.567913541,child4,495001,frame,51
4950.571898665,child9,495001,frame,43
4950.575010831,child2,495001,frame,156
4950.5847579950005,child7,495001,frame,153
4950.605292697001,child6,495001,frame,42
4960.640919363001,child10,496011,frame,-92
4960.647609277,child5,496011,frame,37
4960.649372819,child1,496011,frame,-236
4960.652230026,child8,496011,frame,17
4960.670500855,child3,496011,frame,-104
4960.670611021,child4,496011,frame,-111
4960.674471478001,child9,496011,frame,-94
4960.676936311,child2,496011,frame,-106
4960.691401682,child7,496011,frame,-101
4960.708068261,child6,496011,frame,46
4970.743791426,child10,497021,frame,32
4970.750536091,child1,497021,frame,123
4970.751381382,child5,497021,frame,-76
4970.756927464,child8,497021,frame,-72
4970.774850459,child3,497021,frame,36
4970.77695925,child4,497021,frame,47
4970.778472958001,child9,497021,frame,-2
4970.781129083,child2,497021,frame,-89
4970.799308203,child7,497021,frame,37
4970.8088742,child6,497021,frame,-77
4980.851709488,child10,498031,frame,53
4980.85575057,child5,498031,frame,36
4980.855965779,child1,498031,frame,148
4980.860741693999,child8,498031,frame,39
4980.878082273,child3,498031,frame,37
4980.878328981,child4,498031,frame,31
4980.88112073,child9,498031,frame,36
4980.890963186,child2,498031,frame,160
4980.902820141,child7,498031,frame,42
4980.909859639,child6,498031,frame,130
4990.958908259,child10,499041,frame,35
4990.960497550001,child5,499041,frame,28
4990.961050967,child1,499041,frame,-101
4990.967078673,child8,499041,frame,43
4990.980439045,child4,499041,frame,31
4990.981809878,child3,499041,frame,37
4990.986265085,child9,499041,frame,-72
4990.995983832,child2,499041,frame,-227
4991.006395954,child7,499041,frame,21
4991.012906661,child6,499041,frame,-87
5001.060266364,child1,500051,frame,23
5001.062667364,child10,500051,frame,-106
5001.068419069999,child5,500051,frame,22
5001.073197611,child8,500051,frame,8
5001.0866060650005,child4,500051,frame,30
5001.089141773,child3,500051,frame,-88
5001.08999894,child9,500051,frame,53
5001.100879145,child2,500051,frame,177
5001.109342309,child7,500051,frame,26
5001.115991724,child6,500051,frame,-84
5011.160888262,child1,501061,frame,-101
5011.168523385,child10,501061,frame,42
5011.175941758001,child5,501061,frame,-101
5011.178341757,child8,501061,frame,-115
5011.191209003,child4,501061,frame,-108
5011.194042753,child9,501061,frame,-71
5011.1948126689995,child3,501061,frame,-88
5011.207253082,child2,501061,frame,-90
5011.215009205,child7,501061,frame,-211
5011.2206722870005,child6,501061,frame,-71
5021.219902587,child7,502071,frame,178
5021.222085586999,child6,502071,frame,134
5021.262612951,child1,502071,frame,134
5021.274811614,child10,502071,frame,43
5021.2776149460005,child5,502071,frame,126
5021.282823903,child8,502071,frame,123
5021.296997691,child3,502071,frame,178
5021.297361108001,child4,502071,frame,155
5021.297704024,child9,502071,frame,15
5021.31265327,child2,502071,frame,51
5031.324977691999,child6,503081,frame,-78
5031.327076483,child7,503081,frame,25
5031.367171264,child1,503081,frame,-112
5031.383426551,child10,503081,frame,-98
5031.383838717,child5,503081,frame,-106
5031.3865053829995,child8,503081,frame,16
5031.399848880001,child3,503081,frame,-104
5031.403306587001,child4,503081,frame,-91
5031.40404192,child9,503081,frame,50
5031.413415626,child2,503081,frame,-87
5041.425861588999,child6,504091,frame,-1
5041.431017254,child7,504091,frame,-103
5041.470653744,child1,504091,frame,46
5041.485652531,child5,504091,frame,35
5041.488241989,child10,504091,frame,32
5041.49117228,child8,504091,frame,17
5041.506831942001,child3,504091,frame,47
5041.50775015,child4,504091,frame,29
5041.508199733,child9,504091,frame,-121
5041.517389731001,child2,504091,frame,4
5050.510037557,child3,505000,frame,7
5050.510469765,child9,505000,frame,57
5050.514788097,child4,505000,frame,21
5050.5241765109995,child2,505000,frame,57
5050.527373344001,child6,505000,frame,48
5050.535262675,child7,505000,frame,158
5050.572452123,child1,505000,frame,22
5050.590760285,child5,505000,frame,27
5050.591638993,child10,505000,frame,32
5050.595442908,child8,505000,frame,-83
5060.614202537,child3,506010,frame,-90
5060.617050703,child9,506010,frame,-118
5060.6212990760005,child4,506010,frame,-113
5060.629317574,child2,506010,frame,-99
5060.634087240001,child6,506010,frame,-70
5060.638431363,child7,506010,frame,-119
5060.6719201880005,child1,506010,frame,-104
5060.693274806999,child5,506010,frame,-102
5060.6979898889995,child10,506010,frame,-90
5060.704653512,child8,506010,frame,-109
5070.715369101,child3,507020,frame,51
5070.722470223999,child9,507020,frame,136
5070.723515182,child4,507020,frame,30
5070.73596447,child2,507020,frame,14
5070.737479011,child6,507020,frame,161
5070.740717802,child7,507020,frame,41
5070.775295168,child1,507020,frame,51
5070.797021495,child5,507020,frame,39
5070.805450743,child10,507020,frame,51
5070.8080717,child8,507020,frame,158
5080.810186916,child10,508030,frame,51
5080.812365291001,child8,508030,frame,-89
5080.821765371001,child3,508030,frame,33
5080.829176911,child4,508030,frame,153
5080.83275591,child9,508030,frame,8
5080.838731700001,child6,508030,frame,-70
5080.840608033,child2,508030,frame,52
5080.851127988,child7,508030,frame,40
5080.882426730001,child1,508030,frame,37
5080.900761016,child5,508030,frame,57
5090.914998229,child10,509040,frame,-91
5090.915918979001,child8,509040,frame,34
5090.92470081,child3,509040,frame,37
5090.933536224,child4,509040,frame,-112
5090.938395014,child9,509040,frame,-236
5090.94324993,child6,509040,frame,-70
5090.946385804,child2,509040,frame,-120
5090.956009676,child7,509040,frame,-103
5090.988763126,child1,509040,frame,-89
5091.004014788,child5,509040,frame,-90
5101.019686584,child10,510050,frame,51
5101.020047459,child8,510050,frame,34
5101.029803831,child3,510050,frame,-104
5101.038234495,child4,510050,frame,-112
5101.042624036,child9,510050,frame,39
5101.043170077,child6,510050,frame,55
5101.048006659,child2,510050,frame,58
5101.060331031,child7,510050,frame,26
5101.090355439,child1,510050,frame,37
5101.108262101,child5,510050,frame,-89
5111.115931857,child5,511060,frame,125
5111.122403106,child8,511060,frame,25
5111.128115021,child10,511060,frame,-92
5111.132916603,child3,511060,frame,53
5111.141893725,child4,511060,frame,170
5111.145791141,child6,511060,frame,0
5111.1469145989995,child9,511060,frame,21
5111.15474843,child2,511060,frame,14
5111.162499803,child7,511060,frame,-104
5111.191951087,child1,511060,frame,-79
5121.221252462,child5,512070,frame,-88
5121.229051834999,child8,512070,frame,24
5121.229878335,child10,512070,frame,53
5121.236237624,child3,512070,frame,-88
5121.246599872,child4,512070,frame,15
5121.252103412001,child9,512070,frame,-78
5121.258613368,child6,512070,frame,-69
5121.259750701,child2,512070,frame,5
5121.265920575001,child7,512070,frame,58
5121.298230274,child1,512070,frame,47
5131.32650715,child5,513080,frame,54
5131.33190994,child10,513080,frame,51
5131.333071023,child8,513080,frame,-207
5131.342031145,child3,513080,frame,53
5131.352364059,child4,513080,frame,17
5131.355722933,child9,513080,frame,172
5131.363354431,child2,513080,frame,131
5131.364950931,child6,513080,frame,125
5131.373606929,child7,513080,frame,39
5131.403553545,child1,513080,frame,-79
5141.429651171,child5,514090,frame,8
5141.4360548780005,child8,514090,frame,40
5141.436858919999,child10,514090,frame,-75
5141.445273791999,child3,514090,frame,50
5141.457898539,child9,514090,frame,-214
5141.461749246,child4,514090,frame,-110
5141.469118536,child2,514090,frame,-82
5141.471818118001,child6,514090,frame,8
5141.479470824001,child7,514090,frame,-89
5141.505087651,child1,514090,frame,1
5151.53223136,child5,515100,frame,43
5151.5369384000005,child10,515100,frame,49
5151.540801233,child8,515100,frame,151
5151.549800397001,child3,515100,frame,-91
5151.559593436,child9,515100,frame,159
5151.561594644,child4,515100,frame,141
5151.569919016,child2,515100,frame,58
5151.575268515,child6,515100,frame,-82
5151.583973263,child7,515100,frame,53
5151.604087382,child1,515100,frame,135
5160.613946619999,child1,516009,frame,-92
5160.633212073,child5,516009,frame,-90
5160.639481488,child10,516009,frame,-79
5160.645004444999,child8,516009,frame,-77
5160.6529437340005,child3,516009,frame,22
5160.660650607,child9,516009,frame,-95
5160.6648224400005,child4,516009,frame,-117
5160.67459802,child2,516009,frame,-199
5160.678911268999,child6,516009,frame,-76
5160.689011641,child7,516009,frame,29
5170.718710225,child1,517019,frame,125
5170.740529551999,child5,517019,frame,-1
5170.743589510001,child10,517019,frame,128
5170.753892381999,child8,517019,frame,25
5170.755850881,child3,517019,frame,51
5170.762657796,child9,517019,frame,133
5170.770213294,child4,517019,frame,157
5170.777740667,child6,517019,frame,133
5170.782393457001,child2,517019,frame,146
5170.792212538,child7,517019,frame,57
5180.822679288,child1,518029,frame,-69
5180.848112489,child5,518029,frame,53
5180.852823405,child10,518029,frame,-101
5180.85748582,child8,518029,frame,-100
5180.85909332,child3,518029,frame,-74
5180.870542441,child9,518029,frame,-95
5180.872934899,child4,518029,frame,-126
5180.881504563,child6,518029,frame,-78
5180.8872202289995,child2,518029,frame,-91
5180.898691809,child7,518029,frame,-103
5190.905161232,child7,519039,frame,57
5190.925719726,child1,519039,frame,-72
5190.955533593,child5,519039,frame,-85
5190.9601013,child10,519039,frame,-2
5190.9602753,child3,519039,frame,-74
5190.960865883,child8,519039,frame,123
5190.976557796,child9,519039,frame,-77
5190.977335796,child4,519039,frame,0
5190.9854388349995,child6,519039,frame,0
5190.992594166,child2,519039,frame,6
5201.008807379,child7,520049,frame,-85
5201.027247582,child1,520049,frame,51
5201.058806407,child5,520049,frame,141
5201.067168196,child3,520049,frame,49
5201.06864007,child10,520049,frame,50
5201.071747069999,child8,520049,frame,32
5201.078145901,child9,520049,frame,41
5201.082523149999,child4,520049,frame,141
5201.091579814,child6,520049,frame,126
5201.097264354,child2,520049,frame,5
5211.105664402,child2,521059,frame,6
5211.112669692,child7,521059,frame,37
5211.1288827710005,child1,521059,frame,53
5211.165092969,child5,521059,frame,-89
5211.1716695919995,child3,521059,frame,53
5211.174062133,child10,521059,frame,-75
5211.179357715,child8,521059,frame,-74
5211.182113423,child9,521059,frame,-77
5211.183496631,child4,521059,frame,18
5211.196271044,child6,521059,frame,-85
5221.213542547,child2,522069,frame,3
5221.216486088,child7,522069,frame,-67
5221.2336588749995,child1,522069,frame,-89
5221.26953049,child5,522069,frame,52
5221.277069197,child3,522069,frame,-72
5221.278253071,child10,522069,frame,3
5221.2861769030005,child8,522069,frame,16
5221.286605902001,child9,522069,frame,15
5221.29012486,child4,522069,frame,-66
5221.295691692,child6,522069,frame,1
5231.318521985,child2,523079,frame,14
5231.320147068001,child7,523079,frame,37
5231.339063187999,child1,523079,frame,45
5231.376044178,child5,523079,frame,45
5231.381199385,child3,523079,frame,7
5231.383478551001,child10,523079,frame,57
5231.391058007,child9,523079,frame,54
5231.391966507,child8,523079,frame,18
5231.396256631,child4,523079,frame,51
5231.402838796,child6,523079,frame,20
5241.409557635,child6,524089,frame,-71
5241.426316630999,child7,524089,frame,58
5241.426534756,child2,524089,frame,21
5241.441773085,child1,524089,frame,54
5241.486277781,child5,524089,frame,-77
5241.486386781,child3,524089,frame,123
5241.486978989001,child10,524089,frame,58
5241.49561907,child9,524089,frame,-74
5241.498442778,child8,524089,frame,50
5241.501972276999,child4,524089,frame,-65
5251.5046178679995,child8,525099,frame,17
5251.508530367,child4,525099,frame,52
5251.516906781,child6,525099,frame,54
5251.529001778,child7,525099,frame,54
5251.529161903,child2,525099,frame,-2
5251.546958981,child1,525099,frame,38
5251.589187844,child5,525099,frame,0
5251.591741385,child3,525099,frame,-75
5251.59290126,child10,525099,frame,-101
5251.600144258,child9,525099,frame,130
5260.592653709,child5,526008,frame,34
5260.595297917,child3,526008,frame,37
5260.596242708,child10,526008,frame,124
5260.605364331,child9,526008,frame,-82
5260.611902454,child8,526008,frame,-101
5260.612118121,child4,526008,frame,6
5260.620461952,child6,526008,frame,41
5260.632553073,child2,526008,frame,54
5260.632576532,child7,526008,frame,-96
5260.654993901,child1,526008,frame,-76
5270.698879272,child3,527018,frame,53
5270.699191272,child5,527018,frame,44
5270.705925145,child10,527018,frame,-83
5270.706899561,child9,527018,frame,9
5270.714247351,child8,527018,frame,34
5270.716554142,child4,527018,frame,-81
5270.727734472,child6,527018,frame,-78
5270.73711647,child2,527018,frame,-65
5270.740020177001,child7,527018,frame,55
5270.7559872150005,child1,527018,frame,47
5280.80164396,child5,528028,frame,27
5280.806254876,child3,528028,frame,37
5280.809009042,child9,528028,frame,45
5280.809215167,child10,528028,frame,51
5280.819028706001,child8,528028,frame,150
5280.81997808,child4,528028,frame,53
5280.8328343270005,child6,528028,frame,55
5280.842154449,child2,528028,frame,130
5280.847608198,child7,528028,frame,38
5280.859481861,child1,528028,frame,31
5290.910104564,child5,529038,frame,-85
5290.91107423,child9,529038,frame,1
5290.91128223,child3,529038,frame,35
5290.912524647,child10,529038,frame,-74
5290.924120143,child4,529038,frame,59
5290.926432643,child8,529038,frame,-117
5290.934686057,child6,529038,frame,0
5290.94953797,child2,529038,frame,-91
5290.953683469001,child7,529038,frame,-84
5290.965186591,child1,529038,frame,31
5301.012798586,child5,530048,frame,-88
5301.015006169,child9,530048,frame,-71
5301.0162390430005,child10,530048,frame,-74
5301.019841959,child3,530048,frame,-90
5301.027893582001,child4,530048,frame,-71
5301.031544997,child8,530048,frame,29
5301.035798205,child6,530048,frame,-69
5301.056438991,child7,530048,frame,39
5301.056839448999,child2,530048,frame,-125
5301.068934654,child1,530048,frame,-95
5311.113341775,child5,531058,frame,134
5311.119849607,child10,531058,frame,182
5311.122740438999,child3,531058,frame,35
5311.1231968560005,child9,531058,frame,125
5311.132617894999,child4,531058,frame,55
5311.136216102001,child8,531058,frame,9
5311.142180184001,child6,531058,frame,143
5311.163798053,child7,531058,frame,41
5311.164389553001,child2,531058,frame,138
5311.172402425001,child1,531058,frame,49
5321.218171171,child5,532068,frame,44
5321.225092961,child10,532068,frame,-99
5321.225674336,child3,532068,frame,-98
5321.230981459,child9,532068,frame,-87
5321.235732416,child4,532068,frame,54
5321.240043832,child8,532068,frame,27
5321.243527498001,child6,532068,frame,46
5321.266661741,child2,532068,frame,-2
5321.274950906,child7,532068,frame,-85
5321.275987155,child1,532068,frame,28
5331.324744567,child5,533078,frame,-98
5331.329022566,child3,533078,frame,33
5331.33103169,child10,533078,frame,-2
5331.337035396999,child9,533078,frame,-71
5331.337497855,child4,533078,frame,38
5331.344099437,child8,533078,frame,-117
5331.345585686,child6,533078,frame,33
5331.373835845,child2,533078,frame,-65
5331.376020011,child1,533078,frame,28
5331.379498634999,child7,533078,frame,36
5341.428180547,child5,534088,frame,40
5341.436173794999,child3,534088,frame,162
5341.4380375030005,child10,534088,frame,-75
5341.4389281270005,child4,534088,frame,-87
5341.4466062500005,child6,534088,frame,-94
5341.446799917,child9,534088,frame,17
5341.452444165,child8,534088,frame,150
5341.478712908,child1,534088,frame,28
5341.481505657,child2,534088,frame,175
5341.482440449,child7,534088,frame,58
5351.534671609001,child5,535098,frame,36
5351.541122399,child3,535098,frame,-232
5351.546131148,child10,535098,frame,10
5351.548278481,child4,535098,frame,48
5351.550301896999,child9,535098,frame,4
5351.55137698,child6,535098,frame,46
5351.559609311001,child8,535098,frame,-114
5351.5858328449995,child1,535098,frame,14
5351.587843845,child2,535098,frame,-73
5351.588348303,child7,535098,frame,-105
5360.589431835,child7,536007,frame,174
5360.5917380010005,child2,536007,frame,50
5360.593001043,child1,536007,frame,-103
5360.639892071,child5,536007,frame,30
5360.645436653001,child3,536007,frame,148
5360.650181110001,child10,536007,frame,59
5360.653484734,child9,536007,frame,152
5360.653765734,child6,536007,frame,12
5360.655900025,child4,536007,frame,43
5360.659678233001,child8,536007,frame,142
5370.694245398,child7,537017,frame,-104
5370.694558648,child1,537017,frame,29
5370.696570606,child2,537017,frame,-82
5370.744064968,child5,537017,frame,55
5370.752795507,child3,537017,frame,-89
5370.757245423,child10,537017,frame,3
5370.7577630470005,child9,537017,frame,-71
5370.761237713,child6,537017,frame,33
5370.762471255,child4,537017,frame,30
5370.766150629,child8,537017,frame,9
5380.798428878,child2,538027,frame,60
5380.799785544,child1,538027,frame,153
5380.801915085,child7,538027,frame,42
5380.84701824,child5,538027,frame,21
5380.85802632,child3,538027,frame,178
5380.860666318999,child9,538027,frame,0
5380.862077111,child10,538027,frame,58
5380.8652945680005,child4,538027,frame,48
5380.868346401,child6,538027,frame,23
5380.869646567,child8,538027,frame,10
5390.902995733,child2,539037,frame,36
5390.907092773,child1,539037,frame,59
5390.907584315,child7,539037,frame,39
5390.950507178,child5,539037,frame,-120
5390.961314008,child3,539037,frame,-104
5390.963453424,child10,539037,frame,-100
5390.967742465,child9,539037,frame,56
5390.970420506,child4,539037,frame,12
5390.970713006,child6,539037,frame,-117
5390.974118422,child8,539037,frame,-69
5401.007961379,child2,540047,frame,-81
5401.010043587,child1,540047,frame,-71
5401.013373252,child7,540047,frame,-103
5401.056983449,child5,540047,frame,31
5401.069222154,child3,540047,frame,-88
5401.07144007,child10,540047,frame,139
5401.07221632,child9,540047,frame,-1
5401.075432985001,child8,540047,frame,1
5401.0757511520005,child6,540047,frame,-73
5401.079547526,child4,540047,frame,-112
5411.1129724,child2,541057,frame,34
5411.113047067,child1,541057,frame,0
5411.115092275,child7,541057,frame,41
5411.158344179,child5,541057,frame,155
5411.173491759,child3,541057,frame,37
5411.175498508,child10,541057,frame,-76
5411.177797591,child9,541057,frame,34
5411.1798383820005,child6,541057,frame,-78
5411.17997009,child8,541057,frame,20
5411.184570505,child4,541057,frame,28
5421.188242029,child8,542067,frame,47
5421.1888414449995,child4,542067,frame,28
5421.21425423,child1,542067,frame,-1
5421.215308938,child2,542067,frame,38
5421.220342312,child7,542067,frame,22
5421.262001717,child5,542067,frame,-125
5421.279472379,child10,542067,frame,58
5421.280549295,child9,542067,frame,-86
5421.2810498789995,child3,542067,frame,35
5421.28230667,child6,542067,frame,251
5431.286977074,child3,543077,frame,51
5431.290764865,child8,543077,frame,11
5431.2910032810005,child4,543077,frame,13
5431.314545442,child1,543077,frame,0
5431.31948919,child2,543077,frame,-73
5431.326628813001,child7,543077,frame,-84
5431.367504219,child5,543077,frame,-93
5431.383606173,child9,543077,frame,46
5431.3844515890005,child10,543077,frame,43
5431.385949338999,child6,543077,frame,-102
5441.389780243,child9,544087,frame,40
5441.3901089930005,child10,544087,frame,-90
5441.391086493,child3,544087,frame,19
5441.39440595,child8,544087,frame,-86
5441.396656241,child4,544087,frame,12
5441.421836818,child1,544087,frame,17
5441.423366151001,child2,544087,frame,52
5441.43234469,child7,544087,frame,40
5441.473857095,child5,544087,frame,28
5441.48823405,child6,544087,frame,40
5451.48761908,child6,545097,frame,37
5451.494177453,child10,545097,frame,49
5451.495378119999,child9,545097,frame,-94
5451.495769911,child8,545097,frame,-123
5451.497164451999,child3,545097,frame,-93
5451.502192159,child4,545097,frame,14
5451.523041779,child1,545097,frame,-81
5451.528184069,child2,545097,frame,-91
5451.5397200239995,child7,545097,frame,36
5451.576113348,child5,545097,frame,26
5460.581367522999,child5,546006,frame,23
5460.587795312999,child6,546006,frame,-104
5460.598086852,child10,546006,frame,-105
5460.598763144,child9,546006,frame,30
5460.601240518,child3,546006,frame,52
5460.602019893,child8,546006,frame,41
5460.604668767,child4,546006,frame,-98
5460.626520761,child1,546006,frame,2
5460.63197326,child2,546006,frame,50
5460.641563174,child7,546006,frame,33
5470.685201901,child5,547016,frame,-95
5470.692723398,child6,547016,frame,55
5470.700268271,child9,547016,frame,-78
5470.701353771,child10,547016,frame,-1
5470.70495452,child3,547016,frame,-80
5470.70722502,child8,547016,frame,18
5470.707838561,child4,547016,frame,-94
5470.729325305,child1,547016,frame,-120
5470.740539219,child2,547016,frame,-73
5470.746521925999,child7,547016,frame,-229
5480.790485069,child5,548026,frame,-93
5480.799885483,child6,548026,frame,-86
5480.802926149,child9,548026,frame,0
5480.8042410650005,child10,548026,frame,-75
5480.807759314,child3,548026,frame,-81
5480.814335187,child4,548026,frame,46
5480.814661979,child8,548026,frame,8
5480.831668557999,child1,548026,frame,29
5480.844880554,child2,548026,frame,-120
5480.852783469,child7,548026,frame,11
5490.892334988,child5,549036,frame,126
5490.904301902,child9,549036,frame,46
5490.907910484,child10,549036,frame,11
5490.910358149999,child3,549036,frame,45
5490.910939608,child6,549036,frame,59
5490.918276189001,child4,549036,frame,30
5490.919596814,child8,549036,frame,-98
5490.93608056,child1,549036,frame,-105
5490.952679347,child2,549036,frame,59
5490.955221304001,child7,549036,frame,47
5500.998615948,child5,550046,frame,-74
5501.0106354029995,child9,550046,frame,0
5501.011406444,child10,550046,frame,3
5501.016464693,child6,550046,frame,-100
5501.017609984,child3,550046,frame,-80
5501.02115065,child4,550046,frame,31
5501.024621191,child8,550046,frame,24
5501.041169728,child1,550046,frame,37
5501.05824889,child7,550046,frame,2
5501.058489348,child2,550046,frame,13
5511.105182824,child5,551056,frame,52
5511.11433053,child9,551056,frame,-71
5511.115026488,child10,551056,frame,11
5511.118393779,child3,551056,frame,-1
5511.121323278,child6,551056,frame,0
5511.127138818,child4,551056,frame,30
5511.12765611,child8,551056,frame,34
5511.142588314,child1,551056,frame,36
5511.161482726,child7,551056,frame,8
5511.1667819330005,child2,551056,frame,146
5521.211738575999,child5,552066,frame,39
5521.220639656,child10,552066,frame,20
5521.221664281001,child9,552066,frame,9
5521.222114698,child3,552066,frame,6
5521.224143864,child6,552066,frame,55
5521.23225832,child4,552066,frame,30
5521.233569903,child8,552066,frame,51
5521.242152817,child1,552066,frame,36
5521.261814312,child7,552066,frame,45
5521.273334308999,child2,552066,frame,-2
5531.317088077,child5,553076,frame,39
5531.327686074,child6,553076,frame,55
5531.327875616,child10,553076,frame,56
5531.329041324,child3,553076,frame,140
5531.331009406999,child9,553076,frame,123
5531.336160697,child4,553076,frame,31
5531.338805863001,child8,553076,frame,26
5531.347243069,child1,553076,frame,38
5531.369283105,child7,553076,frame,128
5531.375613145,child2,553076,frame,51
5541.383284173,child2,554086,frame,-73
5541.41973658,child5,554086,frame,-70
5541.430930452,child6,554086,frame,-70
5541.4359603249995,child10,554086,frame,-112
5541.436191908,child3,554086,frame,-72
5541.43686795,child9,554086,frame,-69
5541.440241824,child4,554086,frame,47
5541.445403198,child8,554086,frame,-99
5541.459552652001,child1,554086,frame,31
5541.478482397,child7,554086,frame,-88
5551.485963509,child2,555096,frame,3
5551.486103342,child7,555096,frame,9
5551.524011873001,child5,555096,frame,51
5551.53395662,child6,555096,frame,53
5551.538041536,child10,555096,frame,143
5551.541318451999,child9,555096,frame,4
5551.543618451,child3,555096,frame,8
5551.546565075,child4,555096,frame,15
5551.550891324,child8,555096,frame,25
5551.565046904,child1,555096,frame,31
5560.588377033,child2,556005,frame,40
5560.592121699,child7,556005,frame,146
5560.627594189,child5,556005,frame,27
5560.639923769,child10,556005,frame,59
5560.641202602,child6,556005,frame,34
5560.646230101,child3,556005,frame,18
5560.648620975,child4,556005,frame,13
5560.648972933,child9,556005,frame,36
5560.657969305999,child8,556005,frame,156
5560.66758622,child1,556005,frame,25
5570.672334499,child1,557015,frame,15
5570.69386416,child2,557015,frame,38
5570.695928492,child7,557015,frame,-99
5570.733514357,child5,557015,frame,22
5570.742622938,child6,557015,frame,41
5570.748367728,child10,557015,frame,-74
5570.750224269,child3,557015,frame,53
5570.75415381,child4,557015,frame,-66
5570.755936268,child9,557015,frame,-87
5570.760100725,child8,557015,frame,8
5580.777013501,child1,558025,frame,0
5580.798633536,child2,558025,frame,36
5580.801228619,child7,558025,frame,39
5580.838904192,child5,558025,frame,30
5580.84532094,child6,558025,frame,-66
5580.85274748,child10,558025,frame,57
5580.8557865620005,child3,558025,frame,53
5580.859612686,child4,558025,frame,4
5580.8620606859995,child9,558025,frame,133
5580.862405186001,child8,558025,frame,13
5590.879513545,child1,559035,frame,-2
5590.90321158,child2,559035,frame,-97
5590.907260745,child7,559035,frame,-111
5590.9454475269995,child5,559035,frame,-110
5590.947756359,child6,559035,frame,40
5590.959151273,child10,559035,frame,51
5590.962993689,child3,559035,frame,-89
5590.963455147,child4,559035,frame,5
5590.965958063,child9,559035,frame,-71
5590.967810812001,child8,559035,frame,-69
5600.9713718,child3,560045,frame,45
5600.971538925,child9,560045,frame,-69
5600.971743717,child8,560045,frame,17
5600.982273255,child1,560045,frame,18
5601.00689779,child2,560045,frame,-73
5601.0178721620005,child7,560045,frame,41
5601.049227362,child6,560045,frame,32
5601.050193444999,child5,560045,frame,48
5601.065636691001,child10,560045,frame,-100
5601.069403815,child4,560045,frame,4
5611.0739033439995,child8,561055,frame,2
5611.074282136,child3,561055,frame,-88
5611.07636051,child9,561055,frame,0
5611.077620051,child4,561055,frame,-121
5611.081303092,child1,561055,frame,-65
5611.110015918,child2,561055,frame,-83
5611.123605706,child7,561055,frame,22
5611.159579029,child6,561055,frame,-93
5611.159837696,child5,561055,frame,-97
5611.169630443001,child10,561055,frame,53
5621.172496222,child10,562065,frame,-74
5621.178483763,child8,562065,frame,-125
5621.1791131790005,child9,562065,frame,58
5621.18235747,child1,562065,frame,4
5621.183202345,child3,562065,frame,-2
5621.185814218999,child4,562065,frame,21
5621.217075044,child2,562065,frame,14
5621.228437416,child7,562065,frame,-76
5621.263916823,child5,562065,frame,44
5621.264988197,child6,562065,frame,47
5631.278023057,child10,563075,frame,42
5631.284047806001,child8,563075,frame,21
5631.28526518,child1,563075,frame,6
5631.2858564299995,child9,563075,frame,0
5631.289759304,child4,563075,frame,22
5631.293915303,child3,563075,frame,53
5631.319565254,child2,563075,frame,5
5631.332684793,child7,563075,frame,48
5631.3656759919995,child6,563075,frame,-93
5631.367023533,child5,563075,frame,31
5641.37183252,child5,564085,frame,-95
5641.386183433,child10,564085,frame,-74
5641.388013349,child1,564085,frame,4
5641.3903015569995,child8,564085,frame,0
5641.39137939,child4,564085,frame,22
5641.3918143480005,child9,564085,frame,0
5641.401614304,child3,564085,frame,-80
5641.425621881,child2,564085,frame,6
5641.434087461999,child7,564085,frame,-104
5641.471238827,child6,564085,frame,47
5651.474903356,child6,565095,frame,0
5651.476614647,child5,565095,frame,46
5651.491088727,child1,565095,frame,-119
5651.4918387259995,child10,565095,frame,3
5651.4948758089995,child4,565095,frame,25
5651.495054142,child8,565095,frame,19
5651.498536975,child9,565095,frame,6
5651.507691722,child3,565095,frame,-70
5651.538027506001,child2,565095,frame,-70
5651.538123506,child7,565095,frame,7
5660.5776015050005,child5,566004,frame,-72
5660.577962005,child6,566004,frame,-110
5660.593164834,child1,566004,frame,29
5660.5941017509995,child10,566004,frame,-74
5660.601412707,child4,566004,frame,-96
5660.6014779160005,child9,566004,frame,17
5660.601824624,child8,566004,frame,-84
5660.612200496,child3,566004,frame,42
5660.638878655,child2,566004,frame,23
5660.643631779,child7,566004,frame,-89
5670.679371716,child6,567014,frame,13
5670.681532424,child5,567014,frame,-2
5670.698319086,child1,567014,frame,21
5670.700982169001,child10,567014,frame,57
5670.706540876,child9,567014,frame,-116
5670.707116166999,child8,567014,frame,33
5670.709753583,child4,567014,frame,30
5670.713684415,child3,567014,frame,12
5670.740682241,child2,567014,frame,37
5670.749579489,child7,567014,frame,144
5680.78196926,child6,568024,frame,126
5680.7858293009995,child5,568024,frame,177
5680.799370256,child1,568024,frame,145
5680.808850628,child10,568024,frame,138
5680.811046377001,child8,568024,frame,150
5680.811116627,child9,568024,frame,140
5680.811397086,child4,568024,frame,155
5680.818695959,child3,568024,frame,130
5680.842289036,child2,568024,frame,136
5680.855799239999,child7,568024,frame,37
5690.8865095539995,child6,569034,frame,-71
5690.8901470109995,child5,569034,frame,-213
5690.901045258,child1,569034,frame,-117
5690.912384755,child10,569034,frame,-75
5690.916307586999,child8,569034,frame,-97
5690.916567921,child9,569034,frame,-196
5690.91829942,child4,569034,frame,-110
5690.922746169,child3,569034,frame,-208
5690.945124955,child2,569034,frame,-242
5690.959727992,child7,569034,frame,-67
5700.965260813,child7,570044,frame,133
5700.985673474,child6,570044,frame,56
5700.993083972,child5,570044,frame,180
5701.003024511,child1,570044,frame,140
5701.017896757,child10,570044,frame,128
5701.018252256999,child8,570044,frame,150
5701.021056548,child9,570044,frame,124
5701.024172672,child4,570044,frame,14
5701.029474962,child3,570044,frame,138
5701.049659040001,child2,570044,frame,154
5711.0709434810005,child7,571054,frame,30
5711.0907268089995,child6,571054,frame,54
5711.098898557,child5,571054,frame,-88
5711.107285929,child1,571054,frame,-125
5711.122477175,child9,571054,frame,8
5711.124799133,child10,571054,frame,-82
5711.126380674,child8,571054,frame,-115
5711.131757256,child4,571054,frame,14
5711.131842506,child3,571054,frame,-1
5711.15342475,child2,571054,frame,14
5721.174030483,child7,572064,frame,-76
5721.199224935,child6,572064,frame,41
5721.201831476,child5,572064,frame,9
5721.212473056,child1,572064,frame,14
5721.2267698860005,child9,572064,frame,9
5721.230966259,child8,572064,frame,134
5721.232942967001,child10,572064,frame,-68
5721.236097591,child3,572064,frame,6
5721.237007716,child4,572064,frame,32
5721.260026252,child2,572064,frame,-67
5731.263721531,child2,573074,frame,148
5731.283512942,child7,573074,frame,30
5731.305319061,child5,573074,frame,169
5731.308246435,child6,573074,frame,38
5731.316525308,child1,573074,frame,34
5731.332687429,child9,573074,frame,132
5731.335133136,child10,573074,frame,58
5731.335296011,child8,573074,frame,-69
5731.340051593,child4,573074,frame,13
5731.343106176,child3,573074,frame,124
5741.369419449,child2,574084,frame,-127
5741.3880950269995,child7,574084,frame,42
5741.408872647,child5,574084,frame,-98
5741.416541228,child6,574084,frame,-73
5741.417432644001,child1,574084,frame,60
5741.434901765,child9,574084,frame,-70
5741.439651847,child8,574084,frame,18
5741.442576262,child10,574084,frame,33
5741.445165762,child4,574084,frame,12
5741.4477509690005,child3,574084,frame,-88
5751.472056826,child2,575094,frame,12
5751.496099112001,child7,575094,frame,4
5751.515266106,child5,575094,frame,-94
5751.520158438,child1,575094,frame,-72
5751.523636687,child6,575094,frame,27
5751.537664184,child9,575094,frame,-78
5751.541888141,child8,575094,frame,-77
5751.551155972,child4,575094,frame,123
5751.551413555,child10,575094,frame,36
5751.5526421800005,child3,575094,frame,50
5760.554191773,child10,576003,frame,-94
5760.556746856,child3,576003,frame,16
5760.557956605,child4,576003,frame,-126
5760.575249308999,child2,576003,frame,54
5760.605296259,child7,576003,frame,-97
5760.618718797,child5,576003,frame,-96
5760.625677587,child6,576003,frame,-118
5760.62573142,child1,576003,frame,-118
5760.643994374,child9,576003,frame,37
5760.647362498,child8,576003,frame,3
5770.6534273180005,child8,577013,frame,27
5770.659839774999,child10,577013,frame,58
5770.662053274,child4,577013,frame,12
5770.664590482001,child3,577013,frame,-73
5770.680600061,child2,577013,frame,22
5770.706553804,child7,577013,frame,45
5770.725004215,child5,577013,frame,7
5770.731109255,child6,577013,frame,46
5770.731201297,child1,577013,frame,29
5770.752314083,child9,577013,frame,8
5780.755859279,child9,578023,frame,-78
5780.7577191949995,child8,578023,frame,-70
5780.764599026,child4,578023,frame,59
5780.768362859,child10,578023,frame,-82
5780.771359816,child3,578023,frame,-90
5780.784583438,child2,578023,frame,-73
5780.812876555,child7,578023,frame,15
5780.829876842,child5,578023,frame,1
5780.8343511739995,child1,578023,frame,13
5780.834583091,child6,578023,frame,33
5790.858873739,child9,579033,frame,175
5790.863271697,child8,579033,frame,141
5790.865704821,child4,579033,frame,176
5790.872062111,child3,579033,frame,184
5790.875567902,child10,579033,frame,128
5790.8912865639995,child2,579033,frame,138
5790.924714762999,child7,579033,frame,41
5790.937497925999,child1,579033,frame,29
5790.937619343001,child6,579033,frame,31
5790.9376828429995,child5,579033,frame,5
5800.964897199,child9,580043,frame,-78
5800.969015323,child8,580043,frame,5
5800.970928989,child4,580043,frame,-99
5800.978010696001,child10,580043,frame,-83
5800.9788414449995,child3,580043,frame,-90
5800.998311857,child2,580043,frame,-83
5801.027704641,child7,580043,frame,-103
5801.036968513,child1,580043,frame,13
5801.0414352200005,child6,580043,frame,33
5801.045775177,child5,580043,frame,-2
5811.067953785,child9,581053,frame,-195
5811.074566408,child8,581053,frame,-124
5811.075171075,child4,581053,frame,-86
5811.084888279999,child3,581053,frame,26
5811.084941739,child10,581053,frame,25
5811.1054103159995,child2,581053,frame,-2
5811.1336971420005,child7,581053,frame,41
5811.1436624729995,child1,581053,frame,13
5811.144933806,child6,581053,frame,-94
5811.151455012,child5,581053,frame,-126
5821.1589069990005,child1,582063,frame,15
5821.162092830999,child5,582063,frame,164
5821.173360412,child9,582063,frame,156
5821.179735368,child8,582063,frame,27
5821.180812118,child4,582063,frame,170
5821.190544698,child10,582063,frame,-80
5821.192738198,child3,582063,frame,52
5821.211188818001,child2,582063,frame,13
5821.2418763509995,child7,582063,frame,147
5821.245687933,child6,582063,frame,48
5831.263661959,child1,583073,frame,-101
5831.270503457,child5,583073,frame,-92
5831.275590497,child9,583073,frame,-72
5831.281454829,child8,583073,frame,8
5831.288240285,child4,583073,frame,-103
5831.2993006570005,child10,583073,frame,-67
5831.301404865,child3,583073,frame,-88
5831.3138844039995,child2,583073,frame,-2
5831.3453464780005,child7,583073,frame,-100
5831.348621810999,child6,583073,frame,-74
5841.354595714,child7,584083,frame,-85
5841.367763669,child1,584083,frame,29
5841.373008209001,child5,584083,frame,22
5841.385660831,child9,584083,frame,8
5841.3875971219995,child8,584083,frame,1
5841.393306870999,child4,584083,frame,46
5841.4017606180005,child10,584083,frame,137
5841.410994574,child3,584083,frame,-72
5841.418964197,child2,584083,frame,-83
5841.452195313,child6,584083,frame,47
5851.456611425,child6,585093,frame,-95
5851.456896425,child7,585093,frame,20
5851.471121255,child1,585093,frame,17
5851.475684628,child5,585093,frame,11
5851.493384499,child8,585093,frame,19
5851.495143581,child9,585093,frame,13
5851.497369706,child4,585093,frame,-101
5851.505957953999,child10,585093,frame,-76
5851.516825992,child3,585093,frame,3
5851.52467999,child2,585093,frame,12
5860.5593357,child6,586002,frame,28
5860.5618295740005,child7,586002,frame,-90
5860.575841737001,child1,586002,frame,-101
5860.586987150001,child5,586002,frame,0
5860.597965314,child8,586002,frame,-115
5860.598557689,child9,586002,frame,-74
5860.599082939,child4,586002,frame,49
5860.612532727,child10,586002,frame,-66
5860.626177681,child3,586002,frame,-95
5860.632583721,child2,586002,frame,9
5870.664090451,child6,587012,frame,46
5870.665920576,child7,587012,frame,37
5870.677706488999,child1,587012,frame,31
5870.690225528,child5,587012,frame,15
5870.7003669,child8,587012,frame,134
5870.7054897729995,child9,587012,frame,59
5870.705968148,child4,587012,frame,30
5870.716903062,child10,587012,frame,48
5870.733117057999,child3,587012,frame,124
5870.739834931001,child2,587012,frame,-120
5880.747133084,child2,588022,frame,21
5880.7687732859995,child6,588022,frame,-77
5880.7703866189995,child7,588022,frame,58
5880.78514649,child1,588022,frame,47
5880.7962054869995,child5,588022,frame,15
5880.804083652,child8,588022,frame,-99
5880.810687483,child9,588022,frame,32
5880.814079691,child4,588022,frame,46
5880.821337689,child10,588022,frame,14
5880.838023268,child3,588022,frame,5
5890.848090628,child3,589032,frame,124
5890.848319462,child2,589032,frame,154
5890.873643455,child7,589032,frame,21
5890.873848663,child6,589032,frame,125
5890.884514535,child1,589032,frame,29
5890.901733281,child5,589032,frame,158
5890.907414112,child8,589032,frame,151
5890.916161777,child9,589032,frame,23
5890.917904567999,child4,589032,frame,48
5890.932033647,child10,589032,frame,130
5900.954331172,child2,590042,frame,-237
5900.956653796,child3,590042,frame,-74
5900.97790329,child6,590042,frame,-86
5900.980360498,child7,590042,frame,-83
5900.987269579,child1,590042,frame,-97
5901.0051296990005,child5,590042,frame,-80
5901.014039447,child8,590042,frame,-70
5901.02124132,child9,590042,frame,0
5901.026931652,child4,590042,frame,-114
5901.036741356999,child10,590042,frame,-193
5911.0587835900005,child2,591052,frame,169
5911.0605106309995,child3,591052,frame,4
5911.082086542,child6,591052,frame,10
5911.082340709,child7,591052,frame,133
5911.096759163,child1,591052,frame,170
5911.111386326,child5,591052,frame,5
5911.118337949,child8,591052,frame,20
5911.128137238,child9,591052,frame,-1
5911.132329737,child4,591052,frame,168
5911.146122858,child10,591052,frame,137
5921.153921386,child10,592062,frame,50
5921.15967801,child2,592062,frame,138
5921.164666883,child3,592062,frame,59
5921.183457045,child6,592062,frame,47
5921.186915169,child7,592062,frame,30
5921.2028199979995,child1,592062,frame,-112
5921.21339612,child5,592062,frame,53
5921.225421867,child8,592062,frame,1
5921.234860613999,child9,592062,frame,134
5921.23775253,child4,592062,frame,12
5931.259231595999,child10,593072,frame,-67
5931.266880886,child2,593072,frame,-120
5931.269937509999,child3,593072,frame,-82
5931.284156964,child6,593072,frame,-78
5931.292310045,child7,593072,frame,-91
5931.304312876,child1,593072,frame,29
5931.317930914,child5,593072,frame,48
5931.333722993,child8,593072,frame,-107
5931.3415965740005,child9,593072,frame,-195
5931.34478599,child4,593072,frame,-113
5941.347631644,child9,594082,frame,140
5941.350810268,child4,594082,frame,136
5941.365689514,child10,594082,frame,165
5941.369555138001,child2,594082,frame,146
5941.376326844999,child3,594082,frame,158
5941.385549925,child6,594082,frame,172
5941.3994747550005,child7,594082,frame,153
5941.409571211,child1,594082,frame,153
5941.421946291,child5,594082,frame,37
5941.437795745001,child8,594082,frame,142
5951.451923646,child9,595092,frame,-74
5951.459234227,child4,595092,frame,-126
5951.470868432,child10,595092,frame,-98
5951.475221723,child2,595092,frame,-246
5951.4812094710005,child3,595092,frame,-107
5951.492298802,child6,595092,frame,-95
5951.504164673,child7,595092,frame,-107
5951.515782837,child1,595092,frame,-126
5951.527240959,child5,595092,frame,-77
5951.542014955,child8,595092,frame,-76
5960.546842797,child8,596001,frame,34
5960.5585215440005,child9,596001,frame,25
5960.564248293001,child4,596001,frame,33
5960.573845165,child10,596001,frame,-87
5960.57856308,child2,596001,frame,124
5960.587204953,child3,596001,frame,17
5960.602390991001,child6,596001,frame,28
5960.606796864,child7,596001,frame,24
5960.620961735,child1,596001,frame,146
5960.631849399,child5,596001,frame,27
5970.654535965,child8,597011,frame,-69
5970.663817211999,child9,597011,frame,0
5970.667960795,child4,597011,frame,12
5970.680352208,child10,597011,frame,-74
5970.685746581,child2,597011,frame,5
5970.695313079001,child3,597011,frame,-88
5970.707795659,child6,597011,frame,31
5970.713955114999,child7,597011,frame,-110
5970.720010696999,child1,597011,frame,-125
5970.733772359999,child5,597011,frame,28
5980.739586139,child5,598021,frame,-87
5980.759466967,child8,598021,frame,16
5980.772300463001,child9,598021,frame,1
5980.774720504,child4,598021,frame,13
5980.783403085,child10,598021,frame,136
5980.788398167,child2,598021,frame,22
5980.799856039,child3,598021,frame,123
5980.813346452,child6,598021,frame,41
5980.818730825999,child7,598021,frame,46
5980.819418117,child1,598021,frame,15
5990.844097391,child5,599031,frame,39
5990.866573176,child8,599031,frame,27
5990.8801166719995,child4,599031,frame,124
5990.882044297,child9,599031,frame,124
5990.889727253,child10,599031,frame,35
5990.894831877,child2,599031,frame,34
5990.906676164999,child3,599031,frame,36
5990.914403913,child6,599031,frame,23
5990.92101637,child1,599031,frame,125
5990.924563326999,child7,599031,frame,139
6000.947254518001,child5,600041,frame,-95
6000.97096197,child8,600041,frame,8
6000.986567965,child4,600041,frame,-65
6000.988675382,child9,600041,frame,-99
6000.9953137130005,child10,600041,frame,-82
6001.0004757120005,child2,600041,frame,-1
6001.009952167,child3,600041,frame,29
6001.021059123,child6,600041,frame,-89
6001.0288144119995,child1,600041,frame,-126
6001.033066036,child7,600041,frame,-100
6011.052441270001,child5,601051,frame,1
6011.079267804,child8,601051,frame,-116
6011.0942527160005,child4,601051,frame,-120
6011.096706132001,child9,601051,frame,8
6011.097462507,child10,601051,frame,40
6011.104275047,child2,601051,frame,-111
6011.112958711,child3,601051,frame,-96
6011.1258125409995,child6,601051,frame,-93
6011.134200289,child1,601051,frame,17
6011.1377151629995,child7,601051,frame,22
6021.147741316,child7,602061,frame,-100
6021.154460105,child5,602061,frame,52
6021.183601556,child8,602061,frame,28
6021.2004886760005,child4,602061,frame,6
6021.204080384,child10,602061,frame,-80
6021.204541550001,child9,602061,frame,-78
6021.210080174,child2,602061,frame,-112
6021.2194487960005,child3,602061,frame,-96
6021.229905418,child6,602061,frame,32
6021.240614915,child1,602061,frame,-65
6031.245728776999,child1,603071,frame,20
6031.255644483,child7,603071,frame,56
6031.260927482,child5,603071,frame,52
6031.288568098999,child8,603071,frame,151
6031.307456552,child4,603071,frame,22
6031.310447635,child9,603071,frame,9
6031.314005051,child2,603071,frame,153
6031.314374924999,child10,603071,frame,11
6031.328639046999,child3,603071,frame,59
6031.332826337,child6,603071,frame,-78
6041.3507735289995,child1,604081,frame,131
6041.363032651,child7,604081,frame,21
6041.368463441,child5,604081,frame,39
6041.391894435,child8,604081,frame,18
6041.41408672,child4,604081,frame,6
6041.416688053,child9,604081,frame,43
6041.417881844,child2,604081,frame,-2
6041.421367092999,child10,604081,frame,3
6041.436246589,child3,604081,frame,43
6041.436372006,child6,604081,frame,172
6051.44051791,child3,605091,frame,-85
6051.453952865,child1,605091,frame,-119
6051.467653444,child7,605091,frame,41
6051.474870484,child5,605091,frame,-89
6051.497607895,child8,605091,frame,-123
6051.5190238469995,child4,605091,frame,25
6051.519803014,child2,605091,frame,-112
6051.521800971001,child9,605091,frame,-2
6051.528065761,child10,605091,frame,58
6051.539388008,child6,605091,frame,-95
6060.535415395,child10,606000,frame,37
6060.537821728,child6,606000,frame,28
6060.540810602,child3,606000,frame,184
6060.555749348,child1,606000,frame,140
6060.573329885,child7,606000,frame,0
6060.5779411329995,child5,606000,frame,44
6060.6057669169995,child8,606000,frame,17
6060.624701662,child2,606000,frame,23
6060.625082746,child4,606000,frame,27
6060.628252578,child9,606000,frame,37
6070.630867524,child4,607010,frame,-122
6070.633576107,child9,607010,frame,-196
6070.640558147,child6,607010,frame,46
6070.642457313,child10,607010,frame,-74
6070.6461251870005,child3,607010,frame,-221
6070.6570025169995,child1,607010,frame,-198
6070.677112262,child7,607010,frame,-99
6070.682088719,child5,607010,frame,-69
6070.709540253,child8,607010,frame,26
6070.729134038999,child2,607010,frame,-113
6080.733995985001,child2,608020,frame,177
6080.734849318,child4,608020,frame,162
6080.7377864420005,child9,608020,frame,264
6080.745728857,child6,608020,frame,-77
6080.7458569400005,child10,608020,frame,48
6080.751907105,child3,608020,frame,124
6080.758526103,child1,608020,frame,153
6080.785346971,child7,608020,frame,162
6080.785379304,child5,608020,frame,53
6080.812638171999,child8,608020,frame,9
6090.836176696,child2,609030,frame,37
6090.837495945,child4,609030,frame,11
6090.843757027,child9,609030,frame,-70
6090.850663816999,child6,609030,frame,130
6090.851593566001,child10,609030,frame,-72
6090.8560834400005,child3,609030,frame,-72
6090.865656063,child1,609030,frame,-2
6090.888730306,child7,609030,frame,-99
6090.892535555,child5,609030,frame,-90
6090.9192463809995,child8,609030,frame,8
6100.940733489,child4,610040,frame,-67
6100.94333853,child2,610040,frame,-104
6100.949533612,child9,610040,frame,-125
6100.9547418189995,child10,610040,frame,4
6100.95628311,child6,610040,frame,-227
6100.961720982999,child3,610040,frame,-72
6100.9704220230005,child1,610040,frame,-1
6100.991065517,child7,610040,frame,-86
6100.998236723,child5,610040,frame,46
6101.025620091,child8,610040,frame,-239
6111.043745532999,child4,611050,frame,5
6111.050742114,child2,611050,frame,4
6111.057321821,child9,611050,frame,134
6111.060825195,child6,611050,frame,56
6111.061676986,child10,611050,frame,58
6111.068834693,child3,611050,frame,52
6111.0754850660005,child1,611050,frame,54
6111.096385352,child7,611050,frame,147
6111.101854976,child5,611050,frame,-79
6111.131259134,child8,611050,frame,150
6121.137857246001,child8,612060,frame,25
6121.146876744,child4,612060,frame,3
6121.156054241,child2,612060,frame,37
6121.16036499,child6,612060,frame,38
6121.161410406,child9,612060,frame,-89
6121.167531655,child10,612060,frame,-76
6121.177294152,child3,612060,frame,-72
6121.17833686,child1,612060,frame,-79
6121.200010229,child7,612060,frame,-100
6121.2060766019995,child5,612060,frame,17
6131.241751581,child8,613070,frame,44
6131.25221287,child4,613070,frame,4
6131.261107868,child2,613070,frame,37
6131.265429117,child6,613070,frame,56
6131.270141448999,child9,613070,frame,134
6131.273589489,child10,613070,frame,58
6131.281387696,child3,613070,frame,131
6131.282728404,child1,613070,frame,8
6131.306604064,child7,613070,frame,23
6131.312917312,child5,613070,frame,5
6141.345330917,child8,614080,frame,134
6141.361676829,child4,614080,frame,6
6141.368654869,child2,614080,frame,21
6141.372088618,child6,614080,frame,38
6141.3734283680005,child9,614080,frame,55
6141.378638658,child10,614080,frame,58
6141.387064281,child3,614080,frame,45
6141.389204904999,child1,614080,frame,8
6141.409648149,child7,614080,frame,41
6141.4176535219995,child5,614080,frame,60
6151.454164001,child8,615090,frame,-114
6151.464806373,child4,615090,frame,8
6151.471270913,child2,615090,frame,3
6151.477335245,child6,615090,frame,38
6151.4807938270005,child9,615090,frame,-74
6151.482826492999,child10,615090,frame,-86
6151.491240907,child1,615090,frame,7
6151.496310363999,child3,615090,frame,-124
6151.515120067999,child7,615090,frame,39
6151.522750149001,child5,615090,frame,58
6161.5601074609995,child8,616100,frame,11
6161.5679872089995,child4,616100,frame,-70
6161.579744664,child2,616100,frame,-121
6161.5809108720005,child6,616100,frame,-196
6161.584059496,child10,616100,frame,60
6161.58744562,child9,616100,frame,37
6161.59300166,child1,616100,frame,-80
6161.604485907,child3,616100,frame,55
6161.622774902,child7,616100,frame,-121
6161.627812567001,child5,616100,frame,-79
6170.62768262,child7,617009,frame,46
6170.634620534,child5,617009,frame,-75
6170.665838484,child8,617009,frame,-109
6170.673300399,child4,617009,frame,-90
6170.679763814001,child6,617009,frame,15
6170.681655147,child2,617009,frame,31
6170.688896061,child10,617009,frame,-199
6170.693120894,child1,617009,frame,-110
6170.694667893,child9,617009,frame,-109
6170.707318973,child3,617009,frame,-233
6180.73185483,child7,618019,frame,147
6180.739595578,child5,618019,frame,267
6180.774888193,child8,618019,frame,167
6180.777300776,child4,618019,frame,156
6180.780421942,child6,618019,frame,147
6180.786408522999,child2,618019,frame,161
6180.7966016870005,child1,618019,frame,146
6180.797478187001,child10,618019,frame,262
6180.801650228001,child9,618019,frame,125
6180.814030266,child3,618019,frame,273
6190.837960248,child7,619029,frame,-115
6190.842361122,child5,619029,frame,-214
6190.878465445,child8,619029,frame,-210
6190.880238028,child4,619029,frame,5
6190.883485944,child6,619029,frame,-102
6190.892323692,child2,619029,frame,-75
6190.9000594809995,child10,619029,frame,-82
6190.9036689389995,child1,619029,frame,3
6190.904498022001,child9,619029,frame,-93
6190.919254601,child3,619029,frame,-80
6200.926783838,child3,620039,frame,-2
6200.940764834,child7,620039,frame,21
6200.9459532070005,child5,620039,frame,51
6200.981616698,child8,620039,frame,17
6200.984594114,child4,620039,frame,6
6200.992221528,child6,620039,frame,41
6200.999057193,child2,620039,frame,14
6201.005229732999,child10,620039,frame,57
6201.00878494,child1,620039,frame,14
6201.012362939,child9,620039,frame,54
6211.031433215,child3,621049,frame,53
6211.048832501,child7,621049,frame,-99
6211.049276501,child5,621049,frame,48
6211.0838699920005,child8,621049,frame,34
6211.095609905,child4,621049,frame,6
6211.097344113,child6,621049,frame,-87
6211.105559027999,child2,621049,frame,13
6211.108630569,child10,621049,frame,-82
6211.113952275,child1,621049,frame,5
6211.117297733,child9,621049,frame,20
6221.124584928,child9,622059,frame,46
6221.136691425,child3,622059,frame,-2
6221.153023295,child7,622059,frame,39
6221.153606045,child5,622059,frame,-88
6221.190744826,child8,622059,frame,17
6221.200672074,child4,622059,frame,23
6221.206703155,child6,622059,frame,55
6221.210045363,child2,622059,frame,-111
6221.2165951530005,child10,622059,frame,40
6221.219034444,child1,622059,frame,6
6231.225923389,child1,623069,frame,7
6231.231471804001,child9,623069,frame,-77
6231.240565135,child3,623069,frame,-119
6231.257093089001,child5,623069,frame,54
6231.257885505001,child7,623069,frame,22
6231.297096869999,child8,623069,frame,33
6231.305870951,child6,623069,frame,55
6231.307193659,child4,623069,frame,4
6231.316039823,child2,623069,frame,136
6231.31987303,child10,623069,frame,-2
6241.327358058,child1,624079,frame,-117
6241.337560181,child9,624079,frame,-79
6241.342330888,child3,624079,frame,7
6241.363491215,child5,624079,frame,-116
6241.366833006,child7,624079,frame,-84
6241.401790121,child8,624079,frame,36
6241.406294494999,child6,624079,frame,-70
6241.4142514509995,child4,624079,frame,-121
6241.420029866,child2,624079,frame,-236
6241.421306366,child10,624079,frame,-74
6251.426940978,child1,625089,frame,140
6251.427191312,child2,625089,frame,154
6251.428166811,child10,625089,frame,4
6251.44370589,child9,625089,frame,171
6251.446183973,child3,625089,frame,14
6251.466765467,child5,625089,frame,123
6251.470576674999,child7,625089,frame,22
6251.5041614990005,child8,625089,frame,-108
6251.512616413,child6,625089,frame,-2
6251.518393036999,child4,625089,frame,136
6261.525898606999,child4,626099,frame,46
6261.525949857,child1,626099,frame,47
6261.531650647001,child2,626099,frame,-112
6261.533658230001,child10,626099,frame,41
6261.548657559,child3,626099,frame,47
6261.553298557999,child9,626099,frame,27
6261.57026322,child5,626099,frame,34
6261.5778863430005,child7,626099,frame,40
6261.611186208001,child8,626099,frame,160
6261.6180643729995,child6,626099,frame,42
6270.623224424,child6,627008,frame,-90
6270.630924755,child4,627008,frame,-112
6270.6334787959995,child1,627008,frame,-122
6270.635125463,child10,627008,frame,59
6270.635574296,child2,627008,frame,19
6270.650512125,child3,627008,frame,-82
6270.657892415,child9,627008,frame,-109
6270.675522202,child5,627008,frame,-74
6270.678267159,child7,627008,frame,29
6270.714151399,child8,627008,frame,-101
6280.718776303,child8,628018,frame,133
6280.725887593,child6,628018,frame,55
6280.737414882,child4,628018,frame,128
6280.740406298,child10,628018,frame,-75
6280.740660631,child2,628018,frame,37
6280.742673297,child1,628018,frame,7
6280.75710996,child3,628018,frame,10
6280.761217959,child9,628018,frame,163
6280.7806291199995,child5,628018,frame,45
6280.781367410999,child7,628018,frame,-84
6290.821403889,child8,629028,frame,11
6290.825901305,child6,629028,frame,-70
6290.840890634,child4,629028,frame,-75
6290.844016841,child10,629028,frame,-76
6290.846883466,child2,629028,frame,35
6290.847389715,child1,629028,frame,8
6290.8644000859995,child3,629028,frame,58
6290.870198459001,child9,629028,frame,6
6290.885113497,child7,629028,frame,56
6290.885766746999,child5,629028,frame,-79
6300.925086766,child8,630038,frame,-70
6300.925379475,child6,630038,frame,55
6300.948511093,child4,630038,frame,-66
6300.94994551,child10,630038,frame,130
6300.9521193420005,child2,630038,frame,21
6300.952889467,child1,630038,frame,-100
6300.967920796001,child3,630038,frame,15
6300.976176294,child9,630038,frame,-103
6300.988650957001,child7,630038,frame,21
6300.9932470389995,child5,630038,frame,17
6311.025880061,child6,631048,frame,55
6311.029577476999,child8,631048,frame,1
6311.051764221,child4,631048,frame,131
6311.052471053999,child1,631048,frame,21
6311.052834804001,child2,631048,frame,-102
6311.053262303,child10,631048,frame,58
6311.072702131,child3,631048,frame,14
6311.079170171,child9,631048,frame,40
6311.0951133749995,child7,631048,frame,-83
6311.098986499001,child5,631048,frame,-73
6321.133099770001,child6,632058,frame,55
6321.1394957269995,child8,632058,frame,18
6321.154591431,child4,632058,frame,-73
6321.155558306,child1,632058,frame,144
6321.15790768,child2,632058,frame,53
6321.161689804,child10,632058,frame,50
6321.180305258,child3,632058,frame,-1
6321.185555298,child9,632058,frame,22
6321.198011419,child7,632058,frame,38
6321.2010080439995,child5,632058,frame,5
6331.239451938,child6,633068,frame,-86
6331.242561646,child8,633068,frame,1
6331.259595058,child4,633068,frame,45
6331.263856015,child1,633068,frame,-73
6331.265552098001,child2,633068,frame,21
6331.267536597001,child10,633068,frame,-90
6331.283300427,child3,633068,frame,60
6331.292741632,child9,633068,frame,7
6331.302756546,child5,633068,frame,-71
6331.304962421,child7,633068,frame,41
6341.344436064999,child6,634078,frame,5
6341.347840106,child8,634078,frame,-78
6341.3621720599995,child4,634078,frame,-73
6341.36425406,child1,634078,frame,-111
6341.368562725,child2,634078,frame,-89
6341.37109485,child10,634078,frame,-83
6341.388302345,child3,634078,frame,-72
6341.398373925999,child9,634078,frame,-122
6341.405533049,child5,634078,frame,-109
6341.413183046,child7,634078,frame,-86
6351.418615034,child7,635088,frame,-86
6351.445567818,child6,635088,frame,55
6351.451703733,child8,635088,frame,29
6351.4644147300005,child1,635088,frame,36
6351.467355937,child4,635088,frame,5
6351.4748021020005,child10,635088,frame,-67
6351.475064143,child2,635088,frame,-105
6351.493763972,child3,635088,frame,-119
6351.505395343,child9,635088,frame,-86
6351.510960924999,child5,635088,frame,-68
6361.524046702,child7,636098,frame,132
6361.544938280001,child6,636098,frame,37
6361.554506985,child8,636098,frame,-69
6361.563530816,child1,636098,frame,22
6361.5723968970005,child4,636098,frame,-69
6361.5780193539995,child2,636098,frame,52
6361.578484895001,child10,636098,frame,180
6361.596985057,child3,636098,frame,11
6361.608857054,child9,636098,frame,36
6361.611216512,child5,636098,frame,43
6370.61281348,child9,637007,frame,30
6370.615461729,child5,637007,frame,35
6370.629021726,child7,637007,frame,-104
6370.6461259709995,child6,637007,frame,-105
6370.656372177,child8,637007,frame,24
6370.668047882,child1,637007,frame,29
6370.6746891719995,child4,637007,frame,36
6370.682422586,child2,637007,frame,43
6370.685431044,child10,637007,frame,-85
6370.700496456,child3,637007,frame,44
6380.715980982,child9,638017,frame,-92
6380.720242773,child5,638017,frame,44
6380.730950062,child7,638017,frame,2
6380.7520813480005,child6,638017,frame,41
6380.758800887,child8,638017,frame,-89
6380.776119633,child4,638017,frame,5
6380.779121756999,child1,638017,frame,20
6380.787239921,child2,638017,frame,36
6380.792220920001,child10,638017,frame,-83
6380.8057015,child3,638017,frame,12
6390.809207862,child3,639027,frame,-114
6390.817893318001,child9,639027,frame,-69
6390.823774317,child5,639027,frame,-77
6390.833456856,child7,639027,frame,54
6390.858798391,child6,639027,frame,-87
6390.86191989,child8,639027,frame,151
6390.878715176999,child4,639027,frame,-109
6390.881422259,child1,639027,frame,7
6390.890492215,child2,639027,frame,-74
6390.895587589001,child10,639027,frame,4
6400.917406279999,child3,640037,frame,152
6400.922867653,child9,640037,frame,258
6400.927301819001,child5,640037,frame,55
6400.940673149,child7,640037,frame,57
6400.963933559,child6,640037,frame,56
6400.968394099,child8,640037,frame,8
6400.982004179,child1,640037,frame,8
6400.984068553,child4,640037,frame,151
6400.995215509,child2,640037,frame,53
6401.001696965,child10,640037,frame,136
6411.0081147440005,child10,641047,frame,-121
6411.022295115,child3,641047,frame,-113
6411.028450738,child9,641047,frame,-204
6411.031808779,child5,641047,frame,10
6411.044759067,child7,641047,frame,-69
6411.063835479,child6,641047,frame,-71
6411.075180809,child8,641047,frame,-96
6411.08507914,child1,641047,frame,-102
6411.094399512001,child4,641047,frame,-120
6411.100904677,child2,641047,frame,52
6421.112833621,child10,642057,frame,135
6421.127696992,child3,642057,frame,19
6421.136018906,child9,642057,frame,124
6421.137430197,child5,642057,frame,52
6421.148183736001,child7,642057,frame,52
6421.165046231,child6,642057,frame,56
6421.182771477,child8,642057,frame,149
6421.188085225,child1,642057,frame,31
6421.201521347,child4,642057,frame,26
6421.205950554,child2,642057,frame,36
6431.212554416,child2,643067,frame,-87
6431.220809288,child10,643067,frame,-91
6431.232359452,child3,643067,frame,29
6431.241821158001,child9,643067,frame,55
6431.243019699,child5,643067,frame,-88
6431.250853822,child7,643067,frame,58
6431.26481361,child6,643067,frame,5
6431.28930827,child8,643067,frame,-106
6431.292267393999,child1,643067,frame,33
6431.307998598,child4,643067,frame,20
6441.311991555,child4,644077,frame,19
6441.317123637,child2,644077,frame,38
6441.3275652170005,child10,644077,frame,52
6441.336899215,child3,644077,frame,14
6441.34666767,child9,644077,frame,-86
6441.348389336,child5,644077,frame,40
6441.354840084,child7,644077,frame,21
6441.372027037,child6,644077,frame,54
6441.393002948,child1,644077,frame,13
6441.395215655,child8,644077,frame,16
6451.416085602999,child4,645087,frame,12
6451.421541434999,child2,645087,frame,37
6451.4344875140005,child10,645087,frame,-121
6451.438822263,child3,645087,frame,14
6451.44888126,child9,645087,frame,55
6451.450709551,child5,645087,frame,39
6451.461947673,child7,645087,frame,-75
6451.480605166999,child6,645087,frame,-69
6451.493412746,child1,645087,frame,11
6451.499323870001,child8,645087,frame,10
6461.519260568,child4,646097,frame,13
6461.526076982,child2,646097,frame,-105
6461.536323562,child10,646097,frame,10
6461.543866102,child3,646097,frame,19
6461.554093265,child5,646097,frame,37
6461.556540431,child9,646097,frame,-91
6461.566522303,child7,646097,frame,46
6461.593458003999,child6,646097,frame,52
6461.598965044001,child1,646097,frame,15
6461.603722292,child8,646097,frame,27
6470.606073129,child1,647006,frame,22
6470.608428212,child8,647006,frame,3
6470.621727124,child4,647006,frame,34
6470.626859748,child2,647006,frame,43
6470.641335785,child10,647006,frame,59
6470.647571992,child3,647006,frame,51
6470.658660446999,child5,647006,frame,-84
6470.658733988,child9,647006,frame,155
6470.66873261,child7,647006,frame,15
6470.695862644,child6,647006,frame,35
6480.710524884999,child1,648016,frame,-112
6480.712267593,child8,648016,frame,-116
6480.724997172,child4,648016,frame,-65
6480.7338147109995,child2,648016,frame,-88
6480.746245458,child10,648016,frame,-67
6480.751736873,child3,648016,frame,-1
6480.759903536999,child9,648016,frame,-103
6480.765962243,child5,648016,frame,37
6480.770906158999,child7,648016,frame,-86
6480.798534817,child6,648016,frame,-86
6490.80208002,child6,649026,frame,55
6490.813589308,child1,649026,frame,28
6490.813691766,child8,649026,frame,42
6490.825644054,child4,649026,frame,22
6490.839758967,child2,649026,frame,177
6490.8489931720005,child10,649026,frame,144
6490.857807795001,child3,649026,frame,14
6490.863250668001,child9,649026,frame,0
6490.870748124,child5,649026,frame,38
6490.875681498001,child7,649026,frame,38
6500.906660901,child6,650036,frame,-86
6500.9134626489995,child8,650036,frame,-116
6500.916723273,child1,650036,frame,-112
6500.929984644001,child4,650036,frame,-119
6500.941309515,child2,650036,frame,-106
6500.953981928,child10,650036,frame,-217
6500.95943901,child3,650036,frame,-126
6500.9685959240005,child9,650036,frame,-103
6500.977290213,child5,650036,frame,31
6500.978607962,child7,650036,frame,-84
6511.012209906,child6,651046,frame,55
6511.019021737,child8,651046,frame,39
6511.021778403,child1,651046,frame,152
6511.0343336079995,child4,651046,frame,21
6511.046169812999,child2,651046,frame,-73
6511.063924724,child3,651046,frame,10
6511.064565432,child10,651046,frame,30
6511.074821012,child9,651046,frame,1
6511.082741052,child7,651046,frame,38
6511.082903302,child5,651046,frame,156
6521.118854578,child6,652056,frame,5
6521.12350766,child8,652056,frame,170
6521.126189201,child1,652056,frame,16
6521.137300656,child4,652056,frame,23
6521.148952277,child2,652056,frame,178
6521.1682163549995,child3,652056,frame,138
6521.169442479,child10,652056,frame,143
6521.179806893,child9,652056,frame,132
6521.185460850001,child5,652056,frame,0
6521.188418724,child7,652056,frame,57
6531.218809460001,child6,653066,frame,-70
6531.225023667001,child8,653066,frame,-116
6531.226896833,child1,653066,frame,-110
6531.242515661001,child4,653066,frame,21
6531.253702991,child2,653066,frame,-89
6531.27033157,child10,653066,frame,-113
6531.272746277,child3,653066,frame,-191
6531.283198274,child9,653066,frame,-79
6531.290096897001,child5,653066,frame,-108
6531.291350272,child7,653066,frame,-69
6541.321186008,child6,654076,frame,55
6541.327558923,child8,654076,frame,43
6541.327804465,child1,654076,frame,31
6541.347830084,child4,654076,frame,40
6541.357710081,child2,654076,frame,35
6541.374212201,child10,654076,frame,11
6541.377406116,child3,654076,frame,144
6541.386463572,child9,654076,frame,1
6541.3931902780005,child5,654076,frame,138
6541.396806694,child7,654076,frame,38
6551.405751562001,child7,655086,frame,-68
6551.422207932,child6,655086,frame,-70
6551.432667720001,child8,655086,frame,24
6551.434516053,child1,655086,frame,-95
6551.451876923001,child4,655086,frame,-107
6551.460042504,child2,655086,frame,-88
6551.482148247,child10,655086,frame,12
6551.482430455,child3,655086,frame,-76
6551.492733369,child9,655086,frame,-91
6551.495927950999,child5,655086,frame,-190
6561.503558236001,child5,656096,frame,131
6561.508382818,child7,656096,frame,52
6561.523497855001,child6,656096,frame,6
6561.536941226,child8,656096,frame,25
6561.543596349,child1,656096,frame,128
6561.553412888,child4,656096,frame,39
6561.56452126,child2,656096,frame,52
6561.585228295,child10,656096,frame,17
6561.585250919999,child3,656096,frame,19
6561.599618458,child9,656096,frame,146
6570.591540673,child10,657005,frame,49
6570.604539710001,child9,657005,frame,36
6570.608065918001,child5,657005,frame,43
6570.611961958,child7,657005,frame,48
6570.627970453,child6,657005,frame,167
6570.642462824,child8,657005,frame,35
6570.646675781,child1,657005,frame,12
6570.656215903,child4,657005,frame,172
6570.671284106999,child2,657005,frame,12
6570.687142561,child3,657005,frame,51
6580.691022763,child3,658015,frame,15
6580.698739469,child10,658015,frame,21
6580.707088842,child9,658015,frame,-70
6580.712499007,child5,658015,frame,-77
6580.719533171,child7,658015,frame,-87
6580.732317209,child6,658015,frame,-78
6580.744177372,child8,658015,frame,-117
6580.748149871,child1,658015,frame,22
6580.758087035,child4,658015,frame,-113
6580.778511695,child2,658015,frame,56
6590.7927248529995,child3,659025,frame,-127
6590.805740058,child10,659025,frame,-67
6590.8089906820005,child9,659025,frame,34
6590.8161742209995,child5,659025,frame,9
6590.822655178,child7,659025,frame,58
6590.833751174,child6,659025,frame,47
6590.849572169999,child8,659025,frame,9
6590.853448168,child1,659025,frame,-99
6590.861471165999,child4,659025,frame,11
6590.886702075,child2,659025,frame,-89
6600.892766027,child2,660035,frame,37
6600.897638775999,child3,660035,frame,15
6600.91068348,child9,660035,frame,-78
6600.911519855,child10,660035,frame,3
6600.922617227,child5,660035,frame,5
6600.926068350999,child7,660035,frame,53
6600.93733568,child6,660035,frame,-123
6600.952480884,child8,660035,frame,26
6600.957476091,child1,660035,frame,36
6600.965903172,child4,660035,frame,13
6610.993175451,child2,661045,frame,159
6611.003666531,child3,661045,frame,154
6611.015974027,child10,661045,frame,19
6611.017974943,child9,661045,frame,133
6611.026342441,child5,661045,frame,5
6611.029102023,child7,661045,frame,39
6611.043563769,child6,661045,frame,126
6611.055568724,child8,661045,frame,151
6611.062148847,child1,661045,frame,162
6611.066688762,child4,661045,frame,11
6621.09846629,child2,662055,frame,-101
6621.109499828,child3,662055,frame,-73
6621.1204512,child10,662055,frame,4
6621.12451699,child9,662055,frame,47
6621.127887823,child5,662055,frame,54
6621.131934863,child7,662055,frame,-209
6621.150760358,child6,662055,frame,-87
6621.160588021,child8,662055,frame,-70
6621.165663727999,child1,662055,frame,-121
6621.1694981850005,child4,662055,frame,12
6631.204231462,child2,663065,frame,36
6631.212318085,child3,663065,frame,15
6631.226604914,child10,663065,frame,3
6631.229330871,child9,663065,frame,-104
6631.235635994,child5,663065,frame,-126
6631.238268659999,child7,663065,frame,53
6631.254094614,child6,663065,frame,56
6631.264317026999,child8,663065,frame,-105
6631.266950152,child1,663065,frame,21
6631.271393524999,child4,663065,frame,14
6641.3079359680005,child2,664075,frame,-103
6641.316803382,child3,664075,frame,129
6641.332167378,child10,664075,frame,48
6641.332953461,child9,664075,frame,39
6641.341216125,child7,664075,frame,182
6641.343392457,child5,664075,frame,9
6641.357618827999,child6,664075,frame,38
6641.3676293670005,child8,664075,frame,17
6641.370868491,child1,664075,frame,3
6641.377211280999,child4,664075,frame,-2
6651.411754641,child2,665085,frame,36
6651.4267633029995,child3,665085,frame,-199
6651.438904341,child9,665085,frame,-78
6651.440199466,child10,665085,frame,-1
6651.4461158389995,child7,665085,frame,-85
6651.448799588001,child5,665085,frame,-245
6651.462166084,child6,665085,frame,-92
6651.472749289001,child8,665085,frame,34
6651.475931913,child1,665085,frame,16
6651.483483453,child4,665085,frame,-65
6661.520178312,child2,666095,frame,16
6661.5314776,child3,666095,frame,17
6661.545278013,child9,666095,frame,59
6661.546966096,child10,666095,frame,1
6661.552985719,child7,666095,frame,-90
6661.558303301,child5,666095,frame,44
6661.5629045489995,child6,666095,frame,-2
6661.577104962,child8,666095,frame,18
6661.584258918,child1,666095,frame,14
6661.590441666,child4,666095,frame,24
6670.585470172,child1,667004,frame,-102
6670.594992127,child4,667004,frame,29
6670.624264244,child2,667004,frame,30
6670.639528531,child3,667004,frame,31
6670.649082778,child9,667004,frame,6
6670.649502903,child10,667004,frame,-65
6670.660489274,child7,667004,frame,47
6670.662371857,child5,667004,frame,21
6670.664044565,child6,667004,frame,34
6670.680593352,child8,667004,frame,-115
6680.68856747,child8,668014,frame,34
6680.691623927,child1,668014,frame,15
6680.7005088,child4,668014,frame,5
6680.730964249,child2,668014,frame,22
6680.746544619,child3,668014,frame,-1
6680.755214283,child10,668014,frame,2
6680.757457408,child9,668014,frame,46
6680.764135156,child7,668014,frame,37
6680.767391405,child5,668014,frame,164
6680.769096404,child6,668014,frame,-69
6690.793561601,child1,669024,frame,141
6690.794479642,child8,669024,frame,18
6690.804912014,child4,669024,frame,6
6690.836331796,child2,669024,frame,3
6690.855948249,child3,669024,frame,-2
6690.859480789,child10,669024,frame,4
6690.862258705,child9,669024,frame,-94
6690.867494912,child7,669024,frame,58
6690.872109702001,child5,669024,frame,-102
6690.874515118,child6,669024,frame,130
6700.900206314001,child1,670034,frame,15
6700.900306231,child8,670034,frame,32
6700.909859686,child4,670034,frame,5
6700.941860843,child2,670034,frame,-88
6700.961239837,child3,670034,frame,15
6700.964769461,child9,670034,frame,55
6700.968567794,child10,670034,frame,3
6700.975577208001,child7,670034,frame,-88
6700.975950958,child5,670034,frame,57
6700.981244873,child6,670034,frame,-79
6710.986914992,child7,671044,frame,42
6711.002923279,child8,671044,frame,-82
6711.005292195,child1,671044,frame,-126
6711.015524525,child4,671044,frame,24
6711.046627599,child2,671044,frame,36
6711.068239134,child3,671044,frame,6
6711.072313341,child9,671044,frame,55
6711.073423966,child10,671044,frame,48
6711.080004381,child5,671044,frame,-80
6711.083076421,child6,671044,frame,48
6721.084655083,child5,672054,frame,46
6721.087904791,child6,672054,frame,-79
6721.093423831,child7,672054,frame,-86
6721.105358035,child1,672054,frame,33
6721.11083445,child8,672054,frame,24
6721.122640488,child4,672054,frame,-121
6721.153923146,child2,672054,frame,-88
6721.1765769720005,child3,672054,frame,7
6721.178302555,child10,672054,frame,-126
6721.179247720999,child9,672054,frame,-106
6731.192828296,child5,673064,frame,47
6731.193234005001,child6,673064,frame,1
6731.197957711,child7,673064,frame,53
6731.206119167,child1,673064,frame,13
6731.218229289,child8,673064,frame,26
6731.227045536,child4,673064,frame,20
6731.257395819,child2,673064,frame,18
6731.280181395,child10,673064,frame,19
6731.281869060999,child3,673064,frame,20
6731.282158061,child9,673064,frame,55
6741.285219556,child3,674074,frame,-1
6741.285875264,child10,674074,frame,19
6741.287357513001,child9,674074,frame,-87
6741.295272469,child5,674074,frame,-110
6741.298063135,child6,674074,frame,55
6741.301006093,child7,674074,frame,57
6741.308973257,child1,674074,frame,12
6741.322621128001,child8,674074,frame,43
6741.331671209,child4,674074,frame,11
6741.360648450001,child2,674074,frame,40
6751.391143395,child3,675084,frame,-2
6751.392188811001,child10,675084,frame,19
6751.397764809,child9,675084,frame,56
6751.399654059001,child5,675084,frame,32
6751.402115725001,child6,675084,frame,47
6751.407406015001,child7,675084,frame,23
6751.41774947,child1,675084,frame,13
6751.428103425,child8,675084,frame,26
6751.43810988,child4,675084,frame,13
6751.469563163,child2,675084,frame,-89
6761.497401025,child10,676094,frame,136
6761.4976340250005,child3,676094,frame,-124
6761.503477356,child9,676094,frame,32
6761.507040396999,child6,676094,frame,0
6761.508992355,child5,676094,frame,-78
6761.514557728,child7,676094,frame,-85
6761.522413726,child1,676094,frame,-127
6761.53071839,child8,676094,frame,-98
6761.541868345,child4,676094,frame,13
6761.5716569609995,child2,676094,frame,52
6770.58210592,child2,677003,frame,26
6770.601257831,child10,677003,frame,-74
6770.603331372,child3,677003,frame,156
6770.607351663,child9,677003,frame,-96
6770.608553620999,child6,677003,frame,1
6770.610411079,child5,677003,frame,42
6770.620012742,child7,677003,frame,28
6770.625519741,child1,677003,frame,22
6770.630969781,child8,677003,frame,31
6770.649140984,child4,677003,frame,34
6780.689440841999,child2,678013,frame,-72
6780.707207253,child10,678013,frame,-77
6780.707710962,child3,678013,frame,-126
6780.709363336,child6,678013,frame,-120
6780.713284627,child9,678013,frame,55
6780.715785793,child5,678013,frame,44
6780.73027808,child7,678013,frame,-68
6780.731585163,child1,678013,frame,28
6780.735777787,child8,678013,frame,-100
6780.756573238999,child4,678013,frame,11
6790.792329389999,child2,679023,frame,51
6790.8112915930005,child3,679023,frame,14
6790.811748884,child6,679023,frame,55
6790.812592801,child10,679023,frame,14
6790.816656883,child9,679023,frame,-70
6790.817567674,child5,679023,frame,-78
6790.834927836,child7,679023,frame,-69
6790.836706667999,child1,679023,frame,-96
6790.842473417,child8,679023,frame,57
6790.862185036,child4,679023,frame,-112
6800.896682396,child2,680033,frame,-72
6800.918076515,child10,680033,frame,19
6800.920379306,child3,680033,frame,15
6800.921359555001,child6,680033,frame,-70
6800.923432846001,child9,680033,frame,53
6800.926247011999,child5,680033,frame,48
6800.939193092,child7,680033,frame,53
6800.940176716,child1,680033,frame,28
6800.947779006,child8,680033,frame,25
6800.970075291,child4,680033,frame,29
6810.975737243,child4,681043,frame,14
6811.001426693,child2,681043,frame,35
6811.0243862279995,child3,681043,frame,14
6811.027219727001,child10,681043,frame,-121
6811.027958894,child9,681043,frame,55
6811.03087081,child5,681043,frame,-78
6811.032477101,child6,681043,frame,-70
6811.041720681,child1,681043,frame,31
6811.044673472,child7,681043,frame,-67
6811.050515053999,child8,681043,frame,-100
6821.079778207,child4,682053,frame,14
6821.110163198,child2,682053,frame,53
6821.1308044,child10,682053,frame,18
6821.131390067,child3,682053,frame,140
6821.132435775,child9,682053,frame,55
6821.134622107,child5,682053,frame,19
6821.139520564,child6,682053,frame,125
6821.143088271,child1,682053,frame,30
6821.1462174789995,child7,682053,frame,52
6821.157291392001,child8,682053,frame,58
6831.184974170999,child4,683063,frame,14
6831.218045911,child2,683063,frame,51
6831.234347198,child9,683063,frame,-86
6831.236032696999,child3,683063,frame,-2
6831.237139947,child10,683063,frame,20
6831.237280779999,child5,683063,frame,52
6831.243265362,child6,683063,frame,56
6831.247156819,child1,683063,frame,-94
6831.250088485,child7,683063,frame,11
6831.259898815,child8,683063,frame,40
6841.2894981770005,child4,684073,frame,13
6841.322239625,child2,684073,frame,-87
6841.336606913001,child9,684073,frame,-88
6841.337635454,child5,684073,frame,-73
6841.340581244999,child10,684073,frame,19
6841.343409411,child3,684073,frame,-127
6841.346362702,child6,684073,frame,-71
6841.350364784001,child1,684073,frame,45
6841.35723624,child7,684073,frame,-109
6841.364469696,child8,684073,frame,-84
6851.39629414,child4,685083,frame,-110
6851.42624759,child2,685083,frame,-90
6851.441042585,child5,685083,frame,56
6851.44264321,child10,685083,frame,-107
6851.443794084999,child9,685083,frame,8
6851.450167499001,child3,685083,frame,-2
6851.451426166,child6,685083,frame,-104
6851.453702165,child1,685083,frame,-75
6851.4652398279995,child7,685083,frame,6
6851.470578951,child8,685083,frame,-2
6861.477814278,child8,686093,frame,48
6861.499472855,child4,686093,frame,31
6861.5329362620005,child2,686093,frame,130
6861.547290591,child10,686093,frame,169
6861.548134340001,child9,686093,frame,185
6861.550589673,child5,686093,frame,53
6861.5540673390005,child3,686093,frame,142
6861.554886422,child6,686093,frame,145
6861.555214921999,child1,686093,frame,170
6861.570216834,child7,686093,frame,156
6870.575176503,child7,687002,frame,-82
6870.585954333,child8,687002,frame,-87
6870.604517661,child4,687002,frame,50
6870.636666902,child2,687002,frame,-213
6870.6499494810005,child10,687002,frame,-115
6870.654195563,child5,687002,frame,-88
6870.655435896,child9,687002,frame,-103
6870.656098937,child6,687002,frame,-90
6870.657871437,child3,687002,frame,-229
6870.660496978,child1,687002,frame,-89
6880.679892466999,child7,688012,frame,11
6880.6881017979995,child8,688012,frame,131
6880.710397625,child4,688012,frame,-94
6880.742752449,child2,688012,frame,183
6880.752540154,child10,688012,frame,161
6880.755870903,child5,688012,frame,10
6880.758318319,child9,688012,frame,155
6880.761483400999,child6,688012,frame,8
6880.764202609,child3,688012,frame,137
6880.764976734,child1,688012,frame,28
6890.768798728001,child3,689022,frame,-66
6890.770168811,child1,689022,frame,29
6890.78554239,child7,689022,frame,-2
6890.789922472,child8,689022,frame,41
6890.813593381,child4,689022,frame,27
6890.848347121,child2,689022,frame,48
6890.855510244,child10,689022,frame,-106
6890.858666659,child5,689022,frame,-2
6890.864816241,child9,689022,frame,-95
6890.866156449,child6,689022,frame,1
6900.8686054849995,child9,690032,frame,48
6900.871254984,child1,690032,frame,28
6900.872239984,child3,690032,frame,49
6900.891334436999,child7,690032,frame,11
6900.894871727,child8,690032,frame,42
6900.916643762,child4,690032,frame,26
6900.95228846,child2,690032,frame,44
6900.958076125,child10,690032,frame,144
6900.961903582001,child5,690032,frame,53
6900.966191039,child6,690032,frame,54
6910.967631408999,child5,691042,frame,-78
6910.969745034,child6,691042,frame,1
6910.972037533,child1,691042,frame,-96
6910.972671075,child9,691042,frame,-79
6910.973427533,child3,691042,frame,-111
6911.002296066,child7,691042,frame,16
6911.005385231,child8,691042,frame,-99
6911.020260019,child4,691042,frame,29
6911.057524674,child2,691042,frame,-204
6911.064354047,child10,691042,frame,-122
6921.073858331,child1,692052,frame,28
6921.0751534559995,child5,692052,frame,125
6921.076692497,child6,692052,frame,8
6921.078411163,child3,692052,frame,156
6921.079588038,child9,692052,frame,47
6921.104345656,child7,692052,frame,-2
6921.106881029999,child8,692052,frame,39
6921.124203775,child4,692052,frame,26
6921.162392305,child2,692052,frame,59
6921.167615136999,child10,692052,frame,2
6931.168059507,child2,693062,frame,124
6931.1707322150005,child10,693062,frame,146
6931.178901379,child1,693062,frame,154
6931.182099418999,child5,693062,frame,-85
6931.182136169,child9,693062,frame,11
6931.1823178780005,child3,693062,frame,-2
6931.185189752,child6,693062,frame,1
6931.2076476619995,child7,693062,frame,3
6931.2127711190005,child8,693062,frame,43
6931.2334569039995,child4,693062,frame,27
6941.272002263,child2,694072,frame,38
6941.275173137,child10,694072,frame,-199
6941.283157801,child3,694072,frame,-1
6941.283268051,child5,694072,frame,11
6941.287545300001,child1,694072,frame,-126
6941.28820705,child9,694072,frame,-102
6941.291202591,child6,694072,frame,5
6941.30957171,child7,694072,frame,-81
6941.31603125,child8,694072,frame,-109
6941.33839816,child4,694072,frame,12
6951.3742955200005,child2,695082,frame,-81
6951.379341768,child10,695082,frame,28
6951.382943059,child3,695082,frame,13
6951.386625182,child5,695082,frame,60
6951.3875883910005,child9,695082,frame,55
6951.392704056,child1,695082,frame,31
6951.3962983050005,child6,695082,frame,0
6951.411230425,child7,695082,frame,27
6951.419882048,child8,695082,frame,34
6951.442483874,child4,695082,frame,-113
6961.478235984,child2,696092,frame,-96
6961.483300899,child10,696092,frame,9
6961.485356107,child3,696092,frame,-75
6961.48980948,child9,696092,frame,-89
6961.492128271,child5,696092,frame,-82
6961.49530902,child1,696092,frame,-110
6961.496718978,child6,696092,frame,-71
6961.51910993,child7,696092,frame,-110
6961.524904094999,child8,696092,frame,-91
6961.547312671,child4,696092,frame,29
6970.583026957,child2,697001,frame,31
6970.588641413,child10,697001,frame,18
6970.594316119999,child3,697001,frame,45
6970.596311286,child9,697001,frame,23
6970.596879953,child5,697001,frame,37
6970.599199785,child6,697001,frame,41
6970.603542576,child1,697001,frame,164
6970.624532361,child7,697001,frame,126
6970.629448858999,child8,697001,frame,44
6970.650788561,child4,697001,frame,36
6980.688310046,child2,698011,frame,-2
6980.693584336,child10,698011,frame,11
6980.699632876001,child9,698011,frame,-69
6980.700577666999,child3,698011,frame,-127
6980.703313708,child5,698011,frame,47
6980.704454124,child6,698011,frame,-70
6980.708621456,child1,698011,frame,-110
6980.7313163240005,child7,698011,frame,16
6980.732929282,child8,698011,frame,42
6980.755225359,child4,698011,frame,14
6990.790495302,child2,699021,frame,6
6990.795793176,child10,699021,frame,10
6990.804326756,child3,699021,frame,20
6990.805368089,child9,699021,frame,133
6990.808335129999,child6,699021,frame,9
6990.81001913,child5,699021,frame,-77
6990.810125421,child1,699021,frame,31
6990.834447664,child7,699021,frame,-2
6990.840449412,child8,699021,frame,-2
6990.857942699,child4,699021,frame,-111
7000.896983099,child2,700031,frame,27
7000.89830639,child10,700031,frame,138
7000.904578347,child3,700031,frame,129
7000.909571762,child1,700031,frame,15
7000.910136012,child9,700031,frame,46
7000.914896343999,child5,700031,frame,127
7000.9167116769995,child6,700031,frame,133
7000.937828712,child7,700031,frame,19
7000.947156584,child8,700031,frame,32
7000.959861997,child4,700031,frame,29
7010.961264284,child4,701041,frame,31
7011.000850646999,child2,701041,frame,-206
7011.004855396,child10,701041,frame,-192
7011.009341393999,child3,701041,frame,-120
7011.013323976,child1,701041,frame,-217
7011.014521684,child9,701041,frame,-95
7011.017747182999,child6,701041,frame,-195
7011.019333808,child5,701041,frame,-206
7011.042149843,child7,701041,frame,-126
7011.049516841,child8,701041,frame,33
7021.064847915,child4,702051,frame,29
7021.103177862,child2,702051,frame,147
7021.107981652,child10,702051,frame,160
7021.111206734,child3,702051,frame,126
7021.117183357999,child6,702051,frame,266
7021.119664773,child9,702051,frame,0
7021.121422898,child1,702051,frame,248
7021.123408646999,child5,702051,frame,123
7021.145251057,child7,702051,frame,159
7021.156106054,child8,702051,frame,52
7031.160665298,child8,703061,frame,-107
7031.171391878001,child4,703061,frame,-95
7031.207732951,child2,703061,frame,14
7031.214083448999,child10,703061,frame,-67
7031.217591615,child3,703061,frame,-243
7031.219363114,child6,703061,frame,-120
7031.223141529999,child1,703061,frame,-230
7031.225223654,child9,703061,frame,-70
7031.230725236,child5,703061,frame,-77
7031.251693479,child7,703061,frame,7
7041.26294993,child7,704071,frame,-71
7041.267689178,child8,704071,frame,50
7041.277387301,child4,704071,frame,47
7041.316202122,child2,704071,frame,-74
7041.322428495,child10,704071,frame,3
7041.326722619,child6,704071,frame,1
7041.327267577,child1,704071,frame,178
7041.327957410001,child3,704071,frame,162
7041.3288714929995,child9,704071,frame,133
7041.336797366,child5,704071,frame,0
7051.368917643999,child7,705081,frame,3
7051.373463851,child8,705081,frame,17
7051.383098723,child4,705081,frame,28
7051.420263712,child2,705081,frame,133
7051.426064585,child10,705081,frame,-76
7051.431627666,child9,705081,frame,-78
7051.432374208,child1,705081,frame,-105
7051.433029166,child6,705081,frame,-70
7051.439112123,child3,705081,frame,15
7051.441879955,child5,705081,frame,136
7061.478149398,child8,706091,frame,-109
7061.478304980999,child7,706091,frame,-66
7061.492567269001,child4,706091,frame,-96
7061.526505009,child2,706091,frame,-66
7061.526820883,child10,706091,frame,11
7061.535853005999,child1,706091,frame,54
7061.537275839,child9,706091,frame,39
7061.542025129,child3,706091,frame,-107
7061.542121961999,child6,706091,frame,7
7061.545826086,child5,706091,frame,-82
7070.578565414,child8,707000,frame,56
7070.583462912,child7,707000,frame,14
7070.595958700001,child4,707000,frame,-1
7070.63094419,child2,707000,frame,41
7070.631134606,child10,707000,frame,6
7070.639065854,child1,707000,frame,-83
7070.641843103,child9,707000,frame,-102
7070.644566686,child6,707000,frame,41
7070.648005643,child3,707000,frame,51
7070.650018601001,child5,707000,frame,-83
7080.653463553999,child5,708010,frame,-2
7080.684757544,child7,708010,frame,6
7080.686769752,child8,708010,frame,-100
7080.69958254,child4,708010,frame,35
7080.737989403,child10,708010,frame,11
7080.738945360999,child2,708010,frame,-125
7080.7441104009995,child1,708010,frame,53
7080.745827901,child9,708010,frame,8
7080.7500116910005,child3,708010,frame,-111
7080.751425941,child6,708010,frame,-69
7090.752782019,child9,709020,frame,16
7090.7551723100005,child6,709020,frame,16
7090.755549852,child3,709020,frame,46
7090.755790852,child5,709020,frame,16
7090.7918649660005,child8,709020,frame,-86
7090.792363549,child7,709020,frame,26
7090.805108504,child4,709020,frame,-90
7090.844034492,child10,709020,frame,-98
7090.8451491999995,child1,709020,frame,52
7090.847769116001,child2,709020,frame,22
7100.852215692999,child2,710030,frame,-2
7100.859211858,child9,710030,frame,-75
7100.8594889000005,child5,710030,frame,-70
7100.860765191,child3,710030,frame,30
7100.861403606999,child6,710030,frame,-70
7100.897034263,child7,710030,frame,8
7100.899920929,child8,710030,frame,136
7100.912654134,child4,710030,frame,51
7100.945072332001,child1,710030,frame,-101
7100.946880664999,child10,710030,frame,20
7110.957233074,child10,711040,frame,35
7110.958159866,child2,711040,frame,14
7110.964516739,child9,711040,frame,15
7110.964583739001,child3,711040,frame,-81
7110.965728779999,child5,711040,frame,33
7110.966913571,child6,711040,frame,32
7111.002042811,child7,711040,frame,6
7111.00448856,child8,711040,frame,-76
7111.018602597,child4,711040,frame,-75
7111.048004839,child1,711040,frame,0
7121.056453707,child1,712050,frame,38
7121.059928789,child10,712050,frame,135
7121.061758205,child2,712050,frame,58
7121.069373785999,child9,712050,frame,8
7121.072753618,child5,712050,frame,131
7121.073901868,child6,712050,frame,36
7121.075010076001,child3,712050,frame,152
7121.107492483,child7,712050,frame,151
7121.108682315999,child8,712050,frame,47
7121.123069603,child4,712050,frame,177
7131.160221671,child1,713060,frame,-70
7131.163680962,child10,713060,frame,-112
7131.164934503,child2,713060,frame,-127
7131.1730852499995,child6,713060,frame,17
7131.174535,child9,713060,frame,24
7131.17939704,child5,713060,frame,-197
7131.180017498,child3,713060,frame,-98
7131.216223529,child8,713060,frame,-119
7131.216379529,child7,713060,frame,-204
7131.225826693,child4,713060,frame,-89
7141.263781094,child1,714070,frame,134
7141.265709343001,child10,714070,frame,144
7141.272066716,child6,714070,frame,8
7141.272318883,child2,714070,frame,30
7141.277975381,child9,714070,frame,60
7141.280334255,child5,714070,frame,156
7141.284559879,child3,714070,frame,43
7141.320344785,child7,714070,frame,-98
7141.323994659,child8,714070,frame,134
7141.3346679060005,child4,714070,frame,-71
7151.3684977249995,child1,715080,frame,-81
7151.370175099,child10,715080,frame,-122
7151.377686097,child6,715080,frame,9
7151.381906929,child2,715080,frame,-103
7151.38438872,child5,715080,frame,9
7151.384459553,child9,715080,frame,16
7151.3913695090005,child3,715080,frame,11
7151.426196749,child7,715080,frame,157
7151.427013999,child8,715080,frame,3
7151.4404418700005,child4,715080,frame,52
7161.47373773,child10,716090,frame,19
7161.47389048,child1,716090,frame,46
7161.483336935999,child6,716090,frame,13
7161.484068477,child2,716090,frame,149
7161.488814434,child9,716090,frame,4
7161.490751558,child5,716090,frame,-2
7161.497671931001,child3,716090,frame,158
7161.528778172,child8,716090,frame,57
7161.533901461999,child7,716090,frame,59
7161.545309624999,child4,716090,frame,49
7171.58067236,child1,717100,frame,45
7171.581930902,child10,717100,frame,18
7171.586568484,child2,717100,frame,13
7171.590043774,child6,717100,frame,-119
7171.592831023,child5,717100,frame,-109
7171.593220940001,child9,717100,frame,4
7171.600461438,child3,717100,frame,-122
7171.63257747,child8,717100,frame,-84
7171.638328051,child7,717100,frame,7
7171.647258049,child4,717100,frame,46
7180.649088468999,child4,718009,frame,-200
7180.679705834999,child1,718009,frame,-200
7180.686292375,child10,718009,frame,-191
7180.690177457001,child2,718009,frame,-123
7180.693028373,child6,718009,frame,-124
7180.696699663,child9,718009,frame,-224
7180.698661538,child5,718009,frame,-69
7180.705934077,child3,718009,frame,-200
7180.736742443,child8,718009,frame,0
7180.742353816,child7,718009,frame,-207
7190.746756185,child7,719019,frame,-91
7190.756801682,child4,719019,frame,-2
7190.779947925001,child1,719019,frame,-2
7190.789298173,child10,719019,frame,-116
7190.792758672,child2,719019,frame,-112
7190.797292379,child6,719019,frame,-93
7190.801422461001,child9,719019,frame,-102
7190.8066541670005,child3,719019,frame,46
7190.806738209,child5,719019,frame,-112
7190.840665074,child8,719019,frame,-69
7200.845704734999,child8,720029,frame,-69
7200.849103317,child7,720029,frame,-94
7200.861089772,child4,720029,frame,-72
7200.881324724,child1,720029,frame,-252
7200.890509013,child10,720029,frame,-79
7200.897982552,child2,720029,frame,-77
7200.900284176,child6,720029,frame,-76
7200.908405382,child9,720029,frame,-86
7200.909895382,child5,720029,frame,-93
7200.913923047,child3,720029,frame,-95
7210.951304657,child8,721039,frame,-98
7210.95177824,child7,721039,frame,-107
7210.962026945,child4,721039,frame,-85
7210.986131146,child1,721039,frame,37
7210.99645906,child10,721039,frame,12
7211.000805975001,child2,721039,frame,-118
7211.006023307,child6,721039,frame,22
7211.015782220999,child5,721039,frame,-123
7211.017340637,child9,721039,frame,-69
7211.018849095,child3,721039,frame,-126
7221.056333454,child8,722049,frame,-116
7221.056927078999,child7,722049,frame,1
7221.07001545,child4,722049,frame,-97
7221.090071819,child1,722049,frame,-95
7221.102440857,child10,722049,frame,3
7221.106010231,child2,722049,frame,14
7221.110447563,child6,722049,frame,-117
7221.119348352,child5,722049,frame,1
7221.124291892,child3,722049,frame,7
7221.125650642,child9,722049,frame,53
7231.162005126001,child8,723059,frame,-84
7231.162281876,child7,723059,frame,11
7231.173002623,child4,723059,frame,36
7231.191020409,child1,723059,frame,0
7231.207131738,child2,723059,frame,5
7231.207876612,child10,723059,frame,-97
7231.217601901,child6,723059,frame,34
7231.221694025,child5,723059,frame,43
7231.2275305230005,child9,723059,frame,-107
7231.227606732,child3,723059,frame,-110
7241.265554966,child7,724069,frame,-89
7241.267079715,child8,724069,frame,139
7241.274718795999,child4,724069,frame,-80
7241.299436997,child1,724069,frame,1
7241.310509911,child10,724069,frame,36
7241.313377118,child2,724069,frame,17
7241.321296116,child6,724069,frame,40
7241.327491905,child5,724069,frame,30
7241.331982779,child3,724069,frame,36
7241.3331362789995,child9,724069,frame,40
7251.36879593,child7,725079,frame,46
7251.371306596,child8,725079,frame,-67
7251.381198385,child4,725079,frame,5
7251.402859212,child1,725079,frame,16
7251.415966833,child2,725079,frame,-86
7251.4169049580005,child10,725079,frame,-81
7251.423611247001,child6,725079,frame,-75
7251.435509285,child5,725079,frame,-87
7251.43599541,child3,725079,frame,-2
7251.437085868,child9,725079,frame,-77
7261.472837310999,child7,726089,frame,12
7261.481203725,child8,726089,frame,-105
7261.484213225,child4,726089,frame,20
7261.506403300999,child1,726089,frame,33
7261.520528422,child2,726089,frame,0
7261.523149963,child10,726089,frame,50
7261.523492838,child6,726089,frame,56
7261.539451041,child3,726089,frame,60
7261.5402416239995,child5,726089,frame,-76
7261.544833831,child9,726089,frame,54
7271.54717741,child5,727099,frame,185
7271.550187117,child9,727099,frame,52
7271.578335109,child7,727099,frame,44
7271.586244814,child8,727099,frame,149
7271.590088272,child4,727099,frame,132
7271.6087064739995,child1,727099,frame,16
7271.627043219,child10,727099,frame,52
7271.628837302001,child2,727099,frame,41
7271.631225468001,child6,727099,frame,46
7271.64464663,child3,727099,frame,23
7280.650500675,child5,728008,frame,10
7280.652574007,child3,728008,frame,10
7280.654858548,child9,728008,frame,10
7280.683437831,child7,728008,frame,35
7280.687279247,child8,728008,frame,4
7280.6962715360005,child4,728008,frame,6
7280.709167115,child1,728008,frame,19
7280.732633232999,child2,728008,frame,31
7280.733848941,child10,728008,frame,24
7280.737259565,child6,728008,frame,7
7290.736976602,child10,729018,frame,36
7290.737218602,child2,729018,frame,46
7290.737878686,child6,729018,frame,33
7290.7556728889995,child5,729018,frame,51
7290.758157263,child3,729018,frame,-78
7290.761973428,child9,729018,frame,-83
7290.7876335460005,child7,729018,frame,31
7290.791287711,child8,729018,frame,-115
7290.799276625,child4,729018,frame,-66
7290.817215453,child1,729018,frame,0
7300.842147191001,child6,730028,frame,-72
7300.8427504,child2,730028,frame,-94
7300.843834733,child10,730028,frame,-215
7300.865492351,child3,730028,frame,47
7300.865724684,child5,730028,frame,15
7300.867569809,child9,730028,frame,29
7300.893737009,child7,730028,frame,-215
7300.8953721749995,child8,730028,frame,38
7300.905679214,child4,730028,frame,-125
7300.922011459001,child1,730028,frame,-98
7310.946533364,child2,731038,frame,29
7310.947700864001,child6,731038,frame,-91
7310.948149197,child10,731038,frame,6
7310.968502316,child3,731038,frame,-78
7310.969078149,child5,731038,frame,16
7310.972640148,child9,731038,frame,57
7311.003974472001,child7,731038,frame,127
7311.00555493,child8,731038,frame,-115
7311.011482553,child4,731038,frame,133
7311.025454049,child1,731038,frame,13
7321.051052745001,child6,732048,frame,48
7321.053439701999,child2,732048,frame,-79
7321.054359911001,child10,732048,frame,-65
7321.0706506139995,child3,732048,frame,-78
7321.074543571,child9,732048,frame,-85
7321.0761152370005,child5,732048,frame,-108
7321.109156186,child7,732048,frame,-86
7321.111327977,child8,732048,frame,35
7321.115926142,child4,732048,frame,-125
7321.1285965550005,child1,732048,frame,15
7331.157831875,child6,733058,frame,50
7331.159059916,child10,733058,frame,58
7331.165192914,child2,733058,frame,125
7331.177886869,child3,733058,frame,125
7331.18030066,child9,733058,frame,56
7331.181979701,child5,733058,frame,158
7331.2125151089995,child7,733058,frame,-67
7331.215319690999,child8,733058,frame,35
7331.219136357,child4,733058,frame,257
7331.233658144,child1,733058,frame,14
7341.262631589,child10,734068,frame,-1
7341.263460256,child6,734068,frame,32
7341.270017420001,child2,734068,frame,-212
7341.284846457,child5,734068,frame,-123
7341.285617124,child3,734068,frame,-78
7341.287330497999,child9,734068,frame,41
7341.317162781,child7,734068,frame,-70
7341.319940489,child4,734068,frame,-86
7341.321322322,child8,734068,frame,25
7341.337121233,child1,734068,frame,-110
7351.344046269,child1,735078,frame,30
7351.366408595,child10,735078,frame,6
7351.368482428,child6,735078,frame,-91
7351.375177718,child2,735078,frame,171
7351.390966296,child3,735078,frame,124
7351.393181837,child9,735078,frame,-104
7351.396086336,child5,735078,frame,19
7351.421242662,child7,735078,frame,145
7351.423377328,child4,735078,frame,-79
7351.425453744,child8,735078,frame,31
7361.445196192,child1,736088,frame,31
7361.470372476,child6,736088,frame,48
7361.470508518,child10,736088,frame,137
7361.481423681,child2,736088,frame,46
7361.49815426,child5,736088,frame,-111
7361.499518967,child9,736088,frame,55
7361.499684926001,child3,736088,frame,-74
7361.526709876,child7,736088,frame,-115
7361.527692792,child8,736088,frame,25
7361.528494292001,child4,736088,frame,133
7371.546276449,child1,737098,frame,29
7371.573090191,child6,737098,frame,0
7371.573926566,child10,737098,frame,-122
7371.586115145,child2,737098,frame,-82
7371.604064098,child5,737098,frame,27
7371.6052003899995,child3,737098,frame,1
7371.60531314,child9,737098,frame,-73
7371.634130589,child4,737098,frame,-69
7371.634499006001,child7,737098,frame,14
7371.635784755,child8,737098,frame,-99
7380.639022259,child7,738007,frame,137
7380.64097905,child4,738007,frame,125
7380.6430715490005,child8,738007,frame,160
7380.652304297,child1,738007,frame,24
7380.674082414999,child6,738007,frame,3
7380.678854455,child10,738007,frame,5
7380.692278618,child2,738007,frame,20
7380.708269655001,child9,738007,frame,142
7380.711771945,child3,738007,frame,-2
7380.7120813619995,child5,738007,frame,3
7390.745752056,child7,739017,frame,-79
7390.7472375140005,child4,739017,frame,-85
7390.74807993,child8,739017,frame,9
7390.753426761999,child1,739017,frame,16
7390.77516488,child6,739017,frame,-2
7390.782531127999,child10,739017,frame,129
7390.7963175820005,child2,739017,frame,49
7390.813856494,child9,739017,frame,21
7390.817515451,child3,739017,frame,1
7390.818978325,child5,739017,frame,-92
7400.828443318,child5,740027,frame,49
7400.85031877,child7,740027,frame,28
7400.855634227,child8,740027,frame,-67
7400.855662434999,child4,740027,frame,45
7400.860126017,child1,740027,frame,-108
7400.88291101,child6,740027,frame,-93
7400.887400674999,child10,740027,frame,-91
7400.9000724630005,child2,740027,frame,-79
7400.921423747999,child3,740027,frame,55
7400.921691207,child9,740027,frame,-85
7410.9300342,child9,741037,frame,42
7410.9327939489995,child5,741037,frame,51
7410.951904277,child7,741037,frame,1
7410.958521066,child4,741037,frame,20
7410.960452982,child8,741037,frame,-102
7410.961962732,child1,741037,frame,157
7410.987327224,child6,741037,frame,175
7410.994303472,child10,741037,frame,54
7411.0075882599995,child2,741037,frame,47
7411.025385129,child3,741037,frame,-86
7421.030585624,child3,742047,frame,0
7421.037201538,child9,742047,frame,-86
7421.038427663,child5,742047,frame,-79
7421.058054199,child7,742047,frame,12
7421.064624738,child4,742047,frame,44
7421.065215320999,child1,742047,frame,-108
7421.06926057,child8,742047,frame,17
7421.095109062,child6,742047,frame,-93
7421.0975292699995,child10,742047,frame,-73
7421.111442390999,child2,742047,frame,-89
7431.136090962,child3,743057,frame,55
7431.142890335,child5,743057,frame,46
7431.143115544,child9,743057,frame,39
7431.163293038,child7,743057,frame,1
7431.168784328,child4,743057,frame,-96
7431.170128702,child1,743057,frame,16
7431.171505243,child8,743057,frame,36
7431.196461861,child6,743057,frame,50
7431.201266859,child10,743057,frame,-2
7431.218398271,child2,743057,frame,41
7441.239687718999,child3,744067,frame,1
7441.244578842,child5,744067,frame,-76
7441.248128466,child9,744067,frame,-85
7441.267153502,child7,744067,frame,1
7441.2728597919995,child4,744067,frame,28
7441.2768091240005,child8,744067,frame,17
7441.278479957,child1,744067,frame,-91
7441.303654324,child6,744067,frame,-93
7441.306454365,child10,744067,frame,-66
7441.323382943,child2,744067,frame,-71
7451.329219937001,child2,745077,frame,133
7451.346188307,child3,745077,frame,54
7451.3479454319995,child5,745077,frame,48
7451.354150305,child9,745077,frame,56
7451.371139340999,child7,745077,frame,4
7451.376662756,child4,745077,frame,161
7451.37998188,child1,745077,frame,30
7451.383391087999,child8,745077,frame,19
7451.4066489140005,child6,745077,frame,50
7451.410113121,child10,745077,frame,21
7461.434465026,child2,746087,frame,29
7461.450165938,child3,746087,frame,-78
7461.453682478999,child5,746087,frame,173
7461.459214394001,child9,746087,frame,41
7461.476231514001,child7,746087,frame,47
7461.479034763,child1,746087,frame,31
7461.486386094,child4,746087,frame,-120
7461.489713843001,child8,746087,frame,-107
7461.509857795,child6,746087,frame,-2
7461.5195905010005,child10,746087,frame,50
7471.534922742,child2,747097,frame,-82
7471.557045402,child3,747097,frame,54
7471.558081067999,child5,747097,frame,-78
7471.558821359,child9,747097,frame,34
7471.579581020001,child7,747097,frame,9
7471.580582478,child1,747097,frame,29
7471.5926515579995,child8,747097,frame,159
7471.594140599001,child4,747097,frame,29
7471.614770884,child6,747097,frame,42
7471.6298464209995,child10,747097,frame,-2
7480.636175121,child10,748006,frame,54
7480.637619412,child2,748006,frame,39
7480.66390403,child3,748006,frame,54
7480.664601905,child5,748006,frame,1
7480.665869654,child9,748006,frame,17
7480.685727231999,child7,748006,frame,22
7480.6877346480005,child1,748006,frame,25
7480.696291353999,child8,748006,frame,11
7480.699337562,child4,748006,frame,29
7480.719841973,child6,748006,frame,8
7490.740577752,child2,749016,frame,-79
7490.740828585,child10,749016,frame,-2
7490.769087577,child9,749016,frame,-83
7490.769383536,child3,749016,frame,-78
7490.772313243,child5,749016,frame,31
7490.78900603,child7,749016,frame,59
7490.796318403,child1,749016,frame,14
7490.799117278,child8,749016,frame,-98
7490.803631318,child4,749016,frame,-111
7490.820999647,child6,749016,frame,25
7500.821183639,child6,750026,frame,41
7500.845798466,child10,750026,frame,5
7500.848696507001,child2,750026,frame,45
7500.873171083,child9,750026,frame,55
7500.87795604,child3,750026,frame,47
7500.877994499,child5,750026,frame,-92
7500.896144827,child7,750026,frame,-77
7500.903118867,child1,750026,frame,30
7500.905942990999,child8,750026,frame,10
7500.906928949001,child4,750026,frame,156
7510.925766353,child6,751036,frame,-100
7510.953508221,child2,751036,frame,46
7510.953798637,child10,751036,frame,-2
7510.977036964,child9,751036,frame,-101
7510.981397255,child3,751036,frame,-86
7510.981671671,child5,751036,frame,33
7511.0005267080005,child7,751036,frame,39
7511.002949291,child1,751036,frame,14
7511.009887122,child4,751036,frame,14
7511.010093164,child8,751036,frame,9
7521.031299651,child6,752046,frame,41
7521.058428267999,child10,752046,frame,-66
7521.059993518,child2,752046,frame,-78
7521.084016095,child9,752046,frame,55
7521.085862802,child5,752046,frame,33
7521.090757509,child3,752046,frame,55
7521.105130214,child7,752046,frame,-75
7521.108057588,child1,752046,frame,15
7521.112560129,child4,752046,frame,-127
7521.118590294,child8,752046,frame,-94
7531.123426868,child8,753056,frame,26
7531.141274488,child6,753056,frame,25
7531.160981274999,child10,753056,frame,43
7531.1660943980005,child2,753056,frame,46
7531.1891921,child5,753056,frame,-90
7531.189303517,child9,753056,frame,41
7531.1952496819995,child3,753056,frame,-78
7531.208626969999,child7,753056,frame,39
7531.21479276,child1,753056,frame,0
7531.217682009001,child4,753056,frame,140
7541.220891709,child4,754066,frame,-111
7541.229248415,child8,754066,frame,26
7541.248838785,child6,754066,frame,-100
7541.263890823,child10,754066,frame,-197
7541.271768112,child2,754066,frame,-88
7541.292427565,child5,754066,frame,31
7541.294236981,child9,754066,frame,-84
7541.297277272,child3,754066,frame,0
7541.312057935001,child7,754066,frame,-75
7541.319910931999,child1,754066,frame,-249
7551.322618591001,child4,755076,frame,-93
7551.3326722130005,child8,755076,frame,29
7551.353129958,child6,755076,frame,53
7551.371096661,child10,755076,frame,271
7551.375404952,child2,755076,frame,8
7551.398004404,child5,755076,frame,46
7551.39899107,child9,755076,frame,38
7551.401607361,child3,755076,frame,-70
7551.4149188989995,child7,755076,frame,47
7551.420004523,child1,755076,frame,32
7561.426725139,child4,756086,frame,153
7561.438733052,child8,756086,frame,26
7561.456242964,child6,756086,frame,-91
7561.479395791,child2,756086,frame,125
7561.479636749,child10,756086,frame,52
7561.503376993,child5,756086,frame,-92
7561.504014826,child9,756086,frame,-194
7561.509482616,child3,756086,frame,133
7561.515677073,child7,756086,frame,58
7561.52118053,child1,756086,frame,158
7571.529333645,child1,757096,frame,-109
7571.531976894,child4,757096,frame,-110
7571.548562015,child8,757096,frame,-83
7571.559641095,child6,757096,frame,44
7571.582877131,child2,757096,frame,-74
7571.584294755,child10,757096,frame,-75
7571.608459499,child5,757096,frame,46
7571.61083004,child9,757096,frame,145
7571.611276123001,child3,757096,frame,0
7571.620344704001,child7,757096,frame,-70
7580.61342272,child5,758005,frame,18
7580.614695344,child3,758005,frame,16
7580.61744001,child9,758005,frame,25
7580.624190717,child7,758005,frame,29
7580.635598964001,child4,758005,frame,26
7580.636714421999,child1,758005,frame,26
7580.652950334001,child8,758005,frame,18
7580.663689539,child6,758005,frame,15
7580.686729741999,child2,758005,frame,14
7580.689205324,child10,758005,frame,39
7590.718350059,child5,759015,frame,-74
7590.718638892,child3,759015,frame,-65
7590.724173349,child9,759015,frame,-204
7590.72690014,child7,759015,frame,-66
7590.737684929,child1,759015,frame,-93
7590.741626303,child4,759015,frame,29
7590.757300798,child8,759015,frame,26
7590.768755462,child6,759015,frame,-76
7590.79237108,child10,759015,frame,-73
7590.792842372,child2,759015,frame,-71
7600.822650773,child3,760025,frame,-83
7600.825893356,child5,760025,frame,46
7600.827143314,child9,760025,frame,17
7600.827408064,child7,760025,frame,-71
7600.840920352,child1,760025,frame,4
7600.8438982669995,child4,760025,frame,28
7600.863025554,child8,760025,frame,43
7600.87547205,child6,760025,frame,174
7600.896134545001,child2,760025,frame,8
7600.896800461,child10,760025,frame,42
7610.928455737,child3,761035,frame,140
7610.930646986,child9,761035,frame,25
7610.932873903,child5,761035,frame,46
7610.938404109001,child7,761035,frame,12
7610.9476331900005,child1,761035,frame,55
7610.950043315,child4,761035,frame,-113
7610.970605601,child8,761035,frame,-114
7610.97747239,child6,761035,frame,-92
7610.999236926,child2,761035,frame,-80
7611.000917217,child10,761035,frame,-79
7621.03295641,child3,762045,frame,-70
7621.037296658,child9,762045,frame,34
7621.038004533,child5,762045,frame,-91
7621.0423114489995,child7,762045,frame,1
7621.053500029,child1,762045,frame,53
7621.058763153,child4,762045,frame,45
7621.077560189,child8,762045,frame,25
7621.078199064,child6,762045,frame,-76
7621.105590515,child10,762045,frame,-66
7621.10698364,child2,762045,frame,143
7631.1146208380005,child10,763055,frame,44
7631.138476582,child3,763055,frame,126
7631.140352873001,child5,763055,frame,48
7631.143443872,child9,763055,frame,25
7631.147509788,child7,763055,frame,137
7631.15684591,child1,763055,frame,22
7631.1664397409995,child4,763055,frame,-97
7631.18219082,child8,763055,frame,44
7631.182766528,child6,763055,frame,174
7631.210860687,child2,763055,frame,-71
7641.214936512,child2,764065,frame,0
7641.220716219,child10,764065,frame,5
7641.240960422,child3,764065,frame,-211
7641.24529742,child5,764065,frame,48
7641.247931086,child9,764065,frame,14
7641.253491543,child7,764065,frame,-124
7641.258031,child1,764065,frame,22
7641.272557705,child4,764065,frame,155
7641.289517325,child8,764065,frame,-100
7641.292200033,child6,764065,frame,-197
7651.31913331,child2,765075,frame,123
7651.324111142,child10,765075,frame,14
7651.347546969,child3,765075,frame,15
7651.350825468,child5,765075,frame,-74
7651.354061217,child9,765075,frame,-116
7651.359091591,child1,765075,frame,39
7651.360857965,child7,765075,frame,134
7651.373436837,child4,765075,frame,31
7651.394006789,child8,765075,frame,167
7651.397775413,child6,765075,frame,48
7661.42538094,child2,766085,frame,-68
7661.428410523,child10,766085,frame,4
7661.455513099,child3,766085,frame,16
7661.455706557,child5,766085,frame,-79
7661.458263181,child9,766085,frame,-83
7661.465862846,child1,766085,frame,-103
7661.468819637,child7,766085,frame,4
7661.478598342,child4,766085,frame,-111
7661.498757045,child8,766085,frame,-95
7661.504561127,child6,766085,frame,-75
7671.536305111001,child2,767095,frame,5
7671.5370672770005,child10,767095,frame,56
7671.558319188,child5,767095,frame,59
7671.559912813001,child3,767095,frame,18
7671.563905062,child9,767095,frame,184
7671.571264268,child1,767095,frame,38
7671.575423642,child7,767095,frame,-73
7671.587292514,child4,767095,frame,31
7671.604514717,child8,767095,frame,26
7671.607882092,child6,767095,frame,123
7680.609202689,child8,768004,frame,18
7680.613295729,child6,768004,frame,-118
7680.63934593,child10,768004,frame,-84
7680.642366263,child2,768004,frame,-105
7680.6631910490005,child5,768004,frame,18
7680.664478799001,child3,768004,frame,32
7680.670934255,child9,768004,frame,-99
7680.675795878999,child1,768004,frame,17
7680.679968836001,child7,768004,frame,-76
7680.6965886650005,child4,768004,frame,43
7690.714981819,child8,769014,frame,-80
7690.716686985,child6,769014,frame,11
7690.746058102,child10,769014,frame,13
7690.749216185,child2,769014,frame,135
7690.767945138,child5,769014,frame,-77
7690.768021721,child3,769014,frame,60
7690.776658176999,child9,769014,frame,-91
7690.780661051,child1,769014,frame,-108
7690.785611592,child7,769014,frame,55
7690.801810796,child4,769014,frame,31
7700.807944162,child4,770024,frame,14
7700.816881950999,child8,770024,frame,26
7700.819781116999,child6,770024,frame,127
7700.853549398999,child10,770024,frame,6
7700.854436441,child2,770024,frame,-78
7700.871047061,child5,770024,frame,126
7700.87391731,child3,770024,frame,5
7700.884113808001,child9,770024,frame,174
7700.886602849,child1,770024,frame,31
7700.890312556,child7,770024,frame,4
7710.911882584,child4,771034,frame,-111
7710.921532748,child8,771034,frame,25
7710.924845539,child6,771034,frame,-83
7710.953601698,child10,771034,frame,59
7710.960734570999,child2,771034,frame,133
7710.977733233,child5,771034,frame,59
7710.979387608,child3,771034,frame,-2
7710.98884973,child9,771034,frame,-92
7710.991958646,child7,771034,frame,2
7710.9933244369995,child1,771034,frame,158
7721.013978966,child4,772044,frame,15
7721.026518879,child8,772044,frame,47
7721.028299504,child6,772044,frame,10
7721.059590537,child10,772044,frame,-190
7721.062067953,child2,772044,frame,-80
7721.086234863,child5,772044,frame,-86
7721.087572113,child3,772044,frame,58
7721.091577736,child9,772044,frame,32
7721.093962402,child7,772044,frame,0
7721.0963942769995,child1,772044,frame,-109
7731.119382012999,child4,773054,frame,48
7731.133019176,child8,773054,frame,-116
7731.133057343,child6,773054,frame,6
7731.162584126,child10,773054,frame,3
7731.167693125,child2,773054,frame,-87
7731.188915203001,child5,773054,frame,-71
7731.190937619,child3,773054,frame,-78
7731.198721075,child7,773054,frame,-121
7731.1989877000005,child9,773054,frame,49
7731.201890616,child1,773054,frame,33
7741.205160982,child7,774064,frame,141
7741.227623726,child4,774064,frame,28
7741.234133766,child6,774064,frame,-68
7741.2386565570005,child8,774064,frame,60
7741.264847841,child10,774064,frame,149
7741.276463671,child2,774064,frame,16
7741.2943765420005,child3,774064,frame,-70
7741.294405125,child5,774064,frame,56
7741.301027331,child1,774064,frame,50
7741.303482539,child9,774064,frame,34
7751.306658073,child1,775074,frame,15
7751.307210364,child9,775074,frame,17
7751.311173696,child7,775074,frame,20
7751.332987607,child4,775074,frame,12
7751.334775565,child6,775074,frame,182
7751.344643937,child8,775074,frame,26
7751.369462805,child10,775074,frame,7
7751.378640428,child2,775074,frame,8
7751.403072921001,child3,775074,frame,125
7751.403670588,child5,775074,frame,41
7761.410532704001,child5,776084,frame,-85
7761.410783787,child9,776084,frame,-109
7761.4162453690005,child7,776084,frame,-115
7761.418900451,child1,776084,frame,-112
7761.438540071001,child4,776084,frame,-237
7761.439867404,child6,776084,frame,-201
7761.452155608999,child8,776084,frame,-99
7761.470686062,child10,776084,frame,-112
7761.48369335,child2,776084,frame,-118
7761.505726719,child3,776084,frame,-78
7771.513893210001,child9,777094,frame,161
7771.515146251,child3,777094,frame,-68
7771.515465709,child5,777094,frame,134
7771.519760667,child7,777094,frame,59
7771.524037707,child1,777094,frame,30
7771.541568327,child4,777094,frame,170
7771.545255993,child6,777094,frame,123
7771.551304408,child8,777094,frame,58
7771.574886527,child10,777094,frame,18
7771.587402898,child2,777094,frame,181
7780.617528238,child9,778003,frame,-94
7780.617921779,child3,778003,frame,32
7780.618357112,child5,778003,frame,-124
7780.626157152,child7,778003,frame,-69
7780.6263857349995,child1,778003,frame,10
7780.650001895,child6,778003,frame,-110
7780.65002152,child4,778003,frame,-84
7780.658524018,child8,778003,frame,-107
7780.682224137,child10,778003,frame,-2
7780.692174842,child2,778003,frame,-80
7790.719767536,child9,779013,frame,33
7790.723044118,child5,779013,frame,54
7790.723529618,child3,779013,frame,132
7790.7295766160005,child1,779013,frame,15
7790.72994245,child7,779013,frame,133
7790.750798151999,child6,779013,frame,136
7790.7517552770005,child4,779013,frame,44
7790.7625873570005,child8,779013,frame,167
7790.784570476,child10,779013,frame,21
7790.7957218070005,child2,779013,frame,133
7800.79854359,child2,780023,frame,-72
7800.82425175,child9,780023,frame,125
7800.825527374999,child5,780023,frame,-69
7800.82878604,child3,780023,frame,-195
7800.834659872,child1,780023,frame,30
7800.834920039,child7,780023,frame,-113
7800.853909699999,child6,780023,frame,48
7800.859769657,child4,780023,frame,29
7800.871520779,child8,780023,frame,-82
7800.890117399,child10,780023,frame,11
7810.8973098060005,child10,781033,frame,8
7810.905956429,child2,781033,frame,9
7810.926977173,child9,781033,frame,-124
7810.929021797,child5,781033,frame,57
7810.937574128,child7,781033,frame,9
7810.93883317,child3,781033,frame,22
7810.93976317,child1,781033,frame,-110
7810.960649164,child6,781033,frame,-83
7810.962038413,child4,781033,frame,-97
7810.973755035,child8,781033,frame,42
7821.001062229,child10,782043,frame,5
7821.009086852,child2,782043,frame,125
7821.031077137,child9,782043,frame,268
7821.03234247,child5,782043,frame,165
7821.0390612599995,child7,782043,frame,136
7821.041527676,child1,782043,frame,155
7821.046232467001,child3,782043,frame,263
7821.067425502,child6,782043,frame,131
7821.068712419001,child4,782043,frame,171
7821.077171833,child8,782043,frame,26
7831.107543818,child10,783053,frame,147
7831.112136941,child2,783053,frame,47
7831.132039394,child9,783053,frame,48
7831.138607892,child5,783053,frame,43
7831.140634309,child1,783053,frame,16
7831.144440974,child7,783053,frame,135
7831.149461973,child3,783053,frame,37
7831.170799884,child6,783053,frame,149
7831.171937717,child4,783053,frame,155
7831.185112630001,child8,783053,frame,171
7841.210088074,child10,784063,frame,254
7841.220166446,child2,784063,frame,21
7841.235058734,child9,784063,frame,148
7841.242886565,child5,784063,frame,147
7841.246439396999,child1,784063,frame,266
7841.250514146001,child7,784063,frame,164
7841.252988146,child3,784063,frame,151
7841.27393439,child6,784063,frame,26
7841.2763461389995,child4,784063,frame,15
7841.290078511,child8,784063,frame,134
7851.312341372,child10,785073,frame,20
7851.322621994,child2,785073,frame,18
7851.342564989,child9,785073,frame,1
7851.3454056129995,child5,785073,frame,-71
7851.3572375680005,child1,785073,frame,32
7851.358495776,child7,785073,frame,-105
7851.358691443,child3,785073,frame,15
7851.373422856001,child6,785073,frame,56
7851.380447187,child4,785073,frame,-79
7851.395941141,child8,785073,frame,59
7861.401808799001,child8,786083,frame,158
7861.416843211,child10,786083,frame,12
7861.429257082999,child2,786083,frame,154
7861.449360994,child9,786083,frame,8
7861.452150827,child5,786083,frame,134
7861.462014157,child3,786083,frame,-1
7861.462933282,child1,786083,frame,24
7861.465047407,child7,786083,frame,139
7861.476096986999,child6,786083,frame,57
7861.484845318,child4,786083,frame,131
7871.5037148050005,child8,787093,frame,58
7871.522415091999,child10,787093,frame,48
7871.534512255,child2,787093,frame,123
7871.557181124,child9,787093,frame,52
7871.558312791,child5,787093,frame,38
7871.565388705,child1,787093,frame,141
7871.567478913,child3,787093,frame,183
7871.5705905370005,child7,787093,frame,127
7871.57807491,child6,787093,frame,154
7871.5880811160005,child4,787093,frame,165
7880.590614671,child4,788002,frame,-89
7880.61200504,child8,788002,frame,-112
7880.627254618999,child10,788002,frame,41
7880.639476449,child2,788002,frame,-105
7880.658961944,child5,788002,frame,134
7880.661812234999,child9,788002,frame,-71
7880.665653151,child1,788002,frame,-2
7880.671627191,child3,788002,frame,-116
7880.6776183970005,child7,788002,frame,22
7880.685127645,child6,788002,frame,55
7890.692492803,child6,789012,frame,-124
7890.696471843,child4,789012,frame,21
7890.715001046,child8,789012,frame,48
7890.733543208,child10,789012,frame,-91
7890.742648247,child2,789012,frame,46
7890.7613775340005,child5,789012,frame,-114
7890.766586949,child9,789012,frame,47
7890.771165031,child1,789012,frame,-79
7890.777940196,child3,789012,frame,22
7890.78347532,child7,789012,frame,26
7900.798290433,child4,790022,frame,16
7900.803464515,child6,790022,frame,55
7900.822845176001,child8,790022,frame,33
7900.835080381001,child10,790022,frame,161
7900.84547817,child2,790022,frame,30
7900.865123665,child5,790022,frame,-2
7900.875051579001,child1,790022,frame,49
7900.876356204,child9,790022,frame,16
7900.884040826,child3,790022,frame,132
7900.885608826,child7,790022,frame,-117
7910.8921462749995,child3,791032,frame,6
7910.89964694,child4,791032,frame,128
7910.907447521,child6,791032,frame,6
7910.926631724,child8,791032,frame,35
7910.942354803,child10,791032,frame,3
7910.949504676,child2,791032,frame,155
7910.972022504,child5,791032,frame,131
7910.981867709,child1,791032,frame,29
7910.983653209,child9,791032,frame,31
7910.987694833,child7,791032,frame,131
7920.994751407,child7,792042,frame,11
7920.998358780999,child3,792042,frame,-126
7921.002606571,child4,792042,frame,59
7921.008472361,child6,792042,frame,54
7921.0332990629995,child8,792042,frame,-109
7921.050120016999,child10,792042,frame,-121
7921.055250056999,child2,792042,frame,-75
7921.075351343,child5,792042,frame,-78
7921.082926923999,child1,792042,frame,12
7921.0865729649995,child9,792042,frame,-102
7931.0925195810005,child9,793052,frame,28
7931.098817370999,child7,793052,frame,-127
7931.099869871,child3,793052,frame,19
7931.109527118,child6,793052,frame,-85
7931.109887535,child4,793052,frame,-208
7931.137204361,child8,793052,frame,33
7931.154909939,child10,793052,frame,34
7931.159424313,child2,793052,frame,-119
7931.178758516,child5,793052,frame,0
7931.1836881809995,child1,793052,frame,-96
7941.193244046,child1,794062,frame,161
7941.196433212,child9,794062,frame,-210
7941.2045394179995,child7,794062,frame,11
7941.205669835001,child3,794062,frame,12
7941.214327123999,child6,794062,frame,-78
7941.214381915999,child4,794062,frame,175
7941.243269908,child8,794062,frame,-81
7941.2584472789995,child10,794062,frame,10
7941.262887319001,child2,794062,frame,139
7941.2823000220005,child5,794062,frame,3
7951.300459843001,child9,795072,frame,250
7951.301307635,child1,795072,frame,13
7951.309312257,child7,795072,frame,141
7951.313399423,child3,795072,frame,129
7951.316142338999,child6,795072,frame,180
7951.319301713,child4,795072,frame,-90
7951.345384456,child8,795072,frame,48
7951.360288535,child10,795072,frame,21
7951.364527576,child2,795072,frame,6
7951.386942736,child5,795072,frame,53
7961.392769644,child5,796082,frame,-81
7961.406823515,child9,796082,frame,-86
7961.407340807,child1,796082,frame,-106
7961.410756931001,child7,796082,frame,-198
7961.42074072,child3,796082,frame,-120
7961.422456553,child6,796082,frame,-78
7961.423252011,child4,796082,frame,58
7961.452235545,child8,796082,frame,3
7961.463776083,child10,796082,frame,-105
7961.466911499,child2,796082,frame,-66
7971.4955558169995,child5,797092,frame,3
7971.5097570630005,child9,797092,frame,24
7971.51055423,child1,797092,frame,30
7971.515027062,child7,797092,frame,156
7971.523532434,child6,797092,frame,-127
7971.524810976,child3,797092,frame,45
7971.52811735,child4,797092,frame,-88
7971.554916759,child8,797092,frame,-92
7971.5678452970005,child10,797092,frame,34
7971.570538547,child2,797092,frame,5
7980.5984412200005,child5,798001,frame,37
7980.613645966,child9,798001,frame,16
7980.615573839999,child7,798001,frame,50
7980.616240507,child1,798001,frame,22
7980.625043546,child6,798001,frame,168
7980.625214921,child3,798001,frame,30
7980.631101878001,child4,798001,frame,131
7980.660031162,child8,798001,frame,52
7980.673955074,child10,798001,frame,135
7980.676014449,child2,798001,frame,-67
7990.699642102,child5,799011,frame,-77
7990.717401639,child9,799011,frame,-78
7990.71965393,child7,799011,frame,-193
7990.719730096001,child1,799011,frame,-109
7990.727778261,child6,799011,frame,-79
7990.728397427,child3,799011,frame,-119
7990.734391842,child4,799011,frame,-96
7990.764605042,child8,799011,frame,-77
7990.777835539,child10,799011,frame,-105
7990.777878372,child2,799011,frame,-66
8000.78163753,child2,800021,frame,165
8000.801254567,child5,800021,frame,134
8000.818883812,child9,800021,frame,2
8000.823250352,child1,800021,frame,30
8000.825135977,child7,800021,frame,14
8000.833050765999,child3,800021,frame,-103
8000.835210266,child6,800021,frame,13
8000.838155348,child4,800021,frame,-73
8000.86768159,child8,800021,frame,146
8000.880874337,child10,800021,frame,35
8010.88448362,child10,801031,frame,127
8010.885972495,child2,801031,frame,14
8010.907255864,child5,801031,frame,127
8010.923300485,child9,801031,frame,162
8010.924231483999,child1,801031,frame,156
8010.930098441,child7,801031,frame,159
8010.936842773,child3,801031,frame,148
8010.940170188001,child4,801031,frame,130
8010.943178687,child6,801031,frame,126
8010.97067193,child8,801031,frame,39
8020.98632271,child10,802041,frame,-121
8020.987341710001,child2,802041,frame,-2
8021.014566369,child5,802041,frame,29
8021.026543573999,child9,802041,frame,-85
8021.027132782,child1,802041,frame,-127
8021.036313071,child7,802041,frame,-249
8021.042198028,child3,802041,frame,6
8021.044038569,child4,802041,frame,29
8021.045246986,child6,802041,frame,39
8021.078786185,child8,802041,frame,-191
8031.084458093,child8,803051,frame,55
8031.089668133,child10,803051,frame,20
8031.093845757,child2,803051,frame,-67
8031.120535291,child5,803051,frame,24
8031.128169039,child1,803051,frame,50
8031.133718538,child9,803051,frame,-102
8031.142552785,child7,803051,frame,140
8031.1464693670005,child4,803051,frame,-81
8031.147420284,child3,803051,frame,7
8031.147936034,child6,803051,frame,-101
8041.188994432,child8,804061,frame,57
8041.196009555,child10,804061,frame,19
8041.196260055,child2,804061,frame,24
8041.224387047,child5,804061,frame,-102
8041.230817296,child1,804061,frame,-97
8041.2355639610005,child9,804061,frame,0
8041.246021041,child7,804061,frame,33
8041.253483789,child6,804061,frame,55
8041.253827706,child4,804061,frame,44
8041.254504081,child3,804061,frame,-103
8051.2944939789995,child8,805071,frame,131
8051.297497478,child10,805071,frame,4
8051.301392226999,child2,805071,frame,14
8051.328626012,child5,805071,frame,148
8051.334930968,child1,805071,frame,154
8051.338674884,child9,805071,frame,163
8051.347331381,child7,805071,frame,54
8051.356209296,child3,805071,frame,148
8051.356779586999,child4,805071,frame,125
8051.359118920001,child6,805071,frame,39
8061.399554235,child8,806081,frame,24
8061.404680025,child10,806081,frame,-123
8061.406984608,child2,806081,frame,14
8061.4337878510005,child1,806081,frame,12
8061.435774725001,child5,806081,frame,17
8061.446359681,child9,806081,frame,-211
8061.450931013001,child7,806081,frame,18
8061.461297176,child4,806081,frame,-107
8061.463507134,child6,806081,frame,16
8061.464238842001,child3,806081,frame,136
8071.504684949,child8,807091,frame,-100
8071.507974865,child10,807091,frame,35
8071.51217278,child2,807091,frame,50
8071.539100148,child1,807091,frame,-111
8071.541108356,child5,807091,frame,-66
8071.550290187,child9,807091,frame,256
8071.557328351,child7,807091,frame,5
8071.567114265001,child4,807091,frame,46
8071.570299473,child6,807091,frame,-203
8071.570536223,child3,807091,frame,-124
8080.578934151001,child3,808000,frame,-108
8080.606272269,child8,808000,frame,49
8080.614452100001,child10,808000,frame,55
8080.615989933,child2,808000,frame,44
8080.644681217,child1,808000,frame,21
8080.645702258,child5,808000,frame,-84
8080.656981213,child9,808000,frame,-123
8080.658919171,child7,808000,frame,-70
8080.672086501,child6,808000,frame,9
8080.672991292,child4,808000,frame,-72
8090.675603368,child6,809010,frame,-66
8090.677229492,child4,809010,frame,-99
8090.678146659,child3,809010,frame,-1
8090.708798567,child8,809010,frame,-218
8090.7194798969995,child10,809010,frame,-111
8090.724956938,child2,809010,frame,-127
8090.74776414,child5,809010,frame,6
8090.749820931,child1,809010,frame,-111
8090.75951122,child7,809010,frame,-118
8090.762682302,child9,809010,frame,-104
8100.775450624999,child6,810020,frame,125
8100.7795210819995,child4,810020,frame,-75
8100.779701165,child3,810020,frame,13
8100.811891032,child8,810020,frame,127
8100.823385737,child10,810020,frame,43
8100.829091069,child2,810020,frame,14
8100.850031313,child5,810020,frame,15
8100.852413687,child1,810020,frame,44
8100.865870809,child7,810020,frame,148
8100.86668635,child9,810020,frame,134
8110.880174714,child6,811030,frame,56
8110.880614672,child4,811030,frame,129
8110.886225254,child3,811030,frame,140
8110.915502496,child8,811030,frame,44
8110.923250911,child10,811030,frame,27
8110.929764451,child2,811030,frame,59
8110.953565361,child1,811030,frame,154
8110.954239486,child5,811030,frame,140
8110.966767149001,child7,811030,frame,-67
8110.969984273,child9,811030,frame,47
8120.974556139,child9,812040,frame,-94
8120.9871991360005,child4,812040,frame,42
8120.988043261,child6,812040,frame,-87
8120.990686468,child3,812040,frame,-2
8121.02171321,child8,812040,frame,-100
8121.030290083,child10,812040,frame,27
8121.03769058,child2,812040,frame,-127
8121.056081367,child5,812040,frame,-108
8121.058039742001,child1,812040,frame,-110
8121.070283072,child7,812040,frame,-2
8131.078454645,child9,813050,frame,40
8131.0922527249995,child6,813050,frame,56
8131.095026308,child4,813050,frame,-83
8131.097021682,child3,813050,frame,-80
8131.125023383,child8,813050,frame,59
8131.135694713,child10,813050,frame,-97
8131.144164253,child2,813050,frame,139
8131.158650499,child5,813050,frame,-2
8131.165572788,child1,813050,frame,16
8131.1727092030005,child7,813050,frame,18
8141.176873361,child7,814060,frame,6
8141.186805359001,child9,814060,frame,-90
8141.199379938,child4,814060,frame,-118
8141.20089748,child6,814060,frame,-71
8141.201089771,child3,814060,frame,7
8141.233330179,child8,814060,frame,-78
8141.242393385,child10,814060,frame,43
8141.2497148,child2,814060,frame,-127
8141.261809838,child5,814060,frame,-112
8141.271608169,child1,814060,frame,30
8151.28233995,child7,815070,frame,27
8151.2901222400005,child9,815070,frame,165
8151.298774696,child6,815070,frame,134
8151.305325652,child4,815070,frame,263
8151.308430735,child3,815070,frame,147
8151.337696352,child8,815070,frame,126
8151.35059914,child10,815070,frame,10
8151.3557837220005,child2,815070,frame,58
8151.3677803440005,child5,815070,frame,156
8151.372973884,child1,815070,frame,30
8161.37449371,child5,816080,frame,8
8161.3769975,child1,816080,frame,-92
8161.389528497,child7,816080,frame,-101
8161.397471537,child9,816080,frame,-78
8161.40303466,child6,816080,frame,-73
8161.413175574,child4,816080,frame,-73
8161.4176057390005,child3,816080,frame,-197
8161.4425284829995,child8,816080,frame,-66
8161.457751520001,child10,816080,frame,28
8161.463940809999,child2,816080,frame,14
8171.483237923,child5,817090,frame,-2
8171.483286589,child1,817090,frame,30
8171.498847002,child7,817090,frame,13
8171.506908333,child6,817090,frame,42
8171.508238957,child9,817090,frame,44
8171.518755663,child4,817090,frame,-69
8171.519364079,child3,817090,frame,1
8171.545420072,child8,817090,frame,57
8171.562544318,child10,817090,frame,35
8171.569699941,child2,817090,frame,21
8181.58772597,child1,818100,frame,13
8181.590138678001,child5,818100,frame,-109
8181.60630009,child7,818100,frame,17
8181.611629714,child6,818100,frame,-94
8181.61180588,child9,818100,frame,9
8181.622592669,child3,818100,frame,0
8181.624475293999,child4,818100,frame,55
8181.649508078,child8,818100,frame,-100
8181.6686627399995,child10,818100,frame,18
8181.675014779999,child2,818100,frame,5
8190.675423044,child10,819009,frame,-115
8190.678205543,child2,819009,frame,41
8190.686878791,child1,819009,frame,-103
8190.694459622,child5,819009,frame,125
8190.709376868001,child7,819009,frame,126
8190.715352658,child6,819009,frame,34
8190.715605908,child9,819009,frame,9
8190.726143737999,child3,819009,frame,18
8190.72754803,child4,819009,frame,0
8190.755519355,child8,819009,frame,6
8200.765360845,child8,820019,frame,57
8200.780000966,child10,820019,frame,36
8200.785438715,child2,820019,frame,-119
8200.788330256,child1,820019,frame,44
8200.801657877,child5,820019,frame,13
8200.812968957,child7,820019,frame,-114
8200.818372581001,child6,820019,frame,-70
8200.824688496,child9,820019,frame,39
8200.829572911,child3,820019,frame,14
8200.830824203,child4,820019,frame,-73
8210.871609142,child8,821029,frame,-86
8210.881198347999,child10,821029,frame,-108
8210.889563263,child2,821029,frame,5
8210.894053845,child1,821029,frame,-96
8210.906538258001,child5,821029,frame,-126
8210.914489671999,child7,821029,frame,6
8210.921544837,child6,821029,frame,-70
8210.930168627001,child9,821029,frame,24
8210.933415001,child4,821029,frame,6
8210.93608875,child3,821029,frame,14
8220.975061482,child8,822039,frame,139
8220.987235895,child10,822039,frame,163
8220.997106476,child2,822039,frame,5
8221.002729683,child1,822039,frame,44
8221.010877056,child5,822039,frame,16
8221.019685637,child7,822039,frame,27
8221.022566677,child6,822039,frame,133
8221.033967341,child9,822039,frame,6
8221.037928048,child4,822039,frame,16
8221.043890338,child3,822039,frame,6
8231.080193779,child8,823049,frame,33
8231.093599192,child10,823049,frame,21
8231.104586689,child2,823049,frame,8
8231.10786773,child1,823049,frame,45
8231.113527145,child5,823049,frame,124
8231.122425935,child6,823049,frame,48
8231.124599517,child7,823049,frame,24
8231.141802304,child4,823049,frame,42
8231.142039804,child9,823049,frame,7
8231.148687594,child3,823049,frame,7
8241.190616617,child8,824059,frame,-68
8241.197529782,child10,824059,frame,-105
8241.208902362001,child1,824059,frame,-81
8241.210623777999,child2,824059,frame,-111
8241.222888567,child5,824059,frame,-108
8241.230626398,child6,824059,frame,-71
8241.231851564,child7,824059,frame,7
8241.24628206,child9,824059,frame,23
8241.24701206,child4,824059,frame,3
8241.2515726,child3,824059,frame,-103
8251.294460998,child8,825069,frame,42
8251.298627789,child10,825069,frame,34
8251.308775619,child1,825069,frame,47
8251.315751951,child2,825069,frame,155
8251.326652531,child5,825069,frame,13
8251.336598278,child6,825069,frame,13
8251.33669482,child7,825069,frame,10
8251.350547733,child4,825069,frame,-66
8251.355375857,child9,825069,frame,-116
8251.356929689,child3,825069,frame,140
8261.399511629,child8,826079,frame,-86
8261.40775021,child10,826079,frame,36
8261.412151667,child1,826079,frame,-79
8261.421646539,child2,826079,frame,-112
8261.432906828,child5,826079,frame,-111
8261.441267367,child6,826079,frame,1
8261.444029742,child7,826079,frame,-72
8261.458619695999,child4,826079,frame,-67
8261.46159432,child3,826079,frame,-127
8261.462634487001,child9,826079,frame,5
8271.470797269,child9,827089,frame,-101
8271.504138093,child8,827089,frame,-66
8271.510815091,child10,827089,frame,-90
8271.515601715,child1,827089,frame,0
8271.524420171,child2,827089,frame,-112
8271.540034083,child5,827089,frame,15
8271.545870832,child6,827089,frame,-70
8271.551510162999,child7,827089,frame,-106
8271.565232035,child4,827089,frame,12
8271.566073785,child3,827089,frame,15
8281.570315193001,child4,828099,frame,138
8281.574716066,child9,828099,frame,161
8281.575806566,child3,828099,frame,16
8281.607106349,child8,828099,frame,48
8281.616396847001,child10,828099,frame,142
8281.618877096,child1,828099,frame,-70
8281.630600843,child2,828099,frame,52
8281.645526297,child5,828099,frame,29
8281.648357421,child6,828099,frame,7
8281.655933419,child7,828099,frame,171
8290.661564182,child7,829008,frame,-75
8290.676688178,child4,829008,frame,-112
8290.677851886,child9,829008,frame,-67
8290.68112151,child3,829008,frame,49
8290.71134471,child8,829008,frame,52
8290.71927425,child1,829008,frame,136
8290.721523666,child10,829008,frame,12
8290.733875079,child2,829008,frame,23
8290.746838076,child5,829008,frame,16
8290.752528157,child6,829008,frame,41
8300.764200522,child7,830018,frame,23
8300.781010684,child9,830018,frame,14
8300.781073351,child4,830018,frame,129
8300.785115808,child3,830018,frame,-114
8300.818061257,child8,830018,frame,-74
8300.821938838999,child1,830018,frame,-79
8300.82771613,child10,830018,frame,-122
8300.840502751,child2,830018,frame,21
8300.852829498,child5,830018,frame,-92
8300.856050122,child6,830018,frame,-78
8310.861097946,child6,831028,frame,9
8310.861645863,child5,831028,frame,30
8310.869905819,child7,831028,frame,-118
8310.887091981,child9,831028,frame,31
8310.887259773,child4,831028,frame,-73
8310.887569814,child3,831028,frame,136
8310.922748555,child8,831028,frame,55
8310.925043346,child1,831028,frame,0
8310.931665177,child10,831028,frame,-89
8310.943818466,child2,831028,frame,37
8320.966317909999,child5,832038,frame,44
8320.967643202,child6,832038,frame,141
8320.971617409,child7,832038,frame,167
8320.991813987,child9,832038,frame,31
8320.992787445,child4,832038,frame,6
8320.993766735999,child3,832038,frame,13
8321.022767437,child8,832038,frame,57
8321.033752434001,child1,832038,frame,25
8321.039126599,child10,832038,frame,176
8321.047097722001,child2,832038,frame,38
8331.070423208,child6,833048,frame,-195
8331.070579041001,child5,833048,frame,31
8331.07573429,child7,833048,frame,-119
8331.093612827,child9,833048,frame,-93
8331.0996032,child3,833048,frame,-126
8331.099699658,child4,833048,frame,6
8331.128421609,child8,833048,frame,-127
8331.136917982,child1,833048,frame,-2
8331.143522022,child10,833048,frame,-106
8331.151295728,child2,833048,frame,-103
8341.169931715,child6,834058,frame,161
8341.173437048,child5,834058,frame,31
8341.182932753001,child7,834058,frame,-83
8341.199931416,child9,834058,frame,31
8341.204351414,child3,834058,frame,30
8341.20752383,child4,834058,frame,123
8341.236127488999,child8,834058,frame,126
8341.241998362,child1,834058,frame,131
8341.246918319,child10,834058,frame,35
8341.25542365,child2,834058,frame,162
8351.259243975,child2,835068,frame,23
8351.270944597,child6,835068,frame,0
8351.278042887001,child5,835068,frame,-92
8351.283315302,child7,835068,frame,298
8351.308583295,child9,835068,frame,137
8351.31082342,child3,835068,frame,140
8351.315166669,child4,835068,frame,36
8351.341072285999,child8,835068,frame,57
8351.347187118,child1,835068,frame,-80
8351.350262201,child10,835068,frame,18
8361.360968232,child2,836078,frame,-119
8361.375692603,child6,836078,frame,-69
8361.385993975,child5,836078,frame,30
8361.386170475,child7,836078,frame,-206
8361.41136651,child9,836078,frame,-125
8361.414781259,child3,836078,frame,-127
8361.422552882,child4,836078,frame,-96
8361.446240167,child8,836078,frame,-100
8361.448972666,child1,836078,frame,52
8361.457468789,child10,836078,frame,21
8371.460076698,child10,837088,frame,36
8371.467823321,child2,837088,frame,147
8371.479114193,child6,837088,frame,125
8371.489115607,child7,837088,frame,42
8371.492217772,child5,837088,frame,29
8371.51756914,child9,837088,frame,31
8371.520401223,child3,837088,frame,15
8371.527291138,child4,837088,frame,52
8371.552173839,child1,837088,frame,37
8371.553634214,child8,837088,frame,39
8381.56543337,child10,838098,frame,-92
8381.569237036,child2,838098,frame,-75
8381.584744156,child6,838098,frame,-72
8381.593421362,child7,838098,frame,13
8381.597747861,child5,838098,frame,27
8381.621477605,child9,838098,frame,21
8381.627197312,child3,838098,frame,18
8381.630366936,child4,838098,frame,49
8381.654398263,child1,838098,frame,-80
8381.65617647,child8,838098,frame,-66
8390.654934152,child1,839007,frame,50
8390.658883901,child8,839007,frame,45
8390.668306731,child2,839007,frame,2
8390.670006938999,child10,839007,frame,150
8390.690731392,child6,839007,frame,35
8390.699048306,child7,839007,frame,21
8390.701471721999,child5,839007,frame,2
8390.723666216001,child9,839007,frame,37
8390.731517047,child3,839007,frame,-88
8390.736882546,child4,839007,frame,60
8400.759793032,child1,840017,frame,-89
8400.762908282,child8,840017,frame,40
8400.775732611,child10,840017,frame,-121
8400.777558778,child2,840017,frame,-111
8400.793388482001,child6,840017,frame,-79
8400.804792895,child7,840017,frame,-2
8400.807182853001,child5,840017,frame,16
8400.831542096,child9,840017,frame,-109
8400.838599302999,child3,840017,frame,27
8400.839977468999,child4,840017,frame,-107
8410.864997621,child8,841027,frame,59
8410.866817828999,child1,841027,frame,47
8410.879013993,child10,841027,frame,34
8410.882061533,child2,841027,frame,155
8410.896490405,child6,841027,frame,9
8410.909733233999,child5,841027,frame,33
8410.911201567,child7,841027,frame,34
8410.936709643998,child9,841027,frame,32
8410.94256035,child3,841027,frame,28
8410.945126307999,child4,841027,frame,27
8420.950135466,child4,842037,frame,18
8420.967837878,child8,842037,frame,-109
8420.97220496,child1,842037,frame,38
8420.983435749,child10,842037,frame,128
8420.987998081,child2,842037,frame,43
8421.003263035,child6,842037,frame,47
8421.013737989999,child7,842037,frame,-109
8421.015348822999,child5,842037,frame,-112
8421.039433775,child9,842037,frame,16
8421.048040648,child3,842037,frame,11
8431.053896722,child4,843047,frame,26
8431.053990055001,child3,843047,frame,12
8431.072919299999,child1,843047,frame,-78
8431.076468758,child8,843047,frame,41
8431.085875588,child10,843047,frame,4
8431.091124004,child2,843047,frame,6
8431.105082458,child6,843047,frame,13
8431.117565955,child7,843047,frame,123
8431.117949955,child5,843047,frame,29
8431.145731947,child9,843047,frame,-1
8441.151161688,child9,844057,frame,-94
8441.158091061,child4,844057,frame,27
8441.161127311001,child3,844057,frame,-116
8441.179557763999,child1,844057,frame,46
8441.183903721,child8,844057,frame,-2
8441.190272469,child10,844057,frame,4
8441.198166008999,child2,844057,frame,-119
8441.209157005998,child6,844057,frame,55
8441.222252502,child7,844057,frame,34
8441.225327085,child5,844057,frame,16
8451.260243693,child9,845067,frame,31
8451.262339109,child4,845067,frame,-115
8451.264303316999,child3,845067,frame,31
8451.286219394,child1,845067,frame,1
8451.286373311,child8,845067,frame,-93
8451.296448475,child10,845067,frame,-122
8451.299836974,child2,845067,frame,6
8451.315762886,child6,845067,frame,-85
8451.325137092,child7,845067,frame,-71
8451.329616632,child5,845067,frame,-110
8461.363592032001,child9,846077,frame,32
8461.367704864999,child4,846077,frame,26
8461.368314823,child3,846077,frame,155
8461.388027442,child8,846077,frame,49
8461.391330025,child1,846077,frame,-72
8461.402161355,child10,846077,frame,20
8461.404231438,child2,846077,frame,4
8461.415819476999,child6,846077,frame,1
8461.431118639,child7,846077,frame,18
8461.435830721,child5,846077,frame,156
8471.468952621,child9,847087,frame,31
8471.471440621,child4,847087,frame,29
8471.474064995,child3,847087,frame,15
8471.490403824,child8,847087,frame,52
8471.496769739,child1,847087,frame,52
8471.508006236,child2,847087,frame,139
8471.510456235,child10,847087,frame,2
8471.516574567,child6,847087,frame,54
8471.536717645,child7,847087,frame,15
8471.540131435,child5,847087,frame,33
8481.570345086,child9,848097,frame,17
8481.575326585,child4,848097,frame,-94
8481.579414333999,child3,848097,frame,-123
8481.596399578999,child1,848097,frame,54
8481.599610329,child8,848097,frame,-92
8481.6113022,child2,848097,frame,-191
8481.615527074,child10,848097,frame,19
8481.625738530001,child6,848097,frame,-71
8481.645331733,child7,848097,frame,-2
8481.648670815,child5,848097,frame,-114
8490.650647579,child7,849006,frame,4
8490.652726162,child5,849006,frame,14
8490.67705603,child9,849006,frame,-67
8490.680073154,child4,849006,frame,55
8490.685985610999,child3,849006,frame,52
8490.700146357,child1,849006,frame,-82
8490.703959564,child8,849006,frame,52
8490.714371312,child2,849006,frame,41
8490.720794392999,child10,849006,frame,41
8490.73359039,child6,849006,frame,159
8500.746485712,child6,850016,frame,-93
8500.753577169,child5,850016,frame,32
8500.756613334,child7,850016,frame,-126
8500.780826953,child9,850016,frame,31
8500.785709118,child4,850016,frame,28
8500.792367241002,child3,850016,frame,13
8500.809846487,child8,850016,frame,6
8500.815027442999,child1,850016,frame,52
8500.819910692,child2,850016,frame,16
8500.823788191,child10,850016,frame,-126
8510.849839218,child6,851026,frame,2
8510.858480257999,child5,851026,frame,15
8510.858699049,child7,851026,frame,143
8510.885638959,child9,851026,frame,31
8510.890647041,child4,851026,frame,28
8510.896725414,child3,851026,frame,15
8510.912425201,child8,851026,frame,39
8510.921294074,child2,851026,frame,22
8510.925762573,child1,851026,frame,52
8510.928948322,child10,851026,frame,26
8520.9532003,child6,852036,frame,47
8520.965422755,child7,852036,frame,-2
8520.966322962999,child5,852036,frame,15
8520.993946081,child9,852036,frame,12
8520.994735496999,child4,852036,frame,-96
8521.003015162001,child3,852036,frame,14
8521.01804545,child8,852036,frame,59
8521.027831364001,child1,852036,frame,-88
8521.028528072,child2,852036,frame,22
8521.031346363001,child10,852036,frame,28
8531.054125718,child6,853046,frame,-78
8531.069733005,child7,853046,frame,18
8531.072547379,child5,853046,frame,33
8531.100361789,child9,853046,frame,16
8531.102455080001,child4,853046,frame,44
8531.106272079,child3,853046,frame,59
8531.122025699999,child8,853046,frame,-93
8531.130955323,child1,853046,frame,52
8531.133860864,child2,853046,frame,-75
8531.134471322,child10,853046,frame,27
8541.15759051,child6,854056,frame,172
8541.175599297,child7,854056,frame,8
8541.177733338,child5,854056,frame,-2
8541.203560456,child4,854056,frame,46
8541.204262538999,child9,854056,frame,15
8541.206350454999,child3,854056,frame,51
8541.227342783,child8,854056,frame,34
8541.235459614,child1,854056,frame,47
8541.237785947,child2,854056,frame,16
8541.241747154,child10,854056,frame,12
8551.24322889,child2,855066,frame,-111
8551.248953138,child10,855066,frame,10
8551.263114801,child6,855066,frame,-101
8551.282621879,child5,855066,frame,13
8551.28556942,child7,855066,frame,-73
8551.309359539,child9,855066,frame,15
8551.312377497,child4,855066,frame,26
8551.315413037,child3,855066,frame,-66
8551.335648657,child8,855066,frame,50
8551.33693674,child1,855066,frame,30
8561.348006265,child2,856076,frame,171
8561.35336343,child10,856076,frame,56
8561.369252301,child6,856076,frame,39
8561.386743755,child5,856076,frame,140
8561.389338587,child7,856076,frame,144
8561.410015123,child9,856076,frame,-2
8561.41805783,child4,856076,frame,27
8561.419774163,child3,856076,frame,130
8561.439741074,child8,856076,frame,33
8561.439789741,child1,856076,frame,-94
8571.45097439,child2,857086,frame,-74
8571.457858763,child10,857086,frame,-118
8571.472316551,child6,857086,frame,-101
8571.491687171,child5,857086,frame,-203
8571.492420379,child7,857086,frame,-79
8571.515414582,child9,857086,frame,-110
8571.522857079999,child4,857086,frame,10
8571.525309329,child3,857086,frame,-108
8571.539243325,child1,857086,frame,46
8571.541590283001,child8,857086,frame,-109
8581.545500143,child8,858096,frame,-74
8581.552178099,child2,858096,frame,21
8581.553001974,child1,858096,frame,32
8581.564439304,child10,858096,frame,-99
8581.571753219,child6,858096,frame,8
8581.59426188,child5,858096,frame,24
8581.595637421,child7,858096,frame,-116
8581.618628831999,child9,858096,frame,21
8581.627079288,child4,858096,frame,-111
8581.629878621,child3,858096,frame,-75
8590.64804757,child8,859005,frame,170
8590.655742401,child2,859005,frame,135
8590.657988567,child1,859005,frame,162
8590.668044689999,child10,859005,frame,142
8590.671214229998,child6,859005,frame,8
8590.698930098,child7,859005,frame,42
8590.698961348,child5,859005,frame,54
8590.723097425001,child9,859005,frame,57
8590.73122634,child4,859005,frame,53
8590.732478881,child3,859005,frame,155
8600.754109153,child8,860015,frame,-101
8600.760629151,child2,860015,frame,6
8600.763117274999,child1,860015,frame,-109
8600.773080023,child10,860015,frame,12
8600.782577895001,child6,860015,frame,60
8600.804853473,child5,860015,frame,-2
8600.805173515,child7,860015,frame,19
8600.831285133001,child9,860015,frame,60
8600.832028299,child4,860015,frame,27
8600.833479215,child3,860015,frame,-88
8610.834209201,child9,861025,frame,9
8610.835330867,child3,861025,frame,44
8610.839145532998,child4,861025,frame,10
8610.86284661,child8,861025,frame,123
8610.86457486,child1,861025,frame,33
8610.866355193,child2,861025,frame,-75
8610.87616919,child10,861025,frame,11
8610.888020478998,child6,861025,frame,38
8610.910859431,child5,861025,frame,-65
8610.91373318,child7,861025,frame,16
8620.938587493001,child9,862035,frame,-117
8620.94054445,child3,862035,frame,-80
8620.949240532,child4,862035,frame,10
8620.967341735,child1,862035,frame,12
8620.970363526,child8,862035,frame,18
8620.971037984,child2,862035,frame,6
8620.982027773,child10,862035,frame,-113
8620.997084811,child6,862035,frame,-100
8621.014680098,child5,862035,frame,7
8621.016350139,child7,862035,frame,-2
8631.044251367,child9,863045,frame,23
8631.045085284,child3,863045,frame,-1
8631.051517074,child4,863045,frame,14
8631.07139761,child1,863045,frame,13
8631.072893777,child2,863045,frame,131
8631.074483235,child8,863045,frame,-91
8631.089342522,child10,863045,frame,9
8631.096573312,child6,863045,frame,54
8631.117999222999,child7,863045,frame,19
8631.121195431,child5,863045,frame,8
8641.150124742,child3,864055,frame,53
8641.15040895,child9,864055,frame,6
8641.15804149,child4,864055,frame,13
8641.176193735,child1,864055,frame,-111
8641.178362735,child2,864055,frame,-88
8641.179982443,child8,864055,frame,33
8641.194826397,child10,864055,frame,155
8641.199210271001,child6,864055,frame,41
8641.223269223,child7,864055,frame,54
8641.229871263,child5,864055,frame,25
8651.253768241999,child3,865065,frame,-127
8651.254189117,child9,865065,frame,-102
8651.262288240001,child4,865065,frame,-112
8651.280694152,child1,865065,frame,13
8651.28160286,child2,865065,frame,-83
8651.286152192,child8,865065,frame,-93
8651.302834105,child10,865065,frame,-107
8651.30303248,child6,865065,frame,-87
8651.32617489,child7,865065,frame,-108
8651.332147097,child5,865065,frame,-104
8661.337342248,child5,866075,frame,13
8661.357777659001,child3,866075,frame,5
8661.361790075,child9,866075,frame,149
8661.365465866,child4,866075,frame,154
8661.379197319999,child1,866075,frame,14
8661.384115777,child2,866075,frame,-2
8661.387232568,child8,866075,frame,51
8661.408055146,child6,866075,frame,41
8661.408338521,child10,866075,frame,20
8661.427361516,child7,866075,frame,24
8671.444475872,child5,867085,frame,16
8671.462586533999,child3,867085,frame,-66
8671.464302909,child9,867085,frame,-117
8671.468725033,child4,867085,frame,-66
8671.484177737,child1,867085,frame,13
8671.488303486001,child2,867085,frame,-2
8671.493841193,child8,867085,frame,17
8671.513928396,child6,867085,frame,-74
8671.514374396,child10,867085,frame,3
8671.533259683,child7,867085,frame,-72
8681.537423292,child7,868095,frame,148
8681.553154205,child5,868095,frame,-104
8681.566183326,child9,868095,frame,153
8681.5694397,child3,868095,frame,23
8681.571910075,child4,868095,frame,-117
8681.59099357,child1,868095,frame,30
8681.591986653,child2,868095,frame,13
8681.599457025999,child8,868095,frame,-92
8681.618538021,child6,868095,frame,43
8681.618665396,child10,868095,frame,19
8690.646458592,child7,869004,frame,-82
8690.654262507,child5,869004,frame,23
8690.670839044,child9,869004,frame,-87
8690.67444771,child3,869004,frame,32
8690.678479376,child4,869004,frame,49
8690.695685745999,child1,869004,frame,-104
8690.695775663,child2,869004,frame,-77
8690.702714078,child8,869004,frame,55
8690.720599907,child6,869004,frame,-97
8690.722984905999,child10,869004,frame,-115
8700.72793189,child10,870014,frame,142
8700.752272508998,child7,870014,frame,17
8700.759656757002,child5,870014,frame,49
8700.776412711,child9,870014,frame,31
8700.783207708999,child3,870014,frame,21
8700.785035709,child4,870014,frame,22
8700.801851913,child2,870014,frame,13
8700.803135621,child1,870014,frame,157
8700.808418703,child8,870014,frame,40
8700.819663283,child6,870014,frame,125
8710.830748557,child10,871024,frame,-118
8710.857597425002,child7,871024,frame,-1
8710.866934298,child5,871024,frame,-96
8710.880365544,child9,871024,frame,16
8710.888399334,child3,871024,frame,15
8710.8901745,child4,871024,frame,37
8710.905241538,child1,871024,frame,-110
8710.908128162,child2,871024,frame,14
8710.915961202,child8,871024,frame,-84
8710.923150367,child6,871024,frame,40
8720.934475516,child10,872034,frame,19
8720.935921141001,child6,872034,frame,39
8720.962494675,child7,872034,frame,18
8720.97165734,child5,872034,frame,46
8720.983403337,child9,872034,frame,17
8720.993363167,child4,872034,frame,19
8720.995028667,child3,872034,frame,13
8721.005788706001,child1,872034,frame,31
8721.015145952999,child2,872034,frame,30
8721.019579411,child8,872034,frame,123
8731.042087015,child10,873044,frame,35
8731.042578432,child6,873044,frame,-85
8731.065264426,child7,873044,frame,24
8731.07610659,child5,873044,frame,-78
8731.090184753,child9,873044,frame,58
8731.099508334,child3,873044,frame,23
8731.100216334,child4,873044,frame,18
8731.109849789,child1,873044,frame,15
8731.121188495,child2,873044,frame,5
8731.121852203,child8,873044,frame,-93
8741.126545271,child8,874054,frame,51
8741.12868502,child2,874054,frame,14
8741.147715972998,child6,874054,frame,39
8741.149078806,child10,874054,frame,19
8741.169446843,child7,874054,frame,52
8741.179870798,child5,874054,frame,47
8741.196058919,child9,874054,frame,-70
8741.204034875,child3,874054,frame,6
8741.210073581999,child4,874054,frame,3
8741.217197414,child1,874054,frame,-91
8751.234094812,child8,875064,frame,33
8751.234578561001,child2,875064,frame,13
8751.247535475,child6,875064,frame,40
8751.256357889,child10,875064,frame,20
8751.272893593,child7,875064,frame,3
8751.285199298,child5,875064,frame,-78
8751.300532878,child9,875064,frame,16
8751.309403542,child3,875064,frame,7
8751.313209749,child4,875064,frame,19
8751.31825754,child1,875064,frame,27
8761.338498353001,child8,876074,frame,33
8761.341074144,child2,876074,frame,14
8761.354208474,child6,876074,frame,43
8761.362954722,child10,876074,frame,19
8761.379351218,child7,876074,frame,38
8761.385724841,child5,876074,frame,143
8761.407769669,child9,876074,frame,125
8761.416612041001,child3,876074,frame,-2
8761.420134332,child4,876074,frame,10
8761.421746707,child1,876074,frame,154
8771.44293877,child8,877084,frame,34
8771.447840352,child2,877084,frame,-66
8771.459295849,child6,877084,frame,-100
8771.468418597,child10,877084,frame,-123
8771.486310509,child7,877084,frame,-122
8771.493944715,child5,877084,frame,-87
8771.514851500999,child9,877084,frame,46
8771.524948415,child1,877084,frame,-112
8771.525067999,child3,877084,frame,-1
8771.527124707,child4,877084,frame,-67
8781.531411815999,child4,878094,frame,7
8781.532534399,child1,878094,frame,14
8781.533794482,child3,878094,frame,-125
8781.549009478002,child8,878094,frame,17
8781.55296556,child2,878094,frame,138
8781.563104723999,child6,878094,frame,21
8781.575367304999,child10,878094,frame,20
8781.588144385001,child7,878094,frame,7
8781.60125334,child5,878094,frame,50
8781.623157084,child9,878094,frame,-81
8790.629283619,child9,879003,frame,29
8790.63327966,child1,879003,frame,-89
8790.635105659001,child4,879003,frame,-93
8790.635140159,child3,879003,frame,32
8790.653137905,child8,879003,frame,-101
8790.657981237,child2,879003,frame,-199
8790.669090692001,child6,879003,frame,15
8790.67933644,child10,879003,frame,24
8790.692702103,child7,879003,frame,-83
8790.705427766,child5,879003,frame,-88
8800.733209911,child9,880013,frame,47
8800.736612244,child1,880013,frame,29
8800.741080409,child3,880013,frame,139
8800.741751034,child4,880013,frame,20
8800.761768154001,child8,880013,frame,34
8800.76435657,child2,880013,frame,129
8800.770904859999,child6,880013,frame,31
8800.781370982,child10,880013,frame,20
8800.795315603,child7,880013,frame,16
8800.811063308001,child5,880013,frame,-70
8810.836217995,child9,881023,frame,-228
8810.840950327,child1,881023,frame,-97
8810.844724493001,child3,881023,frame,-126
8810.8477312,child4,881023,frame,20
8810.865886446,child8,881023,frame,-100
8810.870506194,child2,881023,frame,-242
8810.875710193,child6,881023,frame,-217
8810.886302149,child10,881023,frame,-107
8810.903126561,child7,881023,frame,-127
8810.916394391,child5,881023,frame,10
8820.920523959,child5,882033,frame,18
8820.94558341,child9,882033,frame,7
8820.946355701999,child1,882033,frame,-81
8820.94917416,child3,882033,frame,14
8820.954920366,child4,882033,frame,-104
8820.971323279,child8,882033,frame,-100
8820.976685486,child6,882033,frame,46
8820.979385943,child2,882033,frame,38
8820.991354815,child10,882033,frame,36
8821.007230394,child7,882033,frame,34
8831.026602625,child5,883043,frame,6
8831.04755637,child1,883043,frame,171
8831.051787827,child9,883043,frame,125
8831.058332367,child4,883043,frame,161
8831.058734408001,child3,883043,frame,14
8831.077003945,child8,883043,frame,185
8831.080762902999,child6,883043,frame,-78
8831.083169694,child2,883043,frame,38
8831.097876398,child10,883043,frame,-90
8831.111466728,child7,883043,frame,147
8841.128866501,child5,884053,frame,-65
8841.150359495,child1,884053,frame,-219
8841.159278076,child9,884053,frame,-203
8841.164259491,child4,884053,frame,-105
8841.1652697,child3,884053,frame,-111
8841.182187612001,child8,884053,frame,-100
8841.185760818998,child2,884053,frame,20
8841.187792985,child6,884053,frame,126
8841.200332982,child10,884053,frame,34
8841.214160395,child7,884053,frame,-98
8851.222107962,child7,885063,frame,-77
8851.233845251,child5,885063,frame,149
8851.251821745998,child1,885063,frame,141
8851.262233410001,child9,885063,frame,130
8851.269785575001,child3,885063,frame,31
8851.272335366,child4,885063,frame,37
8851.288317486,child8,885063,frame,59
8851.289718693999,child2,885063,frame,40
8851.292523527,child6,885063,frame,-113
8851.303648149,child10,885063,frame,53
8861.325989253999,child7,886073,frame,30
8861.342919625,child5,886073,frame,1
8861.360484995,child1,886073,frame,-71
8861.365550785,child9,886073,frame,-108
8861.374756033,child3,886073,frame,30
8861.379512782,child4,886073,frame,46
8861.393822736001,child2,886073,frame,-95
8861.395060944,child8,886073,frame,-86
8861.399638901,child6,886073,frame,1
8861.409264107,child10,886073,frame,-89
8871.428757088,child7,887083,frame,50
8871.449495791,child5,887083,frame,25
8871.464391329,child1,887083,frame,151
8871.470004702,child9,887083,frame,23
8871.480727241,child3,887083,frame,-110
8871.483267824,child4,887083,frame,26
8871.49745232,child6,887083,frame,8
8871.498196028,child8,887083,frame,56
8871.498292860999,child2,887083,frame,-1
8871.513427816,child10,887083,frame,50
8881.533705671,child7,888093,frame,21
8881.556168082001,child5,888093,frame,-67
8881.566658829,child1,888093,frame,-80
8881.574905869,child9,888093,frame,-97
8881.58742799,child3,888093,frame,156
8881.592623989001,child4,888093,frame,14
8881.602537195,child8,888093,frame,58
8881.602568237,child6,888093,frame,13
8881.602628112,child2,888093,frame,27
8881.616470983,child10,888093,frame,50
8890.622839602,child10,889002,frame,38
8890.641379388,child7,889002,frame,27
8890.665785007,child5,889002,frame,42
8890.671218546999,child1,889002,frame,47
8890.681087253,child9,889002,frame,131
8890.693869416,child3,889002,frame,1
8890.696865041,child4,889002,frame,-86
8890.705421247,child8,889002,frame,-205
8890.706627372001,child2,889002,frame,44
8890.706876995999,child6,889002,frame,1
8900.710214231,child8,890012,frame,57
8900.711009314,child2,890012,frame,-95
8900.728588810001,child10,890012,frame,-90
8900.744879513999,child7,890012,frame,-118
8900.768566508,child5,890012,frame,53
8900.776934546999,child1,890012,frame,2
8900.785493878,child9,890012,frame,16
8900.801155457999,child3,890012,frame,-106
8900.80354204,child4,890012,frame,27
8900.805709956,child6,890012,frame,0
8910.813382607,child2,891022,frame,46
8910.814312648,child8,891022,frame,56
8910.832287393,child10,891022,frame,34
8910.850620389,child7,891022,frame,-84
8910.875475799,child5,891022,frame,48
8910.880984089,child1,891022,frame,37
8910.888937628999,child9,891022,frame,16
8910.906195666,child4,891022,frame,10
8910.90803104,child3,891022,frame,35
8910.911068373,child6,891022,frame,9
8920.910903650001,child3,892032,frame,19
8920.913184191,child4,892032,frame,26
8920.916115899001,child6,892032,frame,0
8920.920425106,child2,892032,frame,28
8920.921134564,child8,892032,frame,57
8920.938389018,child10,892032,frame,37
8920.954972305,child7,892032,frame,260
8920.977901883001,child5,892032,frame,-86
8920.986142255999,child1,892032,frame,-73
8920.998635336,child9,892032,frame,32
8931.0173079,child3,893042,frame,-104
8931.019590357,child4,893042,frame,11
8931.021613232,child6,893042,frame,-108
8931.023422565,child2,893042,frame,46
8931.02904623,child8,893042,frame,-86
8931.044924643,child10,893042,frame,-89
8931.062762263,child7,893042,frame,15
8931.086997507,child5,893042,frame,39
8931.087616756,child1,893042,frame,37
8931.102036711,child9,893042,frame,8
8941.111229736,child9,894052,frame,4
8941.119971817,child3,894052,frame,38
8941.120683983,child6,894052,frame,161
8941.125902857,child4,894052,frame,10
8941.130651398,child2,894052,frame,46
8941.133382897,child8,894052,frame,14
8941.148733726,child10,894052,frame,51
8941.170098471,child7,894052,frame,-107
8941.188301924,child5,894052,frame,3
8941.189075216002,child1,894052,frame,44
8951.216438152,child9,895062,frame,8
8951.224115567,child6,895062,frame,125
8951.22564265,child3,895062,frame,36
8951.229539774,child4,895062,frame,13
8951.234284148,child2,895062,frame,30
8951.238751730001,child8,895062,frame,48
8951.251130643,child10,895062,frame,35
8951.280720094,child7,895062,frame,14
8951.294099049,child5,895062,frame,46
8951.297532547998,child1,895062,frame,28
8961.320848486,child9,896072,frame,-117
8961.330510567,child3,896072,frame,23
8961.332937149,child6,896072,frame,-78
8961.336044524,child4,896072,frame,-112
8961.34191248,child8,896072,frame,48
8961.34414848,child2,896072,frame,-121
8961.35703106,child10,896072,frame,35
8961.385940677,child7,896072,frame,34
8961.398552382,child1,896072,frame,-87
8961.398584174,child5,896072,frame,39
8971.425250194001,child9,897082,frame,9
8971.436597650001,child3,897082,frame,-88
8971.44251544,child6,897082,frame,-70
8971.442632190001,child4,897082,frame,154
8971.445877564,child8,897082,frame,6
8971.451262228999,child2,897082,frame,38
8971.46135831,child10,897082,frame,18
8971.493075593,child7,897082,frame,14
8971.500152342,child5,897082,frame,-102
8971.504636465,child1,897082,frame,39
8981.531778402,child9,898092,frame,0
8981.541784983,child3,898092,frame,50
8981.548758981,child4,898092,frame,-125
8981.549619689,child6,898092,frame,-1
8981.552902772,child2,898092,frame,36
8981.553695437999,child8,898092,frame,-100
8981.56688256,child10,898092,frame,-89
8981.59837451,child7,898092,frame,-92
8981.603094717,child5,898092,frame,38
8981.605503383,child1,898092,frame,37
8990.602701463002,child7,899001,frame,144
8990.607171211,child1,899001,frame,39
8990.608991002999,child5,899001,frame,148
8990.632555288,child9,899001,frame,58
8990.644161118002,child3,899001,frame,3
8990.652989158001,child6,899001,frame,41
8990.653422283,child4,899001,frame,291
8990.656897657,child2,899001,frame,-70
8990.659250322999,child8,899001,frame,45
8990.670333237,child10,899001,frame,26
9000.706856921,child7,900011,frame,-81
9000.710985337,child1,900011,frame,-220
9000.711984336,child5,900011,frame,-210
9000.738463705,child9,900011,frame,-109
9000.748312369,child3,900011,frame,-88
9000.755777075,child6,900011,frame,-70
9000.761365199,child4,900011,frame,-207
9000.76265374,child2,900011,frame,-93
9000.763161323,child8,900011,frame,-252
9000.778239278,child10,900011,frame,-89
9010.813215087,child1,901021,frame,171
9010.813342546,child7,901021,frame,-91
9010.817806294,child5,901021,frame,163
9010.840376204998,child9,901021,frame,31
9010.855444285,child3,901021,frame,51
9010.860874533,child6,901021,frame,126
9010.866847573,child2,901021,frame,171
9010.867812281,child4,901021,frame,131
9010.868766697999,child8,901021,frame,267
9010.883833902,child10,901021,frame,176
9020.915284546001,child7,902031,frame,155
9020.917553004001,child1,902031,frame,31
9020.923789711,child5,902031,frame,21
9020.948794163,child9,902031,frame,14
9020.960384076,child3,902031,frame,35
9020.961084576,child6,902031,frame,-94
9020.968561241001,child2,902031,frame,-95
9020.974426698,child4,902031,frame,52
9020.977502197,child8,902031,frame,57
9020.991330985,child10,902031,frame,-105
9031.019761546,child1,903041,frame,-75
9031.021112171,child7,903041,frame,-106
9031.026143711,child5,903041,frame,-110
9031.053902413,child9,903041,frame,-94
9031.060927868999,child6,903041,frame,13
9031.063108244,child3,903041,frame,36
9031.073198949,child2,903041,frame,28
9031.080474364,child4,903041,frame,-126
9031.08390428,child8,903041,frame,-217
9031.097160485,child10,903041,frame,-91
9041.118870715,child1,904051,frame,44
9041.127957962,child7,904051,frame,14
9041.131263295001,child5,904051,frame,32
9041.156183122,child9,904051,frame,47
9041.165371328,child3,904051,frame,18
9041.167853285,child6,904051,frame,9
9041.176644616,child2,904051,frame,48
9041.18191399,child4,904051,frame,57
9041.187982279998,child8,904051,frame,127
9041.199887444001,child10,904051,frame,160
9051.206040261,child10,905061,frame,-89
9051.225538131,child1,905061,frame,-96
9051.232809046,child7,905061,frame,-91
9051.237342377999,child5,905061,frame,-76
9051.259981872,child9,905061,frame,32
9051.268718328,child3,905061,frame,-87
9051.273160493,child6,905061,frame,0
9051.284568865,child2,905061,frame,-95
9051.289608073,child4,905061,frame,-90
9051.290084614,child8,905061,frame,-114
9061.306366219998,child10,906071,frame,52
9061.333481213,child1,906071,frame,44
9061.336250213,child7,906071,frame,173
9061.345493752,child5,906071,frame,29
9061.365200788001,child9,906071,frame,-111
9061.37222012,child3,906071,frame,36
9061.372674078,child6,906071,frame,-69
9061.389955824001,child2,906071,frame,46
9061.393230989,child8,906071,frame,134
9061.393560864,child4,906071,frame,57
9071.411276804,child10,907081,frame,35
9071.440046337999,child1,907081,frame,45
9071.440468671,child7,907081,frame,-1
9071.451020834998,child5,907081,frame,29
9071.470254580001,child9,907081,frame,172
9071.473750703999,child6,907081,frame,125
9071.478531245,child3,907081,frame,39
9071.495611573,child4,907081,frame,34
9071.496256032,child8,907081,frame,47
9071.498429114,child2,907081,frame,153
9081.50395514,child2,908091,frame,-104
9081.518917178,child10,908091,frame,-90
9081.543635088,child1,908091,frame,-81
9081.547984961999,child7,908091,frame,-93
9081.554792252,child5,908091,frame,44
9081.573312331,child9,908091,frame,-89
9081.579810829,child3,908091,frame,34
9081.580453495,child6,908091,frame,-72
9081.600906948,child8,908091,frame,-121
9081.601453823001,child4,908091,frame,-1
9090.603703068,child8,909000,frame,38
9090.606810276,child4,909000,frame,4
9090.609322733,child2,909000,frame,-115
9090.623694979,child10,909000,frame,24
9090.646945932001,child1,909000,frame,37
9090.650697264,child7,909000,frame,8
9090.659529137001,child5,909000,frame,-123
9090.679429881999,child9,909000,frame,9
9090.683845088999,child3,909000,frame,-73
9090.68550388,child6,909000,frame,-90
9100.710497442,child8,910010,frame,56
9100.712391442,child4,910010,frame,49
9100.714109024999,child2,910010,frame,53
9100.729230729,child10,910010,frame,51
9100.748771724,child1,910010,frame,44
9100.758500263,child7,910010,frame,27
9100.769017969,child5,910010,frame,172
9100.784843923,child9,910010,frame,147
9100.788423797001,child3,910010,frame,154
9100.794577712,child6,910010,frame,141
9110.798138322,child6,911020,frame,-70
9110.814937317999,child8,911020,frame,13
9110.816162484,child2,911020,frame,21
9110.81693815,child4,911020,frame,-75
9110.830785313,child10,911020,frame,18
9110.849842559,child1,911020,frame,45
9110.861835764,child7,911020,frame,23
9110.873735011,child5,911020,frame,-76
9110.892399547,child3,911020,frame,15
9110.892954506,child9,911020,frame,-102
9120.897386531999,child3,912030,frame,-112
9120.898931781,child9,912030,frame,24
9120.902169406001,child6,912030,frame,20
9120.920487776,child8,912030,frame,33
9120.922726859,child4,912030,frame,44
9120.92347565,child2,912030,frame,38
9120.937262813,child10,912030,frame,21
9120.952563392,child1,912030,frame,30
9120.964927723,child7,912030,frame,26
9120.977872718999,child5,912030,frame,154
9131.001736282,child3,913040,frame,28
9131.005158073001,child6,913040,frame,0
9131.006812322,child9,913040,frame,23
9131.026958984,child4,913040,frame,-81
9131.027277775001,child8,913040,frame,-66
9131.028515942,child2,913040,frame,38
9131.040193605,child10,913040,frame,-90
9131.053358768,child1,913040,frame,-94
9131.069454681,child7,913040,frame,23
9131.081902844,child5,913040,frame,-111
9141.103465532999,child3,914050,frame,12
9141.10750099,child9,914050,frame,23
9141.111348489,child6,914050,frame,1
9141.129796901001,child2,914050,frame,21
9141.131917024999,child8,914050,frame,32
9141.132756441999,child4,914050,frame,43
9141.146167146999,child10,914050,frame,160
9141.166525016,child1,914050,frame,154
9141.175728931,child7,914050,frame,54
9141.190588552,child5,914050,frame,15
9151.197999951999,child5,915060,frame,-235
9151.209926574,child9,915060,frame,-200
9151.211568574001,child3,915060,frame,-113
9151.217063488999,child6,915060,frame,-70
9151.235870984,child2,915060,frame,-120
9151.237404775,child8,915060,frame,-84
9151.23810265,child4,915060,frame,-205
9151.250788563,child10,915060,frame,-230
9151.271945225,child1,915060,frame,-234
9151.280428389,child7,915060,frame,-107
9161.299432745,child5,916070,frame,47
9161.314003365998,child9,916070,frame,172
9161.316196115,child3,916070,frame,-98
9161.319070156,child6,916070,frame,142
9161.341552109,child2,916070,frame,-71
9161.342354192,child8,916070,frame,11
9161.346891816,child4,916070,frame,138
9161.355244147,child10,916070,frame,176
9161.3755086,child1,916070,frame,127
9161.386072264,child7,916070,frame,14
9171.403677495,child5,917080,frame,127
9171.418456741,child3,917080,frame,276
9171.419507657001,child9,917080,frame,142
9171.419976824,child6,917080,frame,-71
9171.44602715,child2,917080,frame,54
9171.44633315,child8,917080,frame,39
9171.452440899,child4,917080,frame,15
9171.454173815,child10,917080,frame,19
9171.478503017,child1,917080,frame,20
9171.48802214,child7,917080,frame,18
9181.508784078,child5,918090,frame,-105
9181.520566825,child3,918090,frame,-123
9181.520590324999,child6,918090,frame,8
9181.522705991,child9,918090,frame,-65
9181.549070817999,child8,918090,frame,42
9181.55217315,child2,918090,frame,36
9181.554776941,child4,918090,frame,-2
9181.558779898001,child10,918090,frame,-124
9181.583882267,child1,918090,frame,-103
9181.591107973,child7,918090,frame,-110
9191.601814498,child7,919100,frame,12
9191.613137119999,child5,919100,frame,-75
9191.621639076,child6,919100,frame,4
9191.627809699,child3,919100,frame,35
9191.628385908,child9,919100,frame,1
9191.652463443,child8,919100,frame,-67
9191.657859525001,child2,919100,frame,18
9191.661924357,child4,919100,frame,6
9191.66855973,child10,919100,frame,36
9191.687961934,child1,919100,frame,37
9200.693140010999,child1,920009,frame,43
9200.705954174,child7,920009,frame,19
9200.719136796,child5,920009,frame,37
9200.72794421,child6,920009,frame,-103
9200.734159709,child9,920009,frame,-82
9200.735003834,child3,920009,frame,-122
9200.754152411999,child8,920009,frame,-73
9200.762980076,child2,920009,frame,23
9200.768869200001,child4,920009,frame,-100
9200.776782031,child10,920009,frame,25
9210.792586763,child1,921019,frame,36
9210.811583966,child7,921019,frame,14
9210.821003172001,child5,921019,frame,9
9210.83532871,child9,921019,frame,16
9210.837284459001,child6,921019,frame,153
9210.843925833,child3,921019,frame,37
9210.862612702998,child8,921019,frame,126
9210.866491743,child2,921019,frame,38
9210.869903326,child4,921019,frame,19
9210.881728698001,child10,921019,frame,-91
9220.888003515,child10,922029,frame,161
9220.891754597002,child1,922029,frame,-104
9220.915164341,child7,922029,frame,-91
9220.926689338,child5,922029,frame,1
9220.939311502001,child9,922029,frame,-109
9220.941616626,child6,922029,frame,-70
9220.946339082999,child3,922029,frame,-87
9220.968645285999,child8,922029,frame,-2
9220.972147326,child2,922029,frame,21
9220.978292992,child4,922029,frame,10
9230.993888848,child10,923039,frame,-90
9230.995122930999,child1,923039,frame,177
9231.019581715998,child7,923039,frame,38
9231.028624297,child5,923039,frame,27
9231.04552571,child9,923039,frame,139
9231.048681334,child6,923039,frame,125
9231.049198167,child3,923039,frame,178
9231.075704243001,child8,923039,frame,48
9231.079839576001,child2,923039,frame,40
9231.082285117,child4,923039,frame,18
9241.089356976001,child4,924049,frame,58
9241.09847364,child10,924049,frame,145
9241.099812014001,child1,924049,frame,6
9241.124745882998,child7,924049,frame,42
9241.133329547,child5,924049,frame,-81
9241.152380376,child9,924049,frame,-70
9241.152638126001,child6,924049,frame,-84
9241.154555667,child3,924049,frame,-103
9241.181260785,child8,924049,frame,-75
9241.186188284,child2,924049,frame,21
9251.188289519001,child8,925059,frame,41
9251.191705685002,child2,925059,frame,-119
9251.192324518,child4,925059,frame,-122
9251.203596806,child1,925059,frame,-110
9251.204913598,child10,925059,frame,-124
9251.229752508,child7,925059,frame,40
9251.239589338998,child5,925059,frame,60
9251.255499417999,child6,925059,frame,0
9251.257184917999,child9,925059,frame,16
9251.259375292,child3,925059,frame,22
9261.295465685002,child8,926069,frame,40
9261.298836726,child4,926069,frame,21
9261.299952392,child2,926069,frame,22
9261.307024473,child1,926069,frame,31
9261.308289180999,child10,926069,frame,-87
9261.332725175002,child7,926069,frame,22
9261.347387671,child5,926069,frame,8
9261.360769585,child6,926069,frame,-70
9261.361243751,child3,926069,frame,52
9261.361379293001,child9,926069,frame,31
9271.40021856,child8,927079,frame,-66
9271.406355892,child4,927079,frame,22
9271.407169307999,child2,927079,frame,5
9271.410170891,child1,927079,frame,14
9271.413576805999,child10,927079,frame,34
9271.436205384,child7,927079,frame,27
9271.454652004,child5,927079,frame,1
9271.46495546,child9,927079,frame,6
9271.465230543,child6,927079,frame,20
9271.465750668,child3,927079,frame,35
9281.504899476999,child8,928089,frame,39
9281.509339184,child2,928089,frame,21
9281.512612974999,child1,928089,frame,16
9281.516069973999,child4,928089,frame,20
9281.520690306,child10,928089,frame,36
9281.540297759,child7,928089,frame,-118
9281.559643712,child5,928089,frame,-115
9281.568562627,child6,928089,frame,0
9281.571265126,child3,928089,frame,-89
9281.572003334,child9,928089,frame,23
9291.608344435,child8,929099,frame,25
9291.613945600999,child2,929099,frame,21
9291.618333141,child1,929099,frame,34
9291.618568266,child4,929099,frame,8
9291.621867557,child10,929099,frame,159
9291.643754968001,child7,929099,frame,166
9291.664933629001,child5,929099,frame,137
9291.669578502999,child6,929099,frame,177
9291.673816543,child9,929099,frame,12
9291.677263959,child3,929099,frame,13
9300.681246912001,child9,930008,frame,-75
9300.685373286,child3,930008,frame,-122
9300.712941904,child8,930008,frame,-319
9300.717112444001,child1,930008,frame,-120
9300.721624151001,child2,930008,frame,-71
9300.724249901,child4,930008,frame,-91
9300.725081234,child10,930008,frame,-191
9300.745614187,child7,930008,frame,-194
9300.766754597998,child5,930008,frame,-83
9300.769257263999,child6,930008,frame,-223
9310.786933703,child3,931018,frame,39
9310.78771237,child9,931018,frame,54
9310.81704057,child8,931018,frame,259
9310.818577195,child1,931018,frame,15
9310.825228568001,child2,931018,frame,30
9310.828188901,child4,931018,frame,22
9310.830182984,child10,931018,frame,43
9310.850387228002,child7,931018,frame,33
9310.86915289,child5,931018,frame,5
9310.870772348,child6,931018,frame,0
9320.891806245,child3,932028,frame,53
9320.892608745,child9,932028,frame,-110
9320.920684112,child1,932028,frame,-77
9320.921449362,child8,932028,frame,48
9320.931556735,child2,932028,frame,-95
9320.932375318,child4,932028,frame,20
9320.935664691999,child10,932028,frame,10
9320.952573561999,child7,932028,frame,32
9320.972968307,child5,932028,frame,10
9320.979423055001,child6,932028,frame,-108
9330.985402665001,child6,933038,frame,149
9330.995600245002,child9,933038,frame,24
9330.997586619998,child3,933038,frame,-87
9331.025875321,child8,933038,frame,-73
9331.026262279,child1,933038,frame,44
9331.036900150999,child2,933038,frame,46
9331.037184776,child4,933038,frame,28
9331.040982442,child10,933038,frame,-80
9331.057770854,child7,933038,frame,15
9331.07484535,child5,933038,frame,0
9341.089638998,child6,934048,frame,9
9341.099057496,child3,934048,frame,-72
9341.102246120001,child9,934048,frame,-102
9341.129871113,child8,934048,frame,-77
9341.130993736999,child1,934048,frame,-96
9341.140632735001,child4,934048,frame,-94
9341.144813067,child2,934048,frame,-113
9341.149087941,child10,934048,frame,44
9341.164345187,child7,934048,frame,-91
9341.17858485,child5,934048,frame,-98
9351.182780126,child5,935058,frame,21
9351.194723415001,child6,935058,frame,0
9351.204486912002,child3,935058,frame,131
9351.208399953,child9,935058,frame,164
9351.235099571,child8,935058,frame,126
9351.235963987001,child1,935058,frame,44
9351.243203402,child4,935058,frame,27
9351.247349693,child2,935058,frame,48
9351.252558858,child10,935058,frame,-99
9351.26973077,child7,935058,frame,-95
9361.286240876001,child5,936068,frame,23
9361.29984404,child6,936068,frame,-104
9361.308428078999,child3,936068,frame,-1
9361.312591910999,child9,936068,frame,4
9361.339769613,child8,936068,frame,-2
9361.340733029001,child1,936068,frame,45
9361.34816336,child4,936068,frame,26
9361.354570442001,child10,936068,frame,44
9361.355575107998,child2,936068,frame,46
9361.372371521,child7,936068,frame,129
9371.391702501001,child5,937078,frame,7
9371.404885915,child6,937078,frame,17
9371.413931329002,child3,937078,frame,-71
9371.420846452,child9,937078,frame,-101
9371.442174155001,child8,937078,frame,-77
9371.444685737999,child1,937078,frame,-81
9371.453526235,child4,937078,frame,-99
9371.458147192,child2,937078,frame,46
9371.460124359,child10,937078,frame,43
9371.475591813,child7,937078,frame,40
9381.481290713999,child7,938088,frame,-87
9381.495593293,child5,938088,frame,24
9381.508148165001,child6,938088,frame,40
9381.519871120001,child3,938088,frame,130
9381.523177203,child9,938088,frame,39
9381.547660905,child1,938088,frame,0
9381.548274862998,child8,938088,frame,19
9381.561006401,child4,938088,frame,43
9381.561164068,child2,938088,frame,28
9381.562109068002,child10,938088,frame,-65
9391.584345838999,child7,939098,frame,-79
9391.601937542999,child5,939098,frame,14
9391.609374916,child6,939098,frame,14
9391.625932953,child3,939098,frame,-211
9391.62780962,child9,939098,frame,-97
9391.650460155,child1,939098,frame,54
9391.652584571,child8,939098,frame,-100
9391.665155485,child10,939098,frame,31
9391.665982900999,child4,939098,frame,29
9391.670122942001,child2,939098,frame,-89
9400.671041854,child10,940007,frame,40
9400.672899395,child4,940007,frame,53
9400.673732478,child2,940007,frame,38
9400.687152308,child7,940007,frame,154
9400.706059428001,child5,940007,frame,58
9400.712371550999,child6,940007,frame,56
9400.728918255,child3,940007,frame,269
9400.730335005,child9,940007,frame,4
9400.748972667,child1,940007,frame,56
9400.756465748002,child8,940007,frame,129
9410.774471937,child2,941017,frame,-87
9410.775484896001,child10,941017,frame,-73
9410.778549353,child4,941017,frame,-99
9410.789553392,child7,941017,frame,-75
9410.811237594999,child5,941017,frame,-99
9410.814150385,child6,941017,frame,-71
9410.832947256,child3,941017,frame,-79
9410.833830255,child9,941017,frame,-86
9410.849262668,child1,941017,frame,-86
9410.860741332,child8,941017,frame,-115
9420.877671688,child2,942027,frame,161
9420.879434021,child4,942027,frame,167
9420.881437229,child10,942027,frame,176
9420.889477477,child7,942027,frame,171
9420.913520844999,child5,942027,frame,147
9420.915241552999,child6,942027,frame,142
9420.935433131,child3,942027,frame,45
9420.936836131,child9,942027,frame,180
9420.961139375,child1,942027,frame,179
9420.96407129,child8,942027,frame,127
9430.981569313,child2,943037,frame,22
9430.983663771,child4,943037,frame,14
9430.98712252,child10,943037,frame,-90
9430.995187768,child7,943037,frame,-91
9431.013746597,child5,943037,frame,-70
9431.016219679,child6,943037,frame,0
9431.039842839999,child3,943037,frame,31
9431.044085088999,child9,943037,frame,24
9431.067843624,child1,943037,frame,24
9431.068590957,child8,943037,frame,39
9441.086636855001,child2,944047,frame,-103
9441.090780728999,child4,944047,frame,-112
9441.092924395001,child10,944047,frame,35
9441.099592351999,child7,944047,frame,32
9441.117697847,child6,944047,frame,-124
9441.120695388001,child5,944047,frame,1
9441.144274215,child3,944047,frame,37
9441.147214214001,child9,944047,frame,21
9441.171121958001,child8,944047,frame,3
9441.171458541,child1,944047,frame,-102
9451.174921401,child8,945057,frame,48
9451.176121526,child1,945057,frame,56
9451.191826646,child2,945057,frame,38
9451.194261938,child4,945057,frame,28
9451.195285353999,child10,945057,frame,36
9451.202441435,child7,945057,frame,22
9451.223478388,child5,945057,frame,-124
9451.223788972,child6,945057,frame,145
9451.248841673,child9,945057,frame,-85
9451.249066923,child3,945057,frame,-95
9461.281047151,child8,946067,frame,-92
9461.281174566999,child1,946067,frame,20
9461.293687813999,child2,946067,frame,20
9461.300244812,child4,946067,frame,-111
9461.300357437,child10,946067,frame,-108
9461.303593061,child7,946067,frame,42
9461.325259514,child6,946067,frame,47
9461.332430971,child5,946067,frame,159
9461.353505340001,child3,946067,frame,28
9461.354277923,child9,946067,frame,39
9471.385464276002,child1,947077,frame,14
9471.388023067,child8,947077,frame,-2
9471.400490439,child2,947077,frame,38
9471.404203771,child4,947077,frame,153
9471.404750145999,child10,947077,frame,163
9471.407674728001,child7,947077,frame,6
9471.431999389,child6,947077,frame,39
9471.434111596,child5,947077,frame,-65
9471.459501297999,child3,947077,frame,39
9471.459562173,child9,947077,frame,39
9481.487570026999,child1,948087,frame,13
9481.4929539,child8,948087,frame,33
9481.505078564,child2,948087,frame,-103
9481.506743772,child10,948087,frame,-106
9481.507692938,child4,948087,frame,13
9481.510089771,child7,948087,frame,11
9481.536693722,child6,948087,frame,-93
9481.540446513001,child5,948087,frame,130
9481.561876049002,child3,948087,frame,6
9481.56865888,child9,948087,frame,-101
9491.58715007,child1,949097,frame,-111
9491.598476067,child8,949097,frame,58
9491.607946731,child10,949097,frame,34
9491.610296439,child2,949097,frame,161
9491.612047396,child4,949097,frame,-91
9491.616763479,child7,949097,frame,-102
9491.640751972,child6,949097,frame,45
9491.642523514001,child5,949097,frame,-66
9491.669110965,child3,949097,frame,32
9491.669905589999,child9,949097,frame,16
9500.675292917,child9,950006,frame,-68
9500.675869709,child3,950006,frame,49
9500.686603247,child1,950006,frame,21
9500.701478285,child8,950006,frame,-101
9500.710874908,child10,950006,frame,11
9500.715671907,child4,950006,frame,22
9500.715736573,child2,950006,frame,41
9500.722054905,child7,950006,frame,56
9500.742611857999,child6,950006,frame,13
9500.744517690999,child5,950006,frame,37
9510.778706626,child9,951016,frame,-77
9510.779599209,child3,951016,frame,-69
9510.791713456,child1,951016,frame,-96
9510.804282411,child8,951016,frame,-84
9510.815601115999,child10,951016,frame,-91
9510.819753573,child2,951016,frame,-236
9510.821697198,child4,951016,frame,-204
9510.827738738,child7,951016,frame,32
9510.845335816999,child6,951016,frame,-212
9510.849601982,child5,951016,frame,-124
9520.881877459999,child3,952026,frame,-102
9520.883549293001,child9,952026,frame,45
9520.897254831,child1,952026,frame,44
9520.906611328,child8,952026,frame,11
9520.918242992,child10,952026,frame,36
9520.923729949,child2,952026,frame,171
9520.925413489998,child4,952026,frame,183
9520.927933448,child7,952026,frame,-2
9520.947378776002,child6,952026,frame,126
9520.955353774,child5,952026,frame,25
9530.982388669,child3,953036,frame,37
9530.986019750999,child9,953036,frame,2
9530.99829379,child1,953036,frame,29
9531.009224745,child8,953036,frame,55
9531.0255592,child10,953036,frame,17
9531.028353574,child2,953036,frame,-67
9531.032076780999,child7,953036,frame,19
9531.033504489002,child4,953036,frame,26
9531.050414443,child6,953036,frame,-93
9531.060998149,child5,953036,frame,6
9541.08657506,child3,954046,frame,23
9541.090444768,child9,954046,frame,55
9541.104738889,child1,954046,frame,30
9541.112704721,child8,954046,frame,-68
9541.129001508,child10,954046,frame,38
9541.130058216,child2,954046,frame,-101
9541.134682798,child7,954046,frame,-126
9541.137620131001,child4,954046,frame,27
9541.151458544,child6,954046,frame,13
9541.162599874999,child5,954046,frame,-72
9551.170598475,child5,955056,frame,15
9551.190649261,child3,955056,frame,21
9551.19572176,child9,955056,frame,-70
9551.207762507,child1,955056,frame,-94
9551.215485339,child8,955056,frame,136
9551.234929584,child10,955056,frame,-106
9551.238089583001,child2,955056,frame,38
9551.239427458,child7,955056,frame,34
9551.24377704,child4,955056,frame,10
9551.250525247,child6,955056,frame,1
9561.274043134,child5,956066,frame,-116
9561.298546878,child3,956066,frame,-102
9561.300727669,child9,956066,frame,9
9561.311344582999,child1,956066,frame,46
9561.320239956001,child8,956066,frame,-211
9561.338520743,child10,956066,frame,-73
9561.341520034,child2,956066,frame,-87
9561.343436117,child7,956066,frame,-93
9561.35106549,child4,956066,frame,-99
9561.353986238999,child6,956066,frame,8
9571.380839793,child5,957076,frame,164
9571.405054745,child3,957076,frame,36
9571.409107161,child9,957076,frame,45
9571.41327741,child1,957076,frame,47
9571.426957156,child8,957076,frame,134
9571.443343277,child10,957076,frame,50
9571.449027026,child7,957076,frame,155
9571.450084734,child2,957076,frame,20
9571.454006650001,child4,957076,frame,43
9571.459139732,child6,957076,frame,1
9581.488445535,child5,958086,frame,35
9581.506461363,child3,958086,frame,39
9581.514906736,child9,958086,frame,2
9581.515561110999,child1,958086,frame,-78
9581.529546941,child8,958086,frame,21
9581.548439895001,child10,958086,frame,52
9581.553506893,child2,958086,frame,181
9581.553642518,child7,958086,frame,-106
9581.558665267,child4,958086,frame,153
9581.565588807,child6,958086,frame,8
9591.567058659,child4,959096,frame,-111
9591.570521616,child6,959096,frame,14
9591.593196402,child5,959096,frame,-105
9591.611614397001,child3,959096,frame,41
9591.616157896,child1,959096,frame,-79
9591.617455729,child9,959096,frame,-191
9591.637595391,child8,959096,frame,-68
9591.650977471,child10,959096,frame,-94
9591.656420011,child7,959096,frame,20
9591.660834385,child2,959096,frame,-81
9600.657418944,child7,960005,frame,28
9600.663613568,child2,960005,frame,16
9600.672613691,child4,960005,frame,27
9600.674065107,child6,960005,frame,34
9600.696790226,child5,960005,frame,126
9600.717810970998,child3,960005,frame,1
9600.718617429,child1,960005,frame,157
9600.721993095,child9,960005,frame,45
9600.741445299,child8,960005,frame,59
9600.752223546,child10,960005,frame,41
9610.755896229999,child10,961015,frame,-72
9610.764324603,child7,961015,frame,-103
9610.770268893,child2,961015,frame,-96
9610.777311016001,child6,961015,frame,-125
9610.779104808002,child4,961015,frame,-111
9610.801134594001,child5,961015,frame,-118
9610.823673547,child1,961015,frame,-76
9610.824300962999,child3,961015,frame,-105
9610.828613962,child9,961015,frame,59
9610.845334582998,child8,961015,frame,-119
9620.862329889,child10,962025,frame,254
9620.868523971001,child7,962025,frame,183
9620.874423677,child2,962025,frame,54
9620.880638551,child4,962025,frame,153
9620.88265155,child6,962025,frame,134
9620.906371545,child5,962025,frame,24
9620.927084414,child3,962025,frame,160
9620.930797705001,child1,962025,frame,43
9620.933449828999,child9,962025,frame,133
9620.951358367,child8,962025,frame,135
9630.960011633,child8,963035,frame,-122
9630.969761172,child10,963035,frame,-207
9630.971587463,child7,963035,frame,-101
9630.980263795,child2,963035,frame,38
9630.98629471,child4,963035,frame,-112
9630.989290709,child6,963035,frame,13
9631.012493912,child5,963035,frame,17
9631.033230865,child3,963035,frame,-105
9631.033616698001,child1,963035,frame,-80
9631.039022405,child9,963035,frame,-124
9641.067529416001,child8,964045,frame,142
9641.07232129,child10,964045,frame,60
9641.076000498,child7,964045,frame,22
9641.087591537,child2,964045,frame,37
9641.089817368998,child6,964045,frame,-69
9641.090267828,child4,964045,frame,28
9641.11853307,child5,964045,frame,34
9641.134633941001,child3,964045,frame,17
9641.139069107,child1,964045,frame,44
9641.141311398,child9,964045,frame,134
9651.169918618,child8,965055,frame,39
9651.174551117,child10,965055,frame,42
9651.181120323,child7,965055,frame,27
9651.193633404,child2,965055,frame,5
9651.195073195,child6,965055,frame,125
9651.196228653002,child4,965055,frame,14
9651.222789813,child5,965055,frame,60
9651.238215476,child3,965055,frame,23
9651.242193142001,child1,965055,frame,45
9651.24702014,child9,965055,frame,38
9661.274984777,child8,966065,frame,-122
9661.278280192999,child10,966065,frame,-98
9661.284979691001,child7,966065,frame,-103
9661.295607022,child6,966065,frame,-204
9661.299372771,child4,966065,frame,31
9661.300024896,child2,966065,frame,-103
9661.328774597001,child5,966065,frame,5
9661.34347226,child1,966065,frame,-81
9661.344917885,child3,966065,frame,21
9661.349232842,child9,966065,frame,-70
9671.381285769,child8,967075,frame,126
9671.382700977,child10,967075,frame,123
9671.391675308001,child7,967075,frame,42
9671.396993224,child6,967075,frame,9
9671.404593972,child2,967075,frame,179
9671.405189680001,child4,967075,frame,-99
9671.434947047,child5,967075,frame,10
9671.44585342,child1,967075,frame,47
9671.453088418,child9,967075,frame,1
9671.454434668001,child3,967075,frame,23
9681.459510101,child3,968085,frame,-105
9681.485413344999,child10,968085,frame,-90
9681.490819969,child8,968085,frame,-83
9681.49737405,child7,968085,frame,-85
9681.500050175,child6,968085,frame,8
9681.510771129999,child2,968085,frame,-104
9681.51350988,child4,968085,frame,26
9681.538344457,child5,968085,frame,-70
9681.546503079999,child1,968085,frame,-95
9681.556104661,child9,968085,frame,-85
9691.560560345,child3,969095,frame,35
9691.563067219,child9,969095,frame,33
9691.58813963,child10,969095,frame,50
9691.595728919,child8,969095,frame,11
9691.600878252,child7,969095,frame,36
9691.608729624999,child6,969095,frame,14
9691.61358779,child2,969095,frame,19
9691.624931537,child4,969095,frame,30
9691.645342449001,child5,969095,frame,156
9691.651609197,child1,969095,frame,-2
9700.651131464001,child5,970004,frame,-97
9700.657403379,child1,970004,frame,60
9700.664216961,child9,970004,frame,-102
9700.665230502,child3,970004,frame,-74
9700.693557870001,child10,970004,frame,-101
9700.699781702,child8,970004,frame,45
9700.704859701,child7,970004,frame,26
9700.711817407,child6,970004,frame,42
9700.720739947,child2,970004,frame,-116
9700.730529194,child4,970004,frame,-86
9710.755913706002,child5,971014,frame,52
9710.762499413,child1,971014,frame,-71
9710.769594035999,child9,971014,frame,142
9710.773802534999,child3,971014,frame,46
9710.794389614,child10,971014,frame,12
9710.803368653,child8,971014,frame,47
9710.80849611,child7,971014,frame,-87
9710.815365524999,child6,971014,frame,9
9710.825283731001,child2,971014,frame,163
9710.842621227,child4,971014,frame,167
9720.85113566,child4,972024,frame,10
9720.862401574,child5,972024,frame,45
9720.868032904998,child1,972024,frame,55
9720.876063653,child9,972024,frame,47
9720.879442444,child3,972024,frame,30
9720.89859169,child10,972024,frame,51
9720.909979312,child8,972024,frame,45
9720.913114019,child7,972024,frame,58
9720.919006059,child6,972024,frame,28
9720.93026739,child2,972024,frame,5
9730.956762777001,child4,973034,frame,-114
9730.967377233,child5,973034,frame,-85
9730.972987981,child1,973034,frame,-71
9730.983276812,child9,973034,frame,38
9730.984906811998,child3,973034,frame,-97
9731.004063348,child10,973034,frame,34
9731.017241137,child8,973034,frame,-93
9731.019782761,child7,973034,frame,-86
9731.025771968,child6,973034,frame,-125
9731.036590674,child2,973034,frame,-102
9741.061863228,child4,974044,frame,151
9741.071567267001,child5,974044,frame,180
9741.076617474,child1,974044,frame,150
9741.088270221,child3,974044,frame,43
9741.091158469999,child9,974044,frame,55
9741.108306049,child10,974044,frame,53
9741.122849004001,child8,974044,frame,173
9741.126461003,child7,974044,frame,261
9741.130827627,child6,974044,frame,158
9741.144249082,child2,974044,frame,38
9751.151037099,child2,975054,frame,22
9751.168442511,child4,975054,frame,13
9751.176119468,child5,975054,frame,-76
9751.18186055,child1,975054,frame,-80
9751.190202298001,child3,975054,frame,43
9751.196133546,child9,975054,frame,-86
9751.213273207999,child10,975054,frame,-90
9751.230820037,child8,975054,frame,-222
9751.23270487,child7,975054,frame,-218
9751.232789829,child6,975054,frame,-71
9761.254887425,child2,976064,frame,38
9761.273888587,child4,976064,frame,-2
9761.281178502,child5,976064,frame,-88
9761.284492043,child1,976064,frame,-2
9761.297999748002,child3,976064,frame,26
9761.302635871001,child9,976064,frame,48
9761.316163743,child10,976064,frame,59
9761.334048196999,child6,976064,frame,1
9761.334476322001,child8,976064,frame,174
9761.337805738,child7,976064,frame,172
9771.360128041999,child2,977074,frame,5
9771.375725454998,child4,977074,frame,-65
9771.384209453,child5,977074,frame,38
9771.386372411,child1,977074,frame,52
9771.40282599,child3,977074,frame,-95
9771.403120532,child9,977074,frame,31
9771.42186586,child10,977074,frame,-81
9771.43649944,child6,977074,frame,0
9771.440555064,child8,977074,frame,-91
9771.442089021999,child7,977074,frame,34
9781.465999159002,child2,978084,frame,-104
9781.481760489,child4,978084,frame,5
9781.489536695,child1,978084,frame,45
9781.495265527,child5,978084,frame,47
9781.506605774,child3,978084,frame,45
9781.513049731,child9,978084,frame,-113
9781.526887269,child10,978084,frame,59
9781.537542892,child6,978084,frame,0
9781.544033723001,child8,978084,frame,25
9781.547223514,child7,978084,frame,-111
9791.548555116,child8,979094,frame,24
9791.553067823,child7,979094,frame,48
9791.57284836,child2,979094,frame,21
9791.584837440001,child4,979094,frame,55
9791.594619979,child1,979094,frame,45
9791.601457351999,child5,979094,frame,29
9791.61004085,child3,979094,frame,33
9791.616571056999,child9,979094,frame,153
9791.630893054,child10,979094,frame,41
9791.636612719,child6,979094,frame,25
9800.641169067,child6,980003,frame,29
9800.65233644,child8,980003,frame,-76
9800.656490064,child7,980003,frame,1
9800.681567141,child2,980003,frame,6
9800.688196097,child4,980003,frame,27
9800.703757385001,child1,980003,frame,-88
9800.70518201,child5,980003,frame,-109
9800.71312605,child3,980003,frame,3
9800.722058631,child9,980003,frame,-67
9800.737614251999,child10,980003,frame,7
9810.739064103,child10,981013,frame,37
9810.747441976,child6,981013,frame,21
9810.759230515,child8,981013,frame,41
9810.761961598,child7,981013,frame,34
9810.788002091,child2,981013,frame,38
9810.796494214,child4,981013,frame,60
9810.803257087,child1,981013,frame,168
9810.810810627001,child5,981013,frame,48
9810.816237001,child3,981013,frame,-88
9810.826203665,child9,981013,frame,31
9820.843187096,child10,982023,frame,-89
9820.852521094,child6,982023,frame,-78
9820.863607174,child8,982023,frame,24
9820.86747859,child7,982023,frame,-2
9820.893212917,child2,982023,frame,22
9820.896367416,child4,982023,frame,-72
9820.906133330001,child1,982023,frame,-111
9820.918732202,child5,982023,frame,48
9820.920705535,child3,982023,frame,39
9820.928565158,child9,982023,frame,12
9830.951722212,child10,983033,frame,50
9830.953897837,child6,983033,frame,8
9830.965917792,child8,983033,frame,59
9830.972625374001,child7,983033,frame,-83
9830.997080451001,child2,983033,frame,22
9830.999712742001,child4,983033,frame,58
9831.011484739,child1,983033,frame,38
9831.021686195,child5,983033,frame,46
9831.025418361001,child3,983033,frame,37
9831.032833859,child9,983033,frame,31
9841.057468870998,child10,984043,frame,161
9841.059038704001,child6,984043,frame,126
9841.072402617,child8,984043,frame,9
9841.074082034,child7,984043,frame,151
9841.103087652,child4,984043,frame,49
9841.104644984,child2,984043,frame,129
9841.118223731,child1,984043,frame,24
9841.124695104,child5,984043,frame,31
9841.131518894,child3,984043,frame,38
9841.135130894,child9,984043,frame,141
9851.141498952,child9,985053,frame,-125
9851.161503905,child10,985053,frame,-231
9851.162191947,child6,985053,frame,-78
9851.175710027,child7,985053,frame,-119
9851.179587858998,child8,985053,frame,-100
9851.207216019,child4,985053,frame,-82
9851.212677934,child2,985053,frame,-117
9851.222751224,child1,985053,frame,-110
9851.228757847,child5,985053,frame,-110
9851.237644178,child3,985053,frame,-90
9861.241882987,child3,986063,frame,35
9861.246466944,child9,986063,frame,-2
9861.267294939,child6,986063,frame,-70
9861.267765522,child10,986063,frame,36
9861.283116769,child7,986063,frame,42
9861.283316352,child8,986063,frame,44
9861.312935511001,child4,986063,frame,-84
9861.321093759001,child2,986063,frame,-103
9861.3240003,child1,986063,frame,31
9861.330166174,child5,986063,frame,32
9871.34560248,child3,987073,frame,-90
9871.350509979,child9,987073,frame,-125
9871.370848849001,child10,987073,frame,-108
9871.372373848,child6,987073,frame,-125
9871.388511927,child7,987073,frame,-244
9871.392692176,child8,987073,frame,-100
9871.416620379001,child4,987073,frame,-75
9871.425088627,child1,987073,frame,-78
9871.425412627,child2,987073,frame,22
9871.433821333001,child5,987073,frame,-76
9881.441475516001,child5,988083,frame,44
9881.450092431,child3,988083,frame,35
9881.453181721,child9,988083,frame,31
9881.472470425,child10,988083,frame,54
9881.479786423,child6,988083,frame,161
9881.489530629,child7,988083,frame,58
9881.499596792999,child8,988083,frame,57
9881.522335620999,child4,988083,frame,4
9881.524633162,child1,988083,frame,45
9881.529359036,child2,988083,frame,4
9891.5476278,child5,989093,frame,27
9891.55426109,child3,989093,frame,49
9891.556973047,child9,989093,frame,21
9891.578219584,child10,989093,frame,48
9891.589060956,child6,989093,frame,4
9891.600052411999,child7,989093,frame,54
9891.607418368001,child8,989093,frame,25
9891.62800203,child4,989093,frame,6
9891.631553237,child2,989093,frame,21
9891.632025195,child1,989093,frame,29
9900.632463795,child4,990002,frame,39
9900.636817044,child1,990002,frame,-74
9900.639525377,child2,990002,frame,-115
9900.653747498,child5,990002,frame,-111
9900.66057333,child3,990002,frame,2
9900.662806621,child9,990002,frame,39
9900.682967616,child10,990002,frame,39
9900.687953573,child6,990002,frame,-201
9900.704967819,child7,990002,frame,22
9900.711152442002,child8,990002,frame,31
9910.736152454,child4,991012,frame,130
9910.739800454,child2,991012,frame,38
9910.742560620001,child1,991012,frame,44
9910.7560622,child5,991012,frame,48
9910.764988447,child3,991012,frame,164
9910.766521655001,child9,991012,frame,142
9910.788745941,child10,991012,frame,36
9910.790203941,child6,991012,frame,149
9910.80781677,child7,991012,frame,181
9910.817389601,child8,991012,frame,42
9920.839908988999,child4,992022,frame,-127
9920.844600237999,child2,992022,frame,20
9920.846182404,child1,992022,frame,45
9920.862114358,child5,992022,frame,47
9920.870018523,child3,992022,frame,-228
9920.871596939,child9,992022,frame,-125
9920.891883351,child10,992022,frame,-91
9920.893225767,child6,992022,frame,9
9920.916526969999,child7,992022,frame,-244
9920.923474176001,child8,992022,frame,-99
9930.942720607,child4,993032,frame,20
9930.949118187998,child1,993032,frame,44
9930.950187646,child2,993032,frame,54
9930.965499643,child5,993032,frame,3
9930.972509808,child9,993032,frame,31
9930.975016932,child3,993032,frame,54
9930.996374635,child10,993032,frame,130
9931.003197799999,child6,993032,frame,24
9931.018677504,child7,993032,frame,136
9931.028979167999,child8,993032,frame,-86
9941.036103893,child8,994042,frame,59
9941.047633891,child4,994042,frame,13
9941.053353639,child2,994042,frame,38
9941.053855056001,child1,994042,frame,-97
9941.073842676,child5,994042,frame,-89
9941.07635255,child9,994042,frame,16
9941.080617341,child3,994042,frame,37
9941.096774919999,child10,994042,frame,-115
9941.113473499001,child6,994042,frame,17
9941.119856288999,child7,994042,frame,-94
9951.139841636,child8,995052,frame,39
9951.154948632,child1,995052,frame,-81
9951.156594674001,child2,995052,frame,22
9951.158687715,child4,995052,frame,6
9951.178702043,child5,995052,frame,53
9951.180271459,child9,995052,frame,-66
9951.186262166,child3,995052,frame,38
9951.203911870001,child10,995052,frame,45
9951.216937742,child6,995052,frame,8
9951.228407739,child7,995052,frame,129
9961.242962962,child8,996062,frame,26
9961.254926251,child1,996062,frame,172
9961.264089874,child2,996062,frame,4
9961.266766165,child4,996062,frame,-66
9961.281343327999,child5,996062,frame,39
9961.286516785,child9,996062,frame,9
9961.292084241999,child3,996062,frame,21
9961.311582903,child10,996062,frame,28
9961.318470402,child6,996062,frame,55
9961.330703565,child7,996062,frame,-102
9971.348865204001,child8,997072,frame,43
9971.361192409,child1,997072,frame,30
9971.366801782999,child4,997072,frame,23
9971.369949824,child2,997072,frame,22
9971.38689082,child5,997072,frame,39
9971.395500109,child9,997072,frame,132
9971.399537983,child3,997072,frame,19
9971.414756438,child10,997072,frame,26
9971.423489311,child6,997072,frame,20
9971.431673934,child7,997072,frame,23
9981.436578326,child7,998082,frame,42
9981.451815904999,child8,998082,frame,26
9981.471162484,child1,998082,frame,-94
9981.472003775001,child4,998082,frame,3
9981.472478317,child2,998082,frame,-103
9981.491961354,child5,998082,frame,39
9981.497927602,child9,998082,frame,-71
9981.505816224999,child3,998082,frame,-106
9981.520323138,child10,998082,frame,28
9981.528072178,child6,998082,frame,-125
9991.542000568,child7,999092,frame,20
9991.554451356,child8,999092,frame,-83
9991.573878809999,child1,999092,frame,31
9991.577403017,child2,999092,frame,21
9991.577658516999,child4,999092,frame,7
9991.600667553,child5,999092,frame,-86
9991.605743844,child9,999092,frame,-77
9991.608536968,child3,999092,frame,32
9991.62125559,child10,999092,frame,-99
9991.63314567,child6,999092,frame,-71
10000.624010814,child10,1000001,frame,31
10000.639010894001,child6,1000001,frame,55
10000.644652434,child7,1000001,frame,-83
10000.658292306,child8,1000001,frame,-80
10000.677938717,child1,1000001,frame,-86
10000.679910425,child4,1000001,frame,-79
10000.682411133,child2,1000001,frame,-70
10000.70170067,child5,1000001,frame,21
10000.709029626001,child9,1000001,frame,2
10000.712817417,child3,1000001,frame,-66
10010.728183432,child10,1001011,frame,10
10010.739466929,child6,1001011,frame,8
10010.747656092999,child7,1001011,frame,22
10010.762552548,child8,1001011,frame,41
10010.78271971,child1,1001011,frame,-80
10010.783628459,child4,1001011,frame,18
10010.785964917,child2,1001011,frame,30
10010.810147619999,child5,1001011,frame,-212
10010.812864744,child9,1001011,frame,15
10010.821257242,child3,1001011,frame,-94
10020.829818341,child3,1002021,frame,170
10020.833361549,child10,1002021,frame,37
10020.839377589,child6,1002021,frame,9
10020.851393169001,child7,1002021,frame,50
10020.866939291,child8,1002021,frame,42
10020.886183827,child1,1002021,frame,125
10020.88849766,child4,1002021,frame,18
10020.889355618,child2,1002021,frame,30
10020.916301737,child5,1002021,frame,125
10020.917159528,child9,1002021,frame,16
10030.935327709001,child10,1003031,frame,20
10030.935375084,child3,1003031,frame,31
10030.938963333,child6,1003031,frame,133
10030.95798937,child7,1003031,frame,32
10030.971184491,child8,1003031,frame,-100
10030.990545153,child4,1003031,frame,19
10030.991240861,child1,1003031,frame,57
10030.992495361,child2,1003031,frame,137
10031.018832688,child5,1003031,frame,164
10031.021734812,child9,1003031,frame,59
10041.025136288,child9,1004041,frame,1
10041.038889743,child3,1004041,frame,-95
10041.043213283001,child10,1004041,frame,-106
10041.043639658,child6,1004041,frame,-194
10041.068241902,child7,1004041,frame,-103
10041.079003191,child8,1004041,frame,40
10041.093754104,child4,1004041,frame,-107
10041.096979603,child1,1004041,frame,-105
10041.099285686,child2,1004041,frame,-234
10041.121964764001,child5,1004041,frame,-226
10051.126044865,child5,1005051,frame,136
10051.128782446998,child9,1005051,frame,0
10051.146764567999,child3,1005051,frame,171
10051.147807901001,child10,1005051,frame,160
10051.154707441001,child6,1005051,frame,167
10051.172283603,child7,1005051,frame,42
10051.185140725,child8,1005051,frame,58
10051.197100804999,child1,1005051,frame,178
10051.198624472,child4,1005051,frame,151
10051.202224804001,child2,1005051,frame,171
10061.231881607,child5,1006061,frame,-81
10061.235230231001,child9,1006061,frame,-109
10061.249781727,child3,1006061,frame,-96
10061.251329768,child10,1006061,frame,-231
10061.255408934001,child6,1006061,frame,-117
10061.275587471,child7,1006061,frame,22
10061.288674093,child8,1006061,frame,-85
10061.298015924,child1,1006061,frame,-89
10061.302451214,child4,1006061,frame,-111
10061.309246587001,child2,1006061,frame,-95
10071.337306182,child5,1007071,frame,60
10071.338697140001,child9,1007071,frame,131
10071.35456247,child10,1007071,frame,177
10071.358121301999,child3,1007071,frame,30
10071.360863801001,child6,1007071,frame,9
10071.380978838,child7,1007071,frame,42
10071.393992626,child8,1007071,frame,181
10071.400325833,child1,1007071,frame,-89
10071.409806081001,child4,1007071,frame,153
10071.413910996,child2,1007071,frame,12
10081.441103382998,child5,1008081,frame,48
10081.445328549,child9,1008081,frame,125
10081.460986670001,child10,1008081,frame,1
10081.462901335999,child6,1008081,frame,125
10081.463308878001,child3,1008081,frame,28
10081.483126873,child7,1008081,frame,40
10081.498835244,child8,1008081,frame,44
10081.501810368,child1,1008081,frame,177
10081.514227197998,child4,1008081,frame,13
10081.514608282,child2,1008081,frame,32
10091.545330709,child5,1009091,frame,45
10091.551602249001,child9,1009091,frame,-205
10091.563168829,child10,1009091,frame,21
10091.565626162,child6,1009091,frame,-72
10091.568024369999,child3,1009091,frame,-108
10091.588509365,child7,1009091,frame,-120
10091.600294154,child8,1009091,frame,-115
10091.602901736,child1,1009091,frame,-228
10091.620375815,child4,1009091,frame,-125
10091.621154815,child2,1009091,frame,-104
10100.622637373,child4,1010000,frame,166
10100.623594956,child2,1010000,frame,148
10100.648491033,child5,1010000,frame,2
10100.658365072,child9,1010000,frame,168
10100.667679528,child10,1010000,frame,10
10100.669497028,child6,1010000,frame,167
10100.674255984999,child3,1010000,frame,156
10100.691020773,child7,1010000,frame,151
10100.704919561,child8,1010000,frame,31
10100.705313061,child1,1010000,frame,168
10110.727803906999,child4,1011010,frame,-127
10110.729472948,child2,1011010,frame,-120
10110.755402817,child5,1011010,frame,-84
10110.764489023,child9,1011010,frame,-96
10110.773440229,child10,1011010,frame,19
10110.778134519,child6,1011010,frame,-212
10110.78082231,child3,1011010,frame,-110
10110.795209682,child7,1011010,frame,-119
10110.810228886001,child1,1011010,frame,-96
10110.811745011,child8,1011010,frame,-81
10120.815694987,child1,1012020,frame,171
10120.83040715,child2,1012020,frame,54
10120.831976899,child4,1012020,frame,13
10120.85698106,child5,1012020,frame,177
10120.86763164,child9,1012020,frame,126
10120.878590346,child10,1012020,frame,20
10120.883277262,child6,1012020,frame,142
10120.887938759999,child3,1012020,frame,155
10120.898622216,child7,1012020,frame,42
10120.915404211999,child8,1012020,frame,151
10130.921435812,child8,1013030,frame,-100
10130.921985229,child1,1013030,frame,15
10130.934978642,child2,1013030,frame,146
10130.937242517,child4,1013030,frame,60
10130.962216719,child5,1013030,frame,5
10130.973272466,child9,1013030,frame,-79
10130.987240796,child10,1013030,frame,3
10130.988329546,child6,1013030,frame,40
10130.995249377,child3,1013030,frame,-126
10131.000627166999,child7,1013030,frame,6
10141.022038139,child1,1014040,frame,-94
10141.029591095,child8,1014040,frame,26
10141.038266468,child2,1014040,frame,-103
10141.041002467,child4,1014040,frame,-102
10141.067974086,child5,1014040,frame,16
10141.074221334,child9,1014040,frame,-70
10141.089436789,child6,1014040,frame,-120
10141.095670704,child10,1014040,frame,-106
10141.098249036999,child3,1014040,frame,30
10141.107215784,child7,1014040,frame,27
10151.128643839,child1,1015050,frame,32
10151.133830253999,child8,1015050,frame,8
10151.139994836001,child4,1015050,frame,4
10151.144298793999,child2,1015050,frame,5
10151.172048620001,child5,1015050,frame,-126
10151.177083994,child9,1015050,frame,47
10151.192861948,child6,1015050,frame,47
10151.202970279,child3,1015050,frame,-110
10151.203270321,child10,1015050,frame,48
10151.213518568,child7,1015050,frame,-101
10161.219619668,child7,1016060,frame,-102
10161.233675956,child1,1016060,frame,-92
10161.23984733,child8,1016060,frame,-82
10161.245161703,child4,1016060,frame,-107
10161.248635368998,child2,1016060,frame,-103
10161.277332112,child5,1016060,frame,33
10161.281874944,child9,1016060,frame,-91
10161.294662900002,child6,1016060,frame,-85
10161.308043855,child10,1016060,frame,13
10161.309609729,child3,1016060,frame,30
10171.322095993999,child7,1017070,frame,183
10171.339310323,child1,1017070,frame,170
10171.348228571,child8,1017070,frame,164
10171.350470487001,child4,1017070,frame,34
10171.353748694999,child2,1017070,frame,37
10171.382802188,child5,1017070,frame,13
10171.38698827,child9,1017070,frame,141
10171.400000849999,child6,1017070,frame,1
10171.409224347999,child10,1017070,frame,12
10171.414244388,child3,1017070,frame,30
10181.423825613,child3,1018080,frame,14
10181.425695612,child7,1018080,frame,6
10181.445427274,child1,1018080,frame,-65
10181.454294897,child8,1018080,frame,10
10181.456986813,child4,1018080,frame,144
10181.460803895001,child2,1018080,frame,22
10181.488939138,child5,1018080,frame,14
10181.496803844,child9,1018080,frame,38
10181.505723217,child6,1018080,frame,54
10181.512546132,child10,1018080,frame,11
10191.519239316,child10,1019090,frame,10
10191.533548812,child7,1019090,frame,41
10191.537314644,child3,1019090,frame,32
10191.546894267,child1,1019090,frame,21
10191.560172222,child8,1019090,frame,-98
10191.562466055,child4,1019090,frame,-104
10191.567525845001,child2,1019090,frame,19
10191.595788797,child5,1019090,frame,11
10191.60742646,child9,1019090,frame,-73
10191.612374001,child6,1019090,frame,7
10201.625702349,child10,1020100,frame,-115
10201.641786428001,child7,1020100,frame,-102
10201.644347344,child3,1020100,frame,15
10201.651986801,child1,1020100,frame,-119
10201.663337298,child8,1020100,frame,10
10201.669136172,child4,1020100,frame,21
10201.675847378001,child2,1020100,frame,-104
10201.698406539,child5,1020100,frame,-127
10201.71427991,child9,1020100,frame,32
10201.71581191,child6,1020100,frame,-80
10210.717838801,child9,1021009,frame,-88
10210.719449467,child6,1021009,frame,48
10210.729965923,child10,1021009,frame,0
10210.745166502998,child7,1021009,frame,8
10210.748370169,child3,1021009,frame,1
10210.757777249999,child1,1021009,frame,43
10210.772610496,child8,1021009,frame,-94
10210.77553837,child4,1021009,frame,-79
10210.78251666,child2,1021009,frame,23
10210.806234487001,child5,1021009,frame,16
10220.810656296,child5,1022019,frame,-76
10220.822589043,child9,1022019,frame,126
10220.824427918,child6,1022019,frame,9
10220.835638831999,child10,1022019,frame,30
10220.848997912,child7,1022019,frame,40
10220.856254993,child3,1022019,frame,-105
10220.861207284,child1,1022019,frame,37
10220.873315864,child8,1022019,frame,44
10220.879573238,child4,1022019,frame,168
10220.886920527,child2,1022019,frame,36
10230.915503455,child5,1023029,frame,-80
10230.931726951,child6,1023029,frame,-112
10230.932704534,child9,1023029,frame,-212
10230.940048949,child10,1023029,frame,-113
10230.955086571,child7,1023029,frame,22
10230.959482028,child3,1023029,frame,17
10230.965025567999,child1,1023029,frame,-105
10230.982544647,child8,1023029,frame,-100
10230.985605688,child4,1023029,frame,-112
10230.991565437,child2,1023029,frame,40
10241.020500448,child5,1024039,frame,46
10241.036895777,child6,1024039,frame,141
10241.039949234999,child9,1024039,frame,179
10241.047803816,child10,1024039,frame,161
10241.060313603999,child7,1024039,frame,-99
10241.064386187,child1,1024039,frame,37
10241.065153436999,child3,1024039,frame,23
10241.086268681001,child8,1024039,frame,57
10241.090211472001,child4,1024039,frame,28
10241.101470594,child2,1024039,frame,38
10251.108878486,child2,1025049,frame,-103
10251.126639731,child5,1025049,frame,172
10251.139964144999,child6,1025049,frame,56
10251.146613809999,child9,1025049,frame,-87
10251.15210535,child10,1025049,frame,-106
10251.166902637999,child7,1025049,frame,131
10251.169541012001,child1,1025049,frame,23
10251.171583636999,child3,1025049,frame,22
10251.190651089999,child8,1025049,frame,25
10251.196505089,child4,1025049,frame,14
10261.215020894,child2,1026059,frame,21
10261.231992349001,child5,1026059,frame,-94
10261.239332180001,child6,1026059,frame,-204
10261.249847219,child9,1026059,frame,0
10261.257114384,child10,1026059,frame,36
10261.270063131002,child7,1026059,frame,-98
10261.27271388,child1,1026059,frame,-87
10261.279718462,child3,1026059,frame,-102
10261.294191791,child8,1026059,frame,40
10261.301910748,child4,1026059,frame,13
10271.308829765,child4,1027069,frame,28
10271.31972322,child2,1027069,frame,164
10271.331915259,child5,1027069,frame,48
10271.33847759,child6,1027069,frame,142
10271.354494211999,child9,1027069,frame,9
10271.365425709,child10,1027069,frame,34
10271.375783748,child1,1027069,frame,46
10271.380453497,child7,1027069,frame,40
10271.384765954,child3,1027069,frame,37
10271.394853284999,child8,1027069,frame,59
10281.413639632,child4,1028079,frame,14
10281.423015504999,child2,1028079,frame,-103
10281.437768251,child5,1028079,frame,2
10281.445421791,child6,1028079,frame,0
10281.458539079,child9,1028079,frame,45
10281.468253868,child10,1028079,frame,19
10281.478886699,child1,1028079,frame,47
10281.485310197,child7,1028079,frame,22
10281.490744071,child3,1028079,frame,39
10281.500493984999,child8,1028079,frame,-101
10291.519003541,child4,1029089,frame,-95
10291.531101204,child2,1029089,frame,-103
10291.545703742,child5,1029089,frame,-88
10291.554717199,child6,1029089,frame,-69
10291.562137197001,child9,1029089,frame,1
10291.575652443,child10,1029089,frame,-105
10291.582600733002,child1,1029089,frame,-77
10291.590123398,child7,1029089,frame,-98
10291.595412563,child3,1029089,frame,-88
10291.604344061001,child8,1029089,frame,41
10301.627196907,child4,1030099,frame,15
10301.638480363,child2,1030099,frame,36
10301.648737194,child5,1030099,frame,50
10301.659685399,child6,1030099,frame,23
10301.66759048,child9,1030099,frame,-74
10301.683330560001,child10,1030099,frame,35
10301.686035893,child1,1030099,frame,46
10301.694303307,child7,1030099,frame,20
10301.701708347,child3,1030099,frame,50
10301.707315179,child8,1030099,frame,42
10310.706335279001,child3,1031008,frame,2
10310.711791361,child8,1031008,frame,-94
10310.729515732,child4,1031008,frame,-72
10310.744764561,child2,1031008,frame,-121
10310.752401601,child5,1031008,frame,23
10310.765347180999,child6,1031008,frame,-97
10310.769383638,child9,1031008,frame,-74
10310.789260092,child1,1031008,frame,-93
10310.792664966,child10,1031008,frame,25
10310.797053507,child7,1031008,frame,-97
10320.800808357,child10,1032018,frame,18
10320.802806982,child7,1032018,frame,288
10320.812852604,child3,1032018,frame,35
10320.819799936,child8,1032018,frame,25
10320.835639807001,child4,1032018,frame,151
10320.85077672,child2,1032018,frame,179
10320.861162676,child5,1032018,frame,24
10320.869383132,child6,1032018,frame,146
10320.874470922001,child9,1032018,frame,170
10320.894288251,child1,1032018,frame,1
10330.905850266001,child7,1033028,frame,-114
10330.909611515,child10,1033028,frame,36
10330.916507471999,child3,1033028,frame,-89
10330.922327387,child8,1033028,frame,44
10330.941929382,child4,1033028,frame,10
10330.955563671001,child2,1033028,frame,-87
10330.964230293,child5,1033028,frame,-102
10330.974486083001,child6,1033028,frame,1
10330.980285414,child9,1033028,frame,0
10330.993967911,child1,1033028,frame,53
10341.011495175,child7,1034038,frame,40
10341.014399883,child10,1034038,frame,19
10341.021317839,child3,1034038,frame,51
10341.027698421,child8,1034038,frame,26
10341.047507583,child4,1034038,frame,-114
10341.05907608,child2,1034038,frame,20
10341.069069369,child5,1034038,frame,136
10341.076428200999,child6,1034038,frame,8
10341.085273073,child9,1034038,frame,-70
10341.09840857,child1,1034038,frame,52
10351.107586836,child1,1035048,frame,-88
10351.111850501999,child7,1035048,frame,-119
10351.120034415999,child10,1035048,frame,2
10351.129556872002,child3,1035048,frame,18
10351.132586413,child8,1035048,frame,-101
10351.155599491,child4,1035048,frame,26
10351.166760822,child2,1035048,frame,38
10351.177477068999,child5,1035048,frame,-96
10351.182579193,child6,1035048,frame,-77
10351.19322119,child9,1035048,frame,1
10361.210123496,child1,1036058,frame,52
10361.21500137,child7,1036058,frame,42
10361.226919492,child10,1036058,frame,-104
10361.236930947,child8,1036058,frame,-2
10361.237132531,child3,1036058,frame,-88
10361.260319442,child4,1036058,frame,26
10361.273008897,child2,1036058,frame,-71
10361.281006853,child5,1036058,frame,-79
10361.288070685,child6,1036058,frame,8
10361.298298432,child9,1036058,frame,0
10371.303938283,child9,1037068,frame,50
10371.314430613,child1,1037068,frame,-72
10371.319244945002,child7,1037068,frame,23
10371.332689734001,child10,1037068,frame,160
10371.341235897999,child3,1037068,frame,54
10371.342569523,child8,1037068,frame,33
10371.366080058999,child4,1037068,frame,27
10371.374454682,child2,1037068,frame,54
10371.384522721,child5,1037068,frame,180
10371.391195969001,child6,1037068,frame,9
10381.408203942001,child9,1038078,frame,0
10381.416355815001,child1,1038078,frame,54
10381.42314073,child7,1038078,frame,26
10381.439702892,child10,1038078,frame,3
10381.444668599,child3,1038078,frame,-88
10381.445888474,child8,1038078,frame,50
10381.469297093001,child4,1038078,frame,13
10381.478019424001,child2,1038078,frame,20
10381.490916879,child6,1038078,frame,0
10381.493341712,child5,1038078,frame,-102
10391.510093185,child9,1039088,frame,-70
10391.520610057,child1,1039088,frame,-71
10391.53494822,child7,1039088,frame,-101
10391.544411010002,child10,1039088,frame,4
10391.549872008,child8,1039088,frame,-92
10391.550000965999,child3,1039088,frame,54
10391.572348044001,child4,1039088,frame,13
10391.582711417,child2,1039088,frame,40
10391.593989164001,child6,1039088,frame,21
10391.599087996,child5,1039088,frame,-68
10401.602637847001,child5,1040098,frame,50
10401.616436427,child9,1040098,frame,52
10401.625724799,child1,1040098,frame,53
10401.639698212999,child7,1040098,frame,130
10401.646609336,child10,1040098,frame,-123
10401.655029124999,child3,1040098,frame,49
10401.655371500001,child8,1040098,frame,33
10401.678877911,child4,1040098,frame,-124
10401.690110657999,child2,1040098,frame,21
10401.701111572,child6,1040098,frame,-74
10410.693742174,child2,1041007,frame,-101
10410.70402338,child6,1041007,frame,56
10410.708917379,child5,1041007,frame,35
10410.721334209,child9,1041007,frame,24
10410.730857873,child1,1041007,frame,53
10410.743484412,child7,1041007,frame,25
10410.749812077001,child10,1041007,frame,135
10410.759922116,child8,1041007,frame,55
10410.763149823,child3,1041007,frame,16
10410.781946235,child4,1041007,frame,180
10420.797908792,child2,1042017,frame,20
10420.812266205,child6,1042017,frame,-117
10420.81760037,child5,1042017,frame,-87
10420.827550742,child9,1042017,frame,-125
10420.83090195,child1,1042017,frame,-79
10420.848806112,child7,1042017,frame,-118
10420.854312861,child10,1042017,frame,-77
10420.866177733,child8,1042017,frame,-91
10420.868871149,child3,1042017,frame,-86
10420.887249394,child4,1042017,frame,-112
10430.907755283,child2,1043027,frame,38
10430.916152071999,child6,1043027,frame,150
10430.92477907,child5,1043027,frame,125
10430.932814026,child9,1043027,frame,134
10430.935447109001,child1,1043027,frame,0
10430.951494187999,child7,1043027,frame,42
10430.959664811,child10,1043027,frame,14
10430.969170184,child8,1043027,frame,47
10430.973250516,child3,1043027,frame,53
10430.99207972,child4,1043027,frame,-112
10440.996847528999,child4,1044037,frame,154
10441.013191150001,child2,1044037,frame,38
10441.018419607,child6,1044037,frame,-125
10441.032632061999,child5,1044037,frame,-86
10441.038044644,child9,1044037,frame,-71
10441.038984977,child1,1044037,frame,55
10441.054867598,child7,1044037,frame,6
10441.064778512,child10,1044037,frame,-114
10441.076708925999,child8,1044037,frame,51
10441.07792505,child3,1044037,frame,52
10451.102020687998,child4,1045047,frame,-112
10451.118640975,child2,1045047,frame,-103
10451.119844558001,child6,1045047,frame,17
10451.139429553,child5,1045047,frame,165
10451.142665760999,child9,1045047,frame,-79
10451.145550801999,child1,1045047,frame,9
10451.162395423,child7,1045047,frame,26
10451.170424295999,child10,1045047,frame,-113
10451.180532127,child8,1045047,frame,24
10451.181234085,child3,1045047,frame,35
10461.205555014,child4,1046057,frame,46
10461.222788051,child2,1046057,frame,20
10461.22660505,child6,1046057,frame,141
10461.246322379,child9,1046057,frame,140
10461.246537629,child5,1046057,frame,-68
10461.250762628,child1,1046057,frame,44
10461.266601499,child7,1046057,frame,24
10461.27572183,child10,1046057,frame,167
10461.28246062,child8,1046057,frame,-99
10461.289225743,child3,1046057,frame,36
10471.295818843,child3,1047067,frame,-106
10471.311871339001,child4,1047067,frame,-99
10471.326528252,child2,1047067,frame,-87
10471.332079584,child6,1047067,frame,-124
10471.350634371,child5,1047067,frame,-88
10471.351305496,child9,1047067,frame,-125
10471.354500245,child1,1047067,frame,-80
10471.374930323,child7,1047067,frame,-119
10471.379489572,child10,1047067,frame,-97
10471.385161737,child8,1047067,frame,-66
10481.400915002,child3,1048077,frame,143
10481.416050707,child4,1048077,frame,43
10481.432873951999,child2,1048077,frame,179
10481.435438243,child6,1048077,frame,161
10481.455522822,child5,1048077,frame,39
10481.456950696002,child9,1048077,frame,134
10481.459909112002,child1,1048077,frame,44
10481.477421941,child7,1048077,frame,152
10481.484716522998,child10,1048077,frame,168
10481.489263063,child8,1048077,frame,167
10491.50334512,child3,1049087,frame,-103
10491.520396282,child4,1049087,frame,26
10491.538405445,child6,1049087,frame,-71
10491.542452652,child2,1049087,frame,38
10491.560179772001,child5,1049087,frame,40
10491.564988355,child9,1049087,frame,0
10491.566700146,child1,1049087,frame,-80
10491.580552809,child7,1049087,frame,6
10491.590580765,child10,1049087,frame,-69
10491.591560847999,child8,1049087,frame,42
10501.596940948,child8,1050097,frame,25
10501.605917613,child3,1050097,frame,34
10501.623889482998,child4,1050097,frame,45
10501.639663646,child6,1050097,frame,7
10501.646561561,child2,1050097,frame,3
10501.662711682,child5,1050097,frame,-88
10501.668036264,child9,1050097,frame,-78
10501.671754721001,child1,1050097,frame,-2
10501.686101885,child7,1050097,frame,25
10501.693362674,child10,1050097,frame,37
10510.68837365,child7,1051006,frame,42
10510.699723398,child10,1051006,frame,17
10510.699779481,child8,1051006,frame,17
10510.708900937001,child3,1051006,frame,50
10510.727639682,child4,1051006,frame,53
10510.741309262,child6,1051006,frame,35
10510.751040427,child2,1051006,frame,10
10510.765744923,child5,1051006,frame,148
10510.771242463,child1,1051006,frame,181
10510.775739837,child9,1051006,frame,37
10520.794575726,child7,1052016,frame,3
10520.800717308,child8,1052016,frame,-99
10520.807114889,child10,1052016,frame,27
10520.813853345999,child3,1052016,frame,140
10520.831495675,child4,1052016,frame,-115
10520.850148295,child6,1052016,frame,1
10520.858242876999,child2,1052016,frame,-104
10520.870499374001,child5,1052016,frame,-76
10520.871515165,child1,1052016,frame,-96
10520.884350204,child9,1052016,frame,8
10530.887267346001,child9,1053026,frame,1
10530.900297551001,child7,1053026,frame,1
10530.908233258,child8,1053026,frame,25
10530.913582881,child10,1053026,frame,12
10530.915706339,child3,1053026,frame,-127
10530.936956917,child4,1053026,frame,43
10530.957855912,child6,1053026,frame,46
10530.960961911,child2,1053026,frame,146
10530.973208742,child5,1053026,frame,29
10530.974560616,child1,1053026,frame,-81
10540.993327338001,child9,1054036,frame,-92
10541.004618669,child7,1054036,frame,-204
10541.013776125,child8,1054036,frame,-101
10541.018339499,child10,1054036,frame,-193
10541.019969873,child3,1054036,frame,15
10541.041947951,child4,1054036,frame,26
10541.064583362,child2,1054036,frame,-242
10541.071702819001,child6,1054036,frame,-84
10541.077635776,child5,1054036,frame,-80
10541.083976524,child1,1054036,frame,55
10551.090455332,child1,1055046,frame,54
10551.098570539,child9,1055046,frame,17
10551.107622745,child7,1055046,frame,152
10551.119748992,child8,1055046,frame,43
10551.120973242,child10,1055046,frame,160
10551.124469823999,child3,1055046,frame,14
10551.150438693,child4,1055046,frame,28
10551.16649798,child2,1055046,frame,163
10551.174600602999,child6,1055046,frame,0
10551.183413101,child5,1055046,frame,48
10561.188969451001,child5,1056056,frame,156
10561.193825575,child1,1056056,frame,39
10561.203149906,child9,1056056,frame,125
10561.21271332,child7,1056056,frame,38
10561.22774615,child10,1056056,frame,48
10561.227779775,child3,1056056,frame,124
10561.228110817001,child8,1056056,frame,134
10561.252518894,child4,1056056,frame,14
10561.273593347,child2,1056056,frame,6
10561.276051179999,child6,1056056,frame,46
10571.293157944,child5,1057066,frame,-92
10571.296918485,child1,1057066,frame,38
10571.308973857,child9,1057066,frame,0
10571.31643573,child7,1057066,frame,2
10571.331465267998,child10,1057066,frame,14
10571.332247267,child3,1057066,frame,-66
10571.334306309,child8,1057066,frame,-116
10571.356826595002,child4,1057066,frame,13
10571.377817506,child2,1057066,frame,4
10571.380819213999,child6,1057066,frame,14
10581.398970809,child5,1058076,frame,-96
10581.399606267,child1,1058076,frame,-84
10581.411874763999,child9,1058076,frame,-79
10581.42180747,child7,1058076,frame,-203
10581.43544655,child10,1058076,frame,-122
10581.437763882,child8,1058076,frame,44
10581.438072174,child3,1058076,frame,-74
10581.463867292,child4,1058076,frame,-112
10581.481823996,child2,1058076,frame,24
10581.483595996,child6,1058076,frame,-78
10591.489147377999,child6,1059086,frame,55
10591.489720878,child2,1059086,frame,-103
10591.501675708,child5,1059086,frame,-95
10591.503306125,child1,1059086,frame,-97
10591.517152538,child9,1059086,frame,-125
10591.527107369,child7,1059086,frame,26
10591.539652282,child8,1059086,frame,-100
10591.542789489999,child3,1059086,frame,-66
10591.543170530998,child10,1059086,frame,19
10591.571358023999,child4,1059086,frame,29
10601.591712361,child6,1060096,frame,-72
10601.595447026999,child2,1060096,frame,161
10601.605713316,child5,1060096,frame,58
10601.605869275,child1,1060096,frame,-2
10601.620517521,child9,1060096,frame,21
10601.63208306,child7,1060096,frame,30
10601.645494139999,child8,1060096,frame,58
10601.64617839,child3,1060096,frame,7
10601.650106680001,child10,1060096,frame,18
10601.677680882,child4,1060096,frame,31
10610.680401847,child4,1061005,frame,41
10610.694958302001,child6,1061005,frame,166
10610.699934759,child2,1061005,frame,40
10610.704675758001,child1,1061005,frame,58
10610.708266215,child5,1061005,frame,30
10610.723124962,child9,1061005,frame,57
10610.736569792001,child7,1061005,frame,126
10610.745700123001,child3,1061005,frame,39
10610.754269703999,child8,1061005,frame,-94
10610.755178204,child10,1061005,frame,11
10620.786540913,child4,1062015,frame,31
10620.795351577,child6,1062015,frame,-77
10620.806623908,child2,1062015,frame,-112
10620.807504908,child1,1062015,frame,36
10620.815238572,child5,1062015,frame,47
10620.829185069,child9,1062015,frame,-2
10620.844760982,child7,1062015,frame,-108
10620.853466646,child3,1062015,frame,6
10620.858000437001,child8,1062015,frame,41
10620.858806478,child10,1062015,frame,19
10630.894159727999,child4,1063025,frame,135
10630.894832603,child6,1063025,frame,46
10630.912913098,child2,1063025,frame,123
10630.919175680001,child5,1063025,frame,49
10630.919493097,child1,1063025,frame,162
10630.935216050999,child9,1063025,frame,134
10630.950913589,child7,1063025,frame,178
10630.955984338001,child3,1063025,frame,132
10630.962714293999,child10,1063025,frame,41
10630.966077252,child8,1063025,frame,167
10640.999475169,child4,1064035,frame,58
10641.00091321,child6,1064035,frame,41
10641.016352123,child2,1064035,frame,-2
10641.021135413,child5,1064035,frame,29
10641.028624912,child1,1064035,frame,20
10641.037814368,child9,1064035,frame,-70
10641.057978863,child7,1064035,frame,-122
10641.058339238,child3,1064035,frame,53
10641.066328485998,child10,1064035,frame,129
10641.068822860001,child8,1064035,frame,10
10651.104663318001,child4,1065045,frame,50
10651.109609067,child6,1065045,frame,38
10651.11886144,child2,1065045,frame,44
10651.124752146,child5,1065045,frame,46
10651.132216228001,child1,1065045,frame,21
10651.145979433,child9,1065045,frame,140
10651.159128763,child7,1065045,frame,131
10651.164103886998,child3,1065045,frame,-2
10651.174189176001,child8,1065045,frame,149
10651.174388800999,child10,1065045,frame,58
10661.176828809,child8,1066055,frame,11
10661.180539016,child10,1066055,frame,51
10661.210322884,child4,1066055,frame,41
10661.216616674,child6,1066055,frame,52
10661.224798422,child2,1066055,frame,176
10661.230591712,child5,1066055,frame,31
10661.236842752,child1,1066055,frame,145
10661.25306304,child9,1066055,frame,170
10661.265858744999,child7,1066055,frame,136
10661.268793453,child3,1066055,frame,53
10671.281143208002,child8,1067065,frame,-70
10671.289683206,child10,1067065,frame,27
10671.316910533,child4,1067065,frame,19
10671.319097449,child6,1067065,frame,16
10671.332616404,child2,1067065,frame,-95
10671.337214611,child5,1067065,frame,15
10671.343589901,child1,1067065,frame,-71
10671.361719021,child9,1067065,frame,-94
10671.371473977,child7,1067065,frame,32
10671.373238102,child3,1067065,frame,37
10681.378888776,child3,1068075,frame,21
10681.383621566,child8,1068075,frame,173
10681.397370021,child10,1068075,frame,18
10681.422140890001,child6,1068075,frame,16
10681.422617598,child4,1068075,frame,9
10681.439050594001,child2,1068075,frame,21
10681.446641176,child5,1068075,frame,0
10681.448655217,child1,1068075,frame,46
10681.463931546,child9,1068075,frame,148
10681.474701585,child7,1068075,frame,5
10691.481809342,child3,1069085,frame,13
10691.489007966,child8,1069085,frame,-82
10691.502175421,child10,1069085,frame,11
10691.525429082001,child6,1069085,frame,0
10691.525575456,child4,1069085,frame,2
10691.546198035,child2,1069085,frame,13
10691.548763826,child1,1069085,frame,30
10691.549214576,child5,1069085,frame,17
10691.56976457,child9,1069085,frame,-1
10691.576263361,child7,1069085,frame,18
10701.583409242001,child7,1070095,frame,4
10701.588384033,child3,1070095,frame,8
10701.595090365001,child8,1070095,frame,17
10701.603219654,child10,1070095,frame,-77
10701.628752023,child4,1070095,frame,-2
10701.631455522001,child6,1070095,frame,139
10701.649754726,child2,1070095,frame,28
10701.651002059,child1,1070095,frame,-101
10701.653323891998,child5,1070095,frame,-66
10701.67521972,child9,1070095,frame,-66
10710.683546642,child9,1071004,frame,24
10710.689255516,child7,1071004,frame,0
10710.69168264,child3,1071004,frame,-102
10710.696759055,child8,1071004,frame,22
10710.708940677001,child10,1071004,frame,5
10710.731892797001,child4,1071004,frame,27
10710.735442046,child6,1071004,frame,-92
10710.751700874998,child1,1071004,frame,44
10710.752735833,child2,1071004,frame,2
10710.75847754,child5,1071004,frame,55
10720.788715083,child9,1072014,frame,-2
10720.794694165,child7,1072014,frame,-65
10720.796221539,child3,1072014,frame,21
10720.801305663,child8,1072014,frame,36
10720.81437091,child10,1072014,frame,2
10720.83411903,child4,1072014,frame,58
10720.840070237,child6,1072014,frame,55
10720.858472441001,child1,1072014,frame,38
10720.859356024,child2,1072014,frame,58
10720.863593856,child5,1072014,frame,-1
10730.869641238,child5,1073024,frame,-125
10730.896738148,child9,1073024,frame,46
10730.899672313999,child7,1073024,frame,1
10730.901178439,child3,1073024,frame,21
10730.909177937,child8,1073024,frame,-117
10730.920252976,child10,1073024,frame,-114
10730.939543221,child6,1073024,frame,46
10730.939998096,child4,1073024,frame,-74
10730.964279298,child2,1073024,frame,-126
10730.965179923,child1,1073024,frame,-95
10740.969410554999,child2,1074034,frame,14
10740.974467804,child5,1074034,frame,15
10741.000719048001,child9,1074034,frame,-78
10741.005197171,child3,1074034,frame,-112
10741.006605296001,child7,1074034,frame,8
10741.015486835999,child8,1074034,frame,49
10741.025896291001,child10,1074034,frame,27
10741.038583705,child6,1074034,frame,-69
10741.045362995,child4,1074034,frame,-65
10741.066664323,child1,1074034,frame,-70
10751.07122408,child2,1075044,frame,29
10751.071775789,child1,1075044,frame,123
10751.079474287,child5,1075044,frame,33
10751.106457113,child9,1075044,frame,50
10751.109367488001,child7,1075044,frame,-65
10751.110236112001,child3,1075044,frame,154
10751.119642027,child8,1075044,frame,23
10751.132419648999,child10,1075044,frame,152
10751.139795772,child6,1075044,frame,47
10751.152969685,child4,1075044,frame,3
10761.177578271,child1,1076054,frame,-339
10761.179821187001,child2,1076054,frame,-111
10761.186328477,child5,1076054,frame,-112
10761.210411138,child9,1076054,frame,-80
10761.215463178,child7,1076054,frame,25
10761.217948928,child3,1076054,frame,-112
10761.22703655,child8,1076054,frame,-116
10761.237474423,child10,1076054,frame,-240
10761.246091379,child6,1076054,frame,-212
10761.257782501001,child4,1076054,frame,-121
10771.280571254,child1,1077064,frame,270
10771.285832877998,child2,1077064,frame,11
10771.290991042999,child5,1077064,frame,155
10771.315963412,child9,1077064,frame,7
10771.316446537,child7,1077064,frame,7
10771.323193285,child3,1077064,frame,29
10771.327562450999,child8,1077064,frame,56
10771.345110780001,child10,1077064,frame,150
10771.353523444,child6,1077064,frame,125
10771.363913233,child4,1077064,frame,37
10781.371527615,child4,1078074,frame,268
10781.383577028999,child1,1078074,frame,123
10781.390840693999,child2,1078074,frame,155
10781.399966399998,child5,1078074,frame,15
10781.421298561,child9,1078074,frame,131
10781.424355102,child7,1078074,frame,150
10781.425826143,child3,1078074,frame,29
10781.431894558,child8,1078074,frame,150
10781.448726721,child10,1078074,frame,154
10781.460538342999,child6,1078074,frame,171
10791.476087223,child4,1079084,frame,-201
10791.486384929,child1,1079084,frame,-89
10791.493688343,child2,1079084,frame,-112
10791.508316298,child5,1079084,frame,7
10791.525105461,child9,1079084,frame,-96
10791.530137959,child7,1079084,frame,-118
10791.53242625,child3,1079084,frame,-96
10791.537372583,child8,1079084,frame,-117
10791.554869912,child10,1079084,frame,-247
10791.567317033001,child6,1079084,frame,-211
10801.570833291,child6,1080094,frame,52
10801.581855289,child4,1080094,frame,13
10801.58804237,child1,1080094,frame,-72
10801.598672118002,child2,1080094,frame,29
10801.610414364999,child5,1080094,frame,32
10801.629685193,child9,1080094,frame,-2
10801.631977817999,child7,1080094,frame,5
10801.637339858,child3,1080094,frame,32
10801.642993565001,child8,1080094,frame,43
10801.660178061,child10,1080094,frame,159
10810.663717608999,child10,1081003,frame,-108
10810.671954149,child6,1081003,frame,-84
10810.688200353,child4,1081003,frame,-72
10810.689390227999,child1,1081003,frame,14
10810.702104641,child2,1081003,frame,10
10810.713604972,child5,1081003,frame,0
10810.735088467,child9,1081003,frame,-82
10810.736790882998,child7,1081003,frame,-114
10810.740804965,child3,1081003,frame,-118
10810.744295173,child8,1081003,frame,-87
10820.771012466,child10,1082013,frame,-106
10820.775827006999,child6,1082013,frame,134
10820.796191752,child1,1082013,frame,-2
10820.797065168,child4,1082013,frame,25
10820.809136749,child2,1082013,frame,-103
10820.819497579001,child5,1082013,frame,60
10820.841325574,child9,1082013,frame,14
10820.843157865002,child7,1082013,frame,14
10820.846428948,child8,1082013,frame,23
10820.847238446999,child3,1082013,frame,51
10830.872751241,child10,1083023,frame,35
10830.882571906,child6,1083023,frame,3
10830.899602484998,child4,1083023,frame,19
10830.901307733999,child1,1083023,frame,54
10830.912162648,child2,1083023,frame,161
10830.925155145002,child5,1083023,frame,52
10830.94601789,child9,1083023,frame,52
10830.949606388998,child7,1083023,frame,159
10830.952622972,child8,1083023,frame,44
10830.957040845,child3,1083023,frame,142
10840.977073682001,child10,1084033,frame,32
10840.986581638,child6,1084033,frame,-71
10841.000979302,child4,1084033,frame,-108
10841.00174151,child1,1084033,frame,-126
10841.01375384,child2,1084033,frame,-121
10841.033461585,child5,1084033,frame,-79
10841.048720206,child9,1084033,frame,7
10841.052943372,child7,1084033,frame,-198
10841.057737204,child8,1084033,frame,-101
10841.059575787,child3,1084033,frame,-88
10851.06282492,child8,1085043,frame,40
10851.065216586,child3,1085043,frame,37
10851.081086164999,child10,1085043,frame,21
10851.089060997,child6,1085043,frame,39
10851.105304493001,child1,1085043,frame,38
10851.107142617,child4,1085043,frame,143
10851.116490365,child2,1085043,frame,23
10851.142365483001,child5,1085043,frame,37
10851.149560523,child9,1085043,frame,123
10851.15793523,child7,1085043,frame,158
10861.162239612,child7,1086053,frame,16
10861.167097486,child3,1086053,frame,37
10861.167573861,child8,1086053,frame,24
10861.187009314,child10,1086053,frame,33
10861.188146481,child6,1086053,frame,46
10861.209879642,child4,1086053,frame,4
10861.210326725,child1,1086053,frame,125
10861.222378931001,child2,1086053,frame,22
10861.249584049,child5,1086053,frame,2
10861.254810506,child9,1086053,frame,-78
10871.262682220999,child9,1087063,frame,7
10871.26629922,child7,1087063,frame,13
10871.270265261,child3,1087063,frame,-88
10871.274955592999,child8,1087063,frame,39
10871.287866673,child10,1087063,frame,50
10871.289209256001,child6,1087063,frame,1
10871.310976376,child4,1087063,frame,36
10871.31504875,child1,1087063,frame,-109
10871.323241746999,child2,1087063,frame,36
10871.355076697999,child5,1087063,frame,45
10881.366875245,child9,1088073,frame,42
10881.373274577,child7,1088073,frame,-107
10881.373433035,child3,1088073,frame,37
10881.374858326999,child8,1088073,frame,41
10881.392799947,child10,1088073,frame,-106
10881.393331405001,child6,1088073,frame,-87
10881.412396692,child4,1088073,frame,-114
10881.416869191,child1,1088073,frame,6
10881.423083065,child2,1088073,frame,4
10881.458054473,child5,1088073,frame,35
10891.462916980001,child5,1089083,frame,31
10891.470535395,child9,1089083,frame,53
10891.477708351,child8,1089083,frame,23
10891.479515893,child7,1089083,frame,13
10891.480099893,child3,1089083,frame,37
10891.496820847002,child10,1089083,frame,50
10891.497350972,child6,1089083,frame,-70
10891.517562467,child4,1089083,frame,29
10891.519283508002,child1,1089083,frame,60
10891.529389464,child2,1089083,frame,-102
10901.568807588,child5,1090093,frame,-103
10901.572313294999,child9,1090093,frame,-89
10901.582880501,child3,1090093,frame,-107
10901.585051375,child8,1090093,frame,-115
10901.586169332999,child7,1090093,frame,18
10901.603261246,child10,1090093,frame,33
10901.605436828,child6,1090093,frame,132
10901.61768695,child1,1090093,frame,53
10901.623118991001,child4,1090093,frame,15
10901.637156695,child2,1090093,frame,37
10910.673571194,child5,1091002,frame,-95
10910.676817735,child9,1091002,frame,-96
10910.686083233,child3,1091002,frame,8
10910.688290024,child7,1091002,frame,-69
10910.690809148,child8,1091002,frame,53
10910.708967227001,child10,1091002,frame,-126
10910.710165477,child6,1091002,frame,-105
10910.724023723,child1,1091002,frame,-68
10910.729632014001,child4,1091002,frame,48
10910.739057886001,child2,1091002,frame,16
10920.77962826,child9,1092012,frame,167
10920.782283718,child5,1092012,frame,133
10920.787761675001,child3,1092012,frame,176
10920.793088882,child7,1092012,frame,41
10920.796196672,child8,1092012,frame,24
10920.811664794,child10,1092012,frame,162
10920.814274293,child6,1092012,frame,145
10920.827760914999,child1,1092012,frame,-65
10920.832389247,child4,1092012,frame,11
10920.845506868,child2,1092012,frame,19
10930.885369991998,child9,1093022,frame,-87
10930.890798449,child5,1093022,frame,-97
10930.891771449,child3,1093022,frame,-106
10930.893857072999,child7,1093022,frame,16
10930.897018948,child8,1093022,frame,8
10930.918850525999,child10,1093022,frame,-106
10930.919430400001,child6,1093022,frame,-86
10930.931057398,child1,1093022,frame,51
10930.935498063,child4,1093022,frame,-110
10930.946867185,child2,1093022,frame,21
10940.988011725,child9,1094032,frame,-1
10940.991616433,child5,1094032,frame,44
10940.994837182001,child3,1094032,frame,-90
10940.998146556,child7,1094032,frame,13
10941.002077597,child8,1094032,frame,28
10941.020748342,child6,1094032,frame,54
10941.021356009001,child10,1094032,frame,34
10941.035830047,child1,1094032,frame,52
10941.039553629,child4,1094032,frame,25
10941.050955085,child2,1094032,frame,22
10951.056460134,child2,1095042,frame,21
10951.090734959002,child9,1095042,frame,-72
10951.091747542,child5,1095042,frame,37
10951.100029415,child3,1095042,frame,51
10951.102515539,child7,1095042,frame,34
10951.10594883,child8,1095042,frame,-117
10951.123970908999,child6,1095042,frame,-70
10951.124828575,child10,1095042,frame,35
10951.14050403,child1,1095042,frame,-65
10951.142024946,child4,1095042,frame,27
10961.161104158,child2,1096052,frame,4
10961.195770858,child9,1096052,frame,44
10961.198138606998,child5,1096052,frame,40
10961.204233147,child3,1096052,frame,17
10961.209378688,child8,1096052,frame,41
10961.210434729,child7,1096052,frame,13
10961.229159266,child10,1096052,frame,35
10961.230496516,child6,1096052,frame,-1
10961.242675971,child1,1096052,frame,-71
10961.247276387001,child4,1096052,frame,25
10971.266589391,child2,1097062,frame,-104
10971.302263715,child9,1097062,frame,124
10971.30310059,child5,1097062,frame,37
10971.305708798001,child3,1097062,frame,37
10971.312864504,child8,1097062,frame,23
10971.315973628,child7,1097062,frame,18
10971.334027832,child6,1097062,frame,55
10971.335210623,child10,1097062,frame,19
10971.345817829,child1,1097062,frame,124
10971.353170036,child4,1097062,frame,10
10981.358659001,child4,1098072,frame,10
10981.369542832,child2,1098072,frame,22
10981.407996281,child5,1098072,frame,57
10981.409363239,child9,1098072,frame,-72
10981.411235947,child3,1098072,frame,37
10981.418364277999,child7,1098072,frame,-110
10981.420354236,child8,1098072,frame,-101
10981.435747941001,child6,1098072,frame,38
10981.436343232,child10,1098072,frame,1
10981.445299396,child1,1098072,frame,-71
10991.462727525999,child4,1099082,frame,10
10991.476750231,child2,1099082,frame,21
10991.515983304,child5,1099082,frame,20
10991.516684887,child9,1099082,frame,-71
10991.518744929,child3,1099082,frame,21
10991.523579927,child7,1099082,frame,140
10991.524899885,child8,1099082,frame,41
10991.538144007,child6,1099082,frame,4
10991.539844965,child10,1099082,frame,21
10991.54781588,child1,1099082,frame,133
11001.574517548,child4,1100092,frame,-112
11001.578521589,child2,1100092,frame,3
11001.621127119999,child5,1100092,frame,-120
11001.621235203,child9,1100092,frame,-74
11001.625821119,child3,1100092,frame,-107
11001.629668576,child7,1100092,frame,7
11001.631291201,child8,1100092,frame,25
11001.641897198,child6,1100092,frame,-89
11001.643397823,child10,1100092,frame,-123
11001.651611196,child1,1100092,frame,-124
11010.646681622,child10,1101001,frame,-93
11010.64779858,child6,1101001,frame,47
11010.654944910999,child1,1101001,frame,46
11010.678389947001,child4,1101001,frame,-65
11010.683517154,child2,1101001,frame,-109
11010.725426727,child5,1101001,frame,22
11010.728237768,child9,1101001,frame,44
11010.730832017001,child3,1101001,frame,23
11010.734743433,child7,1101001,frame,-77
11010.735461266,child8,1101001,frame,38
11020.752067145999,child10,1102011,frame,34
11020.752988521,child6,1102011,frame,-79
11020.761940352,child1,1102011,frame,-115
11020.781672472,child4,1102011,frame,-97
11020.784948263,child2,1102011,frame,-89
11020.831965418,child9,1102011,frame,7
11020.832860042,child5,1102011,frame,-110
11020.837846624,child3,1102011,frame,37
11020.840104791001,child8,1102011,frame,-84
11020.84095129,child7,1102011,frame,-107
11030.845944339,child8,1103021,frame,-86
11030.847321047,child7,1103021,frame,14
11030.852498588,child6,1103021,frame,0
11030.858991253,child10,1103021,frame,35
11030.865444460002,child1,1103021,frame,12
11030.888796494999,child4,1103021,frame,169
11030.890473495,child2,1103021,frame,35
11030.939679232999,child9,1103021,frame,-118
11030.940802482,child5,1103021,frame,30
11030.945371231,child3,1103021,frame,-104
11040.945662614999,child5,1104031,frame,-76
11040.948386655999,child3,1104031,frame,37
11040.952232197,child8,1104031,frame,39
11040.957376612,child7,1104031,frame,34
11040.958003861999,child6,1104031,frame,54
11040.967868276,child10,1104031,frame,35
11040.970469776,child1,1104031,frame,6
11040.995032436,child4,1104031,frame,-98
11040.997918144001,child2,1104031,frame,56
11041.045265132001,child9,1104031,frame,139
11051.049378972999,child5,1105041,frame,43
11051.051328681,child9,1105041,frame,50
11051.054245596999,child3,1105041,frame,160
11051.055024763,child8,1105041,frame,59
11051.064676719001,child6,1105041,frame,-78
11051.065773177,child7,1105041,frame,31
11051.073933591999,child1,1105041,frame,60
11051.074178300001,child10,1105041,frame,-108
11051.101273252,child4,1105041,frame,45
11051.102579126,child2,1105041,frame,52
11061.157090538001,child5,1106051,frame,45
11061.157664246,child9,1106051,frame,-109
11061.159549288,child3,1106051,frame,-106
11061.159752412,child8,1106051,frame,40
11061.169717159999,child6,1106051,frame,0
11061.169963952,child7,1106051,frame,14
11061.173446576,child1,1106051,frame,3
11061.180973866001,child10,1106051,frame,53
11061.203044027001,child4,1106051,frame,43
11061.206432901,child2,1106051,frame,-89
11071.263050562,child5,1107061,frame,-80
11071.263111604,child9,1107061,frame,22
11071.264344312,child3,1107061,frame,35
11071.267306935999,child8,1107061,frame,-84
11071.274929809,child6,1107061,frame,25
11071.275547559,child7,1107061,frame,17
11071.276165809,child1,1107061,frame,-127
11071.290709764,child10,1107061,frame,50
11071.307331926,child4,1107061,frame,-81
11071.311123425,child2,1107061,frame,52
11081.367990295,child5,1108071,frame,-1
11081.368035919999,child3,1108071,frame,35
11081.371237461,child8,1108071,frame,164
11081.372023044,child9,1108071,frame,140
11081.376949751,child6,1108071,frame,9
11081.377204584001,child7,1108071,frame,14
11081.381314458,child1,1108071,frame,153
11081.396938538,child10,1108071,frame,49
11081.410603784001,child4,1108071,frame,15
11081.418677906999,child2,1108071,frame,36
11091.471751568999,child3,1109081,frame,1
11091.472210236,child5,1109081,frame,260
11091.475555193,child8,1109081,frame,23
11091.478231818,child9,1109081,frame,36
11091.480017775999,child6,1109081,frame,124
11091.486213857,child7,1109081,frame,33
11091.486661149002,child1,1109081,frame,0
11091.50344727,child10,1109081,frame,35
11091.517575140999,child4,1109081,frame,175
11091.525634181,child2,1109081,frame,177
11101.578729635,child3,1110091,frame,-107
11101.579109260001,child5,1110091,frame,-221
11101.579291635,child6,1110091,frame,-71
11101.581005008999,child8,1110091,frame,-82
11101.5845398,child9,1110091,frame,-74
11101.589444882,child1,1110091,frame,6
11101.589953339999,child7,1110091,frame,-227
11101.609142669,child10,1110091,frame,-106
11101.620305374001,child4,1110091,frame,-103
11101.633250121,child2,1110091,frame,-229
11110.637891461,child2,1111000,frame,136
11110.679409950999,child6,1111000,frame,-85
11110.682527033,child8,1111000,frame,-88
11110.684408241,child3,1111000,frame,9
11110.685567532999,child5,1111000,frame,159
11110.688208074,child9,1111000,frame,-82
11110.691967781,child1,1111000,frame,4
11110.695631072,child7,1111000,frame,139
11110.716474317,child10,1111000,frame,-95
11110.729369272,child4,1111000,frame,-73
11120.74296186,child2,1112010,frame,-103
11120.783211267,child6,1112010,frame,0
11120.788423390999,child8,1112010,frame,23
11120.790630599,child3,1112010,frame,20
11120.791463515001,child5,1112010,frame,-97
11120.793040597999,child1,1112010,frame,54
11120.794475764002,child9,1112010,frame,54
11120.802013220999,child7,1112010,frame,24
11120.823822007,child10,1112010,frame,158
11120.834641129,child4,1112010,frame,50
11130.836823012,child4,1113020,frame,34
11130.849934258998,child2,1113020,frame,37
11130.891243581998,child8,1113020,frame,41
11130.891343291,child6,1113020,frame,133
11130.892921707,child3,1113020,frame,21
11130.894263665,child5,1113020,frame,30
11130.897736331,child9,1113020,frame,-82
11130.899439371999,child1,1113020,frame,-80
11130.905121828999,child7,1113020,frame,5
11130.927299782,child10,1113020,frame,-88
11140.942662578,child4,1114030,frame,34
11140.953428449999,child2,1114030,frame,38
11140.995886314999,child3,1114030,frame,37
11140.996990773,child8,1114030,frame,-101
11140.997773648,child5,1114030,frame,32
11140.998377439,child6,1114030,frame,-79
11141.003131188,child9,1114030,frame,15
11141.004573728998,child1,1114030,frame,-1
11141.009039937,child7,1114030,frame,26
11141.034724722,child10,1114030,frame,35
11151.040406938,child10,1115040,frame,-90
11151.044368312,child4,1115040,frame,-92
11151.056250892001,child2,1115040,frame,4
11151.099964839,child5,1115040,frame,-77
11151.102302839,child3,1115040,frame,21
11151.103266005,child8,1115040,frame,164
11151.105153046,child6,1115040,frame,55
11151.107999378999,child1,1115040,frame,-107
11151.111350919999,child9,1115040,frame,124
11151.117051002,child7,1115040,frame,-120
11161.149759461001,child10,1116050,frame,50
11161.150002586,child4,1116050,frame,160
11161.164056999,child2,1116050,frame,23
11161.205614905,child5,1116050,frame,28
11161.206752488,child3,1116050,frame,21
11161.207501445999,child6,1116050,frame,4
11161.208720654,child1,1116050,frame,185
11161.209631696001,child8,1116050,frame,28
11161.214443736,child9,1116050,frame,45
11161.223358026,child7,1116050,frame,42
11171.253347694,child4,1117060,frame,-114
11171.253659069,child10,1117060,frame,51
11171.266210065,child2,1117060,frame,21
11171.308963013002,child3,1117060,frame,-104
11171.309870596,child1,1117060,frame,-73
11171.310827346,child5,1117060,frame,-106
11171.31266597,child6,1117060,frame,-79
11171.315510886001,child8,1117060,frame,-102
11171.317150053,child9,1117060,frame,-89
11171.327127467,child7,1117060,frame,39
11181.357955843,child10,1118070,frame,-74
11181.358702759,child4,1118070,frame,-81
11181.371116131,child2,1118070,frame,38
11181.414347621,child3,1118070,frame,35
11181.416279328,child6,1118070,frame,8
11181.41735562,child1,1118070,frame,60
11181.418232911,child5,1118070,frame,0
11181.421211661,child8,1118070,frame,-68
11181.424181950999,child9,1118070,frame,6
11181.434174199,child7,1118070,frame,-103
11191.441469956,child7,1119080,frame,25
11191.461135368001,child10,1119080,frame,33
11191.462490867,child4,1119080,frame,44
11191.477003946999,child2,1119080,frame,-74
11191.520817603,child6,1119080,frame,0
11191.521216311,child3,1119080,frame,19
11191.524470310002,child1,1119080,frame,-74
11191.526174768002,child5,1119080,frame,164
11191.527867518,child8,1119080,frame,39
11191.5304411,child9,1119080,frame,0
11201.54594423,child7,1120090,frame,22
11201.563836059,child4,1120090,frame,32
11201.566822682998,child10,1120090,frame,36
11201.586020429,child2,1120090,frame,27
11201.625556169,child3,1120090,frame,16
11201.626859127,child6,1120090,frame,53
11201.627638377,child1,1120090,frame,-2
11201.62846496,child5,1120090,frame,-71
11201.631321501,child8,1120090,frame,-99
11201.637778624001,child9,1120090,frame,-74
11211.647158047,child9,1121100,frame,4
11211.652075338001,child7,1121100,frame,-85
11211.666831584,child10,1121100,frame,-75
11211.671181708001,child4,1121100,frame,-94
11211.690723911,child2,1121100,frame,13
11211.728438944001,child3,1121100,frame,-109
11211.728961818,child1,1121100,frame,7
11211.731917484,child6,1121100,frame,-80
11211.734855067,child8,1121100,frame,58
11211.736768941,child5,1121100,frame,-90
11220.732734659,child6,1122009,frame,54
11220.734743825,child1,1122009,frame,8
11220.735626241001,child3,1122009,frame,52
11220.738375491,child8,1122009,frame,51
11220.741975406001,child5,1122009,frame,-84
11220.754763486,child9,1122009,frame,24
11220.757257819001,child7,1122009,frame,154
11220.774800232,child4,1122009,frame,138
11220.775775106,child10,1122009,frame,170
11220.798006601,child2,1122009,frame,9
11230.832191643,child6,1123019,frame,55
11230.839915766,child1,1123019,frame,-2
11230.843452931,child8,1123019,frame,-102
11230.843765265,child3,1123019,frame,28
11230.846311597,child5,1123019,frame,5
11230.860813759999,child9,1123019,frame,53
11230.865750218,child7,1123019,frame,-85
11230.878585506,child4,1123019,frame,-89
11230.878995588999,child10,1123019,frame,35
11230.900255959,child2,1123019,frame,58
11240.937391917,child6,1124029,frame,-71
11240.942954457,child1,1124029,frame,-79
11240.947032831,child3,1124029,frame,29
11240.950317872,child8,1124029,frame,10
11240.953100371,child5,1124029,frame,0
11240.968476283999,child9,1124029,frame,-126
11240.971756283001,child7,1124029,frame,40
11240.980697406,child4,1124029,frame,-72
11240.988445696,child10,1124029,frame,-107
11241.005366608,child2,1124029,frame,-119
11251.043473857,child6,1125039,frame,-106
11251.044108691,child1,1125039,frame,139
11251.048888481,child3,1125039,frame,-96
11251.054554771,child8,1125039,frame,1
11251.057594021,child5,1125039,frame,7
11251.071781767,child9,1125039,frame,23
11251.077158557,child7,1125039,frame,22
11251.085967305002,child4,1125039,frame,129
11251.094164178001,child10,1125039,frame,35
11251.11164834,child2,1125039,frame,21
11261.143868966,child1,1126049,frame,-71
11261.148871090001,child6,1126049,frame,134
11261.155123838,child3,1126049,frame,29
11261.159834962,child8,1126049,frame,56
11261.160528879,child5,1126049,frame,-126
11261.180495789999,child9,1126049,frame,57
11261.181571665,child7,1126049,frame,42
11261.189055163,child4,1126049,frame,-83
11261.197475203,child10,1126049,frame,17
11261.221818572,child2,1126049,frame,147
11271.252298198,child1,1127059,frame,8
11271.254403572,child6,1127059,frame,54
11271.257877905,child3,1127059,frame,29
11271.265101236,child8,1127059,frame,-67
11271.266869527999,child5,1127059,frame,33
11271.284640482,child7,1127059,frame,-120
11271.287151939,child9,1127059,frame,8
11271.295252729,child4,1127059,frame,41
11271.303259227001,child10,1127059,frame,-104
11271.325884055,child2,1127059,frame,-75
11281.356789347,child1,1128069,frame,17
11281.357533639,child6,1128069,frame,-78
11281.364572387001,child3,1128069,frame,29
11281.369033761,child8,1128069,frame,56
11281.37072951,child5,1128069,frame,38
11281.38683484,child7,1128069,frame,42
11281.390143588998,child9,1128069,frame,6
11281.400477003,child4,1128069,frame,43
11281.407588168,child10,1128069,frame,160
11281.426802997,child2,1128069,frame,5
11291.459847580001,child1,1129079,frame,-2
11291.460743205,child6,1129079,frame,-1
11291.467802744999,child3,1129079,frame,29
11291.471144119,child8,1129079,frame,-68
11291.474577910001,child5,1129079,frame,31
11291.488669407001,child7,1129079,frame,-86
11291.491237989,child9,1129079,frame,-1
11291.505068486,child4,1129079,frame,-84
11291.511105943,child10,1129079,frame,-106
11291.529816188,child2,1129079,frame,6
11301.538274569999,child2,1130089,frame,-120
11301.563154604999,child1,1130089,frame,60
11301.567443146,child6,1130089,frame,55
11301.568191687002,child3,1130089,frame,13
11301.575446602,child8,1130089,frame,55
11301.577731101,child5,1130089,frame,148
11301.594560055999,child9,1130089,frame,44
11301.59734893,child7,1130089,frame,147
11301.606712594,child4,1130089,frame,42
11301.611977885,child10,1130089,frame,18
11311.642185052,child2,1131099,frame,128
11311.669795504,child1,1131099,frame,53
11311.670127129,child3,1131099,frame,16
11311.674454918999,child6,1131099,frame,52
11311.681384668,child8,1131099,frame,56
11311.684422916998,child5,1131099,frame,124
11311.700037204999,child9,1131099,frame,59
11311.702003954,child7,1131099,frame,-87
11311.711048285,child4,1131099,frame,-72
11311.716640201,child10,1131099,frame,34
11320.722586374,child10,1132008,frame,30
11320.748246866999,child2,1132008,frame,-116
11320.773126236,child3,1132008,frame,-87
11320.774088027001,child1,1132008,frame,-69
11320.777854776,child6,1132008,frame,-84
11320.785452691,child8,1132008,frame,7
11320.788602482,child5,1132008,frame,-88
11320.804137019999,child9,1132008,frame,-82
11320.806366394,child7,1132008,frame,15
11320.813370934,child4,1132008,frame,143
11330.827468772999,child10,1133018,frame,2
11330.8531096,child2,1133018,frame,139
11330.877206635,child3,1133018,frame,29
11330.880605968001,child1,1133018,frame,-81
11330.881388301,child6,1133018,frame,55
11330.890332674,child5,1133018,frame,8
11330.891472715,child8,1133018,frame,39
11330.909082586,child9,1133018,frame,54
11330.914309793,child7,1133018,frame,41
11330.915677668,child4,1133018,frame,-97
11340.932974005,child10,1134028,frame,-105
11340.956792124,child2,1134028,frame,-65
11340.978122161,child3,1134028,frame,12
11340.98114541,child6,1134028,frame,-74
11340.983649743,child1,1134028,frame,129
11340.994883948,child5,1134028,frame,-73
11340.996815656,child8,1134028,frame,32
11341.013663234999,child9,1134028,frame,-97
11341.017324318,child7,1134028,frame,22
11341.021582442001,child4,1134028,frame,51
11351.028393199,child4,1135038,frame,-88
11351.038001155,child10,1135038,frame,35
11351.063627106,child2,1135038,frame,-122
11351.081602394,child3,1135038,frame,13
11351.082505143,child6,1135038,frame,55
11351.08307206,child1,1135038,frame,-81
11351.095671306999,child5,1135038,frame,44
11351.100601680999,child8,1135038,frame,48
11351.118714343,child7,1135038,frame,-84
11351.121476549999,child9,1135038,frame,-2
11361.124873642,child7,1136048,frame,40
11361.126536683001,child9,1136048,frame,-1
11361.13198964,child4,1136048,frame,51
11361.142385137,child10,1136048,frame,-106
11361.168547672,child2,1136048,frame,155
11361.186133793,child3,1136048,frame,-112
11361.188593375999,child1,1136048,frame,52
11361.193238916001,child6,1136048,frame,-71
11361.200308664,child5,1136048,frame,-88
11361.202663789001,child8,1136048,frame,-109
11371.227718875,child7,1137058,frame,21
11371.233014123,child9,1137058,frame,-1
11371.237665706,child4,1137058,frame,52
11371.251836577,child10,1137058,frame,176
11371.272018864,child2,1137058,frame,13
11371.290725776,child3,1137058,frame,154
11371.294870233,child1,1137058,frame,-79
11371.302976105999,child6,1137058,frame,54
11371.306611938,child8,1137058,frame,31
11371.308344854999,child5,1137058,frame,-77
11381.333437857,child7,1138068,frame,26
11381.33591869,child9,1138068,frame,124
11381.34080123,child4,1138068,frame,36
11381.357874143001,child10,1138068,frame,-107
11381.376857471001,child2,1138068,frame,14
11381.395319925,child3,1138068,frame,13
11381.400787424,child1,1138068,frame,53
11381.410300005,child6,1138068,frame,47
11381.411708129,child5,1138068,frame,134
11381.412948254001,child8,1138068,frame,36
11391.43778059,child7,1139078,frame,22
11391.437848006999,child9,1139078,frame,-91
11391.443856172,child4,1139078,frame,-72
11391.463189042,child10,1139078,frame,35
11391.481086371,child2,1139078,frame,-83
11391.502134491,child3,1139078,frame,-112
11391.507547406,child1,1139078,frame,-71
11391.515459404,child6,1139078,frame,-79
11391.515555112,child8,1139078,frame,-110
11391.516736487,child5,1139078,frame,-74
11401.541825739,child9,1140088,frame,6
11401.542049406,child7,1140088,frame,25
11401.549396571,child4,1140088,frame,34
11401.569399149,child10,1140088,frame,17
11401.587047103001,child2,1140088,frame,21
11401.604713182,child3,1140088,frame,29
11401.613313763,child1,1140088,frame,133
11401.617486179,child6,1140088,frame,144
11401.620323928,child5,1140088,frame,13
11401.621270220001,child8,1140088,frame,49
11411.625681476999,child5,1141098,frame,5
11411.630508018001,child8,1141098,frame,-99
11411.647309805001,child7,1141098,frame,-103
11411.648948221,child9,1141098,frame,-66
11411.656772428001,child4,1141098,frame,-80
11411.673589632,child10,1141098,frame,-89
11411.691636961,child2,1141098,frame,5
11411.712138581,child3,1141098,frame,16
11411.717248954,child1,1141098,frame,-78
11411.722173412001,child6,1141098,frame,-216
11420.717119462,child3,1142007,frame,-70
11420.721538586,child1,1142007,frame,-66
11420.72672671,child6,1142007,frame,160
11420.733303708,child5,1142007,frame,58
11420.734133124999,child8,1142007,frame,49
11420.750302954,child9,1142007,frame,57
11420.75218087,child7,1142007,frame,15
11420.760356326999,child4,1142007,frame,11
11420.782642363001,child10,1142007,frame,45
11420.795450818001,child2,1142007,frame,-127
11430.819112654,child3,1143017,frame,27
11430.823635944,child1,1143017,frame,7
11430.831369358999,child6,1143017,frame,-192
11430.837156358,child5,1143017,frame,53
11430.840225232,child8,1143017,frame,-68
11430.857649561,child7,1143017,frame,39
11430.858829894001,child9,1143017,frame,42
11430.861243976999,child4,1143017,frame,49
11430.887723512,child10,1143017,frame,35
11430.9008988,child2,1143017,frame,32
11440.921482679,child3,1144027,frame,27
11440.922543554001,child1,1144027,frame,17
11440.936467883,child6,1144027,frame,132
11440.943002798,child5,1144027,frame,9
11440.946000548,child8,1144027,frame,56
11440.962506835001,child9,1144027,frame,53
11440.965807375998,child7,1144027,frame,7
11440.966203876,child4,1144027,frame,35
11440.992608077999,child10,1144027,frame,35
11441.005913033,child2,1144027,frame,138
11451.015672955999,child2,1145037,frame,-111
11451.025355245,child3,1145037,frame,-69
11451.027583078001,child1,1145037,frame,5
11451.039915158,child6,1145037,frame,47
11451.04675524,child5,1145037,frame,44
11451.053704988,child8,1145037,frame,39
11451.066740318,child9,1145037,frame,47
11451.070014234001,child4,1145037,frame,-92
11451.070252109,child7,1145037,frame,24
11451.103301476,child10,1145037,frame,19
11461.116458773,child2,1146047,frame,11
11461.130306811,child3,1146047,frame,37
11461.140342308,child1,1146047,frame,-2
11461.140611808,child6,1146047,frame,-79
11461.153776597,child5,1146047,frame,-223
11461.156382178999,child8,1146047,frame,57
11461.174376758,child7,1146047,frame,-118
11461.174535383,child9,1146047,frame,-87
11461.17577505,child4,1146047,frame,50
11461.205960459,child10,1146047,frame,-91
11471.222594172,child2,1147057,frame,32
11471.235216377,child3,1147057,frame,37
11471.238069668001,child6,1147057,frame,1
11471.244053291,child1,1147057,frame,4
11471.258548079,child5,1147057,frame,133
11471.260116496,child8,1147057,frame,-86
11471.276502282999,child4,1147057,frame,-75
11471.278332116,child7,1147057,frame,41
11471.278431740999,child9,1147057,frame,44
11471.305735443,child10,1147057,frame,18
11481.326600988,child2,1148067,frame,21
11481.341327109,child3,1148067,frame,21
11481.34606765,child1,1148067,frame,-2
11481.347674649,child6,1148067,frame,54
11481.363495687001,child5,1148067,frame,46
11481.364020895,child8,1148067,frame,40
11481.381606974,child4,1148067,frame,-73
11481.382500516,child7,1148067,frame,40
11481.385538182,child9,1148067,frame,-79
11481.412999466,child10,1148067,frame,36
11491.420049723,child10,1149077,frame,-90
11491.430784387,child2,1149077,frame,-103
11491.446194383,child3,1149077,frame,-104
11491.450231799,child1,1149077,frame,12
11491.454235506,child6,1149077,frame,-106
11491.466820295,child8,1149077,frame,59
11491.469795503,child5,1149077,frame,-70
11491.485670165,child4,1149077,frame,5
11491.488897414001,child7,1149077,frame,-104
11491.488917831,child9,1149077,frame,53
11501.524872081,child10,1150087,frame,35
11501.535439828,child2,1150087,frame,143
11501.553205824,child3,1150087,frame,37
11501.553666239999,child1,1150087,frame,6
11501.563325655,child6,1150087,frame,55
11501.573513652,child8,1150087,frame,23
11501.574566402,child5,1150087,frame,44
11501.588952773,child9,1150087,frame,39
11501.589679731,child4,1150087,frame,123
11501.590460815,child7,1150087,frame,167
11511.626644648,child10,1151097,frame,159
11511.637828895,child2,1151097,frame,5
11511.656941307001,child3,1151097,frame,26
11511.656964765,child1,1151097,frame,-65
11511.668044012,child6,1151097,frame,4
11511.678408509999,child5,1151097,frame,43
11511.679831134,child8,1151097,frame,-82
11511.695906339,child7,1151097,frame,-121
11511.696601796999,child4,1151097,frame,-79
11511.699425505,child9,1151097,frame,36
11520.732026213,child10,1152006,frame,16
11520.743220335,child2,1152006,frame,126
11520.760329330999,child1,1152006,frame,140
11520.761177539,child3,1152006,frame,1
11520.766953079,child6,1152006,frame,33
11520.784058366,child5,1152006,frame,35
11520.785916449,child8,1152006,frame,37
11520.800550320999,child7,1152006,frame,160
11520.801544987,child4,1152006,frame,27
11520.803583861001,child9,1152006,frame,127
11530.807990577,child9,1153016,frame,-102
11530.834907987,child10,1153016,frame,19
11530.847025276,child2,1153016,frame,6
11530.863047439,child1,1153016,frame,54
11530.865981063002,child3,1153016,frame,154
11530.86955077,child6,1153016,frame,55
11530.889266557,child8,1153016,frame,23
11530.894433223,child5,1153016,frame,37
11530.902651012,child7,1153016,frame,5
11530.90329572,child4,1153016,frame,5
11540.90660002,child7,1154026,frame,26
11540.907605560998,child4,1154026,frame,-2
11540.912284143002,child9,1154026,frame,163
11540.941888553,child10,1154026,frame,126
11540.951524717,child2,1154026,frame,35
11540.965756505,child1,1154026,frame,-79
11540.969226838,child3,1154026,frame,3
11540.974292586001,child6,1154026,frame,54
11540.993506915,child8,1154026,frame,41
11540.997761831,child5,1154026,frame,164
11551.012064002,child4,1155036,frame,5
11551.012279627,child7,1155036,frame,7
11551.017073001,child9,1155036,frame,-119
11551.050120285001,child10,1155036,frame,-73
11551.055707783,child2,1155036,frame,-82
11551.068897155,child1,1155036,frame,54
11551.075584903,child3,1155036,frame,3
11551.07619707,child6,1155036,frame,-86
11551.097508814,child8,1155036,frame,-102
11551.102214563,child5,1155036,frame,-117
11561.117586818,child7,1156046,frame,-73
11561.117641068,child4,1156046,frame,15
11561.123007608001,child9,1156046,frame,3
11561.151277435,child10,1156046,frame,-69
11561.161331349,child2,1156046,frame,177
11561.177390345,child1,1156046,frame,46
11561.183889467999,child3,1156046,frame,128
11561.18449001,child6,1156046,frame,46
11561.203892963,child5,1156046,frame,139
11561.204894712999,child8,1156046,frame,149
11571.209784929,child5,1157056,frame,-66
11571.210998845,child8,1157056,frame,25
11571.221127759,child7,1157056,frame,18
11571.225344092,child4,1157056,frame,-75
11571.228374258,child9,1157056,frame,6
11571.254994875999,child10,1157056,frame,3
11571.264747915,child2,1157056,frame,-97
11571.280508245001,child1,1157056,frame,55
11571.285849577,child6,1157056,frame,47
11571.292884492,child3,1157056,frame,-74
11581.312850662,child8,1158066,frame,7
11581.314671037,child5,1158066,frame,-72
11581.329777574001,child4,1158066,frame,-67
11581.329857991,child7,1158066,frame,-81
11581.335407198001,child9,1158066,frame,7
11581.356786234,child10,1158066,frame,50
11581.367933607002,child2,1158066,frame,4
11581.385107019,child6,1158066,frame,-82
11581.385562727,child1,1158066,frame,-97
11581.400990723001,child3,1158066,frame,24
11591.417673561,child8,1159076,frame,7
11591.419306436,child5,1159076,frame,124
11591.432873640999,child4,1159076,frame,18
11591.433086641,child7,1159076,frame,150
11591.442928262999,child9,1159076,frame,131
11591.463934841,child10,1159076,frame,41
11591.474009047,child2,1159076,frame,28
11591.49101396,child6,1159076,frame,163
11591.492387834,child1,1159076,frame,36
11591.506850206,child3,1159076,frame,162
11601.510889047,child3,1160086,frame,-113
11601.523745710001,child8,1160086,frame,-238
11601.524343085,child5,1160086,frame,-80
11601.536655540001,child7,1160086,frame,-196
11601.539666248,child4,1160086,frame,10
11601.548100162,child9,1160086,frame,-89
11601.575478781,child10,1160086,frame,-76
11601.581436778999,child2,1160086,frame,19
11601.595433067,child1,1160086,frame,-105
11601.59806265,child6,1160086,frame,-109
11611.61931732,child3,1161096,frame,-106
11611.626169485,child8,1161096,frame,25
11611.631005234,child5,1161096,frame,9
11611.641524523,child7,1161096,frame,139
11611.642464398,child4,1161096,frame,15
11611.651791437,child9,1161096,frame,12
11611.681185596,child10,1161096,frame,40
11611.686192469999,child2,1161096,frame,-97
11611.700878425001,child1,1161096,frame,170
11611.705557756999,child6,1161096,frame,-96
11620.699551392001,child1,1162005,frame,42
11620.709313181,child6,1162005,frame,158
11620.720386553001,child3,1162005,frame,148
11620.730623967,child8,1162005,frame,162
11620.736630591,child5,1162005,frame,47
11620.744902256001,child4,1162005,frame,-87
11620.746753838,child7,1162005,frame,135
11620.754237795001,child9,1162005,frame,49
11620.787298078001,child10,1162005,frame,52
11620.792307452,child2,1162005,frame,144
11630.802388628,child1,1163015,frame,-113
11630.810150834,child6,1163015,frame,-94
11630.824565331,child3,1163015,frame,-106
11630.839430869,child8,1163015,frame,-97
11630.84193016,child5,1163015,frame,-66
11630.848466033001,child7,1163015,frame,-206
11630.85394324,child4,1163015,frame,27
11630.856437989,child9,1163015,frame,6
11630.893047397001,child10,1163015,frame,-67
11630.897690688,child2,1163015,frame,21
11640.90302499,child2,1164025,frame,5
11640.906922864,child1,1164025,frame,-97
11640.916015945,child6,1164025,frame,-95
11640.929224983,child3,1164025,frame,29
11640.944394229,child8,1164025,frame,9
11640.945371479002,child5,1164025,frame,53
11640.953455269,child7,1164025,frame,26
11640.960467434,child4,1164025,frame,-99
11640.964092808,child9,1164025,frame,-89
11640.995704091,child10,1164025,frame,-69
11651.003425101,child10,1165035,frame,58
11651.008025308,child2,1165035,frame,-105
11651.013857599,child1,1165035,frame,44
11651.019074389,child6,1165035,frame,-203
11651.035783926001,child3,1165035,frame,-89
11651.048895715001,child8,1165035,frame,-85
11651.052397839001,child5,1165035,frame,-126
11651.058860170999,child7,1165035,frame,-2
11651.063408003001,child4,1165035,frame,44
11651.06742671,child9,1165035,frame,-1
11661.110386295,child10,1166045,frame,-76
11661.111618919,child2,1166045,frame,2
11661.119558417,child1,1166045,frame,46
11661.122017667,child6,1166045,frame,265
11661.142363995,child3,1166045,frame,-88
11661.155212492,child8,1166045,frame,40
11661.156453575,child5,1166045,frame,132
11661.164728031,child7,1166045,frame,18
11661.169788696001,child4,1166045,frame,-88
11661.175121945,child9,1166045,frame,123
11671.212419739,child10,1167055,frame,128
11671.219977279,child2,1167055,frame,21
11671.223019361001,child1,1167055,frame,-95
11671.226824277,child6,1167055,frame,-66
11671.244097231001,child3,1167055,frame,49
11671.260827727,child5,1167055,frame,0
11671.26249656,child8,1167055,frame,39
11671.269388642,child7,1167055,frame,6
11671.277066015,child4,1167055,frame,44
11671.280192680999,child9,1167055,frame,-81
11681.317804225,child10,1168065,frame,-210
11681.324878513999,child2,1168065,frame,-104
11681.328104889,child1,1168065,frame,-79
11681.332116263,child6,1168065,frame,9
11681.353114423999,child3,1168065,frame,-122
11681.366497046,child5,1168065,frame,-66
11681.368972212,child8,1168065,frame,-68
11681.374117001998,child7,1168065,frame,7
11681.384662708,child4,1168065,frame,-81
11681.385225249,child9,1168065,frame,7
11691.420972377,child10,1169075,frame,138
11691.432778291,child1,1169075,frame,46
11691.432895083,child2,1169075,frame,161
11691.436881873,child6,1169075,frame,-1
11691.462034367001,child3,1169075,frame,136
11691.470324032,child5,1169075,frame,123
11691.479026445999,child8,1169075,frame,148
11691.481131321,child7,1169075,frame,1
11691.490342026998,child9,1169075,frame,41
11691.491321443002,child4,1169075,frame,-1
11701.527065362001,child10,1170085,frame,2
11701.535328152,child2,1170085,frame,-76
11701.53588186,child6,1170085,frame,55
11701.536236734999,child1,1170085,frame,142
11701.562752604,child3,1170085,frame,51
11701.57658285,child5,1170085,frame,-80
11701.584587598,child8,1170085,frame,9
11701.585980306,child7,1170085,frame,-2
11701.592321513,child4,1170085,frame,5
11701.599013761,child9,1170085,frame,-72
11711.605941438002,child9,1171095,frame,129
11711.635731305,child10,1171095,frame,-114
11711.636343472,child2,1171095,frame,28
11711.638043470999,child6,1171095,frame,6
11711.638540346,child1,1171095,frame,-72
11711.671643796,child3,1171095,frame,-80
11711.681169836,child5,1171095,frame,-65
11711.688854917,child8,1171095,frame,-82
11711.691414791,child7,1171095,frame,-93
11711.694315082,child4,1171095,frame,-106
11720.693361218,child8,1172004,frame,-88
11720.697272134,child7,1172004,frame,126
11720.699705174999,child4,1172004,frame,22
11720.709913214,child9,1172004,frame,-82
11720.738735415,child10,1172004,frame,16
11720.740585873,child2,1172004,frame,30
11720.741493539,child1,1172004,frame,1
11720.745093039,child6,1172004,frame,-78
11720.777597822,child3,1172004,frame,44
11720.786496528,child5,1172004,frame,57
11730.792004621999,child5,1173014,frame,16
11730.798974245,child8,1173014,frame,39
11730.803827994001,child7,1173014,frame,9
11730.808245701,child4,1173014,frame,32
11730.815863033,child9,1173014,frame,33
11730.841946859,child2,1173014,frame,10
11730.847342358,child10,1173014,frame,11
11730.852053232,child1,1173014,frame,-82
11730.855801272999,child6,1173014,frame,0
11730.886985348,child3,1173014,frame,6
11740.892462359,child3,1174024,frame,60
11740.898406024,child5,1174024,frame,-82
11740.907717312999,child7,1174024,frame,8
11740.909004228999,child8,1174024,frame,43
11740.914158353002,child4,1174024,frame,19
11740.922559726,child9,1174024,frame,-80
11740.944477096,child2,1174024,frame,15
11740.95298826,child10,1174024,frame,19
11740.954864468002,child1,1174024,frame,123
11740.961612424999,child6,1174024,frame,38
11750.997606636001,child3,1175034,frame,-206
11751.003569718,child5,1175034,frame,6
11751.009356716,child7,1175034,frame,-73
11751.01321159,child8,1175034,frame,-102
11751.021077755,child4,1175034,frame,-113
11751.025721337,child9,1175034,frame,-119
11751.047617915001,child2,1175034,frame,13
11751.056849038,child1,1175034,frame,-73
11751.058957912,child10,1175034,frame,-69
11751.067358242999,child6,1175034,frame,1
11761.102581621,child3,1176044,frame,263
11761.108633245001,child5,1176044,frame,6
11761.117407533999,child7,1176044,frame,17
11761.119816867,child8,1176044,frame,57
11761.123345408,child4,1176044,frame,159
11761.13215928,child9,1176044,frame,265
11761.151980359,child2,1176044,frame,13
11761.159431856999,child1,1176044,frame,52
11761.163716648,child10,1176044,frame,162
11761.171380687,child6,1176044,frame,136
11771.209487523001,child3,1177054,frame,-96
11771.213315189,child5,1177054,frame,-251
11771.222007145001,child8,1177054,frame,-102
11771.223552478,child7,1177054,frame,-2
11771.225175269,child4,1177054,frame,-112
11771.2357731,child9,1177054,frame,-99
11771.260743134999,child2,1177054,frame,-65
11771.26615155,child1,1177054,frame,-89
11771.267593008,child10,1177054,frame,-68
11771.276133673,child6,1177054,frame,-212
11781.317141716,child3,1178064,frame,52
11781.319173924,child5,1178064,frame,127
11781.324856214,child4,1178064,frame,26
11781.326682672,child8,1178064,frame,181
11781.335315337,child7,1178064,frame,17
11781.340280169,child9,1178064,frame,124
11781.364273453999,child2,1178064,frame,127
11781.368030953,child1,1178064,frame,52
11781.37330741,child10,1178064,frame,18
11781.381565575,child6,1178064,frame,126
11791.421745868,child3,1179074,frame,53
11791.426675159,child5,1179074,frame,28
11791.431270741,child8,1179074,frame,57
11791.433292824,child4,1179074,frame,27
11791.441876697,child7,1179074,frame,16
11791.444069071,child9,1179074,frame,37
11791.466588732,child2,1179074,frame,59
11791.472403814,child1,1179074,frame,-1
11791.475661188,child10,1179074,frame,144
11791.486284393999,child6,1179074,frame,-71
11801.527330354,child3,1180084,frame,-91
11801.531832978,child5,1180084,frame,-104
11801.538954434,child4,1180084,frame,-111
11801.540133142,child8,1180084,frame,-102
11801.547579224,child7,1180084,frame,-81
11801.548293431999,child9,1180084,frame,-81
11801.574087842,child1,1180084,frame,-71
11801.576148633,child2,1180084,frame,-73
11801.579598716,child10,1180084,frame,-200
11801.587764589001,child6,1180084,frame,0
11811.632735047,child3,1181094,frame,48
11811.633647922,child5,1181094,frame,42
11811.642322877999,child8,1181094,frame,150
11811.645123377999,child4,1181094,frame,155
11811.652153668,child9,1181094,frame,170
11811.654057042,child7,1181094,frame,22
11811.675041662,child1,1181094,frame,251
11811.681933701999,child2,1181094,frame,59
11811.685806243,child10,1181094,frame,136
11811.691243574001,child6,1181094,frame,177
11820.685970128,child2,1182003,frame,37
11820.687944877001,child1,1182003,frame,-213
11820.691480168,child10,1182003,frame,-86
11820.692347209999,child6,1182003,frame,-231
11820.737036032,child3,1182003,frame,3
11820.741690239,child5,1182003,frame,37
11820.744370322,child8,1182003,frame,-335
11820.750458404002,child4,1182003,frame,-90
11820.758777318,child9,1182003,frame,-124
11820.759619818,child7,1182003,frame,1
11830.79093128,child6,1183013,frame,251
11830.792428071,child1,1183013,frame,124
11830.794985404,child10,1183013,frame,130
11830.795288904,child2,1183013,frame,43
11830.8440601,child3,1183013,frame,44
11830.848014599,child8,1183013,frame,305
11830.853512265001,child5,1183013,frame,38
11830.853686765,child4,1183013,frame,30
11830.86313347,child7,1183013,frame,150
11830.868093969,child9,1183013,frame,29
11840.893028558,child1,1184023,frame,-87
11840.89808914,child6,1184023,frame,-202
11840.900112931,child10,1184023,frame,41
11840.901889889,child2,1184023,frame,-89
11840.945925378,child3,1184023,frame,-112
11840.953241043,child8,1184023,frame,-117
11840.959109542,child4,1184023,frame,-111
11840.960119458,child5,1184023,frame,56
11840.968211831,child7,1184023,frame,44
11840.974402496,child9,1184023,frame,6
11850.99756796,child1,1185033,frame,10
11851.003123584,child6,1185033,frame,132
11851.005213167,child10,1185033,frame,-75
11851.005913167,child2,1185033,frame,25
11851.052330738,child3,1185033,frame,51
11851.057206444999,child8,1185033,frame,44
11851.062815194,child5,1185033,frame,-89
11851.066288943,child4,1185033,frame,-80
11851.073114567,child7,1185033,frame,-68
11851.07756044,child9,1185033,frame,29
11861.084704159,child9,1186043,frame,56
11861.10099928,child1,1186043,frame,43
11861.109234944,child10,1186043,frame,48
11861.112716902,child2,1186043,frame,-95
11861.113754485,child6,1186043,frame,-94
11861.15867289,child3,1186043,frame,37
11861.162239931,child8,1186043,frame,-116
11861.165798263,child5,1186043,frame,21
11861.17302472,child4,1186043,frame,45
11861.177210052001,child7,1186043,frame,0
11871.186331937,child7,1187053,frame,-80
11871.188646019,child9,1187053,frame,-112
11871.205847932,child1,1187053,frame,-81
11871.214660013,child2,1187053,frame,51
11871.217874845,child6,1187053,frame,-71
11871.219318595,child10,1187053,frame,-83
11871.263637792,child8,1187053,frame,57
11871.263667376,child3,1187053,frame,36
11871.272310749,child5,1187053,frame,-95
11871.279303663001,child4,1187053,frame,-78
11881.283907132,child4,1188063,frame,15
11881.292959213,child7,1188063,frame,134
11881.29299963,child9,1188063,frame,29
11881.310909500999,child1,1188063,frame,-73
11881.31875479,child2,1188063,frame,-73
11881.322056831,child6,1188063,frame,55
11881.324724664,child10,1188063,frame,3
11881.369556278,child8,1188063,frame,39
11881.371983902,child3,1188063,frame,-88
11881.377878692,child5,1188063,frame,48
11891.386458326999,child4,1189073,frame,-74
11891.396269032999,child9,1189073,frame,14
11891.397565491001,child7,1189073,frame,-97
11891.414364736,child1,1189073,frame,52
11891.425129149999,child6,1189073,frame,-79
11891.426725733001,child2,1189073,frame,51
11891.433410357,child10,1189073,frame,23
11891.476109429,child3,1189073,frame,36
11891.476568638001,child8,1189073,frame,-102
11891.482652636001,child5,1189073,frame,30
11901.484612939,child8,1190083,frame,136
11901.48547448,child3,1190083,frame,37
11901.486139314,child5,1190083,frame,49
11901.490891771,child4,1190083,frame,20
11901.505954017,child9,1190083,frame,12
11901.5068621,child7,1190083,frame,56
11901.516686723,child1,1190083,frame,13
11901.527083887,child6,1190083,frame,17
11901.531553927001,child2,1190083,frame,-91
11901.538492092,child10,1190083,frame,52
11911.588959425,child3,1191093,frame,31
11911.589909883,child8,1191093,frame,1
11911.594575256999,child5,1191093,frame,26
11911.597142048,child4,1191093,frame,139
11911.609745503001,child9,1191093,frame,137
11911.609918544,child7,1191093,frame,46
11911.623199624,child1,1191093,frame,53
11911.633610997002,child6,1191093,frame,132
11911.639054745,child2,1191093,frame,130
11911.644330994,child10,1191093,frame,34
11920.693297576001,child3,1192002,frame,-112
11920.694309284,child8,1192002,frame,-81
11920.701457281999,child4,1192002,frame,-105
11920.702396907,child5,1192002,frame,-104
11920.709639446999,child9,1192002,frame,-70
11920.712563113,child7,1192002,frame,-90
11920.730251108,child1,1192002,frame,-117
11920.738717898,child6,1192002,frame,-90
11920.746272313001,child2,1192002,frame,0
11920.749441144999,child10,1192002,frame,-82
11930.798001227999,child8,1193012,frame,-76
11930.798599394999,child3,1193012,frame,35
11930.804590934998,child4,1193012,frame,13
11930.805876268,child5,1193012,frame,46
11930.811528933,child9,1193012,frame,6
11930.819219681,child7,1193012,frame,8
11930.835723344,child1,1193012,frame,130
11930.843461092001,child6,1193012,frame,12
11930.853266798002,child10,1193012,frame,-67
11930.854163214,child2,1193012,frame,34
11940.901947089,child8,1194022,frame,48
11940.905504796001,child3,1194022,frame,34
11940.910424003,child4,1194022,frame,-121
11940.912127503001,child5,1194022,frame,-94
11940.917920085,child9,1194022,frame,-74
11940.929363582,child7,1194022,frame,44
11940.939575078999,child1,1194022,frame,-71
11940.94388937,child6,1194022,frame,8
11940.955666367,child10,1194022,frame,56
11940.958546158,child2,1194022,frame,52
11951.004445242,child8,1195032,frame,-94
11951.007240824001,child3,1195032,frame,18
11951.01640553,child5,1195032,frame,45
11951.01795003,child4,1195032,frame,28
11951.02380857,child9,1195032,frame,21
11951.033784026,child7,1195032,frame,-69
11951.04296294,child6,1195032,frame,125
11951.044893773,child1,1195032,frame,133
11951.061879101999,child10,1195032,frame,-67
11951.062201769,child2,1195032,frame,34
11961.109352059999,child3,1196042,frame,35
11961.110240019,child8,1196042,frame,130
11961.119279558,child5,1196042,frame,49
11961.12309064,child4,1196042,frame,21
11961.127825973,child9,1196042,frame,7
11961.136827053999,child7,1196042,frame,36
11961.148196009,child6,1196042,frame,-86
11961.148655592,child1,1196042,frame,-79
11961.165803130001,child2,1196042,frame,-89
11961.166391005,child10,1196042,frame,39
11971.213858588,child3,1197052,frame,-104
11971.220959044,child8,1197052,frame,39
11971.227123958999,child5,1197052,frame,-97
11971.227300209,child4,1197052,frame,22
11971.230316792,child9,1197052,frame,5
11971.243447539,child7,1197052,frame,1
11971.251497787001,child6,1197052,frame,54
11971.253739119,child1,1197052,frame,46
11971.266730991001,child2,1197052,frame,18
11971.273268406,child10,1197052,frame,52
11981.275403209002,child10,1198062,frame,49
11981.318536115,child3,1198062,frame,36
11981.327110821,child8,1198062,frame,41
11981.330721736998,child4,1198062,frame,-111
11981.331571028,child5,1198062,frame,44
11981.336917777,child9,1198062,frame,6
11981.348670774,child7,1198062,frame,54
11981.357793439001,child6,1198062,frame,-86
11981.358526562999,child1,1198062,frame,0
11981.371773643,child2,1198062,frame,38
11991.376150529,child2,1199072,frame,18
11991.380442986001,child10,1199072,frame,50
11991.423908059,child3,1199072,frame,37
11991.432123598,child8,1199072,frame,31
11991.436125430999,child5,1199072,frame,45
11991.439198388,child4,1199072,frame,31
11991.441456138,child9,1199072,frame,-76
11991.453772135,child7,1199072,frame,36
11991.458594967,child1,1199072,frame,-81
11991.462312591,child6,1199072,frame,46
12001.481959388999,child2,1200082,frame,28
12001.483183806,child10,1200082,frame,-77
12001.530580961,child3,1200082,frame,36
12001.534885584,child8,1200082,frame,-93
12001.543485832,child5,1200082,frame,47
12001.543736999,child4,1200082,frame,46
12001.548769748,child9,1200082,frame,28
12001.561676578,child1,1200082,frame,123
12001.562187410998,child7,1200082,frame,-68
12001.565353577,child6,1200082,frame,11
12011.588310999,child10,1201092,frame,50
12011.589147540999,child2,1201092,frame,20
12011.635670821,child3,1201092,frame,19
12011.637602695999,child8,1201092,frame,50
12011.648550193,child5,1201092,frame,46
12011.649023984,child4,1201092,frame,31
12011.653030192001,child9,1201092,frame,22
12011.663625356,child1,1201092,frame,30
12011.665431605,child7,1201092,frame,36
12011.666419647001,child6,1201092,frame,-82
12020.667059449,child1,1202001,frame,-75
12020.669191572999,child7,1202001,frame,-77
12020.670505656,child6,1202001,frame,40
12020.692452484,child10,1202001,frame,38
12020.694363109,child2,1202001,frame,9
12020.740902930002,child8,1202001,frame,29
12020.741818888,child3,1202001,frame,2
12020.751314261,child4,1202001,frame,43
12020.753686344,child5,1202001,frame,21
12020.757404426,child9,1202001,frame,-111
12030.771084017999,child1,1203011,frame,-89
12030.773233808999,child7,1203011,frame,44
12030.775576892,child6,1203011,frame,46
12030.797491178,child2,1203011,frame,-106
12030.799964802001,child10,1203011,frame,-110
12030.844356165999,child3,1203011,frame,-106
12030.847728249,child8,1203011,frame,-110
12030.85651733,child5,1203011,frame,-112
12030.856556245999,child4,1203011,frame,-110
12030.862666787001,child9,1203011,frame,9
12040.869722296,child9,1204021,frame,29
12040.871920379,child1,1204021,frame,60
12040.875401587,child7,1204021,frame,49
12040.882316710002,child6,1204021,frame,55
12040.900435497,child2,1204021,frame,161
12040.907078329,child10,1204021,frame,36
12040.952584984001,child8,1204021,frame,33
12040.954686899999,child3,1204021,frame,160
12040.962731107,child5,1204021,frame,28
12040.963834106,child4,1204021,frame,30
12050.96839295,child4,1205031,frame,30
12050.974451574,child9,1205031,frame,29
12050.978516989,child1,1205031,frame,168
12050.981439697,child7,1205031,frame,46
12050.986233446,child6,1205031,frame,-87
12051.007764149,child2,1205031,frame,-77
12051.01453898,child10,1205031,frame,33
12051.056778345,child8,1205031,frame,148
12051.058511678,child3,1205031,frame,18
12051.066700967001,child5,1205031,frame,155
12061.069251603,child5,1206041,frame,-125
12061.074286686,child4,1206041,frame,48
12061.080528767001,child9,1206041,frame,28
12061.083113808001,child1,1206041,frame,-97
12061.085907599001,child7,1206041,frame,-105
12061.087361849,child6,1206041,frame,-70
12061.116177842001,child2,1206041,frame,11
12061.119722508,child10,1206041,frame,-91
12061.16167358,child8,1206041,frame,-116
12061.163141621999,child3,1206041,frame,-122
12071.167020257,child3,1207051,frame,18
12071.171313797999,child5,1207051,frame,32
12071.181439712,child4,1207051,frame,-113
12071.183656087,child9,1207051,frame,30
12071.189124544,child7,1207051,frame,57
12071.189427627,child1,1207051,frame,38
12071.18962796,child6,1207051,frame,54
12071.22176466,child2,1207051,frame,12
12071.223461285,child10,1207051,frame,49
12071.262974942001,child8,1207051,frame,43
12081.271762826,child3,1208061,frame,-124
12081.277719991,child5,1208061,frame,-112
12081.286684364,child4,1208061,frame,-96
12081.287960322,child9,1208061,frame,-125
12081.28892278,child1,1208061,frame,-103
12081.294608862,child6,1208061,frame,-70
12081.294781321001,child7,1208061,frame,-88
12081.326026438,child2,1208061,frame,-114
12081.330292311999,child10,1208061,frame,-76
12081.366261344001,child8,1208061,frame,-101
12091.371298979999,child8,1209071,frame,23
12091.375964229,child3,1209071,frame,161
12091.386469142999,child5,1209071,frame,152
12091.3904191,child1,1209071,frame,46
12091.391223016999,child4,1209071,frame,44
12091.394358391,child9,1209071,frame,38
12091.400277181,child7,1209071,frame,56
12091.400477681,child6,1209071,frame,20
12091.431873673,child10,1209071,frame,49
12091.433884381,child2,1209071,frame,135
12101.475737965,child8,1210081,frame,44
12101.481135631,child3,1210081,frame,21
12101.494147628,child5,1210081,frame,16
12101.495163169,child1,1210081,frame,-79
12101.497302085,child4,1210081,frame,44
12101.500820709,child9,1210081,frame,36
12101.505566708,child6,1210081,frame,179
12101.506071208,child7,1210081,frame,53
12101.537804367,child2,1210081,frame,13
12101.539400407999,child10,1210081,frame,157
12111.586375949999,child8,1211091,frame,25
12111.587645074,child3,1211091,frame,18
12111.599435905,child5,1211091,frame,13
12111.602918404,child4,1211091,frame,-79
12111.604157112,child1,1211091,frame,126
12111.608786694,child9,1211091,frame,21
12111.610902485,child6,1211091,frame,-87
12111.612451526,child7,1211091,frame,21
12111.642877769002,child2,1211091,frame,13
12111.646445143,child10,1211091,frame,-89
12120.689118934,child3,1212000,frame,51
12120.691137351001,child8,1212000,frame,23
12120.701955723001,child5,1212000,frame,57
12120.708880055,child1,1212000,frame,18
12120.709962721,child9,1212000,frame,58
12120.710818804,child4,1212000,frame,55
12120.711952179,child6,1212000,frame,40
12120.718354844,child7,1212000,frame,37
12120.745058212,child2,1212000,frame,7
12120.749732836,child10,1212000,frame,38
12130.79543242,child8,1213010,frame,-97
12130.796884086,child3,1213010,frame,-113
12130.806438417001,child5,1213010,frame,-116
12130.810032083,child1,1213010,frame,-103
12130.81504679,child4,1213010,frame,44
12130.815849665,child6,1213010,frame,-70
12130.816785248,child9,1213010,frame,13
12130.823081329,child7,1213010,frame,21
12130.848095823,child2,1213010,frame,-69
12130.857987196001,child10,1213010,frame,33
12140.865086789001,child10,1214020,frame,-92
12140.900449613,child8,1214020,frame,40
12140.903725237999,child3,1214020,frame,28
12140.914062234999,child5,1214020,frame,19
12140.914537652001,child1,1214020,frame,135
12140.920535067,child6,1214020,frame,54
12140.920957525,child4,1214020,frame,44
12140.922905775,child9,1214020,frame,-111
12140.928152148,child7,1214020,frame,-84
12140.954754767,child2,1214020,frame,12
12150.958144152,child2,1215030,frame,11
12150.972111691,child10,1215030,frame,159
12151.004774349,child8,1215030,frame,40
12151.006174724,child3,1215030,frame,12
12151.019379512001,child1,1215030,frame,-97
12151.019715095,child5,1215030,frame,130
12151.024524719,child9,1215030,frame,154
12151.025594302,child6,1215030,frame,38
12151.027855343,child4,1215030,frame,47
12151.034009759,child7,1215030,frame,145
12161.064500179,child2,1216040,frame,12
12161.076140468,child10,1216040,frame,-108
12161.112861667,child3,1216040,frame,-112
12161.113349542,child8,1216040,frame,24
12161.122796747999,child1,1216040,frame,-81
12161.125989706,child5,1216040,frame,-71
12161.126972747,child9,1216040,frame,-67
12161.130212287999,child6,1216040,frame,-86
12161.136460786,child7,1216040,frame,-225
12161.136552745,child4,1216040,frame,-220
12171.169486415001,child2,1217050,frame,40
12171.179014787,child10,1217050,frame,17
12171.21703632,child8,1217050,frame,-118
12171.219332902,child3,1217050,frame,135
12171.222360443,child1,1217050,frame,44
12171.233305149,child6,1217050,frame,-69
12171.234301399,child5,1217050,frame,-80
12171.236633481,child9,1217050,frame,-118
12171.237981938999,child4,1217050,frame,46
12171.24111748,child7,1217050,frame,38
12181.2737039,child2,1218060,frame,-122
12181.287346897001,child10,1218060,frame,-126
12181.321239930001,child3,1218060,frame,-239
12181.321354304999,child8,1218060,frame,41
12181.322586763,child1,1218060,frame,-82
12181.333267969,child6,1218060,frame,47
12181.341129759001,child4,1218060,frame,-78
12181.341380717,child5,1218060,frame,6
12181.342616008,child9,1218060,frame,21
12181.345796591,child7,1218060,frame,20
12191.376847053001,child2,1219070,frame,145
12191.391458049,child10,1219070,frame,50
12191.424484958,child1,1219070,frame,44
12191.424835666001,child3,1219070,frame,167
12191.428355414999,child8,1219070,frame,23
12191.435600747,child6,1219070,frame,124
12191.445087618999,child5,1219070,frame,25
12191.445871453001,child9,1219070,frame,147
12191.447900535,child4,1219070,frame,125
12191.449063243,child7,1219070,frame,166
12201.486441079,child2,1220080,frame,3
12201.496306910001,child10,1220080,frame,158
12201.528692151998,child3,1220080,frame,27
12201.532836109,child1,1220080,frame,-71
12201.534957109001,child8,1220080,frame,41
12201.546637439,child6,1220080,frame,-87
12201.55088223,child5,1220080,frame,5
12201.552217020999,child4,1220080,frame,-87
12201.552325937999,child9,1220080,frame,6
12201.552566604,child7,1220080,frame,5
12211.589571523,child2,1221090,frame,-76
12211.601474645,child10,1221090,frame,-106
12211.634976887,child1,1221090,frame,6
12211.635175428999,child3,1221090,frame,-94
12211.641563261,child8,1221090,frame,24
12211.652039508,child6,1221090,frame,54
12211.65612109,child4,1221090,frame,-69
12211.657085465,child9,1221090,frame,-69
12211.657593673,child7,1221090,frame,-100
12211.659890131,child5,1221090,frame,12
12221.661505601,child7,1222100,frame,163
12221.663694308,child9,1222100,frame,21
12221.664847266,child5,1222100,frame,60
12221.694033134001,child2,1222100,frame,5
12221.704864006,child10,1222100,frame,33
12221.736074707,child1,1222100,frame,249
12221.738367373,child3,1222100,frame,139
12221.745286996,child8,1222100,frame,9
12221.75709766,child6,1222100,frame,-88
12221.757968952,child4,1222100,frame,25
12230.761236878001,child6,1223009,frame,-83
12230.764957544001,child4,1223009,frame,3
12230.766605543,child9,1223009,frame,-1
12230.767334000999,child7,1223009,frame,-195
12230.770681917,child5,1223009,frame,-75
12230.799349076999,child2,1223009,frame,14
12230.808224408001,child10,1223009,frame,-102
12230.8401799,child1,1223009,frame,-66
12230.843306066,child3,1223009,frame,-123
12230.850553606,child8,1223009,frame,-103
12240.854406325,child8,1224019,frame,44
12240.862778364,child6,1224019,frame,133
12240.870074821001,child4,1224019,frame,40
12240.870617362,child9,1224019,frame,22
12240.873117695,child7,1224019,frame,46
12240.874909111,child5,1224019,frame,15
12240.907281728,child2,1224019,frame,4
12240.911223518999,child10,1224019,frame,50
12240.943710427,child1,1224019,frame,46
12240.949029259,child3,1224019,frame,161
12250.954658645,child3,1225029,frame,-121
12250.955976061,child8,1225029,frame,-102
12250.965975267001,child6,1225029,frame,-78
12250.977559806,child4,1225029,frame,-191
12250.977939181,child9,1225029,frame,-69
12250.978009722,child7,1225029,frame,-66
12250.978834513999,child5,1225029,frame,-101
12251.011047005999,child2,1225029,frame,-77
12251.017233171,child10,1225029,frame,15
12251.046385579999,child1,1225029,frame,-96
12261.058002922,child3,1226039,frame,161
12261.063469713,child8,1226039,frame,41
12261.071461960999,child6,1226039,frame,3
12261.079310000001,child4,1226039,frame,155
12261.082313875,child5,1226039,frame,138
12261.082938999,child7,1226039,frame,25
12261.084528541001,child9,1226039,frame,130
12261.115710991,child2,1226039,frame,144
12261.120053282,child10,1226039,frame,-89
12261.148336733,child1,1226039,frame,46
12271.161908575,child3,1227049,frame,-73
12271.168534406,child8,1227049,frame,23
12271.176487821,child6,1227049,frame,54
12271.184576361,child4,1227049,frame,4
12271.188701401,child9,1227049,frame,-72
12271.190096734,child7,1227049,frame,-102
12271.190337734,child5,1227049,frame,-66
12271.221268976999,child2,1227049,frame,-75
12271.224200059001,child10,1227049,frame,33
12271.250605719,child1,1227049,frame,-77
12281.260137729001,child1,1228059,frame,44
12281.265249769,child3,1228059,frame,13
12281.276785974,child8,1228059,frame,-226
12281.281216223,child6,1228059,frame,-124
12281.287483388,child4,1228059,frame,-104
12281.29400522,child7,1228059,frame,36
12281.29428097,child9,1228059,frame,-111
12281.295792261,child5,1228059,frame,7
12281.326859587001,child2,1228059,frame,12
12281.327073170001,child10,1228059,frame,34
12291.367222005001,child1,1229069,frame,28
12291.368720295999,child3,1229069,frame,12
12291.384166834001,child8,1229069,frame,263
12291.384739959,child6,1229069,frame,132
12291.394459207,child4,1229069,frame,154
12291.398590831,child9,1229069,frame,136
12291.401031455001,child7,1229069,frame,54
12291.401279497,child5,1229069,frame,7
12291.434794655,child10,1229069,frame,-76
12291.436923988,child2,1229069,frame,56
12301.472063657,child1,1230079,frame,-105
12301.473692824,child3,1230079,frame,-66
12301.483775446,child6,1230079,frame,1
12301.489438028,child8,1230079,frame,-94
12301.498432192,child4,1230079,frame,-120
12301.504631774002,child9,1230079,frame,-119
12301.507889065,child5,1230079,frame,25
12301.50867194,child7,1230079,frame,21
12301.536729516,child10,1230079,frame,49
12301.540094015001,child2,1230079,frame,-67
12311.571453853,child1,1231089,frame,59
12311.577063476,child3,1231089,frame,19
12311.593789179999,child8,1231089,frame,47
12311.601509803,child4,1231089,frame,-103
12311.609713426,child9,1231089,frame,21
12311.615612841999,child7,1231089,frame,-69
12311.616817966,child5,1231089,frame,12
12311.642993501,child2,1231089,frame,3
12311.644457459,child10,1231089,frame,-76
12316.689895537,root,1231600,peer,22
12321.671008673,child1,1232099,frame,45
12321.68063292,child3,1232099,frame,0
12321.686374169,child6,1232099,frame,44
12321.699240831998,child8,1232099,frame,51
12321.705046914,child4,1232099,frame,39
12321.713674496,child9,1232099,frame,147
12321.717807411,child7,1232099,frame,153
12321.722769452,child5,1232099,frame,129
12321.747104570999,child2,1232099,frame,5
12321.749054611999,child10,1232099,frame,157
12330.751324497,child2,1233008,frame,59
12330.75221633,child10,1233008,frame,-85
12330.776301032,child1,1233008,frame,-68
12330.783050697,child3,1233008,frame,45
12330.79116707,child6,1233008,frame,-95
12330.801339401,child8,1233008,frame,-81
12330.806422233001,child4,1233008,frame,42
12330.816148272,child9,1233008,frame,-81
12330.822813104,child7,1233008,frame,-92
12330.825325145,child5,1233008,frame,-77
12340.853952691,child10,1234018,frame,49
12340.85769069,child2,1234018,frame,50
12340.879752185,child1,1234018,frame,44
12340.888017058,child3,1234018,frame,-66
12340.902068887,child6,1234018,frame,0
12340.906380678,child8,1234018,frame,156
12340.910888302,child4,1234018,frame,17
12340.922790674,child9,1234018,frame,5
12340.924649465,child7,1234018,frame,38
12340.931143963,child5,1234018,frame,46
12350.956111594001,child10,1235028,frame,33
12350.960822593,child2,1235028,frame,-68
12350.982900296001,child1,1235028,frame,44
12350.992748918,child3,1235028,frame,20
12351.005184332,child6,1235028,frame,10
12351.012061038,child8,1235028,frame,-89
12351.01220833,child4,1235028,frame,-95
12351.025191910001,child9,1235028,frame,23
12351.029992659001,child7,1235028,frame,21
12351.03209845,child5,1235028,frame,-72
12361.059013205,child10,1236038,frame,33
12361.067902286,child2,1236038,frame,58
12361.081913199,child1,1236038,frame,30
12361.100807445,child3,1236038,frame,138
12361.108942068,child6,1236038,frame,181
12361.114970774,child8,1236038,frame,157
12361.116226691,child4,1236038,frame,172
12361.132115228,child9,1236038,frame,13
12361.135108228,child5,1236038,frame,8
12361.135851102,child7,1236038,frame,25
12371.161611857999,child10,1237048,frame,-91
12371.172149522,child2,1237048,frame,-91
12371.183142894,child1,1237048,frame,-96
12371.203815889,child3,1237048,frame,-192
12371.207985471001,child6,1237048,frame,-209
12371.217813927,child8,1237048,frame,-123
12371.220028052001,child4,1237048,frame,-234
12371.239110547,child9,1237048,frame,-2
12371.239480297,child7,1237048,frame,-120
12371.240206713,child5,1237048,frame,-74
12381.243821099,child7,1238058,frame,41
12381.243881057,child9,1238058,frame,-69
12381.246635557,child5,1238058,frame,123
12381.268948883999,child10,1238058,frame,33
12381.277315507,child2,1238058,frame,3
12381.290457296001,child1,1238058,frame,46
12381.308546082999,child3,1238058,frame,145
12381.314066706,child6,1238058,frame,-76
12381.322362912999,child8,1238058,frame,-102
12381.323869996,child4,1238058,frame,125
12391.347934376,child7,1239068,frame,38
12391.349240084,child9,1239068,frame,5
12391.351557417,child5,1239068,frame,-80
12391.376089536,child10,1239068,frame,16
12391.383127451001,child2,1239068,frame,57
12391.395236823,child1,1239068,frame,-95
12391.410605027,child3,1239068,frame,-66
12391.415856526,child6,1239068,frame,132
12391.425750774,child4,1239068,frame,39
12391.428694773,child8,1239068,frame,23
12401.453556445002,child7,1240078,frame,5
12401.456689068998,child5,1240078,frame,53
12401.459603026999,child9,1240078,frame,132
12401.481180438,child10,1240078,frame,19
12401.485391979,child2,1240078,frame,51
12401.497333226002,child1,1240078,frame,126
12401.51352418,child3,1240078,frame,5
12401.518985845,child6,1240078,frame,56
12401.530127258999,child4,1240078,frame,-85
12401.5335963,child8,1240078,frame,166
12411.558673597001,child7,1241088,frame,38
12411.561650138001,child5,1241088,frame,16
12411.564760054,child9,1241088,frame,5
12411.583609465999,child10,1241088,frame,-91
12411.58897284,child2,1241088,frame,-99
12411.598100129,child1,1241088,frame,-89
12411.619674832,child3,1241088,frame,4
12411.622114581,child6,1241088,frame,-71
12411.631312829,child4,1241088,frame,-87
12411.638433327,child8,1241088,frame,-117
12421.662365333,child7,1242098,frame,5
12421.663496457999,child5,1242098,frame,50
12421.671537581,child9,1242098,frame,40
12421.686267326999,child10,1242098,frame,34
12421.695999325,child2,1242098,frame,-2
12421.703514406,child1,1242098,frame,37
12421.721200277001,child6,1242098,frame,7
12421.723062526,child3,1242098,frame,9
12421.735361355999,child4,1242098,frame,177
12421.743307854,child8,1242098,frame,10
12430.738504490999,child4,1243007,frame,-83
12430.74882553,child8,1243007,frame,-71
12430.765515318,child7,1243007,frame,-99
12430.769923483,child5,1243007,frame,-77
12430.776181398001,child9,1243007,frame,-77
12430.788587312,child10,1243007,frame,-88
12430.798660851,child2,1243007,frame,13
12430.807238141,child1,1243007,frame,-76
12430.823449095,child6,1243007,frame,-104
12430.827787885999,child3,1243007,frame,-78
12440.839754603001,child4,1244017,frame,-89
12440.854129599,child8,1244017,frame,24
12440.866784595999,child7,1244017,frame,-105
12440.874028469,child5,1244017,frame,-73
12440.877928051,child9,1244017,frame,-127
12440.892248381,child10,1244017,frame,-75
12440.906057253,child2,1244017,frame,-85
12440.912468251,child1,1244017,frame,-73
12440.92902033,child6,1244017,frame,20
12440.929856163,child3,1244017,frame,11
12450.939470047999,child4,1245027,frame,132
12450.939998048,child3,1245027,frame,9
12450.95684121,child8,1245027,frame,-86
12450.971745873001,child7,1245027,frame,182
12450.981133496,child5,1245027,frame,-1
12450.984048162,child9,1245027,frame,138
12451.000209741,child10,1245027,frame,128
12451.010805113001,child2,1245027,frame,140
12451.013458238,child1,1245027,frame,131
12451.034252524,child6,1245027,frame,23
12461.042118158999,child6,1246037,frame,1
12461.04331645,child4,1246037,frame,-96
12461.045195908,child3,1246037,frame,5
12461.062255654,child8,1246037,frame,184
12461.075174151,child7,1246037,frame,23
12461.081477607,child5,1246037,frame,53
12461.088898439,child9,1246037,frame,43
12461.101899186,child10,1246037,frame,23
12461.113407349,child2,1246037,frame,-74
12461.116332931999,child1,1246037,frame,44
12471.14517877,child6,1247047,frame,54
12471.149268269,child4,1247047,frame,-73
12471.150663018,child3,1247047,frame,20
12471.169753805001,child8,1247047,frame,-118
12471.179387678,child7,1247047,frame,-120
12471.187441508999,child5,1247047,frame,16
12471.194248632999,child9,1247047,frame,44
12471.203861339,child10,1247047,frame,45
12471.219633001,child2,1247047,frame,-67
12471.221209084,child1,1247047,frame,-81
12481.249074672001,child6,1248057,frame,0
12481.255028504,child4,1248057,frame,132
12481.255152962,child3,1248057,frame,137
12481.275177749001,child8,1248057,frame,41
12481.280280414001,child7,1248057,frame,41
12481.290835287,child5,1248057,frame,52
12481.301753242,child9,1248057,frame,-88
12481.308640074,child10,1248057,frame,40
12481.325449528,child2,1248057,frame,136
12481.328662152,child1,1248057,frame,44
12491.350116075,child6,1249067,frame,-117
12491.358816073,child3,1249067,frame,-66
12491.361138906,child4,1249067,frame,-78
12491.383302983999,child8,1249067,frame,39
12491.387527983,child7,1249067,frame,-104
12491.391182024001,child5,1249067,frame,-74
12491.40574202,child9,1249067,frame,-127
12491.410630727001,child10,1249067,frame,-83
12491.426895181,child2,1249067,frame,-77
12491.433254513,child1,1249067,frame,54
12501.45322777,child6,1250077,frame,33
12501.464305017,child4,1250077,frame,-79
12501.465259433,child3,1250077,frame,4
12501.490629676999,child8,1250077,frame,-101
12501.494791468,child5,1250077,frame,-126
12501.496261551,child7,1250077,frame,55
12501.510487589,child9,1250077,frame,13
12501.515304838,child10,1250077,frame,-84
12501.53298725,child1,1250077,frame,-213
12501.534228,child2,1250077,frame,4
12511.541145301,child2,1251087,frame,128
12511.558218839002,child6,1251087,frame,142
12511.570945127,child4,1251087,frame,142
12511.571310502,child3,1251087,frame,5
12511.595777953999,child8,1251087,frame,57
12511.598048662,child5,1251087,frame,148
12511.600478160999,child7,1251087,frame,54
12511.618058907,child9,1251087,frame,127
12511.622728364,child10,1251087,frame,183
12511.637129194001,child1,1251087,frame,132
12521.641318288,child1,1252097,frame,-78
12521.649011078,child2,1252097,frame,-73
12521.662391783,child6,1252097,frame,-75
12521.675767113,child4,1252097,frame,-70
12521.678812362,child3,1252097,frame,-193
12521.702771897999,child8,1252097,frame,25
12521.705101897,child5,1252097,frame,-2
12521.706042605,child7,1252097,frame,21
12521.719097268,child9,1252097,frame,60
12521.72790035,child10,1252097,frame,25
12530.733091025,child10,1253006,frame,-2
12530.74317344,child1,1253006,frame,184
12530.753760687,child2,1253006,frame,43
12530.764717601,child6,1253006,frame,47
12530.781209388999,child4,1253006,frame,57
12530.783235346,child3,1253006,frame,252
12530.80727759,child8,1253006,frame,162
12530.811470714,child5,1253006,frame,129
12530.812977839001,child7,1253006,frame,23
12530.824275586,child9,1253006,frame,33
12540.829371054999,child9,1254016,frame,-80
12540.839123261,child10,1254016,frame,21
12540.846222259,child1,1254016,frame,38
12540.858473423,child2,1254016,frame,58
12540.865901420999,child6,1254016,frame,-70
12540.885603749,child4,1254016,frame,0
12540.886289624,child3,1254016,frame,48
12540.914435241999,child8,1254016,frame,-115
12540.915568492,child5,1254016,frame,-89
12540.917149616,child7,1254016,frame,21
12550.936113748,child9,1255026,frame,40
12550.945083995999,child10,1255026,frame,-108
12550.948539537,child1,1255026,frame,-70
12550.964044866,child2,1255026,frame,-82
12550.966536866,child6,1255026,frame,-1
12550.991074276,child4,1255026,frame,-69
12550.992178026,child3,1255026,frame,-209
12551.020598144001,child8,1255026,frame,23
12551.022538977,child5,1255026,frame,-74
12551.023071977,child7,1255026,frame,40
12561.027821112,child5,1256036,frame,-1
12561.029390695,child7,1256036,frame,6
12561.040854317,child9,1256036,frame,-65
12561.051427439,child10,1256036,frame,34
12561.055615647,child1,1256036,frame,-89
12561.066937477,child2,1256036,frame,25
12561.070130310001,child6,1256036,frame,-116
12561.096916928002,child4,1256036,frame,-71
12561.098446511,child3,1256036,frame,2
12561.122922755,child8,1256036,frame,-117
12571.132152639,child7,1257046,frame,-100
12571.132498138999,child8,1257046,frame,169
12571.13815468,child5,1257046,frame,7
12571.144344552999,child9,1257046,frame,60
12571.157722591,child10,1257046,frame,32
12571.163107632,child1,1257046,frame,52
12571.173095379001,child2,1257046,frame,-72
12571.175382795,child6,1257046,frame,148
12571.199039456,child4,1257046,frame,16
12571.203153913,child3,1257046,frame,19
12581.238348958,child7,1258056,frame,23
12581.240439624,child8,1258056,frame,-116
12581.243857165,child5,1258056,frame,124
12581.251073288,child9,1258056,frame,37
12581.263739577,child1,1258056,frame,-73
12581.26543116,child10,1258056,frame,19
12581.273556282,child2,1258056,frame,50
12581.282068863999,child6,1258056,frame,-70
12581.303423608,child4,1258056,frame,133
12581.310177148,child3,1258056,frame,10
12591.341867277,child7,1259066,frame,130
12591.342281652,child8,1259066,frame,26
12591.346611609,child5,1259066,frame,-78
12591.356117315,child9,1259066,frame,28
12591.367820354,child10,1259066,frame,2
12591.36997427,child1,1259066,frame,36
12591.377423518,child2,1259066,frame,-82
12591.390853473,child6,1259066,frame,20
12591.410449177001,child4,1259066,frame,2
12591.415981634,child3,1259066,frame,55
12601.446343471,child8,1260076,frame,8
12601.449891094999,child5,1260076,frame,51
12601.45135897,child7,1260076,frame,9
12601.460053801,child9,1260076,frame,17
12601.471524215,child1,1260076,frame,169
12601.478185962998,child10,1260076,frame,1
12601.48456342,child2,1260076,frame,129
12601.494281376,child6,1260076,frame,140
12601.513448496002,child4,1260076,frame,-1
12601.521839036,child3,1260076,frame,5
12611.552954665,child8,1261086,frame,8
12611.554223331,child5,1261086,frame,-81
12611.554525581001,child7,1261086,frame,-198
12611.563929787,child9,1261086,frame,-89
12611.576116742,child1,1261086,frame,-113
12611.582512074,child10,1261086,frame,20
12611.594243070998,child2,1261086,frame,24
12611.596963529,child6,1261086,frame,-70
12611.619083565001,child4,1261086,frame,-72
12611.625786146,child3,1261086,frame,44
12621.634001198,child3,1262096,frame,2
12621.656208483999,child8,1262096,frame,43
12621.6584814,child7,1262096,frame,33
12621.659302275,child5,1262096,frame,5
12621.667999523,child9,1262096,frame,51
12621.679800103,child1,1262096,frame,-80
12621.689107434,child10,1262096,frame,-107
12621.697441682,child6,1262096,frame,6
12621.699445723001,child2,1262096,frame,-81
12621.727233966001,child4,1262096,frame,6
12630.729621601,child4,1263005,frame,7
12630.737897766,child3,1263005,frame,58
12630.758104219001,child8,1263005,frame,23
12630.761286635001,child5,1263005,frame,57
12630.765641884,child7,1263005,frame,139
12630.774616965,child9,1263005,frame,34
12630.783139379,child1,1263005,frame,133
12630.79363446,child10,1263005,frame,38
12630.799950375,child6,1263005,frame,47
12630.803074083,child2,1263005,frame,7
12640.835201878,child4,1264015,frame,-126
12640.842765876001,child3,1264015,frame,-207
12640.862195205,child8,1264015,frame,-243
12640.866736912001,child5,1264015,frame,-80
12640.870472494,child7,1264015,frame,-108
12640.879024492,child9,1264015,frame,-108
12640.885881782,child1,1264015,frame,-87
12640.902964736,child10,1264015,frame,17
12640.904564694001,child6,1264015,frame,-70
12640.906951777,child2,1264015,frame,-93
12650.937859781001,child4,1265025,frame,131
12650.948669153,child3,1265025,frame,129
12650.968619398,child8,1265025,frame,166
12650.974205355,child5,1265025,frame,134
12650.975735062999,child7,1265025,frame,31
12650.982578311,child9,1265025,frame,161
12650.995697516,child1,1265025,frame,38
12651.005422014,child10,1265025,frame,18
12651.00932918,child6,1265025,frame,46
12651.012415471001,child2,1265025,frame,129
12661.044437891002,child4,1266035,frame,-73
12661.051883972,child3,1266035,frame,-75
12661.073742716999,child8,1266035,frame,24
12661.079959048999,child5,1266035,frame,-90
12661.085058464,child7,1266035,frame,-66
12661.087319088001,child9,1266035,frame,-104
12661.101542543,child1,1266035,frame,-87
12661.10915375,child6,1266035,frame,-70
12661.110266499,child10,1266035,frame,-108
12661.115941373,child2,1266035,frame,42
12671.121134256,child2,1267045,frame,-83
12671.151352956998,child4,1267045,frame,15
12671.156994497,child3,1267045,frame,-66
12671.177925867001,child8,1267045,frame,7
12671.184255865,child5,1267045,frame,60
12671.188554905999,child7,1267045,frame,25
12671.189386823,child9,1267045,frame,-89
12671.206184027,child1,1267045,frame,38
12671.210264151,child6,1267045,frame,-71
12671.216986983,child10,1267045,frame,141
12681.222617543,child6,1268055,frame,144
12681.225941917,child10,1268055,frame,20
12681.228581666,child2,1268055,frame,42
12681.258767992,child4,1268055,frame,16
12681.263108699999,child3,1268055,frame,136
12681.28075682,child8,1268055,frame,28
12681.288503152,child5,1268055,frame,170
12681.293598234,child9,1268055,frame,160
12681.293673359,child7,1268055,frame,145
12681.307207022,child1,1268055,frame,55
12691.328018662,child6,1269065,frame,-124
12691.331554453,child10,1269065,frame,-106
12691.332488411,child2,1269065,frame,32
12691.36237907,child4,1269065,frame,16
12691.366651403001,child3,1269065,frame,-193
12691.385322273,child8,1269065,frame,7
12691.395081146,child5,1269065,frame,29
12691.400109395,child9,1269065,frame,-89
12691.400157436,child7,1269065,frame,-100
12691.409496476,child1,1269065,frame,-73
12701.431516407,child6,1270075,frame,7
12701.439042279999,child10,1270075,frame,33
12701.441252071001,child2,1270075,frame,-75
12701.469884023,child4,1270075,frame,9
12701.472880271998,child3,1270075,frame,151
12701.4946766,child8,1270075,frame,-100
12701.502121223,child5,1270075,frame,-93
12701.505447055999,child7,1270075,frame,140
12701.505473139,child9,1270075,frame,36
12701.515477136,child1,1270075,frame,52
12711.536163818,child6,1271085,frame,9
12711.541610025,child10,1271085,frame,17
12711.546349691,child2,1271085,frame,50
12711.575423767,child4,1271085,frame,8
12711.578970099,child3,1271085,frame,11
12711.601616760001,child8,1271085,frame,23
12711.603925551999,child5,1271085,frame,20
12711.609696634001,child7,1271085,frame,-81
12711.611773425,child9,1271085,frame,37
12711.618611173,child1,1271085,frame,36
12721.641294271,child6,1272095,frame,13
12721.648942602,child10,1272095,frame,-107
12721.65223356,child2,1272095,frame,-81
12721.678203179,child4,1272095,frame,-117
12721.683401761,child3,1272095,frame,-252
12721.70452438,child8,1272095,frame,-99
12721.70805588,child5,1272095,frame,19
12721.716845669,child9,1272095,frame,-89
12721.718747502,child7,1272095,frame,-102
12721.721428084998,child1,1272095,frame,-80
12730.713115266999,child5,1273004,frame,-120
12730.719774057,child9,1273004,frame,-111
12730.721540307,child1,1273004,frame,-69
12730.726393764,child7,1273004,frame,-118
12730.740826385001,child6,1273004,frame,-195
12730.750186591,child10,1273004,frame,37
12730.759085339001,child2,1273004,frame,-89
12730.780690584,child4,1273004,frame,-116
12730.785772833,child3,1273004,frame,9
12730.80896691,child8,1273004,frame,-86
12740.813821763,child5,1274014,frame,29
12740.817438595,child8,1274014,frame,40
12740.820029719001,child9,1274014,frame,6
12740.822913552,child1,1274014,frame,60
12740.830948008,child7,1274014,frame,41
12740.843029046999,child6,1274014,frame,41
12740.856184586,child10,1274014,frame,-108
12740.862427376,child2,1274014,frame,2
12740.885363995001,child4,1274014,frame,41
12740.891060619,child3,1274014,frame,170
12750.917675549,child5,1275024,frame,-110
12750.923734131,child9,1275024,frame,-127
12750.925555589,child8,1275024,frame,-86
12750.929973838,child1,1275024,frame,-81
12750.935353378,child7,1275024,frame,14
12750.946865667,child6,1275024,frame,31
12750.957218123,child10,1275024,frame,34
12750.967092453999,child2,1275024,frame,12
12750.99045449,child4,1275024,frame,-94
12750.992042697999,child3,1275024,frame,-105
12761.026185834,child5,1276034,frame,-78
12761.026245543,child8,1276034,frame,-114
12761.026480125998,child9,1276034,frame,-120
12761.034742082,child1,1276034,frame,-65
12761.040542872,child7,1276034,frame,-93
12761.051036745,child6,1276034,frame,-100
12761.061757201,child10,1276034,frame,-200
12761.069186782,child2,1276034,frame,-201
12761.094806650999,child4,1276034,frame,-78
12761.099499941001,child3,1276034,frame,29
12771.126570204999,child8,1277044,frame,141
12771.128984663,child9,1277044,frame,26
12771.132846953002,child5,1277044,frame,59
12771.136629411001,child1,1277044,frame,140
12771.149435157999,child7,1277044,frame,-1
12771.153039323,child6,1277044,frame,12
12771.163969737001,child10,1277044,frame,269
12771.177690317,child2,1277044,frame,162
12771.200089437001,child4,1277044,frame,2
12771.206438644,child3,1277044,frame,43
12781.230358991,child8,1278054,frame,-240
12781.237017365,child1,1278054,frame,-196
12781.237097906002,child9,1278054,frame,-89
12781.237262781,child5,1278054,frame,-66
12781.254664194,child7,1278054,frame,-213
12781.25759411,child6,1278054,frame,-79
12781.267828732001,child10,1278054,frame,-334
12781.283587437,child2,1278054,frame,-97
12781.305427348001,child4,1278054,frame,-100
12781.31111068,child3,1278054,frame,-229
12791.317614365,child3,1279064,frame,131
12791.336561902,child8,1279064,frame,-74
12791.341508525999,child1,1279064,frame,24
12791.344147859,child9,1279064,frame,-1
12791.345380899998,child5,1279064,frame,-1
12791.357761522,child6,1279064,frame,1
12791.359493688,child7,1279064,frame,167
12791.374366058999,child10,1279064,frame,26
12791.388036264001,child2,1279064,frame,34
12791.410315051,child4,1279064,frame,32
12801.415072445,child4,1280074,frame,37
12801.420326193,child3,1280074,frame,-127
12801.443056188,child8,1280074,frame,57
12801.444532104,child1,1280074,frame,30
12801.447112187,child9,1280074,frame,139
12801.453382810001,child5,1280074,frame,7
12801.463460974,child6,1280074,frame,8
12801.467098265,child7,1280074,frame,-120
12801.476436846,child10,1280074,frame,160
12801.491108217999,child2,1280074,frame,-98
12811.519054814,child4,1281084,frame,-94
12811.524166855,child3,1281084,frame,49
12811.548180766,child1,1281084,frame,-84
12811.54932564,child8,1281084,frame,3
12811.549607182,child9,1281084,frame,-81
12811.559114388001,child5,1281084,frame,-218
12811.570281176999,child7,1281084,frame,34
12811.57189276,child6,1281084,frame,-108
12811.579959674,child10,1281084,frame,-69
12811.595043296,child2,1281084,frame,53
12821.626771016,child4,1282094,frame,37
12821.630499015,child3,1282094,frame,-77
12821.650774219,child1,1282094,frame,29
12821.653671968,child9,1282094,frame,4
12821.656594884002,child8,1282094,frame,-77
12821.669822839,child5,1282094,frame,160
12821.67531363,child7,1282094,frame,22
12821.678333212,child6,1282094,frame,13
12821.689220001,child10,1282094,frame,-97
12821.697124374,child2,1282094,frame,45
12830.733030338,child4,1283003,frame,-88
12830.734432379,child3,1283003,frame,38
12830.754951457,child1,1283003,frame,-81
12830.757615915001,child9,1283003,frame,1
12830.758390289999,child8,1283003,frame,136
12830.776161577,child5,1283003,frame,-105
12830.779807951,child7,1283003,frame,8
12830.781173951,child6,1283003,frame,-125
12830.793897364,child10,1283003,frame,30
12830.799252738001,child2,1283003,frame,-77
12840.835217333,child4,1284013,frame,53
12840.839989998,child3,1284013,frame,6
12840.861407576,child8,1284013,frame,11
12840.862004576,child1,1284013,frame,44
12840.862096285,child9,1284013,frame,131
12840.879036864,child5,1284013,frame,36
12840.884602404,child6,1284013,frame,174
12840.888355361,child7,1284013,frame,39
12840.899878817,child10,1284013,frame,43
12840.900922692,child2,1284013,frame,167
12850.905892627,child10,1285023,frame,-106
12850.907323627001,child2,1285023,frame,-106
12850.940481619,child4,1285023,frame,46
12850.945773076,child3,1285023,frame,13
12850.965573403999,child9,1285023,frame,-98
12850.966758654,child8,1285023,frame,47
12850.969045195001,child1,1285023,frame,36
12850.98468815,child5,1285023,frame,-94
12850.992940648,child6,1285023,frame,-101
12850.997073647,child7,1285023,frame,14
12861.008123497,child2,1286033,frame,52
12861.013102038,child10,1286033,frame,129
12861.045809155,child4,1286033,frame,47
12861.046296237999,child3,1286033,frame,21
12861.070682065001,child9,1286033,frame,-1
12861.073476315,child8,1286033,frame,2
12861.074161773,child1,1286033,frame,52
12861.091290935,child5,1286033,frame,179
12861.095273392999,child6,1286033,frame,123
12861.100891725,child7,1286033,frame,33
12871.10566141,child7,1287043,frame,-73
12871.112278742,child2,1287043,frame,-90
12871.120210907,child10,1287043,frame,18
12871.151507649001,child3,1287043,frame,-2
12871.151787607,child4,1287043,frame,-92
12871.174371268,child9,1287043,frame,53
12871.176245851,child8,1287043,frame,58
12871.178867767001,child1,1287043,frame,29
12871.197330763,child5,1287043,frame,-77
12871.199028762,child6,1287043,frame,25
12881.210388655,child7,1288053,frame,-91
12881.219036653001,child2,1288053,frame,-91
12881.226461234,child10,1288053,frame,-123
12881.257174477,child4,1288053,frame,-77
12881.257310142999,child3,1288053,frame,12
12881.27825618,child9,1288053,frame,-81
12881.280913096,child8,1288053,frame,-100
12881.280966263,child1,1288053,frame,-97
12881.301982757,child5,1288053,frame,44
12881.30449834,child6,1288053,frame,-101
12891.307687109,child6,1289063,frame,41
12891.308246151,child5,1289063,frame,44
12891.312959275,child7,1289063,frame,31
12891.328958021,child2,1289063,frame,176
12891.331408811999,child10,1289063,frame,52
12891.362030888,child4,1289063,frame,128
12891.366104303,child3,1289063,frame,-2
12891.381935258,child1,1289063,frame,45
12891.383320008,child8,1289063,frame,41
12891.385835715,child9,1289063,frame,7
12901.408854063,child6,1290073,frame,24
12901.41453752,child5,1290073,frame,15
12901.417785853,child7,1290073,frame,139
12901.435265432001,child10,1290073,frame,43
12901.436607765001,child2,1290073,frame,36
12901.466003923999,child4,1290073,frame,-84
12901.471125715001,child3,1290073,frame,6
12901.484538045,child1,1290073,frame,30
12901.49021396,child9,1290073,frame,41
12901.490915000999,child8,1290073,frame,52
12911.511531433,child6,1291083,frame,150
12911.520093473,child5,1291083,frame,155
12911.524641222,child7,1291083,frame,17
12911.540651176,child10,1291083,frame,27
12911.541072467999,child2,1291083,frame,35
12911.569872168999,child4,1291083,frame,56
12911.579015958,child3,1291083,frame,123
12911.585598165,child1,1291083,frame,-94
12911.593008788,child9,1291083,frame,53
12911.596201371,child8,1291083,frame,17
12921.612600887001,child6,1292093,frame,-73
12921.627671466,child5,1292093,frame,-126
12921.628876633,child7,1292093,frame,-126
12921.644695253999,child10,1292093,frame,-99
12921.647356503001,child2,1292093,frame,-121
12921.678160996,child4,1292093,frame,41
12921.685407369001,child1,1292093,frame,31
12921.690005493,child3,1292093,frame,-78
12921.695694700002,child9,1292093,frame,-81
12921.699744532,child8,1292093,frame,-83
12930.700948379,child9,1293002,frame,56
12930.706567836,child8,1293002,frame,38
12930.714442584,child6,1293002,frame,-69
12930.733353996,child5,1293002,frame,25
12930.733466038,child7,1293002,frame,26
12930.747274118,child10,1293002,frame,37
12930.751445075,child2,1293002,frame,55
12930.781349818,child4,1293002,frame,-94
12930.78730565,child1,1293002,frame,-87
12930.792841065,child3,1293002,frame,35
12940.798073625001,child3,1294012,frame,-74
12940.802713249,child9,1294012,frame,34
12940.811883955,child8,1294012,frame,34
12940.820929828,child6,1294012,frame,9
12940.837113783,child7,1294012,frame,14
12940.840743073,child5,1294012,frame,59
12940.854061903,child10,1294012,frame,27
12940.857318153,child2,1294012,frame,36
12940.887029937,child4,1294012,frame,-68
12940.896587893,child1,1294012,frame,46
12950.899202746,child1,1295022,frame,-78
12950.902337537,child3,1295022,frame,39
12950.912008659,child9,1295022,frame,-206
12950.916838075002,child8,1295022,frame,-84
12950.92445199,child6,1295022,frame,36
12950.939208986,child7,1295022,frame,33
12950.946153693,child5,1295022,frame,-119
12950.955644898999,child10,1295022,frame,17
12950.962764105,child2,1295022,frame,-90
12950.991741473,child4,1295022,frame,9
12961.000252533,child1,1296032,frame,125
12961.012228571999,child3,1296032,frame,-72
12961.017196154,child9,1296032,frame,264
12961.024818569002,child8,1296032,frame,42
12961.027570692999,child6,1296032,frame,16
12961.041361731,child7,1296032,frame,24
12961.053090062,child5,1296032,frame,131
12961.060013852,child10,1296032,frame,37
12961.064616851,child2,1296032,frame,18
12961.095277051,child4,1296032,frame,128
12971.096723487999,child4,1297042,frame,-192
12971.102375903,child1,1297042,frame,-69
12971.119819274001,child3,1297042,frame,-2
12971.121037064999,child9,1297042,frame,-87
12971.131182688,child6,1297042,frame,-124
12971.132839062,child8,1297042,frame,-101
12971.146807684001,child7,1297042,frame,-72
12971.158321389,child5,1297042,frame,-197
12971.162541471998,child10,1297042,frame,-232
12971.174875719,child2,1297042,frame,-106
12981.200953524,child4,1298052,frame,15
12981.209837814,child1,1298052,frame,52
12981.22301306,child3,1298052,frame,-2
12981.227934767001,child9,1298052,frame,26
12981.235222766001,child6,1298052,frame,16
12981.237532473,child8,1298052,frame,59
12981.252985719999,child7,1298052,frame,16
12981.262976551,child5,1298052,frame,141
12981.268256049,child10,1298052,frame,176
12981.277529797,child2,1298052,frame,-73
12991.306284643,child4,1299062,frame,-118
12991.316618141,child1,1299062,frame,-73
12991.327496097001,child3,1299062,frame,-66
12991.332160762,child9,1299062,frame,-79
12991.337986802,child6,1299062,frame,17
12991.341867635001,child8,1299062,frame,39
12991.359486422001,child7,1299062,frame,-110
12991.36991542,child5,1299062,frame,-109
12991.371468877998,child10,1299062,frame,-90
12991.382019708,child2,1299062,frame,5
13001.410282263,child4,1300072,frame,157
13001.415640012,child1,1300072,frame,178
13001.433411840999,child3,1300072,frame,146
13001.438937173,child9,1300072,frame,123
13001.440851964,child6,1300072,frame,32
13001.447829504,child8,1300072,frame,42
13001.463673667,child7,1300072,frame,49
13001.474672289001,child10,1300072,frame,176
13001.474851164001,child5,1300072,frame,28
13001.487577160999,child2,1300072,frame,181
13011.515923882,child4,1301082,frame,-102
13011.516339216,child1,1301082,frame,-89
13011.537208876998,child3,1301082,frame,-2
13011.544888375,child9,1301082,frame,-89
13011.547150541,child6,1301082,frame,-100
13011.553874206,child8,1301082,frame,-81
13011.568297828,child7,1301082,frame,32
13011.578029576,child5,1301082,frame,12
13011.583916532001,child10,1301082,frame,-107
13011.589507906,child2,1301082,frame,-81
13021.620482294,child1,1302092,frame,-87
13021.623694251,child4,1302092,frame,29
13021.646191621,child9,1302092,frame,53
13021.648265995,child6,1302092,frame,47
13021.648323745,child3,1302092,frame,3
13021.658307075999,child8,1302092,frame,41
13021.674809739,child7,1302092,frame,12
13021.68103932,child5,1302092,frame,15
13021.686248569,child10,1302092,frame,16
13021.692913359,child2,1302092,frame,59
13030.688335999,child10,1303001,frame,34
13030.699015954999,child2,1303001,frame,1
13030.72769199,child1,1303001,frame,182
13030.728079740002,child4,1303001,frame,9
13030.747650860001,child6,1303001,frame,50
13030.749822901,child9,1303001,frame,-103
13030.750287526,child3,1303001,frame,37
13030.764571022,child8,1303001,frame,45
13030.779019810001,child7,1303001,frame,25
13030.782852226,child5,1303001,frame,15
13040.789701036001,child5,1304011,frame,-118
13040.79516591,child10,1304011,frame,-90
13040.800213492,child2,1304011,frame,-91
13040.828665818,child1,1304011,frame,-230
13040.828835485001,child4,1304011,frame,-102
13040.851808771,child6,1304011,frame,44
13040.854337354001,child3,1304011,frame,-67
13040.854728104001,child9,1304011,frame,-88
13040.871503183,child8,1304011,frame,-81
13040.881364931,child7,1304011,frame,14
13050.894065489,child5,1305021,frame,180
13050.899468946001,child10,1305021,frame,49
13050.904913362001,child2,1305021,frame,130
13050.930618729999,child1,1305021,frame,123
13050.932158938,child4,1305021,frame,56
13050.955263558,child6,1305021,frame,24
13050.959381265,child3,1305021,frame,57
13050.960188681001,child9,1305021,frame,140
13050.976190053,child8,1305021,frame,-84
13050.986901092001,child7,1305021,frame,-91
13060.990818902,child7,1306031,frame,146
13060.998071984,child5,1306031,frame,59
13061.002571399,child10,1306031,frame,19
13061.009394481,child2,1306031,frame,43
13061.03326585,child4,1306031,frame,158
13061.035615183,child1,1306031,frame,38
13061.063949759,child6,1306031,frame,134
13061.065228843,child3,1306031,frame,50
13061.067545967,child9,1306031,frame,52
13061.082365963,child8,1306031,frame,182
13071.097541646,child7,1307041,frame,-99
13071.100162187,child5,1307041,frame,-120
13071.104181395,child10,1307041,frame,-90
13071.116919933,child2,1307041,frame,-97
13071.138402428,child4,1307041,frame,-108
13071.141040677,child1,1307041,frame,-86
13071.172089337,child9,1307041,frame,34
13071.172288920001,child3,1307041,frame,-83
13071.176636669,child6,1307041,frame,-195
13071.185351875,child8,1307041,frame,-100
13081.190625809999,child8,1308051,frame,165
13081.205907057,child7,1308051,frame,148
13081.207471431,child10,1308051,frame,160
13081.207721765,child5,1308051,frame,132
13081.223670886,child2,1308051,frame,142
13081.243376547,child4,1308051,frame,18
13081.244447881,child1,1308051,frame,38
13081.276498206002,child9,1308051,frame,36
13081.279244829999,child3,1308051,frame,43
13081.280079789,child6,1308051,frame,17
13091.296485720999,child8,1309061,frame,-82
13091.308658427,child7,1309061,frame,-73
13091.311341718,child10,1309061,frame,17
13091.311856093,child5,1309061,frame,-72
13091.331666629,child2,1309061,frame,-89
13091.347574834,child1,1309061,frame,55
13091.348459375,child4,1309061,frame,-92
13091.382391116998,child9,1309061,frame,-80
13091.383148742,child6,1309061,frame,16
13091.384551325002,child3,1309061,frame,32
13101.403156757,child8,1310071,frame,-101
13101.415948421,child7,1310071,frame,18
13101.416178337,child5,1310071,frame,17
13101.419831586,child10,1310071,frame,21
13101.435563541001,child2,1310071,frame,35
13101.446137955001,child1,1310071,frame,55
13101.451285537001,child4,1310071,frame,33
13101.486629945,child6,1310071,frame,18
13101.487415445,child9,1310071,frame,45
13101.487642236,child3,1310071,frame,-81
13111.491890005,child9,1311081,frame,28
13111.492370172,child6,1311081,frame,1
13111.495907504,child3,1311081,frame,52
13111.509238043001,child8,1311081,frame,166
13111.520150582,child7,1311081,frame,-65
13111.522134456,child10,1311081,frame,18
13111.525408122,child5,1311081,frame,-66
13111.540411994001,child2,1311081,frame,-89
13111.550951116,child1,1311081,frame,-104
13111.558723447,child4,1311081,frame,34
13121.595449667,child6,1312091,frame,-122
13121.600643791,child9,1312091,frame,-223
13121.604027665,child3,1312091,frame,-75
13121.614765412,child8,1312091,frame,-208
13121.625311868002,child7,1312091,frame,24
13121.630615658,child5,1312091,frame,4
13121.633309740999,child10,1312091,frame,-231
13121.649073945,child2,1312091,frame,25
13121.656043818999,child1,1312091,frame,-72
13121.660602734,child4,1312091,frame,-94
13130.700233989,child6,1313000,frame,125
13130.707102987,child9,1313000,frame,36
13130.708083778,child3,1313000,frame,30
13130.721463483,child8,1313000,frame,45
13130.729856356,child7,1313000,frame,126
13130.736716396,child5,1313000,frame,48
13130.737581103998,child10,1313000,frame,155
13130.755820350001,child2,1313000,frame,36
13130.761382265,child1,1313000,frame,169
13130.767080347,child4,1313000,frame,18
13140.802107149999,child6,1314010,frame,-116
13140.811201982,child9,1314010,frame,52
13140.811739356,child3,1314010,frame,52
13140.826798061,child8,1314010,frame,-100
13140.836267309001,child7,1314010,frame,-193
13140.840843891001,child10,1314010,frame,-106
13140.843163849,child5,1314010,frame,-126
13140.861603303001,child2,1314010,frame,-91
13140.866149176,child1,1314010,frame,-97
13140.877014465,child4,1314010,frame,-92
13150.883904983999,child4,1315020,frame,4
13150.905303312,child6,1315020,frame,40
13150.915656393001,child3,1315020,frame,53
13150.915938893,child9,1315020,frame,36
13150.930813931,child8,1315020,frame,138
13150.943660303,child7,1315020,frame,156
13150.949843593,child5,1315020,frame,22
13150.950897134,child10,1315020,frame,35
13150.969511213001,child2,1315020,frame,160
13150.971170338,child1,1315020,frame,45
13160.98976527,child4,1316030,frame,57
13161.004646016,child6,1316030,frame,17
13161.018268053998,child3,1316030,frame,-89
13161.020051471001,child9,1316030,frame,52
13161.040330423999,child8,1316030,frame,-92
13161.048156714,child7,1316030,frame,-81
13161.055322629,child5,1316030,frame,25
13161.05641542,child10,1316030,frame,1
13161.074573416001,child2,1316030,frame,-104
13161.075774289999,child1,1316030,frame,-97
13171.095597847,child4,1317040,frame,-68
13171.110201052,child6,1317040,frame,16
13171.124964674,child3,1317040,frame,-73
13171.127404631,child9,1317040,frame,-71
13171.148401043,child8,1317040,frame,1
13171.152108834,child7,1317040,frame,-99
13171.160123582,child10,1317040,frame,37
13171.161812831,child5,1317040,frame,21
13171.178036744,child1,1317040,frame,-81
13171.179864368,child2,1317040,frame,-73
13181.183433721,child2,1318050,frame,50
13181.202274382998,child4,1318050,frame,137
13181.220961295,child6,1318050,frame,17
13181.228822002,child3,1318050,frame,128
13181.235623417,child9,1318050,frame,52
13181.254528579,child8,1318050,frame,14
13181.258118286001,child7,1318050,frame,139
13181.265610326,child5,1318050,frame,13
13181.269227282999,child10,1318050,frame,35
13181.282453779999,child1,1318050,frame,123
13191.283463091999,child1,1319060,frame,-71
13191.289121673999,child2,1319060,frame,52
13191.305425503,child4,1319060,frame,-77
13191.326456706,child6,1319060,frame,-89
13191.335435412,child9,1319060,frame,53
13191.335679954,child3,1319060,frame,42
13191.358191073,child8,1319060,frame,-77
13191.365608363001,child7,1319060,frame,18
13191.369268612,child5,1319060,frame,14
13191.37712761,child10,1319060,frame,-91
13201.384580336999,child10,1320070,frame,176
13201.385214004,child1,1320070,frame,55
13201.390745169001,child2,1320070,frame,18
13201.409707206,child4,1320070,frame,126
13201.430691326,child6,1320070,frame,32
13201.43970999,child9,1320070,frame,33
13201.439912574,child3,1320070,frame,43
13201.464601109,child8,1320070,frame,160
13201.469318816,child7,1320070,frame,6
13201.473928607,child5,1320070,frame,8
13211.481968917,child5,1321080,frame,23
13211.48850754,child10,1321080,frame,-122
13211.495241663,child2,1321080,frame,36
13211.49625208,child1,1321080,frame,38
13211.515052367,child4,1321080,frame,-86
13211.530489572,child6,1321080,frame,17
13211.545694026001,child9,1321080,frame,147
13211.547570901,child3,1321080,frame,-99
13211.56937002,child8,1321080,frame,-86
13211.576673018999,child7,1321080,frame,-72
13221.588309327999,child5,1322090,frame,13
13221.591402659998,child10,1322090,frame,34
13221.599530033,child2,1322090,frame,36
13221.605008823,child1,1322090,frame,-69
13221.620705945,child4,1322090,frame,54
13221.635247774,child6,1322090,frame,29
13221.652080770002,child3,1322090,frame,22
13221.654573895,child9,1322090,frame,-120
13221.674530598,child8,1322090,frame,-67
13221.681007222,child7,1322090,frame,31
13231.685829699,child7,1323100,frame,52
13231.691121322001,child5,1323100,frame,58
13231.695053820999,child10,1323100,frame,125
13231.703534861,child2,1323100,frame,20
13231.708013777,child1,1323100,frame,135
13231.727759855,child4,1323100,frame,37
13231.741008227,child6,1323100,frame,139
13231.754883014999,child3,1323100,frame,166
13231.760007972,child9,1323100,frame,21
13231.776586510001,child8,1323100,frame,136
13240.781739647999,child8,1324009,frame,-66
13240.791859562,child7,1324009,frame,13
13240.795188686001,child5,1324009,frame,-78
13240.803670059,child10,1324009,frame,-120
13240.808617099001,child2,1324009,frame,22
13240.810783682,child1,1324009,frame,-92
13240.832135927,child4,1324009,frame,-109
13240.843002966,child6,1324009,frame,-84
13240.862910836,child9,1324009,frame,57
13240.862964294,child3,1324009,frame,9
13250.886997434,child8,1325019,frame,180
13250.897922180999,child7,1325019,frame,52
13250.899639305999,child5,1325019,frame,123
13250.907509345001,child10,1325019,frame,19
13250.912818469,child2,1325019,frame,-105
13250.914897093,child1,1325019,frame,172
13250.933750256,child4,1325019,frame,172
13250.949122168,child6,1325019,frame,133
13250.965930414,child3,1325019,frame,13
13250.966863747,child9,1325019,frame,14
13260.973684141001,child9,1326029,frame,-127
13260.973802099,child3,1326029,frame,-66
13260.987614096,child8,1326029,frame,-74
13261.004079133,child7,1326029,frame,-76
13261.004374258,child5,1326029,frame,-79
13261.011572882,child10,1326029,frame,19
13261.015654588999,child2,1326029,frame,19
13261.017021172,child1,1326029,frame,-92
13261.041264708,child4,1326029,frame,-110
13261.050217539,child6,1326029,frame,-194
13271.077301551999,child3,1327039,frame,12
13271.081755593,child9,1327039,frame,13
13271.094140757,child8,1327039,frame,-86
13271.111145919002,child7,1327039,frame,8
13271.11264846,child5,1327039,frame,9
13271.119122584,child10,1327039,frame,18
13271.119756542,child2,1327039,frame,3
13271.123070333,child1,1327039,frame,-88
13271.143832953001,child4,1327039,frame,-83
13271.149688951,child6,1327039,frame,16
13281.180584672,child3,1328049,frame,12
13281.189090212001,child9,1328049,frame,59
13281.19709496,child8,1328049,frame,167
13281.217687663,child7,1328049,frame,52
13281.218619871,child5,1328049,frame,51
13281.220960495999,child1,1328049,frame,161
13281.223713495,child2,1328049,frame,145
13281.224605286001,child10,1328049,frame,3
13281.245735031,child4,1328049,frame,41
13281.255124321,child6,1328049,frame,146
13291.285937958,child3,1329059,frame,12
13291.295906622,child9,1329059,frame,-119
13291.305184787,child8,1329059,frame,-199
13291.321856449,child1,1329059,frame,-104
13291.321934533,child5,1329059,frame,-82
13291.323292532,child7,1329059,frame,-124
13291.327202948,child2,1329059,frame,-121
13291.331851614,child10,1329059,frame,-106
13291.352972441999,child4,1329059,frame,49
13291.361535148,child6,1329059,frame,-203
13301.390431953,child3,1330069,frame,-66
13301.401736533,child9,1330069,frame,37
13301.411038656,child8,1330069,frame,49
13301.427191361001,child1,1330069,frame,35
13301.428143109999,child5,1330069,frame,54
13301.429518235,child7,1330069,frame,52
13301.434028609001,child2,1330069,frame,19
13301.440382149,child10,1330069,frame,126
13301.456811437,child4,1330069,frame,34
13301.466964018,child6,1330069,frame,8
13311.493123073,child3,1331079,frame,3
13311.50634682,child9,1331079,frame,-103
13311.51351136,child8,1331079,frame,-75
13311.533825855,child7,1331079,frame,-122
13311.53391198,child1,1331079,frame,-104
13311.536290646,child5,1331079,frame,-80
13311.539161228,child2,1331079,frame,-105
13311.544838852,child10,1331079,frame,-120
13311.56548668,child4,1331079,frame,-217
13311.570014179,child6,1331079,frame,9
13321.600876483,child3,1332089,frame,-107
13321.617922854,child8,1332089,frame,56
13321.619413479,child9,1332089,frame,36
13321.637060265999,child1,1332089,frame,46
13321.639121474,child7,1332089,frame,23
13321.640975348999,child5,1332089,frame,123
13321.645095930999,child2,1332089,frame,17
13321.655527178,child10,1332089,frame,35
13321.671103675,child4,1332089,frame,127
13321.672128966,child6,1332089,frame,24
13331.675592569,child4,1333099,frame,-85
13331.705294103,child3,1333099,frame,32
13331.721824557,child8,1333099,frame,-85
13331.724176098,child9,1333099,frame,25
13331.742149886,child1,1333099,frame,-95
13331.74669826,child7,1333099,frame,5
13331.749501134002,child2,1333099,frame,37
13331.750738425,child5,1333099,frame,-195
13331.763198714,child10,1333099,frame,17
13331.772347462,child6,1333099,frame,-111
13340.767041227,child10,1334008,frame,-108
13340.776988308,child4,1334008,frame,-72
13340.778211266,child6,1334008,frame,21
13340.813058216,child3,1334008,frame,-67
13340.828923878,child9,1334008,frame,-90
13340.829747753,child8,1334008,frame,-96
13340.845846373999,child1,1334008,frame,-123
13340.854870955,child7,1334008,frame,25
13340.855451247,child5,1334008,frame,7
13340.858058246,child2,1334008,frame,-97
13350.877001262,child10,1335018,frame,34
13350.881674802,child4,1335018,frame,136
13350.883979094,child6,1335018,frame,24
13350.920958876,child3,1335018,frame,37
13350.934428665,child8,1335018,frame,142
13350.936372039,child9,1335018,frame,45
13350.947986328,child1,1335018,frame,133
13350.957744159,child7,1335018,frame,6
13350.960502742,child5,1335018,frame,4
13350.962919033,child2,1335018,frame,143
13360.96753476,child5,1336028,frame,-117
13360.967593385,child2,1336028,frame,-106
13360.98293309,child10,1336028,frame,-90
13360.984428297,child6,1336028,frame,25
13360.987089297001,child4,1336028,frame,-76
13361.028712287,child3,1336028,frame,-89
13361.037035618,child8,1336028,frame,-70
13361.039727242,child9,1336028,frame,45
13361.054066072,child1,1336028,frame,-79
13361.06379757,child7,1336028,frame,25
13371.070169047,child7,1337038,frame,14
13371.07165663,child2,1337038,frame,52
13371.071998170999,child5,1337038,frame,155
13371.086822293,child10,1337038,frame,158
13371.089157792,child6,1337038,frame,-2
13371.094508666,child4,1337038,frame,3
13371.132736906,child3,1337038,frame,53
13371.145871778,child8,1337038,frame,43
13371.148500194,child9,1337038,frame,33
13371.151963192999,child1,1337038,frame,140
13381.173893375,child5,1338048,frame,-118
13381.175433708,child7,1338048,frame,-108
13381.176255373999,child2,1338048,frame,-90
13381.191239120999,child6,1338048,frame,-226
13381.193689912001,child10,1338048,frame,-104
13381.196776619001,child4,1338048,frame,-96
13381.24194265,child3,1338048,frame,-73
13381.252262022,child1,1338048,frame,-195
13381.252542647,child8,1338048,frame,2
13381.254257189,child9,1338048,frame,-213
13391.277964285999,child2,1339058,frame,34
13391.280854411001,child5,1339058,frame,48
13391.281731576999,child7,1339058,frame,40
13391.289079159002,child6,1339058,frame,182
13391.299599281,child10,1339058,frame,-74
13391.302829654998,child4,1339058,frame,156
13391.34958006,child3,1339058,frame,60
13391.355265475999,child9,1339058,frame,131
13391.357752683001,child1,1339058,frame,167
13391.359427682999,child8,1339058,frame,9
13401.383028739,child2,1340068,frame,37
13401.386436238,child5,1340068,frame,147
13401.390892987,child7,1340068,frame,-119
13401.393866903,child6,1340068,frame,-85
13401.406629983001,child10,1340068,frame,176
13401.411200232,child4,1340068,frame,-70
13401.454395597,child3,1340068,frame,-2
13401.461551887,child9,1340068,frame,45
13401.462069053,child8,1340068,frame,21
13401.462848011,child1,1340068,frame,-127
13411.467178697,child8,1341078,frame,-116
13411.467458697001,child9,1341078,frame,-98
13411.469598696001,child1,1341078,frame,22
13411.486957817,child2,1341078,frame,36
13411.492031149,child5,1341078,frame,-106
13411.497031856,child7,1341078,frame,167
13411.500180731,child6,1341078,frame,57
13411.514239477,child4,1341078,frame,17
13411.514767227,child10,1341078,frame,-91
13411.557643508,child3,1341078,frame,-73
13421.571901317,child8,1342088,frame,160
13421.573995274,child9,1342088,frame,124
13421.574964983,child1,1342088,frame,14
13421.588447271,child2,1342088,frame,35
13421.601513309,child5,1342088,frame,-110
13421.602493184,child7,1342088,frame,5
13421.608973183,child6,1342088,frame,40
13421.616431014,child4,1342088,frame,7
13421.621381513,child10,1342088,frame,51
13421.659244545,child3,1342088,frame,131
13431.665605606,child3,1343098,frame,-77
13431.674936687,child8,1343098,frame,-75
13431.675931603,child9,1343098,frame,-89
13431.676170145,child1,1343098,frame,-66
13431.694278557,child2,1343098,frame,-104
13431.707663304,child5,1343098,frame,155
13431.708527928,child7,1343098,frame,-100
13431.711575428,child6,1343098,frame,-87
13431.7216788,child4,1343098,frame,-127
13431.725830758,child10,1343098,frame,-91
13440.771697344,child3,1344007,frame,42
13440.779287758,child1,1344007,frame,24
13440.780560383,child8,1344007,frame,9
13440.784888424,child9,1344007,frame,42
13440.802853211,child2,1344007,frame,36
13440.811550417,child7,1344007,frame,14
13440.812156417,child5,1344007,frame,-116
13440.814993833,child6,1344007,frame,28
13440.824853789,child4,1344007,frame,9
13440.835077912,child10,1344007,frame,28
13450.875694421999,child3,1345017,frame,-94
13450.882446378,child1,1345017,frame,14
13450.884186545,child8,1345017,frame,19
13450.890082502,child9,1345017,frame,53
13450.90980283,child2,1345017,frame,-89
13450.915353245,child5,1345017,frame,31
13450.916064329,child7,1345017,frame,-83
13450.918140202999,child6,1345017,frame,-69
13450.932111575,child4,1345017,frame,25
13450.937009365,child10,1345017,frame,36
13460.977658459,child3,1346027,frame,6
13460.986536872999,child1,1346027,frame,29
13460.987801831,child8,1346027,frame,127
13460.996401121,child9,1346027,frame,33
13461.018048823998,child2,1346027,frame,51
13461.019121282001,child5,1346027,frame,29
13461.019581614999,child6,1346027,frame,146
13461.021386031,child7,1346027,frame,54
13461.033145612,child4,1346027,frame,23
13461.0451749,child10,1346027,frame,50
13471.083289245,child3,1347037,frame,123
13471.08772066,child1,1347037,frame,6
13471.093075409,child8,1347037,frame,-77
13471.101567324,child9,1347037,frame,22
13471.122829277,child2,1347037,frame,18
13471.124614985001,child6,1347037,frame,25
13471.124934276,child7,1347037,frame,22
13471.126160734,child5,1347037,frame,12
13471.139684273001,child4,1347037,frame,11
13471.149382186999,child10,1347037,frame,35
13481.190514405,child3,1348047,frame,-72
13481.191148488,child1,1348047,frame,24
13481.196597112,child8,1348047,frame,11
13481.205242318001,child9,1348047,frame,-96
13481.227944271,child2,1348047,frame,35
13481.229955312001,child6,1348047,frame,-85
13481.232651978,child5,1348047,frame,-110
13481.233008478,child7,1348047,frame,41
13481.24466085,child4,1348047,frame,-98
13481.253321265001,child10,1348047,frame,-106
13491.2596342,child10,1349057,frame,49
13491.292162234,child3,1349057,frame,-2
13491.300194398998,child1,1349057,frame,7
13491.304730856,child8,1349057,frame,55
13491.312863771002,child9,1349057,frame,45
13491.331507766,child2,1349057,frame,36
13491.334071557001,child6,1349057,frame,41
13491.335006598,child7,1349057,frame,6
13491.336055473,child5,1349057,frame,47
13491.347195721,child4,1349057,frame,159
13501.364287778,child10,1350067,frame,35
13501.396607062,child3,1350067,frame,-74
13501.406558101,child1,1350067,frame,8
13501.4124541,child8,1350067,frame,-91
13501.420959431,child9,1350067,frame,9
13501.434951469,child2,1350067,frame,-90
13501.435190635999,child6,1350067,frame,-85
13501.439570343,child5,1350067,frame,49
13501.442747633999,child7,1350067,frame,-84
13501.452025215,child4,1350067,frame,-107
13511.466865815,child10,1351077,frame,17
13511.503646389001,child3,1351077,frame,138
13511.510158471,child1,1351077,frame,8
13511.515074387002,child8,1351077,frame,138
13511.524210884,child9,1351077,frame,37
13511.535313172999,child6,1351077,frame,57
13511.54025063,child2,1351077,frame,159
13511.543955004,child5,1351077,frame,137
13511.547521212,child7,1351077,frame,56
13511.555058127002,child4,1351077,frame,35
13521.570168018001,child10,1352087,frame,21
13521.607796801001,child3,1352087,frame,-72
13521.615175799,child1,1352087,frame,0
13521.617319965,child8,1352087,frame,-93
13521.628607587001,child9,1352087,frame,21
13521.636132294,child6,1352087,frame,40
13521.64456875,child2,1352087,frame,-104
13521.650852331999,child7,1352087,frame,21
13521.652960790001,child5,1352087,frame,-112
13521.655331789,child4,1352087,frame,18
13531.660237391001,child5,1353097,frame,-113
13531.660389141001,child4,1353097,frame,16
13531.673414513,child10,1353097,frame,19
13531.714175295001,child3,1353097,frame,3
13531.719335001999,child1,1353097,frame,19
13531.722606001002,child8,1353097,frame,59
13531.73341879,child9,1353097,frame,-103
13531.740868497,child6,1353097,frame,-70
13531.746248161999,child2,1353097,frame,37
13531.755218909999,child7,1353097,frame,39
13540.750135758,child2,1354006,frame,152
13540.750212592,child6,1354006,frame,58
13540.761486714,child7,1354006,frame,0
13540.763123172,child5,1354006,frame,148
13540.764610088,child4,1354006,frame,60
13540.774034003001,child10,1354006,frame,16
13540.81991995,child3,1354006,frame,160
13540.821316783,child1,1354006,frame,47
13540.82683024,child8,1354006,frame,38
13540.839713528,child9,1354006,frame,135
13550.854672503001,child2,1355016,frame,-76
13550.856918253001,child6,1355016,frame,-65
13550.864072458999,child7,1355016,frame,26
13550.867804458,child5,1355016,frame,139
13550.871394582,child4,1355016,frame,10
13550.878763789,child10,1355016,frame,-106
13550.924336694,child3,1355016,frame,-91
13550.925070111001,child1,1355016,frame,9
13550.932603567,child8,1355016,frame,39
13550.943425023,child9,1355016,frame,22
13560.959139998,child6,1356026,frame,56
13560.963137705001,child2,1356026,frame,-113
13560.967728704,child7,1356026,frame,5
13560.972149328001,child5,1356026,frame,-108
13560.97696941,child4,1356026,frame,12
13560.986880866001,child10,1356026,frame,35
13561.024285024001,child1,1356026,frame,-73
13561.028532814,child3,1356026,frame,58
13561.037072479001,child8,1356026,frame,25
13561.045421185,child9,1356026,frame,-103
13571.051398079,child9,1357036,frame,22
13571.06068816,child6,1357036,frame,-84
13571.067993616,child2,1357036,frame,27
13571.072687699,child7,1357036,frame,26
13571.076745073,child5,1357036,frame,-66
13571.085515362,child4,1357036,frame,-68
13571.091006735998,child10,1357036,frame,18
13571.130214143,child1,1357036,frame,-2
13571.134188392,child3,1357036,frame,-84
13571.140798389999,child8,1357036,frame,-89
13581.154157449,child9,1358046,frame,21
13581.165816404,child6,1358046,frame,-69
13581.170637277999,child2,1358046,frame,27
13581.178815276,child7,1358046,frame,23
13581.180440692,child5,1358046,frame,130
13581.192857938999,child4,1358046,frame,36
13581.197103272001,child10,1358046,frame,2
13581.235274929,child3,1358046,frame,34
13581.238444762,child1,1358046,frame,-2
13581.245913677,child8,1358046,frame,-91
13591.251079029,child8,1359056,frame,174
13591.257496902,child9,1359056,frame,2
13591.271546648999,child2,1359056,frame,57
13591.271951815,child6,1359056,frame,182
13591.282272229,child5,1359056,frame,-72
13591.283164146,child7,1359056,frame,-73
13591.294882518001,child4,1359056,frame,1
13591.301110308,child10,1359056,frame,20
13591.341295923,child3,1359056,frame,36
13591.347487422001,child1,1359056,frame,-2
13601.350818775,child1,1360066,frame,-2
13601.357476023,child8,1360066,frame,-224
13601.359900939,child9,1360066,frame,-104
13601.375346144,child6,1360066,frame,-85
13601.379204600998,child2,1360066,frame,-106
13601.387057848999,child7,1360066,frame,18
13601.387301015999,child5,1360066,frame,15
13601.397695721,child4,1360066,frame,1
13601.407104553,child10,1360066,frame,19
13601.445251918,child3,1360066,frame,-80
13611.455658851999,child1,1361076,frame,-2
13611.460932267999,child8,1361076,frame,164
13611.463687101,child9,1361076,frame,163
13611.476407931,child6,1361076,frame,57
13611.481843554,child2,1361076,frame,145
13611.488290636,child7,1361076,frame,-2
13611.496444551,child5,1361076,frame,124
13611.500427300001,child4,1361076,frame,1
13611.513503005,child10,1361076,frame,19
13611.549098370999,child3,1361076,frame,44
13621.552793141,child3,1362086,frame,-89
13621.560808305001,child1,1362086,frame,-126
13621.565578179,child9,1362086,frame,-120
13621.56734597,child8,1362086,frame,-205
13621.577069135,child6,1362086,frame,-65
13621.585474091002,child2,1362086,frame,-122
13621.593272922,child7,1362086,frame,-107
13621.599978962,child5,1362086,frame,-204
13621.601844003999,child4,1362086,frame,-125
13621.622481665001,child10,1362086,frame,-106
13631.655777302001,child3,1363096,frame,253
13631.663999717,child1,1363096,frame,147
13631.668780216,child8,1363096,frame,56
13631.669197299,child9,1363096,frame,17
13631.676958839,child6,1363096,frame,58
13631.693299585,child2,1363096,frame,144
13631.697231041999,child7,1363096,frame,30
13631.706626873,child5,1363096,frame,130
13631.70721379,child4,1363096,frame,23
13631.728931243,child10,1363096,frame,158
13640.759197999001,child3,1364005,frame,9
13640.762973915,child1,1364005,frame,137
13640.772626163,child9,1364005,frame,28
13640.775185579,child8,1364005,frame,184
13640.780238453,child6,1364005,frame,146
13640.796146407001,child2,1364005,frame,20
13640.804399654999,child7,1364005,frame,132
13640.810569487,child5,1364005,frame,124
13640.811211528,child4,1364005,frame,127
13640.835041897999,child10,1364005,frame,4
13650.863669827,child1,1365015,frame,-78
13650.865390827,child3,1365015,frame,-97
13650.881622865001,child8,1365015,frame,-66
13650.881836281,child9,1365015,frame,22
13650.883305448,child6,1365015,frame,-92
13650.900249277,child2,1365015,frame,-66
13650.908578982999,child7,1365015,frame,15
13650.914814148,child4,1365015,frame,-116
13650.915510731,child5,1365015,frame,-213
13650.938499684,child10,1365015,frame,-78
13660.942000537001,child10,1366025,frame,13
13660.96957353,child3,1366025,frame,29
13660.974819862,child1,1366025,frame,-71
13660.987712067,child8,1366025,frame,40
13660.988148234,child9,1366025,frame,21
13660.988734942,child6,1366025,frame,32
13661.004112397,child2,1366025,frame,4
13661.014485269001,child7,1366025,frame,-1
13661.01843806,child4,1366025,frame,140
13661.018935267999,child5,1366025,frame,53
13671.046539156,child10,1367035,frame,135
13671.074465691001,child3,1367035,frame,-99
13671.081719980999,child1,1367035,frame,0
13671.091853770002,child6,1367035,frame,17
13671.09382602,child9,1367035,frame,5
13671.095585853,child8,1367035,frame,25
13671.109003141,child2,1367035,frame,49
13671.116133181,child7,1367035,frame,17
13671.122278221,child4,1367035,frame,-121
13671.122779637999,child5,1367035,frame,0
13681.153384442,child10,1368045,frame,-67
13681.178143353,child3,1368045,frame,42
13681.190903058,child1,1368045,frame,17
13681.195021765,child6,1368045,frame,32
13681.199609681,child9,1368045,frame,21
13681.205386430001,child8,1368045,frame,-2
13681.214092636,child2,1368045,frame,2
13681.217821343,child7,1368045,frame,-73
13681.227162674,child4,1368045,frame,18
13681.228719924,child5,1368045,frame,133
13691.258057814,child10,1369055,frame,3
13691.284606808,child3,1369055,frame,26
13691.294723847,child1,1369055,frame,123
13691.299710013,child6,1369055,frame,17
13691.304213761,child9,1369055,frame,7
13691.309626677,child8,1369055,frame,16
13691.318933800001,child2,1369055,frame,51
13691.322479507,child7,1369055,frame,143
13691.331686421,child4,1369055,frame,19
13691.336391504,child5,1369055,frame,-90
13701.3429762,child5,1370065,frame,59
13701.362122362001,child10,1370065,frame,3
13701.386081356,child3,1370065,frame,27
13701.397802394999,child1,1370065,frame,-80
13701.401590061,child6,1370065,frame,-109
13701.412384558,child9,1370065,frame,21
13701.414863641,child8,1370065,frame,-74
13701.422019389,child2,1370065,frame,59
13701.427626096001,child7,1370065,frame,-126
13701.436502552,child4,1370065,frame,19
13711.444368622999,child4,1371075,frame,3
13711.446246331001,child5,1371075,frame,-95
13711.46568216,child10,1371075,frame,-77
13711.492326487,child3,1371075,frame,10
13711.501770484001,child1,1371075,frame,-89
13711.506198442,child6,1371075,frame,36
13711.517865272,child8,1371075,frame,16
13711.520389397001,child9,1371075,frame,6
13711.52698052,child2,1371075,frame,18
13711.529909644,child7,1371075,frame,44
13721.550690836999,child4,1372085,frame,-123
13721.553277337,child5,1372085,frame,-72
13721.569316458,child10,1372085,frame,-68
13721.602357991,child3,1372085,frame,-107
13721.606933574001,child1,1372085,frame,-2
13721.612849447001,child6,1372085,frame,-108
13721.619098446,child8,1372085,frame,-232
13721.625226527,child9,1372085,frame,-76
13721.630459985,child2,1372085,frame,-208
13721.634084484,child7,1372085,frame,-68
13731.653479343999,child4,1373095,frame,33
13731.654221593,child5,1373095,frame,32
13731.677161588,child10,1373095,frame,145
13731.706208039,child3,1373095,frame,48
13731.709527412999,child1,1373095,frame,14
13731.711692663,child6,1373095,frame,45
13731.72349941,child8,1373095,frame,144
13731.729905408001,child9,1373095,frame,13
13731.734302866,child2,1373095,frame,130
13731.741758572,child7,1373095,frame,-66
13740.731973599,child8,1374004,frame,170
13740.73293389,child9,1374004,frame,132
13740.735117848,child2,1374004,frame,38
13740.74169393,child7,1374004,frame,146
13740.756725801,child5,1374004,frame,47
13740.758092717,child4,1374004,frame,60
13740.783009044999,child10,1374004,frame,-66
13740.807959038,child1,1374004,frame,9
13740.811781246,child3,1374004,frame,-109
13740.812861996,child6,1374004,frame,7
13750.835427771,child9,1375014,frame,-2
13750.837262938001,child8,1375014,frame,24
13750.843600978,child2,1375014,frame,37
13750.847917143,child7,1375014,frame,52
13750.861146223999,child5,1375014,frame,51
13750.861508348,child4,1375014,frame,25
13750.884982800999,child10,1375014,frame,2
13750.910127503,child1,1375014,frame,-2
13750.915204085,child6,1375014,frame,158
13750.915302751999,child3,1375014,frame,178
13760.939609152001,child9,1376024,frame,-84
13760.94315261,child8,1376024,frame,43
13760.953612066001,child2,1376024,frame,-90
13760.955373149,child7,1376024,frame,1
13760.967380146001,child5,1376024,frame,43
13760.967756021,child4,1376024,frame,11
13760.990836223,child10,1376024,frame,144
13761.014073675999,child1,1376024,frame,123
13761.018010133,child3,1376024,frame,145
13761.018181675001,child6,1376024,frame,-109
13771.047531783,child8,1377034,frame,-109
13771.049118449,child9,1377034,frame,6
13771.060951571,child7,1377034,frame,-71
13771.061551987,child2,1377034,frame,-83
13771.070606944,child5,1377034,frame,-71
13771.076191859,child4,1377034,frame,-239
13771.093943896,child10,1377034,frame,-68
13771.121431473,child1,1377034,frame,-78
13771.121927348,child3,1377034,frame,-245
13771.125244139,child6,1377034,frame,33
13781.152389538,child8,1378044,frame,158
13781.153203538,child9,1378044,frame,130
13781.164868952,child7,1378044,frame,123
13781.167049118,child2,1378044,frame,183
13781.178387574,child5,1378044,frame,53
13781.181107865,child4,1378044,frame,167
13781.198225610999,child10,1378044,frame,3
13781.222822355001,child3,1378044,frame,161
13781.224567688,child1,1378044,frame,8
13781.229107728,child6,1378044,frame,157
13791.255069211,child8,1379054,frame,-105
13791.255873961,child9,1379054,frame,-72
13791.268849540998,child7,1379054,frame,-76
13791.268894791,child2,1379054,frame,24
13791.283205830001,child5,1379054,frame,8
13791.286273370999,child4,1379054,frame,44
13791.304763533,child10,1379054,frame,48
13791.327459860999,child3,1379054,frame,20
13791.327967860001,child1,1379054,frame,125
13791.331903526001,child6,1379054,frame,-124
13801.335073057,child6,1380064,frame,-89
13801.361507092,child8,1380064,frame,18
13801.362448258,child9,1380064,frame,42
13801.370354089999,child2,1380064,frame,-207
13801.371920839001,child7,1380064,frame,-80
13801.386966961,child5,1380064,frame,43
13801.391095918,child4,1380064,frame,-101
13801.406372456,child10,1380064,frame,-74
13801.431712492,child3,1380064,frame,-105
13801.434737033,child1,1380064,frame,-87
13811.439080604,child3,1381074,frame,19
13811.440143062999,child1,1381074,frame,-78
13811.440367436999,child6,1381074,frame,16
13811.466572681,child8,1381074,frame,2
13811.468174889,child9,1381074,frame,45
13811.470782305001,child2,1381074,frame,42
13811.477311845001,child7,1381074,frame,125
13811.490458799999,child5,1381074,frame,28
13811.495916716,child4,1381074,frame,23
13811.512546462,child10,1381074,frame,49
13821.540235945,child3,1382084,frame,18
13821.543831902,child1,1382084,frame,134
13821.547071068,child6,1382084,frame,17
13821.570161396001,child8,1382084,frame,-70
13821.572701228,child9,1382084,frame,-89
13821.575375686,child2,1382084,frame,175
13821.5844481,child7,1382084,frame,38
13821.598168389,child5,1382084,frame,-104
13821.600777597001,child4,1382084,frame,-100
13821.616904843,child10,1382084,frame,57
13831.644953534,child1,1383094,frame,37
13831.646206824998,child3,1383094,frame,1
13831.652149574,child6,1383094,frame,13
13831.676554234,child8,1383094,frame,18
13831.677644108999,child9,1383094,frame,59
13831.678087234,child2,1383094,frame,-109
13831.687265482,child7,1383094,frame,-96
13831.704649269,child5,1383094,frame,37
13831.705688394,child4,1383094,frame,44
13831.722029932,child10,1383094,frame,-82
13840.72536683,child10,1384003,frame,-75
13840.746533616,child1,1384003,frame,-89
13840.752674282,child3,1384003,frame,-81
13840.756191489,child6,1384003,frame,8
13840.780122567,child8,1384003,frame,-83
13840.780762941999,child2,1384003,frame,0
13840.785805274001,child9,1384003,frame,31
13840.790902147,child7,1384003,frame,-66
13840.809358434999,child4,1384003,frame,24
13840.810532768,child5,1384003,frame,-89
13850.829089503,child10,1385013,frame,11
13850.85537008,child1,1385013,frame,-73
13850.855468913,child3,1385013,frame,45
13850.861367745001,child6,1385013,frame,16
13850.884993698,child2,1385013,frame,43
13850.885383864,child8,1385013,frame,32
13850.890890779,child9,1385013,frame,-89
13850.893892612,child7,1385013,frame,53
13850.910522483,child5,1385013,frame,9
13850.913658857,child4,1385013,frame,-78
13860.9345493,child10,1386023,frame,47
13860.96088471,child1,1386023,frame,53
13860.962272502,child3,1386023,frame,-113
13860.963050209999,child6,1386023,frame,-109
13860.989864328001,child8,1386023,frame,17
13860.99062162,child2,1386023,frame,-98
13860.994684119,child9,1386023,frame,44
13861.000580034,child7,1386023,frame,-70
13861.015122031,child5,1386023,frame,-82
13861.017793738,child4,1386023,frame,-92
13871.039453723,child10,1387033,frame,-65
13871.062552384,child6,1387033,frame,49
13871.0647708,child3,1387033,frame,170
13871.065823758001,child1,1387033,frame,44
13871.091479376999,child8,1387033,frame,50
13871.096125334001,child2,1387033,frame,40
13871.097633416999,child9,1387033,frame,53
13871.101898791001,child7,1387033,frame,124
13871.118233579,child5,1387033,frame,60
13871.122642161,child4,1387033,frame,1
13881.129115274001,child4,1388043,frame,11
13881.141285229,child10,1388043,frame,11
13881.163520599,child6,1388043,frame,32
13881.167596598,child3,1388043,frame,-97
13881.170540389,child1,1388043,frame,-72
13881.195719299,child8,1388043,frame,18
13881.19847184,child2,1388043,frame,58
13881.20162534,child9,1388043,frame,36
13881.205715839,child7,1388043,frame,-69
13881.223381668,child5,1388043,frame,53
13891.228286323,child5,1389053,frame,53
13891.231319072001,child4,1389053,frame,129
13891.247613943,child10,1389053,frame,127
13891.264954856,child6,1389053,frame,37
13891.270484104,child3,1389053,frame,29
13891.27400702,child1,1389053,frame,177
13891.299167972,child8,1389053,frame,16
13891.301296554999,child2,1389053,frame,-98
13891.302700596,child9,1389053,frame,142
13891.312028469,child7,1389053,frame,54
13901.332400329,child5,1390063,frame,133
13901.337427036,child4,1390063,frame,-68
13901.357750572999,child10,1390063,frame,-68
13901.372111944,child6,1390063,frame,16
13901.375331652,child3,1390063,frame,28
13901.378723109,child1,1390063,frame,-104
13901.401327229001,child8,1390063,frame,37
13901.404322353,child2,1390063,frame,43
13901.407434602,child9,1390063,frame,-105
13901.419350349,child7,1390063,frame,-81
13911.435026085,child5,1391073,frame,-222
13911.44197,child4,1391073,frame,-67
13911.463974537,child10,1391073,frame,11
13911.478757449999,child6,1391073,frame,-109
13911.479841115999,child3,1391073,frame,28
13911.481357866,child1,1391073,frame,-79
13911.508443734,child8,1391073,frame,8
13911.511124275,child9,1391073,frame,-105
13911.511571442,child2,1391073,frame,-85
13911.525200355001,child7,1391073,frame,17
13921.532543218,child7,1392083,frame,52
13921.538131217,child5,1392083,frame,59
13921.545165381,child4,1392083,frame,12
13921.5712485,child10,1392083,frame,3
13921.583892664,child6,1392083,frame,-92
13921.585379872,child1,1392083,frame,125
13921.587594412998,child3,1392083,frame,28
13921.612407157,child8,1392083,frame,27
13921.614036531,child9,1392083,frame,162
13921.61793278,child2,1392083,frame,183
13931.635509724001,child7,1393093,frame,56
13931.643442221999,child5,1393093,frame,168
13931.650328096,child4,1393093,frame,16
13931.678500547,child10,1393093,frame,40
13931.68611792,child1,1393093,frame,40
13931.687551628,child6,1393093,frame,170
13931.691310502,child3,1393093,frame,17
13931.71518433,child8,1393093,frame,-69
13931.716555746,child9,1393093,frame,0
13931.723320578,child2,1393093,frame,36
13940.718409728,child8,1394002,frame,10
13940.721519436,child9,1394002,frame,-119
13940.727704392999,child2,1394002,frame,-219
13940.739084847999,child7,1394002,frame,35
13940.751303428,child5,1394002,frame,-104
13940.75680376,child4,1394002,frame,-79
13940.779840963001,child10,1394002,frame,-73
13940.788289461,child1,1394002,frame,-95
13940.789464128,child6,1394002,frame,-117
13940.793396168,child3,1394002,frame,0
13950.822074151,child8,1395012,frame,-107
13950.826784732999,child9,1395012,frame,21
13950.832726648,child2,1395012,frame,53
13950.841969645999,child7,1395012,frame,-84
13950.855292851,child5,1395012,frame,22
13950.864633599,child4,1395012,frame,11
13950.883685178,child10,1395012,frame,128
13950.894078467,child6,1395012,frame,32
13950.899619799,child1,1395012,frame,39
13950.900210799,child3,1395012,frame,-78
13960.92912574,child8,1396022,frame,18
13960.929521156,child9,1396022,frame,20
13960.936501778999,child2,1396022,frame,50
13960.946388485,child7,1396022,frame,-125
13960.961677773,child5,1396022,frame,-86
13960.972043937,child4,1396022,frame,12
13960.990121933,child10,1396022,frame,-84
13960.997632223001,child6,1396022,frame,33
13961.004742221,child1,1396022,frame,38
13961.006743346,child3,1396022,frame,28
13971.034511662001,child9,1397032,frame,20
13971.035652662,child8,1397032,frame,16
13971.041247369001,child2,1397032,frame,175
13971.05057795,child7,1397032,frame,302
13971.071513070001,child5,1397032,frame,35
13971.077739276,child4,1397032,frame,11
13971.09582223,child10,1397032,frame,49
13971.101657479,child6,1397032,frame,32
13971.105861728,child1,1397032,frame,41
13971.110913768001,child3,1397032,frame,138
13981.117628215,child3,1398042,frame,-66
13981.141661001,child9,1398042,frame,-108
13981.143360834001,child8,1398042,frame,35
13981.143910625,child2,1398042,frame,-107
13981.157742122,child7,1398042,frame,-209
13981.176404701,child5,1398042,frame,35
13981.180349908,child4,1398042,frame,27
13981.197516612001,child10,1398042,frame,-68
13981.205329235001,child6,1398042,frame,-73
13981.211010859,child1,1398042,frame,-89
13991.22547147,child3,1399052,frame,4
13991.244263132001,child9,1399052,frame,36
13991.246575923,child2,1399052,frame,18
13991.248727339,child8,1399052,frame,16
13991.264917626999,child7,1399052,frame,161
13991.282671998,child5,1399052,frame,46
13991.286433746998,child4,1399052,frame,20
13991.298177952001,child10,1399052,frame,58
13991.304460659,child6,1399052,frame,174
13991.317706448,child1,1399052,frame,37
14001.323386061,child1,1400062,frame,20
14001.328452601001,child3,1400062,frame,5
14001.352124845,child9,1400062,frame,21
14001.352797429,child2,1400062,frame,19
14001.354947511001,child8,1400062,frame,18
14001.364792342,child7,1400062,frame,-92
14001.38714767,child5,1400062,frame,14
14001.390963669,child4,1400062,frame,28
14001.404297374002,child10,1400062,frame,-76
14001.407171415,child6,1400062,frame,-109
14011.426997234,child1,1401072,frame,-96
14011.435755898001,child3,1401072,frame,4
14011.459639767001,child2,1401072,frame,35
14011.461449267,child9,1401072,frame,36
14011.463385475,child8,1401072,frame,35
14011.471846056,child7,1401072,frame,46
14011.493610384001,child5,1401072,frame,-111
14011.493835592,child4,1401072,frame,-115
14011.51212863,child10,1401072,frame,40
14011.517172336999,child6,1401072,frame,17
14021.522750825001,child6,1402082,frame,32
14021.524842783001,child1,1402082,frame,169
14021.538913363,child3,1402082,frame,4
14021.564626357,child2,1402082,frame,-91
14021.565849898,child9,1402082,frame,17
14021.567981147,child8,1402082,frame,10
14021.578433936,child7,1402082,frame,29
14021.598988222999,child4,1402082,frame,25
14021.601179139,child5,1402082,frame,126
14021.616763969001,child10,1402082,frame,57
14031.622664874001,child10,1403092,frame,-84
14031.626153498,child6,1403092,frame,14
14031.627727623001,child1,1403092,frame,-111
14031.645566702,child3,1403092,frame,2
14031.670994404,child9,1403092,frame,-105
14031.671370487002,child8,1403092,frame,27
14031.67212032,child2,1403092,frame,1
14031.684202983999,child7,1403092,frame,-80
14031.709121269001,child5,1403092,frame,-106
14031.710976436001,child4,1403092,frame,14
14040.714936209,child4,1404001,frame,-73
14040.715396584,child5,1404001,frame,159
14040.72817608,child10,1404001,frame,3
14040.730415455,child6,1404001,frame,-70
14040.733586495999,child1,1404001,frame,160
14040.748459867,child3,1404001,frame,42
14040.774204278,child9,1404001,frame,159
14040.775466861,child8,1404001,frame,-122
14040.778523443001,child2,1404001,frame,34
14040.788893899,child7,1404001,frame,28
14050.821173006,child5,1405011,frame,-118
14050.821823881,child4,1405011,frame,-99
14050.83185467,child6,1405011,frame,24
14050.835211669,child10,1405011,frame,58
14050.842377084,child1,1405011,frame,-111
14050.856836206,child3,1405011,frame,-76
14050.880835866,child9,1405011,frame,-105
14050.881828366,child8,1405011,frame,9
14050.882919198999,child2,1405011,frame,-106
14050.89182603,child7,1405011,frame,-100
14060.92532122,child5,1406021,frame,21
14060.929264803,child4,1406021,frame,165
14060.936923051,child6,1406021,frame,25
14060.941487633,child10,1406021,frame,-69
14060.945474131999,child1,1406021,frame,-95
14060.963536460999,child3,1406021,frame,135
14060.985869746999,child9,1406021,frame,19
14060.986726289,child8,1406021,frame,26
14060.986880122,child2,1406021,frame,-91
14060.992095912,child7,1406021,frame,178
14071.030085309001,child5,1407031,frame,39
14071.035319642,child4,1407031,frame,25
14071.040457265,child6,1407031,frame,28
14071.045828806,child10,1407031,frame,183
14071.047565055,child1,1407031,frame,31
14071.074449632,child3,1407031,frame,-76
14071.089371670001,child9,1407031,frame,146
14071.09004592,child2,1407031,frame,177
14071.090143587,child8,1407031,frame,9
14071.097109168,child7,1407031,frame,25
14081.136663148001,child5,1408041,frame,-106
14081.138829648,child4,1408041,frame,-224
14081.143664897001,child6,1408041,frame,-101
14081.149138978999,child10,1408041,frame,-102
14081.150670395,child1,1408041,frame,-95
14081.180807013,child3,1408041,frame,-69
14081.194889092,child9,1408041,frame,-121
14081.195444634,child2,1408041,frame,-90
14081.196005217002,child8,1408041,frame,9
14081.204766548,child7,1408041,frame,-213
14091.212023953,child7,1409051,frame,37
14091.239551571,child5,1409051,frame,161
14091.244308195,child4,1409051,frame,183
14091.249177402,child6,1409051,frame,25
14091.252021152,child10,1409051,frame,-80
14091.25783065,child1,1409051,frame,172
14091.28779581,child3,1409051,frame,48
14091.299034723,child2,1409051,frame,51
14091.303323721999,child9,1409051,frame,20
14091.303596889,child8,1409051,frame,26
14101.315560084,child7,1410061,frame,56
14101.345443494,child5,1410061,frame,-122
14101.349660826,child4,1410061,frame,-98
14101.351978784001,child6,1410061,frame,24
14101.354157366,child10,1410061,frame,57
14101.363237073001,child1,1410061,frame,-93
14101.393413939999,child3,1410061,frame,-66
14101.402922645999,child2,1410061,frame,-74
14101.407454187,child8,1410061,frame,9
14101.408790270001,child9,1410061,frame,-104
14111.412505342,child8,1411071,frame,-116
14111.413734341999,child9,1411071,frame,16
14111.419686297999,child7,1411071,frame,36
14111.451545541,child5,1411071,frame,29
14111.451879623999,child6,1411071,frame,-100
14111.456228373001,child4,1411071,frame,44
14111.459758788998,child10,1411071,frame,-68
14111.462346413,child1,1411071,frame,-80
14111.496792321,child3,1411071,frame,130
14111.507476818999,child2,1411071,frame,33
14121.513164432,child8,1412081,frame,169
14121.51440114,child2,1412081,frame,49
14121.519086472,child9,1412081,frame,21
14121.523709055002,child7,1412081,frame,-84
14121.552475048,child6,1412081,frame,165
14121.555475297,child5,1412081,frame,-110
14121.56196392,child1,1412081,frame,44
14121.564106253,child10,1412081,frame,57
14121.566121753,child4,1412081,frame,43
14121.601079536,child3,1412081,frame,-74
14131.616280147,child8,1413091,frame,-69
14131.620147771,child2,1413091,frame,-73
14131.62473577,child9,1413091,frame,-89
14131.629650768,child7,1413091,frame,-71
14131.656323428999,child6,1413091,frame,-111
14131.660251260999,child5,1413091,frame,124
14131.667118592999,child10,1413091,frame,-75
14131.667811801,child1,1413091,frame,-2
14131.676410924001,child4,1413091,frame,-94
14131.704490041999,child3,1413091,frame,1
14140.710630189,child3,1414000,frame,44
14140.718448146,child8,1414000,frame,10
14140.722447395001,child2,1414000,frame,45
14140.728123769,child9,1414000,frame,159
14140.732098143,child7,1414000,frame,35
14140.764033843,child6,1414000,frame,7
14140.764807176,child5,1414000,frame,-105
14140.777718297999,child10,1414000,frame,127
14140.779195256,child1,1414000,frame,59
14140.779423256,child4,1414000,frame,5
14150.81818757,child3,1415010,frame,-121
14150.825454318,child8,1415010,frame,-104
14150.828129901,child2,1415010,frame,-215
14150.830413858,child9,1415010,frame,-124
14150.836907772999,child7,1415010,frame,7
14150.869447682,child5,1415010,frame,-89
14150.871345557,child6,1415010,frame,-93
14150.884069220001,child10,1415010,frame,-101
14150.887557053,child4,1415010,frame,-73
14150.887796094,child1,1415010,frame,-89
14160.923768534,child3,1416020,frame,138
14160.930990407,child8,1416020,frame,142
14160.935451030999,child9,1416020,frame,177
14160.935684614002,child2,1416020,frame,270
14160.943405321,child7,1416020,frame,-2
14160.97444323,child5,1416020,frame,178
14160.974814896,child6,1416020,frame,131
14160.990870309,child1,1416020,frame,52
14160.993399517,child4,1416020,frame,128
14160.994132349999,child10,1416020,frame,138
14171.029475289,child3,1417030,frame,51
14171.037809621,child8,1417030,frame,18
14171.040479078001,child9,1417030,frame,20
14171.043325618999,child2,1417030,frame,42
14171.046818785,child7,1417030,frame,181
14171.077935111,child6,1417030,frame,25
14171.078529944001,child5,1417030,frame,21
14171.09561469,child4,1417030,frame,27
14171.096096272999,child1,1417030,frame,36
14171.096983898,child10,1417030,frame,49
14181.102806386,child10,1418040,frame,-91
14181.102866886,child4,1418040,frame,-81
14181.136839836,child3,1418040,frame,-76
14181.141007169,child9,1418040,frame,-104
14181.142499585001,child8,1418040,frame,-124
14181.145853876,child2,1418040,frame,-101
14181.151334832999,child7,1418040,frame,-230
14181.179443784,child6,1418040,frame,-101
14181.185245741,child5,1418040,frame,-87
14181.199699321,child1,1418040,frame,53
14191.202417768,child1,1419050,frame,-87
14191.208930183,child10,1419050,frame,-77
14191.208998058,child4,1419050,frame,-82
14191.24319055,child3,1419050,frame,-201
14191.245728883001,child8,1419050,frame,17
14191.247813882,child9,1419050,frame,-123
14191.251952756,child2,1419050,frame,-80
14191.257642047,child7,1419050,frame,134
14191.28451354,child6,1419050,frame,-84
14191.290840788999,child5,1419050,frame,55
14201.303931275,child1,1420060,frame,39
14201.311601315,child10,1420060,frame,50
14201.314213439,child4,1420060,frame,59
14201.346645431,child3,1420060,frame,25
14201.350997055,child8,1420060,frame,18
14201.356936137001,child9,1420060,frame,37
14201.356990095,child2,1420060,frame,58
14201.359019928,child7,1420060,frame,-125
14201.390790046002,child6,1420060,frame,40
14201.392993795,child5,1420060,frame,-90
14211.409174281,child1,1421070,frame,-87
14211.416396695999,child10,1421070,frame,-76
14211.418259112,child4,1421070,frame,-2
14211.452214812,child3,1421070,frame,19
14211.456690394,child8,1421070,frame,-108
14211.461201601,child9,1421070,frame,-89
14211.463261559,child2,1421070,frame,58
14211.465789517,child7,1421070,frame,52
14211.494179593,child6,1421070,frame,57
14211.498110676,child5,1421070,frame,35
14221.507090747,child5,1422080,frame,46
14221.511305162,child1,1422080,frame,47
14221.519381744,child4,1422080,frame,5
14221.521572076,child10,1422080,frame,32
14221.556255276,child3,1422080,frame,18
14221.561123067,child8,1422080,frame,25
14221.565391982,child9,1422080,frame,161
14221.571536439,child2,1422080,frame,42
14221.572642064,child7,1422080,frame,57
14221.595223809,child6,1422080,frame,40
14231.611773003,child5,1423090,frame,29
14231.617668376,child1,1423090,frame,172
14231.627871624001,child4,1423090,frame,-72
14231.630343373,child10,1423090,frame,59
14231.660613282,child3,1423090,frame,8
14231.667951030999,child8,1423090,frame,43
14231.668019989,child9,1423090,frame,-88
14231.675469904,child2,1423090,frame,24
14231.677105445,child7,1423090,frame,37
14231.695805732,child6,1423090,frame,-70
14241.715895134,child5,1424100,frame,32
14241.721434341,child1,1424100,frame,-91
14241.734193003998,child4,1424100,frame,53
14241.735744004,child10,1424100,frame,42
14241.764614205002,child3,1424100,frame,134
14241.770232245,child9,1424100,frame,141
14241.777132202,child2,1424100,frame,13
14241.777248035001,child8,1424100,frame,9
14241.782993367,child7,1424100,frame,48
14241.795793864001,child6,1424100,frame,36
14250.803564803,child6,1425009,frame,21
14250.82131259,child5,1425009,frame,-99
14250.824806089,child1,1425009,frame,18
14250.838455711,child4,1425009,frame,-93
14250.843026752,child10,1425009,frame,-75
14250.865865955,child3,1425009,frame,-67
14250.872471077999,child9,1425009,frame,-91
14250.880362326,child2,1425009,frame,-76
14250.881408576,child8,1425009,frame,-94
14250.888401199,child7,1425009,frame,-106
14260.910633558,child6,1426019,frame,48
14260.927602013,child5,1426019,frame,43
14260.930191595,child1,1426019,frame,-76
14260.943181384,child4,1426019,frame,18
14260.946802758,child10,1426019,frame,3
14260.974245668,child3,1426019,frame,28
14260.974755918,child9,1426019,frame,53
14260.984184624,child8,1426019,frame,123
14260.985822707,child2,1426019,frame,32
14260.990135246999,child7,1426019,frame,9
14271.019677063,child6,1427029,frame,-92
14271.033187435,child1,1427029,frame,-81
14271.033381435,child5,1427029,frame,27
14271.047975473,child4,1427029,frame,10
14271.051312054999,child10,1427029,frame,57
14271.077150549,child9,1427029,frame,36
14271.080093173,child3,1427029,frame,21
14271.087815171999,child2,1427029,frame,35
14271.08942763,child8,1427029,frame,-108
14271.091775796,child7,1427029,frame,-79
14281.094787826,child7,1428039,frame,53
14281.095151534,child8,1428039,frame,157
14281.12121057,child6,1428039,frame,32
14281.135088941,child5,1428039,frame,30
14281.137346774001,child1,1428039,frame,45
14281.153747478998,child10,1428039,frame,-84
14281.154334769999,child4,1428039,frame,2
14281.181960388,child9,1428039,frame,1
14281.186136387,child3,1428039,frame,-66
14281.193615469,child2,1428039,frame,19
14291.197564083,child8,1429049,frame,37
14291.198051291,child2,1429049,frame,19
14291.199768665001,child7,1429049,frame,174
14291.222251077,child6,1429049,frame,158
14291.237346198,child1,1429049,frame,168
14291.23740549,child5,1429049,frame,14
14291.25806436,child10,1429049,frame,164
14291.259975942,child4,1429049,frame,9
14291.286800978,child9,1429049,frame,20
14291.288788352,child3,1429049,frame,129
14301.300249631,child8,1430059,frame,-124
14301.301740505001,child2,1430059,frame,-124
14301.302031379999,child7,1430059,frame,-112
14301.326889291,child6,1430059,frame,-109
14301.338499913,child1,1430059,frame,-111
14301.344527495,child5,1430059,frame,-93
14301.361085782999,child4,1430059,frame,11
14301.36389599,child10,1430059,frame,-96
14301.389264358999,child3,1430059,frame,-74
14301.3933354,child9,1430059,frame,-121
14311.401029846,child9,1431069,frame,162
14311.407016469,child8,1431069,frame,35
14311.407178428,child7,1431069,frame,49
14311.407617178,child2,1431069,frame,162
14311.432068297001,child6,1431069,frame,33
14311.441595544,child1,1431069,frame,28
14311.448597168,child5,1431069,frame,152
14311.468129663,child10,1431069,frame,41
14311.468326454,child4,1431069,frame,136
14311.490077616001,child3,1431069,frame,58
14321.507067226,child9,1432079,frame,4
14321.510275101,child2,1432079,frame,19
14321.511534892,child8,1432079,frame,16
14321.512576975,child7,1432079,frame,-79
14321.535621219,child6,1432079,frame,-89
14321.544685009001,child1,1432079,frame,45
14321.555692255999,child5,1432079,frame,-113
14321.571419918999,child10,1432079,frame,-83
14321.575399293,child4,1432079,frame,-74
14321.594467789,child3,1432079,frame,-76
14331.601777276,child3,1433089,frame,11
14331.613929107,child9,1433089,frame,1
14331.61550419,child8,1433089,frame,17
14331.615566523,child2,1433089,frame,19
14331.620247189001,child7,1433089,frame,44
14331.640122892,child6,1433089,frame,32
14331.64982289,child1,1433089,frame,-95
14331.661479845001,child5,1433089,frame,29
14331.671769343,child10,1433089,frame,56
14331.678052758001,child4,1433089,frame,5
14341.705192741,child3,1434099,frame,0
14341.717499029999,child8,1434099,frame,144
14341.717943238,child9,1434099,frame,129
14341.718997363,child2,1434099,frame,5
14341.728730152,child7,1434099,frame,46
14341.743202982,child6,1434099,frame,30
14341.750847022,child1,1434099,frame,171
14341.767614684,child5,1434099,frame,139
14341.775518141,child10,1434099,frame,168
14341.784023097,child4,1434099,frame,55
14350.787069078,child4,1435008,frame,19
14350.809095323,child3,1435008,frame,31
14350.819013612001,child2,1435008,frame,1
14350.82042457,child9,1435008,frame,-70
14350.821054528,child8,1435008,frame,-122
14350.835759567,child7,1435008,frame,-105
14350.843284898,child6,1435008,frame,7
14350.854012729,child1,1435008,frame,-101
14350.874041182,child5,1435008,frame,-125
14350.882145597,child10,1435008,frame,-102
14360.885243211,child10,1436018,frame,15
14360.890738251,child4,1436018,frame,43
14360.915093454,child3,1436018,frame,59
14360.92424366,child2,1436018,frame,3
14360.924292368001,child8,1436018,frame,-70
14360.929942033,child9,1436018,frame,58
14360.938912115,child7,1436018,frame,41
14360.944367529999,child6,1436018,frame,16
14360.960062193,child1,1436018,frame,15
14360.982964478999,child5,1436018,frame,32
14370.988123009,child5,1437028,frame,12
14370.98964555,child10,1437028,frame,21
14370.996626007,child4,1437028,frame,36
14371.019240835,child3,1437028,frame,44
14371.029489081999,child8,1437028,frame,35
14371.029922374,child2,1437028,frame,2
14371.035603581,child9,1437028,frame,32
14371.045042287,child7,1437028,frame,20
14371.051392035,child6,1437028,frame,17
14371.066812656,child1,1437028,frame,15
14381.094026806,child10,1438038,frame,-93
14381.096042306,child5,1438038,frame,11
14381.100668596,child4,1438038,frame,27
14381.122910466,child3,1438038,frame,51
14381.133980713,child2,1438038,frame,-77
14381.136880086999,child8,1438038,frame,17
14381.142596794,child9,1438038,frame,-81
14381.148465626,child7,1438038,frame,57
14381.153524250001,child6,1438038,frame,32
14381.167215455,child1,1438038,frame,31
14391.199152228999,child10,1439048,frame,34
14391.199665478,child5,1439048,frame,-127
14391.204749393999,child4,1439048,frame,-231
14391.226043888999,child3,1439048,frame,-214
14391.238534094,child8,1439048,frame,1
14391.239449677,child2,1439048,frame,-67
14391.247542175,child9,1439048,frame,-214
14391.254033924,child7,1439048,frame,-87
14391.264743628999,child6,1439048,frame,-108
14391.267344212,child1,1439048,frame,-92
14401.302706526,child10,1440058,frame,33
14401.304728068,child5,1440058,frame,155
14401.312628732,child4,1440058,frame,59
14401.333346477,child3,1440058,frame,129
14401.341630225,child2,1440058,frame,144
14401.345207308,child8,1440058,frame,20
14401.352232723,child9,1440058,frame,137
14401.36235872,child7,1440058,frame,36
14401.366141928,child6,1440058,frame,32
14401.372804676,child1,1440058,frame,29
14411.408917657,child10,1441068,frame,19
14411.409372824,child5,1441068,frame,15
14411.420655279,child4,1441068,frame,43
14411.436481859,child3,1441068,frame,43
14411.448255813999,child2,1441068,frame,3
14411.451860563,child8,1441068,frame,1
14411.458613728,child9,1441068,frame,41
14411.465542352,child7,1441068,frame,41
14411.472748225,child6,1441068,frame,36
14411.481516014,child1,1441068,frame,28
14421.51311358,child5,1442078,frame,-65
14421.515312996,child10,1442078,frame,16
14421.524972618,child4,1442078,frame,-90
14421.539790532,child3,1442078,frame,-215
14421.552552153,child2,1442078,frame,-203
14421.556043736,child8,1442078,frame,-107
14421.564044026001,child9,1442078,frame,-73
14421.572819024,child7,1442078,frame,20
14421.573982732,child6,1442078,frame,-108
14421.586742312,child1,1442078,frame,-113
14431.589933051,child1,1443088,frame,44
14431.618054127,child5,1443088,frame,19
14431.621523042999,child10,1443088,frame,16
14431.630450041,child4,1443088,frame,52
14431.644945829,child3,1443088,frame,184
14431.657996701,child2,1443088,frame,154
14431.6605047,child8,1443088,frame,158
14431.669628990001,child9,1443088,frame,13
14431.675781405,child7,1443088,frame,41
14431.678921821,child6,1443088,frame,32
14441.690705016,child1,1444098,frame,-95
14441.724314299001,child5,1444098,frame,-122
14441.727771464999,child10,1444098,frame,-105
14441.735373922,child4,1444098,frame,-123
14441.75027671,child3,1444098,frame,-85
14441.761656124,child2,1444098,frame,-112
14441.764545872998,child8,1444098,frame,-123
14441.773843371,child9,1444098,frame,4
14441.776747078,child7,1444098,frame,-102
14441.78242641,child6,1444098,frame,30
14450.778899185,child9,1445007,frame,57
14450.784049726,child7,1445007,frame,21
14450.786095433,child6,1445007,frame,7
14450.796717056,child1,1445007,frame,50
14450.82554309,child5,1445007,frame,146
14450.830158714,child10,1445007,frame,38
14450.840034629,child4,1445007,frame,146
14450.854237667,child3,1445007,frame,42
14450.865216039,child2,1445007,frame,41
14450.868127746999,child8,1445007,frame,34
14460.886307982,child9,1446017,frame,13
14460.889244356002,child6,1446017,frame,32
14460.893490939001,child7,1446017,frame,38
14460.900163979,child1,1446017,frame,45
14460.931731679,child5,1446017,frame,-118
14460.935001054,child10,1446017,frame,-92
14460.947089509,child4,1446017,frame,-110
14460.959360588999,child3,1446017,frame,-68
14460.972397628,child2,1446017,frame,10
14460.973090586,child8,1446017,frame,10
14470.982365614998,child8,1447027,frame,8
14470.990959821002,child6,1447027,frame,33
14470.994193695,child7,1447027,frame,-105
14470.99664507,child9,1447027,frame,4
14471.001707694,child1,1447027,frame,44
14471.036169601999,child5,1447027,frame,39
14471.038205268,child10,1447027,frame,33
14471.054147723,child4,1447027,frame,142
14471.062499637,child3,1447027,frame,55
14471.074362633999,child2,1447027,frame,18
14481.081483622,child2,1448037,frame,11
14481.090804828,child6,1448037,frame,16
14481.091166453,child8,1448037,frame,27
14481.103444117,child1,1448037,frame,31
14481.103642492,child9,1448037,frame,44
14481.103824116999,child7,1448037,frame,41
14481.141342566001,child5,1448037,frame,3
14481.14563019,child10,1448037,frame,34
14481.159795937,child4,1448037,frame,-85
14481.165779852,child3,1448037,frame,44
14491.185940045,child2,1449047,frame,27
14491.195026293,child6,1449047,frame,-233
14491.195812084,child8,1449047,frame,-117
14491.207188331,child1,1449047,frame,-96
14491.207858705999,child7,1449047,frame,-104
14491.210934955001,child9,1449047,frame,-198
14491.248319571,child5,1449047,frame,19
14491.249483696001,child10,1449047,frame,-92
14491.267308567001,child4,1449047,frame,-68
14491.2693759,child3,1449047,frame,-74
14501.288712176001,child2,1450057,frame,10
14501.298524549,child8,1450057,frame,25
14501.300538465,child6,1450057,frame,130
14501.311613171,child7,1450057,frame,56
14501.314989628001,child9,1450057,frame,125
14501.315216044999,child1,1450057,frame,47
14501.354113452,child5,1450057,frame,22
14501.356931159999,child10,1450057,frame,32
14501.369301407,child4,1450057,frame,135
14501.375666072,child3,1450057,frame,4
14511.380963019,child3,1451067,frame,-82
14511.394445848999,child2,1451067,frame,-123
14511.401093097,child8,1451067,frame,28
14511.409544845,child6,1451067,frame,-101
14511.418634426,child7,1451067,frame,-71
14511.420367884,child9,1451067,frame,-2
14511.421763675,child1,1451067,frame,-95
14511.459296083,child5,1451067,frame,-111
14511.463078915,child10,1451067,frame,-75
14511.472081955,child4,1451067,frame,-202
14521.485284816,child3,1452077,frame,13
14521.495262814,child2,1452077,frame,160
14521.506188727999,child8,1452077,frame,26
14521.513749184,child6,1452077,frame,41
14521.521092515999,child1,1452077,frame,47
14521.522759557,child9,1452077,frame,60
14521.524410765,child7,1452077,frame,52
14521.568437713,child5,1452077,frame,29
14521.569482921,child10,1452077,frame,128
14521.575995127,child4,1452077,frame,18
14531.592876155,child3,1453087,frame,128
14531.600794236001,child2,1453087,frame,-122
14531.614927191,child8,1453087,frame,26
14531.618414648,child6,1453087,frame,40
14531.624314064,child1,1453087,frame,48
14531.629673895999,child9,1453087,frame,-74
14531.630711354,child7,1453087,frame,56
14531.672205677001,child5,1453087,frame,157
14531.672242844,child10,1453087,frame,42
14531.678995634,child4,1453087,frame,4
14541.679518498,child4,1454097,frame,21
14541.680794956,child5,1454097,frame,-114
14541.696288202998,child3,1454097,frame,-67
14541.705522534,child2,1454097,frame,21
14541.717846156,child8,1454097,frame,10
14541.72183478,child6,1454097,frame,38
14541.731734819,child9,1454097,frame,48
14541.732660569,child1,1454097,frame,30
14541.732715484999,child7,1454097,frame,-89
14541.77718135,child10,1454097,frame,-84
14550.781265873,child10,1455006,frame,43
14550.78371983,child5,1455006,frame,12
14550.784856247,child4,1455006,frame,41
14550.799095118,child3,1455006,frame,44
14550.811104949,child2,1455006,frame,140
14550.823548487,child8,1455006,frame,17
14550.826940112,child6,1455006,frame,14
14550.832927693,child9,1455006,frame,124
14550.835604818,child1,1455006,frame,-90
14550.835808401,child7,1455006,frame,7
14560.886314712,child10,1456016,frame,-83
14560.888079086,child4,1456016,frame,-104
14560.890510252,child5,1456016,frame,15
14560.901909,child3,1456016,frame,-68
14560.916984496,child2,1456016,frame,-122
14560.930035243,child8,1456016,frame,26
14560.933632534,child6,1456016,frame,-85
14560.936271075,child1,1456016,frame,45
14560.938486781999,child9,1456016,frame,-207
14560.938851616002,child7,1456016,frame,44
14570.990136135,child10,1457026,frame,39
14570.991185843,child4,1457026,frame,27
14570.994375384,child5,1457026,frame,14
14571.004946381001,child3,1457026,frame,10
14571.023831585,child2,1457026,frame,19
14571.035024498999,child8,1457026,frame,-241
14571.035858415,child1,1457026,frame,44
14571.039060748,child6,1457026,frame,-68
14571.041721872,child7,1457026,frame,1
14571.045132288,child9,1457026,frame,13
14581.096139557001,child10,1458036,frame,-80
14581.096329932001,child4,1458036,frame,20
14581.097323223,child5,1458036,frame,14
14581.109700178,child3,1458036,frame,3
14581.131654882001,child2,1458036,frame,1
14581.141952296,child8,1458036,frame,149
14581.142466754001,child1,1458036,frame,29
14581.144160587,child6,1458036,frame,-85
14581.149318961001,child9,1458036,frame,52
14581.15047721,child7,1458036,frame,-71
14591.201299813001,child10,1459046,frame,57
14591.201560729001,child4,1459046,frame,36
14591.203408936999,child5,1459046,frame,32
14591.215669184,child3,1459046,frame,127
14591.237220554,child2,1459046,frame,19
14591.24519726,child6,1459046,frame,147
14591.245474844,child8,1459046,frame,27
14591.247552176,child1,1459046,frame,-97
14591.255018966,child9,1459046,frame,39
14591.258309048999,child7,1459046,frame,52
14601.304868860001,child10,1460056,frame,41
14601.307215527,child4,1460056,frame,12
14601.309175692999,child5,1460056,frame,-66
14601.319324649001,child3,1460056,frame,-102
14601.345427892,child6,1460056,frame,41
14601.349330891,child2,1460056,frame,128
14601.350661183,child1,1460056,frame,29
14601.351779599,child8,1460056,frame,9
14601.361173180001,child9,1460056,frame,-73
14601.362301846,child7,1460056,frame,57
14611.411641699,child10,1461066,frame,-76
14611.411813866001,child4,1461066,frame,-114
14611.412055116,child5,1461066,frame,-122
14611.42133753,child3,1461066,frame,52
14611.448834898001,child6,1461066,frame,40
14611.45507598,child2,1461066,frame,-122
14611.455430605,child1,1461066,frame,-98
14611.457121855,child8,1461066,frame,-116
14611.464157311,child9,1461066,frame,4
14611.468596602,child7,1461066,frame,36
14621.479713964,child7,1462076,frame,57
14621.515425247,child4,1462076,frame,29
14621.519171454,child10,1462076,frame,128
14621.521330829,child5,1462076,frame,37
14621.530165952001,child3,1462076,frame,-66
14621.555850654,child6,1462076,frame,41
14621.559316485998,child2,1462076,frame,48
14621.560879653,child1,1462076,frame,47
14621.563191235,child8,1462076,frame,44
14621.569022942,child9,1462076,frame,59
14631.575423555,child9,1463086,frame,-85
14631.586381886,child7,1463086,frame,-87
14631.621161711,child4,1463086,frame,-98
14631.622884919001,child10,1463086,frame,-83
14631.624468585,child5,1463086,frame,22
14631.634367333001,child3,1463086,frame,59
14631.661710701,child2,1463086,frame,-66
14631.664151159,child6,1463086,frame,-85
14631.666058325,child1,1463086,frame,-79
14631.669140991,child8,1463086,frame,25
14641.672203020998,child8,1464096,frame,42
14641.678492312,child9,1464096,frame,145
14641.6911661,child7,1464096,frame,28
14641.728565465999,child10,1464096,frame,39
14641.728621091,child4,1464096,frame,-78
14641.729617633,child5,1464096,frame,-86
14641.747410420001,child3,1464096,frame,-69
14641.762896957998,child2,1464096,frame,21
14641.767360247999,child6,1464096,frame,53
14641.76962429,child1,1464096,frame,48
14650.768088814,child2,1465005,frame,21
14650.768692771999,child6,1465005,frame,14
14650.773195229,child1,1465005,frame,52
14650.776628353,child8,1465005,frame,31
14650.783119727,child9,1465005,frame,47
14650.796483348999,child7,1465005,frame,-79
14650.832082297999,child10,1465005,frame,46
14650.832766340001,child4,1465005,frame,138
14650.837062964,child5,1465005,frame,34
14650.850522752,child3,1465005,frame,44
14660.873853986,child6,1466015,frame,-226
14660.873907944999,child2,1466015,frame,-77
14660.874975069,child1,1466015,frame,-78
14660.881144026,child8,1466015,frame,-70
14660.890767315,child9,1466015,frame,-89
14660.902782396,child7,1466015,frame,36
14660.937012429002,child10,1466015,frame,42
14660.94008597,child4,1466015,frame,-88
14660.943588553,child5,1466015,frame,35
14660.956615549,child3,1466015,frame,-74
14670.963996662,child3,1467025,frame,59
14670.975507493,child1,1467025,frame,125
14670.977848450999,child6,1467025,frame,166
14670.9813192,child2,1467025,frame,136
14670.983609491,child8,1467025,frame,-90
14670.996298654,child9,1467025,frame,159
14671.007827568,child7,1467025,frame,41
14671.042288143,child10,1467025,frame,25
14671.043790351,child4,1467025,frame,51
14671.046994475,child5,1467025,frame,160
14681.068067543,child3,1468035,frame,4
14681.08021654,child1,1468035,frame,-70
14681.082541207,child6,1468035,frame,-73
14681.088862372,child2,1468035,frame,-68
14681.090075788,child8,1468035,frame,158
14681.100920369,child9,1468035,frame,-214
14681.111616324,child7,1468035,frame,21
14681.147013858,child10,1468035,frame,-100
14681.147918315999,child4,1468035,frame,-118
14681.156370146999,child5,1468035,frame,-104
14691.162103592998,child5,1469045,frame,30
14691.171581175,child3,1469045,frame,57
14691.187646212,child1,1469045,frame,53
14691.188048837,child6,1469045,frame,48
14691.195154169001,child8,1469045,frame,17
14691.196612793,child2,1469045,frame,19
14691.205732625,child9,1469045,frame,52
14691.221970953999,child7,1469045,frame,40
14691.25174503,child10,1469045,frame,41
14691.251843738,child4,1469045,frame,135
14701.2646921,child5,1470055,frame,32
14701.274095638999,child3,1470055,frame,-68
14701.289130344,child1,1470055,frame,36
14701.292754801,child6,1470055,frame,49
14701.299512466001,child8,1470055,frame,18
14701.301300465999,child2,1470055,frame,48
14701.310929047,child9,1470055,frame,44
14701.327222543,child7,1470055,frame,-87
14701.355743411,child10,1470055,frame,26
14701.356833078,child4,1470055,frame,-74
14711.368311856,child5,1471065,frame,-114
14711.379371062,child3,1471065,frame,-69
14711.3918841,child6,1471065,frame,-77
14711.39398685,child1,1471065,frame,-213
14711.405594055,child8,1471065,frame,-124
14711.408043096,child2,1471065,frame,3
14711.414232803,child9,1471065,frame,-82
14711.431493257,child7,1471065,frame,37
14711.4610615,child10,1471065,frame,-110
14711.462302292,child4,1471065,frame,2
14721.464217739001,child4,1472075,frame,56
14721.465454155,child10,1472075,frame,37
14721.471651571,child5,1472075,frame,27
14721.484609441999,child3,1472075,frame,11
14721.493243649,child6,1472075,frame,49
14721.498517231,child1,1472075,frame,177
14721.511099478,child8,1472075,frame,142
14721.514637602,child2,1472075,frame,57
14721.521500225,child9,1472075,frame,25
14721.537646555002,child7,1472075,frame,41
14731.569280352,child4,1473085,frame,43
14731.572296851,child10,1473085,frame,-93
14731.577253391999,child5,1473085,frame,15
14731.589244596998,child3,1473085,frame,2
14731.599364136,child6,1473085,frame,48
14731.605721301,child1,1473085,frame,-88
14731.617707173,child2,1473085,frame,-75
14731.618667298,child8,1473085,frame,-105
14731.631229628001,child9,1473085,frame,-74
14731.64247425,child7,1473085,frame,-105
14741.677320177,child4,1474095,frame,-73
14741.678338802001,child10,1474095,frame,50
14741.680055926001,child5,1474095,frame,14
14741.695050756,child3,1474095,frame,54
14741.702651212,child6,1474095,frame,-79
14741.709162877001,child1,1474095,frame,51
14741.721747665999,child8,1474095,frame,17
14741.726468415,child2,1474095,frame,41
14741.736472079,child9,1474095,frame,131
14741.748845033999,child7,1474095,frame,41
14750.782970709,child5,1475004,frame,14
14750.783348042,child4,1475004,frame,19
14750.786476166,child10,1475004,frame,52
14750.803584329,child3,1475004,frame,43
14750.808758743999,child1,1475004,frame,-80
14750.810935202,child6,1475004,frame,7
14750.825829698,child8,1475004,frame,17
14750.831622155,child2,1475004,frame,-125
14750.843032236,child9,1475004,frame,-77
14750.852339067002,child7,1475004,frame,20
14760.859799208,child7,1476014,frame,41
14760.887687951,child5,1476014,frame,47
14760.891956909001,child10,1476014,frame,48
14760.892221742,child4,1476014,frame,56
14760.906874988,child3,1476014,frame,59
14760.913004362,child1,1476014,frame,123
14760.917290861,child6,1476014,frame,173
14760.930755191,child8,1476014,frame,13
14760.937132981,child2,1476014,frame,261
14760.948450394999,child9,1476014,frame,179
14770.970352949002,child7,1477024,frame,38
14770.992344901999,child5,1477024,frame,136
14770.997315526,child4,1477024,frame,-89
14770.998841359,child10,1477024,frame,34
14771.012982147,child3,1477024,frame,51
14771.018879687,child1,1477024,frame,38
14771.021200145,child6,1477024,frame,-88
14771.039732391,child8,1477024,frame,8
14771.040387849,child2,1477024,frame,-92
14771.051864929,child9,1477024,frame,-96
14781.056977905,child9,1478034,frame,-82
14781.075469817,child7,1478034,frame,-105
14781.094001187,child5,1478034,frame,-190
14781.104894685,child4,1478034,frame,-2
14781.107536059,child10,1478034,frame,-110
14781.118779473,child3,1478034,frame,-74
14781.123415054999,child6,1478034,frame,-93
14781.125728013,child1,1478034,frame,-86
14781.146096633,child2,1478034,frame,-101
14781.146938340999,child8,1478034,frame,-98
14791.163992647,child9,1479044,frame,60
14791.181129184,child7,1479044,frame,41
14791.200532763001,child5,1479044,frame,146
14791.209241177,child4,1479044,frame,51
14791.213030634999,child10,1479044,frame,52
14791.225176757,child3,1479044,frame,51
14791.229130589001,child1,1479044,frame,54
14791.232516588001,child6,1479044,frame,174
14791.2513915,child2,1479044,frame,183
14791.254855124,child8,1479044,frame,149
14801.258132059,child8,1480054,frame,-69
14801.261029308,child2,1480054,frame,-92
14801.26708114,child9,1480054,frame,-81
14801.288628593,child7,1480054,frame,20
14801.303076089,child5,1480054,frame,-73
14801.316358294001,child10,1480054,frame,33
14801.316806877001,child4,1480054,frame,-81
14801.330482248999,child3,1480054,frame,35
14801.334851415,child1,1480054,frame,24
14801.335977081,child6,1480054,frame,-109
14811.361459093001,child8,1481064,frame,34
14811.369804008,child2,1481064,frame,50
14811.369935383,child9,1481064,frame,164
14811.394533834999,child7,1481064,frame,-84
14811.403580749,child5,1481064,frame,16
14811.418490995999,child10,1481064,frame,34
14811.424413118999,child4,1481064,frame,123
14811.43549045,child3,1481064,frame,28
14811.436560866001,child1,1481064,frame,37
14811.437488699,child6,1481064,frame,157
14821.466035251999,child8,1482074,frame,1
14821.474207667,child2,1482074,frame,-110
14821.475566083,child9,1482074,frame,-97
14821.498815828,child7,1482074,frame,38
14821.510475616,child5,1482074,frame,-66
14821.525992071001,child10,1482074,frame,16
14821.531399611,child4,1482074,frame,51
14821.539274109,child3,1482074,frame,-106
14821.542236942001,child6,1482074,frame,-108
14821.542683983,child1,1482074,frame,-83
14831.569118495001,child8,1483084,frame,1
14831.578442285,child2,1483084,frame,175
14831.581306701,child9,1483084,frame,52
14831.604917778,child7,1483084,frame,-105
14831.619219691001,child5,1483084,frame,4
14831.633486313,child10,1483084,frame,19
14831.636002229,child4,1483084,frame,-89
14831.643623643,child6,1483084,frame,16
14831.644711226,child3,1483084,frame,33
14831.646190018,child1,1483084,frame,36
14841.67782057,child8,1484094,frame,19
14841.678711528,child2,1484094,frame,-113
14841.688072734,child9,1484094,frame,-90
14841.705506397,child7,1484094,frame,179
14841.722893601,child5,1484094,frame,3
14841.74029093,child4,1484094,frame,48
14841.743471762,child10,1484094,frame,-107
14841.745250803,child6,1484094,frame,-93
14841.747396886001,child1,1484094,frame,-103
14841.748143761,child3,1484094,frame,-93
14850.747724986,child10,1485003,frame,36
14850.747784444,child1,1485003,frame,174
14850.750309027,child6,1485003,frame,1
14850.752460693,child3,1485003,frame,16
14850.782701769,child8,1485003,frame,10
14850.786903225999,child2,1485003,frame,-119
14850.791991892002,child9,1485003,frame,50
14850.809465512,child7,1485003,frame,21
14850.824060259,child5,1485003,frame,7
14850.845949045,child4,1485003,frame,14
14860.848112771,child10,1486013,frame,16
14860.855450603001,child4,1486013,frame,-90
14860.855524519,child6,1486013,frame,52
14860.857465311,child1,1486013,frame,-96
14860.862382768,child3,1486013,frame,177
14860.884031137,child8,1486013,frame,1
14860.892033593998,child2,1486013,frame,166
14860.898615508999,child9,1486013,frame,51
14860.913536338,child7,1486013,frame,41
14860.928672085,child5,1486013,frame,21
14870.955112263,child10,1487023,frame,-108
14870.958478304,child6,1487023,frame,-108
14870.960139637002,child4,1487023,frame,44
14870.965197636,child1,1487023,frame,28
14870.969335759999,child3,1487023,frame,-105
14870.990438588,child8,1487023,frame,-121
14871.001193294,child2,1487023,frame,-101
14871.009182375,child9,1487023,frame,36
14871.016435747999,child7,1487023,frame,-120
14871.033406744,child5,1487023,frame,16
14881.059971797,child10,1488033,frame,34
14881.060077047,child6,1488033,frame,48
14881.06347663,child4,1488033,frame,-81
14881.069187337,child1,1488033,frame,-96
14881.071400836001,child3,1488033,frame,-89
14881.096664247001,child8,1488033,frame,143
14881.104211410999,child2,1488033,frame,58
14881.112237075999,child9,1488033,frame,-89
14881.126152114,child7,1488033,frame,41
14881.139933653001,child5,1488033,frame,-113
14891.16406254,child10,1489043,frame,33
14891.16471579,child6,1489043,frame,33
14891.171338663,child4,1489043,frame,44
14891.173769871,child1,1489043,frame,44
14891.175328621,child3,1489043,frame,52
14891.200194281,child8,1489043,frame,55
14891.209952112,child2,1489043,frame,41
14891.215550527,child9,1489043,frame,143
14891.23244819,child7,1489043,frame,38
14891.243752145,child5,1489043,frame,144
14901.248680163,child5,1490053,frame,-119
14901.271258657,child10,1490053,frame,33
14901.271383615,child6,1490053,frame,48
14901.274735822999,child3,1490053,frame,52
14901.275877698,child4,1490053,frame,-118
14901.276578031,child1,1490053,frame,-80
14901.303919607,child8,1490053,frame,-121
14901.315561188,child2,1490053,frame,-100
14901.32145477,child9,1490053,frame,-89
14901.335440141,child7,1490053,frame,-119
14911.354187030001,child5,1491063,frame,140
14911.371686483999,child10,1491063,frame,33
14911.374837440999,child6,1491063,frame,33
14911.379962982,child1,1491063,frame,171
14911.382042273,child3,1491063,frame,36
14911.382153481,child4,1491063,frame,10
14911.412251057001,child8,1491063,frame,1
14911.421126180001,child2,1491063,frame,40
14911.425242221,child9,1491063,frame,36
14911.439897092,child7,1491063,frame,165
14921.462405563001,child5,1492073,frame,-109
14921.477053018,child10,1492073,frame,-91
14921.479539809,child6,1492073,frame,-93
14921.484618016,child3,1492073,frame,-89
14921.485627349,child1,1492073,frame,-94
14921.486567724001,child4,1492073,frame,-122
14921.515988467001,child8,1492073,frame,-107
14921.528976505,child2,1492073,frame,-67
14921.530059921,child9,1492073,frame,-90
14921.545552043,child7,1492073,frame,-197
14931.54925956,child7,1493083,frame,173
14931.568017055999,child5,1493083,frame,11
14931.57876222,child10,1493083,frame,15
14931.581130427,child6,1493083,frame,52
14931.584173635001,child1,1493083,frame,30
14931.587744008999,child3,1493083,frame,35
14931.5911353,child4,1493083,frame,26
14931.623520625,child8,1493083,frame,17
14931.632877581,child2,1493083,frame,182
14931.633185914001,child9,1493083,frame,162
14941.658247718,child7,1494093,frame,-95
14941.671292257,child5,1494093,frame,11
14941.682123546001,child10,1494093,frame,37
14941.683683587,child6,1494093,frame,-97
14941.686935795,child1,1494093,frame,-78
14941.692036252,child3,1494093,frame,-93
14941.694813459,child4,1494093,frame,29
14941.729486617001,child8,1494093,frame,17
14941.738463323001,child9,1494093,frame,0
14941.739083532,child2,1494093,frame,4
14950.742441964001,child2,1495002,frame,-71
14950.743376255,child9,1495002,frame,-99
14950.764531167,child7,1495002,frame,27
14950.77322204,child5,1495002,frame,-113
14950.784508329,child6,1495002,frame,146
14950.784823787,child10,1495002,frame,-89
14950.788394786001,child1,1495002,frame,52
14950.794682451,child3,1495002,frame,49
14950.799408533,child4,1495002,frame,46
14950.836147482,child8,1495002,frame,41
14960.845453749,child8,1496012,frame,2
14960.846611623001,child2,1496012,frame,34
14960.849727373,child9,1496012,frame,36
14960.86848891,child7,1496012,frame,29
14960.87841899,child5,1496012,frame,29
14960.887198447,child6,1496012,frame,-109
14960.888168821,child1,1496012,frame,-78
14960.891765571,child10,1496012,frame,33
14960.899120234999,child3,1496012,frame,49
14960.910012733,child4,1496012,frame,27
14970.949444575,child8,1497022,frame,16
14970.952517616,child2,1497022,frame,-92
14970.954458948,child9,1497022,frame,20
14970.97402186,child7,1497022,frame,-111
14970.983079608,child5,1497022,frame,-110
14970.992373522,child6,1497022,frame,-92
14970.992999564,child10,1497022,frame,34
14970.995565272,child1,1497022,frame,1
14971.003720186001,child3,1497022,frame,-92
14971.012332851,child4,1497022,frame,18
14981.05632615,child8,1498032,frame,-82
14981.058219816,child2,1498032,frame,32
14981.0582669,child9,1498032,frame,-110
14981.082573976999,child7,1498032,frame,48
14981.087989475001,child5,1498032,frame,0
14981.09850114,child6,1498032,frame,48
14981.098832848,child10,1498032,frame,32
14981.100342556,child1,1498032,frame,-73
14981.105736471,child3,1498032,frame,31
14981.119456258999,child4,1498032,frame,-99
14991.161000851,child9,1499042,frame,36
14991.161106976,child2,1499042,frame,33
14991.163854683,child8,1499042,frame,24
14991.189133636,child7,1499042,frame,13
14991.192488968,child5,1499042,frame,-90
14991.199832840999,child1,1499042,frame,53
14991.204047424,child6,1499042,frame,-76
14991.205548006,child10,1499042,frame,-216
14991.210102755002,child3,1499042,frame,-74
14991.226578751,child4,1499042,frame,-95
15001.26581976,child2,1500052,frame,34
15001.269186133999,child9,1500052,frame,36
15001.272322633,child8,1500052,frame,25
15001.292100003,child7,1500052,frame,48
15001.298600959999,child5,1500052,frame,130
15001.303477376,child1,1500052,frame,6
15001.309272999,child6,1500052,frame,126
15001.31202729,child10,1500052,frame,172
15001.314572748,child3,1500052,frame,4
15001.330681994,child4,1500052,frame,169
15011.370323836001,child2,1501062,frame,-107
15011.377424542,child9,1501062,frame,20
15011.377519917,child8,1501062,frame,-97
15011.396829204,child7,1501062,frame,-102
15011.404821118998,child5,1501062,frame,-79
15011.410697326,child6,1501062,frame,-84
15011.411663659,child1,1501062,frame,-127
15011.414570366998,child10,1501062,frame,37
15011.418431865999,child3,1501062,frame,59
15011.433682945,child4,1501062,frame,-112
15021.440808004,child4,1502072,frame,29
15021.475185995,child2,1502072,frame,-93
15021.48146941,child9,1502072,frame,-90
15021.483633576001,child8,1502072,frame,26
15021.503618571,child7,1502072,frame,161
15021.50915632,child5,1502072,frame,-2
15021.513761111,child1,1502072,frame,22
15021.51605061,child6,1502072,frame,-111
15021.518619943,child10,1502072,frame,33
15021.522795108,child3,1502072,frame,59
15031.548988412,child4,1503082,frame,-95
15031.581322404001,child2,1503082,frame,3
15031.581894736999,child9,1503082,frame,157
15031.586969652999,child8,1503082,frame,42
15031.609810064,child7,1503082,frame,-100
15031.614284312,child1,1503082,frame,139
15031.615922769999,child5,1503082,frame,-118
15031.619249394,child6,1503082,frame,126
15031.621515519,child10,1503082,frame,-91
15031.629317517,child3,1503082,frame,-82
15041.652832405001,child4,1504092,frame,47
15041.684732397,child2,1504092,frame,59
15041.686064521,child9,1504092,frame,20
15041.688801520999,child8,1504092,frame,25
15041.714394264,child1,1504092,frame,-119
15041.719521513,child7,1504092,frame,20
15041.720578596,child5,1504092,frame,31
15041.723350262,child6,1504092,frame,7
15041.726328802999,child10,1504092,frame,33
15041.736007092,child3,1504092,frame,56
15050.732355318001,child10,1505001,frame,38
15050.740378274999,child3,1505001,frame,44
15050.757573479,child4,1505001,frame,7
15050.790692179,child9,1505001,frame,27
15050.79080372,child2,1505001,frame,139
15050.792724678,child8,1505001,frame,31
15050.820038546,child1,1505001,frame,141
15050.82555567,child7,1505001,frame,41
15050.825934212,child5,1505001,frame,139
15050.827995045001,child6,1505001,frame,35
15060.83287077,child6,1506011,frame,48
15060.839181102001,child10,1506011,frame,33
15060.84758135,child3,1506011,frame,-81
15060.863521638,child4,1506011,frame,-73
15060.895037754999,child2,1506011,frame,-109
15060.896430754,child8,1506011,frame,42
15060.898311837002,child9,1506011,frame,20
15060.926197455,child1,1506011,frame,-125
15060.928286871,child7,1506011,frame,23
15060.929199580001,child5,1506011,frame,-65
15070.932693931,child7,1507021,frame,5
15070.93650868,child5,1507021,frame,131
15070.947813052,child10,1507021,frame,16
15070.952423051,child3,1507021,frame,-68
15070.969452880001,child4,1507021,frame,53
15070.997562039001,child2,1507021,frame,49
15071.00193083,child9,1507021,frame,-79
15071.002538621999,child8,1507021,frame,9
15071.029680073001,child1,1507021,frame,133
15071.032142906,child6,1507021,frame,-76
15081.031290674999,child6,1508031,frame,48
15081.034516382,child1,1508031,frame,-125
15081.037385173,child7,1508031,frame,23
15081.042264505,child5,1508031,frame,-80
15081.052216169,child10,1508031,frame,4
15081.061647125,child3,1508031,frame,57
15081.070322332,child4,1508031,frame,36
15081.104068032,child8,1508031,frame,-117
15081.104980073,child2,1508031,frame,50
15081.106617947999,child9,1508031,frame,13
15091.133601459,child6,1509041,frame,-68
15091.141639124,child1,1509041,frame,16
15091.143579374,child7,1509041,frame,-120
15091.144639707001,child5,1509041,frame,7
15091.156436995,child10,1509041,frame,17
15091.164848202,child3,1509041,frame,-76
15091.175601699,child4,1509041,frame,-73
15091.206142733,child8,1509041,frame,43
15091.211165857001,child9,1509041,frame,11
15091.213172148,child2,1509041,frame,-76
15101.236981952,child6,1510051,frame,181
15101.246978408,child1,1510051,frame,125
15101.248205615999,child7,1510051,frame,150
15101.248825949,child5,1510051,frame,141
15101.265016695,child10,1510051,frame,19
15101.269024528001,child3,1510051,frame,252
15101.282244483,child4,1510051,frame,53
15101.313864725,child8,1510051,frame,134
15101.316627557,child9,1510051,frame,137
15101.317508849,child2,1510051,frame,157
15111.342296235998,child6,1511061,frame,-89
15111.351749526,child1,1511061,frame,-124
15111.352588484,child5,1511061,frame,-81
15111.3553719,child7,1511061,frame,23
15111.372753604,child10,1511061,frame,-108
15111.375600727999,child3,1511061,frame,-85
15111.388227683,child4,1511061,frame,-73
15111.419048426,child8,1511061,frame,-70
15111.420806133001,child2,1511061,frame,-107
15111.42296555,child9,1511061,frame,-100
15121.447258979,child6,1512071,frame,41
15121.44966252,child1,1512071,frame,14
15121.457741226,child5,1512071,frame,-90
15121.462062224999,child7,1512071,frame,-73
15121.474619388999,child10,1512071,frame,143
15121.485931302,child3,1512071,frame,24
15121.489235468,child4,1512071,frame,52
15121.521630751999,child8,1512071,frame,-104
15121.524008918,child2,1512071,frame,26
15121.530122416001,child9,1512071,frame,-122
15131.534424391999,child9,1513081,frame,146
15131.534784517,child2,1513081,frame,150
15131.550408346999,child6,1513081,frame,32
15131.558283636,child1,1513081,frame,123
15131.561519135,child5,1513081,frame,170
15131.563743593,child7,1513081,frame,139
15131.578317465,child10,1513081,frame,2
15131.589283879,child3,1513081,frame,43
15131.599477500999,child4,1513081,frame,53
15131.626742286,child8,1513081,frame,141
15141.639044801,child9,1514091,frame,-246
15141.639466843,child2,1514091,frame,-122
15141.655426339,child6,1514091,frame,-220
15141.660395629,child1,1514091,frame,-127
15141.669895419,child7,1514091,frame,-205
15141.670977627,child5,1514091,frame,-212
15141.68310054,child10,1514091,frame,-78
15141.694635246,child3,1514091,frame,-208
15141.705758327,child4,1514091,frame,-122
15141.730861237,child8,1514091,frame,-105
15150.738875335,child8,1515000,frame,24
15150.743094417001,child9,1515000,frame,166
15150.744566416999,child2,1515000,frame,41
15150.756918788999,child6,1515000,frame,160
15150.768178911001,child1,1515000,frame,126
15150.774463742999,child7,1515000,frame,150
15150.774520243,child5,1515000,frame,50
15150.788833364,child10,1515000,frame,18
15150.79761582,child3,1515000,frame,168
15150.811695359,child4,1515000,frame,56
15160.843343661,child8,1516010,frame,16
15160.849873826,child9,1516010,frame,-70
15160.85169595,child2,1516010,frame,19
15160.860051657,child6,1516010,frame,-93
15160.869185613,child1,1516010,frame,-127
15160.878429569,child5,1516010,frame,17
15160.878615527,child7,1516010,frame,-73
15160.891598732,child10,1516010,frame,-115
15160.898016189,child3,1516010,frame,-97
15160.914364727,child4,1516010,frame,-117
15170.948889987,child8,1517020,frame,-106
15170.957308817999,child9,1517020,frame,19
15170.959479359,child2,1517020,frame,-108
15170.963220149999,child6,1517020,frame,-76
15170.973298814,child1,1517020,frame,-2
15170.980064020001,child5,1517020,frame,51
15170.986947809999,child7,1517020,frame,-108
15170.994550392,child10,1517020,frame,25
15171.001807557,child3,1517020,frame,-81
15171.01616622,child4,1517020,frame,136
15181.052386145999,child8,1518030,frame,17
15181.063167227,child9,1518030,frame,-105
15181.064541601001,child6,1518030,frame,48
15181.067492184,child2,1518030,frame,2
15181.078362723001,child1,1518030,frame,-2
15181.087324720998,child5,1518030,frame,-82
15181.093083928,child7,1518030,frame,14
15181.100863884,child10,1518030,frame,26
15181.102593342,child3,1518030,frame,44
15181.120655296,child4,1518030,frame,-74
15191.125789146,child4,1519040,frame,-121
15191.161240054,child8,1519040,frame,-92
15191.165585803,child9,1519040,frame,52
15191.167804219,child6,1519040,frame,2
15191.174424968001,child2,1519040,frame,-92
15191.180850216,child1,1519040,frame,14
15191.192327671,child5,1519040,frame,7
15191.198354628,child7,1519040,frame,14
15191.205682668,child10,1519040,frame,25
15191.209868,child3,1519040,frame,4
15201.227913014,child4,1520050,frame,11
15201.265690172,child8,1520050,frame,182
15201.267220046,child6,1520050,frame,14
15201.267500838001,child9,1520050,frame,148
15201.278852042999,child2,1520050,frame,34
15201.28597675,child1,1520050,frame,0
15201.300036247,child5,1520050,frame,124
15201.30055283,child7,1520050,frame,33
15201.309604244,child10,1520050,frame,-115
15201.314024993,child3,1520050,frame,59
15211.330117341,child4,1521060,frame,21
15211.370889955999,child9,1521060,frame,-113
15211.371984914,child8,1521060,frame,9
15211.37481833,child6,1521060,frame,1
15211.384485036,child2,1521060,frame,32
15211.387136618,child1,1521060,frame,0
15211.403525073,child5,1521060,frame,-70
15211.403971156,child7,1521060,frame,-120
15211.41580332,child10,1521060,frame,149
15211.418443694,child3,1521060,frame,-68
15221.435537582998,child4,1522070,frame,26
15221.473146574,child9,1522070,frame,44
15221.47587599,child6,1522070,frame,11
15221.477721614,child8,1522070,frame,25
15221.485699696,child2,1522070,frame,33
15221.486904029001,child1,1522070,frame,-109
15221.508209565001,child7,1522070,frame,56
15221.514125104999,child5,1522070,frame,4
15221.520360478999,child10,1522070,frame,28
15221.523312936,child3,1522070,frame,10
15231.524769913,child3,1523080,frame,49
15231.541372659,child4,1523080,frame,14
15231.578213858,child9,1523080,frame,136
15231.583118648,child6,1523080,frame,-77
15231.58551544,child8,1523080,frame,-97
15231.592923563,child2,1523080,frame,33
15231.595648104001,child1,1523080,frame,16
15231.615497057,child7,1523080,frame,31
15231.616506598999,child5,1523080,frame,43
15231.620027889001,child10,1523080,frame,17
15241.627899614,child10,1524090,frame,-106
15241.628513239,child3,1524090,frame,0
15241.650313484,child4,1524090,frame,-103
15241.680930351,child9,1524090,frame,-111
15241.685439142,child8,1524090,frame,25
15241.688221683,child6,1524090,frame,14
15241.696610472,child2,1524090,frame,-88
15241.705872387,child1,1524090,frame,49
15241.718689008,child7,1524090,frame,-97
15241.718816342,child5,1524090,frame,44
15251.726582692,child7,1525100,frame,54
15251.730819649,child10,1525100,frame,18
15251.73261444,child3,1525100,frame,38
15251.753856851,child4,1525100,frame,24
15251.787221677,child9,1525100,frame,0
15251.788839259001,child8,1525100,frame,43
15251.789612926,child6,1525100,frame,131
15251.801757131,child2,1525100,frame,51
15251.809208838002,child1,1525100,frame,14
15251.82148171,child5,1525100,frame,-88
15260.826845267,child5,1526009,frame,50
15260.832454474,child7,1526009,frame,21
15260.835573930999,child10,1526009,frame,22
15260.838737514001,child3,1526009,frame,-96
15260.859283759,child4,1526009,frame,56
15260.890229293,child6,1526009,frame,-104
15260.891292751,child8,1526009,frame,-108
15260.894723083,child9,1526009,frame,26
15260.904381622,child2,1526009,frame,37
15260.910561038001,child1,1526009,frame,17
15270.933223217,child5,1527019,frame,55
15270.937539633,child7,1527019,frame,41
15270.942278715,child10,1527019,frame,19
15270.943685506,child3,1527019,frame,59
15270.966670291999,child4,1527019,frame,29
15270.993772202,child6,1527019,frame,127
15270.994805535,child8,1527019,frame,149
15270.997829283999,child9,1527019,frame,4
15271.009610865001,child2,1527019,frame,33
15271.013714113999,child1,1527019,frame,14
15281.01475084,child2,1528029,frame,19
15281.017221131,child1,1528029,frame,13
15281.039919042001,child5,1528029,frame,-98
15281.041829624999,child7,1528029,frame,20
15281.045058125,child10,1528029,frame,-1
15281.047860957,child3,1528029,frame,51
15281.070449743002,child4,1528029,frame,-111
15281.098433653,child6,1528029,frame,-77
15281.100373652,child8,1528029,frame,11
15281.105714651,child9,1528029,frame,4
15291.119826499,child2,1529039,frame,18
15291.122044665999,child1,1529039,frame,-111
15291.143250034998,child5,1529039,frame,52
15291.143718744,child7,1529039,frame,41
15291.146446701,child10,1529039,frame,5
15291.150008992,child3,1529039,frame,-74
15291.17680186,child4,1529039,frame,30
15291.202467812,child8,1529039,frame,-117
15291.203934937,child6,1529039,frame,14
15291.21039056,child9,1529039,frame,0
15301.217476452,child9,1530049,frame,4
15301.221060785,child1,1530049,frame,155
15301.224664825,child2,1530049,frame,2
15301.247289820001,child5,1530049,frame,37
15301.248894778,child10,1530049,frame,141
15301.249322651998,child7,1530049,frame,23
15301.251856194001,child3,1530049,frame,-74
15301.280768478,child4,1530049,frame,30
15301.307040054999,child6,1530049,frame,57
15301.307160638,child8,1530049,frame,150
15311.319475237,child9,1531059,frame,4
15311.320839611999,child1,1531059,frame,-127
15311.331486191999,child2,1531059,frame,17
15311.350371563001,child5,1531059,frame,-96
15311.355079728,child10,1531059,frame,-122
15311.355367686,child7,1531059,frame,5
15311.355952935999,child3,1531059,frame,184
15311.387839052999,child4,1531059,frame,29
15311.406584674001,child6,1531059,frame,-77
15311.412325714,child8,1531059,frame,-99
15321.416665440001,child8,1532069,frame,10
15321.420854064001,child9,1532069,frame,20
15321.426227271,child1,1532069,frame,139
15321.43481581,child2,1532069,frame,19
15321.454501305001,child5,1532069,frame,126
15321.458475137999,child3,1532069,frame,-82
15321.460086679,child10,1532069,frame,142
15321.461370637,child7,1532069,frame,25
15321.491873004,child4,1532069,frame,-94
15321.509076875,child6,1532069,frame,49
15331.520722849,child8,1533079,frame,8
15331.522895598,child9,1533079,frame,49
15331.534992054001,child1,1533079,frame,-125
15331.539920803,child2,1533079,frame,2
15331.557398215,child5,1533079,frame,36
15331.563513797,child3,1533079,frame,50
15331.566171171,child10,1533079,frame,-76
15331.571762878,child7,1533079,frame,-72
15331.595571622,child4,1533079,frame,29
15331.614266534001,child6,1533079,frame,-85
15341.619329718,child6,1534089,frame,127
15341.624445092,child8,1534089,frame,29
15341.625804674999,child9,1534089,frame,-67
15341.636843255,child1,1534089,frame,16
15341.64458067,child2,1534089,frame,-77
15341.662446999,child5,1534089,frame,-106
15341.669176622,child3,1534089,frame,49
15341.670542747,child10,1534089,frame,-69
15341.677410912,child7,1534089,frame,16
15341.702077864,child4,1534089,frame,-95
15351.730751959,child6,1535099,frame,-70
15351.730826542,child8,1535099,frame,-69
15351.732242041999,child9,1535099,frame,129
15351.738083749,child1,1535099,frame,16
15351.750198996,child2,1535099,frame,12
15351.770023574,child5,1535099,frame,35
15351.774724156,child3,1535099,frame,32
15351.776749572,child10,1535099,frame,48
15351.782835571,child7,1535099,frame,15
15351.805719274,child4,1535099,frame,48
15360.807636165,child4,1536008,frame,-124
15360.836511033,child6,1536008,frame,15
15360.836655908,child8,1536008,frame,24
15360.837299574001,child9,1536008,frame,-126
15360.844647739,child1,1536008,frame,18
15360.852468695,child2,1536008,frame,34
15360.876435106,child3,1536008,frame,-123
15360.876681689,child5,1536008,frame,-90
15360.882201855,child10,1536008,frame,-122
15360.88527677,child7,1536008,frame,-126
15370.910999908001,child4,1537018,frame,52
15370.936540735001,child6,1537018,frame,-76
15370.942730025,child8,1537018,frame,36
15370.942991066,child9,1537018,frame,4
15370.949439148,child1,1537018,frame,-109
15370.958875271,child2,1537018,frame,11
15370.978810141001,child3,1537018,frame,-73
15370.979645016,child5,1537018,frame,37
15370.985443264,child10,1537018,frame,11
15370.990388638,child7,1537018,frame,-94
15381.013385359,child4,1538028,frame,53
15381.041707477,child6,1538028,frame,14
15381.047036434,child9,1538028,frame,-79
15381.050099183001,child8,1538028,frame,-124
15381.05495589,child1,1538028,frame,16
15381.062973222,child2,1538028,frame,-70
15381.080973592,child5,1538028,frame,-70
15381.082736467,child3,1538028,frame,52
15381.08828209,child10,1538028,frame,9
15381.09722463,child7,1538028,frame,154
15391.115743269,child4,1539038,frame,-72
15391.146371719999,child6,1539038,frame,1
15391.150141635,child9,1539038,frame,138
15391.150319010001,child8,1539038,frame,50
15391.155360801,child1,1539038,frame,32
15391.164197923,child2,1539038,frame,18
15391.183470001999,child5,1539038,frame,52
15391.187809918,child3,1539038,frame,36
15391.194697166,child10,1539038,frame,26
15391.203792622,child7,1539038,frame,-93
15401.210156097,child7,1540048,frame,29
15401.219479095002,child4,1540048,frame,24
15401.249748504,child6,1540048,frame,-68
15401.252250128,child8,1540048,frame,18
15401.254439545,child1,1540048,frame,34
15401.255740711,child9,1540048,frame,-67
15401.268199708,child2,1540048,frame,19
15401.288667828,child5,1540048,frame,-90
15401.294055451,child3,1540048,frame,52
15401.300636865999,child10,1540048,frame,10
15411.312085923999,child7,1541058,frame,173
15411.324370171,child4,1541058,frame,59
15411.354949162998,child6,1541058,frame,10
15411.355624955,child8,1541058,frame,16
15411.356979413002,child9,1541058,frame,3
15411.361180078,child1,1541058,frame,28
15411.370799118,child2,1541058,frame,18
15411.391073446,child5,1541058,frame,123
15411.398761736,child3,1541058,frame,-89
15411.404050150999,child10,1541058,frame,26
15421.41643875,child7,1542068,frame,23
15421.428373372,child4,1542068,frame,58
15421.456409823,child6,1542068,frame,127
15421.458974531,child8,1542068,frame,35
15421.462031738,child9,1542068,frame,55
15421.469374945,child1,1542068,frame,14
15421.476898318,child2,1542068,frame,1
15421.494742063998,child5,1542068,frame,54
15421.500891687001,child3,1542068,frame,176
15421.506802477,child10,1542068,frame,-1
15431.510981161,child10,1543078,frame,13
15431.522724908,child7,1543078,frame,-245
15431.536355737999,child4,1543078,frame,-81
15431.558676608,child6,1543078,frame,-123
15431.563472232001,child8,1543078,frame,-109
15431.565653315,child9,1543078,frame,-192
15431.57535802,child1,1543078,frame,14
15431.58246456,child2,1543078,frame,10
15431.600274348,child5,1543078,frame,37
15431.601294181,child3,1543078,frame,-89
15441.613149113,child10,1544088,frame,16
15441.623939652,child7,1544088,frame,181
15441.639373439999,child4,1544088,frame,58
15441.661758601,child6,1544088,frame,137
15441.666933433,child8,1544088,frame,151
15441.671616557,child9,1544088,frame,162
15441.678494555,child1,1544088,frame,14
15441.686947303,child2,1544088,frame,11
15441.705794214999,child3,1544088,frame,51
15441.706045006,child5,1544088,frame,55
15451.709997357,child5,1545098,frame,-231
15451.712709522999,child3,1545098,frame,-94
15451.714161773,child10,1545098,frame,-122
15451.72573652,child7,1545098,frame,-120
15451.746631348,child4,1545098,frame,-87
15451.764917802,child6,1545098,frame,-109
15451.769062259,child8,1545098,frame,-223
15451.773373133,child9,1545098,frame,-246
15451.783585547,child1,1545098,frame,-111
15451.793255378001,child2,1545098,frame,-113
15460.814828348,child5,1546007,frame,173
15460.815843430999,child3,1546007,frame,21
15460.819667555,child10,1546007,frame,147
15460.829764011,child7,1546007,frame,26
15460.852542255,child4,1546007,frame,5
15460.872368084001,child8,1546007,frame,169
15460.872917584,child6,1546007,frame,22
15460.880592997999,child9,1546007,frame,148
15460.887703997,child1,1546007,frame,17
15460.896768119,child2,1546007,frame,156
15470.90225022,child2,1547017,frame,-123
15470.917879591,child5,1547017,frame,-103
15470.923887673,child10,1547017,frame,2
15470.924626673,child3,1547017,frame,33
15470.931971337,child7,1547017,frame,20
15470.956941330998,child4,1547017,frame,-65
15470.977631701,child8,1547017,frame,-115
15470.979729451,child6,1547017,frame,21
15470.983458866,child9,1547017,frame,12
15470.991529822999,child1,1547017,frame,14
15481.010262878,child2,1548027,frame,144
15481.019609459,child5,1548027,frame,37
15481.024526208,child10,1548027,frame,3
15481.029181748001,child3,1548027,frame,33
15481.035672122,child7,1548027,frame,25
15481.060120657,child4,1548027,frame,58
15481.077950861,child8,1548027,frame,44
15481.084440859999,child6,1548027,frame,3
15481.086686943001,child9,1548027,frame,28
15481.091276940999,child1,1548027,frame,138
15491.11737362,child2,1549037,frame,-123
15491.126968118,child5,1549037,frame,21
15491.127351909001,child10,1549037,frame,-123
15491.130606575,child3,1549037,frame,15
15491.140549031,child7,1549037,frame,23
15491.161412942,child4,1549037,frame,-72
15491.180354438,child8,1549037,frame,25
15491.189170602,child6,1549037,frame,56
15491.191287518,child9,1549037,frame,19
15491.191682518,child1,1549037,frame,-125
15501.226273362,child2,1550047,frame,1
15501.233315525998,child5,1550047,frame,47
15501.23406061,child10,1550047,frame,126
15501.236173442001,child3,1550047,frame,20
15501.244389482,child7,1550047,frame,20
15501.267584268,child4,1550047,frame,7
15501.284031389,child8,1550047,frame,42
15501.290570929,child6,1550047,frame,49
15501.296236844,child9,1550047,frame,21
15501.297184427001,child1,1550047,frame,16
15511.301188153,child9,1551057,frame,-118
15511.312281067001,child1,1551057,frame,-109
15511.327588271999,child2,1551057,frame,18
15511.338251018999,child10,1551057,frame,-123
15511.339255227,child5,1551057,frame,-98
15511.340258893,child3,1551057,frame,-89
15511.346743933,child7,1551057,frame,-84
15511.371675469,child4,1551057,frame,14
15511.38904459,child8,1551057,frame,-100
15511.393703089001,child6,1551057,frame,-69
15521.407013144999,child9,1552067,frame,146
15521.416141518,child1,1552067,frame,157
15521.429548931,child2,1552067,frame,19
15521.444987719,child3,1552067,frame,36
15521.446243052,child10,1552067,frame,143
15521.447280802,child5,1552067,frame,44
15521.451925550999,child7,1552067,frame,130
15521.47565942,child4,1552067,frame,6
15521.491463540999,child8,1552067,frame,25
15521.498854456,child6,1552067,frame,-76
15531.510196887999,child9,1553077,frame,-106
15531.520162551999,child1,1553077,frame,34
15531.536090549,child2,1553077,frame,18
15531.552241628,child5,1553077,frame,-80
15531.552285253,child3,1553077,frame,-89
15531.552842211,child10,1553077,frame,-123
15531.557499626999,child7,1553077,frame,-100
15531.58253912,child4,1553077,frame,15
15531.594339784,child8,1553077,frame,58
15531.600255116,child6,1553077,frame,8
15541.603376259,child6,1554087,frame,14
15541.613382798,child9,1554087,frame,4
15541.62329542,child1,1554087,frame,-66
15541.641402833,child2,1554087,frame,47
15541.655407121001,child10,1554087,frame,3
15541.658679578,child7,1554087,frame,148
15541.65894837,child3,1554087,frame,35
15541.659753660999,child5,1554087,frame,29
15541.691069279,child4,1554087,frame,6
15541.698817527,child8,1554087,frame,9
15551.702555919,child8,1555097,frame,25
15551.705979002001,child6,1555097,frame,-66
15551.721340748001,child9,1555097,frame,0
15551.727160496,child1,1555097,frame,6
15551.744875159,child2,1555097,frame,13
15551.75867553,child10,1555097,frame,18
15551.763738570999,child7,1555097,frame,-73
15551.765113237,child5,1555097,frame,1
15551.766443569999,child3,1555097,frame,34
15551.792308564,child4,1555097,frame,8
15560.794586913002,child4,1556006,frame,-111
15560.80493241,child8,1556006,frame,-90
15560.806017534998,child6,1556006,frame,42
15560.825353322,child9,1556006,frame,27
15560.831806529,child1,1556006,frame,10
15560.852835482,child2,1556006,frame,-106
15560.863590229,child10,1556006,frame,22
15560.867865312,child7,1556006,frame,16
15560.871649227001,child5,1556006,frame,34
15560.872450935001,child3,1556006,frame,21
15570.90055703,child4,1557016,frame,22
15570.907641112,child6,1557016,frame,-123
15570.912178736,child8,1557016,frame,149
15570.933578271999,child9,1557016,frame,-106
15570.936853813,child1,1557016,frame,22
15570.9554366,child2,1557016,frame,27
15570.971424845999,child10,1557016,frame,1
15570.973918137,child7,1557016,frame,-65
15570.978923427001,child5,1557016,frame,-89
15570.980011886,child3,1557016,frame,-89
15581.001879524,child4,1558026,frame,15
15581.021208394,child8,1558026,frame,-116
15581.022176935001,child6,1558026,frame,150
15581.037800806002,child1,1558026,frame,6
15581.037903056,child9,1558026,frame,162
15581.059512426,child2,1558026,frame,56
15581.074512547,child10,1558026,frame,4
15581.079109463,child7,1558026,frame,25
15581.083752253,child5,1558026,frame,51
15581.089143419,child3,1558026,frame,49
15591.109681431999,child4,1559036,frame,-111
15591.12594022,child8,1559036,frame,44
15591.127380678,child6,1559036,frame,-109
15591.137558800001,child1,1559036,frame,6
15591.140787841,child9,1559036,frame,-106
15591.166316501001,child2,1559036,frame,2
15591.180538413999,child7,1559036,frame,6
15591.180702164,child10,1559036,frame,19
15591.188010578999,child5,1559036,frame,53
15591.18975687,child3,1559036,frame,49
15601.196068554002,child3,1560046,frame,-92
15601.19769397,child5,1560046,frame,38
15601.21771034,child4,1560046,frame,30
15601.228814045999,child6,1560046,frame,26
15601.235083128,child8,1560046,frame,10
15601.244618,child9,1560046,frame,1
15601.246778457999,child1,1560046,frame,53
15601.271240035,child2,1560046,frame,3
15601.285604407,child7,1560046,frame,-116
15601.286449657,child10,1560046,frame,1
15611.301278170999,child5,1561056,frame,-71
15611.301641213,child3,1561056,frame,-76
15611.327466582,child4,1561056,frame,31
15611.331891081,child6,1561056,frame,141
15611.338845787,child8,1561056,frame,8
15611.348868410001,child9,1561056,frame,35
15611.357345199,child1,1561056,frame,-191
15611.379405902,child2,1561056,frame,1
15611.389535191,child7,1561056,frame,162
15611.391275649,child10,1561056,frame,19
15621.39652025,child7,1562066,frame,-73
15621.398825041,child10,1562066,frame,2
15621.407439414,child5,1562066,frame,36
15621.408721997,child3,1562066,frame,48
15621.435697157,child4,1562066,frame,-95
15621.436872323,child6,1562066,frame,-122
15621.443556071,child8,1562066,frame,29
15621.458712984,child9,1562066,frame,146
15621.462062275,child1,1562066,frame,149
15621.487013144,child2,1562066,frame,-77
15631.494452869,child2,1563076,frame,19
15631.5012137,child7,1563076,frame,33
15631.504925783001,child10,1563076,frame,3
15631.513983072,child3,1563076,frame,32
15631.514547531,child5,1563076,frame,35
15631.538683108,child4,1563076,frame,46
15631.539366566001,child6,1563076,frame,162
15631.553914937002,child8,1563076,frame,8
15631.561111019,child9,1563076,frame,3
15631.563877518,child1,1563076,frame,0
15641.600833153,child2,1564086,frame,18
15641.609253942,child7,1564086,frame,-120
15641.611311358,child10,1564086,frame,-203
15641.619289648,child3,1564086,frame,-73
15641.621057231,child5,1564086,frame,-96
15641.64326135,child6,1564086,frame,-194
15641.6461441,child4,1564086,frame,-78
15641.657539805,child8,1564086,frame,-98
15641.667188719,child9,1564086,frame,-203
15641.669146593998,child1,1564086,frame,-250
15651.704795437001,child2,1565096,frame,4
15651.714439435,child7,1565096,frame,41
15651.718606642,child10,1565096,frame,153
15651.723248932,child3,1565096,frame,3
15651.725881932,child5,1565096,frame,46
15651.749462176002,child6,1565096,frame,-102
15651.75124055,child4,1565096,frame,3
15651.763915381,child8,1565096,frame,-116
15651.773738045,child1,1565096,frame,32
15651.77407417,child9,1565096,frame,28
15660.808130219999,child2,1566005,frame,134
15660.819888633,child7,1566005,frame,139
15660.823525466001,child10,1566005,frame,15
15660.825777424001,child3,1566005,frame,167
15660.831738005,child5,1566005,frame,28
15660.851287959,child6,1566005,frame,306
15660.855098875,child4,1566005,frame,168
15660.867755247,child8,1566005,frame,170
15660.876247410999,child1,1566005,frame,158
15660.876767661,child9,1566005,frame,144
15670.885782677,child9,1567015,frame,12
15670.911864962,child2,1567015,frame,-68
15670.923215793,child7,1567015,frame,-108
15670.927163292,child10,1567015,frame,11
15670.930584999001,child3,1567015,frame,-81
15670.935986956001,child5,1567015,frame,47
15670.951622494,child6,1567015,frame,-123
15670.963975283,child4,1567015,frame,-69
15670.974662738,child8,1567015,frame,-98
15670.976610696,child1,1567015,frame,-110
15680.991023003,child9,1568025,frame,41
15681.015056955,child2,1568025,frame,3
15681.027641036,child7,1568025,frame,156
15681.031994409,child10,1568025,frame,9
15681.035060742,child3,1568025,frame,59
15681.04213624,child5,1568025,frame,-98
15681.05142953,child6,1568025,frame,1
15681.062762235,child4,1568025,frame,36
15681.077709606,child8,1568025,frame,25
15681.080455939,child1,1568025,frame,32
15691.090948913,child1,1569035,frame,58
15691.097310662,child9,1569035,frame,-75
15691.118803239999,child2,1569035,frame,-123
15691.135328401999,child7,1569035,frame,-206
15691.139127443,child3,1569035,frame,-81
15691.142163317001,child10,1569035,frame,-114
15691.145840358,child5,1569035,frame,43
15691.154053938999,child6,1569035,frame,2
15691.167627978,child4,1569035,frame,-88
15691.182892432,child8,1569035,frame,25
15701.185422992,child8,1570045,frame,42
15701.199937071,child1,1570045,frame,-111
15701.202148029,child9,1570045,frame,59
15701.223201191,child2,1570045,frame,1
15701.241498644,child7,1570045,frame,41
15701.242754311,child3,1570045,frame,44
15701.245467893,child10,1570045,frame,25
15701.250682392,child5,1570045,frame,30
15701.259120348,child6,1570045,frame,17
15701.272941303,child4,1570045,frame,-74
15711.290220151,child8,1571055,frame,-100
15711.302411315,child1,1571055,frame,170
15711.305921689,child9,1571055,frame,3
15711.329326141,child2,1571055,frame,135
15711.343373513,child7,1571055,frame,138
15711.349403885999,child3,1571055,frame,43
15711.350799468999,child10,1571055,frame,8
15711.355015843,child5,1571055,frame,29
15711.363708298999,child6,1571055,frame,1
15711.374867755,child4,1571055,frame,176
15721.397286643,child8,1572065,frame,39
15721.405887723999,child1,1572065,frame,29
15721.410592723001,child9,1572065,frame,4
15721.435998967,child2,1572065,frame,-68
15721.448884796999,child7,1572065,frame,-108
15721.453607587,child3,1572065,frame,41
15721.456700835999,child5,1572065,frame,47
15721.457762044,child10,1572065,frame,28
15721.464810334,child6,1572065,frame,39
15721.482076287999,child4,1572065,frame,-88
15731.501284677,child8,1573075,frame,45
15731.512313841,child1,1573075,frame,-65
15731.514583299,child9,1573075,frame,23
15731.544816166,child2,1573075,frame,128
15731.555022039,child7,1573075,frame,140
15731.558513163,child3,1573075,frame,25
15731.561625662001,child5,1573075,frame,11
15731.563484495,child10,1573075,frame,3
15731.56913016,child6,1573075,frame,55
15731.583321865,child4,1573075,frame,36
15741.586507549999,child4,1574085,frame,-95
15741.606228585999,child8,1574085,frame,9
15741.616152334002,child1,1574085,frame,6
15741.618970291,child9,1574085,frame,-91
15741.646496493,child2,1574085,frame,-93
15741.659120698,child7,1574085,frame,-82
15741.662120739,child3,1574085,frame,-108
15741.664157322,child5,1574085,frame,12
15741.672133402999,child6,1574085,frame,-92
15741.673432403,child10,1574085,frame,16
15751.692399,child4,1575095,frame,-1
15751.710577246,child8,1575095,frame,-82
15751.719027784999,child1,1575095,frame,-103
15751.719847368,child9,1575095,frame,60
15751.751888527,child2,1575095,frame,11
15751.764870357,child7,1575095,frame,23
15751.766254732,child5,1575095,frame,11
15751.767097857,child3,1575095,frame,47
15751.777327271,child6,1575095,frame,13
15751.777661187001,child10,1575095,frame,19
15760.78000037,child10,1576004,frame,-102
15760.780291744999,child6,1576004,frame,-90
15760.79932874,child4,1576004,frame,1
15760.813429445001,child8,1576004,frame,156
15760.821330068,child1,1576004,frame,24
15760.824442359,child9,1576004,frame,-2
15760.856075143,child2,1576004,frame,28
15760.868306348,child7,1576004,frame,-70
15760.871626389,child5,1576004,frame,-111
15760.87234368,child3,1576004,frame,-122
15770.876846525,child3,1577014,frame,51
15770.887711522,child10,1577014,frame,157
15770.887864646998,child6,1577014,frame,11
15770.907159851,child4,1577014,frame,123
15770.920052973,child8,1577014,frame,-117
15770.926041888,child1,1577014,frame,22
15770.92896122,child9,1577014,frame,38
15770.960480713,child2,1577014,frame,2
15770.970495877,child7,1577014,frame,33
15770.974903667,child5,1577014,frame,139
15780.97626547,child7,1578024,frame,52
15780.977301053,child5,1578024,frame,16
15780.984606967,child3,1578024,frame,36
15780.989803174,child6,1578024,frame,8
15780.992520464999,child10,1578024,frame,47
15781.012539377,child4,1578024,frame,-87
15781.0222425,child8,1578024,frame,168
15781.034819538,child1,1578024,frame,24
15781.037104662999,child9,1578024,frame,43
15781.064716656,child2,1578024,frame,31
15791.081269954,child5,1579034,frame,-192
15791.082104996,child7,1579034,frame,-125
15791.088679952,child3,1579034,frame,36
15791.089367118999,child6,1579034,frame,11
15791.096712575,child10,1579034,frame,-66
15791.11779357,child4,1579034,frame,38
15791.126516735001,child8,1579034,frame,-117
15791.141415106,child1,1579034,frame,-117
15791.143365814,child9,1579034,frame,-83
15791.166444183,child2,1579034,frame,41
15801.182640315,child5,1580044,frame,20
15801.187074063999,child7,1580044,frame,31
15801.188653480001,child3,1580044,frame,-89
15801.190039105,child6,1580044,frame,8
15801.203419059999,child10,1580044,frame,3
15801.222407388,child4,1580044,frame,-70
15801.229422344999,child8,1580044,frame,9
15801.237828718,child1,1580044,frame,164
15801.247342549,child9,1580044,frame,50
15801.272698376,child2,1580044,frame,-76
15811.280056051999,child2,1581054,frame,49
15811.28678905,child5,1581054,frame,21
15811.288296298999,child7,1581054,frame,-2
15811.292838632,child6,1581054,frame,30
15811.293702006,child3,1581054,frame,51
15811.308908169,child10,1581054,frame,2
15811.325605915,child4,1581054,frame,54
15811.333970079999,child8,1581054,frame,26
15811.340092870001,child1,1581054,frame,-101
15811.352866157999,child9,1581054,frame,-82
15821.384765535999,child2,1582064,frame,39
15821.394721159,child6,1582064,frame,17
15821.395377908999,child7,1582064,frame,33
15821.396730117001,child5,1582064,frame,21
15821.397890241,child3,1582064,frame,51
15821.412618821001,child10,1582064,frame,2
15821.432431566,child4,1582064,frame,54
15821.438346523,child8,1582064,frame,-115
15821.44398598,child1,1582064,frame,32
15821.457313642999,child9,1582064,frame,163
15831.486801147,child2,1583074,frame,41
15831.501432768,child3,1583074,frame,35
15831.501473434999,child6,1583074,frame,10
15831.502600643,child7,1583074,frame,130
15831.502689726001,child5,1583074,frame,-102
15831.51426489,child10,1583074,frame,2
15831.537180801,child4,1583074,frame,39
15831.543529674,child8,1583074,frame,274
15831.550712048,child1,1583074,frame,50
15831.563509836,child9,1583074,frame,-97
15841.590654507,child2,1584084,frame,-92
15841.604268295,child7,1584084,frame,-116
15841.606118460999,child3,1584084,frame,-90
15841.607028169,child6,1584084,frame,9
15841.607632086,child5,1584084,frame,55
15841.620618583,child10,1584084,frame,3
15841.640465368999,child4,1584084,frame,30
15841.650014034,child8,1584084,frame,-66
15841.656601573999,child1,1584084,frame,14
15841.669223862,child9,1584084,frame,42
15851.693492617,child2,1585094,frame,44
15851.706421989,child3,1585094,frame,156
15851.708142572,child5,1585094,frame,144
15851.708876155,child7,1585094,frame,140
15851.71010103,child6,1585094,frame,123
15851.727068984,child10,1585094,frame,157
15851.744129896,child4,1585094,frame,24
15851.752589644,child8,1585094,frame,2
15851.754383352,child1,1585094,frame,14
15851.772745097,child9,1585094,frame,36
15860.776528814999,child9,1586003,frame,-97
15860.797384393,child2,1586003,frame,-81
15860.810612431002,child3,1586003,frame,-244
15860.814164764,child6,1586003,frame,-104
15860.81420343,child7,1586003,frame,-77
15860.814349013,child5,1586003,frame,19
15860.828360593001,child10,1586003,frame,-199
15860.846303672,child4,1586003,frame,-82
15860.852420004001,child8,1586003,frame,-192
15860.857045503,child1,1586003,frame,16
15870.882818090999,child9,1587013,frame,50
15870.901716377999,child2,1587013,frame,174
15870.915275874,child3,1587013,frame,156
15870.915620207,child7,1587013,frame,15
15870.919177373,child6,1587013,frame,-68
15870.919910415,child5,1587013,frame,21
15870.93328462,child10,1587013,frame,136
15870.949928866,child4,1587013,frame,31
15870.95847953,child8,1587013,frame,45
15870.962110571001,child1,1587013,frame,14
15880.968076371999,child8,1588023,frame,8
15880.985702034,child9,1588023,frame,-91
15881.006578321001,child2,1588023,frame,33
15881.020177942,child7,1588023,frame,43
15881.021334691999,child3,1588023,frame,-89
15881.022598192001,child6,1588023,frame,126
15881.026352357,child5,1588023,frame,-1
15881.039075146,child10,1588023,frame,49
15881.056085807999,child4,1588023,frame,30
15881.066832056002,child1,1588023,frame,-2
15891.070964982,child8,1589033,frame,27
15891.092109644,child9,1589033,frame,51
15891.113182305,child2,1589033,frame,17
15891.124778052,child7,1589033,frame,56
15891.125424427,child3,1589033,frame,36
15891.12733176,child6,1589033,frame,-76
15891.129028550999,child5,1589033,frame,-2
15891.142648547999,child10,1589033,frame,-84
15891.157781461001,child4,1589033,frame,14
15891.169370915999,child1,1589033,frame,14
15901.170944927,child1,1590043,frame,123
15901.175968467001,child8,1590043,frame,9
15901.197310212,child9,1590043,frame,34
15901.218187831,child2,1590043,frame,-1
15901.229824745,child3,1590043,frame,161
15901.231337745,child6,1590043,frame,14
15901.231684411001,child7,1590043,frame,27
15901.235616701999,child5,1590043,frame,16
15901.247534406999,child10,1590043,frame,48
15901.261549362,child4,1590043,frame,15
15911.274303787,child1,1591053,frame,-81
15911.280602035002,child8,1591053,frame,-70
15911.304379029,child9,1591053,frame,31
15911.320851275,child2,1591053,frame,-108
15911.332746688999,child3,1591053,frame,-105
15911.337640896,child6,1591053,frame,56
15911.339149479,child7,1591053,frame,-85
15911.33994702,child5,1591053,frame,-67
15911.34937131,child10,1591053,frame,41
15911.366463139,child4,1591053,frame,14
15921.372498981002,child4,1592063,frame,-93
15921.379281438001,child1,1592063,frame,-70
15921.387341685999,child8,1592063,frame,51
15921.407024723001,child9,1592063,frame,-91
15921.429459759001,child2,1592063,frame,33
15921.434259299001,child3,1592063,frame,36
15921.437086507,child6,1592063,frame,49
15921.445404755,child7,1592063,frame,-1
15921.446542921,child5,1592063,frame,-75
15921.455841294,child10,1592063,frame,15
15931.474660467,child4,1593073,frame,-97
15931.484343006,child1,1593073,frame,-126
15931.493696795,child8,1593073,frame,-101
15931.509546917001,child9,1593073,frame,-74
15931.530442035999,child2,1593073,frame,-108
15931.537173660001,child3,1593073,frame,-105
15931.542176242,child6,1593073,frame,-210
15931.550487156,child7,1593073,frame,-98
15931.550521281,child5,1593073,frame,-126
15931.564640110999,child10,1593073,frame,-98
15941.569580162,child10,1594083,frame,57
15941.580171493,child4,1594083,frame,45
15941.58788995,child1,1594083,frame,16
15941.595588406,child8,1594083,frame,167
15941.613877526,child9,1594083,frame,129
15941.634794938,child2,1594083,frame,33
15941.640843061,child3,1594083,frame,51
15941.653593392,child6,1594083,frame,17
15941.654189224999,child5,1594083,frame,29
15941.655286141,child7,1594083,frame,9
15951.679211688,child10,1595093,frame,26
15951.688144935,child4,1595093,frame,29
15951.688953519,child1,1595093,frame,141
15951.699748891,child8,1595093,frame,-107
15951.715538344999,child9,1595093,frame,24
15951.742258547001,child2,1595093,frame,0
15951.745928754,child3,1595093,frame,18
15951.756368710001,child6,1595093,frame,131
15951.758478751,child5,1595093,frame,47
15951.763129542001,child7,1595093,frame,44
15960.767246176001,child5,1596002,frame,-99
15960.767588759,child7,1596002,frame,-127
15960.788170545,child10,1596002,frame,-83
15960.794648294,child1,1596002,frame,-120
15960.794950169,child4,1596002,frame,-85
15960.800822417,child8,1596002,frame,24
15960.826842036,child9,1596002,frame,-196
15960.847827821999,child2,1596002,frame,-126
15960.851877445999,child3,1596002,frame,-230
15960.861045402,child6,1596002,frame,-229
15970.862604454,child6,1597012,frame,150
15970.871257536,child7,1597012,frame,59
15970.871310952,child5,1597012,frame,43
15970.892101072,child10,1597012,frame,49
15970.901013360999,child4,1597012,frame,169
15970.901222028,child1,1597012,frame,16
15970.905613235,child8,1597012,frame,18
15970.934806228,child9,1597012,frame,183
15970.948458891,child2,1597012,frame,57
15970.957366597,child3,1597012,frame,174
15980.963172315,child3,1598022,frame,-92
15980.963460357,child6,1598022,frame,2
15980.973270854,child7,1598022,frame,-108
15980.979941769001,child5,1598022,frame,-81
15980.995701057,child10,1598022,frame,-92
15981.005342012999,child1,1598022,frame,33
15981.006122554001,child4,1598022,frame,-96
15981.01135547,child8,1598022,frame,-89
15981.040140838,child9,1598022,frame,-83
15981.051351585002,child2,1598022,frame,-85
15991.064184009001,child3,1599032,frame,2
15991.068272258,child6,1599032,frame,-104
15991.078538381,child7,1599032,frame,163
15991.086724545,child5,1599032,frame,124
15991.102458541,child10,1599032,frame,48
15991.108802331,child1,1599032,frame,30
15991.111600331,child4,1599032,frame,44
15991.114393913002,child8,1599032,frame,33
15991.143115198,child9,1599032,frame,41
15991.155064778,child2,1599032,frame,10
16001.170006619,child6,1600042,frame,151
16001.171108327,child3,1600042,frame,57
16001.184113615001,child7,1600042,frame,-65
16001.190840905,child5,1600042,frame,-80
16001.208799901,child10,1600042,frame,-94
16001.215121108,child1,1600042,frame,-103
16001.216942981999,child4,1600042,frame,-81
16001.219439023,child8,1600042,frame,42
16001.249861432,child9,1600042,frame,-67
16001.258274472,child2,1600042,frame,3
16011.264747189,child2,1601052,frame,134
16011.274687812,child6,1601052,frame,16
16011.275591437001,child3,1601052,frame,-86
16011.2883676,child7,1601052,frame,25
16011.294168515,child5,1601052,frame,133
16011.314478969,child10,1601052,frame,3
16011.319308508999,child1,1601052,frame,30
16011.321974883,child4,1601052,frame,47
16011.323427091,child8,1601052,frame,25
16011.352955209,child9,1601052,frame,59
16021.372067257,child2,1602062,frame,49
16021.379701838,child3,1602062,frame,184
16021.380848712999,child6,1602062,frame,57
16021.395522543,child7,1602062,frame,123
16021.399359958,child5,1602062,frame,27
16021.420258912001,child10,1602062,frame,182
16021.425372327,child1,1602062,frame,139
16021.427900368,child4,1602062,frame,30
16021.429902076,child8,1602062,frame,134
16021.458730444,child9,1602062,frame,42
16031.463163787,child9,1603072,frame,50
16031.477828991,child2,1603072,frame,32
16031.480827656998,child6,1603072,frame,-77
16031.48354324,child3,1603072,frame,-206
16031.502718985,child7,1603072,frame,-124
16031.506553693,child5,1603072,frame,-97
16031.524789813,child10,1603072,frame,-84
16031.529407394999,child1,1603072,frame,-127
16031.533051936001,child8,1603072,frame,-99
16031.539397684,child4,1603072,frame,-95
16041.570711604,child9,1604082,frame,-94
16041.583694518,child6,1604082,frame,11
16041.584791351,child2,1604082,frame,-76
16041.587435141999,child3,1604082,frame,138
16041.604552804001,child7,1604082,frame,148
16041.611854052,child5,1604082,frame,45
16041.627683297998,child10,1604082,frame,-69
16041.630015798,child1,1604082,frame,29
16041.639658337,child8,1604082,frame,9
16041.643787836001,child4,1604082,frame,47
16051.674768714,child9,1605092,frame,36
16051.686749585999,child6,1605092,frame,-80
16051.689956085,child3,1605092,frame,34
16051.690469169,child2,1605092,frame,43
16051.707293831,child7,1605092,frame,-90
16051.715516996,child5,1605092,frame,29
16051.730646159001,child10,1605092,frame,58
16051.73354695,child1,1605092,frame,14
16051.744369989001,child8,1605092,frame,10
16051.747498363,child4,1605092,frame,31
16060.776203282001,child9,1606001,frame,-2
16060.79080582,child6,1606001,frame,167
16060.79159957,child2,1606001,frame,51
16060.79258757,child3,1606001,frame,35
16060.808865816001,child7,1606001,frame,9
16060.820339854,child5,1606001,frame,28
16060.836900100001,child10,1606001,frame,127
16060.841244682999,child1,1606001,frame,16
16060.84939418,child8,1606001,frame,35
16060.851320055,child4,1606001,frame,-68
16070.853325356999,child4,1607011,frame,-79
16070.85635444,child8,1607011,frame,-70
16070.879824184001,child9,1607011,frame,-82
16070.894305347,child2,1607011,frame,-100
16070.896015055001,child3,1607011,frame,-89
16070.908155718,child6,1607011,frame,-76
16070.913841175,child7,1607011,frame,-88
16070.926458589001,child5,1607011,frame,-93
16070.94200996,child10,1607011,frame,-110
16070.948041625,child1,1607011,frame,16
16080.959501925001,child4,1608021,frame,-1
16080.959624633,child8,1608021,frame,-125
16080.984204544,child9,1608021,frame,38
16080.996620207,child2,1608021,frame,-92
16080.997735665,child3,1608021,frame,44
16081.012896412,child6,1608021,frame,-65
16081.019297535,child7,1608021,frame,17
16081.031824740001,child5,1608021,frame,-89
16081.044763529,child10,1608021,frame,-74
16081.051112569,child1,1608021,frame,16
16091.052844912,child10,1609031,frame,48
16091.054195412,child1,1609031,frame,-125
16091.064014201,child4,1609031,frame,55
16091.064115951,child8,1609031,frame,-88
16091.090003237,child9,1609031,frame,-82
16091.098799984,child2,1609031,frame,41
16091.104195025,child3,1609031,frame,-81
16091.113714064,child6,1609031,frame,1
16091.123678185999,child7,1609031,frame,7
16091.136000975,child5,1609031,frame,35
16101.156692356,child1,1610041,frame,141
16101.157057189,child10,1610041,frame,41
16101.169907311,child4,1610041,frame,-71
16101.170461852,child8,1610041,frame,158
16101.191481472,child9,1610041,frame,58
16101.201039219999,child2,1610041,frame,31
16101.207221593,child3,1610041,frame,41
16101.218813965,child6,1610041,frame,3
16101.226862255,child7,1610041,frame,51
16101.241764626,child5,1610041,frame,45
16111.261440007,child10,1611051,frame,57
16111.261797216,child1,1611051,frame,16
16111.273088879001,child4,1611051,frame,8
16111.276117254,child8,1611051,frame,50
16111.295413916,child9,1611051,frame,58
16111.31269362,child3,1611051,frame,182
16111.312977369,child2,1611051,frame,51
16111.326143283,child6,1611051,frame,133
16111.328042824,child7,1611051,frame,15
16111.347111611,child5,1611051,frame,46
16121.354798912,child5,1612061,frame,-78
16121.363569909001,child1,1612061,frame,17
16121.366047824999,child10,1612061,frame,-84
16121.375043073,child4,1612061,frame,0
16121.379642655,child8,1612061,frame,-108
16121.403337025,child9,1612061,frame,-66
16121.417110813,child2,1612061,frame,-76
16121.418262521001,child3,1612061,frame,-115
16121.431673934,child7,1612061,frame,-81
16121.432786726,child6,1612061,frame,-201
16131.460756270999,child5,1613071,frame,43
16131.464497145002,child1,1613071,frame,-127
16131.469514352,child10,1613071,frame,40
16131.480152183,child8,1613071,frame,158
16131.481479266002,child4,1613071,frame,8
16131.506451676,child9,1613071,frame,38
16131.519815464999,child2,1613071,frame,174
16131.522573881,child3,1613071,frame,-92
16131.535271043998,child7,1613071,frame,25
16131.53764121,child6,1613071,frame,135
16141.566028339,child5,1614081,frame,43
16141.573774003999,child1,1614081,frame,139
16141.573854837,child10,1614081,frame,-102
16141.583872418,child8,1614081,frame,-91
16141.585339209,child4,1614081,frame,14
16141.614833577,child9,1614081,frame,59
16141.623661366,child2,1614081,frame,-92
16141.624103282998,child3,1614081,frame,48
16141.639954529,child7,1614081,frame,15
16141.640695071,child6,1614081,frame,-76
16151.674097906001,child5,1615091,frame,-81
16151.680266197,child1,1615091,frame,-252
16151.682253779,child10,1615091,frame,-120
16151.689326569,child8,1615091,frame,33
16151.693405943,child4,1615091,frame,10
16151.721880644,child9,1615091,frame,-74
16151.730509641999,child3,1615091,frame,-95
16151.730881767,child2,1615091,frame,-93
16151.740765430999,child6,1615091,frame,31
16151.743363931,child7,1615091,frame,59
16160.748449648001,child7,1616000,frame,3
16160.782248931,child5,1616000,frame,166
16160.783970722,child1,1616000,frame,280
16160.785699847,child10,1616000,frame,266
16160.793787636001,child8,1616000,frame,31
16160.799973385001,child4,1616000,frame,9
16160.828185503,child9,1616000,frame,-1
16160.834253501,child3,1616000,frame,161
16160.835285834,child2,1616000,frame,139
16160.840329375,child6,1616000,frame,22
16170.84977605,child6,1617010,frame,14
16170.852631508,child7,1617010,frame,-81
16170.887389874,child1,1617010,frame,-2
16170.888183332,child5,1617010,frame,-110
16170.889418331999,child10,1617010,frame,-93
16170.901843787,child8,1617010,frame,26
16170.906027744,child4,1617010,frame,-2
16170.935064654,child9,1617010,frame,39
16170.940539569,child3,1617010,frame,36
16170.943742527,child2,1617010,frame,-100
16180.947879286,child3,1618020,frame,20
16180.948015036,child2,1618020,frame,148
16180.954732368,child6,1618020,frame,57
16180.958989867,child7,1618020,frame,134
16180.991175692,child1,1618020,frame,-81
16180.994578233,child5,1618020,frame,47
16180.995267983,child10,1618020,frame,49
16181.011699312,child8,1618020,frame,55
16181.01257327,child4,1618020,frame,8
16181.041252013,child9,1618020,frame,42
16191.046540898002,child9,1619030,frame,42
16191.048032272,child3,1619030,frame,-105
16191.055160521,child2,1619030,frame,-100
16191.061207061,child6,1619030,frame,-77
16191.066173726,child7,1619030,frame,43
16191.096250552,child1,1619030,frame,6
16191.098012052,child5,1619030,frame,-98
16191.099802051,child10,1619030,frame,49
16191.119512046,child4,1619030,frame,0
16191.122060046,child8,1619030,frame,2
16201.156235298,child3,1620040,frame,51
16201.159234089,child9,1620040,frame,-82
16201.162790255,child2,1620040,frame,41
16201.163234588,child6,1620040,frame,9
16201.172027002,child7,1620040,frame,-69
16201.199727954001,child1,1620040,frame,6
16201.201295120001,child5,1620040,frame,43
16201.206650701999,child10,1620040,frame,-76
16201.225114156001,child4,1620040,frame,-107
16201.22975878,child8,1620040,frame,-105
16211.262729991,child3,1621050,frame,-89
16211.26509274,child9,1621050,frame,42
16211.265691948,child6,1621050,frame,48
16211.268690198001,child2,1621050,frame,25
16211.277720279,child7,1621050,frame,-72
16211.302554189,child5,1621050,frame,30
16211.304803647,child1,1621050,frame,8
16211.311609312,child10,1621050,frame,156
16211.328450349,child4,1621050,frame,137
16211.332650847999,child8,1621050,frame,1
16221.367027351,child3,1622060,frame,36
16221.370499765999,child9,1622060,frame,23
16221.372014724,child6,1622060,frame,-68
16221.377845515,child2,1622060,frame,-84
16221.386562679,child7,1622060,frame,44
16221.405455591,child1,1622060,frame,-70
16221.406676174,child5,1622060,frame,29
16221.416259587999,child10,1622060,frame,34
16221.436981750001,child4,1622060,frame,-66
16221.439582208,child8,1622060,frame,16
16231.473037168,child3,1623070,frame,35
16231.476719126,child9,1623070,frame,-83
16231.477161959,child6,1623070,frame,-69
16231.481726333,child2,1623070,frame,-102
16231.495136705,child7,1623070,frame,-70
16231.509432326,child1,1623070,frame,141
16231.513647325,child5,1623070,frame,-78
16231.522070156001,child10,1623070,frame,-108
16231.539831402,child4,1623070,frame,-119
16231.542951693,child8,1623070,frame,21
16241.546479411001,child4,1624080,frame,145
16241.54957541,child8,1624080,frame,1
16241.574363778998,child3,1624080,frame,17
16241.579320777999,child9,1624080,frame,43
16241.581181986001,child6,1624080,frame,147
16241.585325818,child2,1624080,frame,166
16241.603172022,child7,1624080,frame,53
16241.618157392999,child1,1624080,frame,30
16241.620484226,child5,1624080,frame,27
16241.630334140002,child10,1624080,frame,134
16251.652456062,child4,1625090,frame,-119
16251.654962478,child8,1625090,frame,20
16251.678876514,child3,1625090,frame,-94
16251.685301804,child9,1625090,frame,-89
16251.688121262001,child6,1625090,frame,-74
16251.689780595001,child2,1625090,frame,36
16251.707220257,child7,1625090,frame,1
16251.720958128,child1,1625090,frame,-115
16251.729897043,child5,1625090,frame,44
16251.733791999999,child10,1625090,frame,-106
16261.755143006001,child4,1626100,frame,22
16261.761908754,child8,1626100,frame,-124
16261.782362916,child3,1626100,frame,47
16261.792054829999,child2,1626100,frame,-104
16261.792385788,child6,1626100,frame,60
16261.794368079,child9,1626100,frame,32
16261.811731408,child7,1626100,frame,-72
16261.825065447001,child1,1626100,frame,6
16261.833384361,child5,1626100,frame,-98
16261.842959566999,child10,1626100,frame,-108
16270.836866495,child5,1627009,frame,43
16270.846445243,child10,1627009,frame,44
16270.858488365,child4,1627009,frame,28
16270.869670361999,child8,1627009,frame,31
16270.888171149001,child3,1627009,frame,16
16270.893411148001,child6,1627009,frame,-90
16270.896657439002,child2,1627009,frame,-69
16270.89781898,child9,1627009,frame,-2
16270.917648683,child7,1627009,frame,123
16270.925530015,child1,1627009,frame,-78
16280.944216313,child5,1628019,frame,154
16280.947966478,child10,1628019,frame,15
16280.964820516,child4,1628019,frame,-104
16280.975382847,child8,1628019,frame,-82
16280.991268301,child6,1628019,frame,2
16280.992490634,child3,1628019,frame,-89
16281.001506132,child2,1628019,frame,49
16281.003580631,child9,1628019,frame,-67
16281.025041543,child7,1628019,frame,7
16281.027628,child1,1628019,frame,150
16291.052735672001,child10,1629029,frame,-106
16291.054808212999,child5,1629029,frame,-93
16291.068571334,child4,1629029,frame,22
16291.082129456001,child8,1629029,frame,24
16291.096629202,child3,1629029,frame,177
16291.098373994,child6,1629029,frame,2
16291.108311033,child9,1629029,frame,58
16291.108925032999,child2,1629029,frame,49
16291.128756903001,child7,1629029,frame,-80
16291.13081061,child1,1629029,frame,-73
16301.160686156,child10,1630039,frame,174
16301.160972781001,child5,1630039,frame,152
16301.171944693999,child4,1630039,frame,40
16301.182952358,child8,1630039,frame,25
16301.203030519999,child3,1630039,frame,20
16301.207686519001,child6,1630039,frame,134
16301.213663101,child2,1630039,frame,174
16301.213749767,child9,1630039,frame,41
16301.233986221001,child7,1630039,frame,126
16301.234197971,child1,1630039,frame,123
16311.241482395999,child7,1631049,frame,-90
16311.266336973,child5,1631049,frame,-113
16311.269899681,child10,1631049,frame,-93
16311.276600054,child4,1631049,frame,30
16311.288183134999,child8,1631049,frame,42
16311.306318297,child3,1631049,frame,20
16311.315704461002,child6,1631049,frame,-77
16311.320893085,child9,1631049,frame,58
16311.323037043,child2,1631049,frame,-126
16311.336902456,child1,1631049,frame,-88
16321.340059966,child1,1632059,frame,-2
16321.346780381,child7,1632059,frame,56
16321.371211958,child5,1632059,frame,14
16321.375181374,child10,1632059,frame,33
16321.381948456,child4,1632059,frame,16
16321.393687286001,child8,1632059,frame,-99
16321.412021864999,child3,1632059,frame,20
16321.420690945999,child6,1632059,frame,-76
16321.42321057,child9,1632059,frame,43
16321.429239152,child2,1632059,frame,-108
16331.441240535,child1,1633069,frame,6
16331.453146615,child7,1633069,frame,-72
16331.475359318,child5,1633069,frame,14
16331.478974234,child10,1633069,frame,49
16331.484190316,child4,1633069,frame,30
16331.497179896001,child8,1633069,frame,164
16331.518956682,child3,1633069,frame,20
16331.522914473,child6,1633069,frame,155
16331.527465305,child9,1633069,frame,42
16331.535003887,child2,1633069,frame,174
16341.541775063,child2,1634079,frame,-92
16341.549908185,child1,1634079,frame,-71
16341.557477434,child7,1634079,frame,44
16341.580323178001,child5,1634079,frame,15
16341.580937511,child10,1634079,frame,33
16341.589464217,child4,1634079,frame,17
16341.604685214,child8,1634079,frame,-80
16341.623620042,child3,1634079,frame,4
16341.624333959,child6,1634079,frame,-77
16341.636184080999,child9,1634079,frame,-98
16351.640672299,child9,1635089,frame,148
16351.646197006,child2,1635089,frame,15
16351.653703712,child1,1635089,frame,0
16351.665828168,child7,1635089,frame,-78
16351.684594079,child5,1635089,frame,16
16351.685270037999,child10,1635089,frame,16
16351.694845035,child4,1635089,frame,-111
16351.712115531,child8,1635089,frame,149
16351.727665402,child3,1635089,frame,4
16351.729428401999,child6,1635089,frame,2
16361.746874367,child9,1636099,frame,-105
16361.750503782001,child2,1636099,frame,21
16361.758049946999,child1,1636099,frame,54
16361.774508943001,child7,1636099,frame,52
16361.788940856,child5,1636099,frame,-66
16361.789955939,child10,1636099,frame,-124
16361.804290435999,child4,1636099,frame,32
16361.815508849,child8,1636099,frame,-97
16361.83214147,child3,1636099,frame,-1
16361.834090845,child6,1636099,frame,-73
16370.838703645,child6,1637008,frame,35
16370.839513562,child3,1637008,frame,-85
16370.849513808998,child9,1637008,frame,33
16370.855132641002,child2,1637008,frame,47
16370.860492765,child1,1637008,frame,3
16370.878110635,child7,1637008,frame,5
16370.891975049,child5,1637008,frame,19
16370.89818713,child10,1637008,frame,43
16370.910986419,child4,1637008,frame,-102
16370.921118166,child8,1637008,frame,17
16380.943707255,child6,1638018,frame,57
16380.954074877,child3,1638018,frame,10
16380.954436336,child9,1638018,frame,20
16380.962792375,child2,1638018,frame,17
16380.963736375,child1,1638018,frame,-71
16380.983545120002,child7,1638018,frame,35
16380.997228658,child5,1638018,frame,6
16381.00215399,child10,1638018,frame,17
16381.013694112,child4,1638018,frame,31
16381.0285329,child8,1638018,frame,8
16391.036141409,child8,1639028,frame,-98
16391.044846366,child6,1639028,frame,2
16391.059116237,child3,1639028,frame,55
16391.061371986,child9,1639028,frame,-127
16391.066442151998,child2,1639028,frame,16
16391.069126026,child1,1639028,frame,16
16391.090687104,child7,1639028,frame,1
16391.101609434998,child5,1639028,frame,22
16391.108883558,child10,1639028,frame,-93
16391.117633556,child4,1639028,frame,-94
16401.141836102,child8,1640038,frame,25
16401.145493393,child6,1640038,frame,-68
16401.166783054,child3,1640038,frame,4
16401.167961971,child9,1640038,frame,160
16401.173423344,child1,1640038,frame,8
16401.173700178,child2,1640038,frame,16
16401.193035715,child7,1640038,frame,-71
16401.205809753003,child5,1640038,frame,6
16401.215947792,child10,1640038,frame,33
16401.222601874,child4,1640038,frame,46
16411.234044507,child4,1641048,frame,-77
16411.249092628,child8,1641048,frame,9
16411.254917168,child6,1641048,frame,-69
16411.269033498,child3,1641048,frame,-121
16411.274900747,child1,1641048,frame,25
16411.275172913,child9,1641048,frame,-106
16411.277263996,child2,1641048,frame,-123
16411.298255283,child7,1641048,frame,51
16411.311627529,child5,1641048,frame,-101
16411.322837276002,child10,1641048,frame,33
16421.338496575,child4,1642058,frame,125
16421.352642822,child8,1642058,frame,42
16421.358446278,child6,1642058,frame,162
16421.374710273998,child3,1642058,frame,20
16421.376038607,child9,1642058,frame,34
16421.383360106,child2,1642058,frame,158
16421.385880647,child1,1642058,frame,6
16421.402730350997,child7,1642058,frame,56
16421.413365556,child5,1642058,frame,144
16421.427248011,child10,1642058,frame,33
16431.431988688,child10,1643068,frame,15
16431.443770101,child4,1643068,frame,-71
16431.456584932,child8,1643068,frame,9
16431.467341221,child6,1643068,frame,-68
16431.4810823,child9,1643068,frame,20
16431.481431092,child3,1643068,frame,20
16431.489496715,child2,1643068,frame,-78
16431.500134546,child1,1643068,frame,123
16431.506654377,child7,1643068,frame,-89
16431.521976499,child5,1643068,frame,3
16441.529949841,child5,1644078,frame,-118
16441.535516048,child10,1644078,frame,-91
16441.551728877,child4,1644078,frame,-69
16441.559735375,child8,1644078,frame,-101
16441.570188163998,child6,1644078,frame,2
16441.584232661,child9,1644078,frame,14
16441.587592576,child3,1644078,frame,20
16441.593191992,child2,1644078,frame,9
16441.605212072,child1,1644078,frame,-80
16441.612443694998,child7,1644078,frame,-70
16451.6352387,child5,1645088,frame,139
16451.639801533,child10,1645088,frame,33
16451.655471029,child4,1645088,frame,133
16451.666126193,child8,1645088,frame,45
16451.676880148,child6,1645088,frame,-68
16451.691130519997,child9,1645088,frame,20
16451.694047893998,child3,1645088,frame,20
16451.699807226,child2,1645088,frame,8
16451.707331057998,child1,1645088,frame,123
16451.715383597,child7,1645088,frame,132
16461.738581977,child5,1646098,frame,-109
16461.741665602,child10,1646098,frame,34
16461.762527346,child4,1646098,frame,-79
16461.770003428,child8,1646098,frame,25
16461.780050175,child6,1646098,frame,5
16461.798076837,child9,1646098,frame,20
16461.799020879,child3,1646098,frame,10
16461.804490753002,child2,1646098,frame,13
16461.811043918,child1,1646098,frame,-80
16461.819106541,child7,1646098,frame,37
16470.825711757,child7,1647007,frame,-67
16470.840129753,child5,1647007,frame,12
16470.843996752,child10,1647007,frame,-82
16470.866468289,child4,1647007,frame,3
16470.876951911,child8,1647007,frame,31
16470.884064701,child6,1647007,frame,50
16470.900116905,child3,1647007,frame,-126
16470.909176778,child9,1647007,frame,-92
16470.909263986,child2,1647007,frame,23
16470.915275026,child1,1647007,frame,-75
16480.931455283,child7,1648017,frame,44
16480.948189237002,child5,1648017,frame,11
16480.951519237,child10,1648017,frame,33
16480.976370772,child4,1648017,frame,-70
16480.984746687,child8,1648017,frame,-96
16480.987434894,child6,1648017,frame,9
16481.006096223,child3,1648017,frame,33
16481.015352762002,child2,1648017,frame,9
16481.015503137,child9,1648017,frame,124
16481.020714386,child1,1648017,frame,52
16491.024699938,child2,1649027,frame,-116
16491.036244018,child7,1649027,frame,-78
16491.055383972,child5,1649027,frame,12
16491.059179054,child10,1649027,frame,-92
16491.083273256,child4,1649027,frame,26
16491.091961212,child8,1649027,frame,149
16491.092600046,child6,1649027,frame,1
16491.110013916,child3,1649027,frame,33
16491.118634123,child9,1649027,frame,19
16491.121763497,child1,1649027,frame,-80
16501.12384159,child1,1650037,frame,-71
16501.125030798,child9,1650037,frame,3
16501.129895381,child2,1650037,frame,9
16501.140014836,child7,1650037,frame,-81
16501.160110706,child5,1650037,frame,-127
16501.163742122,child10,1650037,frame,31
16501.187817574,child4,1650037,frame,-2
16501.197514822,child8,1650037,frame,-98
16501.197669905,child6,1650037,frame,-68
16501.216374484,child3,1650037,frame,-107
16511.22413616,child3,1651047,frame,33
16511.226912867,child1,1651047,frame,125
16511.231054075,child9,1651047,frame,4
16511.233504157,child2,1651047,frame,7
16511.247190112,child7,1651047,frame,142
16511.268558815,child10,1651047,frame,51
16511.268920899,child5,1651047,frame,154
16511.293082642,child4,1651047,frame,14
16511.300426474,child6,1651047,frame,38
16511.302479557,child8,1651047,frame,24
16521.328544686,child3,1652057,frame,158
16521.332104602,child1,1652057,frame,0
16521.33500856,child9,1652057,frame,3
16521.339722683,child2,1652057,frame,17
16521.352827097002,child7,1652057,frame,-71
16521.371882967,child10,1652057,frame,49
16521.375662174,child5,1652057,frame,32
16521.400462002,child6,1652057,frame,134
16521.401992376,child4,1652057,frame,7
16521.404647167,child8,1652057,frame,25
16531.432679088,child3,1653067,frame,0
16531.438723878,child1,1653067,frame,-70
16531.439349794,child9,1653067,frame,-78
16531.448652167,child2,1653067,frame,17
16531.456012249,child7,1653067,frame,35
16531.480487993,child10,1653067,frame,32
16531.481506909,child5,1653067,frame,-66
16531.504938735998,child6,1653067,frame,-69
16531.507876402,child8,1653067,frame,26
16531.508491611,child4,1653067,frame,-127
16541.538487239,child3,1654077,frame,20
16541.541289697,child1,1654077,frame,158
16541.546619362,child9,1654077,frame,11
16541.552029402003,child2,1654077,frame,17
16541.560909483,child7,1654077,frame,1
16541.585427186,child5,1654077,frame,19
16541.587639435,child10,1654077,frame,-92
16541.608397472,child6,1654077,frame,56
16541.613465136998,child8,1654077,frame,-115
16541.614406095,child4,1654077,frame,29
16551.644125099,child1,1655087,frame,52
16551.648224889002,child9,1655087,frame,137
16551.648320431,child3,1655087,frame,20
16551.657264344998,child2,1655087,frame,-1
16551.667385676,child7,1655087,frame,52
16551.69290042,child5,1655087,frame,6
16551.696052586,child10,1655087,frame,49
16551.714645956,child6,1655087,frame,-76
16551.719099205002,child8,1655087,frame,24
16551.720532955,child4,1655087,frame,22
16561.726570714,child4,1656097,frame,21
16561.75008375,child1,1656097,frame,-87
16561.752497457,child9,1656097,frame,-82
16561.753336374,child3,1656097,frame,3
16561.763122955,child2,1656097,frame,21
16561.771889786,child7,1656097,frame,-69
16561.798850946,child5,1656097,frame,132
16561.80220157,child10,1656097,frame,34
16561.816249108,child6,1656097,frame,-2
16561.822034107,child8,1656097,frame,43
16570.819259576,child6,1657006,frame,161
16570.824857324,child8,1657006,frame,142
16570.828686573,child4,1657006,frame,140
16570.854601067,child1,1657006,frame,57
16570.854925358,child3,1657006,frame,55
16570.855149816998,child9,1657006,frame,-1
16570.864695481,child2,1657006,frame,48
16570.876404728,child7,1657006,frame,55
16570.902914721,child5,1657006,frame,-70
16570.907858845,child10,1657006,frame,24
16580.91313873,child10,1658016,frame,-105
16580.920991645,child6,1658016,frame,-210
16580.931810225,child8,1658016,frame,-242
16580.934830016,child4,1658016,frame,-125
16580.956774511,child1,1658016,frame,-88
16580.957900802,child9,1658016,frame,4
16580.958942593003,child3,1658016,frame,-66
16580.974178881002,child2,1658016,frame,-124
16580.980565671,child7,1658016,frame,-70
16581.012636747,child5,1658016,frame,-109
16591.015245507,child10,1659026,frame,33
16591.018143215002,child5,1659026,frame,59
16591.023032463,child6,1659026,frame,57
16591.038335626,child8,1659026,frame,-80
16591.040397376,child4,1659026,frame,16
16591.057465121,child1,1659026,frame,-89
16591.061404953998,child9,1659026,frame,3
16591.065997911002,child3,1659026,frame,50
16591.081844407,child2,1659026,frame,-1
16591.082576657,child7,1659026,frame,54
16601.120158492,child5,1660036,frame,3
16601.120961158,child10,1660036,frame,-92
16601.130124823,child6,1660036,frame,5
16601.140711403,child8,1660036,frame,164
16601.150122943,child4,1660036,frame,17
16601.163389356,child1,1660036,frame,60
16601.165731397,child9,1660036,frame,3
16601.169192146,child3,1660036,frame,-82
16601.185573434002,child7,1660036,frame,43
16601.186177809,child2,1660036,frame,17
16611.22396906,child5,1661046,frame,6
16611.226616726,child10,1661046,frame,173
16611.231881891,child6,1661046,frame,127
16611.245552263,child8,1661046,frame,43
16611.255337636,child4,1661046,frame,16
16611.267944881998,child1,1661046,frame,52
16611.269030674,child9,1661046,frame,-76
16611.273732964,child3,1661046,frame,4
16611.290649668,child2,1661046,frame,17
16611.292513835,child7,1661046,frame,-77
16621.329180045,child5,1662056,frame,-126
16621.330537586,child10,1662056,frame,-92
16621.334175252,child6,1662056,frame,-84
16621.348866956,child8,1662056,frame,25
16621.359013037,child4,1662056,frame,0
16621.374518242,child9,1662056,frame,3
16621.376012658,child3,1662056,frame,2
16621.377135533,child1,1662056,frame,37
16621.394159945,child2,1662056,frame,17
16621.395525445,child7,1662056,frame,43
16631.431346988,child10,1663066,frame,-92
16631.433872946,child6,1663066,frame,-70
16631.437243779,child5,1663066,frame,32
16631.45694119,child8,1663066,frame,-116
16631.462128272,child4,1663066,frame,-124
16631.477762685,child1,1663066,frame,-79
16631.480257685,child3,1663066,frame,2
16631.480866101,child9,1663066,frame,4
16631.49833718,child2,1663066,frame,-1
16631.501075763,child7,1663066,frame,-69
16641.534911182,child6,1664076,frame,57
16641.536594431,child10,1664076,frame,156
16641.545217346,child5,1664076,frame,-114
16641.563033841998,child8,1664076,frame,42
16641.5639263,child4,1664076,frame,16
16641.577662546,child1,1664076,frame,0
16641.582924878,child3,1664076,frame,2
16641.586802044,child9,1664076,frame,19
16641.601489874,child2,1664076,frame,-108
16641.603522456,child7,1664076,frame,7
16651.643405957002,child10,1665086,frame,-90
16651.651324122002,child5,1665086,frame,168
16651.668265035,child8,1665086,frame,25
16651.671369325002,child4,1665086,frame,16
16651.684104572,child1,1665086,frame,55
16651.690407904,child9,1665086,frame,11
16651.691216362,child3,1665086,frame,1
16651.704289776,child2,1665086,frame,158
16651.707256942,child7,1665086,frame,44
16656.772936472,root,1665597,peer,-74
16661.747178776,child6,1666096,frame,-93
16661.748007817,child10,1666096,frame,50
16661.759016565,child5,1666096,frame,-105
16661.773089311,child8,1666096,frame,41
16661.778482226,child4,1666096,frame,-93
16661.78916564,child1,1666096,frame,-70
16661.793922931,child9,1666096,frame,55
16661.800197013,child3,1666096,frame,8
16661.807601219,child2,1666096,frame,21
16661.810985052,child7,1666096,frame,-2
16670.807252771,child3,1667005,frame,37
16670.810658895,child7,1667005,frame,41
16670.811967728,child2,1667005,frame,15
16670.853586425997,child10,1667005,frame,168
16670.855568759,child6,1667005,frame,49
16670.865677548,child5,1667005,frame,146
16670.879849461002,child8,1667005,frame,34
16670.884621793,child4,1667005,frame,155
16670.889560417,child1,1667005,frame,60
16670.898791206,child9,1667005,frame,144
16680.911880547,child3,1668015,frame,4
16680.915198755,child7,1668015,frame,-70
16680.915320796,child2,1668015,frame,1
16680.958347161002,child10,1668015,frame,-233
16680.961741993,child6,1668015,frame,-76
16680.971735157,child5,1668015,frame,14
16680.982570071,child8,1668015,frame,-70
16680.98820782,child4,1668015,frame,-234
16680.98889357,child1,1668015,frame,-87
16681.003221691,child9,1668015,frame,-200
16691.010313117,child9,1669025,frame,137
16691.015124157002,child3,1669025,frame,58
16691.017467573,child7,1669025,frame,53
16691.01917349,child2,1669025,frame,1
16691.064071687,child10,1669025,frame,157
16691.065191478,child6,1669025,frame,20
16691.077201892,child5,1669025,frame,-93
16691.086682638997,child8,1669025,frame,18
16691.093489429,child4,1669025,frame,173
16691.094258804,child1,1669025,frame,55
16701.112220019,child9,1670035,frame,29
16701.119444892,child3,1670035,frame,-199
16701.126355723998,child7,1670035,frame,-70
16701.127769682,child2,1670035,frame,0
16701.165303756,child6,1670035,frame,1
16701.169044755,child10,1670035,frame,-92
16701.182143668,child5,1670035,frame,27
16701.188993833,child8,1670035,frame,-89
16701.199239956,child4,1670035,frame,-92
16701.204967913,child1,1670035,frame,-115
16711.209826797,child1,1671045,frame,14
16711.218941545,child9,1671045,frame,-82
16711.223854544,child3,1671045,frame,12
16711.229762626,child7,1671045,frame,6
16711.233966083,child2,1671045,frame,-77
16711.268721991,child6,1671045,frame,16
16711.276850989,child10,1671045,frame,33
16711.285427112,child5,1671045,frame,136
16711.29183436,child8,1671045,frame,33
16711.303179149,child4,1671045,frame,47
16721.307689034,child4,1672055,frame,32
16721.311163907998,child1,1672055,frame,131
16721.323997655,child9,1672055,frame,49
16721.32840107,child3,1672055,frame,137
16721.334250485,child7,1672055,frame,45
16721.340289442,child2,1672055,frame,134
16721.372951601,child6,1672055,frame,9
16721.382466598,child10,1672055,frame,124
16721.390448388,child5,1672055,frame,124
16721.400553761,child8,1672055,frame,159
16731.411370309997,child4,1673065,frame,33
16731.414344101002,child1,1673065,frame,-74
16731.432867472,child9,1673065,frame,-83
16731.433050513,child3,1673065,frame,-67
16731.441831719,child7,1673065,frame,55
16731.44619201,child2,1673065,frame,-85
16731.479543752,child6,1673065,frame,1
16731.486798708,child10,1673065,frame,-108
16731.496001413998,child5,1673065,frame,-96
16731.503883037,child8,1673065,frame,-124
16741.511902296,child8,1674075,frame,17
16741.515847129,child4,1674075,frame,32
16741.519387378,child1,1674075,frame,6
16741.536845332,child9,1674075,frame,50
16741.53889879,child3,1674075,frame,129
16741.543440497,child7,1674075,frame,36
16741.55197662,child2,1674075,frame,126
16741.579676196,child6,1674075,frame,9
16741.594189276002,child10,1674075,frame,17
16741.599748316,child5,1674075,frame,8
16751.605860909,child5,1675085,frame,34
16751.616784239,child8,1675085,frame,-91
16751.619310447,child4,1675085,frame,-234
16751.622722655,child1,1675085,frame,-2
16751.643614108,child3,1675085,frame,-199
16751.644062691,child9,1675085,frame,-95
16751.651620731,child7,1675085,frame,-78
16751.658927854,child2,1675085,frame,-94
16751.678835016,child6,1675085,frame,-124
16751.698427427,child10,1675085,frame,-109
16761.711868102,child5,1676095,frame,44
16761.720258974,child8,1676095,frame,33
16761.726551598,child4,1676095,frame,144
16761.727568514,child1,1676095,frame,6
16761.747130968,child3,1676095,frame,140
16761.752092841998,child9,1676095,frame,138
16761.752680716,child7,1676095,frame,-1
16761.760382131,child2,1676095,frame,59
16761.782181417,child6,1676095,frame,39
16761.801702038,child10,1676095,frame,175
16770.808911087002,child10,1677004,frame,-111
16770.820011626,child5,1677004,frame,-86
16770.825776208,child8,1677004,frame,31
16770.828639041,child4,1677004,frame,4
16770.829380915,child1,1677004,frame,-123
16770.853066200998,child3,1677004,frame,-70
16770.855370909,child7,1677004,frame,-84
16770.855873325,child9,1677004,frame,-72
16770.868057322,child2,1677004,frame,-107
16770.886485276,child6,1677004,frame,30
16780.919018029,child10,1678014,frame,33
16780.924775694002,child5,1678014,frame,29
16780.927986943,child8,1678014,frame,-82
16780.929663568,child4,1678014,frame,-86
16780.934495733,child1,1678014,frame,147
16780.954861644997,child3,1678014,frame,-1
16780.960050726997,child7,1678014,frame,132
16780.961157685,child9,1678014,frame,58
16780.973516431997,child2,1678014,frame,2
16780.992001386003,child6,1678014,frame,30
16790.997549353997,child6,1679024,frame,133
16791.024043889,child10,1679024,frame,-1
16791.027742888,child5,1679024,frame,145
16791.033103053,child4,1679024,frame,58
16791.033628053,child8,1679024,frame,149
16791.037964885,child1,1679024,frame,54
16791.061001754002,child3,1679024,frame,58
16791.061103338,child7,1679024,frame,-98
16791.062820629002,child9,1679024,frame,38
16791.078973292002,child2,1679024,frame,47
16801.100297874,child6,1680034,frame,-193
16801.128063283,child10,1680034,frame,-105
16801.133365448,child5,1680034,frame,-94
16801.136144031,child4,1680034,frame,37
16801.136864947,child8,1680034,frame,-116
16801.143043238,child1,1680034,frame,-79
16801.165843148,child3,1680034,frame,-74
16801.165930440002,child7,1680034,frame,56
16801.170561147002,child9,1680034,frame,-83
16801.180577269,child2,1680034,frame,47
16811.202673537002,child6,1681044,frame,142
16811.232637238,child10,1681044,frame,49
16811.239812611,child5,1681044,frame,34
16811.241414111,child4,1681044,frame,38
16811.24269286,child8,1681044,frame,123
16811.244619193,child1,1681044,frame,8
16811.271206394,child3,1681044,frame,12
16811.272436311,child7,1681044,frame,35
16811.276211934997,child9,1681044,frame,-68
16811.283116308,child2,1681044,frame,-68
16821.306033450997,child6,1682054,frame,2
16821.336472401,child10,1682054,frame,33
16821.343542608,child5,1682054,frame,20
16821.346086690002,child4,1682054,frame,-88
16821.347449689998,child8,1682054,frame,17
16821.350007439,child1,1682054,frame,0
16821.376185307,child3,1682054,frame,129
16821.378050765,child7,1682054,frame,-69
16821.384073847,child9,1682054,frame,-66
16821.386230721,child2,1682054,frame,-69
16831.408091281002,child6,1683064,frame,2
16831.440209606,child10,1683064,frame,32
16831.449193020002,child4,1683064,frame,178
16831.450253102998,child5,1683064,frame,12
16831.453323936,child1,1683064,frame,125
16831.455529769,child8,1683064,frame,17
16831.481448137,child7,1683064,frame,7
16831.484617886,child3,1683064,frame,-121
16831.491839800998,child2,1683064,frame,125
16831.4931248,child9,1683064,frame,136
16841.502351822,child9,1684074,frame,-95
16841.511371403,child6,1684074,frame,49
16841.545946602,child10,1684074,frame,17
16841.555110808,child5,1684074,frame,13
16841.557540266,child4,1684074,frame,-118
16841.558400849,child1,1684074,frame,2
16841.561941015003,child8,1684074,frame,20
16841.587248300002,child7,1684074,frame,43
16841.590958257002,child3,1684074,frame,58
16841.593213381,child2,1684074,frame,56
16851.60175057,child2,1685084,frame,-69
16851.605151319,child9,1685084,frame,11
16851.616209274,child6,1685084,frame,-190
16851.650985973,child10,1685084,frame,-92
16851.657245763,child5,1685084,frame,-112
16851.660755887002,child4,1685084,frame,-93
16851.661179054,child1,1685084,frame,-81
16851.667394510998,child8,1685084,frame,-124
16851.693346546002,child7,1685084,frame,-69
16851.695076712,child3,1685084,frame,-121
16861.69801936,child7,1686094,frame,37
16861.699327443,child3,1686094,frame,136
16861.704851317,child2,1686094,frame,52
16861.710715023,child9,1686094,frame,131
16861.720024479,child6,1686094,frame,3
16861.760883676998,child5,1686094,frame,32
16861.760996843,child10,1686094,frame,141
16861.762681676002,child1,1686094,frame,37
16861.768941466,child4,1686094,frame,45
16861.771696132,child8,1686094,frame,34
16870.802093371,child3,1687003,frame,46
16870.806839536,child7,1687003,frame,4
16870.809241161,child2,1687003,frame,56
16870.816803034,child9,1687003,frame,12
16870.822705574,child6,1687003,frame,42
16870.86284198,child1,1687003,frame,-73
16870.863606855,child10,1687003,frame,-94
16870.864392396,child5,1687003,frame,18
16870.872695394,child4,1687003,frame,29
16870.873137019,child8,1687003,frame,10
16880.908368074997,child3,1688013,frame,-68
16880.908991242,child7,1688013,frame,54
16880.911975532,child2,1688013,frame,41
16880.921780572,child6,1688013,frame,18
16880.923309654,child9,1688013,frame,-79
16880.966321851,child1,1688013,frame,123
16880.969124517,child10,1688013,frame,33
16880.969455976,child5,1688013,frame,27
16880.978337098,child8,1688013,frame,17
16880.978363598002,child4,1688013,frame,32
16891.015583404,child3,1689023,frame,-69
16891.016024278997,child7,1689023,frame,-90
16891.018217362,child2,1689023,frame,-85
16891.02382536,child6,1689023,frame,-69
16891.024565568,child9,1689023,frame,4
16891.070550723,child5,1689023,frame,-113
16891.073076180997,child1,1689023,frame,-89
16891.077840471,child10,1689023,frame,17
16891.083366886,child4,1689023,frame,-92
16891.085601551997,child8,1689023,frame,18
16901.118345609,child7,1690033,frame,132
16901.120167900997,child3,1690033,frame,127
16901.121330899998,child2,1690033,frame,41
16901.126604607,child9,1690033,frame,57
16901.129309689997,child6,1690033,frame,142
16901.176675677,child5,1690033,frame,155
16901.180574343,child1,1690033,frame,45
16901.180879134,child10,1690033,frame,17
16901.182604341997,child4,1690033,frame,47
16901.188785966002,child8,1690033,frame,10
16911.191707197,child8,1691043,frame,8
16911.224014147,child3,1691043,frame,-123
16911.224816605,child7,1691043,frame,29
16911.22588923,child2,1691043,frame,-119
16911.227924479,child9,1691043,frame,42
16911.244334933002,child6,1691043,frame,2
16911.281142174,child5,1691043,frame,30
16911.282411132,child10,1691043,frame,16
16911.284961381,child4,1691043,frame,32
16911.285146714,child1,1691043,frame,36
16921.296603234998,child8,1692053,frame,-98
16921.327964977,child3,1692053,frame,47
16921.330761851,child2,1692053,frame,49
16921.333311017,child7,1692053,frame,-211
16921.335706891998,child9,1692053,frame,-75
16921.350802304,child6,1692053,frame,-123
16921.385191794998,child5,1692053,frame,-114
16921.386692919998,child10,1692053,frame,-108
16921.389299086,child4,1692053,frame,-77
16921.390504377,child1,1692053,frame,44
16931.391780816997,child4,1693063,frame,47
16931.394422775,child1,1693063,frame,-87
16931.401161982,child8,1693063,frame,24
16931.433456473,child3,1693063,frame,4
16931.434439765,child2,1693063,frame,48
16931.438790138,child7,1693063,frame,131
16931.439682513,child9,1693063,frame,-95
16931.453870051002,child6,1693063,frame,25
16931.486042876,child5,1693063,frame,26
16931.489076125,child10,1693063,frame,15
16941.492681814998,child5,1694073,frame,12
16941.494927023003,child1,1694073,frame,39
16941.496007814003,child10,1694073,frame,19
16941.496686439,child4,1694073,frame,32
16941.505238812,child8,1694073,frame,9
16941.537513011,child3,1694073,frame,-75
16941.538072220003,child2,1694073,frame,-92
16941.542675967998,child7,1694073,frame,-96
16941.546502176003,child9,1694073,frame,58
16941.553223632,child6,1694073,frame,146
16951.595391603,child1,1695083,frame,-87
16951.595640395,child5,1695083,frame,12
16951.600870769,child4,1695083,frame,-92
16951.601302143,child10,1695083,frame,-92
16951.60736735,child8,1695083,frame,28
16951.640369717,child2,1695083,frame,48
16951.641592591,child3,1695083,frame,137
16951.64565634,child7,1695083,frame,-1
16951.649323797,child9,1695083,frame,-122
16951.654233463,child6,1695083,frame,-76
16961.698304684,child5,1696093,frame,-111
16961.701208724,child1,1696093,frame,40
16961.70506964,child4,1696093,frame,47
16961.705592765,child10,1696093,frame,159
16961.711952472,child8,1696093,frame,-114
16961.741429422,child2,1696093,frame,32
16961.745721838,child3,1696093,frame,3
16961.74828167,child7,1696093,frame,43
16961.754035919,child9,1696093,frame,270
16961.760017334,child6,1696093,frame,-2
16970.803623819,child5,1697002,frame,52
16970.808229151,child4,1697002,frame,44
16970.809809192,child1,1697002,frame,52
16970.810560567,child10,1697002,frame,28
16970.815704732002,child8,1697002,frame,31
16970.846961723997,child2,1697002,frame,19
16970.851595973,child3,1697002,frame,-77
16970.852601681003,child7,1697002,frame,5
16970.856819263,child9,1697002,frame,-208
16970.86246372,child6,1697002,frame,35
16980.910212732,child5,1698012,frame,11
16980.911544690003,child4,1698012,frame,-93
16980.914390314003,child10,1698012,frame,-108
16980.914574855,child1,1698012,frame,-94
16980.919569937,child8,1698012,frame,44
16980.953570595,child2,1698012,frame,-85
16980.95522172,child3,1698012,frame,59
16980.956971678,child7,1698012,frame,36
16980.957044594,child9,1698012,frame,128
16980.967104717,child6,1698012,frame,-76
16991.015891853,child4,1699022,frame,-76
16991.017403143996,child5,1699022,frame,26
16991.01873856,child10,1699022,frame,32
16991.020029102,child1,1699022,frame,126
16991.030267682,child8,1699022,frame,25
16991.059841049002,child3,1699022,frame,4
16991.060517258,child9,1699022,frame,-68
16991.060554882002,child2,1699022,frame,-86
16991.065633256,child7,1699022,frame,-124
16991.067054589,child6,1699022,frame,8
17001.120356516,child4,1700032,frame,126
17001.121239057,child1,1700032,frame,-89
17001.122268015002,child5,1700032,frame,30
17001.124260722998,child10,1700032,frame,16
17001.133333971,child8,1700032,frame,-83
17001.163808421003,child2,1700032,frame,180
17001.164857754,child9,1700032,frame,12
17001.166154087,child3,1700032,frame,-75
17001.169308669,child6,1700032,frame,11
17001.169508294002,child7,1700032,frame,148
17011.221373305,child1,1701042,frame,-72
17011.227357678,child10,1701042,frame,-107
17011.228155386,child4,1701042,frame,-85
17011.229530094002,child5,1701042,frame,-113
17011.239729508,child8,1701042,frame,25
17011.267554043,child9,1701042,frame,-77
17011.269789209,child3,1701042,frame,2
17011.271515291002,child2,1701042,frame,-84
17011.275754457,child7,1701042,frame,-98
17011.276393249,child6,1701042,frame,-69
17021.323451467997,child1,1702052,frame,177
17021.332923799,child10,1702052,frame,158
17021.335632424,child4,1702052,frame,56
17021.336819215,child5,1702052,frame,154
17021.342060339,child8,1702052,frame,24
17021.370870538998,child9,1702052,frame,129
17021.374626997,child3,1702052,frame,127
17021.376227038,child2,1702052,frame,55
17021.37890762,child6,1702052,frame,127
17021.381307245003,child7,1702052,frame,9
17031.384655685,child6,1703062,frame,22
17031.385267850997,child7,1703062,frame,44
17031.428095506002,child1,1703062,frame,-88
17031.434340005,child10,1703062,frame,17
17031.437577962,child4,1703062,frame,-70
17031.441121586,child5,1703062,frame,-95
17031.447114335002,child8,1703062,frame,43
17031.474923494,child9,1703062,frame,-193
17031.478146868,child3,1703062,frame,41
17031.480131159,child2,1703062,frame,41
17041.487581806,child2,1704072,frame,22
17041.489438931,child6,1704072,frame,-194
17041.492734222,child7,1704072,frame,-70
17041.529589337,child1,1704072,frame,36
17041.539442501,child10,1704072,frame,-124
17041.542878458,child4,1704072,frame,-70
17041.547635707,child5,1704072,frame,28
17041.551754164,child8,1704072,frame,-100
17041.581039865,child3,1704072,frame,-77
17041.581316407,child9,1704072,frame,128
17051.585784346,child9,1705082,frame,145
17051.58895147,child3,1705082,frame,56
17051.591995678,child2,1705082,frame,41
17051.592117803,child6,1705082,frame,142
17051.599523634002,child7,1705082,frame,7
17051.632705709,child1,1705082,frame,36
17051.644828539,child4,1705082,frame,134
17051.646966955,child10,1705082,frame,32
17051.652339162,child5,1705082,frame,10
17051.652749495,child8,1705082,frame,150
17061.691471342,child9,1706092,frame,-101
17061.697164131998,child3,1706092,frame,-103
17061.697453841,child6,1706092,frame,-119
17061.699368007,child2,1706092,frame,-214
17061.70476113,child7,1706092,frame,52
17061.741814287,child1,1706092,frame,-88
17061.747316828,child4,1706092,frame,-106
17061.749262494002,child10,1706092,frame,34
17061.7569022,child5,1706092,frame,14
17061.757497617,child8,1706092,frame,-98
17070.794802645003,child9,1707001,frame,144
17070.800541393,child3,1707001,frame,173
17070.801301352003,child6,1707001,frame,174
17070.803074393,child2,1707001,frame,126
17070.812862599,child7,1707001,frame,10
17070.846947506,child1,1707001,frame,45
17070.852614796,child4,1707001,frame,45
17070.854200338,child10,1707001,frame,29
17070.861941836,child5,1707001,frame,20
17070.863859043,child8,1707001,frame,31
17080.898653142,child9,1708011,frame,-208
17080.904347598,child3,1708011,frame,-215
17080.907532431,child2,1708011,frame,-100
17080.910039722,child6,1708011,frame,-68
17080.91668922,child7,1708011,frame,-90
17080.952129127,child1,1708011,frame,46
17080.956510876,child4,1708011,frame,-70
17080.957201334,child10,1708011,frame,-125
17080.966132374,child8,1708011,frame,-100
17080.969915206,child5,1708011,frame,-111
17090.982311435,child5,1709021,frame,45
17091.004358429,child9,1709021,frame,3
17091.011973427,child2,1709021,frame,55
17091.012079136,child3,1709021,frame,175
17091.013170469,child6,1709021,frame,-124
17091.023217299,child7,1709021,frame,17
17091.051613083,child1,1709021,frame,31
17091.064751872,child10,1709021,frame,32
17091.066446913,child4,1709021,frame,35
17091.072149245003,child8,1709021,frame,169
17101.077147392,child8,1710031,frame,9
17101.085753807,child5,1710031,frame,12
17101.111839883,child9,1710031,frame,164
17101.116141006998,child6,1710031,frame,136
17101.118055923,child2,1710031,frame,40
17101.118739006,child3,1710031,frame,-98
17101.127900296,child7,1710031,frame,52
17101.155885122,child1,1710031,frame,-110
17101.168538910002,child10,1710031,frame,17
17101.172734575,child4,1710031,frame,131
17111.174004099,child10,1711041,frame,-92
17111.179852472997,child4,1711041,frame,-125
17111.183020762997,child8,1711041,frame,-99
17111.18833197,child5,1711041,frame,26
17111.21608888,child9,1711041,frame,-201
17111.216124255003,child6,1711041,frame,-117
17111.225891044,child2,1711041,frame,-85
17111.225981502,child3,1711041,frame,50
17111.232560959,child7,1711041,frame,-124
17111.258035119,child1,1711041,frame,-78
17121.279426512,child10,1712051,frame,49
17121.288927676,child4,1712051,frame,6
17121.291840050002,child8,1712051,frame,26
17121.293550758,child5,1712051,frame,13
17121.316717877,child6,1712051,frame,46
17121.31897246,child9,1712051,frame,50
17121.331728498,child3,1712051,frame,-74
17121.334370664,child2,1712051,frame,40
17121.339276288,child7,1712051,frame,148
17121.363588490003,child1,1712051,frame,126
17131.387216508003,child10,1713061,frame,32
17131.394594213998,child4,1713061,frame,-1
17131.398699505,child8,1713061,frame,-117
17131.401911837,child5,1713061,frame,13
17131.418297123997,child6,1713061,frame,2
17131.426390039,child9,1713061,frame,58
17131.43592912,child3,1713061,frame,50
17131.44009641,child2,1713061,frame,-70
17131.44628245,child7,1713061,frame,-81
17131.46461782,child1,1713061,frame,-89
17141.491686212,child10,1714071,frame,33
17141.49920321,child4,1714071,frame,15
17141.502133043,child8,1714071,frame,184
17141.505742625002,child5,1714071,frame,31
17141.52492262,child6,1714071,frame,142
17141.534036618003,child9,1714071,frame,-122
17141.542550991,child3,1714071,frame,51
17141.546035198,child2,1714071,frame,134
17141.551853405,child7,1714071,frame,9
17141.565390235,child1,1714071,frame,53
17151.596324792,child10,1715081,frame,15
17151.605150247997,child4,1715081,frame,1
17151.610447747,child8,1715081,frame,-117
17151.616203287,child5,1715081,frame,10
17151.633948574,child6,1715081,frame,-76
17151.641925363,child9,1715081,frame,55
17151.647331654,child3,1715081,frame,-93
17151.651432736,child2,1715081,frame,-93
17151.657869151,child7,1715081,frame,-65
17151.670838105998,child1,1715081,frame,36
17161.676527628002,child1,1716091,frame,38
17161.703573495997,child10,1716091,frame,36
17161.708728328,child4,1716091,frame,5
17161.712685952,child8,1716091,frame,26
17161.722077824,child5,1716091,frame,-113
17161.739129237,child6,1716091,frame,-112
17161.749064567,child9,1716091,frame,20
17161.751729567,child3,1716091,frame,-1
17161.755738566,child2,1716091,frame,40
17161.762177064,child7,1716091,frame,25
17170.764765268003,child2,1717000,frame,11
17170.765617185,child7,1717000,frame,-1
17170.781652305,child1,1717000,frame,-83
17170.808630215,child10,1717000,frame,-222
17170.813373254998,child4,1717000,frame,57
17170.816049005003,child8,1717000,frame,-91
17170.825790585,child5,1717000,frame,18
17170.842678039,child6,1717000,frame,56
17170.85433912,child3,1717000,frame,15
17170.854542536003,child9,1717000,frame,12
17180.871311264,child7,1718010,frame,142
17180.871739139002,child2,1718010,frame,-76
17180.883164928,child1,1718010,frame,53
17180.917840043,child4,1718010,frame,-69
17180.918126752,child10,1718010,frame,174
17180.920649834,child8,1718010,frame,39
17180.928539499,child5,1718010,frame,14
17180.947774369,child6,1718010,frame,3
17180.957084991,child9,1718010,frame,58
17180.957771408,child3,1718010,frame,59
17190.975297469,child2,1719020,frame,1
17190.978043385,child7,1719020,frame,7
17190.989928965,child1,1719020,frame,36
17191.024776080998,child4,1719020,frame,141
17191.024881039,child8,1719020,frame,42
17191.026912539,child10,1719020,frame,33
17191.03393387,child5,1719020,frame,12
17191.049744033,child6,1719020,frame,16
17191.062259528997,child9,1719020,frame,-71
17191.062999278998,child3,1719020,frame,-83
17201.067695801998,child3,1720030,frame,59
17201.068885426997,child9,1720030,frame,58
17201.080211965,child2,1720030,frame,37
17201.083826631,child7,1720030,frame,35
17201.092769379,child1,1720030,frame,-104
17201.127797619,child4,1720030,frame,48
17201.130745994,child8,1720030,frame,44
17201.133317451,child10,1720030,frame,17
17201.142784907,child5,1720030,frame,31
17201.155369237,child6,1720030,frame,3
17211.168969216,child3,1721040,frame,-83
17211.176157381004,child9,1721040,frame,-67
17211.185830503,child2,1721040,frame,57
17211.190203251997,child7,1721040,frame,-249
17211.198061458,child1,1721040,frame,46
17211.234922073,child8,1721040,frame,-100
17211.236026698,child4,1721040,frame,-209
17211.240683405,child10,1721040,frame,16
17211.245108529,child5,1721040,frame,-115
17211.259338817,child6,1721040,frame,-104
17221.279544544,child3,1722050,frame,59
17221.282250418,child9,1722050,frame,11
17221.287949832997,child2,1722050,frame,-85
17221.29503604,child7,1722050,frame,130
17221.301151705,child1,1722050,frame,-94
17221.341705069,child4,1722050,frame,-124
17221.343006193998,child8,1722050,frame,42
17221.347472817997,child10,1722050,frame,-125
17221.350196067,child5,1722050,frame,152
17221.362449272,child6,1722050,frame,142
17231.385651623,child3,1723060,frame,58
17231.385723623,child9,1723060,frame,58
17231.397891412,child2,1723060,frame,127
17231.399377202997,child7,1723060,frame,9
17231.39959912,child1,1723060,frame,171
17231.444941899,child4,1723060,frame,141
17231.447050065,child8,1723060,frame,41
17231.454697772,child10,1723060,frame,159
17231.454976147,child5,1723060,frame,13
17231.463184728,child6,1723060,frame,17
17241.492526785998,child3,1724070,frame,43
17241.49550266,child9,1724070,frame,-87
17241.502355366,child1,1724070,frame,-95
17241.504697991,child2,1724070,frame,23
17241.508016448,child7,1724070,frame,124
17241.548900271,child4,1724070,frame,2
17241.551862520002,child8,1724070,frame,24
17241.558360393,child5,1724070,frame,-112
17241.559608601,child10,1724070,frame,17
17241.560969850998,child6,1724070,frame,10
17251.597011532,child3,1725080,frame,34
17251.600252031,child9,1725080,frame,129
17251.607780570997,child2,1725080,frame,40
17251.612252695002,child1,1725080,frame,46
17251.615659819,child7,1725080,frame,-97
17251.653139934,child4,1725080,frame,0
17251.658672641002,child8,1725080,frame,43
17251.660232557,child10,1725080,frame,17
17251.663754639,child5,1725080,frame,155
17251.664146473002,child6,1725080,frame,57
17261.669718745,child10,1726090,frame,-200
17261.672289577997,child5,1726090,frame,-192
17261.673886077002,child6,1726090,frame,-198
17261.701194194997,child3,1726090,frame,32
17261.706310401998,child9,1726090,frame,-74
17261.717647316,child2,1726090,frame,-213
17261.718952774,child1,1726090,frame,-75
17261.725086980998,child7,1726090,frame,-71
17261.755976639,child4,1726090,frame,8
17261.763702054002,child8,1726090,frame,-115
17271.768808201,child8,1727100,frame,25
17271.775129407997,child10,1727100,frame,25
17271.777590948997,child5,1727100,frame,21
17271.778871449,child6,1727100,frame,14
17271.80365065,child3,1727100,frame,-94
17271.813707231,child9,1727100,frame,5
17271.824021894998,child1,1727100,frame,45
17271.824948937,child2,1727100,frame,176
17271.831703143,child7,1727100,frame,60
17271.861876552,child4,1727100,frame,1
17280.866992255,child4,1728009,frame,-115
17280.872395379,child8,1728009,frame,49
17280.879176919,child5,1728009,frame,25
17280.881351543,child10,1728009,frame,36
17280.883636792998,child6,1728009,frame,-76
17280.906380787,child3,1728009,frame,25
17280.916394826,child9,1728009,frame,-69
17280.926604322998,child1,1728009,frame,-75
17280.928117114,child2,1728009,frame,-82
17280.93843032,child7,1728009,frame,-113
17290.972722793,child4,1729019,frame,41
17290.979069541,child8,1729019,frame,-101
17290.984832665,child5,1729019,frame,21
17290.986363789,child10,1729019,frame,7
17290.987668289,child6,1729019,frame,150
17291.010376158,child3,1729019,frame,33
17291.024669112998,child9,1729019,frame,11
17291.030916611002,child1,1729019,frame,44
17291.033499069003,child2,1729019,frame,40
17291.041098567002,child7,1729019,frame,13
17301.077573373,child4,1730029,frame,16
17301.090902744,child8,1730029,frame,25
17301.09369916,child5,1730029,frame,4
17301.09432466,child10,1730029,frame,-98
17301.118328361998,child3,1730029,frame,-109
17301.131672358,child9,1730029,frame,128
17301.134420316,child1,1730029,frame,-80
17301.137362939997,child2,1730029,frame,-84
17301.14554873,child7,1730029,frame,1
17306.215985472998,root,1730540,peer,0
17311.183789785002,child4,1731039,frame,2
17311.19732774,child6,1731039,frame,9
17311.199202573,child10,1731039,frame,149
17311.199411740003,child5,1731039,frame,39
17311.199442573,child8,1731039,frame,44
17311.221783817,child3,1731039,frame,15
17311.233655522,child9,1731039,frame,50
17311.237503270997,child1,1731039,frame,44
17311.242324561998,child2,1731039,frame,165
17311.249275601,child7,1731039,frame,15
17321.28979524,child4,1732049,frame,16
17321.297368696,child6,1732049,frame,-118
17321.305601361,child10,1732049,frame,25
17321.306949193,child5,1732049,frame,19
17321.308098943,child8,1732049,frame,150
17321.327082022,child3,1732049,frame,34
17321.338193769,child1,1732049,frame,-2
17321.343138017,child9,1732049,frame,-75
17321.344345392,child2,1732049,frame,15
17321.353749431,child7,1732049,frame,59
17331.392690278,child4,1733059,frame,17
17331.399806693,child6,1733059,frame,24
17331.409660274,child10,1733059,frame,-100
17331.411070107002,child5,1733059,frame,3
17331.412155231,child8,1733059,frame,-99
17331.431098476,child3,1733059,frame,-90
17331.440076432,child1,1733059,frame,53
17331.446413013997,child9,1733059,frame,30
17331.446558514,child2,1733059,frame,-93
17331.45590272,child7,1733059,frame,150
17341.463854492,child7,1734069,frame,45
17341.500534732,child4,1734069,frame,-108
17341.504531648,child6,1734069,frame,21
17341.515221895002,child5,1734069,frame,20
17341.515990853,child8,1734069,frame,26
17341.518565102,child10,1734069,frame,41
17341.532725849,child3,1734069,frame,50
17341.549100053002,child2,1734069,frame,49
17341.549860469,child9,1734069,frame,58
17341.552497343,child1,1734069,frame,52
17351.568192529998,child7,1735079,frame,-203
17351.605340312,child4,1735079,frame,33
17351.606674561,child6,1735079,frame,31
17351.618339392,child5,1735079,frame,-2
17351.61860085,child8,1735079,frame,8
17351.622140099,child10,1735079,frame,16
17351.639151219,child3,1735079,frame,51
17351.653350716,child2,1735079,frame,-109
17351.654213923997,child9,1735079,frame,-84
17351.656380672997,child1,1735079,frame,-86
17361.658961072,child2,1736089,frame,156
17361.661100988,child1,1736089,frame,54
17361.670070652002,child7,1736089,frame,139
17361.708410808,child6,1736089,frame,7
17361.709183433,child4,1736089,frame,32
17361.720896638,child5,1736089,frame,13
17361.72100043,child8,1736089,frame,27
17361.726980137002,child10,1736089,frame,0
17361.741956591,child3,1736089,frame,34
17361.759437545003,child9,1736089,frame,51
17371.761951443,child9,1737099,frame,15
17371.762934317998,child2,1737099,frame,20
17371.764603901,child1,1737099,frame,39
17371.772914565,child7,1737099,frame,30
17371.814938012998,child4,1737099,frame,34
17371.815311012997,child6,1737099,frame,152
17371.823335469,child8,1737099,frame,9
17371.824681552,child5,1737099,frame,59
17371.831887925,child10,1737099,frame,20
17371.847541046,child3,1737099,frame,34
17380.854372916,child3,1738008,frame,27
17380.865091996,child2,1738008,frame,-71
17380.867348787,child9,1738008,frame,-78
17380.868591828,child1,1738008,frame,45
17380.876927993,child7,1738008,frame,43
17380.919615482,child4,1738008,frame,-72
17380.921487773,child6,1738008,frame,-121
17380.927189313,child5,1738008,frame,-2
17380.927984354,child8,1738008,frame,-122
17380.935887186,child10,1738008,frame,30
17390.958044245002,child3,1739018,frame,18
17390.969675826,child2,1739018,frame,-109
17390.972644533,child9,1739018,frame,-75
17390.97901074,child1,1739018,frame,-101
17390.983910697,child7,1739018,frame,-112
17391.023787186,child4,1739018,frame,25
17391.026563476997,child6,1739018,frame,25
17391.033390851,child5,1739018,frame,-201
17391.034505434,child8,1739018,frame,27
17391.037594891,child10,1739018,frame,0
17401.064277075002,child3,1740028,frame,-108
17401.073879864,child2,1740028,frame,31
17401.077371863,child9,1740028,frame,128
17401.082040778,child1,1740028,frame,38
17401.087178069,child7,1740028,frame,39
17401.130843682,child4,1740028,frame,-83
17401.136704222,child8,1740028,frame,8
17401.138141514,child5,1740028,frame,137
17401.142907346,child10,1740028,frame,17
17406.179721305998,root,1740539,peer,-109
17411.165356322002,child3,1741038,frame,32
17411.176270902,child2,1741038,frame,48
17411.180464485,child9,1741038,frame,-83
17411.181268818,child1,1741038,frame,-77
17411.192408523002,child7,1741038,frame,20
17411.227729806,child6,1741038,frame,19
17411.238597594,child4,1741038,frame,39
17411.244467801,child5,1741038,frame,-1
17411.244792008998,child8,1741038,frame,-99
17411.248907342,child10,1741038,frame,17
17421.250650407,child8,1742048,frame,44
17421.252112323,child5,1742048,frame,14
17421.253281948,child10,1742048,frame,-124
17421.268564152,child3,1742048,frame,17
17421.279890357,child2,1742048,frame,33
17421.281972647997,child9,1742048,frame,-87
17421.28829548,child1,1742048,frame,-81
17421.294783353,child7,1742048,frame,-78
17421.329766011,child6,1742048,frame,-68
17421.349839422,child4,1742048,frame,38
17431.351618946002,child8,1743058,frame,25
17431.356288028,child5,1743058,frame,-68
17431.356608444003,child4,1743058,frame,-101
17431.357163694003,child10,1743058,frame,16
17431.370694982,child3,1743058,frame,16
17431.384862603998,child2,1743058,frame,32
17431.387812895,child9,1743058,frame,136
17431.394208601003,child1,1743058,frame,-127
17431.3967436,child7,1743058,frame,124
17431.435899632,child6,1743058,frame,1
17441.451222151998,child8,1744068,frame,149
17441.460238983003,child5,1744068,frame,3
17441.460789565997,child4,1744068,frame,163
17441.460937858,child10,1744068,frame,125
17441.475700354,child3,1744068,frame,142
17441.489874933002,child2,1744068,frame,-1
17441.493026849002,child9,1744068,frame,51
17441.502463555,child1,1744068,frame,256
17441.504823470998,child7,1744068,frame,129
17441.538217879002,child6,1744068,frame,125
17451.555236565,child8,1745078,frame,-221
17451.565919020002,child5,1745078,frame,5
17451.567569895,child4,1745078,frame,-227
17451.569270477998,child10,1745078,frame,0
17451.580999725,child3,1745078,frame,-205
17451.595294721,child2,1745078,frame,-93
17451.595388013,child9,1745078,frame,-201
17451.603978844,child1,1745078,frame,-80
17451.611051259,child7,1745078,frame,-234
17451.639006168,child6,1745078,frame,-74
17461.662105394,child8,1746088,frame,40
17461.6711796,child10,1746088,frame,1
17461.671210142,child4,1746088,frame,182
17461.672773433,child5,1746088,frame,13
17461.686573638,child3,1746088,frame,151
17461.695974927,child9,1746088,frame,124
17461.699519759,child2,1746088,frame,49
17461.707783964997,child1,1746088,frame,-2
17461.716609171,child7,1746088,frame,153
17461.743484748,child6,1746088,frame,12
17471.765852849,child8,1747098,frame,42
17471.776607138,child4,1747098,frame,-95
17471.778024971,child5,1747098,frame,31
17471.778268721,child10,1747098,frame,3
17471.791182801,child3,1747098,frame,11
17471.799922632003,child9,1747098,frame,60
17471.800585673,child2,1747098,frame,36
17471.809529962,child1,1747098,frame,131
17471.821426001003,child7,1747098,frame,-93
17471.846687786,child6,1747098,frame,8
17480.843085992,child6,1748007,frame,33
17480.871663984002,child8,1748007,frame,31
17480.879190899,child4,1748007,frame,36
17480.880101065,child10,1748007,frame,14
17480.883905231,child5,1748007,frame,123
17480.894453145,child3,1748007,frame,6
17480.904489726,child9,1748007,frame,-127
17480.904872726,child2,1748007,frame,36
17480.913685723,child1,1748007,frame,49
17480.921543054,child7,1748007,frame,20
17490.945331197003,child6,1749017,frame,-69
17490.979964145998,child8,1749017,frame,-100
17490.985347228,child10,1749017,frame,-124
17490.986236935998,child4,1749017,frame,-93
17490.990079185,child5,1749017,frame,-76
17490.998435266,child3,1749017,frame,-192
17491.008277097,child9,1749017,frame,12
17491.009918097,child2,1749017,frame,-109
17491.022349135,child1,1749017,frame,-205
17491.028512342,child7,1749017,frame,-94
17501.047326111,child6,1750027,frame,3
17501.083256809998,child8,1750027,frame,43
17501.092467182,child10,1750027,frame,17
17501.092618099,child4,1750027,frame,50
17501.095340764998,child5,1750027,frame,-68
17501.10023043,child3,1750027,frame,18
17501.114191385,child2,1750027,frame,32
17501.114415301,child9,1750027,frame,47
17501.123597382,child1,1750027,frame,0
17501.135779461998,child7,1750027,frame,46
17511.159530564,child6,1751037,frame,-69
17511.187543223,child8,1751037,frame,24
17511.19790372,child4,1751037,frame,48
17511.198639762,child5,1751037,frame,130
17511.198778636,child10,1751037,frame,46
17511.207410134,child3,1751037,frame,145
17511.216779964998,child9,1751037,frame,51
17511.218800256,child2,1751037,frame,157
17511.224679462997,child1,1751037,frame,179
17511.237168251002,child7,1751037,frame,11
17521.243145857,child7,1752047,frame,-85
17521.266624559,child6,1752047,frame,2
17521.294768052,child8,1752047,frame,25
17521.302689008,child10,1752047,frame,-67
17521.305271341,child4,1752047,frame,-92
17521.307628382,child5,1752047,frame,-81
17521.312811547,child3,1752047,frame,-122
17521.322536169,child9,1752047,frame,-68
17521.323906086003,child2,1752047,frame,-125
17521.330238626,child1,1752047,frame,-109
17531.348545687,child7,1753057,frame,52
17531.368061680998,child6,1753057,frame,17
17531.400541089,child8,1753057,frame,57
17531.406097130002,child5,1753057,frame,8
17531.406148713,child4,1753057,frame,127
17531.413717669,child10,1753057,frame,16
17531.416373085,child3,1753057,frame,35
17531.428870582,child9,1753057,frame,11
17531.429324415,child2,1753057,frame,32
17531.434770039,child1,1753057,frame,54
17541.455682974,child7,1754067,frame,39
17541.471050969998,child6,1754067,frame,9
17541.508653834997,child4,1754067,frame,24
17541.510511626002,child8,1754067,frame,-115
17541.512534417,child5,1754067,frame,-76
17541.517471083,child10,1754067,frame,17
17541.524470872,child3,1754067,frame,8
17541.532125704,child2,1754067,frame,16
17541.533330203,child9,1754067,frame,51
17541.536953744002,child1,1754067,frame,39
17551.559275470998,child7,1755077,frame,53
17551.576215383,child6,1755077,frame,30
17551.611487498,child4,1755077,frame,-84
17551.613884998,child8,1755077,frame,149
17551.620048163,child5,1755077,frame,58
17551.62365062,child10,1755077,frame,17
17551.627158911,child3,1755077,frame,25
17551.637429158,child2,1755077,frame,16
17551.639141199,child9,1755077,frame,37
17551.640026824,child1,1755077,frame,47
17561.646952513,child1,1756087,frame,37
17561.664780258,child7,1756087,frame,21
17561.681963587,child6,1756087,frame,133
17561.715027953,child4,1756087,frame,166
17561.717027160998,child8,1756087,frame,29
17561.725336076,child5,1756087,frame,51
17561.727840574997,child10,1756087,frame,142
17561.734229532,child3,1756087,frame,149
17561.739885363,child2,1756087,frame,142
17561.742005196,child9,1756087,frame,59
17571.744834553,child2,1757097,frame,-77
17571.746594177,child9,1757097,frame,35
17571.752981467,child1,1757097,frame,37
17571.772488628998,child7,1757097,frame,-87
17571.781856168,child6,1757097,frame,-126
17571.816789367,child4,1757097,frame,-101
17571.826702489,child8,1757097,frame,9
17571.832161863,child10,1757097,frame,-123
17571.832928071,child5,1757097,frame,-65
17571.83638457,child3,1757097,frame,-117
17580.836951858,child10,1758006,frame,248
17580.839281941,child3,1758006,frame,42
17580.839586483,child5,1758006,frame,131
17580.849732647002,child2,1758006,frame,31
17580.852330438,child9,1758006,frame,47
17580.852830063,child1,1758006,frame,16
17580.876322848,child7,1758006,frame,152
17580.886532012002,child6,1758006,frame,167
17580.920014378,child4,1758006,frame,17
17580.933192333003,child8,1758006,frame,128
17590.935078565002,child8,1759016,frame,-66
17590.941711980002,child10,1759016,frame,-216
17590.943616646,child5,1759016,frame,-71
17590.947050312003,child3,1759016,frame,58
17590.953079435,child1,1759016,frame,-66
17590.955530934,child2,1759016,frame,-70
17590.957127976002,child9,1759016,frame,-119
17590.982632886,child7,1759016,frame,23
17590.987229634004,child6,1759016,frame,-77
17591.02377525,child4,1759016,frame,-101
17601.040475603,child8,1760026,frame,-78
17601.047286892,child5,1760026,frame,-193
17601.048632849997,child3,1760026,frame,-121
17601.048713392,child10,1760026,frame,1
17601.052995683,child1,1760026,frame,20
17601.062469347,child9,1760026,frame,42
17601.063644305,child2,1760026,frame,-1
17601.087100549,child7,1760026,frame,-103
17601.088266548,child6,1760026,frame,-76
17601.127911995998,child4,1760026,frame,167
17611.145143516,child8,1761036,frame,11
17611.150757514,child5,1761036,frame,12
17611.153922637997,child10,1761036,frame,55
17611.154273513,child3,1761036,frame,3
17611.164709719,child1,1761036,frame,-119
17611.165124927,child9,1761036,frame,25
17611.166916843,child2,1761036,frame,0
17611.190080004,child7,1761036,frame,4
17611.192028503,child6,1761036,frame,56
17611.232468951002,child4,1761036,frame,-117
17621.235673806998,child4,1762046,frame,33
17621.249274470003,child8,1762046,frame,56
17621.256472593,child10,1762046,frame,48
17621.258281885002,child5,1762046,frame,12
17621.259492926,child3,1762046,frame,4
17621.269940215,child9,1762046,frame,-106
17621.272821756,child2,1762046,frame,126
17621.274074922,child1,1762046,frame,20
17621.294593667,child7,1762046,frame,22
17621.297081624,child6,1762046,frame,49
17631.345325094,child4,1763056,frame,-92
17631.358516632,child8,1763056,frame,-94
17631.362562881,child10,1763056,frame,-84
17631.364354630998,child3,1763056,frame,3
17631.365285422,child5,1763056,frame,5
17631.372818503,child1,1763056,frame,21
17631.374359669997,child9,1763056,frame,33
17631.379913168,child2,1763056,frame,-203
17631.402365829,child7,1763056,frame,-122
17631.409781284998,child6,1763056,frame,-85
17641.447209341,child4,1764066,frame,33
17641.460931962,child8,1764066,frame,-115
17641.463665712,child10,1764066,frame,48
17641.467880002,child5,1764066,frame,-95
17641.46818621,child3,1764066,frame,4
17641.474496625,child1,1764066,frame,23
17641.482229748,child9,1764066,frame,15
17641.485694289,child2,1764066,frame,8
17641.505363242,child7,1764066,frame,40
17641.510954616,child6,1764066,frame,5
17651.549896713,child4,1765076,frame,-77
17651.565473749997,child8,1765076,frame,9
17651.569158249,child10,1765076,frame,-87
17651.573025081998,child5,1765076,frame,36
17651.573968247998,child3,1765076,frame,18
17651.578668414,child1,1765076,frame,-101
17651.589655118998,child2,1765076,frame,7
17651.590373119,child9,1765076,frame,33
17651.610943363,child7,1765076,frame,37
17651.614026154,child6,1765076,frame,3
17661.65286446,child4,1766086,frame,50
17661.667777831,child8,1766086,frame,8
17661.674547079,child10,1766086,frame,-75
17661.677630286,child3,1766086,frame,4
17661.677838745003,child5,1766086,frame,-99
17661.686229742,child1,1766086,frame,38
17661.694492115,child2,1766086,frame,16
17661.69574499,child9,1766086,frame,-91
17661.711274319,child7,1766086,frame,4
17661.719006484,child6,1766086,frame,-77
17671.756992414,child4,1767096,frame,46
17671.769449869,child8,1767096,frame,43
17671.775897868,child10,1767096,frame,150
17671.780977325,child5,1767096,frame,59
17671.786717822997,child3,1767096,frame,-117
17671.788011906003,child1,1767096,frame,40
17671.800892653,child2,1767096,frame,21
17671.801486069002,child9,1767096,frame,52
17671.815773357,child7,1767096,frame,38
17671.82250273,child6,1767096,frame,14
17680.828327309002,child6,1768005,frame,167
17680.859519384,child4,1768005,frame,24
17680.872515005,child8,1768005,frame,24
17680.878085754,child10,1768005,frame,2
17680.885198210002,child5,1768005,frame,55
17680.890404458998,child1,1768005,frame,37
17680.892712958,child3,1768005,frame,150
17680.907071996,child9,1768005,frame,159
17680.908041663,child2,1768005,frame,28
17680.920676867998,child7,1768005,frame,27
17690.933072597,child6,1769015,frame,-85
17690.960908672998,child4,1769015,frame,-76
17690.975324168998,child8,1769015,frame,9
17690.982771167,child10,1769015,frame,-77
17690.986099791,child5,1769015,frame,-95
17690.992983123,child1,1769015,frame,31
17690.996916912998,child3,1769015,frame,-124
17691.011637034,child9,1769015,frame,-108
17691.017234575,child2,1769015,frame,9
17691.024407031,child7,1769015,frame,-101
17701.028555596,child7,1770025,frame,145
17701.036336426998,child6,1770025,frame,-68
17701.067828043,child4,1770025,frame,-76
17701.081352915,child8,1770025,frame,29
17701.087234205,child5,1770025,frame,125
17701.088613621,child10,1770025,frame,125
17701.099593993,child1,1770025,frame,33
17701.102951701,child3,1770025,frame,141
17701.114629156,child9,1770025,frame,160
17701.11948478,child2,1770025,frame,8
17711.134754340997,child7,1771035,frame,-101
17711.137888924,child6,1771035,frame,-115
17711.169701249,child4,1771035,frame,18
17711.182502912,child8,1771035,frame,16
17711.190675493,child10,1771035,frame,-69
17711.195455033998,child5,1771035,frame,-91
17711.204715073,child1,1771035,frame,-112
17711.205528198,child3,1771035,frame,-80
17711.219953444,child9,1771035,frame,-123
17711.223057275998,child2,1771035,frame,25
17721.227067466,child9,1772045,frame,18
17721.231962006,child2,1772045,frame,-125
17721.238148046003,child6,1772045,frame,142
17721.238331963,child7,1772045,frame,-103
17721.271048663002,child4,1772045,frame,55
17721.286405617,child8,1772045,frame,27
17721.298335322,child10,1772045,frame,-70
17721.299613697,child5,1772045,frame,51
17721.30588257,child1,1772045,frame,-98
17721.312007652,child3,1772045,frame,12
17731.330802713,child9,1773055,frame,-2
17731.335067378,child2,1773055,frame,124
17731.342582585,child7,1773055,frame,19
17731.345583416998,child6,1773055,frame,147
17731.382405866,child4,1773055,frame,53
17731.391155196998,child8,1773055,frame,55
17731.400574528,child10,1773055,frame,54
17731.406977943,child1,1773055,frame,45
17731.407270484,child5,1773055,frame,37
17731.414596149003,child3,1773055,frame,11
17741.439229208,child2,1774065,frame,-125
17741.440053916,child9,1774065,frame,-107
17741.446630038998,child7,1774065,frame,40
17741.450721746998,child6,1774065,frame,-202
17741.488114528,child4,1774065,frame,-211
17741.498222151,child8,1774065,frame,-203
17741.508748231,child10,1774065,frame,-195
17741.510581731,child1,1774065,frame,-97
17741.512238147003,child5,1774065,frame,-88
17741.521479436,child3,1774065,frame,-113
17751.529755916,child3,1775075,frame,151
17751.544266245997,child2,1775075,frame,17
17751.544906454,child9,1775075,frame,18
17751.549399703,child7,1775075,frame,20
17751.560294867002,child6,1775075,frame,127
17751.592082858,child4,1775075,frame,133
17751.604548188,child8,1775075,frame,26
17751.615159227,child5,1775075,frame,54
17751.615369727002,child10,1775075,frame,133
17751.618889476,child1,1775075,frame,45
17761.636116454003,child3,1776085,frame,-192
17761.651294533,child9,1776085,frame,-107
17761.651577075,child2,1776085,frame,-109
17761.654077533,child7,1776085,frame,-86
17761.664940738,child6,1776085,frame,-77
17761.69636723,child4,1776085,frame,-126
17761.712869809002,child8,1776085,frame,-115
17761.715474141,child10,1776085,frame,-116
17761.717874849,child5,1776085,frame,-90
17761.719262724,child1,1776085,frame,-81
17771.740787159,child3,1777095,frame,34
17771.752724489,child2,1777095,frame,141
17771.757004487998,child7,1777095,frame,54
17771.759012779003,child9,1777095,frame,32
17771.769924818003,child6,1777095,frame,15
17771.798067477,child4,1777095,frame,21
17771.815141097002,child8,1777095,frame,149
17771.819347096,child1,1777095,frame,123
17771.822309387,child10,1777095,frame,26
17771.822804137,child5,1777095,frame,50
17780.819039301,child8,1778004,frame,35
17780.820142051,child1,1778004,frame,-67
17780.82557305,child10,1778004,frame,29
17780.826265716,child5,1778004,frame,40
17780.844162045,child3,1778004,frame,13
17780.858229458,child2,1778004,frame,-72
17780.86319979,child7,1778004,frame,27
17780.864184039,child9,1778004,frame,54
17780.875645036,child6,1778004,frame,-83
17780.905769237,child4,1778004,frame,126
17790.924637422,child8,1779014,frame,9
17790.925989089003,child1,1779014,frame,8
17790.933656837,child10,1779014,frame,-92
17790.936145169002,child5,1779014,frame,-80
17790.953848915,child3,1779014,frame,34
17790.965782328,child2,1779014,frame,33
17790.969115744,child9,1779014,frame,-76
17790.969823285,child7,1779014,frame,-72
17790.97908145,child6,1779014,frame,8
17791.012000399,child4,1779014,frame,-70
17801.027548836,child8,1780024,frame,8
17801.037352458,child1,1780024,frame,125
17801.040376749002,child5,1780024,frame,170
17801.043862957,child10,1780024,frame,148
17801.059335952,child3,1780024,frame,25
17801.071857907,child2,1780024,frame,156
17801.073104074003,child9,1780024,frame,176
17801.075972865,child7,1780024,frame,162
17801.082087905,child6,1780024,frame,57
17801.114979813,child4,1780024,frame,1
17811.121590543,child4,1781034,frame,9
17811.134660372998,child8,1781034,frame,29
17811.143570704,child1,1781034,frame,38
17811.149504453,child5,1781034,frame,-79
17811.149687410998,child10,1781034,frame,19
17811.164074824002,child3,1781034,frame,24
17811.178757112,child9,1781034,frame,-92
17811.179798028,child2,1781034,frame,-79
17811.183757985,child7,1781034,frame,-102
17811.185203901998,child6,1781034,frame,2
17821.226521290002,child4,1782044,frame,18
17821.243463035,child8,1782044,frame,16
17821.244860993003,child1,1782044,frame,39
17821.254135616,child5,1782044,frame,43
17821.255470324,child10,1782044,frame,25
17821.267860070002,child3,1782044,frame,150
17821.284745483,child6,1782044,frame,37
17821.285579856998,child9,1782044,frame,31
17821.289532148,child7,1782044,frame,21
17821.290815606,child2,1782044,frame,25
17831.334003367,child4,1783054,frame,56
17831.347660613,child1,1783054,frame,-102
17831.350802446,child8,1783054,frame,-114
17831.361321235003,child5,1783054,frame,-98
17831.361674777003,child10,1783054,frame,1
17831.375649231002,child3,1783054,frame,-69
17831.387049687,child6,1783054,frame,-68
17831.395576435,child7,1783054,frame,-86
17831.395990435,child9,1783054,frame,33
17831.396021101,child2,1783054,frame,-117
17841.438696139998,child4,1784064,frame,2
17841.454754344002,child1,1784064,frame,57
17841.45757101,child8,1784064,frame,134
17841.469634799,child5,1784064,frame,45
17841.470150465,child10,1784064,frame,141
17841.481167296,child3,1784064,frame,16
17841.486456627998,child6,1784064,frame,142
17841.500049874998,child7,1784064,frame,179
17841.501199958002,child2,1784064,frame,149
17841.502905499,child9,1784064,frame,34
17851.542862871,child4,1785074,frame,-75
17851.558215992998,child1,1785074,frame,19
17851.565010908,child8,1785074,frame,-86
17851.573844947,child10,1785074,frame,-77
17851.574432989,child5,1785074,frame,28
17851.583753361003,child3,1785074,frame,38
17851.592514692,child6,1785074,frame,-68
17851.603246565,child7,1785074,frame,-122
17851.606531688998,child2,1785074,frame,-87
17851.60954048,child9,1785074,frame,18
17861.645902895,child4,1786084,frame,56
17861.6604641,child1,1786084,frame,-96
17861.668776598,child8,1786084,frame,19
17861.676768387002,child5,1786084,frame,30
17861.682251803,child10,1786084,frame,-69
17861.688752801,child3,1786084,frame,-75
17861.69767459,child6,1786084,frame,1
17861.709815629,child2,1786084,frame,16
17861.709847128997,child7,1786084,frame,40
17861.712621087,child9,1786084,frame,-2
17871.720201676,child9,1787094,frame,21
17871.750768126,child4,1787094,frame,0
17871.762133248998,child1,1787094,frame,29
17871.776651912,child8,1787094,frame,1
17871.778906578,child5,1787094,frame,46
17871.786964701,child10,1787094,frame,47
17871.797290698,child3,1787094,frame,-68
17871.810827861,child6,1787094,frame,54
17871.815319652,child7,1787094,frame,-105
17871.816028568,child2,1787094,frame,130
17880.813915325998,child6,1788003,frame,-104
17880.818554200003,child7,1788003,frame,47
17880.824712198002,child9,1788003,frame,-100
17880.824916531,child2,1788003,frame,-101
17880.854130149,child4,1788003,frame,-205
17880.864128313002,child1,1788003,frame,-95
17880.880641476,child5,1788003,frame,-106
17880.883018934,child8,1788003,frame,-115
17880.891890973002,child10,1788003,frame,-67
17880.904350595,child3,1788003,frame,-1
17890.911911267,child3,1789013,frame,4
17890.914866141,child6,1789013,frame,2
17890.922571931,child7,1789013,frame,35
17890.927723888,child9,1789013,frame,158
17890.932130971,child2,1789013,frame,-1
17890.959306171997,child4,1789013,frame,143
17890.970788294,child1,1789013,frame,44
17890.989619581,child5,1789013,frame,168
17890.992472830003,child8,1789013,frame,35
17890.99555558,child10,1789013,frame,126
17901.016536789997,child6,1790023,frame,2
17901.016858457,child3,1790023,frame,3
17901.029562120002,child7,1790023,frame,-85
17901.030968077997,child9,1790023,frame,-122
17901.037343743,child2,1790023,frame,-117
17901.06658207,child4,1790023,frame,-124
17901.075411276,child1,1790023,frame,-80
17901.093696604,child8,1790023,frame,-109
17901.094246229,child5,1790023,frame,13
17901.099932811,child10,1790023,frame,-76
17911.121702022003,child3,1791033,frame,20
17911.123045271,child6,1791033,frame,22
17911.134788018,child7,1791033,frame,53
17911.137451726,child9,1791033,frame,123
17911.144613933,child2,1791033,frame,25
17911.174544925,child4,1791033,frame,142
17911.1768368,child1,1791033,frame,59
17911.197262795,child5,1791033,frame,12
17911.198810044003,child8,1791033,frame,159
17911.207921292,child10,1791033,frame,55
17921.213483923,child10,1792043,frame,-77
17921.227126003,child6,1792043,frame,56
17921.23306146,child3,1792043,frame,-114
17921.239880666,child7,1792043,frame,20
17921.242724332,child9,1792043,frame,-122
17921.249832372,child2,1792043,frame,133
17921.281993113997,child1,1792043,frame,45
17921.283301406,child4,1792043,frame,-115
17921.301830568,child5,1792043,frame,-109
17921.305689275,child8,1792043,frame,-105
17931.315254655,child10,1793053,frame,9
17931.331976443,child6,1793053,frame,-123
17931.340356774,child3,1793053,frame,152
17931.344704356,child7,1793053,frame,-70
17931.348582897,child9,1793053,frame,18
17931.355026437,child2,1793053,frame,-196
17931.386847387002,child4,1793053,frame,25
17931.388826012,child1,1793053,frame,-79
17931.409695882,child5,1793053,frame,11
17931.410293298,child8,1793053,frame,33
17941.416362511998,child5,1794063,frame,136
17941.417438304,child8,1794063,frame,42
17941.41844047,child10,1794063,frame,45
17941.432339342,child6,1794063,frame,10
17941.447721463,child3,1794063,frame,16
17941.451765337002,child7,1794063,frame,161
17941.456607377,child9,1794063,frame,18
17941.461283918,child2,1794063,frame,149
17941.490909911,child4,1794063,frame,142
17941.492211826997,child1,1794063,frame,125
17951.52322041,child5,1795073,frame,-68
17951.523477535,child8,1795073,frame,25
17951.525869950998,child10,1795073,frame,-74
17951.532350199,child6,1795073,frame,9
17951.554446694,child3,1795073,frame,-116
17951.555928027,child7,1795073,frame,-86
17951.566573733,child9,1795073,frame,-127
17951.566793774,child2,1795073,frame,-117
17951.593813101,child1,1795073,frame,-86
17951.597005767,child4,1795073,frame,10
17961.627405182997,child5,1796083,frame,130
17961.627474892,child8,1796083,frame,25
17961.632680349,child10,1796083,frame,1
17961.633470139997,child6,1796083,frame,17
17961.657930259,child3,1796083,frame,16
17961.658806467,child7,1796083,frame,38
17961.670660797,child9,1796083,frame,159
17961.673084463,child2,1796083,frame,166
17961.6955205,child1,1796083,frame,54
17961.701684248,child4,1796083,frame,9
17971.728499040997,child5,1797093,frame,37
17971.734978872002,child8,1797093,frame,27
17971.738557371,child10,1797093,frame,181
17971.740207663,child6,1797093,frame,6
17971.761329199002,child7,1797093,frame,20
17971.761709782,child3,1797093,frame,16
17971.777591528,child9,1797093,frame,4
17971.782015736,child2,1797093,frame,58
17971.797023565003,child1,1797093,frame,57
17971.809703979,child4,1797093,frame,47
17980.804844737002,child1,1798002,frame,-100
17980.818566482998,child4,1798002,frame,-80
17980.835917812,child5,1798002,frame,-114
17980.840069228,child8,1798002,frame,-108
17980.846044185,child6,1798002,frame,42
17980.847696433997,child10,1798002,frame,-123
17980.867732179002,child7,1798002,frame,45
17980.869757595,child3,1798002,frame,-69
17980.882182301,child9,1798002,frame,-85
17980.885355967,child2,1798002,frame,-87
17990.914220717,child1,1799012,frame,58
17990.922444673,child4,1799012,frame,48
17990.941235002,child5,1799012,frame,57
17990.944344001,child8,1799012,frame,134
17990.952858082,child10,1799012,frame,55
17990.955193165002,child6,1799012,frame,2
17990.976775701,child3,1799012,frame,152
17990.977465743003,child7,1799012,frame,-122
17990.985137783,child9,1799012,frame,0
17990.992349281,child2,1799012,frame,126
18001.020529365,child1,1800022,frame,-89
18001.024872529997,child4,1800022,frame,-67
18001.046856525,child5,1800022,frame,49
18001.048856649,child8,1800022,frame,27
18001.056155064,child10,1800022,frame,55
18001.06073973,child6,1800022,frame,21
18001.077037684,child3,1800022,frame,-114
18001.080855974,child7,1800022,frame,40
18001.091302221997,child9,1800022,frame,-91
18001.100683553,child2,1800022,frame,-78
18011.105058726003,child2,1801032,frame,53
18011.123933846,child1,1801032,frame,178
18011.130464345002,child4,1801032,frame,48
18011.149675048,child5,1801032,frame,-97
18011.15519063,child8,1801032,frame,-70
18011.162683169998,child10,1801032,frame,-85
18011.165506544003,child6,1801032,frame,11
18011.18261679,child3,1801032,frame,137
18011.184571248,child7,1801032,frame,20
18011.198055286,child9,1801032,frame,34
18021.207823582998,child2,1802042,frame,-86
18021.228713744,child1,1802042,frame,-230
18021.237678367,child4,1802042,frame,-84
18021.256558112,child5,1802042,frame,37
18021.259632445,child8,1802042,frame,0
18021.268937943,child6,1802042,frame,-69
18021.269087067998,child10,1802042,frame,-94
18021.287568020998,child7,1802042,frame,-101
18021.288965146003,child3,1802042,frame,-114
18021.303795642,child9,1802042,frame,-91
18031.30854494,child9,1803052,frame,174
18031.312826147998,child2,1803052,frame,-125
18031.334182601,child1,1803052,frame,123
18031.344573306003,child4,1803052,frame,19
18031.360388761,child5,1803052,frame,44
18031.365610759,child8,1803052,frame,21
18031.374013966,child6,1803052,frame,2
18031.378942506002,child10,1803052,frame,1
18031.393187293997,child7,1803052,frame,53
18031.396926585,child3,1803052,frame,152
18041.402999674,child3,1804062,frame,-67
18041.415422796,child9,1804062,frame,-1
18041.420367712,child2,1804062,frame,126
18041.437765416,child1,1804062,frame,36
18041.448635788,child4,1804062,frame,0
18041.467315908,child5,1804062,frame,-79
18041.471969448998,child8,1804062,frame,1
18041.477592822,child6,1804062,frame,127
18041.483973904,child10,1804062,frame,55
18041.498406067,child7,1804062,frame,146
18051.510286571996,child3,1805072,frame,3
18051.518394945,child9,1805072,frame,-92
18051.526953234,child2,1805072,frame,-80
18051.538489480998,child1,1805072,frame,-89
18051.555140018998,child4,1805072,frame,-1
18051.571709973,child5,1805072,frame,49
18051.576762430002,child8,1805072,frame,-107
18051.583777762,child6,1805072,frame,-201
18051.587827219,child10,1805072,frame,49
18051.602782882,child7,1805072,frame,-101
18061.605639055,child7,1806082,frame,145
18061.615728261,child3,1806082,frame,4
18061.62063876,child9,1806082,frame,176
18061.637342298,child2,1806082,frame,141
18061.641540005,child1,1806082,frame,55
18061.658629542002,child4,1806082,frame,7
18061.678808954,child5,1806082,frame,50
18061.683532078,child8,1806082,frame,142
18061.687251952,child6,1806082,frame,133
18061.695010242,child10,1806082,frame,0
18071.708619704,child7,1807092,frame,-101
18071.719744118,child3,1807092,frame,-70
18071.727281282998,child9,1807092,frame,-105
18071.742885737,child2,1807092,frame,52
18071.748654986,child1,1807092,frame,-88
18071.764721648,child4,1807092,frame,-1
18071.784160352,child5,1807092,frame,29
18071.789015308997,child6,1807092,frame,-109
18071.792923766,child8,1807092,frame,-77
18071.801351930997,child10,1807092,frame,49
18080.796101689,child8,1808001,frame,17
18080.806530436003,child10,1808001,frame,1
18080.815259226,child7,1808001,frame,-95
18080.822929515998,child3,1808001,frame,11
18080.830996764,child9,1808001,frame,35
18080.848900051,child2,1808001,frame,-92
18080.85369355,child1,1808001,frame,-2
18080.871531045002,child4,1808001,frame,57
18080.886226625,child5,1808001,frame,-84
18080.889452124,child6,1808001,frame,30
18090.897946713,child6,1809011,frame,29
18090.901442337,child8,1809011,frame,29
18090.910305126,child10,1809011,frame,-87
18090.919117874,child7,1809011,frame,20
18090.929466122,child3,1809011,frame,0
18090.940402534998,child9,1809011,frame,17
18090.953508281997,child2,1809011,frame,-80
18090.958476989003,child1,1809011,frame,47
18090.97731736,child4,1809011,frame,-72
18090.989129648,child5,1809011,frame,-1
18101.004692109997,child6,1810021,frame,10
18101.006242943,child8,1810021,frame,0
18101.015298399,child10,1810021,frame,58
18101.02395523,child7,1810021,frame,38
18101.034247186002,child3,1810021,frame,142
18101.045317558,child9,1810021,frame,18
18101.05772593,child2,1810021,frame,141
18101.061907804,child1,1810021,frame,125
18101.082769341,child4,1810021,frame,7
18101.093466546,child5,1810021,frame,33
18111.09766547,child5,1811031,frame,35
18111.1093053,child8,1811031,frame,19
18111.11571709,child6,1811031,frame,2
18111.120607839,child10,1811031,frame,40
18111.129121711998,child7,1811031,frame,128
18111.139014251003,child3,1811031,frame,30
18111.147623332003,child9,1811031,frame,3
18111.16401012,child2,1811031,frame,55
18111.167037161,child1,1811031,frame,-103
18111.191114613,child4,1811031,frame,0
18121.202443783997,child4,1812041,frame,-124
18121.205976117,child5,1812041,frame,-92
18121.210595824,child8,1812041,frame,0
18121.218745447,child6,1812041,frame,2
18121.225349319997,child10,1812041,frame,-92
18121.233378401997,child7,1812041,frame,-241
18121.246134148,child3,1812041,frame,-67
18121.253936355,child9,1812041,frame,18
18121.270559976,child1,1812041,frame,47
18121.27186385,child2,1812041,frame,-94
18131.307187931998,child4,1813051,frame,17
18131.311695390003,child5,1813051,frame,36
18131.316589388003,child8,1813051,frame,-123
18131.321842179,child6,1813051,frame,17
18131.333599426,child10,1813051,frame,48
18131.334592051,child7,1813051,frame,35
18131.350283213,child3,1813051,frame,58
18131.360086878,child9,1813051,frame,-2
18131.37617604,child1,1813051,frame,2
18131.376839332,child2,1813051,frame,55
18141.415693580002,child4,1814061,frame,18
18141.420425287,child5,1814061,frame,-88
18141.421949786,child8,1814061,frame,20
18141.425115786,child6,1814061,frame,-69
18141.438117031998,child7,1814061,frame,40
18141.439685282,child10,1814061,frame,-77
18141.454689487,child3,1814061,frame,-75
18141.466773067,child9,1814061,frame,2
18141.477969606,child1,1814061,frame,-89
18141.483104563,child2,1814061,frame,-106
18151.519788144,child4,1815071,frame,17
18151.524672477,child5,1815071,frame,132
18151.528078809002,child8,1815071,frame,142
18151.531968558,child6,1815071,frame,18
18151.541652472002,child7,1815071,frame,53
18151.549164554,child10,1815071,frame,55
18151.561271926003,child3,1815071,frame,58
18151.573256964002,child9,1815071,frame,17
18151.57745188,child1,1815071,frame,53
18151.588275877,child2,1815071,frame,126
18161.623302293,child4,1816081,frame,17
18161.625587876,child5,1816081,frame,42
18161.632738915,child8,1816081,frame,55
18161.637058831,child6,1816081,frame,146
18161.645476496,child7,1816081,frame,20
18161.656000826002,child10,1816081,frame,38
18161.669060865,child3,1816081,frame,42
18161.675316447,child9,1816081,frame,4
18161.682229695,child1,1816081,frame,36
18161.693901692,child2,1816081,frame,-70
18171.700384822998,child2,1817091,frame,52
18171.727936608,child4,1817091,frame,25
18171.730846274,child5,1817091,frame,27
18171.741843936998,child6,1817091,frame,-75
18171.743157937002,child8,1817091,frame,3
18171.749531727,child7,1817091,frame,24
18171.762152099,child10,1817091,frame,51
18171.775201888,child3,1817091,frame,-91
18171.779348803,child9,1817091,frame,2
18171.785684677,child1,1817091,frame,29
18180.789341766,child1,1818000,frame,36
18180.806323345,child2,1818000,frame,54
18180.833873671,child4,1818000,frame,4
18180.836004087,child5,1818000,frame,34
18180.844986001997,child6,1818000,frame,36
18180.845533377,child8,1818000,frame,-66
18180.856428291,child7,1818000,frame,13
18180.865920955,child10,1818000,frame,49
18180.879790743,child3,1818000,frame,40
18180.883944201,child9,1818000,frame,6
18190.889348957,child3,1819010,frame,-75
18190.889923372997,child1,1819010,frame,-88
18190.911788659,child2,1819010,frame,-86
18190.940486444,child4,1819010,frame,-108
18190.940971944,child5,1819010,frame,-105
18190.945053693,child6,1819010,frame,-69
18190.950713858,child8,1819010,frame,-69
18190.960787689,child7,1819010,frame,-101
18190.972038518998,child10,1819010,frame,-217
18190.985859766,child9,1819010,frame,-122
18200.993173896997,child3,1820020,frame,126
18200.99395248,child1,1820020,frame,-89
18200.995685271,child9,1820020,frame,143
18201.014532141002,child2,1820020,frame,-71
18201.042863301,child6,1820020,frame,2
18201.044563675,child5,1820020,frame,37
18201.046151508,child4,1820020,frame,33
18201.058811089002,child8,1820020,frame,144
18201.067269586998,child7,1820020,frame,-71
18201.077021042,child10,1820020,frame,1
18211.096797962,child3,1821030,frame,40
18211.099077794,child9,1821030,frame,2
18211.100708461003,child1,1821030,frame,178
18211.118480997997,child2,1821030,frame,55
18211.146861199,child5,1821030,frame,38
18211.148735199,child4,1821030,frame,18
18211.149848407,child6,1821030,frame,127
18211.165367486,child8,1821030,frame,48
18211.173198109,child7,1821030,frame,144
18211.18197169,child10,1821030,frame,55
18221.18803503,child10,1822040,frame,-70
18221.203560693,child3,1822040,frame,-85
18221.205277775,child9,1822040,frame,-80
18221.206609567,child1,1822040,frame,-220
18221.224993146,child2,1822040,frame,-87
18221.24691514,child5,1822040,frame,-107
18221.254531763,child6,1822040,frame,-202
18221.256227429,child4,1822040,frame,-108
18221.269584926,child8,1822040,frame,-209
18221.278776424,child7,1822040,frame,-103
18231.292449178,child10,1823050,frame,55
18231.307331341,child3,1823050,frame,-85
18231.308979424,child1,1823050,frame,172
18231.309937006998,child9,1823050,frame,11
18231.32953996,child2,1823050,frame,55
18231.349910039,child5,1823050,frame,18
18231.359611620002,child6,1823050,frame,128
18231.361998619002,child4,1823050,frame,33
18231.373784199,child8,1823050,frame,47
18231.384277279998,child7,1823050,frame,20
18241.390277369,child7,1824060,frame,39
18241.395662200997,child10,1824060,frame,38
18241.410445613998,child1,1824060,frame,-96
18241.410471489,child3,1824060,frame,56
18241.416173696,child9,1824060,frame,10
18241.434946525,child2,1824060,frame,-1
18241.456804478003,child5,1824060,frame,-96
18241.460399894,child6,1824060,frame,-77
18241.463589683997,child4,1824060,frame,-91
18241.477710056,child8,1824060,frame,55
18251.495828059,child7,1825070,frame,-88
18251.49631885,child10,1825070,frame,55
18251.511926847,child1,1825070,frame,47
18251.515676887,child3,1825070,frame,38
18251.521027886,child9,1825070,frame,11
18251.541413256,child2,1825070,frame,55
18251.561550626,child5,1825070,frame,44
18251.567478958,child6,1825070,frame,29
18251.568374958002,child4,1825070,frame,49
18251.581364788,child8,1825070,frame,11
18261.601722498,child10,1826080,frame,-69
18261.602461832,child7,1826080,frame,37
18261.614980912,child1,1826080,frame,2
18261.621108493997,child3,1826080,frame,42
18261.625476491998,child9,1826080,frame,9
18261.647101279003,child2,1826080,frame,38
18261.666399149002,child5,1826080,frame,-1
18261.667340399003,child6,1826080,frame,3
18261.679138812,child4,1826080,frame,49
18261.686787602,child8,1826080,frame,-69
18271.694490233,child8,1827090,frame,-69
18271.70521073,child7,1827090,frame,-72
18271.707373105,child10,1827090,frame,136
18271.719389185,child1,1827090,frame,-73
18271.726316640998,child3,1827090,frame,-83
18271.731633223,child9,1827090,frame,-69
18271.751639802,child2,1827090,frame,-2
18271.770061921998,child6,1827090,frame,-120
18271.772884546997,child5,1827090,frame,50
18271.782770752,child4,1827090,frame,-78
18281.791507758,child4,1828100,frame,48
18281.798080464003,child8,1828100,frame,136
18281.808557004002,child7,1828100,frame,36
18281.813507126997,child10,1828100,frame,-92
18281.822833667,child1,1828100,frame,54
18281.832840622,child3,1828100,frame,42
18281.835914537998,child9,1828100,frame,130
18281.858240573998,child2,1828100,frame,-73
18281.87502082,child5,1828100,frame,-90
18281.875443487,child6,1828100,frame,140
18290.882785617003,child6,1829009,frame,-90
18290.891032531,child4,1829009,frame,-94
18290.900905737002,child8,1829009,frame,-122
18290.913034193003,child7,1829009,frame,45
18290.916165483002,child10,1829009,frame,-68
18290.925461189003,child1,1829009,frame,-83
18290.93852752,child3,1829009,frame,-78
18290.940006393997,child9,1829009,frame,-100
18290.96349618,child2,1829009,frame,24
18290.978566551,child5,1829009,frame,-2
18300.981659557998,child5,1830019,frame,123
18300.984217599,child6,1830019,frame,25
18300.996924929,child4,1830019,frame,128
18301.006752343,child8,1830019,frame,142
18301.016373299,child7,1830019,frame,162
18301.021927381,child10,1830019,frame,55
18301.029763838,child1,1830019,frame,6
18301.03979871,child3,1830019,frame,129
18301.043679043,child9,1830019,frame,144
18301.067226619998,child2,1830019,frame,37
18311.08494804,child5,1831029,frame,-89
18311.085964789,child6,1831029,frame,1
18311.099858494,child4,1831029,frame,-84
18311.115037199,child8,1831029,frame,-66
18311.121939489,child7,1831029,frame,-101
18311.126584153997,child10,1831029,frame,23
18311.133116611,child1,1831029,frame,-80
18311.144916565998,child3,1831029,frame,-83
18311.149449315002,child9,1831029,frame,-89
18311.169648435,child2,1831029,frame,-85
18321.184450147,child6,1832039,frame,17
18321.190538603998,child5,1832039,frame,133
18321.204171893,child4,1832039,frame,58
18321.218508264003,child8,1832039,frame,55
18321.22590397,child7,1832039,frame,38
18321.229139136,child10,1832039,frame,42
18321.232284927,child1,1832039,frame,139
18321.249970089,child3,1832039,frame,42
18321.25634813,child9,1832039,frame,128
18321.276279415997,child2,1832039,frame,55
18331.282412339,child2,1833049,frame,47
18331.287940379003,child6,1833049,frame,9
18331.296820252002,child5,1833049,frame,-99
18331.309320165,child4,1833049,frame,-209
18331.325382536,child8,1833049,frame,-115
18331.329404285,child7,1833049,frame,-106
18331.331724743002,child1,1833049,frame,52
18331.333224535,child10,1833049,frame,-85
18331.353671863002,child3,1833049,frame,42
18331.364019819,child9,1833049,frame,-76
18341.388808112,child2,1834059,frame,-96
18341.396277693,child6,1834059,frame,-96
18341.399638442,child5,1834059,frame,42
18341.412360897,child4,1834059,frame,135
18341.430690309,child8,1834059,frame,10
18341.435768725,child7,1834059,frame,-85
18341.436453266,child10,1834059,frame,-69
18341.438120224,child1,1834059,frame,-197
18341.458384011,child3,1834059,frame,-85
18341.467477384,child9,1834059,frame,-68
18351.493867801,child2,1835069,frame,126
18351.501669008,child6,1835069,frame,276
18351.505112673,child5,1835069,frame,36
18351.517402004,child4,1835069,frame,4
18351.537430874003,child8,1835069,frame,125
18351.539762665,child10,1835069,frame,180
18351.542542747,child7,1835069,frame,160
18351.549311996,child1,1835069,frame,266
18351.562076868002,child3,1835069,frame,56
18351.570970032,child9,1835069,frame,129
18361.598200491,child2,1836079,frame,-78
18361.606028822,child5,1836079,frame,-89
18361.606362781,child6,1836079,frame,-210
18361.627718734,child4,1836079,frame,-113
18361.643203563002,child10,1836079,frame,-77
18361.643625646,child7,1836079,frame,-100
18361.644080688,child8,1836079,frame,-68
18361.652342728,child1,1836079,frame,-213
18361.666113265997,child3,1836079,frame,-85
18361.677818888,child9,1836079,frame,-105
18371.702951222,child2,1837089,frame,47
18371.708502888003,child6,1837089,frame,17
18371.712381137,child5,1837089,frame,54
18371.733140714998,child4,1837089,frame,16
18371.746085795,child7,1837089,frame,37
18371.746641045,child8,1837089,frame,1
18371.748189295,child10,1837089,frame,48
18371.755896001,child1,1837089,frame,133
18371.770610622,child3,1837089,frame,55
18371.77911262,child9,1837089,frame,128
18381.783189252,child9,1838099,frame,36
18381.809895287,child6,1838099,frame,6
18381.810031162,child2,1838099,frame,26
18381.814454661002,child5,1838099,frame,28
18381.838191196,child4,1838099,frame,5
18381.849873777,child8,1838099,frame,-77
18381.852484276,child7,1838099,frame,21
18381.856189317,child10,1838099,frame,-108
18381.857388775,child1,1838099,frame,48
18381.874443896,child3,1838099,frame,40
18390.882215275,child3,1839008,frame,-97
18390.887443441,child9,1839008,frame,5
18390.912483309,child2,1839008,frame,18
18390.913354017997,child6,1839008,frame,42
18390.917402558,child5,1839008,frame,-79
18390.940845511002,child4,1839008,frame,3
18390.958034298,child7,1839008,frame,58
18390.95850084,child8,1839008,frame,35
18390.960607089,child10,1839008,frame,3
18390.962589839,child1,1839008,frame,-80
18400.989842923,child9,1840018,frame,14
18400.990865922002,child3,1840018,frame,50
18401.018726666,child2,1840018,frame,156
18401.020038207,child5,1840018,frame,158
18401.020691539998,child6,1840018,frame,2
18401.048241617,child4,1840018,frame,17
18401.059507239,child7,1840018,frame,145
18401.064118613,child8,1840018,frame,0
18401.066830945,child10,1840018,frame,55
18401.070158194,child1,1840018,frame,39
18411.073407534,child1,1841028,frame,1
18411.096388112,child9,1841028,frame,-84
18411.097546402998,child3,1841028,frame,-75
18411.12411473,child2,1841028,frame,-234
18411.124709396998,child6,1841028,frame,-123
18411.127820521,child5,1841028,frame,-97
18411.150949432,child4,1841028,frame,-102
18411.160754345998,child7,1841028,frame,-101
18411.170018385,child10,1841028,frame,-70
18411.171316052,child8,1841028,frame,10
18421.171227893,child10,1842038,frame,56
18421.174403642,child1,1842038,frame,52
18421.177196891,child8,1842038,frame,12
18421.201569385,child3,1842038,frame,129
18421.204442468,child9,1842038,frame,167
18421.228302837,child6,1842038,frame,142
18421.229214295,child2,1842038,frame,154
18421.232860169002,child5,1842038,frame,28
18421.258442536997,child4,1842038,frame,141
18421.264084494,child7,1842038,frame,4
18431.275949916002,child10,1843048,frame,40
18431.279776498002,child8,1843048,frame,55
18431.285446038,child1,1843048,frame,-104
18431.304149241998,child3,1843048,frame,42
18431.311929990003,child9,1843048,frame,9
18431.328981111,child6,1843048,frame,-119
18431.336410734002,child2,1843048,frame,-109
18431.338002775,child5,1843048,frame,46
18431.362957477,child4,1843048,frame,16
18431.368834642002,child7,1843048,frame,8
18441.371412899,child4,1844058,frame,-109
18441.373144191002,child7,1844058,frame,-103
18441.376886398,child10,1844058,frame,-70
18441.381908854997,child8,1844058,frame,-106
18441.390552978002,child1,1844058,frame,-2
18441.411584264,child3,1844058,frame,-83
18441.415802805,child9,1844058,frame,-108
18441.427799677,child6,1844058,frame,32
18441.440302382,child2,1844058,frame,39
18441.442636673,child5,1844058,frame,-98
18451.47427134,child7,1845068,frame,4
18451.475479214,child4,1845068,frame,-107
18451.482631879,child10,1845068,frame,38
18451.482963837003,child8,1845068,frame,8
18451.494184085,child1,1845068,frame,36
18451.514712871,child3,1845068,frame,-208
18451.522101328,child9,1845068,frame,-2
18451.534837033,child6,1845068,frame,11
18451.547333071,child2,1845068,frame,-101
18451.547414321,child5,1845068,frame,25
18461.576720322002,child7,1846078,frame,24
18461.579853528998,child4,1846078,frame,36
18461.588333609998,child10,1846078,frame,-67
18461.591330401,child8,1846078,frame,9
18461.596891107998,child1,1846078,frame,-80
18461.621547144,child3,1846078,frame,260
18461.623117477,child9,1846078,frame,25
18461.639469306,child6,1846078,frame,8
18461.651038511,child2,1846078,frame,-104
18461.653356094,child5,1846078,frame,-97
18471.682164886002,child7,1847088,frame,4
18471.687402426,child4,1847088,frame,158
18471.695284090998,child8,1847088,frame,143
18471.695309591,child10,1847088,frame,55
18471.700252132,child1,1847088,frame,123
18471.729023749,child9,1847088,frame,26
18471.730937499,child3,1847088,frame,50
18471.746208287,child6,1847088,frame,11
18471.756809284,child2,1847088,frame,180
18471.759172159,child5,1847088,frame,170
18481.784764743,child7,1848098,frame,-100
18481.791803741,child4,1848098,frame,-109
18481.799612739,child8,1848098,frame,-76
18481.799945531,child10,1848098,frame,-75
18481.807146654,child1,1848098,frame,-88
18481.833462981,child9,1848098,frame,20
18481.834353606002,child3,1848098,frame,-94
18481.851658435,child6,1848098,frame,13
18481.8586111,child2,1848098,frame,-89
18481.868246514,child5,1848098,frame,-93
18490.865215688,child2,1849007,frame,-85
18490.870432228,child5,1849007,frame,53
18490.890151682,child7,1849007,frame,165
18490.89653443,child4,1849007,frame,12
18490.903898553,child8,1849007,frame,-122
18490.905014595,child10,1849007,frame,139
18490.909165635,child1,1849007,frame,58
18490.939044753,child3,1849007,frame,47
18490.940305628003,child9,1849007,frame,25
18490.952907666,child6,1849007,frame,-76
18500.969311961,child2,1850017,frame,37
18500.974087835,child5,1850017,frame,-100
18500.996060996,child7,1850017,frame,-100
18501.002409078,child4,1850017,frame,-107
18501.006895869003,child8,1850017,frame,27
18501.008795701,child1,1850017,frame,-79
18501.011397451,child10,1850017,frame,-84
18501.043262026,child3,1850017,frame,-93
18501.044141359,child9,1850017,frame,2
18501.059939564002,child6,1850017,frame,11
18511.07311036,child2,1851027,frame,133
18511.079218357998,child5,1851027,frame,41
18511.097731645,child7,1851027,frame,36
18511.103609352,child4,1851027,frame,51
18511.109847309002,child8,1851027,frame,8
18511.1100611,child1,1851027,frame,0
18511.119441306,child10,1851027,frame,55
18511.145654717,child3,1851027,frame,163
18511.153521256,child9,1851027,frame,-108
18511.162901254,child6,1851027,frame,24
18521.166692552,child6,1852037,frame,30
18521.1758693,child2,1852037,frame,-78
18521.179539049,child5,1852037,frame,45
18521.201190627,child7,1852037,frame,21
18521.2071875,child4,1852037,frame,49
18521.213554707,child1,1852037,frame,55
18521.222954163,child8,1852037,frame,17
18521.225368538,child10,1852037,frame,55
18521.253935114,child3,1852037,frame,-83
18521.257822903997,child9,1852037,frame,33
18531.270227867,child6,1853047,frame,9
18531.281547573,child2,1853047,frame,1
18531.285398030002,child5,1853047,frame,-97
18531.306733858,child7,1853047,frame,24
18531.312907898002,child4,1853047,frame,35
18531.318573397,child1,1853047,frame,-79
18531.328469311,child8,1853047,frame,20
18531.33071781,child10,1853047,frame,23
18531.357753345,child3,1853047,frame,167
18531.358333262,child9,1853047,frame,143
18541.371334183,child6,1854057,frame,-115
18541.386341512,child2,1854057,frame,37
18541.393595094,child5,1854057,frame,124
18541.414467589,child7,1854057,frame,4
18541.418216504,child4,1854057,frame,-106
18541.422184379,child1,1854057,frame,125
18541.432718001,child8,1854057,frame,126
18541.434918084,child10,1854057,frame,40
18541.459861118998,child3,1854057,frame,-69
18541.461599702,child9,1854057,frame,-82
18551.466997749998,child9,1855067,frame,10
18551.473274289998,child6,1855067,frame,150
18551.493287577,child2,1855067,frame,39
18551.500078283,child5,1855067,frame,-107
18551.520519862,child7,1855067,frame,-101
18551.522917944,child1,1855067,frame,-69
18551.523198610997,child4,1855067,frame,35
18551.532498817,child8,1855067,frame,-123
18551.540961481,child10,1855067,frame,-101
18551.564079976,child3,1855067,frame,26
18561.570252398,child3,1856077,frame,26
18561.572212023002,child9,1856077,frame,9
18561.575328314,child6,1856077,frame,10
18561.595045725,child2,1856077,frame,55
18561.602688682,child5,1856077,frame,-76
18561.625821883998,child7,1856077,frame,38
18561.626070176,child1,1856077,frame,-2
18561.628156926,child4,1856077,frame,49
18561.637577964997,child8,1856077,frame,143
18561.646824171,child10,1856077,frame,41
18571.675045463,child3,1857087,frame,-115
18571.676704046,child9,1857087,frame,9
18571.684383044,child6,1857087,frame,9
18571.698568124,child2,1857087,frame,-86
18571.706644955,child5,1857087,frame,178
18571.730467658,child7,1857087,frame,3
18571.731646657,child1,1857087,frame,-73
18571.732959740002,child4,1857087,frame,36
18571.743504654,child8,1857087,frame,-70
18571.755725193,child10,1857087,frame,24
18581.775626194998,child3,1858097,frame,-99
18581.779105403,child9,1858097,frame,-69
18581.795461191,child6,1858097,frame,-127
18581.804618105,child2,1858097,frame,36
18581.810352687,child5,1858097,frame,-88
18581.831616847998,child7,1858097,frame,39
18581.837118555,child1,1858097,frame,6
18581.839695138,child4,1858097,frame,31
18581.847945677,child8,1858097,frame,3
18581.861611966,child10,1858097,frame,-91
18590.864110096998,child10,1859006,frame,50
18590.877691427,child3,1859006,frame,152
18590.881086842997,child9,1859006,frame,170
18590.901550046,child6,1859006,frame,49
18590.909230418998,child2,1859006,frame,-72
18590.913896334,child5,1859006,frame,48
18590.937819245,child7,1859006,frame,12
18590.940270953,child1,1859006,frame,126
18590.944759410002,child4,1859006,frame,-2
18590.954325116,child8,1859006,frame,59
18600.960846497,child8,1860016,frame,-86
18600.968936744997,child10,1860016,frame,-111
18600.983296075003,child3,1860016,frame,-226
18600.986171698998,child9,1860016,frame,-78
18601.002872945,child6,1860016,frame,-116
18601.010570068003,child2,1860016,frame,55
18601.017885065998,child5,1860016,frame,-71
18601.041042351997,child1,1860016,frame,-205
18601.043743018003,child7,1860016,frame,-100
18601.050256975,child4,1860016,frame,-106
18611.063173354,child8,1861026,frame,2
18611.071350519,child10,1861026,frame,51
18611.089080097,child3,1861026,frame,165
18611.090512847,child9,1861026,frame,-68
18611.108178259,child6,1861026,frame,153
18611.1111703,child2,1861026,frame,39
18611.120488340002,child5,1861026,frame,49
18611.145455167,child1,1861026,frame,139
18611.147470708,child7,1861026,frame,144
18611.155222081,child4,1861026,frame,34
18621.158928629,child4,1862036,frame,-91
18621.164008836,child8,1862036,frame,-78
18621.175439417002,child10,1862036,frame,47
18621.195108454,child3,1862036,frame,-85
18621.197774494998,child9,1862036,frame,17
18621.213443907,child6,1862036,frame,-96
18621.215662157,child2,1862036,frame,-93
18621.225908321,child5,1862036,frame,-90
18621.254840772,child7,1862036,frame,-100
18621.256137938,child1,1862036,frame,52
18631.256603571,child7,1863046,frame,37
18631.26143107,child4,1863046,frame,33
18631.261880111,child1,1863046,frame,-127
18631.266027652,child8,1863046,frame,10
18631.281119273,child10,1863046,frame,-76
18631.299311477003,child3,1863046,frame,48
18631.300590601,child9,1863046,frame,-73
18631.316544972,child6,1863046,frame,11
18631.318144472,child2,1863046,frame,28
18631.332252802,child5,1863046,frame,59
18641.358619469,child7,1864056,frame,129
18641.364422635,child4,1864056,frame,161
18641.366279009,child1,1864056,frame,133
18641.373989257,child8,1864056,frame,12
18641.385589671,child10,1864056,frame,173
18641.401593625,child9,1864056,frame,142
18641.403312625,child3,1864056,frame,48
18641.417971120998,child6,1864056,frame,24
18641.423318537,child2,1864056,frame,171
18641.442068074,child5,1864056,frame,44
18651.463274450998,child7,1865066,frame,-117
18651.472571615,child1,1865066,frame,-70
18651.473088198,child4,1865066,frame,-233
18651.475378405998,child8,1865066,frame,-116
18651.491831485,child10,1865066,frame,-92
18651.504390566,child9,1865066,frame,-124
18651.506675065,child3,1865066,frame,-77
18651.523048561,child6,1865066,frame,-99
18651.52759681,child2,1865066,frame,-93
18651.551152637003,child5,1865066,frame,-79
18661.557041018,child5,1866076,frame,58
18661.567895640997,child7,1866076,frame,5
18661.573931639,child4,1866076,frame,50
18661.575979972,child1,1866076,frame,-71
18661.581660762,child8,1866076,frame,34
18661.593451384,child10,1866076,frame,-78
18661.609332922002,child9,1866076,frame,18
18661.60966988,child3,1866076,frame,30
18661.62211971,child6,1866076,frame,40
18661.63202325,child2,1866076,frame,32
18671.663142708,child5,1867086,frame,-84
18671.673520872002,child7,1867086,frame,-101
18671.678286454,child4,1867086,frame,50
18671.680754078,child1,1867086,frame,0
18671.685309411,child8,1867086,frame,17
18671.699409407,child10,1867086,frame,32
18671.712122279,child3,1867086,frame,34
18671.713471529,child9,1867086,frame,-73
18671.721619735,child6,1867086,frame,26
18671.734390023,child2,1867086,frame,-110
18681.76648144,child5,1868096,frame,58
18681.779347936,child7,1868096,frame,163
18681.780743144,child4,1868096,frame,-78
18681.782216143998,child1,1868096,frame,33
18681.788110475998,child8,1868096,frame,25
18681.801635056,child10,1868096,frame,-75
18681.815349386,child9,1868096,frame,37
18681.818325885,child3,1868096,frame,50
18681.824957008,child6,1868096,frame,46
18681.837448422,child2,1868096,frame,35
18690.871428503,child5,1869005,frame,55
18690.882348834002,child1,1869005,frame,41
18690.883014626,child4,1869005,frame,26
18690.885010125,child7,1869005,frame,-2
18690.891266374,child8,1869005,frame,166
18690.90404362,child10,1869005,frame,127
18690.919257532998,child3,1869005,frame,-106
18690.920082741,child9,1869005,frame,52
18690.925350365003,child6,1869005,frame,29
18690.942614694,child2,1869005,frame,136
18700.948161867,child2,1870015,frame,-101
18700.974049277,child5,1870015,frame,-81
18700.987125774,child1,1870015,frame,0
18700.988012732,child4,1870015,frame,49
18700.990843898,child7,1870015,frame,22
18700.991703939,child8,1870015,frame,-124
18701.009743268,child10,1870015,frame,-86
18701.022752057,child3,1870015,frame,-75
18701.028872388,child9,1870015,frame,17
18701.028960638003,child6,1870015,frame,26
18711.056148181,child2,1871025,frame,6
18711.07790955,child5,1871025,frame,0
18711.08497309,child1,1871025,frame,150
18711.092440422,child4,1871025,frame,36
18711.093486046,child7,1871025,frame,52
18711.093872463,child8,1871025,frame,134
18711.111145125,child10,1871025,frame,181
18711.127937245998,child3,1871025,frame,175
18711.133087662,child9,1871025,frame,142
18711.135916994,child6,1871025,frame,29
18721.158956163,child2,1872035,frame,-101
18721.183154865,child5,1872035,frame,-75
18721.186322655998,child1,1872035,frame,-214
18721.197829778,child7,1872035,frame,-125
18721.200483986002,child8,1872035,frame,-114
18721.202946901998,child4,1872035,frame,-92
18721.21646969,child10,1872035,frame,-226
18721.233017728002,child3,1872035,frame,-91
18721.236482852,child9,1872035,frame,-89
18721.2422636,child6,1872035,frame,10
18731.263838185998,child2,1873045,frame,55
18731.287264346996,child5,1873045,frame,2
18731.291823345,child1,1873045,frame,14
18731.29823176,child8,1873045,frame,8
18731.304171509,child7,1873045,frame,29
18731.304842842,child4,1873045,frame,3
18731.321412921,child10,1873045,frame,134
18731.336958251,child3,1873045,frame,-75
18731.342226375,child6,1873045,frame,-116
18731.342547458,child9,1873045,frame,18
18741.348183589,child9,1874055,frame,1
18741.367776876,child2,1874055,frame,39
18741.388354829,child5,1874055,frame,59
18741.398488285,child1,1874055,frame,131
18741.405090658,child8,1874055,frame,55
18741.406719824,child4,1874055,frame,60
18741.407694241,child7,1874055,frame,59
18741.428175152,child10,1874055,frame,31
18741.440056483,child3,1874055,frame,50
18741.448447272,child6,1874055,frame,135
18751.448699405,child3,1875065,frame,-77
18751.451970321,child6,1875065,frame,-68
18751.455939278,child9,1875065,frame,-124
18751.474412397998,child2,1875065,frame,-104
18751.495252685,child5,1875065,frame,-126
18751.502521016002,child1,1875065,frame,-80
18751.510429097998,child8,1875065,frame,-120
18751.512543763998,child7,1875065,frame,-119
18751.512751014,child4,1875065,frame,-85
18751.5337108,child10,1875065,frame,-91
18761.555599052,child6,1876075,frame,1
18761.558526885,child3,1876075,frame,126
18761.56320005,child9,1876075,frame,53
18761.578383588003,child2,1876075,frame,165
18761.599627625,child5,1876075,frame,22
18761.607480206003,child1,1876075,frame,-73
18761.616277579,child7,1876075,frame,51
18761.616665954,child8,1876075,frame,1
18761.620729578,child4,1876075,frame,56
18761.640173073,child10,1876075,frame,48
18771.660369617,child6,1877085,frame,-103
18771.663661449,child3,1877085,frame,-70
18771.668931697997,child9,1877085,frame,1
18771.681966487,child2,1877085,frame,-101
18771.705620230998,child5,1877085,frame,11
18771.712084229,child1,1877085,frame,125
18771.721043060003,child7,1877085,frame,17
18771.72327681,child8,1877085,frame,18
18771.726225642,child4,1877085,frame,-86
18771.743927388,child10,1877085,frame,-93
18781.754166851,child10,1878095,frame,-67
18781.764848223,child6,1878095,frame,-106
18781.769558056,child3,1878095,frame,55
18781.772006055002,child9,1878095,frame,6
18781.788095968,child2,1878095,frame,52
18781.808135254,child5,1878095,frame,19
18781.812882961,child1,1878095,frame,-71
18781.826542833,child8,1878095,frame,17
18781.829001291,child4,1878095,frame,-71
18781.829281249,child7,1878095,frame,14
18790.861245581,child10,1879004,frame,132
18790.865265539003,child6,1879004,frame,175
18790.875749036,child3,1879004,frame,-104
18790.879891618,child9,1879004,frame,-94
18790.892774198,child2,1879004,frame,-69
18790.910681777,child5,1879004,frame,19
18790.917371442003,child1,1879004,frame,1
18790.928124731,child8,1879004,frame,10
18790.933216605,child4,1879004,frame,44
18790.933652563,child7,1879004,frame,6
18800.940328277,child7,1880014,frame,-104
18800.965725063,child10,1880014,frame,-124
18800.969470812,child6,1880014,frame,-87
18800.982244267,child9,1880014,frame,33
18800.98341185,child3,1880014,frame,12
18800.997834137997,child2,1880014,frame,47
18801.016856092,child5,1880014,frame,13
18801.020868549,child1,1880014,frame,16
18801.03561667,child8,1880014,frame,35
18801.037625128,child4,1880014,frame,10
18811.044561634,child4,1881024,frame,1
18811.0473913,child7,1881024,frame,4
18811.070392669,child10,1881024,frame,56
18811.07443596,child6,1881024,frame,33
18811.088710373,child3,1881024,frame,3
18811.089472206,child9,1881024,frame,6
18811.101392078002,child2,1881024,frame,31
18811.120545531998,child5,1881024,frame,-120
18811.125148322,child1,1881024,frame,-71
18811.138737401998,child8,1881024,frame,-125
18821.145045616002,child8,1882034,frame,142
18821.148106199,child4,1882034,frame,1
18821.151697865003,child7,1882034,frame,24
18821.173876942,child10,1882034,frame,45
18821.179155733,child6,1882034,frame,-108
18821.194848104,child3,1882034,frame,-67
18821.19644702,child9,1882034,frame,25
18821.205774268,child2,1882034,frame,-94
18821.227671721,child5,1882034,frame,38
18821.230509095,child1,1882034,frame,0
18831.250624431,child8,1883044,frame,-99
18831.253386513,child4,1883044,frame,12
18831.258355929,child7,1883044,frame,137
18831.276542424002,child10,1883044,frame,1
18831.288277546,child6,1883044,frame,174
18831.303009793,child3,1883044,frame,137
18831.305056001,child9,1883044,frame,25
18831.310899332002,child2,1883044,frame,154
18831.333430827,child1,1883044,frame,141
18831.33429641,child5,1883044,frame,27
18841.357031704,child4,1884054,frame,-122
18841.35793937,child8,1884054,frame,-115
18841.364385492998,child7,1884054,frame,-125
18841.378201448002,child10,1884054,frame,-70
18841.389684445003,child6,1884054,frame,-100
18841.41099669,child3,1884054,frame,-75
18841.411541106998,child9,1884054,frame,10
18841.416302439,child2,1884054,frame,-109
18841.436498225,child1,1884054,frame,-241
18841.438982933,child5,1884054,frame,-115
18851.443612438998,child5,1885064,frame,155
18851.443670313998,child1,1885064,frame,139
18851.462104977,child8,1885064,frame,149
18851.464023518,child4,1885064,frame,27
18851.46823585,child7,1885064,frame,22
18851.484497596,child10,1885064,frame,9
18851.493121719,child6,1885064,frame,41
18851.515790921,child3,1885064,frame,11
18851.519665295,child9,1885064,frame,-66
18851.526162461003,child2,1885064,frame,47
18861.546246254,child5,1886074,frame,12
18861.549101337,child1,1886074,frame,14
18861.566337958,child4,1886074,frame,20
18861.569108957,child8,1886074,frame,-96
18861.576625747,child7,1886074,frame,3
18861.591029993,child10,1886074,frame,1
18861.598336075,child6,1886074,frame,28
18861.623618527,child3,1886074,frame,4
18861.625543151,child9,1886074,frame,26
18861.632780066,child2,1886074,frame,31
18871.650213652,child1,1887084,frame,6
18871.650272693998,child5,1887084,frame,31
18871.672588897,child8,1887084,frame,24
18871.673588270998,child4,1887084,frame,11
18871.68482256,child7,1887084,frame,-100
18871.698092682,child10,1887084,frame,-70
18871.704970013998,child6,1887084,frame,29
18871.725722925,child3,1887084,frame,10
18871.730265132,child9,1887084,frame,-100
18871.735789547998,child2,1887084,frame,-112
18881.740893677998,child2,1888094,frame,36
18881.753256717002,child1,1888094,frame,6
18881.758129216,child5,1888094,frame,-114
18881.779674752,child8,1888094,frame,43
18881.780293377,child4,1888094,frame,16
18881.791152082,child7,1888094,frame,146
18881.80306858,child10,1888094,frame,142
18881.807998787,child6,1888094,frame,28
18881.827963032,child3,1888094,frame,0
18881.83525303,child9,1888094,frame,28
18890.83331137,child3,1889003,frame,-2
18890.840687826,child9,1889003,frame,52
18890.844618576,child2,1889003,frame,11
18890.858079739002,child1,1889003,frame,10
18890.863136738,child5,1889003,frame,33
18890.884341024,child8,1889003,frame,-94
18890.88597644,child4,1889003,frame,-71
18890.89474298,child7,1889003,frame,-107
18890.908305393,child10,1889003,frame,-79
18890.911704100003,child6,1889003,frame,-76
18900.938705767,child3,1890013,frame,0
18900.94221935,child9,1890013,frame,6
18900.951204014,child2,1890013,frame,39
18900.962481762,child1,1890013,frame,60
18900.970257843,child5,1890013,frame,11
18900.990655171,child8,1890013,frame,24
18900.991255213,child4,1890013,frame,153
18900.999882336,child7,1890013,frame,128
18901.011637208,child10,1890013,frame,4
18901.013625124,child6,1890013,frame,24
18911.044031207,child3,1891023,frame,-69
18911.048328539,child9,1891023,frame,-100
18911.052329663,child2,1891023,frame,7
18911.065200785,child1,1891023,frame,-198
18911.074065616,child5,1891023,frame,-112
18911.093338444,child4,1891023,frame,-114
18911.097287277,child8,1891023,frame,-83
18911.106878983,child7,1891023,frame,-116
18911.114728939,child6,1891023,frame,11
18911.114952022002,child10,1891023,frame,9
18921.149434062,child3,1892033,frame,-1
18921.15233152,child9,1892033,frame,42
18921.155818602,child2,1892033,frame,39
18921.170693057,child1,1892033,frame,155
18921.174887348,child5,1892033,frame,153
18921.198580674998,child4,1892033,frame,152
18921.201678716,child8,1892033,frame,123
18921.212173172,child7,1892033,frame,37
18921.217977295,child6,1892033,frame,24
18921.223618627002,child10,1892033,frame,8
18931.251238919,child3,1893043,frame,11
18931.254314252,child9,1893043,frame,41
18931.261188542,child2,1893043,frame,-102
18931.275908246,child1,1893043,frame,-78
18931.280261745,child5,1893043,frame,-110
18931.303609698,child4,1893043,frame,-67
18931.308292988,child8,1893043,frame,-234
18931.314874945,child7,1893043,frame,5
18931.326076317,child6,1893043,frame,-114
18931.330160399,child10,1893043,frame,-124
18941.335110239,child10,1894053,frame,17
18941.356411317,child3,1894053,frame,137
18941.357361525,child9,1894053,frame,14
18941.36432094,child2,1894053,frame,38
18941.380570061,child1,1894053,frame,8
18941.384570893002,child5,1894053,frame,151
18941.409679803,child8,1894053,frame,269
18941.41036072,child4,1894053,frame,3
18941.42141305,child7,1894053,frame,24
18941.433550839,child6,1894053,frame,24
18951.440265178,child10,1895063,frame,17
18951.443053259998,child6,1895063,frame,151
18951.460946256,child3,1895063,frame,58
18951.461646880998,child9,1895063,frame,33
18951.470315295,child2,1895063,frame,39
18951.4836495,child1,1895063,frame,8
18951.489618165,child5,1895063,frame,12
18951.513832408997,child8,1895063,frame,25
18951.514419576,child4,1895063,frame,-122
18951.522701199,child7,1895063,frame,4
18961.544318700002,child6,1896073,frame,-221
18961.54729195,child10,1896073,frame,-71
18961.562288654,child3,1896073,frame,-75
18961.569554194,child9,1896073,frame,17
18961.576525734,child2,1896073,frame,-121
18961.581462025002,child1,1896073,frame,8
18961.595222229,child5,1896073,frame,-113
18961.616399933,child4,1896073,frame,20
18961.617094974,child8,1896073,frame,-101
18961.626839972,child7,1896073,frame,-117
18971.644214598997,child6,1897083,frame,41
18971.64893214,child10,1897083,frame,160
18971.66778726,child3,1897083,frame,-67
18971.67354555,child9,1897083,frame,18
18971.681738673,child2,1897083,frame,39
18971.684256298002,child1,1897083,frame,25
18971.698392627,child5,1897083,frame,13
18971.720612455,child8,1897083,frame,-2
18971.723913162998,child4,1897083,frame,19
18971.732483118998,child7,1897083,frame,38
18981.739320041,child7,1898093,frame,129
18981.750504663003,child6,1898093,frame,155
18981.753874787,child10,1898093,frame,10
18981.772191116,child3,1898093,frame,127
18981.777816365,child9,1898093,frame,20
18981.784925946,child2,1898093,frame,35
18981.794355152,child1,1898093,frame,6
18981.808345649,child5,1898093,frame,31
18981.825108645,child4,1898093,frame,8
18981.826099478,child8,1898093,frame,159
18990.828330024997,child8,1899002,frame,-101
18990.82848765,child4,1899002,frame,-1
18990.846500646,child7,1899002,frame,-94
18990.857606685,child10,1899002,frame,22
18990.879149096,child3,1899002,frame,-77
18990.88320897,child9,1899002,frame,-100
18990.893036092,child2,1899002,frame,-69
18990.896909925,child1,1899002,frame,-1
18990.913847712,child5,1899002,frame,19
18996.953602331003,root,1899614,peer,16
19000.931963215,child8,1900012,frame,33
19000.933023006,child4,1900012,frame,12
19000.951940126,child7,1900012,frame,3
19000.960018998998,child6,1900012,frame,-1
19000.964378332,child10,1900012,frame,9
19000.984871202,child9,1900012,frame,143
19000.985648867998,child3,1900012,frame,50
19000.994629907,child2,1900012,frame,172
19001.001564947,child1,1900012,frame,135
19001.021164692,child5,1900012,frame,58
19011.038767820002,child8,1901022,frame,26
19011.042909819,child4,1901022,frame,-98
19011.056537899,child7,1901022,frame,25
19011.06505523,child6,1901022,frame,-108
19011.070027896,child10,1901022,frame,8
19011.092114849,child9,1901022,frame,-124
19011.092525306998,child3,1901022,frame,-85
19011.100249305,child2,1901022,frame,-93
19011.106612803,child1,1901022,frame,-73
19011.122473216,child5,1901022,frame,-123
19021.131590929002,child5,1902032,frame,5
19021.141706342998,child8,1902032,frame,-70
19021.146781217,child4,1902032,frame,160
19021.162867545998,child7,1902032,frame,3
19021.166173294998,child6,1902032,frame,28
19021.176162668,child10,1902032,frame,-69
19021.198305496,child9,1902032,frame,17
19021.201627703,child3,1902032,frame,173
19021.208959743002,child2,1902032,frame,32
19021.210338701,child1,1902032,frame,53
19031.235285869,child5,1903042,frame,21
19031.246709032,child8,1903042,frame,-81
19031.249648532,child4,1903042,frame,-105
19031.264516778,child7,1903042,frame,-100
19031.265244361,child6,1903042,frame,17
19031.279073858,child10,1903042,frame,-80
19031.303594685,child9,1903042,frame,-2
19031.307984267,child3,1903042,frame,-85
19031.309987891997,child1,1903042,frame,-82
19031.312800849002,child2,1903042,frame,-94
19041.342095599,child5,1904052,frame,-86
19041.351892138002,child8,1904052,frame,41
19041.354427221002,child4,1904052,frame,144
19041.369455634,child7,1904052,frame,37
19041.369731259,child6,1904052,frame,14
19041.381235548,child10,1904052,frame,137
19041.412313122997,child9,1904052,frame,18
19041.412677623,child3,1904052,frame,-69
19041.415237789002,child2,1904052,frame,29
19041.415335664,child1,1904052,frame,53
19051.448612246,child5,1905062,frame,18
19051.453715203,child8,1905062,frame,42
19051.463194658998,child4,1905062,frame,-122
19051.469802283,child6,1905062,frame,48
19051.473230822998,child7,1905062,frame,4
19051.48532207,child10,1905062,frame,-76
19051.517905021,child3,1905062,frame,56
19051.518731562,child9,1905062,frame,17
19051.519719603,child1,1905062,frame,44
19051.52204752,child2,1905062,frame,157
19061.527642109,child2,1906072,frame,-109
19061.55462381,child5,1906072,frame,19
19061.557887851,child8,1906072,frame,143
19061.564581974,child4,1906072,frame,20
19061.574113889,child6,1906072,frame,-124
19061.577671679002,child7,1906072,frame,24
19061.58766201,child10,1906072,frame,8
19061.619738127,child1,1906072,frame,-86
19061.620007044,child3,1906072,frame,39
19061.622373293,child9,1906072,frame,-108
19071.627211881998,child3,1907082,frame,31
19071.627758632,child9,1907082,frame,33
19071.633503089,child2,1907082,frame,31
19071.661065916003,child5,1907082,frame,21
19071.665842248,child8,1907082,frame,-109
19071.668092956,child4,1907082,frame,19
19071.677178287,child6,1907082,frame,141
19071.680182286003,child7,1907082,frame,20
19071.691921783,child10,1907082,frame,9
19071.725009858,child1,1907082,frame,46
19081.728550573,child1,1908092,frame,-212
19081.731859572003,child9,1908092,frame,-124
19081.731939654997,child3,1908092,frame,-216
19081.736900029,child2,1908092,frame,0
19081.764594854998,child5,1908092,frame,-103
19081.773040645,child4,1908092,frame,-109
19081.773128311,child8,1908092,frame,-89
19081.781635726,child7,1908092,frame,-100
19081.782242433997,child6,1908092,frame,-109
19081.796598680998,child10,1908092,frame,-114
19090.830369804,child1,1909001,frame,269
19090.835814886,child9,1909001,frame,136
19090.837514468,child3,1909001,frame,124
19090.842377967,child2,1909001,frame,136
19090.865358753,child5,1909001,frame,173
19090.875185834,child8,1909001,frame,163
19090.877107292,child4,1909001,frame,130
19090.881705166,child6,1909001,frame,126
19090.884249248003,child7,1909001,frame,152
19090.899823245,child10,1909001,frame,160
19100.933336284997,child1,1910011,frame,-88
19100.937732076,child9,1910011,frame,26
19100.940723408,child3,1910011,frame,-83
19100.946472948,child2,1910011,frame,-242
19100.967752025997,child5,1910011,frame,-94
19100.980656482,child4,1910011,frame,-121
19100.982132398003,child8,1910011,frame,-109
19100.982924939,child6,1910011,frame,-124
19100.986739897002,child7,1910011,frame,-101
19101.00676085,child10,1910011,frame,-116
19111.037479266,child1,1911021,frame,55
19111.040815515,child9,1911021,frame,25
19111.048244555,child3,1911021,frame,136
19111.050118596,child2,1911021,frame,164
19111.071774966,child5,1911021,frame,151
19111.083100838,child4,1911021,frame,35
19111.085247962,child8,1911021,frame,43
19111.086888337002,child6,1911021,frame,18
19111.090813211,child7,1911021,frame,38
19111.109633831,child10,1911021,frame,124
19121.116500503,child10,1912031,frame,-69
19121.141626205,child1,1912031,frame,-87
19121.145642829,child9,1912031,frame,131
19121.152519369,child3,1912031,frame,-75
19121.155337619,child2,1912031,frame,-72
19121.176546613002,child5,1912031,frame,-114
19121.188219694,child4,1912031,frame,144
19121.190583652,child8,1912031,frame,8
19121.193589068,child6,1912031,frame,16
19121.196356275,child7,1912031,frame,128
19131.222203734,child10,1913041,frame,17
19131.247093436,child1,1913041,frame,10
19131.248945394,child9,1913041,frame,9
19131.255954726,child3,1913041,frame,50
19131.261991974,child2,1913041,frame,16
19131.283376719002,child5,1913041,frame,13
19131.293023258,child4,1913041,frame,-88
19131.295401299,child8,1913041,frame,10
19131.298671507,child6,1913041,frame,18
19131.300645631,child7,1913041,frame,-116
19141.330109131002,child10,1914051,frame,8
19141.346399169,child1,1914051,frame,123
19141.351964,child9,1914051,frame,-116
19141.363269373,child3,1914051,frame,-75
19141.373632578,child2,1914051,frame,31
19141.388846533002,child5,1914051,frame,13
19141.397276489002,child4,1914051,frame,-108
19141.400477155,child8,1914051,frame,-97
19141.402102196,child6,1914051,frame,-88
19141.405965445,child7,1914051,frame,-121
19151.437010736,child10,1915061,frame,9
19151.4488584,child1,1915061,frame,-213
19151.458775064,child9,1915061,frame,10
19151.466798979,child3,1915061,frame,4
19151.479130434,child2,1915061,frame,-109
19151.492009306,child5,1915061,frame,30
19151.50060722,child6,1915061,frame,17
19151.506167886,child8,1915061,frame,41
19151.506526052,child4,1915061,frame,34
19151.514691633998,child7,1915061,frame,40
19161.520322473,child7,1916071,frame,-88
19161.541580551,child10,1916071,frame,9
19161.553327548,child1,1916071,frame,130
19161.563930795,child9,1916071,frame,9
19161.572666335003,child3,1916071,frame,8
19161.582625831998,child2,1916071,frame,138
19161.596473829002,child5,1916071,frame,-114
19161.603485827,child6,1916071,frame,-92
19161.609097075998,child8,1916071,frame,42
19161.614666449,child4,1916071,frame,33
19171.623711954002,child4,1917081,frame,17
19171.625773787,child7,1917081,frame,20
19171.646579365,child10,1917081,frame,-70
19171.660355778,child1,1917081,frame,28
19171.669014734,child9,1917081,frame,161
19171.678253607002,child3,1917081,frame,47
19171.686869146997,child2,1917081,frame,16
19171.702050226,child5,1917081,frame,136
19171.711731724,child6,1917081,frame,158
19171.714687098,child8,1917081,frame,9
19181.717421688,child8,1918091,frame,-101
19181.721193103,child6,1918091,frame,-95
19181.729992893,child4,1918091,frame,-95
19181.730192267998,child7,1918091,frame,53
19181.751328846,child10,1918091,frame,125
19181.766086633997,child1,1918091,frame,-71
19181.772568299,child9,1918091,frame,-206
19181.78070838,child3,1918091,frame,-70
19181.791306253002,child2,1918091,frame,-97
19181.810094581,child5,1918091,frame,-113
19190.815550545,child5,1919000,frame,20
19190.822655251,child8,1919000,frame,174
19190.825461875,child6,1919000,frame,1
19190.830474082002,child4,1919000,frame,4
19190.83278179,child7,1919000,frame,27
19190.854568493,child10,1919000,frame,3
19190.870699197003,child1,1919000,frame,57
19190.873932822,child9,1919000,frame,156
19190.884160861002,child3,1919000,frame,36
19190.899602357,child2,1919000,frame,53
19200.919782192,child5,1920010,frame,29
19200.930257106,child6,1920010,frame,33
19200.932415231,child8,1920010,frame,-116
19200.933657605,child4,1920010,frame,32
19200.937346438,child7,1920010,frame,39
19200.95678035,child10,1920010,frame,1
19200.975652387002,child1,1920010,frame,-72
19200.977874719003,child9,1920010,frame,-78
19200.9878533,child3,1920010,frame,-122
19201.004409295998,child2,1920010,frame,-120
19211.027301922,child5,1921020,frame,-95
19211.033776296,child6,1921020,frame,-217
19211.038109836,child8,1921020,frame,25
19211.038987711003,child4,1921020,frame,-77
19211.043361793,child7,1921020,frame,-71
19211.064702038002,child10,1921020,frame,-70
19211.079264075997,child1,1921020,frame,52
19211.082196784002,child9,1921020,frame,-72
19211.096563114,child3,1921020,frame,12
19211.105727903,child2,1921020,frame,156
19221.109718951,child2,1922030,frame,-109
19221.130559445002,child5,1922030,frame,-98
19221.138761443,child6,1922030,frame,253
19221.143161442,child4,1922030,frame,52
19221.146308442,child8,1922030,frame,-82
19221.147823233,child7,1922030,frame,35
19221.171152935,child10,1922030,frame,1
19221.184047474002,child1,1922030,frame,-78
19221.190297347002,child9,1922030,frame,17
19221.201262136,child3,1922030,frame,18
19231.217193514,child2,1923040,frame,31
19231.235029426,child5,1923040,frame,168
19231.243508341,child6,1923040,frame,-81
19231.248707048,child7,1923040,frame,38
19231.249799548,child4,1923040,frame,35
19231.255700380003,child8,1923040,frame,149
19231.272550584,child10,1923040,frame,0
19231.285435456,child1,1923040,frame,7
19231.293947578,child9,1923040,frame,127
19231.305543201,child3,1923040,frame,12
19241.309503123,child3,1924050,frame,11
19241.325728328,child2,1924050,frame,-2
19241.342131699,child5,1924050,frame,29
19241.349004905,child6,1924050,frame,166
19241.354601445,child7,1924050,frame,144
19241.358334819,child4,1924050,frame,35
19241.360632277,child8,1924050,frame,9
19241.377248898,child10,1924050,frame,126
19241.388781562,child1,1924050,frame,46
19241.397792642998,child9,1924050,frame,47
19251.414834562,child3,1925060,frame,12
19251.430155475,child2,1925060,frame,31
19251.449899553998,child5,1925060,frame,12
19251.453687344,child6,1925060,frame,-116
19251.461262634002,child7,1925060,frame,-116
19251.464261133002,child4,1925060,frame,-89
19251.464520425,child8,1925060,frame,28
19251.482679837,child10,1925060,frame,31
19251.49099396,child1,1925060,frame,-70
19251.504440582,child9,1925060,frame,-84
19261.520312585,child3,1926070,frame,18
19261.531616165,child2,1926070,frame,31
19261.553124535003,child6,1926070,frame,41
19261.555067493,child5,1926070,frame,-78
19261.566440698003,child7,1926070,frame,-104
19261.569544906,child4,1926070,frame,50
19261.569860823,child8,1926070,frame,-116
19261.587505943,child10,1926070,frame,-91
19261.597024441002,child1,1926070,frame,26
19261.607303938003,child9,1926070,frame,-73
19271.610566903,child9,1927080,frame,56
19271.626230315997,child3,1927080,frame,11
19271.635294105,child2,1927080,frame,-109
19271.652740767,child6,1927080,frame,-100
19271.661631889998,child5,1927080,frame,27
19271.670716429,child8,1927080,frame,26
19271.672936637,child7,1927080,frame,20
19271.678605843998,child4,1927080,frame,-90
19271.691173924,child10,1927080,frame,-69
19271.701472755,child1,1927080,frame,-127
19281.716171383,child9,1928090,frame,-119
19281.729775755,child3,1928090,frame,-110
19281.73856842,child2,1928090,frame,-89
19281.754915374,child6,1928090,frame,-88
19281.762389664003,child5,1928090,frame,-98
19281.777138285,child7,1928090,frame,38
19281.778271743,child8,1928090,frame,-99
19281.781635909,child4,1928090,frame,-77
19281.797446362998,child10,1928090,frame,2
19281.800539028998,child1,1928090,frame,22
19291.818497573,child9,1929100,frame,137
19291.834997818998,child3,1929100,frame,142
19291.843380275,child2,1929100,frame,16
19291.859351355,child6,1929100,frame,52
19291.867922269,child5,1929100,frame,167
19291.881195516,child8,1929100,frame,24
19291.882371016,child7,1929100,frame,-104
19291.88664314,child4,1929100,frame,125
19291.901409344,child10,1929100,frame,3
19291.90564126,child1,1929100,frame,13
19300.904681267002,child10,1930009,frame,133
19300.910830223,child1,1930009,frame,24
19300.922871054,child9,1930009,frame,-66
19300.940877758,child3,1930009,frame,-2
19300.947938297,child2,1930009,frame,149
19300.959730419,child6,1930009,frame,57
19300.97141075,child5,1930009,frame,-104
19300.984082247,child7,1930009,frame,46
19300.987937454,child8,1930009,frame,49
19300.993161286002,child4,1930009,frame,13
19311.00658529,child10,1931019,frame,40
19311.016570579,child1,1931019,frame,139
19311.030837992002,child9,1931019,frame,57
19311.046355947,child3,1931019,frame,0
19311.052459528,child2,1931019,frame,24
19311.067414066,child6,1931019,frame,41
19311.077203397,child5,1931019,frame,138
19311.083876771,child7,1931019,frame,20
19311.093731601,child8,1931019,frame,9
19311.09883585,child4,1931019,frame,43
19321.102654648,child4,1932029,frame,44
19321.112019770997,child10,1932029,frame,-93
19321.120626893,child1,1932029,frame,-2
19321.135109557,child9,1932029,frame,-124
19321.149687636,child3,1932029,frame,45
19321.157859843002,child2,1932029,frame,7
19321.174152713,child6,1932029,frame,45
19321.184337503,child5,1932029,frame,-95
19321.191607626,child7,1932029,frame,39
19321.198195581997,child8,1932029,frame,24
19331.203026297,child8,1933039,frame,-82
19331.206406171,child4,1933039,frame,43
19331.217711585,child10,1933039,frame,38
19331.218470418,child1,1933039,frame,6
19331.239773246,child9,1933039,frame,150
19331.256757117,child3,1933039,frame,-67
19331.263374615,child2,1933039,frame,-101
19331.277343736,child6,1933039,frame,42
19331.287881567,child5,1933039,frame,27
19331.296615107,child7,1933039,frame,54
19341.300572113,child7,1934049,frame,19
19341.306953653002,child8,1934049,frame,164
19341.31342386,child4,1934049,frame,27
19341.321344358003,child1,1934049,frame,-2
19341.32337394,child10,1934049,frame,55
19341.345961518,child9,1934049,frame,2
19341.360106431,child3,1934049,frame,129
19341.368536887003,child2,1934049,frame,163
19341.380644218003,child6,1934049,frame,24
19341.391630507,child5,1934049,frame,27
19351.404495011,child7,1935059,frame,-100
19351.414704383,child8,1935059,frame,-115
19351.418313882,child4,1935059,frame,-97
19351.428759713002,child10,1935059,frame,-84
19351.430341754,child1,1935059,frame,0
19351.450974999,child9,1935059,frame,-89
19351.465641036997,child3,1935059,frame,-75
19351.476461118,child2,1935059,frame,-101
19351.485324282003,child6,1935059,frame,-99
19351.493829363,child5,1935059,frame,12
19361.511723491,child7,1936069,frame,145
19361.521475696998,child8,1936069,frame,44
19361.525122779,child4,1936069,frame,27
19361.533461819,child1,1936069,frame,45
19361.533942527,child10,1936069,frame,39
19361.558107396,child9,1936069,frame,9
19361.568433017997,child3,1936069,frame,58
19361.583972931003,child2,1936069,frame,149
19361.590805179,child6,1936069,frame,149
19361.598257677997,child5,1936069,frame,14
19371.602001683998,child5,1937079,frame,-66
19371.61822018,child7,1937079,frame,-100
19371.624599761002,child8,1937079,frame,9
19371.630082218,child4,1937079,frame,-114
19371.6377318,child10,1937079,frame,-92
19371.640204383002,child1,1937079,frame,-85
19371.665128001,child9,1937079,frame,-69
19371.670339333003,child3,1937079,frame,-91
19371.687555911998,child2,1937079,frame,-87
19371.695869952,child6,1937079,frame,-193
19381.707035956,child5,1938089,frame,-87
19381.721435786003,child7,1938089,frame,-105
19381.730252576002,child8,1938089,frame,26
19381.737895574,child4,1938089,frame,36
19381.742045864,child10,1938089,frame,40
19381.743311446997,child1,1938089,frame,-79
19381.769603232002,child9,1938089,frame,17
19381.774378106,child3,1938089,frame,-67
19381.794065768,child2,1938089,frame,-126
19381.798685933,child6,1938089,frame,17
19391.810414104,child5,1939099,frame,145
19391.82214706,child7,1939099,frame,22
19391.83578639,child8,1939099,frame,10
19391.846516429,child4,1939099,frame,-94
19391.850362803,child10,1939099,frame,-75
19391.850470636,child1,1939099,frame,56
19391.874827338,child9,1939099,frame,11
19391.878832337,child3,1939099,frame,127
19391.898199374,child6,1939099,frame,39
19391.901368415,child2,1939099,frame,28
19400.902279463,child6,1940008,frame,37
19400.906291378,child2,1940008,frame,49
19400.920067208,child5,1940008,frame,25
19400.926565332,child7,1940008,frame,168
19400.938968662,child8,1940008,frame,17
19400.952048492,child4,1940008,frame,144
19400.953533825,child1,1940008,frame,5
19400.954858491,child10,1940008,frame,60
19400.981871235002,child9,1940008,frame,25
19400.981987526,child3,1940008,frame,-77
19411.007393194002,child6,1941018,frame,-87
19411.013556650003,child2,1941018,frame,24
19411.025572856,child5,1941018,frame,6
19411.032664479,child7,1941018,frame,-120
19411.044473267997,child8,1941018,frame,-99
19411.056506515,child4,1941018,frame,-90
19411.057938723003,child1,1941018,frame,0
19411.061630763,child10,1941018,frame,-76
19411.087404882,child3,1941018,frame,125
19411.08974559,child9,1941018,frame,2
19421.095704304,child3,1942028,frame,-85
19421.098903636,child9,1942028,frame,17
19421.11135155,child6,1942028,frame,32
19421.119457839002,child2,1942028,frame,-117
19421.127398712,child5,1942028,frame,4
19421.137739168,child7,1942028,frame,39
19421.154608247,child8,1942028,frame,9
19421.158656205,child1,1942028,frame,-108
19421.160775621,child4,1942028,frame,-74
19421.169266244,child10,1942028,frame,1
19431.199412035,child9,1943038,frame,-108
19431.199519784997,child3,1943038,frame,1
19431.217434364,child6,1943038,frame,34
19431.226175611002,child2,1943038,frame,164
19431.232175527,child5,1943038,frame,148
19431.246680523,child7,1943038,frame,20
19431.259222145,child8,1943038,frame,25
19431.26523356,child4,1943038,frame,130
19431.268547518,child1,1943038,frame,139
19431.275426391003,child10,1943038,frame,9
19441.308458931,child9,1944048,frame,6
19441.308947265,child3,1944048,frame,-69
19441.32050072,child6,1944048,frame,16
19441.333948883002,child2,1944048,frame,-117
19441.337009799,child5,1944048,frame,-76
19441.356995503,child7,1944048,frame,-101
19441.363905418002,child8,1944048,frame,-98
19441.371722665997,child4,1944048,frame,-82
19441.374669581997,child10,1944048,frame,1
19441.37538679,child1,1944048,frame,-127
19451.411364538,child9,1945058,frame,-100
19451.412329413,child3,1945058,frame,133
19451.423627535,child6,1945058,frame,34
19451.441218947002,child2,1945058,frame,-104
19451.444936571,child5,1945058,frame,58
19451.462971524998,child7,1945058,frame,179
19451.473796981,child8,1945058,frame,24
19451.474985688998,child4,1945058,frame,-66
19451.482350145,child1,1945058,frame,22
19451.483958852998,child10,1945058,frame,8
19461.519886392998,child9,1946068,frame,159
19461.521821559,child3,1946068,frame,47
19461.527090516,child6,1946068,frame,8
19461.547522053,child2,1946068,frame,172
19461.553723467998,child5,1946068,frame,41
19461.568701464003,child7,1946068,frame,3
19461.580347669,child4,1946068,frame,60
19461.581815002002,child8,1946068,frame,150
19461.587102043,child1,1946068,frame,139
19461.588405751,child10,1946068,frame,126
19471.594661673,child10,1947078,frame,-87
19471.622334833,child9,1947078,frame,17
19471.62720054,child3,1947078,frame,-110
19471.632789872,child6,1947078,frame,-114
19471.656176824,child2,1947078,frame,-109
19471.659314573,child5,1947078,frame,-105
19471.675581361,child7,1947078,frame,-116
19471.684752983998,child4,1947078,frame,-66
19471.690210024,child1,1947078,frame,-73
19471.691317982,child8,1947078,frame,-222
19481.696301196,child8,1948088,frame,167
19481.697460863,child1,1948088,frame,5
19481.699216196,child10,1948088,frame,-67
19481.727257272003,child9,1948088,frame,-108
19481.732700436998,child3,1948088,frame,58
19481.737453894002,child6,1948088,frame,44
19481.759020722002,child2,1948088,frame,31
19481.767955262003,child5,1948088,frame,45
19481.781563258,child7,1948088,frame,3
19481.790965798,child4,1948088,frame,-66
19491.800472886,child8,1949098,frame,-84
19491.800832927,child1,1949098,frame,-119
19491.801903969,child4,1949098,frame,24
19491.806812384,child10,1949098,frame,11
19491.833792335998,child9,1949098,frame,17
19491.840338417,child3,1949098,frame,-83
19491.841486584,child6,1949098,frame,-98
19491.865338578,child2,1949098,frame,-109
19491.877785741002,child5,1949098,frame,-71
19491.883794448,child7,1949098,frame,-84
19500.884650913,child5,1950007,frame,53
19500.890444495,child7,1950007,frame,26
19500.903335116,child1,1950007,frame,24
19500.905485033003,child8,1950007,frame,31
19500.91061349,child4,1950007,frame,48
19500.912887531,child10,1950007,frame,15
19500.936281233,child9,1950007,frame,59
19500.940528065,child3,1950007,frame,124
19500.943569523,child6,1950007,frame,125
19500.966563601,child2,1950007,frame,150
19510.99020731,child5,1951017,frame,34
19510.994150601,child7,1951017,frame,165
19511.004114806998,child1,1951017,frame,133
19511.012410096002,child8,1951017,frame,26
19511.016428054,child10,1951017,frame,126
19511.018506386,child4,1951017,frame,3
19511.042641422,child9,1951017,frame,33
19511.046024505,child6,1951017,frame,-107
19511.047945962,child3,1951017,frame,42
19511.073607039,child2,1951017,frame,24
19521.097280332,child5,1952027,frame,44
19521.100856915,child7,1952027,frame,-104
19521.111116787,child1,1952027,frame,-117
19521.122013034,child4,1952027,frame,20
19521.123418034,child10,1952027,frame,-202
19521.124699367003,child8,1952027,frame,24
19521.145114237,child6,1952027,frame,32
19521.145930945,child9,1952027,frame,18
19521.15108811,child3,1952027,frame,-91
19521.178500104,child2,1952027,frame,-86
19531.186627359,child2,1953037,frame,146
19531.202465355,child5,1953037,frame,28
19531.207133228,child7,1953037,frame,4
19531.21320881,child1,1953037,frame,133
19531.224598557,child10,1953037,frame,258
19531.226678474002,child4,1953037,frame,29
19531.228313223,child8,1953037,frame,29
19531.249897968002,child9,1953037,frame,59
19531.250618134,child6,1953037,frame,34
19531.252266717,child3,1953037,frame,34
19541.293315880997,child2,1954047,frame,-117
19541.309268959998,child5,1954047,frame,-96
19541.312259293,child7,1954047,frame,39
19541.324889913998,child1,1954047,frame,-70
19541.331887329,child10,1954047,frame,-226
19541.333121954,child8,1954047,frame,8
19541.33564437,child4,1954047,frame,-247
19541.355196615,child9,1954047,frame,57
19541.357311198,child6,1954047,frame,-93
19541.358328947998,child3,1954047,frame,42
19551.394655446,child2,1955057,frame,39
19551.411606942,child5,1955057,frame,124
19551.415808191003,child7,1955057,frame,21
19551.431132895,child1,1955057,frame,15
19551.432895936003,child10,1955057,frame,18
19551.436973144,child8,1955057,frame,43
19551.438790518,child4,1955057,frame,291
19551.462557012,child9,1955057,frame,1
19551.463332387,child6,1955057,frame,175
19551.465928595,child3,1955057,frame,42
19561.500757093003,child2,1956067,frame,-101
19561.519045922,child5,1956067,frame,-107
19561.524309836997,child7,1956067,frame,-102
19561.538208209,child1,1956067,frame,-99
19561.538345292,child10,1956067,frame,9
19561.542429291,child8,1956067,frame,-69
19561.544120499,child4,1956067,frame,-123
19561.564475452,child9,1956067,frame,-249
19561.567104702,child6,1956067,frame,-109
19561.571216701002,child3,1956067,frame,-226
19571.603546283,child2,1957077,frame,21
19571.624348528003,child5,1957077,frame,34
19571.628708277,child7,1957077,frame,38
19571.641652982,child1,1957077,frame,22
19571.643344981,child10,1957077,frame,1
19571.648599438002,child4,1957077,frame,10
19571.649847105,child8,1957077,frame,16
19571.666105767,child9,1957077,frame,143
19571.668179683,child6,1957077,frame,54
19571.679819764,child3,1957077,frame,55
19581.707498764,child2,1958087,frame,24
19581.728316134,child5,1958087,frame,21
19581.735802049,child7,1958087,frame,4
19581.74526913,child1,1958087,frame,6
19581.747422711996,child10,1958087,frame,1
19581.751739836,child4,1958087,frame,-115
19581.75537496,child8,1958087,frame,21
19581.771039165,child9,1958087,frame,-82
19581.773252081,child6,1958087,frame,-108
19581.784620745,child3,1958087,frame,40
19591.788386626,child3,1959097,frame,-78
19591.810532245,child2,1959097,frame,36
19591.839360447,child5,1959097,frame,21
19591.842477404,child7,1959097,frame,-102
19591.850516235,child1,1959097,frame,6
19591.854407026,child4,1959097,frame,29
19591.854493901,child10,1959097,frame,2
19591.861616358,child8,1959097,frame,1
19591.874107271,child9,1959097,frame,13
19591.876647271,child6,1959097,frame,45
19600.879653776003,child9,1960006,frame,38
19600.880023609003,child6,1960006,frame,0
19600.893817689,child3,1960006,frame,43
19600.913353558997,child2,1960006,frame,11
19600.945428592997,child5,1960006,frame,-74
19600.950604008,child1,1960006,frame,23
19600.952912633,child7,1960006,frame,40
19600.959591548,child10,1960006,frame,29
19600.959693631,child4,1960006,frame,60
19600.966071838,child8,1960006,frame,-115
19610.985054340003,child6,1961016,frame,-91
19610.985934131997,child9,1961016,frame,9
19610.996688503998,child3,1961016,frame,-75
19611.017550624,child2,1961016,frame,7
19611.048517991,child1,1961016,frame,6
19611.05198874,child5,1961016,frame,35
19611.056028656,child7,1961016,frame,39
19611.065178904002,child4,1961016,frame,-99
19611.068262028002,child10,1961016,frame,-70
19611.074727318,child8,1961016,frame,35
19621.079119116002,child8,1962026,frame,16
19621.088346696997,child6,1962026,frame,173
19621.090753738,child9,1962026,frame,-2
19621.10213236,child3,1962026,frame,128
19621.123333896,child2,1962026,frame,39
19621.157705929,child1,1962026,frame,22
19621.159221846,child5,1962026,frame,33
19621.163429595003,child7,1962026,frame,20
19621.169511676,child4,1962026,frame,169
19621.172481217,child10,1962026,frame,16
19631.178452931003,child10,1963036,frame,8
19631.184946388,child8,1963036,frame,18
19631.189999303,child6,1963036,frame,-107
19631.195236134998,child9,1963036,frame,25
19631.20829709,child3,1963036,frame,-67
19631.226389127998,child2,1963036,frame,23
19631.264607993,child5,1963036,frame,-107
19631.265274993,child1,1963036,frame,14
19631.271315866,child7,1963036,frame,-85
19631.27516874,child4,1963036,frame,-191
19641.279302538,child4,1964046,frame,177
19641.281411996,child10,1964046,frame,9
19641.288800244,child8,1964046,frame,36
19641.297165825,child6,1964046,frame,48
19641.302773907,child9,1964046,frame,25
19641.31211078,child3,1964046,frame,137
19641.331272942,child2,1964046,frame,-103
19641.367431099003,child1,1964046,frame,14
19641.368946557,child5,1964046,frame,45
19641.375528264,child7,1964046,frame,178
19651.381942853,child7,1965056,frame,4
19651.388113268,child4,1965056,frame,-105
19651.389678059,child10,1965056,frame,9
19651.393028558003,child8,1965056,frame,134
19651.401849681002,child6,1965056,frame,34
19651.408880804,child9,1965056,frame,57
19651.414911303,child3,1965056,frame,34
19651.435410548,child2,1965056,frame,132
19651.470952914,child1,1965056,frame,0
19651.474829038,child5,1965056,frame,153
19661.479123294,child5,1966066,frame,-220
19661.487739625,child7,1966066,frame,-101
19661.492018082,child4,1966066,frame,35
19661.495002872998,child10,1966066,frame,-116
19661.501077746998,child8,1966066,frame,-115
19661.513855827,child9,1966066,frame,-124
19661.516936451,child6,1966066,frame,-73
19661.521135909,child3,1966066,frame,-91
19661.540822237,child2,1966066,frame,-117
19661.575295145,child1,1966066,frame,-125
19671.580873776,child1,1967076,frame,141
19671.583942024998,child5,1967076,frame,41
19671.592988189,child7,1967076,frame,20
19671.596204355003,child4,1967076,frame,-105
19671.603131103002,child10,1967076,frame,24
19671.606306186,child8,1967076,frame,9
19671.618690265997,child9,1967076,frame,52
19671.622247265,child3,1967076,frame,50
19671.626954348,child6,1967076,frame,33
19671.644334343,child2,1967076,frame,23
19681.686562798,child1,1968086,frame,-126
19681.689521797,child5,1968086,frame,-83
19681.699982045,child7,1968086,frame,24
19681.704521584998,child4,1968086,frame,36
19681.712012083,child10,1968086,frame,25
19681.715793166,child8,1968086,frame,8
19681.722984539,child9,1968086,frame,1
19681.723569289,child3,1968086,frame,-91
19681.729081912,child6,1968086,frame,-92
19681.746902741,child2,1968086,frame,-103
19691.784427322,child1,1969096,frame,159
19691.794105402998,child5,1969096,frame,45
19691.807379857997,child7,1969096,frame,23
19691.809421941,child4,1969096,frame,40
19691.817593522002,child10,1969096,frame,133
19691.821114897,child8,1969096,frame,12
19691.827647853,child9,1969096,frame,5
19691.831608518998,child3,1969096,frame,46
19691.832522269,child6,1969096,frame,45
19691.854510805,child2,1969096,frame,36
19700.884767804,child1,1970005,frame,-79
19700.895570801,child5,1970005,frame,-70
19700.912384089,child7,1970005,frame,12
19700.91389063,child4,1970005,frame,-71
19700.920471294998,child10,1970005,frame,17
19700.924674627,child8,1970005,frame,3
19700.930861292,child9,1970005,frame,31
19700.934730916,child3,1970005,frame,32
19700.934980833,child6,1970005,frame,125
19700.95957616,child2,1970005,frame,54
19710.997887074,child1,1971015,frame,-100
19711.001472032,child5,1971015,frame,-110
19711.015867361002,child7,1971015,frame,-228
19711.017676486,child4,1971015,frame,-73
19711.02351811,child10,1971015,frame,-125
19711.028065733,child8,1971015,frame,-194
19711.038985814,child9,1971015,frame,-80
19711.042592105,child3,1971015,frame,-85
19711.04338598,child6,1971015,frame,-216
19711.063928183,child2,1971015,frame,-93
19721.101707847,child1,1972025,frame,22
19721.103993847002,child5,1972025,frame,2
19721.12465155,child7,1972025,frame,144
19721.128404174,child4,1972025,frame,169
19721.131231423,child10,1972025,frame,17
19721.134118046997,child8,1972025,frame,159
19721.144355336,child9,1972025,frame,10
19721.145889003,child3,1972025,frame,40
19721.148552544,child6,1972025,frame,173
19721.167277288998,child2,1972025,frame,47
19731.174941211,child2,1973035,frame,13
19731.20451312,child1,1973035,frame,22
19731.209206036,child5,1973035,frame,11
19731.228602614,child7,1973035,frame,-210
19731.232307447,child10,1973035,frame,17
19731.236984195002,child4,1973035,frame,-81
19731.237974154,child8,1973035,frame,-124
19731.248183693,child9,1973035,frame,-116
19731.248785567997,child3,1973035,frame,30
19731.2503834,child6,1973035,frame,-91
19741.279175984,child2,1974045,frame,47
19741.309640434,child1,1974045,frame,22
19741.312940141997,child5,1974045,frame,35
19741.332506887,child7,1974045,frame,176
19741.335621761,child10,1974045,frame,17
19741.33915776,child4,1974045,frame,43
19741.342240093,child8,1974045,frame,32
19741.350874882002,child6,1974045,frame,48
19741.353715757003,child9,1974045,frame,158
19741.356962131,child3,1974045,frame,-75
19751.385128173002,child2,1975055,frame,32
19751.413132582,child1,1975055,frame,6
19751.42121283,child5,1975055,frame,13
19751.437912118,child7,1975055,frame,-85
19751.442566783,child8,1975055,frame,37
19751.443946533,child4,1975055,frame,-80
19751.443994408,child10,1975055,frame,0
19751.449971906,child6,1975055,frame,54
19751.458472238002,child9,1975055,frame,-123
19751.462023737,child3,1975055,frame,50
19761.471005199997,child3,1976065,frame,50
19761.492098195,child2,1976065,frame,-93
19761.517319772,child1,1976065,frame,22
19761.524048395,child5,1976065,frame,20
19761.542859515,child7,1976065,frame,53
19761.548512972,child4,1976065,frame,43
19761.548940014,child10,1976065,frame,-78
19761.549421514002,child6,1976065,frame,33
19761.549955929997,child8,1976065,frame,16
19761.563719552,child9,1976065,frame,5
19771.578673514003,child3,1977075,frame,-91
19771.595452801,child2,1977075,frame,31
19771.625518877,child1,1977075,frame,6
19771.627984792998,child5,1977075,frame,31
19771.649106871002,child7,1977075,frame,37
19771.652595077998,child4,1977075,frame,-81
19771.652692703003,child10,1977075,frame,10
19771.655957328,child8,1977075,frame,-90
19771.658144244,child6,1977075,frame,-108
19771.665655117,child9,1977075,frame,26
19781.672153747,child9,1978085,frame,-100
19781.681318203,child3,1978085,frame,50
19781.699426406998,child2,1978085,frame,-112
19781.726679400002,child1,1978085,frame,24
19781.732871899003,child5,1978085,frame,-106
19781.754697185,child7,1978085,frame,-71
19781.756700684997,child10,1978085,frame,25
19781.757775226,child4,1978085,frame,123
19781.759650434,child8,1978085,frame,33
19781.769274098002,child6,1978085,frame,33
19791.77734252,child6,1979095,frame,45
19791.777881895,child9,1979095,frame,43
19791.786668476,child3,1979095,frame,-75
19791.81167472,child2,1979095,frame,302
19791.82851034,child1,1979095,frame,14
19791.837011505002,child5,1979095,frame,27
19791.859503374,child10,1979095,frame,26
19791.860574416,child7,1979095,frame,53
19791.861224582,child8,1979095,frame,33
19791.861776915,child4,1979095,frame,39
19800.865090504,child7,1980004,frame,45
19800.867001379,child8,1980004,frame,35
19800.867804462,child10,1980004,frame,21
19800.870214710998,child4,1980004,frame,-70
19800.879811042,child6,1980004,frame,49
19800.880566,child9,1980004,frame,40
19800.891657747998,child3,1980004,frame,48
19800.919653449,child2,1980004,frame,-79
19800.931634321,child1,1980004,frame,3
19800.945162567998,child5,1980004,frame,20
19810.970923610003,child7,1981014,frame,54
19810.973568609,child10,1981014,frame,9
19810.973887359,child8,1981014,frame,24
19810.978851691,child4,1981014,frame,51
19810.98440394,child6,1981014,frame,25
19810.985851690002,child9,1981014,frame,33
19810.996312479,child3,1981014,frame,50
19811.024554222,child2,1981014,frame,-2
19811.0429358,child1,1981014,frame,0
19811.047139091,child5,1981014,frame,13
19821.074291090998,child8,1982024,frame,-116
19821.077397007,child10,1982024,frame,134
19821.079015173,child7,1982024,frame,-121
19821.081998798003,child4,1982024,frame,37
19821.086849588,child9,1982024,frame,17
19821.089176546,child6,1982024,frame,10
19821.102889042002,child3,1982024,frame,48
19821.12634937,child2,1982024,frame,16
19821.144406907,child1,1982024,frame,0
19821.151436363998,child5,1982024,frame,13
19831.176460198,child8,1983034,frame,42
19831.182003695998,child10,1983034,frame,-87
19831.18631582,child4,1983034,frame,-90
19831.186682487,child7,1983034,frame,53
19831.191535611,child9,1983034,frame,34
19831.193296652,child6,1983034,frame,-116
19831.208216315,child3,1983034,frame,-93
19831.233218517,child2,1983034,frame,16
19831.250209720998,child1,1983034,frame,-125
19831.257927302,child5,1983034,frame,31
19841.261917434,child5,1984044,frame,10
19841.281580179,child8,1984044,frame,25
19841.286090801997,child10,1984044,frame,3
19841.290212051,child4,1984044,frame,161
19841.291033176,child7,1984044,frame,145
19841.295081092,child9,1984044,frame,17
19841.298681216,child6,1984044,frame,46
19841.314858254,child3,1984044,frame,173
19841.338247081,child2,1984044,frame,16
19841.353286786,child1,1984044,frame,141
19851.368002664,child5,1985054,frame,11
19851.387809243002,child8,1985054,frame,25
19851.391180658,child10,1985054,frame,54
19851.393360658,child4,1985054,frame,20
19851.393463324,child7,1985054,frame,-100
19851.398222782,child6,1985054,frame,24
19851.401512031,child9,1985054,frame,-2
19851.420453151,child3,1985054,frame,-93
19851.443626853998,child2,1985054,frame,0
19851.458357975,child1,1985054,frame,17
19861.474779603002,child5,1986064,frame,13
19861.493375765,child10,1986064,frame,49
19861.496499556,child8,1986064,frame,154
19861.500219179998,child4,1986064,frame,4
19861.501580387998,child7,1986064,frame,37
19861.502829762998,child6,1986064,frame,136
19861.503902471,child9,1986064,frame,17
19861.523816841,child3,1986064,frame,31
19861.547758418,child2,1986064,frame,44
19861.563494621998,child1,1986064,frame,-2
19871.562972671,child1,1987074,frame,123
19871.579282376,child5,1987074,frame,59
19871.599864329,child10,1987074,frame,40
19871.601715203,child8,1987074,frame,-70
19871.603908661,child6,1987074,frame,-194
19871.605506702,child4,1987074,frame,11
19871.606185119,child9,1987074,frame,1
19871.609976285,child7,1987074,frame,4
19871.630456154,child3,1987074,frame,32
19871.650841941,child2,1987074,frame,39
19881.688438439,child5,1988084,frame,-117
19881.707727517,child9,1988084,frame,-123
19881.70878135,child6,1988084,frame,17
19881.708801975,child4,1988084,frame,-112
19881.709730808,child8,1988084,frame,18
19881.710287975,child10,1988084,frame,-92
19881.716836723,child7,1988084,frame,21
19881.737739551,child3,1988084,frame,-1
19881.758217213002,child2,1988084,frame,-125
19881.762153004,child1,1988084,frame,-80
19891.769565967003,child1,1989094,frame,52
19891.790145378,child5,1989094,frame,128
19891.813960664,child4,1989094,frame,15
19891.814580538998,child10,1989094,frame,40
19891.816169121998,child6,1989094,frame,147
19891.817223538,child9,1989094,frame,125
19891.817976246,child8,1989094,frame,127
19891.821652036997,child7,1989094,frame,130
19891.841634739998,child3,1989094,frame,18
19891.862043194,child2,1989094,frame,5
19900.864600323,child2,1990003,frame,26
19900.878988778,child1,1990003,frame,-75
19900.898658232,child5,1990003,frame,-2
19900.918509477,child4,1990003,frame,-77
19900.920571351,child9,1990003,frame,31
19900.921632684,child8,1990003,frame,-67
19900.922421351002,child7,1990003,frame,-232
19900.923852934,child10,1990003,frame,-200
19900.927889474002,child6,1990003,frame,-208
19900.946845720002,child3,1990003,frame,-106
19910.971939053,child2,1991013,frame,0
19910.982083134,child1,1991013,frame,52
19911.005690710997,child5,1991013,frame,49
19911.025781748,child4,1991013,frame,152
19911.027753747003,child6,1991013,frame,158
19911.027976581,child7,1991013,frame,129
19911.028056039002,child9,1991013,frame,2
19911.02884958,child8,1991013,frame,-68
19911.030709372,child10,1991013,frame,179
19911.050321075,child3,1991013,frame,159
19921.057254912997,child3,1992023,frame,-123
19921.0751997,child2,1992023,frame,0
19921.083135198,child1,1992023,frame,-96
19921.109840233003,child5,1992023,frame,-80
19921.128481977998,child6,1992023,frame,-123
19921.134265269,child4,1992023,frame,-127
19921.137544393,child8,1992023,frame,-78
19921.1402406,child9,1992023,frame,-124
19921.142829682998,child10,1992023,frame,40
19921.145409724002,child7,1992023,frame,-117
19931.160348560003,child3,1993033,frame,34
19931.179918097,child2,1993033,frame,-125
19931.186251887,child1,1993033,frame,-73
19931.216343129003,child5,1993033,frame,-74
19931.231881209,child6,1993033,frame,20
19931.236594166,child9,1993033,frame,17
19931.237648499,child4,1993033,frame,27
19931.23977729,child8,1993033,frame,56
19931.241573248,child7,1993033,frame,38
19931.242630288998,child10,1993033,frame,-93
19941.262692874,child3,1994043,frame,18
19941.286210326,child2,1994043,frame,123
19941.292437116,child1,1994043,frame,125
19941.321792109,child5,1994043,frame,139
19941.33858323,child6,1994043,frame,38
19941.342275229,child4,1994043,frame,46
19941.344725187,child7,1994043,frame,128
19941.344954062,child9,1994043,frame,123
19941.346793728,child8,1994043,frame,128
19941.347731311,child10,1994043,frame,173
19951.358155981,child10,1995053,frame,-92
19951.368918728,child3,1995053,frame,18
19951.388599307,child2,1995053,frame,133
19951.397499388,child1,1995053,frame,-78
19951.426193714,child5,1995053,frame,-84
19951.445346626,child6,1995053,frame,32
19951.448122292,child4,1995053,frame,25
19951.449716791998,child7,1995053,frame,-116
19951.450217833,child8,1995053,frame,-78
19951.451158666,child9,1995053,frame,1
19961.454567713,child8,1996063,frame,47
19961.458139504,child9,1996063,frame,2
19961.46096867,child10,1996063,frame,48
19961.473997125,child3,1996063,frame,18
19961.496676869003,child2,1996063,frame,-125
19961.497299911,child1,1996063,frame,133
19961.529723611002,child5,1996063,frame,-67
19961.550342398,child6,1996063,frame,-114
19961.551867772003,child7,1996063,frame,-122
19961.553176022,child4,1996063,frame,-99
19971.55745236,child4,1997073,frame,26
19971.560328818,child8,1997073,frame,-66
19971.562679692,child9,1997073,frame,47
19971.564727359,child10,1997073,frame,-93
19971.578255564,child3,1997073,frame,16
19971.59965435,child1,1997073,frame,-79
19971.601158349,child2,1997073,frame,0
19971.635532841,child5,1997073,frame,177
19971.651794254,child6,1997073,frame,-101
19971.654932669,child7,1997073,frame,40
19981.657896258,child7,1998083,frame,178
19981.660918674,child4,1998083,frame,26
19981.664683380997,child8,1998083,frame,126
19981.667703214,child9,1998083,frame,-88
19981.670563672,child10,1998083,frame,31
19981.681813002,child3,1998083,frame,15
19981.703689872,child2,1998083,frame,169
19981.707607454,child1,1998083,frame,142
19981.740375778998,child5,1998083,frame,-81
19981.75129461,child6,1998083,frame,183
19991.763098821,child7,1999093,frame,52
19991.764620654,child4,1999093,frame,13
19991.767925778,child8,1999093,frame,57
19991.77337461,child10,1999093,frame,20
19991.773458902,child9,1999093,frame,129
19991.785753066,child3,1999093,frame,1
19991.80726181,child2,1999093,frame,-80
19991.819874099,child1,1999093,frame,38
19991.848664717,child5,1999093,frame,9
19991.852432882,child6,1999093,frame,13
20000.852302055002,child5,2000002,frame,4
20000.855722845,child6,2000002,frame,1
20000.865892843,child7,2000002,frame,-101
20000.8721173,child4,2000002,frame,-65
20000.874159841,child8,2000002,frame,-87
20000.87585334,child10,2000002,frame,-75
20000.880419714,child9,2000002,frame,17
20000.886691504,child3,2000002,frame,1
20000.912420081,child2,2000002,frame,-94
20000.920864621,child1,2000002,frame,-100
20010.957647785,child5,2001012,frame,-76
20010.961059784,child6,2001012,frame,17
20010.970212239998,child7,2001012,frame,58
20010.977243280002,child4,2001012,frame,26
20010.977444196,child10,2001012,frame,47
20010.97759503,child8,2001012,frame,24
20010.984800569,child9,2001012,frame,32
20010.992891442,child3,2001012,frame,2
20011.016711394997,child2,2001012,frame,125
20011.023348601,child1,2001012,frame,57
20021.061971848,child5,2002022,frame,50
20021.068264555,child6,2002022,frame,-108
20021.07342872,child7,2002022,frame,8
20021.081284968,child8,2002022,frame,41
20021.084198842,child10,2002022,frame,33
20021.0858083,child4,2002022,frame,26
20021.088732632998,child9,2002022,frame,-99
20021.093511715,child3,2002022,frame,2
20021.122087666,child2,2002022,frame,13
20021.128207415,child1,2002022,frame,-106
20031.169855994,child5,2003032,frame,59
20031.170673452,child6,2003032,frame,179
20031.177457034,child7,2003032,frame,5
20031.183447615,child8,2003032,frame,31
20031.187267572997,child4,2003032,frame,27
20031.190209989,child9,2003032,frame,153
20031.192025279997,child10,2003032,frame,48
20031.202662277,child3,2003032,frame,127
20031.22678473,child2,2003032,frame,-87
20031.231713478,child1,2003032,frame,45
20041.275666765,child6,2004042,frame,-108
20041.27577639,child5,2004042,frame,44
20041.281382306,child7,2004042,frame,-118
20041.290779678,child8,2004042,frame,15
20041.293139636,child4,2004042,frame,29
20041.29747751,child9,2004042,frame,25
20041.29839301,child10,2004042,frame,33
20041.309768798,child3,2004042,frame,-76
20041.334484001,child2,2004042,frame,0
20041.335269749998,child1,2004042,frame,28
20051.378994036997,child6,2005052,frame,16
20051.379569204,child5,2005052,frame,46
20051.387344618997,child7,2005052,frame,132
20051.394693408,child8,2005052,frame,-92
20051.395808783,child4,2005052,frame,11
20051.403393573,child9,2005052,frame,16
20051.405998447,child10,2005052,frame,14
20051.413467445,child3,2005052,frame,57
20051.438046273,child1,2005052,frame,-88
20051.443485813,child2,2005052,frame,46
20061.447865568,child2,2006062,frame,22
20061.485508142,child6,2006062,frame,3
20061.48707885,child5,2006062,frame,42
20061.492572223,child7,2006062,frame,36
20061.500665346,child8,2006062,frame,15
20061.503611221,child4,2006062,frame,12
20061.510980094,child10,2006062,frame,19
20061.512633468,child9,2006062,frame,-107
20061.516593676002,child3,2006062,frame,49
20061.541105586,child1,2006062,frame,161
20071.555099964,child2,2007072,frame,-71
20071.590321164,child5,2007072,frame,25
20071.591328205002,child6,2007072,frame,16
20071.596697454002,child7,2007072,frame,0
20071.604857202,child4,2007072,frame,12
20071.605636785,child8,2007072,frame,24
20071.614307199,child10,2007072,frame,-110
20071.617720407,child9,2007072,frame,-67
20071.621046156,child3,2007072,frame,-83
20071.645801566003,child1,2007072,frame,-94
20081.651365321,child1,2008082,frame,46
20081.659324694,child2,2008082,frame,54
20081.694032477,child5,2008082,frame,20
20081.69478906,child6,2008082,frame,18
20081.699655184002,child7,2008082,frame,-75
20081.708206682,child8,2008082,frame,43
20081.710704931,child4,2008082,frame,12
20081.717267887998,child10,2008082,frame,33
20081.723833345,child9,2008082,frame,-92
20081.724319345,child3,2008082,frame,-77
20091.752053761003,child1,2009092,frame,-95
20091.766303299,child2,2009092,frame,36
20091.796005833,child6,2009092,frame,-94
20091.800953248003,child5,2009092,frame,15
20091.803850664,child7,2009092,frame,2
20091.811289204,child4,2009092,frame,-125
20091.811837371,child8,2009092,frame,-116
20091.821194785,child10,2009092,frame,18
20091.827901574998,child9,2009092,frame,44
20091.829451741,child3,2009092,frame,55
20100.850980825,child1,2010001,frame,51
20100.872092569,child2,2010001,frame,7
20100.897339688,child6,2010001,frame,169
20100.900198646003,child5,2010001,frame,13
20100.907206976997,child7,2010001,frame,-2
20100.915308809002,child8,2010001,frame,37
20100.917061142,child4,2010001,frame,48
20100.924236389998,child10,2010001,frame,-90
20100.928452055,child9,2010001,frame,10
20100.932799346,child3,2010001,frame,-72
20110.937833309,child3,2011011,frame,-196
20110.955694720997,child1,2011011,frame,-94
20110.977293549,child2,2011011,frame,-78
20111.001611918,child6,2011011,frame,-194
20111.006029626,child5,2011011,frame,-112
20111.012503040998,child7,2011011,frame,9
20111.017822373,child4,2011011,frame,-113
20111.02069833,child8,2011011,frame,-81
20111.028859744998,child10,2011011,frame,-92
20111.035420493,child9,2011011,frame,-93
20121.04029604,child9,2012021,frame,-80
20121.042517538997,child3,2012021,frame,157
20121.062704576,child1,2012021,frame,46
20121.082752279,child2,2012021,frame,-79
20121.108706064002,child6,2012021,frame,54
20121.112159354998,child5,2012021,frame,136
20121.116999937003,child7,2012021,frame,6
20121.123378518998,child4,2012021,frame,28
20121.125863935,child8,2012021,frame,39
20121.136399933,child10,2012021,frame,30
20131.142112437,child10,2013031,frame,176
20131.144789395003,child9,2013031,frame,142
20131.148010686,child3,2013031,frame,133
20131.166438223,child1,2013031,frame,47
20131.188806551,child2,2013031,frame,180
20131.212206045002,child6,2013031,frame,142
20131.215449002,child5,2013031,frame,57
20131.224249542003,child7,2013031,frame,35
20131.226149000002,child4,2013031,frame,27
20131.23064579,child8,2013031,frame,57
20141.247038334,child10,2014041,frame,-218
20141.249637917,child9,2014041,frame,-115
20141.254848874,child3,2014041,frame,-80
20141.266505536998,child1,2014041,frame,-77
20141.291346406,child2,2014041,frame,-87
20141.316914191,child6,2014041,frame,-124
20141.319457274,child5,2014041,frame,-75
20141.331592688002,child7,2014041,frame,-124
20141.331833896,child4,2014041,frame,-96
20141.335647519998,child8,2014041,frame,-102
20151.338715734,child8,2015051,frame,40
20151.35211098,child9,2015051,frame,142
20151.354600855,child10,2015051,frame,125
20151.358312936998,child3,2015051,frame,18
20151.365625935,child1,2015051,frame,-65
20151.398030386,child2,2015051,frame,35
20151.415226923,child6,2015051,frame,17
20151.426708503997,child5,2015051,frame,60
20151.435638126,child7,2015051,frame,3
20151.436386751,child4,2015051,frame,43
20161.445820922,child8,2016061,frame,-68
20161.446541212998,child4,2016061,frame,44
20161.457277876998,child10,2016061,frame,41
20161.459812876,child9,2016061,frame,-81
20161.462678583997,child3,2016061,frame,10
20161.472776997998,child1,2016061,frame,-2
20161.505647573,child2,2016061,frame,-87
20161.517539195,child6,2016061,frame,-108
20161.531184734,child5,2016061,frame,-119
20161.536778691003,child7,2016061,frame,25
20171.544065778,child7,2017071,frame,13
20171.54937661,child4,2017071,frame,44
20171.551314235003,child8,2017071,frame,55
20171.563581982,child9,2017071,frame,1
20171.566973564,child10,2017071,frame,-85
20171.567531647,child3,2017071,frame,2
20171.582231352,child1,2017071,frame,6
20171.61107747,child2,2017071,frame,55
20171.618877635,child6,2017071,frame,33
20171.632500048,child5,2017071,frame,2
20181.638739760998,child5,2018081,frame,127
20181.649011675,child7,2018081,frame,59
20181.653247506998,child4,2018081,frame,-97
20181.659860464,child8,2018081,frame,39
20181.668765753002,child9,2018081,frame,9
20181.668954045002,child3,2018081,frame,10
20181.669532128,child10,2018081,frame,56
20181.685750999,child1,2018081,frame,123
20181.714629575,child2,2018081,frame,54
20181.729144822002,child6,2018081,frame,145
20191.746361032,child5,2019091,frame,-74
20191.752182489,child7,2019091,frame,8
20191.760700528,child4,2019091,frame,46
20191.764116277,child8,2019091,frame,-67
20191.772970150003,child10,2019091,frame,40
20191.773421567,child3,2019091,frame,-122
20191.774461441,child9,2019091,frame,13
20191.786571438,child1,2019091,frame,-73
20191.816879931,child2,2019091,frame,-93
20191.831071844,child6,2019091,frame,-86
20200.835738931997,child6,2020000,frame,30
20200.848322553,child5,2020000,frame,-1
20200.854185052,child7,2020000,frame,-2
20200.865000591,child4,2020000,frame,-1
20200.871034256,child8,2020000,frame,52
20200.876926295998,child10,2020000,frame,25
20200.879942796,child3,2020000,frame,123
20200.880145254,child9,2020000,frame,31
20200.892573209,child1,2020000,frame,59
20200.919866994,child2,2020000,frame,32
20210.936825704,child6,2021010,frame,-220
20210.951431992,child5,2021010,frame,-66
20210.956788616,child7,2021010,frame,9
20210.972601319998,child4,2021010,frame,-88
20210.976224611,child8,2021010,frame,-85
20210.979875027002,child10,2021010,frame,-100
20210.982857733998,child3,2021010,frame,-68
20210.987827983,child9,2021010,frame,-89
20210.997613731,child1,2021010,frame,-73
20211.025346349,child2,2021010,frame,38
20221.032710645002,child2,2022020,frame,-70
20221.035170602,child6,2022020,frame,56
20221.057021221997,child5,2022020,frame,30
20221.061575470998,child7,2022020,frame,-67
20221.076598425,child4,2022020,frame,51
20221.080219716,child8,2022020,frame,11
20221.083053465998,child10,2022020,frame,-70
20221.08710184,child3,2022020,frame,-107
20221.09309988,child9,2022020,frame,18
20221.104305794,child1,2022020,frame,5
20231.136360292,child6,2023030,frame,42
20231.140801291,child2,2023030,frame,161
20231.159892661002,child5,2023030,frame,-123
20231.166620784,child7,2023030,frame,8
20231.180844614,child4,2023030,frame,36
20231.182673655,child8,2023030,frame,48
20231.184856988002,child10,2023030,frame,40
20231.191453236,child3,2023030,frame,24
20231.197711735,child9,2023030,frame,1
20231.204180316003,child1,2023030,frame,0
20241.239057521998,child6,2024040,frame,40
20241.242143855,child2,2024040,frame,-86
20241.266209265003,child5,2024040,frame,27
20241.271148973,child7,2024040,frame,7
20241.28625576,child8,2024040,frame,3
20241.286594552,child4,2024040,frame,-89
20241.289569093,child10,2024040,frame,48
20241.294955842,child3,2024040,frame,24
20241.301786173,child9,2024040,frame,-108
20241.304847048,child1,2024040,frame,55
20251.344978335,child2,2025050,frame,38
20251.347992126,child6,2025050,frame,26
20251.368069621,child5,2025050,frame,137
20251.373429869996,child7,2025050,frame,52
20251.390263741003,child8,2025050,frame,39
20251.391320574,child4,2025050,frame,177
20251.397584614002,child10,2025050,frame,49
20251.400396322002,child3,2025050,frame,24
20251.407130361,child9,2025050,frame,256
20251.409928652,child1,2025050,frame,-204
20261.447124398997,child2,2026060,frame,-86
20261.458758063,child6,2026060,frame,-101
20261.47265081,child5,2026060,frame,-67
20261.476543725,child7,2026060,frame,-126
20261.493654388,child8,2026060,frame,-86
20261.497057054003,child4,2026060,frame,-215
20261.503400052,child10,2026060,frame,-93
20261.504404676998,child3,2026060,frame,-101
20261.512357175,child9,2026060,frame,-195
20261.515034424,child1,2026060,frame,8
20271.551943046,child2,2027070,frame,36
20271.560657544,child6,2027070,frame,58
20271.575058665,child5,2027070,frame,38
20271.580311747,child7,2027070,frame,130
20271.595685202,child8,2027070,frame,10
20271.6010577,child4,2027070,frame,53
20271.610247281,child3,2027070,frame,164
20271.611594613998,child10,2027070,frame,31
20271.618496529,child9,2027070,frame,18
20271.618569696002,child1,2027070,frame,167
20281.654166485,child2,2028080,frame,39
20281.661685233,child6,2028080,frame,123
20281.681803645,child5,2028080,frame,-115
20281.685074186,child7,2028080,frame,-117
20281.696702974,child8,2028080,frame,48
20281.705263181,child4,2028080,frame,-74
20281.716678385998,child3,2028080,frame,-117
20281.717703177,child10,2028080,frame,50
20281.722915551,child1,2028080,frame,-65
20281.723869301,child9,2028080,frame,142
20291.732124554997,child9,2029090,frame,-120
20291.762990256,child2,2029090,frame,-89
20291.768006629,child6,2029090,frame,-91
20291.784303875,child5,2029090,frame,153
20291.790779999,child7,2029090,frame,23
20291.801776621,child8,2029090,frame,-77
20291.810987952,child4,2029090,frame,0
20291.822535324,child10,2029090,frame,-76
20291.82440099,child1,2029090,frame,14
20291.824823032,child3,2029090,frame,23
20301.837868285,child9,2030100,frame,56
20301.866765278,child2,2030100,frame,52
20301.871593818003,child6,2030100,frame,148
20301.889233355,child5,2030100,frame,4
20301.893302813,child7,2030100,frame,129
20301.905907851,child8,2030100,frame,4
20301.913454891,child4,2030100,frame,55
20301.925978512998,child10,2030100,frame,49
20301.929149137002,child1,2030100,frame,6
20301.930975178,child3,2030100,frame,34
20310.929889517003,child10,2031009,frame,-76
20310.932658142,child1,2031009,frame,-116
20310.936004974,child3,2031009,frame,19
20310.942403723002,child9,2031009,frame,31
20310.969859131998,child2,2031009,frame,0
20310.973249382,child6,2031009,frame,-208
20310.994230043,child5,2031009,frame,20
20310.996852209002,child7,2031009,frame,-116
20311.011250289,child8,2031009,frame,57
20311.018512204,child4,2031009,frame,-105
20321.025012666,child4,2032019,frame,14
20321.033492913997,child10,2032019,frame,174
20321.035038956,child1,2032019,frame,147
20321.043763037,child3,2032019,frame,18
20321.048866369,child9,2032019,frame,1
20321.077240695,child6,2032019,frame,32
20321.077880819998,child2,2032019,frame,54
20321.098618315,child7,2032019,frame,59
20321.100036106003,child5,2032019,frame,-74
20321.118833935,child8,2032019,frame,47
20331.128245896998,child8,2033029,frame,-191
20331.129283105,child4,2033029,frame,5
20331.132980896,child1,2033029,frame,-111
20331.136647728,child10,2033029,frame,-93
20331.149465058,child3,2033029,frame,-107
20331.159044181,child9,2033029,frame,-77
20331.179718759002,child6,2033029,frame,34
20331.187682131997,child2,2033029,frame,-86
20331.204534919,child7,2033029,frame,8
20331.204644753,child5,2033029,frame,-111
20341.230120086,child8,2034039,frame,134
20341.234161959997,child4,2034039,frame,28
20341.238445666997,child1,2034039,frame,6
20341.239355459,child10,2034039,frame,31
20341.25326483,child3,2034039,frame,34
20341.263707743998,child9,2034039,frame,6
20341.279182282,child6,2034039,frame,32
20341.289445487997,child2,2034039,frame,53
20341.308102191,child5,2034039,frame,27
20341.310471316,child7,2034039,frame,15
20351.334953024,child8,2035049,frame,2
20351.342094272,child4,2035049,frame,6
20351.345622187997,child10,2035049,frame,34
20351.352014145003,child1,2035049,frame,5
20351.358304643003,child3,2035049,frame,18
20351.367453891,child9,2035049,frame,126
20351.381513303997,child6,2035049,frame,-107
20351.396090926,child2,2035049,frame,22
20351.415129795998,child7,2035049,frame,42
20351.416671337,child5,2035049,frame,143
20361.441892337003,child8,2036059,frame,-77
20361.444166628,child4,2036059,frame,-112
20361.453167334003,child1,2036059,frame,24
20361.454555376,child10,2036059,frame,-92
20361.461679706998,child3,2036059,frame,34
20361.470122288,child9,2036059,frame,-77
20361.486654451,child6,2036059,frame,32
20361.499970114,child2,2036059,frame,-87
20361.520088484,child7,2036059,frame,-119
20361.521325858997,child5,2036059,frame,-121
20371.526230281,child5,2037069,frame,130
20371.526488697,child7,2037069,frame,51
20371.544546484,child8,2037069,frame,126
20371.550485233,child4,2037069,frame,163
20371.556671480997,child1,2037069,frame,16
20371.558222189,child10,2037069,frame,47
20371.568023895,child3,2037069,frame,18
20371.57433506,child9,2037069,frame,10
20371.590079723,child6,2037069,frame,123
20371.605465052,child2,2037069,frame,55
20381.629205469002,child5,2038079,frame,-104
20381.631842594,child7,2038079,frame,1
20381.649850214002,child8,2038079,frame,-68
20381.654697963,child4,2038079,frame,-123
20381.658428795,child1,2038079,frame,16
20381.660330545,child10,2038079,frame,33
20381.670916834002,child3,2038079,frame,15
20381.677902040003,child9,2038079,frame,55
20381.69313037,child6,2038079,frame,-107
20381.711732574,child2,2038079,frame,37
20391.73282095,child5,2039089,frame,144
20391.73787849,child7,2039089,frame,138
20391.754836486,child8,2039089,frame,47
20391.756433027,child4,2039089,frame,152
20391.761493651,child1,2039089,frame,16
20391.767055066,child10,2039089,frame,32
20391.775055439,child3,2039089,frame,16
20391.781489396,child9,2039089,frame,37
20391.796627142,child6,2039089,frame,48
20391.814099221,child2,2039089,frame,39
20401.839608637,child5,2040099,frame,128
20401.844241386,child7,2040099,frame,28
20401.858359633,child8,2040099,frame,48
20401.864149548,child4,2040099,frame,-2
20401.866652130997,child1,2040099,frame,1
20401.873845546,child10,2040099,frame,19
20401.878475669,child3,2040099,frame,16
20401.886462751,child9,2040099,frame,-74
20401.897327498,child6,2040099,frame,23
20401.919038243,child2,2040099,frame,17
20410.924971413002,child2,2041008,frame,-108
20410.945479075,child5,2041008,frame,-191
20410.946712115998,child7,2041008,frame,-67
20410.965255902996,child8,2041008,frame,-111
20410.968130444002,child1,2041008,frame,18
20410.972875693,child4,2041008,frame,-100
20410.977841608,child10,2041008,frame,49
20410.987239105998,child3,2041008,frame,1
20410.989531438998,child9,2041008,frame,24
20411.000389853,child6,2041008,frame,-69
20421.028177894,child2,2042018,frame,164
20421.050660013003,child5,2042018,frame,51
20421.052231971,child7,2042018,frame,35
20421.069482758,child1,2042018,frame,0
20421.072650716,child8,2042018,frame,39
20421.076368715,child4,2042018,frame,10
20421.086328588,child10,2042018,frame,-2
20421.093917961003,child9,2042018,frame,48
20421.095218460003,child3,2042018,frame,2
20421.10508125,child6,2042018,frame,32
20431.135157457,child2,2043028,frame,-121
20431.157949701,child5,2043028,frame,-82
20431.160683117,child7,2043028,frame,47
20431.173485697,child1,2043028,frame,18
20431.176312405,child8,2043028,frame,-77
20431.183725778,child4,2043028,frame,11
20431.1944139,child10,2043028,frame,17
20431.201634523,child3,2043028,frame,2
20431.203670064,child9,2043028,frame,-87
20431.210205437998,child6,2043028,frame,34
20441.241833311,child2,2044038,frame,39
20441.263736139,child5,2044038,frame,22
20441.264802347,child7,2044038,frame,-98
20441.280116468002,child1,2044038,frame,-2
20441.282633884002,child8,2044038,frame,12
20441.288790091,child4,2044038,frame,10
20441.302646213,child10,2044038,frame,-109
20441.306696753,child3,2044038,frame,2
20441.307783253,child9,2044038,frame,-81
20441.31153621,child6,2044038,frame,16
20451.316144299002,child9,2045048,frame,2
20451.350340749,child2,2045048,frame,-228
20451.368383869,child5,2045048,frame,-201
20451.368991202,child7,2045048,frame,-86
20451.386927363998,child8,2045048,frame,-78
20451.390814405,child1,2045048,frame,-2
20451.39307153,child4,2045048,frame,-68
20451.406574318,child10,2045048,frame,16
20451.412587108,child3,2045048,frame,2
20451.412758316,child6,2045048,frame,-107
20461.418505404,child3,2046058,frame,2
20461.422387111998,child9,2046058,frame,1
20461.453744896,child2,2046058,frame,180
20461.473034931998,child7,2046058,frame,53
20461.473283641,child5,2046058,frame,26
20461.490522011,child8,2046058,frame,27
20461.496358968,child1,2046058,frame,-127
20461.500981134002,child4,2046058,frame,22
20461.510117423,child10,2046058,frame,16
20461.511833631,child6,2046058,frame,-2
20471.525866342,child3,2047068,frame,2
20471.52775105,child9,2047068,frame,9
20471.560751208,child2,2047068,frame,38
20471.57937187,child7,2047068,frame,-97
20471.580600912002,child5,2047068,frame,13
20471.599068949,child1,2047068,frame,139
20471.599225199,child8,2047068,frame,0
20471.60663028,child4,2047068,frame,5
20471.613274987,child6,2047068,frame,32
20471.614847153,child10,2047068,frame,-108
20481.617842533997,child10,2048078,frame,32
20481.623610865,child6,2048078,frame,34
20481.632340988,child3,2048078,frame,2
20481.634562321,child9,2048078,frame,-2
20481.667331855,child2,2048078,frame,-104
20481.684385725,child5,2048078,frame,-97
20481.685902058,child7,2048078,frame,133
20481.705065303002,child1,2048078,frame,-66
20481.706387136,child8,2048078,frame,-116
20481.714018051,child4,2048078,frame,-104
20491.720011806,child4,2049088,frame,37
20491.724735721,child10,2049088,frame,15
20491.731045095,child6,2049088,frame,32
20491.736877968,child3,2049088,frame,1
20491.741896425003,child9,2049088,frame,9
20491.772560209,child2,2049088,frame,54
20491.789884204998,child7,2049088,frame,-81
20491.792192496003,child5,2049088,frame,14
20491.811335740997,child1,2049088,frame,6
20491.813636241,child8,2049088,frame,50
20501.821705828,child8,2050098,frame,19
20501.827531952,child4,2050098,frame,24
20501.830128951,child10,2050098,frame,-89
20501.842155907,child6,2050098,frame,-102
20501.842310157,child3,2050098,frame,1
20501.847693114003,child9,2050098,frame,-112
20501.879036522,child2,2050098,frame,-88
20501.892837269002,child7,2050098,frame,1
20501.897675018,child5,2050098,frame,168
20501.916816096,child1,2050098,frame,-119
20510.915328686,child1,2051007,frame,149
20510.931199473,child4,2051007,frame,48
20510.932079640002,child8,2051007,frame,31
20510.933987723,child10,2051007,frame,126
20510.944251178,child6,2051007,frame,132
20510.945355510998,child3,2051007,frame,4
20510.953791843,child9,2051007,frame,59
20510.986914084,child2,2051007,frame,153
20510.994975124002,child7,2051007,frame,-1
20511.001929706,child5,2051007,frame,-79
20521.010116543,child5,2052017,frame,166
20521.018160374002,child1,2052017,frame,-117
20521.035305202997,child4,2052017,frame,21
20521.038736744,child10,2052017,frame,-85
20521.040164701997,child8,2052017,frame,-91
20521.045386951,child6,2052017,frame,-100
20521.047885492,child3,2052017,frame,-125
20521.059158031003,child9,2052017,frame,132
20521.093468522,child2,2052017,frame,-87
20521.100063104,child7,2052017,frame,16
20531.109615816,child7,2053027,frame,5
20531.113230565,child5,2053027,frame,-96
20531.121095020997,child1,2053027,frame,24
20531.139525684,child4,2053027,frame,-229
20531.142433183,child10,2053027,frame,40
20531.143463766002,child8,2053027,frame,33
20531.146875265,child6,2053027,frame,-84
20531.155274388002,child3,2053027,frame,141
20531.162475595,child9,2053027,frame,-123
20531.199795419,child2,2053027,frame,55
20541.214753963002,child7,2054037,frame,-81
20541.21971492,child5,2054037,frame,145
20541.231846292,child1,2054037,frame,23
20541.242834081,child4,2054037,frame,170
20541.247981663,child8,2054037,frame,24
20541.248234995997,child10,2054037,frame,40
20541.252363120002,child6,2054037,frame,41
20541.262495326002,child3,2054037,frame,0
20541.268677949,child9,2054037,frame,-108
20541.304374482,child2,2054037,frame,-103
20551.307845737,child2,2055047,frame,55
20551.319536068,child7,2055047,frame,141
20551.325977858,child5,2055047,frame,-103
20551.335836772,child1,2055047,frame,-117
20551.347306977,child4,2055047,frame,-97
20551.352006268,child8,2055047,frame,45
20551.352275643,child10,2055047,frame,-84
20551.355542434,child6,2055047,frame,53
20551.36422739,child3,2055047,frame,-80
20551.369802555,child9,2055047,frame,33
20561.414419383,child2,2056057,frame,36
20561.425563756,child7,2056057,frame,35
20561.430334380002,child5,2056057,frame,18
20561.442082668,child1,2056057,frame,165
20561.451938332,child4,2056057,frame,44
20561.456321373,child10,2056057,frame,22
20561.457606081003,child8,2056057,frame,24
20561.460600414,child6,2056057,frame,34
20561.472005327003,child3,2056057,frame,135
20561.473824869,child9,2056057,frame,159
20571.520011488003,child2,2057067,frame,-86
20571.530169152,child7,2057067,frame,-249
20571.533370277,child5,2057067,frame,3
20571.547140190003,child1,2057067,frame,-91
20571.557356021,child4,2057067,frame,-96
20571.561668978,child10,2057067,frame,-82
20571.564559894,child8,2057067,frame,-115
20571.565626518997,child6,2057067,frame,-93
20571.579732848,child9,2057067,frame,-191
20571.580539473,child3,2057067,frame,-194
20581.625783218,child2,2058077,frame,54
20581.637331464997,child5,2058077,frame,-66
20581.639646715,child7,2058077,frame,146
20581.650645045,child1,2058077,frame,29
20581.663656875,child4,2058077,frame,44
20581.664682167,child6,2058077,frame,-75
20581.667029124,child10,2058077,frame,55
20581.669775956998,child8,2058077,frame,44
20581.686732078,child9,2058077,frame,42
20581.687273536,child3,2058077,frame,18
20591.728682199002,child2,2059087,frame,39
20591.736648447,child5,2059087,frame,145
20591.745661444,child7,2059087,frame,51
20591.754069026,child1,2059087,frame,139
20591.766734314,child6,2059087,frame,173
20591.768399439,child4,2059087,frame,44
20591.773919937,child10,2059087,frame,40
20591.77675452,child8,2059087,frame,150
20591.794207432,child9,2059087,frame,25
20591.795500974,child3,2059087,frame,143
20601.832955137,child2,2060097,frame,-94
20601.842658676,child5,2060097,frame,-117
20601.850886049,child7,2060097,frame,0
20601.856472464,child1,2060097,frame,-112
20601.872728335,child4,2060097,frame,-202
20601.874030252,child6,2060097,frame,-204
20601.883376499,child10,2060097,frame,-76
20601.883482833,child8,2060097,frame,-98
20601.899667704,child3,2060097,frame,-123
20601.901522911998,child9,2060097,frame,28
20610.901920625,child3,2061006,frame,132
20610.907937499003,child9,2061006,frame,47
20610.937035283,child2,2061006,frame,157
20610.944377698,child5,2061006,frame,157
20610.956898403,child1,2061006,frame,17
20610.958875443997,child7,2061006,frame,54
20610.979350981,child4,2061006,frame,161
20610.979951731,child6,2061006,frame,153
20610.986900146,child10,2061006,frame,127
20610.987874937,child8,2061006,frame,142
20621.004929439,child3,2062016,frame,-123
20621.016428978,child9,2062016,frame,-100
20621.042043972,child2,2062016,frame,-86
20621.050631594,child5,2062016,frame,-76
20621.062022383,child1,2062016,frame,14
20621.065025799,child7,2062016,frame,-70
20621.082229212,child4,2062016,frame,-89
20621.091071418,child6,2062016,frame,-92
20621.091219168,child8,2062016,frame,-70
20621.094262625,child10,2062016,frame,-211
20631.10684467,child3,2063026,frame,18
20631.120920958,child9,2063026,frame,25
20631.148915451,child2,2063026,frame,38
20631.157863532,child5,2063026,frame,10
20631.165588114,child1,2063026,frame,139
20631.167328738,child7,2063026,frame,35
20631.188602899,child4,2063026,frame,130
20631.194180773,child6,2063026,frame,49
20631.194225523,child8,2063026,frame,19
20631.195830148,child10,2063026,frame,179
20641.199099903,child8,2064036,frame,0
20641.199902569,child10,2064036,frame,-83
20641.213142316,child3,2064036,frame,8
20641.224489105,child9,2064036,frame,26
20641.253536223,child2,2064036,frame,21
20641.265495095,child5,2064036,frame,59
20641.269827927,child1,2064036,frame,-80
20641.276726633998,child7,2064036,frame,-125
20641.292030547,child4,2064036,frame,-80
20641.297861170002,child6,2064036,frame,6
20651.299501883997,child4,2065046,frame,-127
20651.299895301,child6,2065046,frame,57
20651.303715883,child8,2065046,frame,2
20651.304312925,child10,2065046,frame,56
20651.318070546,child3,2065046,frame,24
20651.330303418,child9,2065046,frame,-84
20651.359676744,child2,2065046,frame,-87
20651.370947325,child1,2065046,frame,-119
20651.371803658,child5,2065046,frame,-74
20651.381794739,child7,2065046,frame,22
20661.401563907002,child4,2066056,frame,255
20661.402478406002,child6,2066056,frame,166
20661.409752988,child8,2066056,frame,127
20661.413004154,child10,2066056,frame,165
20661.421032485,child3,2066056,frame,125
20661.434228064998,child9,2066056,frame,264
20661.462749975,child2,2066056,frame,164
20661.471887347,child1,2066056,frame,258
20661.474818512997,child5,2066056,frame,138
20661.48817126,child7,2066056,frame,160
20671.507956428,child4,2067066,frame,-80
20671.509183177,child6,2067066,frame,-115
20671.516027051002,child8,2067066,frame,-94
20671.518139925,child10,2067066,frame,-101
20671.528025006,child3,2067066,frame,-80
20671.537562379,child9,2067066,frame,-124
20671.567023455,child2,2067066,frame,-103
20671.578232535,child1,2067066,frame,-88
20671.580432785002,child5,2067066,frame,-91
20671.594474615,child7,2067066,frame,-78
20681.601567786,child7,2068076,frame,-81
20681.612626158,child6,2068076,frame,-84
20681.616209865,child4,2068076,frame,-127
20681.622037780002,child8,2068076,frame,-70
20681.624408947,child10,2068076,frame,-85
20681.630866569998,child3,2068076,frame,8
20681.643712483,child9,2068076,frame,18
20681.668450602,child2,2068076,frame,21
20681.682107390003,child1,2068076,frame,0
20681.684147223,child5,2068076,frame,-69
20691.704882724,child7,2069086,frame,8
20691.71561268,child6,2069086,frame,-100
20691.719324721,child4,2069086,frame,52
20691.727868552,child8,2069086,frame,5
20691.728470593003,child10,2069086,frame,41
20691.733703134,child3,2069086,frame,-70
20691.750673255,child9,2069086,frame,-233
20691.77587229,child2,2069086,frame,-103
20691.782442205,child1,2069086,frame,-78
20691.788078829002,child5,2069086,frame,-74
20701.807865246003,child7,2070096,frame,14
20701.816645078,child6,2070096,frame,53
20701.826995992,child4,2070096,frame,1
20701.83301049,child8,2070096,frame,2
20701.833075447998,child10,2070096,frame,-76
20701.84204728,child3,2070096,frame,16
20701.854385901,child9,2070096,frame,174
20701.88180002,child2,2070096,frame,-73
20701.885943769,child1,2070096,frame,11
20701.891405351,child5,2070096,frame,15
20710.898977896002,child5,2071005,frame,20
20710.910593226,child7,2071005,frame,-2
20710.916435183,child6,2071005,frame,8
20710.93093718,child4,2071005,frame,15
20710.936304428,child8,2071005,frame,2
20710.936579095,child10,2071005,frame,32
20710.947576175,child3,2071005,frame,49
20710.959266630998,child9,2071005,frame,151
20710.984570458,child2,2071005,frame,156
20710.988025789997,child1,2071005,frame,-86
20720.99556942,child1,2072015,frame,33
20721.001352627,child5,2072015,frame,-103
20721.020496247,child7,2072015,frame,15
20721.022081871,child6,2072015,frame,40
20721.034885784997,child4,2072015,frame,5
20721.040175409,child10,2072015,frame,48
20721.041718408,child8,2072015,frame,-237
20721.051428822,child3,2072015,frame,-69
20721.067657652,child9,2072015,frame,-124
20721.086835647002,child2,2072015,frame,-104
20731.100721483,child1,2073025,frame,131
20731.105903273,child5,2073025,frame,25
20731.123062394,child7,2073025,frame,44
20731.126036727,child6,2073025,frame,-71
20731.140738806003,child4,2073025,frame,-2
20731.147000846,child8,2073025,frame,275
20731.147793471002,child10,2073025,frame,32
20731.154831761,child3,2073025,frame,127
20731.175569298,child9,2073025,frame,142
20731.190228169,child2,2073025,frame,54
20741.195183049,child2,2074035,frame,-87
20741.20330763,child1,2074035,frame,-213
20741.208805211998,child5,2074035,frame,18
20741.226809248998,child7,2074035,frame,-70
20741.228095374,child6,2074035,frame,-76
20741.24428462,child4,2074035,frame,-80
20741.248522952003,child10,2074035,frame,-92
20741.249896452,child8,2074035,frame,-114
20741.260781741,child3,2074035,frame,-75
20741.281275236,child9,2074035,frame,-76
20751.300328154,child2,2075045,frame,8
20751.304477903002,child1,2075045,frame,155
20751.310347401002,child5,2075045,frame,37
20751.331076688,child7,2075045,frame,20
20751.331107938,child6,2075045,frame,18
20751.348977683,child4,2075045,frame,146
20751.352742057,child10,2075045,frame,-124
20751.354357223998,child8,2075045,frame,24
20751.36331193,child3,2075045,frame,10
20751.385045049,child9,2075045,frame,5
20761.408609925,child2,2076055,frame,125
20761.411210632,child1,2076055,frame,6
20761.413059507002,child5,2076055,frame,28
20761.434892793,child7,2076055,frame,123
20761.435791543,child6,2076055,frame,136
20761.454301413,child8,2076055,frame,17
20761.454874371,child4,2076055,frame,-2
20761.457196871,child10,2076055,frame,258
20761.46887916,child3,2076055,frame,2
20761.490399571,child9,2076055,frame,135
20771.496305075998,child9,2077065,frame,-70
20771.514656113,child1,2077065,frame,-119
20771.515013321,child2,2077065,frame,36
20771.521584903003,child5,2077065,frame,38
20771.537769815,child6,2077065,frame,-76
20771.541936689002,child7,2077065,frame,-197
20771.558200018,child4,2077065,frame,-80
20771.560844309,child8,2077065,frame,26
20771.562535726,child10,2077065,frame,-93
20771.575073098,child3,2077065,frame,2
20781.600398639002,child9,2078075,frame,158
20781.614168677,child1,2078075,frame,139
20781.618830509,child2,2078075,frame,37
20781.626293008,child5,2078075,frame,135
20781.642028004,child6,2078075,frame,174
20781.649197877003,child7,2078075,frame,183
20781.66329229,child4,2078075,frame,185
20781.667094081,child8,2078075,frame,10
20781.668156372,child10,2078075,frame,31
20781.680322327,child3,2078075,frame,55
20791.704585953,child9,2079085,frame,-100
20791.715926116,child1,2079085,frame,0
20791.723824156,child2,2079085,frame,-102
20791.72812478,child5,2079085,frame,-194
20791.74707665,child6,2079085,frame,-92
20791.75495619,child7,2079085,frame,-70
20791.764927229,child4,2079085,frame,-89
20791.770039895,child8,2079085,frame,133
20791.772667644,child10,2079085,frame,-91
20791.783360891,child3,2079085,frame,50
20801.810051057,child9,2080095,frame,32
20801.821088596,child1,2080095,frame,-74
20801.82560672,child2,2080095,frame,51
20801.831553552,child5,2080095,frame,20
20801.864729377,child7,2080095,frame,124
20801.869022459,child4,2080095,frame,48
20801.877257999,child10,2080095,frame,50
20801.878659165,child8,2080095,frame,12
20801.890315411998,child3,2080095,frame,-78
20806.974878103,root,2080606,peer,-224
20810.881657253,child10,2081004,frame,0
20810.885213128,child8,2081004,frame,-89
20810.894922958003,child3,2081004,frame,53
20810.915825911998,child9,2081004,frame,-67
20810.928057032997,child2,2081004,frame,-2
20810.930404491,child1,2081004,frame,5
20810.938554239,child5,2081004,frame,20
20810.958337859,child6,2081004,frame,60
20810.970996314,child4,2081004,frame,-126
20810.971693606,child7,2081004,frame,40
20820.986544317,child10,2082014,frame,56
20820.993105357,child8,2082014,frame,1
20820.997637772,child3,2082014,frame,-88
20821.019459934,child9,2082014,frame,49
20821.037092887,child2,2082014,frame,39
20821.038745887,child1,2082014,frame,16
20821.045034969,child5,2082014,frame,4
20821.059281548998,child6,2082014,frame,-2
20821.07509817,child4,2082014,frame,52
20821.078342585002,child7,2082014,frame,-80
20831.083294424003,child4,2083024,frame,36
20831.092362420997,child10,2083024,frame,40
20831.099094377998,child3,2083024,frame,56
20831.103851085,child8,2083024,frame,4
20831.126686455,child9,2083024,frame,32
20831.140326201,child1,2083024,frame,55
20831.140956909,child2,2083024,frame,22
20831.149633616,child5,2083024,frame,22
20831.159136613,child6,2083024,frame,36
20831.179577691,child7,2083024,frame,27
20841.186973862,child7,2084034,frame,-86
20841.187171404,child4,2084034,frame,-80
20841.195472194002,child10,2084034,frame,-109
20841.204594941002,child3,2084034,frame,-75
20841.212187231,child8,2084034,frame,-78
20841.228694477,child9,2084034,frame,5
20841.244444931,child1,2084034,frame,-125
20841.246951931,child2,2084034,frame,-110
20841.254111471,child5,2084034,frame,2
20841.264278593,child6,2084034,frame,24
20851.292521717,child4,2085044,frame,7
20851.293209592,child7,2085044,frame,168
20851.30163984,child10,2085044,frame,37
20851.306866172,child3,2085044,frame,56
20851.318620586,child8,2085044,frame,136
20851.333114499,child9,2085044,frame,32
20851.346888079,child1,2085044,frame,141
20851.349600244997,child2,2085044,frame,20
20851.359314284,child5,2085044,frame,3
20851.366907032003,child6,2085044,frame,14
20861.397843447,child4,2086054,frame,43
20861.402978654,child7,2086054,frame,16
20861.405605153002,child10,2086054,frame,43
20861.40775382,child3,2086054,frame,50
20861.424172899002,child8,2086054,frame,40
20861.435131813,child9,2086054,frame,17
20861.451744309,child1,2086054,frame,-124
20861.456919974,child2,2086054,frame,39
20861.461544681002,child5,2086054,frame,4
20861.479970135,child6,2086054,frame,24
20871.504346301997,child4,2087064,frame,58
20871.5100918,child7,2087064,frame,-96
20871.510948383,child10,2087064,frame,40
20871.514503549,child3,2087064,frame,48
20871.525993046,child8,2087064,frame,-94
20871.541392792,child9,2087064,frame,-92
20871.554178331,child1,2087064,frame,14
20871.561875204,child2,2087064,frame,38
20871.562187662003,child5,2087064,frame,20
20876.678446928,root,2087575,peer,22
20881.587931537,child6,2088074,frame,-109
20881.609708323,child4,2088074,frame,-83
20881.617607779997,child7,2088074,frame,11
20881.619066613,child10,2088074,frame,25
20881.620331112,child3,2088074,frame,-75
20881.631871234,child8,2088074,frame,10
20881.646164898,child9,2088074,frame,33
20881.656562853,child1,2088074,frame,14
20881.66872735,child5,2088074,frame,14
20881.671286725,child2,2088074,frame,23
20891.689341018,child6,2089084,frame,-75
20891.71278497,child4,2089084,frame,59
20891.722003593,child7,2089084,frame,-86
20891.722387135,child10,2089084,frame,-102
20891.72283701,child3,2089084,frame,47
20891.741582047,child8,2089084,frame,55
20891.749374836003,child9,2089084,frame,12
20891.761648,child1,2089084,frame,6
20891.774907871997,child2,2089084,frame,-121
20891.775133205,child5,2089084,frame,-67
20901.792435040003,child6,2090094,frame,31
20901.817978492,child4,2090094,frame,-88
20901.826266907,child3,2090094,frame,50
20901.828644448,child10,2090094,frame,160
20901.829223239,child7,2090094,frame,162
20901.846287443,child8,2090094,frame,40
20901.853123275,child9,2090094,frame,21
20901.871026312,child1,2090094,frame,131
20901.879916018002,child5,2090094,frame,128
20901.883880226,child2,2090094,frame,162
20910.884767606003,child5,2091003,frame,-121
20910.889122105,child2,2091003,frame,4
20910.898057186,child6,2091003,frame,128
20910.926619887003,child4,2091003,frame,12
20910.92903472,child3,2091003,frame,-86
20910.933299427,child10,2091003,frame,-89
20910.933331177,child7,2091003,frame,-87
20910.950522422998,child8,2091003,frame,0
20910.959691504002,child9,2091003,frame,51
20910.972239792,child1,2091003,frame,-69
20920.977691006003,child1,2092013,frame,6
20920.992916502,child5,2092013,frame,4
20920.994542835,child2,2092013,frame,22
20921.003128208,child6,2092013,frame,-109
20921.033675783,child4,2092013,frame,58
20921.036218408,child7,2092013,frame,19
20921.037707282,child10,2092013,frame,31
20921.039029323998,child3,2092013,frame,46
20921.054860695,child8,2092013,frame,-94
20921.063915234,child9,2092013,frame,-108
20931.081093606,child1,2093023,frame,-72
20931.098248352,child5,2093023,frame,4
20931.102826850998,child2,2093023,frame,-74
20931.102938975,child6,2093023,frame,29
20931.138009550003,child10,2093023,frame,0
20931.138701092,child4,2093023,frame,-82
20931.143195965,child3,2093023,frame,-93
20931.14343259,child7,2093023,frame,23
20931.156962212,child8,2093023,frame,32
20931.171252,child9,2093023,frame,137
20941.185166914,child1,2094033,frame,139
20941.202729993,child5,2094033,frame,22
20941.205725409,child6,2094033,frame,30
20941.208817407998,child2,2094033,frame,15
20941.244192357,child4,2094033,frame,-73
20941.244967524,child10,2094033,frame,15
20941.247082148002,child7,2094033,frame,-88
20941.248385773,child3,2094033,frame,46
20941.259677561997,child8,2094033,frame,58
20941.275093891,child9,2094033,frame,17
20951.281430723997,child9,2095043,frame,17
20951.289033764002,child1,2095043,frame,-204
20951.306414343,child5,2095043,frame,3
20951.306713634,child6,2095043,frame,28
20951.310427758002,child2,2095043,frame,14
20951.349167665,child4,2095043,frame,6
20951.351487206,child7,2095043,frame,36
20951.351778123,child3,2095043,frame,47
20951.353426996997,child10,2095043,frame,17
20951.366169828,child8,2095043,frame,40
20961.386666698003,child9,2096053,frame,-124
20961.393337737998,child1,2096053,frame,133
20961.41455365,child5,2096053,frame,-123
20961.415486024,child6,2096053,frame,-94
20961.415827191,child2,2096053,frame,-110
20961.453567431,child3,2096053,frame,-80
20961.453666848,child4,2096053,frame,-111
20961.456460221998,child10,2096053,frame,-234
20961.457314764,child7,2096053,frame,-86
20961.472522843,child8,2096053,frame,-209
20971.478495384,child8,2097063,frame,47
20971.493901297,child9,2097063,frame,16
20971.494376672,child1,2097063,frame,-70
20971.517242791,child6,2097063,frame,32
20971.518796999,child5,2097063,frame,145
20971.524048206,child2,2097063,frame,12
20971.557205823,child4,2097063,frame,147
20971.559815364,child3,2097063,frame,30
20971.563425363,child7,2097063,frame,35
20971.563748696,child10,2097063,frame,174
20981.582732025003,child8,2098073,frame,47
20981.599906438,child1,2098073,frame,0
20981.600089896,child9,2098073,frame,-2
20981.619540516,child6,2098073,frame,-86
20981.624954307,child5,2098073,frame,-66
20981.629177097002,child2,2098073,frame,15
20981.660190256,child4,2098073,frame,13
20981.661549881,child3,2098073,frame,-77
20981.667468088002,child10,2098073,frame,-110
20981.667624088,child7,2098073,frame,39
20991.685251959,child8,2099083,frame,3
20991.702957829,child9,2099083,frame,17
20991.705376370002,child1,2099083,frame,33
20991.723489199,child6,2099083,frame,32
20991.730603863998,child5,2099083,frame,38
20991.731976489,child2,2099083,frame,30
20991.763578106,child4,2099083,frame,7
20991.76593998,child3,2099083,frame,2
20991.769578313,child10,2099083,frame,49
20991.771502687,child7,2099083,frame,-72
21001.790676683002,child8,2100093,frame,49
21001.807661012,child9,2100093,frame,21
21001.808489137,child1,2100093,frame,6
21001.82819809,child6,2100093,frame,45
21001.836022755,child2,2100093,frame,29
21001.836323838,child5,2100093,frame,4
21001.867514038997,child4,2100093,frame,7
21001.868433955,child3,2100093,frame,57
21001.874249329,child10,2100093,frame,16
21001.874632412,child7,2100093,frame,161
21010.871291539,child4,2101002,frame,36
21010.873795746,child3,2101002,frame,-126
21010.879447286,child7,2101002,frame,-74
21010.881994703,child10,2101002,frame,52
21010.895249991,child8,2101002,frame,-82
21010.913283153,child1,2101002,frame,-116
21010.913492861,child9,2101002,frame,-88
21010.930251857,child6,2101002,frame,1
21010.936431647,child2,2101002,frame,-70
21010.938439897,child5,2101002,frame,18
21020.975262387998,child4,2102012,frame,130
21020.977833262998,child3,2102012,frame,127
21020.983808136,child7,2102012,frame,35
21020.98814526,child10,2102012,frame,157
21021.000374132,child8,2102012,frame,2
21021.015761461,child1,2102012,frame,263
21021.019560001998,child9,2102012,frame,13
21021.030267083,child6,2102012,frame,33
21021.041863747,child5,2102012,frame,127
21021.043378829,child2,2102012,frame,156
21031.081833820997,child3,2103022,frame,-68
21031.081949237,child4,2103022,frame,-205
21031.086578069,child7,2103022,frame,39
21031.092753734,child10,2103022,frame,-109
21031.107170023002,child8,2103022,frame,-69
21031.119030103,child1,2103022,frame,-127
21031.127411767,child9,2103022,frame,31
21031.131719308,child6,2103022,frame,33
21031.14401043,child2,2103022,frame,-112
21031.154985469,child5,2103022,frame,-198
21041.186846587,child4,2104032,frame,131
21041.188714378,child7,2104032,frame,-106
21041.190020044,child3,2104032,frame,10
21041.197780167,child10,2104032,frame,33
21041.210613789,child8,2104032,frame,133
21041.220560203,child1,2104032,frame,52
21041.233883783003,child9,2104032,frame,33
21041.238405865,child6,2104032,frame,33
21041.251868028998,child2,2104032,frame,156
21041.255760485998,child5,2104032,frame,137
21051.292410811,child4,2105042,frame,-89
21051.292770644002,child3,2105042,frame,2
21051.294692602,child7,2105042,frame,39
21051.303563308,child10,2105042,frame,0
21051.318147388,child8,2105042,frame,-73
21051.323816553002,child1,2105042,frame,-2
21051.336682925,child9,2105042,frame,-108
21051.34313459,child6,2105042,frame,-108
21051.35678167,child2,2105042,frame,-80
21051.36178571,child5,2105042,frame,-127
21061.396170827,child4,2106052,frame,-2
21061.399882576,child7,2106052,frame,37
21061.403097617,child3,2106052,frame,8
21061.410541449,child10,2106052,frame,16
21061.422662029003,child8,2106052,frame,47
21061.424901112,child1,2106052,frame,-72
21061.441591316,child9,2106052,frame,32
21061.44432869,child6,2106052,frame,33
21061.460792853002,child2,2106052,frame,6
21061.466034143003,child5,2106052,frame,135
21071.470625392998,child5,2107062,frame,48
21071.498353761,child4,2107062,frame,-2
21071.50755305,child7,2107062,frame,19
21071.513955047998,child3,2107062,frame,-1
21071.516231256002,child10,2107062,frame,-80
21071.529610544,child8,2107062,frame,3
21071.531394877,child1,2107062,frame,-2
21071.546051624002,child9,2107062,frame,137
21071.546086957,child6,2107062,frame,37
21071.567555743,child2,2107062,frame,7
21081.570158618,child2,2108072,frame,5
21081.576037159,child5,2108072,frame,44
21081.601847194,child4,2108072,frame,60
21081.614119399,child7,2108072,frame,-102
21081.619713564,child10,2108072,frame,10
21081.622213355,child3,2108072,frame,0
21081.634786852,child8,2108072,frame,48
21081.638926851,child1,2108072,frame,0
21081.649379514998,child9,2108072,frame,-108
21081.655152180003,child6,2108072,frame,18
21091.672431927,child2,2109082,frame,8
21091.681898549003,child5,2109082,frame,-91
21091.706132085,child4,2109082,frame,-72
21091.718898665,child7,2109082,frame,160
21091.725930122,child10,2109082,frame,9
21091.727827455,child3,2109082,frame,8
21091.738790202,child8,2109082,frame,47
21091.746088658,child1,2109082,frame,0
21091.753642198,child9,2109082,frame,32
21091.761792778998,child6,2109082,frame,16
21101.778594234,child2,2110092,frame,40
21101.788982898,child5,2110092,frame,0
21101.81374085,child4,2110092,frame,0
21101.82065814,child7,2110092,frame,-225
21101.829325763,child10,2110092,frame,-115
21101.833567137,child3,2110092,frame,-195
21101.841263969,child8,2110092,frame,-74
21101.849297716,child1,2110092,frame,-78
21101.859101505997,child9,2110092,frame,22
21101.867001169998,child6,2110092,frame,15
21110.866455671003,child9,2111001,frame,31
21110.86906642,child6,2111001,frame,-76
21110.885958666,child2,2111001,frame,51
21110.89229204,child5,2111001,frame,11
21110.917171283,child4,2111001,frame,36
21110.926381739002,child7,2111001,frame,128
21110.932726404997,child10,2111001,frame,181
21110.942017152,child8,2111001,frame,50
21110.942832152003,child3,2111001,frame,265
21110.953222983,child1,2111001,frame,150
21120.969984771,child9,2112011,frame,17
21120.972503729,child6,2112011,frame,24
21120.990430557,child2,2112011,frame,-79
21120.995631389,child5,2112011,frame,33
21121.020034425,child4,2112011,frame,-73
21121.03272313,child7,2112011,frame,27
21121.038231712,child10,2112011,frame,9
21121.044122794,child3,2112011,frame,-69
21121.052133917,child8,2112011,frame,23
21121.058014416,child1,2112011,frame,-70
21131.062237123002,child1,2113021,frame,8
21131.075520162,child9,2113021,frame,-108
21131.079197578,child6,2113021,frame,26
21131.097068323,child2,2113021,frame,7
21131.101002655,child5,2113021,frame,41
21131.125053316002,child4,2113021,frame,139
21131.139335729,child7,2113021,frame,-96
21131.14205027,child10,2113021,frame,8
21131.151216642997,child3,2113021,frame,127
21131.15713135,child8,2113021,frame,-76
21141.163694807,child8,2114031,frame,31
21141.16429914,child1,2114031,frame,8
21141.179742136002,child9,2114031,frame,142
21141.18436801,child6,2114031,frame,8
21141.202565589,child5,2114031,frame,-105
21141.203597922,child2,2114031,frame,41
21141.233669581,child4,2114031,frame,-73
21141.244588995,child7,2114031,frame,27
21141.246629786,child10,2114031,frame,8
21141.255229618,child3,2114031,frame,-75
21151.264045283002,child3,2115041,frame,-69
21151.266720032,child1,2115041,frame,-108
21151.267090199002,child8,2115041,frame,32
21151.282261111,child9,2115041,frame,-125
21151.286961194,child6,2115041,frame,11
21151.309982854,child5,2115041,frame,42
21151.311643021,child2,2115041,frame,-71
21151.339620471997,child4,2115041,frame,-2
21151.34897022,child7,2115041,frame,-78
21151.350931386,child10,2115041,frame,-71
21161.360452468,child10,2116051,frame,132
21161.368210341,child1,2116051,frame,139
21161.370154298,child8,2116051,frame,44
21161.37060409,child3,2116051,frame,127
21161.388002461,child9,2116051,frame,138
21161.388879834998,child6,2116051,frame,11
21161.415161787,child5,2116051,frame,123
21161.417516037,child2,2116051,frame,124
21161.448403446,child4,2116051,frame,-65
21161.453518693997,child7,2116051,frame,248
21171.459597527002,child7,2117061,frame,-121
21171.469536941,child10,2117061,frame,-70
21171.474002106,child3,2117061,frame,-200
21171.478051605,child8,2117061,frame,-227
21171.480499313002,child1,2117061,frame,-127
21171.491626185,child6,2117061,frame,-95
21171.497551892,child9,2117061,frame,-125
21171.519693262,child5,2117061,frame,-216
21171.523158261,child2,2117061,frame,-204
21171.553797378,child4,2117061,frame,14
21181.560541627,child4,2118071,frame,6
21181.561951002,child7,2118071,frame,53
21181.574101914997,child10,2118071,frame,1
21181.578694956002,child3,2118071,frame,134
21181.584774288,child8,2118071,frame,136
21181.588041954,child1,2118071,frame,14
21181.593601077002,child6,2118071,frame,25
21181.602770158,child9,2118071,frame,-107
21181.626448861,child5,2118071,frame,48
21181.630129818,child2,2118071,frame,51
21191.666197601,child4,2119081,frame,5
21191.671202225,child7,2119081,frame,3
21191.678377015,child10,2119081,frame,47
21191.683449930002,child3,2119081,frame,33
21191.693158845,child1,2119081,frame,6
21191.693388095,child8,2119081,frame,31
21191.69666351,child6,2119081,frame,-100
21191.707572091,child9,2119081,frame,157
21191.729073752,child5,2119081,frame,43
21191.733324876,child2,2119081,frame,8
21201.7724492,child4,2120091,frame,135
21201.777999366,child7,2120091,frame,33
21201.781394572998,child10,2120091,frame,-69
21201.790906029,child3,2120091,frame,-69
21201.79585632,child1,2120091,frame,-103
21201.799743027,child6,2120091,frame,155
21201.800954193,child8,2120091,frame,-92
21201.813525607,child9,2120091,frame,-107
21201.830934852,child5,2120091,frame,36
21201.838966267,child2,2120091,frame,137
21210.8772073,child4,2121000,frame,6
21210.882286007,child10,2121000,frame,22
21210.885348631,child7,2121000,frame,-99
21210.894842379,child3,2121000,frame,-65
21210.901001669,child1,2121000,frame,30
21210.906479751,child6,2121000,frame,49
21210.908069167,child8,2121000,frame,139
21210.919438373,child9,2121000,frame,46
21210.932085619,child5,2121000,frame,10
21210.943067908,child2,2121000,frame,39
21220.981611066,child4,2122010,frame,-127
21220.985720065,child10,2122010,frame,-80
21220.990172814,child7,2122010,frame,31
21221.001861686,child1,2122010,frame,30
21221.006400518,child3,2122010,frame,16
21221.012308975,child8,2122010,frame,-102
21221.014004099998,child6,2122010,frame,-240
21221.024190555,child9,2122010,frame,17
21221.039782343,child5,2122010,frame,-84
21221.045751967,child2,2122010,frame,-222
21231.051753007,child2,2123020,frame,14
21231.085855581998,child4,2123020,frame,-120
21231.088842873,child10,2123020,frame,10
21231.095074622,child7,2123020,frame,-96
21231.107073577,child1,2123020,frame,30
21231.112643867,child3,2123020,frame,8
21231.113375325003,child6,2123020,frame,166
21231.117406616,child8,2123020,frame,-85
21231.129463488,child9,2123020,frame,-218
21231.142660526,child5,2123020,frame,41
21241.152481107998,child2,2124030,frame,132
21241.192526098002,child10,2124030,frame,-125
21241.194633430998,child4,2124030,frame,148
21241.198451846,child7,2124030,frame,136
21241.209321594,child1,2124030,frame,16
21241.216527800003,child6,2124030,frame,25
21241.217219925,child3,2124030,frame,44
21241.220300924,child8,2124030,frame,135
21241.234534837,child9,2124030,frame,174
21241.250889875,child5,2124030,frame,166
21251.257089582,child5,2125040,frame,-216
21251.26066379,child2,2125040,frame,-119
21251.297859656,child4,2125040,frame,-65
21251.299046404998,child10,2125040,frame,32
21251.307341237,child7,2125040,frame,-86
21251.313300402002,child1,2125040,frame,-93
21251.321825525,child3,2125040,frame,10
21251.323153233,child6,2125040,frame,-100
21251.331229814,child8,2125040,frame,-78
21251.339675478,child9,2125040,frame,-98
21261.363334723,child5,2126050,frame,37
21261.365657098,child2,2126050,frame,44
21261.401832964,child4,2126050,frame,5
21261.407937504002,child10,2126050,frame,150
21261.410238878,child7,2126050,frame,19
21261.417553418,child1,2126050,frame,157
21261.425848166,child3,2126050,frame,50
21261.427831915,child6,2126050,frame,46
21261.435525747,child8,2126050,frame,31
21261.444831078,child9,2126050,frame,174
21271.452320076998,child9,2127060,frame,-109
21271.467334864003,child5,2127060,frame,-73
21271.468697072,child2,2127060,frame,0
21271.509922812,child4,2127060,frame,7
21271.515958269,child7,2127060,frame,39
21271.516516644002,child10,2127060,frame,8
21271.522992267,child1,2127060,frame,-234
21271.527997974,child6,2127060,frame,-101
21271.531522348003,child3,2127060,frame,-69
21271.538294263002,child8,2127060,frame,-66
21281.55446201,child9,2128070,frame,48
21281.574933297,child5,2128070,frame,49
21281.576310421002,child2,2128070,frame,-1
21281.616280203,child4,2128070,frame,-120
21281.619861577,child10,2128070,frame,16
21281.621839743,child7,2128070,frame,37
21281.626028534,child1,2128070,frame,173
21281.633883115002,child6,2128070,frame,-99
21281.63576424,child3,2128070,frame,10
21281.642517237997,child8,2128070,frame,55
21291.661933400002,child9,2129080,frame,158
21291.680697187,child2,2129080,frame,15
21291.683384187003,child5,2129080,frame,48
21291.720690344,child10,2129080,frame,54
21291.722475927,child4,2129080,frame,288
21291.725365135,child7,2129080,frame,19
21291.729624008,child1,2129080,frame,33
21291.736531757,child6,2129080,frame,306
21291.744936338,child3,2129080,frame,126
21291.747936254,child8,2129080,frame,57
21301.758550627,child8,2130090,frame,49
21301.767320333,child9,2130090,frame,1
21301.788890619,child5,2130090,frame,-79
21301.791247994,child2,2130090,frame,20
21301.82757186,child10,2130090,frame,4
21301.831104942,child7,2130090,frame,23
21301.832031941998,child4,2130090,frame,-117
21301.835310733,child1,2130090,frame,14
21301.835732941003,child6,2130090,frame,-94
21301.850685062,child3,2130090,frame,-83
21311.857096060998,child3,2131100,frame,49
21311.866471767,child8,2131100,frame,-92
21311.872304056997,child9,2131100,frame,20
21311.893426718998,child5,2131100,frame,44
21311.89502151,child2,2131100,frame,39
21311.931155168,child10,2131100,frame,58
21311.934012584003,child4,2131100,frame,26
21311.937076708,child7,2131100,frame,5
21311.938018374,child1,2131100,frame,14
21311.939028332,child6,2131100,frame,138
21320.959870119,child3,2132009,frame,-77
21320.972570033,child8,2132009,frame,0
21320.976421365,child9,2132009,frame,-101
21320.996952819,child2,2132009,frame,-211
21320.999303401,child5,2132009,frame,16
21321.035159559,child10,2132009,frame,-118
21321.038538557998,child4,2132009,frame,-69
21321.040016141,child7,2132009,frame,-100
21321.041714641,child6,2132009,frame,-201
21321.042513015,child1,2132009,frame,-233
21331.042846391,child4,2133019,frame,13
21331.043155765998,child7,2133019,frame,19
21331.04797039,child6,2133019,frame,167
21331.065626385,child3,2133019,frame,55
21331.081606465,child8,2133019,frame,47
21331.081771006,child9,2133019,frame,16
21331.101801168,child5,2133019,frame,3
21331.102932501,child2,2133019,frame,155
21331.140814617,child10,2133019,frame,47
21331.142027741,child1,2133019,frame,170
21341.144842658,child1,2134029,frame,13
21341.149148865,child10,2134029,frame,-86
21341.14936699,child7,2134029,frame,23
21341.149550657,child4,2134029,frame,24
21341.153389405998,child6,2134029,frame,-117
21341.174636859,child3,2134029,frame,-79
21341.187160564,child9,2134029,frame,-81
21341.187196981,child8,2134029,frame,-94
21341.206016476,child5,2134029,frame,-84
21341.210269724997,child2,2134029,frame,-81
21351.245982925,child1,2135039,frame,-95
21351.252097965,child7,2135039,frame,21
21351.253439715,child4,2135039,frame,4
21351.256518506,child10,2135039,frame,1
21351.257632797,child6,2135039,frame,46
21351.278782708,child3,2135039,frame,125
21351.290245122,child9,2135039,frame,150
21351.298090495,child8,2135039,frame,3
21351.312581742,child5,2135039,frame,181
21351.314631658,child2,2135039,frame,15
21361.353022856998,child1,2136049,frame,139
21361.357073938998,child4,2136049,frame,4
21361.359810605,child7,2136049,frame,3
21361.361079604998,child6,2136049,frame,9
21361.363878270997,child10,2136049,frame,124
21361.381523933,child3,2136049,frame,38
21361.394907388003,child9,2136049,frame,-69
21361.401304095,child8,2136049,frame,39
21361.418488424,child5,2136049,frame,-96
21361.424535631002,child2,2136049,frame,14
21371.455774249,child1,2137059,frame,-111
21371.460071206,child4,2137059,frame,-75
21371.463937455,child7,2137059,frame,23
21371.46570908,child6,2137059,frame,-69
21371.469494412002,child10,2137059,frame,-95
21371.486642241,child3,2137059,frame,-94
21371.497301613,child9,2137059,frame,0
21371.508067986,child8,2137059,frame,40
21371.526821355998,child5,2137059,frame,42
21371.530761313,child2,2137059,frame,140
21381.559912973,child1,2138069,frame,32
21381.564122014002,child4,2138069,frame,27
21381.569633763,child6,2138069,frame,34
21381.570874096,child7,2138069,frame,4
21381.576643219003,child10,2138069,frame,0
21381.592032715,child3,2138069,frame,-70
21381.601231588,child9,2138069,frame,142
21381.614328125997,child8,2138069,frame,-66
21381.631525497,child5,2138069,frame,-2
21381.635254246,child2,2138069,frame,-127
21391.665003823,child1,2139079,frame,-93
21391.673266112,child7,2139079,frame,23
21391.673529945998,child4,2139079,frame,12
21391.674282444998,child6,2139079,frame,-109
21391.683926817997,child10,2139079,frame,0
21391.694300524,child3,2139079,frame,37
21391.706104396002,child9,2139079,frame,-81
21391.718932684,child8,2139079,frame,55
21391.737693971,child5,2139079,frame,-92
21391.739173762002,child2,2139079,frame,-2
21401.745210595,child2,2140089,frame,147
21401.76483734,child1,2140089,frame,173
21401.77774342,child7,2140089,frame,20
21401.778319003002,child4,2140089,frame,-112
21401.779318628,child6,2140089,frame,175
21401.787018334002,child10,2140089,frame,9
21401.804751663,child3,2140089,frame,56
21401.811540412,child9,2140089,frame,8
21401.825491866,child8,2140089,frame,57
21401.84479482,child5,2140089,frame,49
21411.848360153002,child5,2141099,frame,45
21411.852161027,child2,2141099,frame,-81
21411.871493147002,child1,2141099,frame,1
21411.882173728,child4,2141099,frame,148
21411.884119102,child6,2141099,frame,5
21411.886540269,child7,2141099,frame,-72
21411.892618517,child10,2141099,frame,-68
21411.910456929,child3,2141099,frame,41
21411.91920601,child9,2141099,frame,123
21411.932671464998,child8,2141099,frame,-92
21420.937760047997,child8,2142008,frame,-67
21420.954796794,child5,2142008,frame,-71
21420.956486918,child2,2142008,frame,52
21420.972613373,child1,2142008,frame,-107
21420.984263745,child6,2142008,frame,-69
21420.988661369,child4,2142008,frame,-101
21420.991943826,child7,2142008,frame,29
21421.000111907,child10,2142008,frame,28
21421.01725882,child3,2142008,frame,-77
21421.023143693,child9,2142008,frame,16
21431.041476439,child8,2143018,frame,128
21431.059163227,child2,2143018,frame,33
21431.059408475998,child5,2143018,frame,53
21431.075382764,child1,2143018,frame,157
21431.082156929002,child6,2143018,frame,18
21431.089141844,child4,2143018,frame,23
21431.098321049998,child7,2143018,frame,58
21431.103818714997,child10,2143018,frame,0
21431.121240503,child3,2143018,frame,42
21431.129658084003,child9,2143018,frame,11
21441.147819538,child8,2144028,frame,-94
21441.163553034,child5,2144028,frame,-77
21441.164626826,child2,2144028,frame,-79
21441.178546614,child1,2144028,frame,-107
21441.188883736,child6,2144028,frame,-88
21441.19363586,child4,2144028,frame,21
21441.202485108,child7,2144028,frame,-118
21441.214082230003,child10,2144028,frame,45
21441.226780435,child3,2144028,frame,49
21441.232076058997,child9,2144028,frame,-85
21451.239257266,child9,2145038,frame,39
21451.256064595,child8,2145038,frame,48
21451.26953305,child2,2145038,frame,54
21451.269570634,child5,2145038,frame,174
21451.283827922,child1,2145038,frame,29
21451.295830960004,child4,2145038,frame,22
21451.295926377,child6,2145038,frame,158
21451.304181000003,child7,2145038,frame,145
21451.315572997,child10,2145038,frame,136
21451.331645576,child3,2145038,frame,50
21461.342854407998,child9,2146048,frame,-94
21461.359840319998,child8,2146048,frame,-123
21461.374709274998,child2,2146048,frame,-1
21461.376543649,child5,2146048,frame,-92
21461.385659313,child1,2146048,frame,14
21461.396507186,child6,2146048,frame,-116
21461.399742018,child4,2146048,frame,14
21461.408550933,child7,2146048,frame,-74
21461.421535971,child10,2146048,frame,-204
21461.433886300998,child3,2146048,frame,-92
21471.436532343,child3,2147058,frame,33
21471.444095133,child9,2147058,frame,56
21471.463570045,child8,2147058,frame,180
21471.477790666,child2,2147058,frame,-96
21471.479204707,child5,2147058,frame,-82
21471.485021248,child1,2147058,frame,13
21471.499926911,child6,2147058,frame,25
21471.507467034,child4,2147058,frame,14
21471.513408282,child7,2147058,frame,13
21471.526138362,child10,2147058,frame,133
21481.544223317,child3,2148068,frame,-94
21481.549588357,child9,2148068,frame,-106
21481.569477060002,child8,2148068,frame,-86
21481.581645474,child2,2148068,frame,178
21481.58574214,child5,2148068,frame,42
21481.589696222,child1,2148068,frame,-2
21481.606696843,child6,2148068,frame,9
21481.609467009,child4,2148068,frame,13
21481.616328173997,child7,2148068,frame,57
21481.632208878,child10,2148068,frame,-70
21491.637305377,child10,2149078,frame,126
21491.647285833,child3,2149078,frame,172
21491.658787205,child9,2149078,frame,173
21491.673092868998,child8,2149078,frame,138
21491.686351574,child2,2149078,frame,-79
21491.692712405,child1,2149078,frame,14
21491.69332753,child5,2149078,frame,123
21491.708167568,child6,2149078,frame,150
21491.717358982,child4,2149078,frame,-1
21491.720319231998,child7,2149078,frame,7
21501.744937268,child10,2150088,frame,-87
21501.753304641003,child3,2150088,frame,-95
21501.762059639,child9,2150088,frame,-86
21501.778129385,child8,2150088,frame,-93
21501.790337215,child2,2150088,frame,46
21501.796001463,child1,2150088,frame,14
21501.798108421,child5,2150088,frame,-91
21501.811179376,child6,2150088,frame,-116
21501.821271207,child4,2150088,frame,13
21501.824993748003,child7,2150088,frame,-65
21511.848203701,child10,2151098,frame,-92
21511.858045324003,child3,2151098,frame,-93
21511.869775779,child9,2151098,frame,-74
21511.878910818,child8,2151098,frame,-76
21511.896201981002,child1,2151098,frame,-127
21511.896977605,child2,2151098,frame,44
21511.900494229998,child5,2151098,frame,-91
21511.914993643,child6,2151098,frame,-93
21511.926144432,child4,2151098,frame,-124
21511.930257514,child7,2151098,frame,-74
21520.930544514,child4,2152007,frame,35
21520.938429137,child7,2152007,frame,37
21520.955467549997,child10,2152007,frame,141
21520.965067089,child3,2152007,frame,35
21520.973916462,child9,2152007,frame,36
21520.983323293,child8,2152007,frame,3
21520.997582456,child1,2152007,frame,156
21520.99927783,child2,2152007,frame,-113
21521.003130079,child5,2152007,frame,131
21521.013393327,child6,2152007,frame,43
21531.033688946998,child4,2153017,frame,-110
21531.045497778,child7,2153017,frame,50
21531.062827399,child10,2153017,frame,-78
21531.068410439,child3,2153017,frame,-76
21531.078511603002,child9,2153017,frame,-89
21531.084978810002,child8,2153017,frame,48
21531.10407693,child2,2153017,frame,46
21531.106684929,child1,2153017,frame,-126
21531.109205012002,child5,2153017,frame,-98
21531.114667511,child6,2153017,frame,-96
21541.138901629998,child4,2154027,frame,154
21541.149822919,child7,2154027,frame,15
21541.171053830003,child10,2154027,frame,7
21541.173690246,child3,2154027,frame,127
21541.181052995,child9,2154027,frame,133
21541.189028159,child8,2154027,frame,2
21541.211180779,child1,2154027,frame,16
21541.21129282,child2,2154027,frame,-79
21541.214921736,child6,2154027,frame,167
21541.216621361,child5,2154027,frame,14
21551.241568063,child4,2155037,frame,-111
21551.257931476,child7,2155037,frame,-76
21551.27713343,child3,2155037,frame,-83
21551.279434928998,child10,2155037,frame,-78
21551.286929135,child9,2155037,frame,-77
21551.292783342,child8,2155037,frame,-94
21551.316299169997,child1,2155037,frame,16
21551.317225003,child6,2155037,frame,-117
21551.317647794,child2,2155037,frame,36
21551.318625336,child5,2155037,frame,49
21561.347048788,child4,2156047,frame,30
21561.361799325998,child7,2156047,frame,16
21561.383732278002,child3,2156047,frame,56
21561.38500082,child10,2156047,frame,9
21561.389960652003,child9,2156047,frame,1
21561.392999984,child8,2156047,frame,1
21561.41901252,child1,2156047,frame,16
21561.421848644,child2,2156047,frame,-87
21561.422914477,child5,2156047,frame,-92
21561.424646893,child6,2156047,frame,26
21571.42786031,child2,2157057,frame,131
21571.429056601,child5,2157057,frame,48
21571.430401850997,child6,2157057,frame,24
21571.450951136998,child4,2157057,frame,-95
21571.467602632998,child7,2157057,frame,21
21571.488622836,child10,2157057,frame,125
21571.490696211,child3,2157057,frame,-83
21571.494317168002,child9,2157057,frame,36
21571.502109208,child8,2157057,frame,10
21571.523809952,child1,2157057,frame,16
21581.533404367,child5,2158067,frame,-65
21581.534857324998,child6,2158067,frame,-83
21581.536026992002,child2,2158067,frame,-79
21581.554204362,child4,2158067,frame,45
21581.574063107,child7,2158067,frame,3
21581.593843936,child10,2158067,frame,-125
21581.59513831,child3,2158067,frame,9
21581.602890558002,child9,2158067,frame,8
21581.606678349,child8,2158067,frame,10
21581.626247677,child1,2158067,frame,34
21591.63646655,child6,2159077,frame,40
21591.639862341002,child5,2159077,frame,-112
21591.641773049,child2,2159077,frame,0
21591.657724794997,child4,2159077,frame,47
21591.676788415,child7,2159077,frame,-109
21591.70030841,child3,2159077,frame,2
21591.702100201,child10,2159077,frame,54
21591.710331574,child8,2159077,frame,-125
21591.710588907,child9,2159077,frame,1
21591.728484277,child1,2159077,frame,-111
