Time [s],Channel 5,Channel 6
0.000000000,0,1
0.641812574,1,1
0.644444800,0,1
0.644480080,0,0
0.645090376,0,1
9.731956354,1,1
9.734588198,0,1
9.734624026,0,0
9.735248164,0,1
9.736841434,0,0
10.740608066,0,1
10.743021086,0,0
11.750613710,0,1
11.753026730,0,0
12.760619344,0,1
12.763032362,0,0
13.770624968,0,1
13.773038238,0,0
14.780630624,0,1
14.783043894,0,0
15.790636208,0,1
15.793049476,0,0
16.800641838,0,1
16.803054856,0,0
17.810647406,0,1
17.813060426,0,0
18.820652942,0,1
18.823065960,0,0
19.830658438,0,1
19.832114086,1,1
19.834746502,0,1
19.834781710,0,0
20.840849906,0,1
20.843262926,0,0
21.850855428,0,1
21.853268448,0,0
22.860860878,0,1
22.863274148,0,0
23.870866334,0,1
23.873279602,0,0
24.880871912,0,1
24.883285180,0,0
25.890877290,0,1
25.893290310,0,0
26.900882796,0,1
26.903295816,0,0
27.910888252,0,1
27.913301270,0,0
28.920893598,0,1
28.923306868,0,0
29.930899022,0,1
29.932270586,1,1
29.934902516,0,1
29.934938292,0,0
30.941016652,0,1
30.943429672,0,0
31.951032190,0,1
31.953445460,0,0
32.961047798,0,1
32.963461068,0,0
33.971063342,0,1
33.973476612,0,0
34.981078972,0,1
34.983492242,0,0
35.991094554,0,1
35.993507572,0,0
37.001110144,0,1
37.003523162,0,0
38.011125656,0,1
38.013538674,0,0
39.021141228,0,1
39.023554246,0,0
40.031156798,0,1
40.032426384,1,1
40.035058412,0,1
40.035094068,0,0
41.041172252,0,1
41.043585522,0,0
42.051187824,0,1
42.053601092,0,0
43.061203336,0,1
43.063616604,0,0
44.071218882,0,1
44.073632152,0,0
45.081234418,0,1
45.083647436,0,0
46.091249928,0,1
46.093662946,0,0
47.101265424,0,1
47.103678442,0,0
48.111280936,0,1
48.113693954,0,0
49.121296444,0,1
49.123709464,0,0
50.131311890,0,1
50.132581504,1,1
50.135213426,0,1
50.135249158,0,0
51.141327328,0,1
51.143740596,0,0
52.151342858,0,1
52.153756126,0,0
53.161358274,0,1
53.163771544,0,0
54.171373804,0,1
54.173786824,0,0
55.181389248,0,1
55.183802268,0,0
56.191404716,0,1
56.193817734,0,0
57.201420238,0,1
57.203833256,0,0
58.211435622,0,1
58.213848892,0,0
59.221451108,0,1
59.223864376,0,0
60.231466556,0,1
60.232736302,1,1
60.235368222,0,1
60.235403826,0,0
61.241482044,0,1
61.243895314,0,0
62.251497580,0,1
62.253910848,0,0
63.261512992,0,1
63.263926260,0,0
64.271528452,0,1
64.273941720,0,0
65.281543884,0,1
65.283956902,0,0
66.291559368,0,1
66.293972386,0,0
67.301574774,0,1
67.303987792,0,0
68.311590198,0,1
68.314003218,0,0
69.321605610,0,1
69.324018628,0,0
70.331620990,0,1
70.332890708,1,1
70.335522882,0,1
70.335558508,0,0
71.341636524,0,1
71.344049792,0,0
72.351651972,0,1
72.354065240,0,0
73.361667400,0,1
73.364080418,0,0
74.371682810,0,1
74.374095828,0,0
75.381698250,0,1
75.384111270,0,0
76.391713670,0,1
76.394126688,0,0
77.401729082,0,1
77.404142102,0,0
78.411744480,0,1
78.414157498,0,0
79.421759818,0,1
79.424173088,0,0
80.431775214,0,1
80.433044824,1,1
80.435676974,0,1
80.435712484,0,0
81.441790522,0,1
81.444203792,0,0
82.451805956,0,1
82.454219224,0,0
83.461821378,0,1
83.464234646,0,0
84.471836758,0,1
84.474250028,0,0
85.481852148,0,1
85.484265166,0,0
86.491867556,0,1
86.494280574,0,0
87.501882934,0,1
87.504295952,0,0
88.511898324,0,1
88.514311342,0,0
89.521913700,0,1
89.524326720,0,0
90.531929140,0,1
90.533198864,1,1
90.535830888,0,1
90.535866658,0,0
91.541944564,0,1
91.544357832,0,0
92.551959944,0,1
92.554373212,0,0
93.561975310,0,1
93.564388580,0,0
94.571990716,0,1
94.574403984,0,0
95.582006096,0,1
95.584419364,0,0
96.592021454,0,1
96.594434724,0,0
97.602036840,0,1
97.604450110,0,0
98.612052258,0,1
98.614465276,0,0
99.622067634,0,1
99.624480654,0,0
100.632082982,0,1
100.633352534,1,1
100.635984368,0,1
100.636020252,0,0
101.642098292,0,1
101.644511562,0,0
102.652113704,0,1
102.654526972,0,0
103.662128984,0,1
103.664542254,0,0
104.672144350,0,1
104.674557620,0,0
105.682159732,0,1
105.684573000,0,0
106.692175088,0,1
106.694588356,0,0
107.702190496,0,1
107.704603516,0,0
108.712205802,0,1
108.714618822,0,0
109.722221170,0,1
109.723490792,1,1
109.726122626,0,1
109.726158438,0,0
110.732236444,0,1
110.734649712,0,0
111.742251816,0,1
111.744665084,0,0
112.752267196,0,1
112.754680464,0,0
113.762282522,0,1
113.764695790,0,0
114.772297858,0,1
114.774711126,0,0
115.782313242,0,1
115.784726510,0,0
116.792328582,0,1
116.794741600,0,0
117.802343886,0,1
117.804756904,0,0
118.812359232,0,1
118.814772252,0,0
119.822374638,0,1
119.823644244,1,1
119.826276092,0,1
119.826311906,0,0
120.832389872,0,1
120.834803140,0,0
121.842405202,0,1
121.844818472,0,0
122.852420604,0,1
122.854833872,0,0
123.862435910,0,1
123.864849178,0,0
124.872451230,0,1
124.874864498,0,0
125.882466556,0,1
125.884879826,0,0
126.892481890,0,1
126.894895158,0,0
127.902497234,0,1
127.904910254,0,0
128.912512612,0,1
128.914925630,0,0
129.922527954,0,1
129.923797564,1,1
129.926429638,0,1
129.926465222,0,0
130.932543170,0,1
130.934956438,0,0
131.942558500,0,1
131.944971766,0,0
132.952573832,0,1
132.954987100,0,0
133.962589162,0,1
133.965002430,0,0
134.972604490,0,1
134.975017756,0,0
135.982619818,0,1
135.985033088,0,0
136.992635070,0,1
136.995048338,0,0
138.002650388,0,1
138.005063656,0,0
139.012665766,0,1
139.015078784,0,0
140.022681030,0,1
140.023950740,1,1
140.026582710,0,1
140.026618550,0,0
141.032696458,0,1
141.035109726,0,0
142.042711768,0,1
142.045125036,0,0
143.052727052,0,1
143.055140320,0,0
144.062742388,0,1
144.065155656,0,0
145.072757640,0,1
145.075170660,0,0
146.082772994,0,1
146.085186012,0,0
147.092788274,0,1
147.095201292,0,0
148.102803594,0,1
148.105216612,0,0
149.112818892,0,1
149.115231910,0,0
150.122834238,0,1
150.124103764,1,1
150.126735636,0,1
150.126771506,0,0
151.132849310,0,1
151.135262578,0,0
152.142864676,0,1
152.145277944,0,0
153.152879904,0,1
153.155293172,0,0
154.162895212,0,1
154.165308480,0,0
155.172910504,0,1
155.175323772,0,0
156.182925838,0,1
156.185339106,0,0
157.192941098,0,1
157.195354116,0,0
158.202956402,0,1
158.205369420,0,0
159.212971728,0,1
159.215384746,0,0
160.222987028,0,1
160.224256736,1,1
160.226888714,0,1
160.226924546,0,0
161.233002376,0,1
161.235415644,0,0
162.243017664,0,1
162.245430932,0,0
163.253032926,0,1
163.255446194,0,0
164.263048242,0,1
164.265461510,0,0
165.273063484,0,1
165.275476754,0,0
166.283078806,0,1
166.285492074,0,0
167.293094050,0,1
167.295507318,0,0
168.303109392,0,1
168.305522660,0,0
169.313124652,0,1
169.315537920,0,0
170.323139956,0,1
170.324409492,1,1
170.327040970,0,1
170.327076974,0,0
171.333155050,0,1
171.335568318,0,0
172.343170244,0,1
172.345583512,0,0
173.353185586,0,1
173.355598856,0,0
174.363200876,0,1
174.365614144,0,0
175.373216106,0,1
175.375629374,0,0
176.383231388,0,1
176.385644406,0,0
177.393246702,0,1
177.395659720,0,0
178.403261930,0,1
178.405674948,0,0
179.413277252,0,1
179.415690270,0,0
180.423292500,0,1
180.424562306,1,1
180.427193780,0,1
180.427230018,0,0
181.433307964,0,1
181.435721232,0,0
182.443323204,0,1
182.445736472,0,0
183.453338440,0,1
183.455751710,0,0
184.463353766,0,1
184.465767034,0,0
185.473369014,0,1
185.475782282,0,0
186.483384304,0,1
186.485797572,0,0
187.493399534,0,1
187.495812802,0,0
188.503414786,0,1
188.505828056,0,0
189.513430026,0,1
189.515843296,0,0
190.523445312,0,1
190.524714826,1,1
190.527346646,0,1
190.527382580,0,0
191.533460364,0,1
191.535873632,0,0
192.543475658,0,1
192.545888926,0,0
193.553490872,0,1
193.555904140,0,0
194.563506196,0,1
194.565919466,0,0
195.573521428,0,1
195.575934696,0,0
196.583536670,0,1
196.585949938,0,0
197.593551938,0,1
197.595964956,0,0
198.603567144,0,1
198.605980162,0,0
199.613582406,0,1
199.615995424,0,0
200.623597632,0,1
200.624867322,1,1
200.627499178,0,1
200.627534900,0,0
201.633612952,0,1
201.636026220,0,0
202.643628218,0,1
202.646041486,0,0
203.653643394,0,1
203.656056662,0,0
204.663658710,0,1
204.666071978,0,0
205.673673996,0,1
205.676087266,0,0
206.683689174,0,1
206.686102442,0,0
207.693704422,0,1
207.696117690,0,0
208.703719660,0,1
208.706132928,0,0
209.713734892,0,1
209.715004556,1,1
209.717636330,0,1
209.717672162,0,0
210.723750060,0,1
210.726163328,0,0
211.733765328,0,1
211.736178596,0,0
212.743780564,0,1
212.746193832,0,0
213.753795796,0,1
213.756209064,0,0
214.763811076,0,1
214.766224096,0,0
215.773826280,0,1
215.776239298,0,0
216.783841528,0,1
216.786254546,0,0
217.793856726,0,1
217.796269744,0,0
218.803871974,0,1
218.806284992,0,0
219.813887188,0,1
219.815156862,1,1
219.817788550,0,1
219.817824456,0,0
220.823902584,0,1
220.826315602,0,0
221.833917736,0,1
221.836331004,0,0
222.843932934,0,1
222.846346202,0,0
223.853948184,0,1
223.856361452,0,0
224.863963430,0,1
224.866376698,0,0
225.873978630,0,1
225.876391898,0,0
226.883993874,0,1
226.886407142,0,0
227.894009140,0,1
227.896422408,0,0
228.904024336,0,1
228.906437604,0,0
229.914039558,0,1
229.915309062,1,1
229.917941130,0,1
229.917976826,0,0
230.924054592,0,1
230.926467860,0,0
231.934069798,0,1
231.936483066,0,0
232.944084990,0,1
232.946498258,0,0
233.954100246,0,1
233.956513514,0,0
234.964115458,0,1
234.966528728,0,0
235.974130716,0,1
235.976543984,0,0
236.984145858,0,1
236.986559126,0,0
237.994161112,0,1
237.996574380,0,0
239.004176308,0,1
239.006589576,0,0
240.014191556,0,1
240.015461218,1,1
240.018092676,0,1
240.018128824,0,0
241.024206680,0,1
241.026619948,0,0
242.034221868,0,1
242.036635136,0,0
243.044237108,0,1
243.046650376,0,0
244.054252306,0,1
244.056665574,0,0
245.064267526,0,1
245.066680794,0,0
246.074282742,0,1
246.076696010,0,0
247.084297906,0,1
247.086710924,0,0
248.094313146,0,1
248.096726166,0,0
249.104328342,0,1
249.106741360,0,0
250.114343574,0,1
250.115613240,1,1
250.118245122,0,1
250.118280842,0,0
251.124358852,0,1
251.126771870,0,0
252.134374118,0,1
252.136787136,0,0
253.144389228,0,1
253.146802496,0,0
254.154404400,0,1
254.156817668,0,0
255.164419642,0,1
255.166832910,0,0
256.174434804,0,1
256.176848070,0,0
257.184450026,0,1
257.186863294,0,0
258.194465172,0,1
258.196878440,0,0
259.204480354,0,1
259.206893622,0,0
260.214495628,0,1
260.215765192,1,1
260.218397342,0,1
260.218432896,0,0
261.224510688,0,1
261.226923956,0,0
262.234525894,0,1
262.236939162,0,0
263.244541102,0,1
263.246954370,0,0
264.254556250,0,1
264.256969518,0,0
265.264571494,0,1
265.266984762,0,0
266.274586676,0,1
266.276999944,0,0
267.284601878,0,1
267.287015148,0,0
268.294617062,0,1
268.297030080,0,0
269.304632220,0,1
269.307045240,0,0
270.314647420,0,1
270.315917056,1,1
270.318548984,0,1
270.318584688,0,0
271.324662574,0,1
271.327075842,0,0
272.334677702,0,1
272.337090970,0,0
273.344692936,0,1
273.347106204,0,0
274.354708130,0,1
274.357121398,0,0
275.364723248,0,1
275.367136516,0,0
276.374738480,0,1
276.377151748,0,0
277.384753642,0,1
277.387166910,0,0
278.394768838,0,1
278.397182106,0,0
279.404784018,0,1
279.407197286,0,0
280.414799170,0,1
280.416068808,1,1
280.418700430,0,1
280.418736440,0,0
281.424814288,0,1
281.427227556,0,0
282.434829472,0,1
282.437242740,0,0
283.444844650,0,1
283.447257918,0,0
284.454859804,0,1
284.457273072,0,0
285.464875014,0,1
285.467288030,0,0
286.474890158,0,1
286.477303176,0,0
287.484905350,0,1
287.487318366,0,0
288.494920534,0,1
288.497333552,0,0
289.504935654,0,1
289.507348672,0,0
290.514950818,0,1
290.516220484,1,1
290.518852314,0,1
290.518888086,0,0
291.524965944,0,1
291.527379212,0,0
292.534981104,0,1
292.537394372,0,0
293.544996310,0,1
293.547409578,0,0
294.555011422,0,1
294.557424690,0,0
295.565026548,0,1
295.567439816,0,0
296.575041794,0,1
296.577455062,0,0
297.585056954,0,1
297.587470222,0,0
298.595072040,0,1
298.597485056,0,0
299.605087270,0,1
299.607500288,0,0
300.615102410,0,1
300.616372132,1,1
300.619003894,0,1
300.619039928,0,0
301.625117600,0,1
301.627530868,0,0
302.635132776,0,1
302.637546044,0,0
303.645147916,0,1
303.647561184,0,0
304.655163092,0,1
304.657576360,0,0
305.665178224,0,1
305.667591492,0,0
306.675193426,0,1
306.677606694,0,0
307.685208572,0,1
307.687621590,0,0
308.695223730,0,1
308.697636748,0,0
309.705238834,0,1
309.706508518,1,1
309.709140304,0,1
309.709176102,0,0
310.715254066,0,1
310.717667084,0,0
311.725269242,0,1
311.727682258,0,0
312.735284330,0,1
312.737697598,0,0
313.745299488,0,1
313.747712756,0,0
314.755314618,0,1
314.757727886,0,0
315.765329806,0,1
315.767743076,0,0
316.775344946,0,1
316.777758214,0,0
317.785360076,0,1
317.787773344,0,0
318.795375200,0,1
318.797788468,0,0
319.805390378,0,1
319.806660002,1,1
319.809291734,0,1
319.809327646,0,0
320.815405542,0,1
320.817818560,0,0
321.825420586,0,1
321.827833854,0,0
322.835435734,0,1
322.837849002,0,0
323.845450858,0,1
323.847864126,0,0
324.855466054,0,1
324.857879322,0,0
325.865481150,0,1
325.867894416,0,0
326.875496252,0,1
326.877909520,0,0
327.885511416,0,1
327.887924684,0,0
328.895526542,0,1
328.897939810,0,0
329.905541680,0,1
329.906811314,1,1
329.909443632,0,1
329.909478948,0,0
330.915556860,0,1
330.917969876,0,0
331.925571910,0,1
331.927985178,0,0
332.935587050,0,1
332.938000316,0,0
333.945602144,0,1
333.948015412,0,0
334.955617294,0,1
334.958030562,0,0
335.965632430,0,1
335.968045696,0,0
336.975647518,0,1
336.978060784,0,0
337.985662636,0,1
337.988075904,0,0
338.995677850,0,1
338.998091116,0,0
340.005692922,0,1
340.006962594,1,1
340.009594614,0,1
340.009630192,0,0
341.015707996,0,1
341.018121014,0,0
342.025723068,0,1
342.028136334,0,0
343.035738216,0,1
343.038151484,0,0
344.045753372,0,1
344.048166640,0,0
345.055768452,0,1
345.058181720,0,0
346.065783592,0,1
346.068196860,0,0
347.075798696,0,1
347.078211962,0,0
348.085813832,0,1
348.088227100,0,0
349.095828976,0,1
349.098242244,0,0
350.105844102,0,1
350.107113806,1,1
350.109745614,0,1
350.109781620,0,0
351.115859320,0,1
351.118272338,0,0
352.125874466,0,1
352.128287484,0,0
353.135889488,0,1
353.138302756,0,0
354.145904560,0,1
354.148317828,0,0
355.155919724,0,1
355.158332992,0,0
356.165934824,0,1
356.168348092,0,0
357.175949966,0,1
357.178363234,0,0
358.185965078,0,1
358.188378346,0,0
359.195980186,0,1
359.198393454,0,0
360.205995314,0,1
360.207264958,1,1
360.209896914,0,1
360.209932582,0,0
361.216010438,0,1
361.218423456,0,0
362.226025502,0,1
362.228438520,0,0
363.236040554,0,1
363.238453820,0,0
364.246055654,0,1
364.248468922,0,0
365.256070758,0,1
365.258484026,0,0
366.266085854,0,1
366.268499122,0,0
367.276100960,0,1
367.278514228,0,0
368.286116108,0,1
368.288529376,0,0
369.296131192,0,1
369.298544460,0,0
370.306146310,0,1
370.307416002,1,1
370.310047750,0,1
370.310083580,0,0
371.316161500,0,1
371.318574518,0,0
372.326176620,0,1
372.328589638,0,0
373.336191682,0,1
373.338604700,0,0
374.346206826,0,1
374.348619844,0,0
375.356221926,0,1
375.358634944,0,0
376.366236992,0,1
376.368650010,0,0
377.376252114,0,1
377.378665132,0,0
378.386267216,0,1
378.388680234,0,0
379.396282274,0,1
379.398695292,0,0
380.406297394,0,1
380.407566964,1,1
380.410199310,0,1
380.410234662,0,0
381.416312458,0,1
381.418725476,0,0
382.426327544,0,1
382.428740562,0,0
383.436342662,0,1
383.438755680,0,0
384.446357722,0,1
384.448770740,0,0
385.456372758,0,1
385.458786026,0,0
386.466387846,0,1
386.468801114,0,0
387.476402994,0,1
387.478816262,0,0
388.486418056,0,1
388.488831324,0,0
389.496433150,0,1
389.498846418,0,0
390.506448232,0,1
390.507717836,1,1
390.510349696,0,1
390.510385500,0,0
391.516463326,0,1
391.518876344,0,0
392.526478312,0,1
392.528891580,0,0
393.536493408,0,1
393.538906676,0,0
394.546508520,0,1
394.548921788,0,0
395.556523564,0,1
395.558936832,0,0
396.566538696,0,1
396.568951962,0,0
397.576553744,0,1
397.578967012,0,0
398.586568836,0,1
398.588982104,0,0
399.596583928,0,1
399.598997196,0,0
400.606598970,0,1
400.607868708,1,1
400.610500986,0,1
400.610536238,0,0
401.616614222,0,1
401.619027240,0,0
402.626629294,0,1
402.629042312,0,0
403.636644346,0,1
403.639057364,0,0
404.646659412,0,1
404.649072430,0,0
405.656674544,0,1
405.659087562,0,0
406.666689534,0,1
406.669102802,0,0
407.676704720,0,1
407.679117738,0,0
408.686719664,0,1
408.689132932,0,0
409.696734778,0,1
409.698004316,1,1
409.700635698,0,1
409.700672046,0,0
410.706749844,0,1
410.709162862,0,0
411.716764928,0,1
411.719177946,0,0
412.726780014,0,1
412.729193032,0,0
413.736795048,0,1
413.739208066,0,0
414.746810144,0,1
414.749223162,0,0
415.756825224,0,1
415.759238242,0,0
416.766840200,0,1
416.769253468,0,0
417.776855274,0,1
417.779268542,0,0
418.786870354,0,1
418.789283622,0,0
419.796885384,0,1
419.798155058,1,1
419.800787056,0,1
419.800822652,0,0
420.806900624,0,1
420.809313642,0,0
421.816915666,0,1
421.819328684,0,0
422.826930682,0,1
422.829343700,0,0
423.836945754,0,1
423.839358772,0,0
424.846960900,0,1
424.849373916,0,0
425.856975934,0,1
425.859388952,0,0
426.866990960,0,1
426.869404228,0,0
427.877005988,0,1
427.879419256,0,0
428.887021052,0,1
428.889434320,0,0
429.897036088,0,1
429.898305638,1,1
429.900937442,0,1
429.900973356,0,0
430.907051214,0,1
430.909464232,0,0
431.917066272,0,1
431.919479290,0,0
432.927081296,0,1
432.929494314,0,0
433.937096348,0,1
433.939509366,0,0
434.947111418,0,1
434.949524436,0,0
435.957126424,0,1
435.959539442,0,0
436.967141522,0,1
436.969554540,0,0
437.977156560,0,1
437.979569578,0,0
438.987171626,0,1
438.989584644,0,0
439.997186632,0,1
439.998456272,1,1
440.001088132,0,1
440.001123898,0,0
441.007201690,0,1
441.009614708,0,0
442.017216748,0,1
442.019629766,0,0
443.027231798,0,1
443.029644816,0,0
444.037246868,0,1
444.039659884,0,0
445.047261786,0,1
445.049675054,0,0
446.057276850,0,1
446.059690118,0,0
447.067291960,0,1
447.069705228,0,0
448.077306982,0,1
448.079720250,0,0
449.087322006,0,1
449.089735274,0,0
450.097337096,0,1
450.098606782,1,1
450.101238850,0,1
450.101274364,0,0
451.107352222,0,1
451.109765240,0,0
452.117367328,0,1
452.119780346,0,0
453.127382342,0,1
453.129795360,0,0
454.137397322,0,1
454.139810340,0,0
455.147412402,0,1
455.149825420,0,0
456.157427402,0,1
456.159840670,0,0
457.167442464,0,1
457.169855732,0,0
458.177457494,0,1
458.179870762,0,0
459.187472490,0,1
459.189885758,0,0
460.197487554,0,1
460.198757128,1,1
460.201389400,0,1
460.201424822,0,0
461.207502572,0,1
461.209915590,0,0
462.217517578,0,1
462.219930846,0,0
463.227532612,0,1
463.229945880,0,0
464.237547610,0,1
464.239960878,0,0
465.247562694,0,1
465.249975962,0,0
466.257577702,0,1
466.259990970,0,0
467.267592746,0,1
467.270006014,0,0
468.277607790,0,1
468.280021058,0,0
469.287622830,0,1
469.290036098,0,0
470.297637848,0,1
470.298907516,1,1
470.301539974,0,1
470.301575114,0,0
471.307652978,0,1
471.310065996,0,0
472.317668030,0,1
472.320081048,0,0
473.327683070,0,1
473.330096088,0,0
474.337698106,0,1
474.340111122,0,0
475.347713130,0,1
475.350126148,0,0
476.357728158,0,1
476.360141176,0,0
477.367743206,0,1
477.370156224,0,0
478.377758192,0,1
478.380171210,0,0
479.387773286,0,1
479.390186304,0,0
480.397788268,0,1
480.399057822,1,1
480.401689632,0,1
480.401725536,0,0
481.407803342,0,1
481.410216360,0,0
482.417818332,0,1
482.420231350,0,0
483.427833336,0,1
483.430246354,0,0
484.437848388,0,1
484.440261406,0,0
485.447863406,0,1
485.450276426,0,0
486.457878362,0,1
486.460291628,0,0
487.467893378,0,1
487.470306646,0,0
488.477908416,0,1
488.480321684,0,0
489.487923384,0,1
489.490336650,0,0
490.497938478,0,1
490.499208044,1,1
490.501839776,0,1
490.501875744,0,0
491.507953452,0,1
491.510366470,0,0
492.517968494,0,1
492.520381512,0,0
493.527983484,0,1
493.530396500,0,0
494.537998512,0,1
494.540411528,0,0
495.548013488,0,1
495.550426754,0,0
496.558028514,0,1
496.560441782,0,0
497.568043526,0,1
497.570456794,0,0
498.578058520,0,1
498.580471786,0,0
499.588073608,0,1
499.590486876,0,0
500.598088632,0,1
500.599358226,1,1
500.601989586,0,1
500.602025900,0,0
501.608103620,0,1
501.610516638,0,0
502.618118528,0,1
502.620531796,0,0
503.628133548,0,1
503.630546816,0,0
504.638148562,0,1
504.640561830,0,0
505.648163590,0,1
505.650576858,0,0
506.658178578,0,1
506.660591846,0,0
507.668193594,0,1
507.670606862,0,0
508.678208588,0,1
508.680621854,0,0
509.688223594,0,1
509.689493268,1,1
509.692124956,0,1
509.692160862,0,0
510.698238732,0,1
510.700651750,0,0
511.708253732,0,1
511.710666750,0,0
512.718268726,0,1
512.720681742,0,0
513.728283754,0,1
513.730696772,0,0
514.738298774,0,1
514.740711792,0,0
515.748313774,0,1
515.750726792,0,0
516.758328674,0,1
516.760741940,0,0
517.768343712,0,1
517.770756978,0,0
518.778358660,0,1
518.780771926,0,0
519.788373688,0,1
519.789643302,1,1
519.792275480,0,1
519.792310954,0,0
520.798388704,0,1
520.800801722,0,0
521.808403732,0,1
521.810816750,0,0
522.818418726,0,1
522.820831744,0,0
523.828433704,0,1
523.830846722,0,0
524.838448664,0,1
524.840861932,0,0
525.848463636,0,1
525.850876904,0,0
526.858478622,0,1
526.860891890,0,0
527.868493644,0,1
527.870906912,0,0
528.878508630,0,1
528.880921898,0,0
529.888523646,0,1
529.889793224,1,1
529.892425308,0,1
529.892460912,0,0
530.898538652,0,1
530.900951670,0,0
531.908553574,0,1
531.910966842,0,0
532.918568524,0,1
532.920981790,0,0
533.928583576,0,1
533.930996844,0,0
534.938598572,0,1
534.941011840,0,0
535.948613566,0,1
535.951026834,0,0
536.958628486,0,1
536.961041752,0,0
537.968643500,0,1
537.971056766,0,0
538.978658480,0,1
538.981071746,0,0
539.988673502,0,1
539.989943216,1,1
539.992575132,0,1
539.992610768,0,0
540.998688630,0,1
541.001101646,0,0
542.008703608,0,1
542.011116624,0,0
543.018718552,0,1
543.021131570,0,0
544.028733564,0,1
544.031146582,0,0
545.038748504,0,1
545.041161770,0,0
546.048763444,0,1
546.051176710,0,0
547.058778496,0,1
547.061191764,0,0
548.068793464,0,1
548.071206732,0,0
549.078808440,0,1
549.081221708,0,0
550.088823390,0,1
550.090093076,1,1
550.092724870,0,1
550.092760658,0,0
551.098838500,0,1
551.101251518,0,0
552.108853478,0,1
552.111266496,0,0
553.118868444,0,1
553.121281462,0,0
554.128883446,0,1
554.131296464,0,0
555.138898452,0,1
555.141311470,0,0
556.148913426,0,1
556.151326444,0,0
557.158928376,0,1
557.161341644,0,0
558.168943324,0,1
558.171356592,0,0
559.178958300,0,1
559.181371568,0,0
560.188973306,0,1
560.190242846,1,1
560.192874744,0,1
560.192910574,0,0
561.198988206,0,1
561.201401224,0,0
562.209003224,0,1
562.211416242,0,0
563.219018108,0,1
563.221431374,0,0
564.229033126,0,1
564.231446394,0,0
565.239048100,0,1
565.241461368,0,0
566.249063090,0,1
566.251476358,0,0
567.259078032,0,1
567.261491300,0,0
568.269093038,0,1
568.271506306,0,0
569.279108038,0,1
569.281521306,0,0
570.289122950,0,1
570.290392622,1,1
570.293024512,0,1
570.293060218,0,0
571.299138076,0,1
571.301551092,0,0
572.309153042,0,1
572.311566058,0,0
573.319168006,0,1
573.321581024,0,0
574.329183000,0,1
574.331596018,0,0
575.339197918,0,1
575.341610934,0,0
576.349212910,0,1
576.351625928,0,0
577.359227876,0,1
577.361640894,0,0
578.369242816,0,1
578.371655834,0,0
579.379257776,0,1
579.381670794,0,0
580.389272760,0,1
580.390542316,1,1
580.393174130,0,1
580.393210028,0,0
581.399287768,0,1
581.401700784,0,0
582.409302698,0,1
582.411715716,0,0
583.419317696,0,1
583.421730714,0,0
584.429332656,0,1
584.431745674,0,0
585.439347602,0,1
585.441760620,0,0
586.449362580,0,1
586.451775598,0,0
587.459377498,0,1
587.461790514,0,0
588.469392420,0,1
588.471805438,0,0
589.479407380,0,1
589.481820398,0,0
590.489422342,0,1
590.490691966,1,1
590.493323340,0,1
590.493359610,0,0
591.499437394,0,1
591.501850412,0,0
592.509452312,0,1
592.511865330,0,0
593.519467248,0,1
593.521880266,0,0
594.529482224,0,1
594.531895242,0,0
595.539497140,0,1
595.541910158,0,0
596.549512140,0,1
596.551925158,0,0
597.559527108,0,1
597.561940126,0,0
598.569542028,0,1
598.571955046,0,0
599.579556972,0,1
599.581969990,0,0
600.589571908,0,1
600.590841532,1,1
600.593473694,0,1
600.593509176,0,0
601.599586888,0,1
601.601999906,0,0
602.609601810,0,1
602.612014828,0,0
603.619616774,0,1
603.622029792,0,0
604.629631774,0,1
604.632044792,0,0
605.639646700,0,1
605.642059718,0,0
606.649661638,0,1
606.652074656,0,0
607.659676572,0,1
607.662089590,0,0
608.669691496,0,1
608.672104514,0,0
609.679706498,0,1
609.680976152,1,1
609.683607762,0,1
609.683643766,0,0
610.689721456,0,1
610.692134474,0,0
611.699736372,0,1
611.702149388,0,0
612.709751350,0,1
612.712164368,0,0
613.719766236,0,1
613.722179254,0,0
614.729781216,0,1
614.732194234,0,0
615.739796152,0,1
615.742209170,0,0
616.749811134,0,1
616.752224150,0,0
617.759826034,0,1
617.762239050,0,0
618.769841062,0,1
618.772254080,0,0
619.779855962,0,1
619.781125512,1,1
619.783757146,0,1
619.783793230,0,0
620.789870920,0,1
620.792283938,0,0
621.799885806,0,1
621.802298824,0,0
622.809900756,0,1
622.812313774,0,0
623.819915740,0,1
623.822328758,0,0
624.829930654,0,1
624.832343670,0,0
625.839945576,0,1
625.842358594,0,0
626.849960558,0,1
626.852373576,0,0
627.859975518,0,1
627.862388534,0,0
628.869990390,0,1
628.872403406,0,0
629.880005378,0,1
629.881274928,1,1
629.883907038,0,1
629.883942644,0,0
630.890020304,0,1
630.892433322,0,0
631.900035242,0,1
631.902448260,0,0
632.910050160,0,1
632.912463178,0,0
633.920065084,0,1
633.922478102,0,0
634.930080038,0,1
634.932493056,0,0
635.940095024,0,1
635.942508042,0,0
636.950109888,0,1
636.952522906,0,0
637.960124820,0,1
637.962538086,0,0
638.970139736,0,1
638.972553004,0,0
639.980154694,0,1
639.981424276,1,1
639.984056564,0,1
639.984091960,0,0
640.990169614,0,1
640.992582632,0,0
642.000184538,0,1
642.002597556,0,0
643.010199476,0,1
643.012612494,0,0
644.020214366,0,1
644.022627384,0,0
645.030229384,0,1
645.032642402,0,0
646.040244220,0,1
646.042657238,0,0
647.050259176,0,1
647.052672194,0,0
648.060274158,0,1
648.062687174,0,0
649.070289050,0,1
649.072702068,0,0
650.080303984,0,1
650.081573586,1,1
650.084205730,0,1
650.084241252,0,0
651.090318868,0,1
651.092731884,0,0
652.100333816,0,1
652.102746834,0,0
653.110348748,0,1
653.112761766,0,0
654.120363674,0,1
654.122776692,0,0
655.130378604,0,1
655.132791622,0,0
656.140393510,0,1
656.142806528,0,0
657.150408396,0,1
657.152821664,0,0
658.160423306,0,1
658.162836574,0,0
659.170438264,0,1
659.172851532,0,0
660.180453142,0,1
660.181722872,1,1
660.184354376,0,1
660.184390660,0,0
661.190468218,0,1
661.192881236,0,0
662.200483136,0,1
662.202896154,0,0
663.210498072,0,1
663.212911090,0,0
664.220512962,0,1
664.222925980,0,0
665.230527896,0,1
665.232940912,0,0
666.240542848,0,1
666.242955866,0,0
667.250557732,0,1
667.252970750,0,0
668.260572674,0,1
668.262985690,0,0
669.270587572,0,1
669.273000590,0,0
670.280602488,0,1
670.281872074,1,1
670.284504286,0,1
670.284539756,0,0
671.290617436,0,1
671.293030454,0,0
672.300632346,0,1
672.303045362,0,0
673.310647286,0,1
673.313060302,0,0
674.320662140,0,1
674.323075158,0,0
675.330677034,0,1
675.333090052,0,0
676.340692052,0,1
676.343105070,0,0
677.350706948,0,1
677.353119966,0,0
678.360721870,0,1
678.363134886,0,0
679.370736730,0,1
679.373149748,0,0
680.380751634,0,1
680.382021120,1,1
680.384652496,0,1
680.384688902,0,0
681.390766472,0,1
681.393179490,0,0
682.400781284,0,1
682.403194552,0,0
683.410796210,0,1
683.413209478,0,0
684.420811132,0,1
684.423224400,0,0
685.430825980,0,1
685.433239248,0,0
686.440840956,0,1
686.443254222,0,0
687.450855836,0,1
687.453269104,0,0
688.460870774,0,1
688.463284042,0,0
689.470885610,0,1
689.473298878,0,0
690.480900500,0,1
690.482170264,1,1
690.484802076,0,1
690.484838018,0,0
691.490915586,0,1
691.493328604,0,0
692.500930554,0,1
692.503343572,0,0
693.510945384,0,1
693.513358402,0,0
694.520960368,0,1
694.523373384,0,0
695.530975212,0,1
695.533388230,0,0
696.540990110,0,1
696.543403126,0,0
697.551005000,0,1
697.553418018,0,0
698.561019850,0,1
698.563433118,0,0
699.571034738,0,1
699.573448004,0,0
700.581049686,0,1
700.582319288,1,1
700.584951524,0,1
700.584986952,0,0
701.591064570,0,1
701.593477586,0,0
702.601079462,0,1
702.603492480,0,0
703.611094294,0,1
703.613507562,0,0
704.621109264,0,1
704.623522532,0,0
705.631124116,0,1
705.633537384,0,0
706.641138994,0,1
706.643552262,0,0
707.651153938,0,1
707.653567206,0,0
708.661168818,0,1
708.663582084,0,0
709.671183758,0,1
709.672453426,1,1
709.675085134,0,1
709.675121026,0,0
710.681198788,0,1
710.683611806,0,0
711.691213664,0,1
711.693626682,0,0
712.701228578,0,1
712.703641596,0,0
713.711243450,0,1
713.713656468,0,0
714.721258368,0,1
714.723671384,0,0
715.731273272,0,1
715.733686290,0,0
716.741288146,0,1
716.743701162,0,0
717.751303050,0,1
717.753716068,0,0
718.761317848,0,1
718.763731116,0,0
719.771332794,0,1
719.772602376,1,1
719.775234384,0,1
719.775270062,0,0
720.781347662,0,1
720.783760680,0,0
721.791362594,0,1
721.793775612,0,0
722.801377422,0,1
722.803790440,0,0
723.811392330,0,1
723.813805346,0,0
724.821407238,0,1
724.823820254,0,0
725.831422056,0,1
725.833835322,0,0
726.841436980,0,1
726.843850246,0,0
727.851451882,0,1
727.853865150,0,0
728.861466750,0,1
728.863880018,0,0
729.871481582,0,1
729.872751284,1,1
729.875383264,0,1
729.875419098,0,0
730.881496588,0,1
730.883909606,0,0
731.891511496,0,1
731.893924512,0,0
732.901526396,0,1
732.903939414,0,0
733.911541308,0,1
733.913954326,0,0
734.921556206,0,1
734.923969222,0,0
735.931571030,0,1
735.933984048,0,0
736.941585930,0,1
736.943998946,0,0
737.951600856,0,1
737.954013874,0,0
738.961615688,0,1
738.964028706,0,0
739.971630576,0,1
739.972900176,1,1
739.975532314,0,1
739.975567842,0,0
740.981645510,0,1
740.984058526,0,0
741.991660402,0,1
741.994073418,0,0
743.001675236,0,1
743.004088254,0,0
744.011690166,0,1
744.014103184,0,0
745.021704994,0,1
745.024118262,0,0
746.031719862,0,1
746.034133128,0,0
747.041734754,0,1
747.044148022,0,0
748.051749612,0,1
748.054162880,0,0
749.061764498,0,1
749.064177766,0,0
750.071779332,0,1
750.073048922,1,1
750.075680392,0,1
750.075716598,0,0
751.081794212,0,1
751.084207228,0,0
752.091809114,0,1
752.094222132,0,0
753.101823930,0,1
753.104237196,0,0
754.111838800,0,1
754.114252066,0,0
755.121853674,0,1
755.124266942,0,0
756.131868544,0,1
756.134281812,0,0
757.141883438,0,1
757.144296706,0,0
758.151898300,0,1
758.154311568,0,0
759.161913158,0,1
759.164326426,0,0
760.171928104,0,1
760.173197730,1,1
760.175829764,0,1
760.175865370,0,0
761.181942908,0,1
761.184355926,0,0
762.191957806,0,1
762.194370824,0,0
763.201972694,0,1
763.204385710,0,0
764.211987508,0,1
764.214400526,0,0
765.222002342,0,1
765.224415608,0,0
766.232017248,0,1
766.234430514,0,0
767.242032054,0,1
767.244445320,0,0
768.252046960,0,1
768.254460228,0,0
769.262061808,0,1
769.264475076,0,0
770.272076698,0,1
770.273346416,1,1
770.275978116,0,1
770.276013966,0,0
771.282091718,0,1
771.284504736,0,0
772.292106542,0,1
772.294519560,0,0
773.302121464,0,1
773.304534482,0,0
774.312136326,0,1
774.314549344,0,0
775.322151138,0,1
775.324564156,0,0
776.332166062,0,1
776.334579078,0,0
777.342180860,0,1
777.344594128,0,0
778.352195734,0,1
778.354609000,0,0
779.362210556,0,1
779.364623824,0,0
780.372225474,0,1
780.373495126,1,1
780.376127504,0,1
780.376162740,0,0
781.382240358,0,1
781.384653374,0,0
782.392255228,0,1
782.394668246,0,0
783.402270040,0,1
783.404683058,0,0
784.412284944,0,1
784.414697962,0,0
785.422299738,0,1
785.424713006,0,0
786.432314662,0,1
786.434727678,0,0
787.442329406,0,1
787.444742674,0,0
788.452344346,0,1
788.454757362,0,0
789.462359156,0,1
789.464772424,0,0
790.472374016,0,1
790.473643710,1,1
790.476275544,0,1
790.476311282,0,0
791.482389030,0,1
791.484802046,0,0
792.492403882,0,1
792.494816898,0,0
793.502418768,0,1
793.504831786,0,0
794.512433568,0,1
794.514846586,0,0
795.522448480,0,1
795.524861498,0,0
796.532463290,0,1
796.534876306,0,0
797.542478178,0,1
797.544891196,0,0
798.552493002,0,1
798.554906270,0,0
799.562507840,0,1
799.564921108,0,0
800.572522676,0,1
800.573792242,1,1
800.576424116,0,1
800.576459944,0,0
801.582537560,0,1
801.584950576,0,0
802.592552390,0,1
802.594965406,0,0
803.602567270,0,1
803.604980288,0,0
804.612582138,0,1
804.614995156,0,0
805.622596910,0,1
805.625010178,0,0
806.632611718,0,1
806.635024984,0,0
807.642626572,0,1
807.645039840,0,0
808.652641454,0,1
808.655054722,0,0
809.662656276,0,1
809.663925942,1,1
809.666557792,0,1
809.666593544,0,0
810.672671308,0,1
810.675084326,0,0
811.682686158,0,1
811.685099174,0,0
812.692700992,0,1
812.695114010,0,0
813.702715828,0,1
813.705128846,0,0
814.712730608,0,1
814.715143876,0,0
815.722745548,0,1
815.725158566,0,0
816.732760298,0,1
816.735173566,0,0
817.742775162,0,1
817.745188428,0,0
818.752790020,0,1
818.755203288,0,0
819.762804874,0,1
819.764074440,1,1
819.766706316,0,1
819.766742142,0,0
820.772819694,0,1
820.775232712,0,0
821.782834562,0,1
821.785247580,0,0
822.792849356,0,1
822.795262624,0,0
823.802864196,0,1
823.805277464,0,0
824.812879024,0,1
824.815292292,0,0
825.822893850,0,1
825.825307116,0,0
826.832908716,0,1
826.835321984,0,0
827.842923546,0,1
827.845336814,0,0
828.852938390,0,1
828.855351658,0,0
829.862953256,0,1
829.864222908,1,1
829.866854770,0,1
829.866890522,0,0
830.872968076,0,1
830.875381092,0,0
831.882982938,0,1
831.885395954,0,0
832.892997702,0,1
832.895410970,0,0
833.903012530,0,1
833.905425798,0,0
834.913027374,0,1
834.915440640,0,0
835.923042224,0,1
835.925455490,0,0
836.933057066,0,1
836.935470334,0,0
837.943071910,0,1
837.945485176,0,0
838.953086778,0,1
838.955500044,0,0
839.963101576,0,1
839.964371322,1,1
839.967003090,0,1
839.967039092,0,0
840.973116562,0,1
840.975529580,0,0
841.983131330,0,1
841.985544348,0,0
842.993146266,0,1
842.995559284,0,0
844.003161076,0,1
844.005574094,0,0
845.013175936,0,1
845.015588952,0,0
846.023190738,0,1
846.025603756,0,0
847.033205586,0,1
847.035618604,0,0
848.043220438,0,1
848.045633456,0,0
849.053235226,0,1
849.055648244,0,0
850.063250032,0,1
850.064519682,1,1
850.067151238,0,1
850.067187298,0,0
851.073264894,0,1
851.075677912,0,0
852.083279662,0,1
852.085692680,0,0
853.093294448,0,1
853.095707714,0,0
854.103309308,0,1
854.105722576,0,0
855.113324150,0,1
855.115737416,0,0
856.123338974,0,1
856.125752240,0,0
857.133353824,0,1
857.135767090,0,0
858.143368624,0,1
858.145781892,0,0
859.153383442,0,1
859.155796710,0,0
860.163398312,0,1
860.164668024,1,1
860.167299898,0,1
860.167335580,0,0
861.173413222,0,1
861.175826240,0,0
862.183428094,0,1
862.185841112,0,0
863.193442898,0,1
863.195855916,0,0
864.203457738,0,1
864.205870756,0,0
865.213472584,0,1
865.215885602,0,0
866.223487374,0,1
866.225900392,0,0
867.233502218,0,1
867.235915236,0,0
868.243517078,0,1
868.245930096,0,0
869.253531848,0,1
869.255944864,0,0
870.263546698,0,1
870.264816234,1,1
870.267447994,0,1
870.267483714,0,0
871.273561396,0,1
871.275974412,0,0
872.283576192,0,1
872.285989460,0,0
873.293590998,0,1
873.296004266,0,0
874.303605836,0,1
874.306019104,0,0
875.313620606,0,1
875.316033872,0,0
876.323635460,0,1
876.326048726,0,0
877.333650276,0,1
877.336063544,0,0
878.343665130,0,1
878.346078396,0,0
879.353679950,0,1
879.356093218,0,0
880.363694724,0,1
880.364964516,1,1
880.367596380,0,1
880.367632242,0,0
881.373709682,0,1
881.376122700,0,0
882.383724510,0,1
882.386137528,0,0
883.393739350,0,1
883.396152368,0,0
884.403754164,0,1
884.406167182,0,0
885.413768924,0,1
885.416182190,0,0
886.423783774,0,1
886.426197042,0,0
887.433798602,0,1
887.436211868,0,0
888.443813388,0,1
888.446226656,0,0
889.453828204,0,1
889.456241470,0,0
890.463842994,0,1
890.465112634,1,1
890.467744258,0,1
890.467780260,0,0
891.473857870,0,1
891.476270888,0,0
892.483872624,0,1
892.486285890,0,0
893.493887376,0,1
893.496300642,0,0
894.503902266,0,1
894.506315534,0,0
895.513917046,0,1
895.516330314,0,0
896.523931876,0,1
896.526345144,0,0
897.533946660,0,1
897.536359928,0,0
898.543961472,0,1
898.546374740,0,0
899.553976278,0,1
899.556389544,0,0
900.563991138,0,1
900.565260874,1,1
900.567893076,0,1
900.567928654,0,0
901.574006090,0,1
901.576419106,0,0
902.584020882,0,1
902.586433898,0,0
903.594035654,0,1
903.596448670,0,0
904.604050506,0,1
904.606463524,0,0
905.614065244,0,1
905.616478512,0,0
906.624080066,0,1
906.626493332,0,0
907.634094888,0,1
907.636508156,0,0
908.644109694,0,1
908.646522962,0,0
909.654124504,0,1
909.655394134,1,1
909.658025936,0,1
909.658061770,0,0
910.664139296,0,1
910.666552312,0,0
911.674154072,0,1
911.676567090,0,0
912.684168918,0,1
912.686581936,0,0
913.694183734,0,1
913.696596752,0,0
914.704198492,0,1
914.706611760,0,0
915.714213250,0,1
915.716626516,0,0
916.724228120,0,1
916.726641388,0,0
917.734242896,0,1
917.736656164,0,0
918.744257708,0,1
918.746670976,0,0
919.754272504,0,1
919.755542268,1,1
919.758173624,0,1
919.758210022,0,0
920.764287384,0,1
920.766700652,0,0
921.774302228,0,1
921.776715494,0,0
922.784317064,0,1
922.786730330,0,0
923.794331796,0,1
923.796745062,0,0
924.804346642,0,1
924.806759908,0,0
925.814361482,0,1
925.816774748,0,0
926.824376308,0,1
926.826789576,0,0
927.834391052,0,1
927.836804318,0,0
928.844405904,0,1
928.846819172,0,0
929.854420668,0,1
929.855690326,1,1
929.858322392,0,1
929.858357934,0,0
930.864435590,0,1
930.866848606,0,0
931.874450410,0,1
931.876863428,0,0
932.884465268,0,1
932.886878284,0,0
933.894480004,0,1
933.896893022,0,0
934.904494826,0,1
934.906907842,0,0
935.914509640,0,1
935.916922656,0,0
936.924524422,0,1
936.926937440,0,0
937.934539228,0,1
937.936952246,0,0
938.944554024,0,1
938.946967040,0,0
939.954568832,0,1
939.955838282,1,1
939.958469908,0,1
939.958506098,0,0
940.964583490,0,1
940.966996506,0,0
941.974598210,0,1
941.977011478,0,0
942.984613092,0,1
942.987026360,0,0
943.994627856,0,1
943.997041122,0,0
945.004642626,0,1
945.007055892,0,0
946.014657440,0,1
946.017070708,0,0
947.024672230,0,1
947.027085498,0,0
948.034687048,0,1
948.037100316,0,0
949.044701856,0,1
949.047115124,0,0
950.054716618,0,1
950.055986322,1,1
950.058618660,0,1
950.058654136,0,0
951.064731548,0,1
951.067144566,0,0
952.074746382,0,1
952.077159398,0,0
953.084761164,0,1
953.087174182,0,0
954.094775948,0,1
954.097188966,0,0
955.104790724,0,1
955.107203742,0,0
956.114805530,0,1
956.117218546,0,0
957.124820344,0,1
957.127233360,0,0
958.134835132,0,1
958.137248148,0,0
959.144849896,0,1
959.147262912,0,0
960.154864722,0,1
960.156134220,1,1
960.158766542,0,1
960.158801738,0,0
961.164879390,0,1
961.167292408,0,0
962.174894168,0,1
962.177307184,0,0
963.184908926,0,1
963.187322192,0,0
964.194923672,0,1
964.197336938,0,0
965.204938534,0,1
965.207351800,0,0
966.214953308,0,1
966.217366576,0,0
967.224968100,0,1
967.227381366,0,0
968.234982844,0,1
968.237396112,0,0
969.244997668,0,1
969.247410934,0,0
970.255012478,0,1
970.256282154,1,1
970.258913950,0,1
970.258949744,0,0
971.265027404,0,1
971.267440422,0,0
972.275042168,0,1
972.277455186,0,0
973.285056904,0,1
973.287469922,0,0
974.295071764,0,1
974.297484782,0,0
975.305086576,0,1
975.307499594,0,0
976.315101322,0,1
976.317514338,0,0
977.325116116,0,1
977.327529132,0,0
978.335130890,0,1
978.337543908,0,0
979.345145666,0,1
979.347558684,0,0
980.355160516,0,1
980.356430016,1,1
980.359061624,0,1
980.359097532,0,0
981.365175084,0,1
981.367588350,0,0
982.375189862,0,1
982.377603130,0,0
983.385204636,0,1
983.387617904,0,0
984.395219432,0,1
984.397632700,0,0
985.405234238,0,1
985.407647506,0,0
986.415249014,0,1
986.417662280,0,0
987.425263768,0,1
987.427677034,0,0
988.435278572,0,1
988.437691840,0,0
989.445293370,0,1
989.447706638,0,0
990.455308148,0,1
990.456577874,1,1
990.459209370,0,1
990.459245666,0,0
991.465323056,0,1
991.467736324,0,0
992.475337814,0,1
992.477751082,0,0
993.485352598,0,1
993.487765866,0,0
994.495367434,0,1
994.497780700,0,0
995.505382212,0,1
995.507795478,0,0
996.515396958,0,1
996.517810226,0,0
997.525411716,0,1
997.527824984,0,0
998.535426556,0,1
998.537839824,0,0
999.545441296,0,1
999.547854564,0,0
1000.555456126,0,1
1000.556725770,1,1
1000.559357870,0,1
1000.559393392,0,0
1001.565470890,0,1
1001.567883906,0,0
1002.575485606,0,1
1002.577898872,0,0
1003.585500398,0,1
1003.587913664,0,0
1004.595515158,0,1
1004.597928424,0,0
1005.605529936,0,1
1005.607943204,0,0
1006.615544688,0,1
1006.617957956,0,0
1007.625559468,0,1
1007.627972734,0,0
1008.635574264,0,1
1008.637987532,0,0
1009.645589044,0,1
1009.646858746,1,1
1009.649491112,0,1
1009.649526562,0,0
1010.655603938,0,1
1010.658017204,0,0
1011.665618660,0,1
1011.668031928,0,0
1012.675633454,0,1
1012.678046722,0,0
1013.685648262,0,1
1013.688061528,0,0
1014.695663042,0,1
1014.698076308,0,0
1015.705677842,0,1
1015.708091110,0,0
1016.715692568,0,1
1016.718105836,0,0
1017.725707354,0,1
1017.728120622,0,0
1018.735722116,0,1
1018.738135382,0,0
1019.745736954,0,1
1019.747006598,1,1
1019.749638270,0,1
1019.749674220,0,0
1020.755751676,0,1
1020.758164694,0,0
1021.765766468,0,1
1021.768179484,0,0
1022.775781164,0,1
1022.778194430,0,0
1023.785795942,0,1
1023.788209210,0,0
1024.795810752,0,1
1024.798224018,0,0
1025.805825570,0,1
1025.808238838,0,0
1026.815840314,0,1
1026.818253580,0,0
1027.825855118,0,1
1027.828268386,0,0
1028.835869882,0,1
1028.838283148,0,0
1029.845884614,0,1
1029.847154336,1,1
1029.849786466,0,1
1029.849821878,0,0
1030.855899518,0,1
1030.858312534,0,0
1031.865914256,0,1
1031.868327524,0,0
1032.875929012,0,1
1032.878342278,0,0
1033.885943826,0,1
1033.888357094,0,0
1034.895958554,0,1
1034.898371822,0,0
1035.905973332,0,1
1035.908386600,0,0
1036.915988128,0,1
1036.918401396,0,0
1037.926002916,0,1
1037.928416182,0,0
1038.936017708,0,1
1038.938430976,0,0
1039.946032478,0,1
1039.947302036,1,1
1039.949934034,0,1
1039.949969744,0,0
1040.956047224,0,1
1040.958460242,0,0
1041.966061996,0,1
1041.968475012,0,0
1042.976076754,0,1
1042.978489772,0,0
1043.986091566,0,1
1043.988504582,0,0
1044.996106268,0,1
1044.998519284,0,0
1046.006121064,0,1
1046.008534080,0,0
1047.016135790,0,1
1047.018549058,0,0
1048.026150582,0,1
1048.028563848,0,0
1049.036165308,0,1
1049.038578574,0,0
1050.046180100,0,1
1050.047449796,1,1
1050.050081528,0,1
1050.050117368,0,0
1051.056194996,0,1
1051.058608014,0,0
1052.066209762,0,1
1052.068622780,0,0
1053.076224524,0,1
1053.078637540,0,0
1054.086239290,0,1
1054.088652308,0,0
1055.096254002,0,1
1055.098667268,0,0
1056.106268788,0,1
1056.108682054,0,0
1057.116283544,0,1
1057.118696812,0,0
1058.126298316,0,1
1058.128711582,0,0
1059.136313090,0,1
1059.138726358,0,0
1060.146327798,0,1
1060.147597446,1,1
1060.150228948,0,1
1060.150265064,0,0
1061.156342656,0,1
1061.158755672,0,0
1062.166357302,0,1
1062.168770568,0,0
1063.176372148,0,1
1063.178785416,0,0
1064.186386862,0,1
1064.188800130,0,0
1065.196401634,0,1
1065.198814902,0,0
1066.206416422,0,1
1066.208829690,0,0
1067.216431172,0,1
1067.218844440,0,0
1068.226445908,0,1
1068.228859174,0,0
1069.236460716,0,1
1069.238873984,0,0
1070.246475474,0,1
1070.247745202,1,1
1070.250376834,0,1
1070.250412740,0,0
1071.256490430,0,1
1071.258903446,0,0
1072.266505138,0,1
1072.268918154,0,0
1073.276519906,0,1
1073.278932922,0,0
1074.286534686,0,1
1074.288947704,0,0
1075.296549472,0,1
1075.298962488,0,0
1076.306564214,0,1
1076.308977230,0,0
1077.316578962,0,1
1077.318991978,0,0
1078.326593768,0,1
1078.329006784,0,0
1079.336608526,0,1
1079.339021544,0,0
1080.346623244,0,1
1080.347892848,1,1
1080.350524708,0,1
1080.350560510,0,0
1081.356638016,0,1
1081.359051032,0,0
1082.366652822,0,1
1082.369065840,0,0
1083.376667554,0,1
1083.379080570,0,0
1084.386682310,0,1
1084.389095328,0,0
1085.396697100,0,1
1085.399110118,0,0
1086.406711904,0,1
1086.409124920,0,0
1087.416726582,0,1
1087.419139598,0,0
1088.426741384,0,1
1088.429154400,0,0
1089.436756126,0,1
1089.439169144,0,0
1090.446770912,0,1
1090.448040512,1,1
1090.450672348,0,1
1090.450708178,0,0
1091.456785656,0,1
1091.459198672,0,0
1092.466800468,0,1
1092.469213484,0,0
1093.476815210,0,1
1093.479228226,0,0
1094.486829982,0,1
1094.489243000,0,0
1095.496844718,0,1
1095.499257736,0,0
1096.506859470,0,1
1096.509272488,0,0
1097.516874230,0,1
1097.519287246,0,0
1098.526889016,0,1
1098.529302032,0,0
1099.536903714,0,1
1099.539316732,0,0
1100.546918520,0,1
1100.548188124,1,1
1100.550820018,0,1
1100.550855786,0,0
1101.556933270,0,1
1101.559346286,0,0
1102.566948042,0,1
1102.569361058,0,0
1103.576962766,0,1
1103.579375784,0,0
1104.586977534,0,1
1104.589390552,0,0
1105.596992300,0,1
1105.599405318,0,0
1106.607007048,0,1
1106.609420066,0,0
1107.617021802,0,1
1107.619434818,0,0
1108.627036590,0,1
1108.629449606,0,0
1109.637051380,0,1
1109.639464396,0,0
1110.647066112,0,1
1110.648335756,1,1
1110.650967392,0,1
1110.651003380,0,0
1111.657080852,0,1
1111.659493868,0,0
1112.667095628,0,1
1112.669508644,0,0
1113.677110356,0,1
1113.679523372,0,0
1114.687125160,0,1
1114.689538178,0,0
1115.697139874,0,1
1115.699552890,0,0
1116.707154618,0,1
1116.709567634,0,0
1117.717169454,0,1
1117.719582472,0,0
1118.727184150,0,1
1118.729597168,0,0
1119.737198930,0,1
1119.738468554,1,1
1119.741100348,0,1
1119.741136196,0,0
1120.747213694,0,1
1120.749626712,0,0
1121.757228460,0,1
1121.759641478,0,0
1122.767243212,0,1
1122.769656230,0,0
1123.777257986,0,1
1123.779671002,0,0
1124.787272686,0,1
1124.789685704,0,0
1125.797287440,0,1
1125.799700456,0,0
1126.807302280,0,1
1126.809715296,0,0
1127.817317034,0,1
1127.819730050,0,0
1128.827331778,0,1
1128.829744796,0,0
1129.837346512,0,1
1129.838616140,1,1
1129.841247950,0,1
1129.841283776,0,0
1130.847361260,0,1
1130.849774278,0,0
1131.857375962,0,1
1131.859789230,0,0
1132.867390744,0,1
1132.869804012,0,0
1133.877405484,0,1
1133.879818752,0,0
1134.887420274,0,1
1134.889833542,0,0
1135.897435018,0,1
1135.899848284,0,0
1136.907449788,0,1
1136.909863054,0,0
1137.917464508,0,1
1137.919877774,0,0
1138.927479276,0,1
1138.929892542,0,0
1139.937494018,0,1
1139.938763786,1,1
1139.941395426,0,1
1139.941431534,0,0
1140.947508898,0,1
1140.949921916,0,0
1141.957523612,0,1
1141.959936628,0,0
1142.967538390,0,1
1142.969951408,0,0
1143.977553166,0,1
1143.979966184,0,0
1144.987567928,0,1
1144.989980944,0,0
1145.997582672,0,1
1145.999995688,0,0
1147.007597372,0,1
1147.010010388,0,0
1148.017612142,0,1
1148.020025160,0,0
1149.027626906,0,1
1149.030039924,0,0
1150.037641640,0,1
1150.038911306,1,1
1150.041542910,0,1
1150.041578906,0,0
1151.047656402,0,1
1151.050069418,0,0
1152.057671138,0,1
1152.060084154,0,0
1153.067685954,0,1
1153.070098970,0,0
1154.077700640,0,1
1154.080113658,0,0
1155.087715418,0,1
1155.090128436,0,0
1156.097730150,0,1
1156.100143166,0,0
1157.107744894,0,1
1157.110157910,0,0
1158.117759632,0,1
1158.120172648,0,0
1159.127774462,0,1
1159.130187478,0,0
1160.137789158,0,1
1160.139058870,1,1
1160.141690788,0,1
1160.141726674,0,0
1161.147804050,0,1
1161.150217066,0,0
1162.157818822,0,1
1162.160231840,0,0
1163.167833544,0,1
1163.170246562,0,0
1164.177848324,0,1
1164.180261342,0,0
1165.187863064,0,1
1165.190276080,0,0
1166.197877770,0,1
1166.200290788,0,0
1167.207892588,0,1
1167.210305604,0,0
1168.217907286,0,1
1168.220320304,0,0
1169.227922082,0,1
1169.230335098,0,0
1170.237936828,0,1
1170.239206432,1,1
1170.241838022,0,1
1170.241874092,0,0
1171.247951526,0,1
1171.250364544,0,0
1172.257966318,0,1
1172.260379336,0,0
1173.267981046,0,1
1173.270394064,0,0
1174.277995780,0,1
1174.280408796,0,0
1175.288010506,0,1
1175.290423522,0,0
1176.298025264,0,1
1176.300438282,0,0
1177.308040034,0,1
1177.310453052,0,0
1178.318054802,0,1
1178.320467818,0,0
1179.328069500,0,1
1179.330482516,0,0
1180.338084290,0,1
1180.339353940,1,1
1180.341985722,0,1
1180.342021556,0,0
1181.348098996,0,1
1181.350512012,0,0
1182.358113770,0,1
1182.360526786,0,0
1183.368128500,0,1
1183.370541518,0,0
1184.378143230,0,1
1184.380556246,0,0
1185.388158016,0,1
1185.390571034,0,0
1186.398172712,0,1
1186.400585728,0,0
1187.408187462,0,1
1187.410600480,0,0
1188.418202252,0,1
1188.420615270,0,0
1189.428216974,0,1
1189.430629990,0,0
1190.438231734,0,1
1190.439501484,1,1
1190.442133472,0,1
1190.442169250,0,0
1191.448246540,0,1
1191.450659558,0,0
1192.458261300,0,1
1192.460674318,0,0
1193.468276048,0,1
1193.470689064,0,0
1194.478290812,0,1
1194.480703830,0,0
1195.488305526,0,1
1195.490718544,0,0
1196.498320292,0,1
1196.500733310,0,0
1197.508335040,0,1
1197.510748058,0,0
1198.518349796,0,1
1198.520763064,0,0
1199.528364526,0,1
1199.530777794,0,0
1200.538379220,0,1
1200.539648944,1,1
1200.542280668,0,1
1200.542316734,0,0
1201.548394108,0,1
1201.550807376,0,0
1202.558408822,0,1
1202.560822090,0,0
1203.568423656,0,1
1203.570836672,0,0
1204.578438408,0,1
1204.580851424,0,0
1205.588453146,0,1
1205.590866162,0,0
1206.598467874,0,1
1206.600880890,0,0
1207.608482606,0,1
1207.610895622,0,0
1208.618497364,0,1
1208.620910380,0,0
1209.628512082,0,1
1209.630925348,0,0
1210.638526842,0,1
1210.639796408,1,1
1210.642428164,0,1
1210.642464108,0,0
1211.648541558,0,1
1211.650954576,0,0
1212.658556302,0,1
1212.660969320,0,0
1213.668571088,0,1
1213.670984104,0,0
1214.678585850,0,1
1214.680998868,0,0
1215.688600546,0,1
1215.691013564,0,0
1216.698615304,0,1
1216.701028570,0,0
1217.708630064,0,1
1217.711043330,0,0
1218.718644762,0,1
1218.721058028,0,0
1219.728659488,0,1
1219.729929138,1,1
1219.732560986,0,1
1219.732596754,0,0
1220.738674232,0,1
1220.741087250,0,0
1221.748689030,0,1
1221.751102048,0,0
1222.758703770,0,1
1222.761116786,0,0
1223.768718484,0,1
1223.771131502,0,0
1224.778733238,0,1
1224.781146254,0,0
1225.788747942,0,1
1225.791160958,0,0
1226.798762712,0,1
1226.801175980,0,0
1227.808777434,0,1
1227.811190700,0,0
1228.818792152,0,1
1228.821205418,0,0
1229.828806896,0,1
1229.830076568,1,1
1229.832708432,0,1
1229.832744164,0,0
1230.838821794,0,1
1230.841234812,0,0
1231.848836516,0,1
1231.851249532,0,0
1232.858851222,0,1
1232.861264240,0,0
1233.868865976,0,1
1233.871278994,0,0
1234.878880752,0,1
1234.881294018,0,0
1235.888895450,0,1
1235.891308716,0,0
1236.898910208,0,1
1236.901323474,0,0
1237.908924950,0,1
1237.911338218,0,0
1238.918939672,0,1
1238.921352940,0,0
1239.928954462,0,1
1239.930224050,1,1
1239.932856198,0,1
1239.932891728,0,0
1240.938969190,0,1
1240.941382206,0,0
1241.948983946,0,1
1241.951396962,0,0
1242.958998676,0,1
1242.961411694,0,0
1243.969013448,0,1
1243.971426464,0,0
1244.979028104,0,1
1244.981441122,0,0
1245.989042886,0,1
1245.991456152,0,0
1246.999057628,0,1
1247.001470894,0,0
1248.009072402,0,1
1248.011485668,0,0
1249.019087126,0,1
1249.021500392,0,0
1250.029101886,0,1
1250.030371466,1,1
1250.033003132,0,1
1250.033039154,0,0
1251.039116604,0,1
1251.041529620,0,0
1252.049131326,0,1
1252.051544344,0,0
1253.059146050,0,1
1253.061559068,0,0
1254.069160816,0,1
1254.071573834,0,0
1255.079175500,0,1
1255.081588518,0,0
1256.089190282,0,1
1256.091603548,0,0
1257.099205054,0,1
1257.101618320,0,0
1258.109219760,0,1
1258.111633026,0,0
1259.119234518,0,1
1259.121647784,0,0
1260.129249252,0,1
1260.130518972,1,1
1260.133150922,0,1
1260.133186768,0,0
1261.139264096,0,1
1261.141677112,0,0
1262.149278866,0,1
1262.151691882,0,0
1263.159293550,0,1
1263.161706568,0,0
1264.169308290,0,1
1264.171721306,0,0
1265.179323064,0,1
1265.181736330,0,0
1266.189337752,0,1
1266.191751020,0,0
1267.199352548,0,1
1267.201765816,0,0
1268.209367256,0,1
1268.211780522,0,0
1269.219382020,0,1
1269.221795036,0,0
1270.229396822,0,1
1270.230666340,1,1
1270.233298080,0,1
1270.233334088,0,0
1271.239411372,0,1
1271.241824638,0,0
1272.249426072,0,1
1272.251839338,0,0
1273.259440870,0,1
1273.261853888,0,0
1274.269455588,0,1
1274.271868604,0,0
1275.279470372,0,1
1275.281883390,0,0
1276.289485098,0,1
1276.291898116,0,0
1277.299499780,0,1
1277.301912796,0,0
1278.309514532,0,1
1278.311927548,0,0
1279.319529300,0,1
1279.321942318,0,0
1280.329543996,0,1
1280.330813768,1,1
1280.333445896,0,1
1280.333481512,0,0
1281.339558870,0,1
1281.341971888,0,0
1282.349573608,0,1
1282.351986624,0,0
1283.359588332,0,1
1283.362001350,0,0
1284.369603086,0,1
1284.372016104,0,0
1285.379617794,0,1
1285.382030812,0,0
1286.389632542,0,1
1286.392045560,0,0
1287.399647238,0,1
1287.402060506,0,0
1288.409662036,0,1
1288.412075302,0,0
1289.419676740,0,1
1289.422090006,0,0
1290.429691486,0,1
1290.430961166,1,1
1290.433593212,0,1
1290.433628752,0,0
1291.439706332,0,1
1291.442119350,0,0
1292.449721094,0,1
1292.452134110,0,0
1293.459735816,0,1
1293.462148834,0,0
1294.469750512,0,1
1294.472163528,0,0
1295.479765242,0,1
1295.482178510,0,0
1296.489780030,0,1
1296.492193296,0,0
1297.499794708,0,1
1297.502207974,0,0
1298.509809458,0,1
1298.512222726,0,0
1299.519824168,0,1
1299.522237434,0,0
1300.529839002,0,1
1300.531108566,1,1
1300.533740424,0,1
1300.533776268,0,0
1301.539853696,0,1
1301.542266714,0,0
1302.549868476,0,1
1302.552281492,0,0
1303.559883180,0,1
1303.562296198,0,0
1304.569897934,0,1
1304.572310952,0,0
1305.579912626,0,1
1305.582325892,0,0
1306.589927352,0,1
1306.592340618,0,0
1307.599942106,0,1
1307.602355372,0,0
1308.609956858,0,1
1308.612370126,0,0
1309.619971674,0,1
1309.622384692,0,0
1310.629986366,0,1
1310.631255952,1,1
1310.633887686,0,1
1310.633923632,0,0
1311.640001138,0,1
1311.642414154,0,0
1312.650015860,0,1
1312.652428876,0,0
1313.660030588,0,1
1313.662443604,0,0
1314.670045270,0,1
1314.672458286,0,0
1315.680060040,0,1
1315.682473306,0,0
1316.690074790,0,1
1316.692488056,0,0
1317.700089502,0,1
1317.702502770,0,0
1318.710104246,0,1
1318.712517514,0,0
1319.720119014,0,1
1319.721388612,1,1
1319.724020152,0,1
1319.724056280,0,0
1320.730133696,0,1
1320.732546712,0,0
1321.740148392,0,1
1321.742561408,0,0
1322.750163194,0,1
1322.752576212,0,0
1323.760177888,0,1
1323.762590904,0,0
1324.770192634,0,1
1324.772605650,0,0
1325.780207376,0,1
1325.782620642,0,0
1326.790222060,0,1
1326.792635326,0,0
1327.800236832,0,1
1327.802650098,0,0
1328.810251584,0,1
1328.812664852,0,0
1329.820266314,0,1
1329.821536000,1,1
1329.824167906,0,1
1329.824203580,0,0
1330.830281150,0,1
1330.832694168,0,0
1331.840295852,0,1
1331.842708870,0,0
1332.850310614,0,1
1332.852723630,0,0
1333.860325298,0,1
1333.862738314,0,0
1334.870340088,0,1
1334.872753356,0,0
1335.880354766,0,1
1335.882768032,0,0
1336.890369498,0,1
1336.892782764,0,0
1337.900384238,0,1
1337.902797504,0,0
1338.910399010,0,1
1338.912812028,0,0
1339.920413728,0,1
1339.921683354,1,1
1339.924314956,0,1
1339.924350994,0,0
1340.930428456,0,1
1340.932841472,0,0
1341.940443238,0,1
1341.942856254,0,0
1342.950457916,0,1
1342.952870934,0,0
1343.960472628,0,1
1343.962885644,0,0
1344.970487398,0,1
1344.972900414,0,0
1345.980502122,0,1
1345.982915388,0,0
1346.990516866,0,1
1346.992930132,0,0
1348.000531546,0,1
1348.002944812,0,0
1349.010546276,0,1
1349.012959544,0,0
1350.020561016,0,1
1350.021830714,1,1
1350.024462432,0,1
1350.024498532,0,0
1351.030575852,0,1
1351.032988868,0,0
1352.040590636,0,1
1352.043003654,0,0
1353.050605334,0,1
1353.053018350,0,0
1354.060620092,0,1
1354.063033360,0,0
1355.070634820,0,1
1355.073048086,0,0
1356.080649542,0,1
1356.083062810,0,0
1357.090664246,0,1
1357.093077512,0,0
1358.100679058,0,1
1358.103092074,0,0
1359.110693744,0,1
1359.113106762,0,0
1360.120708466,0,1
1360.121978080,1,1
1360.124609956,0,1
1360.124645730,0,0
1361.130723238,0,1
1361.133136254,0,0
1362.140737956,0,1
1362.143150974,0,0
1363.150752734,0,1
1363.153165750,0,0
1364.160767436,0,1
1364.163180452,0,0
1365.170782132,0,1
1365.173195400,0,0
1366.180796890,0,1
1366.183210156,0,0
1367.190811606,0,1
1367.193224872,0,0
1368.200826300,0,1
1368.203239566,0,0
1369.210841112,0,1
1369.213254130,0,0
1370.220855824,0,1
1370.222125434,1,1
1370.224757034,0,1
1370.224793090,0,0
1371.230870584,0,1
1371.233283602,0,0
1372.240885268,0,1
1372.243298284,0,0
1373.250900016,0,1
1373.253313034,0,0
1374.260914762,0,1
1374.263327780,0,0
1375.270929462,0,1
1375.273342728,0,0
1376.280944194,0,1
1376.283357460,0,0
1377.290958928,0,1
1377.293372194,0,0
1378.300973628,0,1
1378.303386894,0,0
1379.310988368,0,1
1379.313401636,0,0
1380.321003184,0,1
1380.322272724,1,1
1380.324904874,0,1
1380.324940200,0,0
1381.331017894,0,1
1381.333430910,0,0
1382.341032606,0,1
1382.343445622,0,0
1383.351047308,0,1
1383.353460324,0,0
1384.361062056,0,1
1384.363475072,0,0
1385.371076794,0,1
1385.373490060,0,0
1386.381091472,0,1
1386.383504740,0,0
1387.391106248,0,1
1387.393519514,0,0
1388.401120976,0,1
1388.403534244,0,0
1389.411135702,0,1
1389.413548968,0,0
1390.421150494,0,1
1390.422420090,1,1
1390.425052276,0,1
1390.425087760,0,0
1391.431165170,0,1
1391.433578188,0,0
1392.441179876,0,1
1392.443592892,0,0
1393.451194664,0,1
1393.453607680,0,0
1394.461209338,0,1
1394.463622356,0,0
1395.471224098,0,1
1395.473637364,0,0
1396.481238816,0,1
1396.483652082,0,0
1397.491253520,0,1
1397.493666786,0,0
1398.501268268,0,1
1398.503681534,0,0
1399.511283034,0,1
1399.513696052,0,0
1400.521297750,0,1
1400.522567286,1,1
1400.525199056,0,1
1400.525235016,0,0
1401.531312352,0,1
1401.533725368,0,0
1402.541327088,0,1
1402.543740104,0,0
1403.551341794,0,1
1403.553754812,0,0
1404.561356520,0,1
1404.563769536,0,0
1405.571371246,0,1
1405.573784262,0,0
1406.581385982,0,1
1406.583799248,0,0
1407.591400648,0,1
1407.593813916,0,0
1408.601415380,0,1
1408.603828646,0,0
1409.611430138,0,1
1409.613843404,0,0
1410.621444884,0,1
1410.622714664,1,1
1410.625346542,0,1
1410.625382150,0,0
1411.631459716,0,1
1411.633872732,0,0
1412.641474430,0,1
1412.643887448,0,0
1413.651489112,0,1
1413.653902130,0,0
1414.661503834,0,1
1414.663916852,0,0
1415.671518618,0,1
1415.673931634,0,0
1416.681533278,0,1
1416.683946544,0,0
1417.691548026,0,1
1417.693961292,0,0
1418.701562754,0,1
1418.703976022,0,0
1419.711577454,0,1
1419.712847132,1,1
1419.715478892,0,1
1419.715514720,0,0
1420.721592304,0,1
1420.724005322,0,0
1421.731606996,0,1
1421.734020012,0,0
1422.741621774,0,1
1422.744034790,0,0
1423.751636434,0,1
1423.754049452,0,0
1424.761651134,0,1
1424.764064400,0,0
1425.771665860,0,1
1425.774079128,0,0
1426.781680596,0,1
1426.784093864,0,0
1427.791695320,0,1
1427.794108588,0,0
1428.801710094,0,1
1428.804123112,0,0
1429.811724820,0,1
1429.812994436,1,1
1429.815625878,0,1
1429.815662086,0,0
1430.821739574,0,1
1430.824152590,0,0
1431.831754198,0,1
1431.834167216,0,0
1432.841768988,0,1
1432.844182006,0,0
1433.851783662,0,1
1433.854196680,0,0
1434.861798394,0,1
1434.864211660,0,0
1435.871813148,0,1
1435.874226416,0,0
1436.881827794,0,1
1436.884241062,0,0
1437.891842568,0,1
1437.894255834,0,0
1438.901857242,0,1
1438.904270508,0,0
1439.911872048,0,1
1439.913141692,1,1
1439.915773606,0,1
1439.915809314,0,0
1440.921886710,0,1
1440.924299726,0,0
1441.931901444,0,1
1441.934314462,0,0
1442.941916188,0,1
1442.944329206,0,0
1443.951930884,0,1
1443.954343900,0,0
1444.961945610,0,1
1444.964358876,0,0
1445.971960372,0,1
1445.974373638,0,0
1446.981975058,0,1
1446.984388326,0,0
1447.991989772,0,1
1447.994403040,0,0
1449.002004508,0,1
1449.004417526,0,0
1450.012019222,0,1
1450.013288918,1,1
1450.015920432,0,1
1450.015956488,0,0
1451.022034066,0,1
1451.024447084,0,0
1452.032048780,0,1
1452.034461796,0,0
1453.042063558,0,1
1453.044476574,0,0
1454.052078232,0,1
1454.054491498,0,0
1455.062092962,0,1
1455.064506228,0,0
1456.072107646,0,1
1456.074520912,0,0
1457.082122402,0,1
1457.084535668,0,0
1458.092137150,0,1
1458.094550168,0,0
1459.102151852,0,1
1459.104564870,0,0
1460.112166568,0,1
1460.113436138,1,1
1460.116068362,0,1
1460.116103834,0,0
1461.122181408,0,1
1461.124594426,0,0
1462.132196120,0,1
1462.134609136,0,0
1463.142210790,0,1
1463.144623806,0,0
1464.152225516,0,1
1464.154638784,0,0
1465.162240270,0,1
1465.164653538,0,0
1466.172254994,0,1
1466.174668260,0,0
1467.182269752,0,1
1467.184682768,0,0
1468.192284468,0,1
1468.194697484,0,0
1469.202299186,0,1
1469.204712202,0,0
1470.212313862,0,1
1470.213583390,1,1
1470.216215354,0,1
1470.216250878,0,0
1471.222328454,0,1
1471.224741472,0,0
1472.232343194,0,1
1472.234756210,0,0
1473.242357884,0,1
1473.244770900,0,0
1474.252372656,0,1
1474.254785924,0,0
1475.262387320,0,1
1475.264800588,0,0
1476.272402054,0,1
1476.274815320,0,0
1477.282416710,0,1
1477.284829976,0,0
1478.292431504,0,1
1478.294844520,0,0
1479.302446210,0,1
1479.304859476,0,0
1480.312460986,0,1
1480.313730602,1,1
1480.316362304,0,1
1480.316398250,0,0
1481.322475684,0,1
1481.324888700,0,0
1482.332490422,0,1
1482.334903440,0,0
1483.342505094,0,1
1483.344918110,0,0
1484.352519822,0,1
1484.354933090,0,0
1485.362534526,0,1
1485.364947792,0,0
1486.372549270,0,1
1486.374962536,0,0
1487.382564028,0,1
1487.384977044,0,0
1488.392578698,0,1
1488.394991716,0,0
1489.402593470,0,1
1489.405006488,0,0
1490.412608126,0,1
1490.413877750,1,1
1490.416509612,0,1
1490.416545392,0,0
1491.422622842,0,1
1491.425035860,0,0
1492.432637588,0,1
1492.435050604,0,0
1493.442652278,0,1
1493.445065294,0,0
1494.452666964,0,1
1494.455080230,0,0
1495.462681712,0,1
1495.465094978,0,0
1496.472696414,0,1
1496.475109680,0,0
1497.482711188,0,1
1497.485124206,0,0
1498.492725910,0,1
1498.495138926,0,0
1499.502740594,0,1
1499.505153610,0,0
1500.512755310,0,1
1500.514025068,1,1
1500.516656774,0,1
1500.516692826,0,0
1501.522770200,0,1
1501.525183218,0,0
1502.532784860,0,1
1502.535197876,0,0
1503.542799614,0,1
1503.545212630,0,0
1504.552814254,0,1
1504.555227520,0,0
1505.562828986,0,1
1505.565242252,0,0
1506.572843696,0,1
1506.575256964,0,0
1507.582858512,0,1
1507.585271528,0,0
1508.592873200,0,1
1508.595286216,0,0
1509.602887834,0,1
1509.605300852,0,0
1510.612902616,0,1
1510.614172202,1,1
1510.616803992,0,1
1510.616839882,0,0
1511.622917312,0,1
1511.625330328,0,0
1512.632931988,0,1
1512.635345006,0,0
1513.642946718,0,1
1513.645359736,0,0
1514.652961426,0,1
1514.655374692,0,0
1515.662976170,0,1
1515.665389436,0,0
1516.672990840,0,1
1516.675404106,0,0
1517.683005600,0,1
1517.685418618,0,0
1518.693020376,0,1
1518.695433394,0,0
1519.703035010,0,1
1519.704304624,1,1
1519.706936906,0,1
1519.706972276,0,0
1520.713049764,0,1
1520.715462782,0,0
1521.723064450,0,1
1521.725477468,0,0
1522.733079162,0,1
1522.735492180,0,0
1523.743093866,0,1
1523.745507132,0,0
1524.753108576,0,1
1524.755521844,0,0
1525.763123298,0,1
1525.765536314,0,0
1526.773138040,0,1
1526.775551058,0,0
1527.783152742,0,1
1527.785565760,0,0
1528.793167486,0,1
1528.795580504,0,0
1529.803182112,0,1
1529.804451780,1,1
1529.807084128,0,1
1529.807119378,0,0
1530.813196982,0,1
1530.815610000,0,0
1531.823211698,0,1
1531.825624716,0,0
1532.833226422,0,1
1532.835639438,0,0
1533.843241138,0,1
1533.845654406,0,0
1534.853255800,0,1
1534.855669068,0,0
1535.863270534,0,1
1535.865683800,0,0
1536.873285278,0,1
1536.875698294,0,0
1537.883300000,0,1
1537.885713018,0,0
1538.893314670,0,1
1538.895727686,0,0
1539.903329390,0,1
1539.904598934,1,1
1539.907230180,0,1
1539.907266658,0,0
1540.913343976,0,1
1540.915756994,0,0
1541.923358722,0,1
1541.925771738,0,0
1542.933373366,0,1
1542.935786384,0,0
1543.943388092,0,1
1543.945801110,0,0
1544.953402784,0,1
1544.955816052,0,0
1545.963417484,0,1
1545.965830750,0,0
1546.973432232,0,1
1546.975845498,0,0
1547.983446928,0,1
1547.985860194,0,0
1548.993461610,0,1
1548.995874876,0,0
1550.003476310,0,1
1550.004746098,1,1
1550.007377800,0,1
1550.007413576,0,0
1551.013491284,0,1
1551.015904302,0,0
1552.023506024,0,1
1552.025919042,0,0
1553.033520710,0,1
1553.035933978,0,0
1554.043535418,0,1
1554.045948686,0,0
1555.053550112,0,1
1555.055963378,0,0
1556.063564894,0,1
1556.065977910,0,0
1557.073579608,0,1
1557.075992624,0,0
1558.083594298,0,1
1558.086007314,0,0
1559.093608974,0,1
1559.096022240,0,0
1560.103623738,0,1
1560.104893222,1,1
1560.107524968,0,1
1560.107560754,0,0
1561.113638260,0,1
1561.116051276,0,0
1562.123652972,0,1
1562.126065988,0,0
1563.133667646,0,1
1563.136080662,0,0
1564.143682404,0,1
1564.146095670,0,0
1565.153697102,0,1
1565.156110370,0,0
1566.163711790,0,1
1566.166125058,0,0
1567.173726552,0,1
1567.176139568,0,0
1568.183741276,0,1
1568.186154292,0,0
1569.193755932,0,1
1569.196168950,0,0
1570.203770652,0,1
1570.205040346,1,1
1570.207672140,0,1
1570.207707918,0,0
1571.213785474,0,1
1571.216198490,0,0
1572.223800208,0,1
1572.226213224,0,0
1573.233814910,0,1
1573.236228178,0,0
1574.243829576,0,1
1574.246242842,0,0
1575.253844328,0,1
1575.256257594,0,0
1576.263859068,0,1
1576.266272086,0,0
1577.273873754,0,1
1577.276286770,0,0
1578.283888438,0,1
1578.286301454,0,0
1579.293903204,0,1
1579.296316470,0,0
1580.303917896,0,1
1580.305187510,1,1
1580.307818920,0,1
1580.307855160,0,0
1581.313932552,0,1
1581.316345568,0,0
1582.323947284,0,1
1582.326360300,0,0
1583.333961958,0,1
1583.336374976,0,0
1584.343976666,0,1
1584.346389932,0,0
1585.353991390,0,1
1585.356404656,0,0
1586.364006098,0,1
1586.366419364,0,0
1587.374020846,0,1
1587.376433862,0,0
1588.384035536,0,1
1588.386448552,0,0
1589.394050206,0,1
1589.396463222,0,0
1590.404064930,0,1
1590.405334544,1,1
1590.407966424,0,1
1590.408002196,0,0
1591.414079646,0,1
1591.416492662,0,0
1592.424094374,0,1
1592.426507390,0,0
1593.434109018,0,1
1593.436522034,0,0
1594.444123694,0,1
1594.446536960,0,0
1595.454138424,0,1
1595.456551690,0,0
1596.464153170,0,1
1596.466566438,0,0
1597.474167938,0,1
1597.476580956,0,0
1598.484182586,0,1
1598.486595602,0,0
1599.494197268,0,1
1599.496610286,0,0
1600.504212002,0,1
1600.505481696,1,1
1600.508113776,0,1
1600.508149268,0,0
1601.514226772,0,1
1601.516639790,0,0
1602.524241550,0,1
1602.526654568,0,0
1603.534256154,0,1
1603.536669172,0,0
1604.544270888,0,1
1604.546684156,0,0
1605.554285610,0,1
1605.556698876,0,0
1606.564300370,0,1
1606.566713386,0,0
1607.574315080,0,1
1607.576728096,0,0
1608.584329750,0,1
1608.586742766,0,0
1609.594344440,0,1
1609.596757456,0,0
1610.604359132,0,1
1610.605628688,1,1
1610.608260856,0,1
1610.608296148,0,0
1611.614373840,0,1
1611.616786858,0,0
1612.624388538,0,1
1612.626801556,0,0
1613.634403254,0,1
1613.636816270,0,0
1614.644417924,0,1
1614.646831190,0,0
1615.654432646,0,1
1615.656845914,0,0
1616.664447386,0,1
1616.666860652,0,0
1617.674462090,0,1
1617.676875358,0,0
1618.684476754,0,1
1618.686890020,0,0
1619.694491530,0,1
1619.695761128,1,1
1619.698393038,0,1
1619.698428796,0,0
1620.704506216,0,1
1620.706919232,0,0
1621.714520920,0,1
1621.716933936,0,0
1622.724535612,0,1
1622.726948880,0,0
1623.734550320,0,1
1623.736963588,0,0
1624.744564968,0,1
1624.746978234,0,0
1625.754579756,0,1
1625.756992772,0,0
1626.764594474,0,1
1626.767007490,0,0
1627.774609106,0,1
1627.777022122,0,0
1628.784623852,0,1
1628.787037118,0,0
1629.794638508,0,1
1629.795908212,1,1
1629.798539824,0,1
1629.798576024,0,0
1630.804653356,0,1
1630.807066374,0,0
1631.814668044,0,1
1631.817081060,0,0
1632.824682754,0,1
1632.827095770,0,0
1633.834697470,0,1
1633.837110736,0,0
1634.844712178,0,1
1634.847125444,0,0
1635.854726790,0,1
1635.857140056,0,0
1636.864741602,0,1
1636.867154618,0,0
1637.874756300,0,1
1637.877169316,0,0
1638.884770958,0,1
1638.887183974,0,0
1639.894785670,0,1
1639.896055234,1,1
1639.898687032,0,1
1639.898722936,0,0
1640.904800336,0,1
1640.907213354,0,0
1641.914815024,0,1
1641.917228040,0,0
1642.924829784,0,1
1642.927243052,0,0
1643.934844438,0,1
1643.937257704,0,0
1644.944859168,0,1
1644.947272434,0,0
1645.954873886,0,1
1645.957286902,0,0
1646.964888634,0,1
1646.967301652,0,0
1647.974903304,0,1
1647.977316322,0,0
1648.984917984,0,1
1648.987331250,0,0
1649.994932654,0,1
1649.996202336,1,1
1649.998834028,0,1
1649.998869920,0,0
1651.004947480,0,1
1651.007360496,0,0
1652.014962212,0,1
1652.017375230,0,0
1653.024976934,0,1
1653.027390200,0,0
1654.034991558,0,1
1654.037404824,0,0
1655.045006266,0,1
1655.047419534,0,0
1656.055021016,0,1
1656.057434034,0,0
1657.065035700,0,1
1657.067448716,0,0
1658.075050420,0,1
1658.077463438,0,0
1659.085065080,0,1
1659.087478346,0,0
1660.095079810,0,1
1660.096349316,1,1
1660.098980946,0,1
1660.099017076,0,0
1661.105094362,0,1
1661.107507380,0,0
1662.115109070,0,1
1662.117522086,0,0
1663.125123728,0,1
1663.127536746,0,0
1664.135138480,0,1
1664.137551748,0,0
1665.145153110,0,1
1665.147566376,0,0
1666.155167880,0,1
1666.157580898,0,0
1667.165182580,0,1
1667.167595596,0,0
1668.175197264,0,1
1668.177610280,0,0
1669.185212004,0,1
1669.187625020,0,0
1670.195226640,0,1
1670.196496350,1,1
1670.199128138,0,1
1670.199164156,0,0
1671.205241482,0,1
1671.207654498,0,0
1672.215256182,0,1
1672.217669198,0,0
1673.225270886,0,1
1673.227684152,0,0
1674.235285574,0,1
1674.237698842,0,0
1675.245300240,0,1
1675.247713506,0,0
1676.255315036,0,1
1676.257728052,0,0
1677.265329698,0,1
1677.267742714,0,0
1678.275344388,0,1
1678.277757404,0,0
1679.285359118,0,1
1679.287772384,0,0
1680.295373804,0,1
1680.296643380,1,1
1680.299275140,0,1
1680.299311070,0,0
1681.305388520,0,1
1681.307801538,0,0
1682.315403182,0,1
1682.317816198,0,0
1683.325417918,0,1
1683.327830934,0,0
1684.335432546,0,1
1684.337845812,0,0
1685.345447284,0,1
1685.347860552,0,0
1686.355461974,0,1
1686.357875240,0,0
1687.365476634,0,1
1687.367889900,0,0
1688.375491386,0,1
1688.377904404,0,0
1689.385506078,0,1
1689.387919096,0,0
1690.395520788,0,1
1690.396790364,1,1
1690.399421996,0,1
1690.399458054,0,0
1691.405535480,0,1
1691.407948496,0,0
1692.415550134,0,1
1692.417963152,0,0
1693.425564850,0,1
1693.427977866,0,0
1694.435579506,0,1
1694.437992772,0,0
1695.445594248,0,1
1695.448007514,0,0
1696.455608938,0,1
1696.458022206,0,0
1697.465623646,0,1
1697.468036664,0,0
1698.475638382,0,1
1698.478051400,0,0
1699.485653078,0,1
1699.488066094,0,0
1700.495667770,0,1
1700.496937406,1,1
1700.499568644,0,1
1700.499605036,0,0
1701.505682474,0,1
1701.508095490,0,0
1702.515697096,0,1
1702.518110112,0,0
1703.525711834,0,1
1703.528124852,0,0
1704.535726558,0,1
1704.538139824,0,0
1705.545741174,0,1
1705.548154440,0,0
1706.555755834,0,1
1706.558169100,0,0
1707.565770686,0,1
1707.568183702,0,0
1708.575785336,0,1
1708.578198354,0,0
1709.585800006,0,1
1709.588213022,0,0
1710.595814746,0,1
1710.597084368,1,1
1710.599716020,0,1
1710.599752012,0,0
1711.605829420,0,1
1711.608242436,0,0
1712.615844122,0,1
1712.618257138,0,0
1713.625858758,0,1
1713.628271774,0,0
1714.635873492,0,1
1714.638286758,0,0
1715.645888156,0,1
1715.648301422,0,0
1716.655902830,0,1
1716.658316096,0,0
1717.665917516,0,1
1717.668330782,0,0
1718.675932258,0,1
1718.678345276,0,0
1719.685946958,0,1
1719.687216612,1,1
1719.689848464,0,1
1719.689884224,0,0
1720.695961648,0,1
1720.698374664,0,0
1721.705976324,0,1
1721.708389340,0,0
1722.715991040,0,1
1722.718404058,0,0
1723.726005738,0,1
1723.728419004,0,0
1724.736020396,0,1
1724.738433662,0,0
1725.746035088,0,1
1725.748448354,0,0
1726.756049756,0,1
1726.758463022,0,0
1727.766064522,0,1
1727.768477538,0,0
1728.776079230,0,1
1728.778492248,0,0
1729.786093868,0,1
1729.787363540,1,1
1729.789995322,0,1
1729.790031132,0,0
1730.796108694,0,1
1730.798521712,0,0
1731.806123436,0,1
1731.808536452,0,0
1732.816138092,0,1
1732.818551110,0,0
1733.826152778,0,1
1733.828566046,0,0
1734.836167444,0,1
1734.838580710,0,0
1735.846182146,0,1
1735.848595412,0,0
1736.856196876,0,1
1736.858610144,0,0
1737.866211618,0,1
1737.868624634,0,0
1738.876226278,0,1
1738.878639294,0,0
1739.886240954,0,1
1739.887510572,1,1
1739.890142386,0,1
1739.890178220,0,0
1740.896255684,0,1
1740.898668702,0,0
1741.906270294,0,1
1741.908683312,0,0
1742.916285024,0,1
1742.918698040,0,0
1743.926299726,0,1
1743.928712994,0,0
1744.936314382,0,1
1744.938727650,0,0
1745.946329048,0,1
1745.948742314,0,0
1746.956343838,0,1
1746.958756854,0,0
1747.966358506,0,1
1747.968771522,0,0
1748.976373210,0,1
1748.978786226,0,0
1749.986387906,0,1
1749.987657502,1,1
1749.990289288,0,1
1749.990325172,0,0
1750.996402556,0,1
1750.998815572,0,0
1752.006417282,0,1
1752.008830300,0,0
1753.016431926,0,1
1753.018844942,0,0
1754.026446652,0,1
1754.028859918,0,0
1755.036461340,0,1
1755.038874356,0,0
1756.046475990,0,1
1756.048889258,0,0
1757.056490674,0,1
1757.058903940,0,0
1758.066505408,0,1
1758.068918676,0,0
1759.076520064,0,1
1759.078933330,0,0
1760.086534788,0,1
1760.087804394,1,1
1760.090436150,0,1
1760.090472054,0,0
1761.096549460,0,1
1761.098962476,0,0
1762.106564190,0,1
1762.108977206,0,0
1763.116578846,0,1
1763.118991862,0,0
1764.126593554,0,1
1764.129006820,0,0
1765.136608218,0,1
1765.139021486,0,0
1766.146622914,0,1
1766.149036180,0,0
1767.156637646,0,1
1767.159050912,0,0
1768.166652384,0,1
1768.169065400,0,0
1769.176667036,0,1
1769.179080054,0,0
1770.186681708,0,1
1770.187951348,1,1
1770.190583080,0,1
1770.190618974,0,0
1771.196696436,0,1
1771.199109454,0,0
1772.206711090,0,1
1772.209124106,0,0
1773.216725764,0,1
1773.219138780,0,0
1774.226740480,0,1
1774.229153748,0,0
1775.236755194,0,1
1775.239168460,0,0
1776.246769854,0,1
1776.249183122,0,0
1777.256784510,0,1
1777.259197776,0,0
1778.266799270,0,1
1778.269212286,0,0
1779.276813934,0,1
1779.279226950,0,0
1780.286828606,0,1
1780.288098240,1,1
1780.290729928,0,1
1780.290765872,0,0
1781.296843308,0,1
1781.299256324,0,0
1782.306857956,0,1
1782.309270972,0,0
1783.316872670,0,1
1783.319285688,0,0
1784.326887358,0,1
1784.329300624,0,0
1785.336902022,0,1
1785.339315288,0,0
1786.346916694,0,1
1786.349329962,0,0
1787.356931412,0,1
1787.359344680,0,0
1788.366946120,0,1
1788.369359136,0,0
1789.376960878,0,1
1789.379373894,0,0
1790.386975564,0,1
1790.388245266,1,1
1790.390877064,0,1
1790.390913078,0,0
1791.396990330,0,1
1791.399403346,0,0
1792.407005024,0,1
1792.409418040,0,0
1793.417019678,0,1
1793.419432696,0,0
1794.427034400,0,1
1794.429447668,0,0
1795.437049076,0,1
1795.439462342,0,0
1796.447063732,0,1
1796.449476998,0,0
1797.457078502,0,1
1797.459491518,0,0
1798.467093184,0,1
1798.469506202,0,0
1799.477107876,0,1
1799.479520892,0,0
1800.487122552,0,1
1800.488392124,1,1
1800.491023950,0,1
1800.491059818,0,0
1801.497137226,0,1
1801.499550244,0,0
1802.507151894,0,1
1802.509564910,0,0
1803.517166602,0,1
1803.519579618,0,0
1804.527181308,0,1
1804.529594574,0,0
1805.537195950,0,1
1805.539609216,0,0
1806.547210636,0,1
1806.549623904,0,0
1807.557225378,0,1
1807.559638396,0,0
1808.567240116,0,1
1808.569653134,0,0
1809.577254788,0,1
1809.579667806,0,0
1810.587269452,0,1
1810.588538988,1,1
1810.591171136,0,1
1810.591206718,0,0
1811.597284104,0,1
1811.599697122,0,0
1812.607298846,0,1
1812.609711862,0,0
1813.617313478,0,1
1813.619726496,0,0
1814.627328134,0,1
1814.629741400,0,0
1815.637342872,0,1
1815.639756138,0,0
1816.647357526,0,1
1816.649770792,0,0
1817.657372208,0,1
1817.659785474,0,0
1818.667386922,0,1
1818.669799940,0,0
1819.677401650,0,1
1819.678671208,1,1
1819.681302678,0,1
1819.681338914,0,0
1820.687416272,0,1
1820.689829290,0,0
1821.697430962,0,1
1821.699843978,0,0
1822.707445664,0,1
1822.709858680,0,0
1823.717460394,0,1
1823.719873412,0,0
1824.727475056,0,1
1824.729888072,0,0
1825.737489724,0,1
1825.739902990,0,0
1826.747504372,0,1
1826.749917638,0,0
1827.757519052,0,1
1827.759932320,0,0
1828.767533756,0,1
1828.769947022,0,0
1829.777548514,0,1
1829.778818050,1,1
1829.781449466,0,1
1829.781485780,0,0
1830.787563068,0,1
1830.789976086,0,0
1831.797577770,0,1
1831.799990786,0,0
1832.807592398,0,1
1832.810005416,0,0
1833.817607098,0,1
1833.820020116,0,0
1834.827621768,0,1
1834.830035034,0,0
1835.837636420,0,1
1835.840049686,0,0
1836.847651144,0,1
1836.850064410,0,0
1837.857665780,0,1
1837.860079048,0,0
1838.867680586,0,1
1838.870093602,0,0
1839.877695184,0,1
1839.878964998,1,1
1839.881597320,0,1
1839.881632700,0,0
1840.887710172,0,1
1840.890123190,0,0
1841.897724852,0,1
1841.900137868,0,0
1842.907739536,0,1
1842.910152554,0,0
1843.917754144,0,1
1843.920167410,0,0
1844.927768812,0,1
1844.930182078,0,0
1845.937783588,0,1
1845.940196604,0,0
1846.947798232,0,1
1846.950211248,0,0
1847.957812980,0,1
1847.960225998,0,0
1848.967827638,0,1
1848.970240654,0,0
1849.977842298,0,1
1849.979111806,1,1
1849.981743590,0,1
1849.981779564,0,0
1850.987856826,0,1
1850.990269842,0,0
1851.997871500,0,1
1852.000284516,0,0
1853.007886212,0,1
1853.010299228,0,0
1854.017900904,0,1
1854.020314170,0,0
1855.027915570,0,1
1855.030328836,0,0
1856.037930244,0,1
1856.040343512,0,0
1857.047944918,0,1
1857.050358186,0,0
1858.057959672,0,1
1858.060372690,0,0
1859.067974326,0,1
1859.070387342,0,0
1860.077988992,0,1
1860.079258692,1,1
1860.081890524,0,1
1860.081926508,0,0
1861.088003782,0,1
1861.090416800,0,0
1862.098018494,0,1
1862.100431510,0,0
1863.108033156,0,1
1863.110446172,0,0
1864.118047832,0,1
1864.120461100,0,0
1865.128062524,0,1
1865.130475790,0,0
1866.138077214,0,1
1866.140490482,0,0
1867.148091964,0,1
1867.150504982,0,0
1868.158106584,0,1
1868.160519600,0,0
1869.168121270,0,1
1869.170534288,0,0
1870.178135994,0,1
1870.179405490,1,1
1870.182037246,0,1
1870.182073260,0,0
1871.188150508,0,1
1871.190563526,0,0
1872.198165168,0,1
1872.200578186,0,0
1873.208179878,0,1
1873.210592894,0,0
1874.218194526,0,1
1874.220607542,0,0
1875.228209246,0,1
1875.230622512,0,0
1876.238223872,0,1
1876.240637140,0,0
1877.248238564,0,1
1877.250651832,0,0
1878.258253246,0,1
1878.260666514,0,0
1879.268267908,0,1
1879.270681174,0,0
1880.278282690,0,1
1880.279552330,1,1
1880.282183756,0,1
1880.282219956,0,0
1881.288297366,0,1
1881.290710384,0,0
1882.298312052,0,1
1882.300725068,0,0
1883.308326648,0,1
1883.310739664,0,0
1884.318341354,0,1
1884.320754372,0,0
1885.328356022,0,1
1885.330769288,0,0
1886.338370680,0,1
1886.340783946,0,0
1887.348385378,0,1
1887.350798646,0,0
1888.358400048,0,1
1888.360813314,0,0
1889.368414738,0,1
1889.370827756,0,0
1890.378429402,0,1
1890.379699184,1,1
1890.382330934,0,1
1890.382366666,0,0
1891.388444252,0,1
1891.390857268,0,0
1892.398458892,0,1
1892.400871910,0,0
1893.408473608,0,1
1893.410886624,0,0
1894.418488314,0,1
1894.420901330,0,0
1895.428502940,0,1
1895.430915956,0,0
1896.438517614,0,1
1896.440930882,0,0
1897.448532286,0,1
1897.450945552,0,0
1898.458546990,0,1
1898.460960258,0,0
1899.468561680,0,1
1899.470974948,0,0
1900.478576390,0,1
1900.479845928,1,1
1900.482477742,0,1
1900.482513656,0,0
1901.488591050,0,1
1901.491004066,0,0
1902.498605716,0,1
1902.501018734,0,0
1903.508620402,0,1
1903.511033418,0,0
1904.518635088,0,1
1904.521048356,0,0
1905.528649760,0,1
1905.531063026,0,0
1906.538664424,0,1
1906.541077692,0,0
1907.548679080,0,1
1907.551092348,0,0
1908.558693812,0,1
1908.561106830,0,0
1909.568708510,0,1
1909.571121528,0,0
1910.578723180,0,1
1910.579992758,1,1
1910.582624320,0,1
1910.582660446,0,0
1911.588737834,0,1
1911.591150850,0,0
1912.598752488,0,1
1912.601165504,0,0
1913.608767200,0,1
1913.611180218,0,0
1914.618781828,0,1
1914.621195094,0,0
1915.628796532,0,1
1915.631209798,0,0
1916.638811160,0,1
1916.641224428,0,0
1917.648825948,0,1
1917.651238964,0,0
1918.658840588,0,1
1918.661253604,0,0
1919.668855256,0,1
1919.670124850,1,1
1919.672756682,0,1
1919.672792522,0,0
1920.678869954,0,1
1920.681282970,0,0
1921.688884656,0,1
1921.691297672,0,0
1922.698899302,0,1
1922.701312318,0,0
1923.708913914,0,1
1923.711326930,0,0
1924.718928666,0,1
1924.721341934,0,0
1925.728943274,0,1
1925.731356540,0,0
1926.738957956,0,1
1926.741371222,0,0
1927.748972656,0,1
1927.751385922,0,0
1928.758987362,0,1
1928.761400378,0,0
1929.769002036,0,1
1929.770271662,1,1
1929.772903342,0,1
1929.772939302,0,0
1930.779016742,0,1
1930.781429758,0,0
1931.789031356,0,1
1931.791444372,0,0
1932.799046026,0,1
1932.801459042,0,0
1933.809060732,0,1
1933.811474000,0,0
1934.819075420,0,1
1934.821488688,0,0
1935.829090092,0,1
1935.831503358,0,0
1936.839104722,0,1
1936.841517990,0,0
1937.849119492,0,1
1937.851532508,0,0
1938.859134120,0,1
1938.861547136,0,0
1939.869148830,0,1
1939.870418404,1,1
1939.873050718,0,1
1939.873086094,0,0
1940.879163510,0,1
1940.881576526,0,0
1941.889178140,0,1
1941.891591156,0,0
1942.899192810,0,1
1942.901605826,0,0
1943.909207496,0,1
1943.911620512,0,0
1944.919222144,0,1
1944.921635412,0,0
1945.929236806,0,1
1945.931650074,0,0
1946.939251540,0,1
1946.941664806,0,0
1947.949266178,0,1
1947.951679444,0,0
1948.959280844,0,1
1948.961694110,0,0
1949.969295556,0,1
1949.970565176,1,1
1949.973197130,0,1
1949.973232820,0,0
1950.979310266,0,1
1950.981723282,0,0
1951.989324880,0,1
1951.991737896,0,0
1952.999339578,0,1
1953.001752594,0,0
1954.009354234,0,1
1954.011767500,0,0
1955.019368918,0,1
1955.021782186,0,0
1956.029383586,0,1
1956.031796852,0,0
1957.039398244,0,1
1957.041811512,0,0
1958.049412966,0,1
1958.051825982,0,0
1959.059427616,0,1
1959.061840634,0,0
1960.069442318,0,1
1960.070711946,1,1
1960.073343906,0,1
1960.073379584,0,0
1961.079457000,0,1
1961.081870016,0,0
1962.089471670,0,1
1962.091884688,0,0
1963.099486296,0,1
1963.101899312,0,0
1964.109500984,0,1
1964.111914002,0,0
1965.119515620,0,1
1965.121928636,0,0
1966.129530350,0,1
1966.131943618,0,0
1967.139544978,0,1
1967.141958244,0,0
1968.149559652,0,1
1968.151972918,0,0
1969.159574352,0,1
1969.161987620,0,0
1970.169589006,0,1
1970.170858708,1,1
1970.173490670,0,1
1970.173526522,0,0
1971.179603818,0,1
1971.182016836,0,0
1972.189618498,0,1
1972.192031514,0,0
1973.199633198,0,1
1973.202046216,0,0
1974.209647812,0,1
1974.212061080,0,0
1975.219662516,0,1
1975.222075782,0,0
1976.229677198,0,1
1976.232090464,0,0
1977.239691858,0,1
1977.242105124,0,0
1978.249706574,0,1
1978.252119592,0,0
1979.259721212,0,1
1979.262134228,0,0
1980.269735918,0,1
1980.271005464,1,1
1980.273637188,0,1
1980.273672934,0,0
1981.279750528,0,1
1981.282163546,0,0
1982.289765246,0,1
1982.292178262,0,0
1983.299779890,0,1
1983.302192906,0,0
1984.309794590,0,1
1984.312207856,0,0
1985.319809186,0,1
1985.322222452,0,0
1986.329823856,0,1
1986.332237122,0,0
1987.339838554,0,1
1987.342251820,0,0
1988.349853250,0,1
1988.352266268,0,0
1989.359867910,0,1
1989.362280928,0,0
1990.369882610,0,1
1990.371152134,1,1
1990.373784184,0,1
1990.373819874,0,0
1991.379897178,0,1
1991.382310196,0,0
1992.389911824,0,1
1992.392324840,0,0
1993.399926430,0,1
1993.402339446,0,0
1994.409941116,0,1
1994.412354132,0,0
1995.419955796,0,1
1995.422369062,0,0
1996.429970462,0,1
1996.432383728,0,0
1997.439985124,0,1
1997.442398392,0,0
1998.449999774,0,1
1998.452413040,0,0
1999.460014444,0,1
1999.462427710,0,0
2000.470029192,0,1
2000.471298860,1,1
2000.473930944,0,1
2000.473966458,0,0
2001.480043966,0,1
2001.482456982,0,0
2002.490058644,0,1
2002.492471660,0,0
2003.500073312,0,1
2003.502486328,0,0
2004.510087932,0,1
2004.512501200,0,0
2005.520102638,0,1
2005.522515904,0,0
2006.530117300,0,1
2006.532530568,0,0
2007.540131924,0,1
2007.542545192,0,0
2008.550146696,0,1
2008.552559712,0,0
2009.560161332,0,1
2009.562574348,0,0
2010.570175978,0,1
2010.571445568,1,1
2010.574077166,0,1
2010.574113244,0,0
2011.580190624,0,1
2011.582603640,0,0
2012.590205328,0,1
2012.592618344,0,0
2013.600219976,0,1
2013.602632992,0,0
2014.610234642,0,1
2014.612647910,0,0
2015.620249320,0,1
2015.622662588,0,0
2016.630263942,0,1
2016.632677208,0,0
2017.640278634,0,1
2017.642691900,0,0
2018.650293306,0,1
2018.652706322,0,0
2019.660308000,0,1
2019.661577532,1,1
2019.664209296,0,1
2019.664245266,0,0
2020.670322640,0,1
2020.672735656,0,0
2021.680337332,0,1
2021.682750348,0,0
2022.690351998,0,1
2022.692765014,0,0
2023.700366602,0,1
2023.702779868,0,0
2024.710381324,0,1
2024.712794590,0,0
2025.720395966,0,1
2025.722809232,0,0
2026.730410648,0,1
2026.732823914,0,0
2027.740425334,0,1
2027.742838350,0,0
2028.750440002,0,1
2028.752853018,0,0
2029.760454694,0,1
2029.761724268,1,1
2029.764355722,0,1
2029.764391960,0,0
2030.770469340,0,1
2030.772882356,0,0
2031.780484042,0,1
2031.782897060,0,0
2032.790498624,0,1
2032.792911642,0,0
2033.800513300,0,1
2033.802926318,0,0
2034.810528002,0,1
2034.812941018,0,0
2035.820542660,0,1
2035.822955676,0,0
2036.830557236,0,1
2036.832970504,0,0
2037.840571954,0,1
2037.842985220,0,0
2038.850586650,0,1
2038.852999916,0,0
2039.860601302,0,1
2039.861870976,1,1
2039.864502498,0,1
2039.864538566,0,0
2040.870616106,0,1
2040.873029124,0,0
2041.880630834,0,1
2041.883043850,0,0
2042.890645432,0,1
2042.893058450,0,0
2043.900660092,0,1
2043.903073358,0,0
2044.910674754,0,1
2044.913088020,0,0
2045.920689494,0,1
2045.923102510,0,0
2046.930704150,0,1
2046.933117166,0,0
2047.940718846,0,1
2047.943131862,0,0
2048.950733424,0,1
2048.953146442,0,0
2049.960748166,0,1
2049.962017618,1,1
2049.964649320,0,1
2049.964685432,0,0
2050.970762678,0,1
2050.973175694,0,0
2051.980777306,0,1
2051.983190322,0,0
2052.990791988,0,1
2052.993205004,0,0
2054.000806632,0,1
2054.003219648,0,0
2055.010821304,0,1
2055.013234572,0,0
2056.020835926,0,1
2056.023249194,0,0
2057.030850610,0,1
2057.033263876,0,0
2058.040865272,0,1
2058.043278540,0,0
2059.050879956,0,1
2059.053293222,0,0
2060.060894646,0,1
2060.062164316,1,1
2060.064796104,0,1
2060.064831912,0,0
2061.070909458,0,1
2061.073322474,0,0
2062.080924110,0,1
2062.083337128,0,0
2063.090938712,0,1
2063.093351728,0,0
2064.100953406,0,1
2064.103366672,0,0
2065.110968098,0,1
2065.113381364,0,0
2066.120982726,0,1
2066.123395992,0,0
2067.130997360,0,1
2067.133410628,0,0
2068.141012124,0,1
2068.143425140,0,0
2069.151026768,0,1
2069.153439786,0,0
2070.161041428,0,1
2070.162310990,1,1
2070.164943044,0,1
2070.164978694,0,0
2071.171056106,0,1
2071.173469122,0,0
2072.181070710,0,1
2072.183483728,0,0
2073.191085412,0,1
2073.193498430,0,0
2074.201100090,0,1
2074.203513356,0,0
2075.211114730,0,1
2075.213527996,0,0
2076.221129432,0,1
2076.223542700,0,0
2077.231144074,0,1
2077.233557090,0,0
2078.241158784,0,1
2078.243571802,0,0
2079.251173424,0,1
2079.253586440,0,0
2080.261188102,0,1
2080.262457640,1,1
2080.265089506,0,1
2080.265125368,0,0
2081.271202632,0,1
2081.273615648,0,0
2082.281217240,0,1
2082.283630258,0,0
2083.291231906,0,1
2083.293644922,0,0
2084.301246568,0,1
2084.303659586,0,0
2085.311261198,0,1
2085.313674464,0,0
2086.321275868,0,1
2086.323689134,0,0
2087.331290506,0,1
2087.333703772,0,0
2088.341305178,0,1
2088.343718446,0,0
2089.351319820,0,1
2089.353733086,0,0
2090.361334562,0,1
2090.362604286,1,1
2090.365236734,0,1
2090.365272078,0,0
2091.371349296,0,1
2091.373762314,0,0
2092.381364022,0,1
2092.383777038,0,0
2093.391378648,0,1
2093.393791666,0,0
2094.401393336,0,1
2094.403806602,0,0
2095.411407958,0,1
2095.413821224,0,0
2096.421422604,0,1
2096.423835870,0,0
2097.431437256,0,1
2097.433850524,0,0
2098.441451980,0,1
2098.443864996,0,0
2099.451466670,0,1
2099.453879688,0,0
2100.461481352,0,1
2100.462750906,1,1
2100.465382494,0,1
2100.465418618,0,0
2101.471496010,0,1
2101.473909026,0,0
2102.481510634,0,1
2102.483923652,0,0
2103.491525282,0,1
2103.493938300,0,0
2104.501539968,0,1
2104.503953234,0,0
2105.511554628,0,1
2105.513967896,0,0
2106.521569232,0,1
2106.523982498,0,0
2107.531583918,0,1
2107.533997184,0,0
2108.541598590,0,1
2108.544011606,0,0
2109.551613256,0,1
2109.554026272,0,0
2110.561627908,0,1
2110.562897562,1,1
2110.565529464,0,1
2110.565565174,0,0
2111.571642554,0,1
2111.574055572,0,0
2112.581657230,0,1
2112.584070246,0,0
2113.591671858,0,1
2113.594084874,0,0
2114.601686528,0,1
2114.604099796,0,0
2115.611701160,0,1
2115.614114426,0,0
2116.621715858,0,1
2116.624129124,0,0
2117.631730484,0,1
2117.634143750,0,0
2118.641745206,0,1
2118.644158222,0,0
2119.651759884,0,1
2119.654172900,0,0
2120.661774534,0,1
2120.663044174,1,1
2120.665675882,0,1
2120.665711800,0,0
2121.671789136,0,1
2121.674202154,0,0
2122.681803870,0,1
2122.684216886,0,0
2123.691818496,0,1
2123.694231512,0,0
2124.701833158,0,1
2124.704246174,0,0
2125.711847776,0,1
2125.714261042,0,0
2126.721862434,0,1
2126.724275700,0,0
2127.731877098,0,1
2127.734290364,0,0
2128.741891812,0,1
2128.744305078,0,0
2129.751906428,0,1
2129.753176128,1,1
2129.755807900,0,1
2129.755843694,0,0
2130.761921166,0,1
2130.764334184,0,0
2131.771935842,0,1
2131.774348858,0,0
2132.781950564,0,1
2132.784363580,0,0
2133.791965126,0,1
2133.794378394,0,0
2134.801979772,0,1
2134.804393038,0,0
2135.811994464,0,1
2135.814407732,0,0
2136.822009150,0,1
2136.824422166,0,0
2137.832023814,0,1
2137.834436832,0,0
2138.842038450,0,1
2138.844451466,0,0
2139.852053114,0,1
2139.853322710,1,1
2139.855954578,0,1
2139.855990380,0,0
2140.862067796,0,1
2140.864480812,0,0
2141.872082446,0,1
2141.874495462,0,0
2142.882097094,0,1
2142.884510112,0,0
2143.892111744,0,1
2143.894524760,0,0
2144.902126416,0,1
2144.904539682,0,0
2145.912141074,0,1
2145.914554340,0,0
2146.922155690,0,1
2146.924568958,0,0
2147.932170366,0,1
2147.934583632,0,0
2148.942185092,0,1
2148.944598110,0,0
2149.952199752,0,1
2149.953469344,1,1
2149.956100924,0,1
2149.956137018,0,0
2150.962214394,0,1
2150.964627412,0,0
2151.972229042,0,1
2151.974642058,0,0
2152.982243692,0,1
2152.984656708,0,0
2153.992258368,0,1
2153.994671384,0,0
2155.002272984,0,1
2155.004686250,0,0
2156.012287596,0,1
2156.014700864,0,0
2157.022302310,0,1
2157.024715578,0,0
2158.032316924,0,1
2158.034730190,0,0
2159.042331654,0,1
2159.044744670,0,0
2160.052346284,0,1
2160.053615882,1,1
2160.056247454,0,1
2160.056283548,0,0
2161.062361094,0,1
2161.064774110,0,0
2162.072375712,0,1
2162.074788730,0,0
2163.082390360,0,1
2163.084803626,0,0
2164.092405024,0,1
2164.094818292,0,0
2165.102419690,0,1
2165.104832956,0,0
2166.112434342,0,1
2166.114847360,0,0
2167.122449006,0,1
2167.124862022,0,0
2168.132463670,0,1
2168.134876686,0,0
2169.142478368,0,1
2169.144891386,0,0
2170.152492970,0,1
2170.153762384,1,1
2170.156394096,0,1
2170.156429986,0,0
2171.162507376,0,1
2171.164920392,0,0
2172.172522096,0,1
2172.174935112,0,0
2173.182536712,0,1
2173.184949728,0,0
2174.192551384,0,1
2174.194964400,0,0
2175.202565956,0,1
2175.204978972,0,0
2176.212580626,0,1
2176.214993892,0,0
2177.222595282,0,1
2177.225008550,0,0
2178.232609946,0,1
2178.235023212,0,0
2179.242624604,0,1
2179.245037870,0,0
2180.252639272,0,1
2180.253909024,1,1
2180.256540836,0,1
2180.256576538,0,0
2181.262654080,0,1
2181.265067096,0,0
2182.272668724,0,1
2182.275081740,0,0
2183.282683382,0,1
2183.285096398,0,0
2184.292698012,0,1
2184.295111028,0,0
2185.302712688,0,1
2185.305125954,0,0
2186.312727308,0,1
2186.315140574,0,0
2187.322741980,0,1
2187.325155246,0,0
2188.332756622,0,1
2188.335169890,0,0
2189.342771356,0,1
2189.345184374,0,0
2190.352785996,0,1
2190.354055494,1,1
2190.356687266,0,1
2190.356723260,0,0
2191.362800536,0,1
2191.365213552,0,0
2192.372815118,0,1
2192.375228136,0,0
2193.382829782,0,1
2193.385242800,0,0
2194.392844428,0,1
2194.395257444,0,0
2195.402859156,0,1
2195.405272172,0,0
2196.412873782,0,1
2196.415287050,0,0
2197.422888430,0,1
2197.425301698,0,0
2198.432903038,0,1
2198.435316304,0,0
2199.442917704,0,1
2199.445330970,0,0
2200.452932356,0,1
2200.454202062,1,1
2200.456833886,0,1
2200.456869872,0,0
2201.462947140,0,1
2201.465360156,0,0
2202.472961734,0,1
2202.475374750,0,0
2203.482976428,0,1
2203.485389444,0,0
2204.492991118,0,1
2204.495404134,0,0
2205.503005676,0,1
2205.505418942,0,0
2206.513020366,0,1
2206.515433632,0,0
2207.523035010,0,1
2207.525448278,0,0
2208.533049640,0,1
2208.535462906,0,0
2209.543064374,0,1
2209.545477392,0,0
2210.553078990,0,1
2210.554348576,1,1
2210.556980436,0,1
2210.557016254,0,0
2211.563093668,0,1
2211.565506686,0,0
2212.573108346,0,1
2212.575521364,0,0
2213.583122932,0,1
2213.585535948,0,0
2214.593137606,0,1
2214.595550622,0,0
2215.603152228,0,1
2215.605565244,0,0
2216.613166868,0,1
2216.615580134,0,0
2217.623181582,0,1
2217.625594848,0,0
2218.633196154,0,1
2218.635609422,0,0
2219.643210840,0,1
2219.645624106,0,0
2220.653225436,0,1
2220.654495066,1,1
2220.657126920,0,1
2220.657162702,0,0
2221.663240108,0,1
2221.665653124,0,0
2222.673254768,0,1
2222.675667784,0,0
2223.683269370,0,1
2223.685682386,0,0
2224.693284034,0,1
2224.695697050,0,0
2225.703298724,0,1
2225.705711740,0,0
2226.713313374,0,1
2226.715726392,0,0
2227.723327964,0,1
2227.725741230,0,0
2228.733342616,0,1
2228.735755884,0,0
2229.743357292,0,1
2229.744626920,1,1
2229.747258764,0,1
2229.747294558,0,0
2230.753371932,0,1
2230.755784948,0,0
2231.763386604,0,1
2231.765799620,0,0
2232.773401218,0,1
2232.775814234,0,0
2233.783415904,0,1
2233.785828922,0,0
2234.793430508,0,1
2234.795843524,0,0
2235.803445162,0,1
2235.805858178,0,0
2236.813459796,0,1
2236.815872812,0,0
2237.823474456,0,1
2237.825887722,0,0
2238.833489066,0,1
2238.835902332,0,0
2239.843503768,0,1
2239.844773412,1,1
2239.847405134,0,1
2239.847441034,0,0
2240.853518382,0,1
2240.855931398,0,0
2241.863533072,0,1
2241.865946088,0,0
2242.873547686,0,1
2242.875960702,0,0
2243.883562318,0,1
2243.885975334,0,0
2244.893576960,0,1
2244.895989976,0,0
2245.903591598,0,1
2245.906004614,0,0
2246.913606250,0,1
2246.916019266,0,0
2247.923620894,0,1
2247.926033912,0,0
2248.933635580,0,1
2248.936048596,0,0
2249.943650144,0,1
2249.944919882,1,1
2249.947551634,0,1
2249.947587658,0,0
2250.953664970,0,1
2250.956077986,0,0
2251.963679592,0,1
2251.966092610,0,0
2252.973694270,0,1
2252.976107286,0,0
2253.983708912,0,1
2253.986121928,0,0
2254.993723520,0,1
2254.996136538,0,0
2256.003738138,0,1
2256.006151406,0,0
2257.013752820,0,1
2257.016166086,0,0
2258.023767418,0,1
2258.026180684,0,0
2259.033782088,0,1
2259.036195354,0,0
2260.043796754,0,1
2260.045066330,1,1
2260.047698626,0,1
2260.047734018,0,0
2261.053811374,0,1
2261.056224390,0,0
2262.063825994,0,1
2262.066239010,0,0
2263.073840626,0,1
2263.076253642,0,0
2264.083855318,0,1
2264.086268334,0,0
2265.093869928,0,1
2265.096282944,0,0
2266.103884574,0,1
2266.106297590,0,0
2267.113899240,0,1
2267.116312258,0,0
2268.123913832,0,1
2268.126326848,0,0
2269.133928524,0,1
2269.136341540,0,0
2270.143943142,0,1
2270.145212804,1,1
2270.147844598,0,1
2270.147880408,0,0
2271.153957878,0,1
2271.156370896,0,0
2272.163972566,0,1
2272.166385584,0,0
2273.173987174,0,1
2273.176400190,0,0
2274.184001806,0,1
2274.186414822,0,0
2275.194016494,0,1
2275.196429512,0,0
2276.204031096,0,1
2276.206444362,0,0
2277.214045762,0,1
2277.216459028,0,0
2278.224060404,0,1
2278.226473670,0,0
2279.234075082,0,1
2279.236488348,0,0
2280.244089688,0,1
2280.245359246,1,1
2280.247990632,0,1
2280.248026954,0,0
2281.254104248,0,1
2281.256517264,0,0
2282.264118990,0,1
2282.266532006,0,0
2283.274133576,0,1
2283.276546594,0,0
2284.284148222,0,1
2284.286561240,0,0
2285.294162882,0,1
2285.296575898,0,0
2286.304177524,0,1
2286.306590542,0,0
2287.314192188,0,1
2287.316605206,0,0
2288.324206808,0,1
2288.326620074,0,0
2289.334221438,0,1
2289.336634704,0,0
2290.344236082,0,1
2290.345505700,1,1
2290.348137570,0,1
2290.348173348,0,0
2291.354250700,0,1
2291.356663718,0,0
2292.364265340,0,1
2292.366678356,0,0
2293.374280028,0,1
2293.376693046,0,0
2294.384294622,0,1
2294.386707640,0,0
2295.394309286,0,1
2295.396722304,0,0
2296.404323914,0,1
2296.406736930,0,0
2297.414338574,0,1
2297.416751590,0,0
2298.424353180,0,1
2298.426766196,0,0
2299.434367872,0,1
2299.436780888,0,0
2300.444382482,0,1
2300.445652118,1,1
2300.448283816,0,1
2300.448319748,0,0
2301.454397122,0,1
2301.456810138,0,0
2302.464411764,0,1
2302.466824782,0,0
2303.474426412,0,1
2303.476839428,0,0
2304.484441038,0,1
2304.486854056,0,0
2305.494455640,0,1
2305.496868656,0,0
2306.504470338,0,1
2306.506883354,0,0
2307.514484908,0,1
2307.516897924,0,0
2308.524499606,0,1
2308.526912622,0,0
2309.534514236,0,1
2309.536927252,0,0
2310.544528846,0,1
2310.545798574,1,1
2310.548430314,0,1
2310.548466362,0,0
2311.554543602,0,1
2311.556956618,0,0
2312.564558260,0,1
2312.566971278,0,0
2313.574572956,0,1
2313.576985972,0,0
2314.584587564,0,1
2314.587000580,0,0
2315.594602196,0,1
2315.597015214,0,0
2316.604616828,0,1
2316.607029844,0,0
2317.614631464,0,1
2317.617044730,0,0
2318.624646106,0,1
2318.627059372,0,0
2319.634660760,0,1
2319.637074026,0,0
2320.644675392,0,1
2320.645945030,1,1
2320.648576432,0,1
2320.648612658,0,0
2321.654690014,0,1
2321.657103030,0,0
2322.664704628,0,1
2322.667117644,0,0
2323.674719316,0,1
2323.677132332,0,0
2324.684733938,0,1
2324.687146956,0,0
2325.694748588,0,1
2325.697161604,0,0
2326.704763196,0,1
2326.707176212,0,0
2327.714777856,0,1
2327.717191122,0,0
2328.724792438,0,1
2328.727205706,0,0
2329.734807108,0,1
2329.736076816,1,1
2329.738708340,0,1
2329.738744624,0,0
2330.744821884,0,1
2330.747234902,0,0
2331.754836516,0,1
2331.757249532,0,0
2332.764851118,0,1
2332.767264136,0,0
2333.774865802,0,1
2333.777278818,0,0
2334.784880382,0,1
2334.787293398,0,0
2335.794895104,0,1
2335.797308120,0,0
2336.804909654,0,1
2336.807322920,0,0
2337.814924292,0,1
2337.817337558,0,0
2338.824938936,0,1
2338.827352202,0,0
2339.834953588,0,1
2339.836223252,1,1
2339.838855340,0,1
2339.838890852,0,0
2340.844968248,0,1
2340.847381266,0,0
2341.854982898,0,1
2341.857395916,0,0
2342.864997508,0,1
2342.867410526,0,0
2343.875012172,0,1
2343.877425190,0,0
2344.885026754,0,1
2344.887439770,0,0
2345.895041376,0,1
2345.897454392,0,0
2346.905056092,0,1
2346.907469360,0,0
2347.915070712,0,1
2347.917483978,0,0
2348.925085314,0,1
2348.927498582,0,0
2349.935099946,0,1
2349.936369644,1,1
2349.939001604,0,1
2349.939037212,0,0
2350.945114724,0,1
2350.947527740,0,0
2351.955129372,0,1
2351.957542390,0,0
2352.965143980,0,1
2352.967556998,0,0
2353.975158610,0,1
2353.977571626,0,0
2354.985173228,0,1
2354.987586244,0,0
2355.995187914,0,1
2355.997600930,0,0
2357.005202540,0,1
2357.007615808,0,0
2358.015217130,0,1
2358.017630398,0,0
2359.025231778,0,1
2359.027645044,0,0
2360.035246472,0,1
2360.036516012,1,1
2360.039147574,0,1
2360.039183738,0,0
2361.045260944,0,1
2361.047673960,0,0
2362.055275554,0,1
2362.057688572,0,0
2363.065290212,0,1
2363.067703228,0,0
2364.075304828,0,1
2364.077717844,0,0
2365.085319496,0,1
2365.087732512,0,0
2366.095334116,0,1
2366.097747132,0,0
2367.105348732,0,1
2367.107761748,0,0
2368.115363396,0,1
2368.117776412,0,0
2369.125378040,0,1
2369.127791308,0,0
2370.135392596,0,1
2370.136662406,1,1
2370.139294110,0,1
2370.139330112,0,0
2371.145407690,0,1
2371.147820706,0,0
2372.155422244,0,1
2372.157835260,0,0
2373.165436894,0,1
2373.167849912,0,0
2374.175451536,0,1
2374.177864804,0,0
2375.185466192,0,1
2375.187879458,0,0
2376.195480830,0,1
2376.197894096,0,0
2377.205495420,0,1
2377.207908686,0,0
2378.215510086,0,1
2378.217923352,0,0
2379.225524778,0,1
2379.227938044,0,0
2380.235539416,0,1
2380.236808686,1,1
2380.239440890,0,1
2380.239476432,0,0
2381.245553650,0,1
2381.247966668,0,0
2382.255568280,0,1
2382.257981296,0,0
2383.265582928,0,1
2383.267995946,0,0
2384.275597622,0,1
2384.278010638,0,0
2385.285612210,0,1
2385.288025226,0,0
2386.295626870,0,1
2386.298039888,0,0
2387.305641498,0,1
2387.308054514,0,0
2388.315656084,0,1
2388.318069352,0,0
2389.325670776,0,1
2389.328084042,0,0
2390.335685416,0,1
2390.336955218,1,1
2390.339587010,0,1
2390.339622932,0,0
2391.345700262,0,1
2391.348113278,0,0
2392.355714924,0,1
2392.358127940,0,0
2393.365729554,0,1
2393.368142570,0,0
2394.375744134,0,1
2394.378157150,0,0
2395.385758788,0,1
2395.388171804,0,0
2396.395773452,0,1
2396.398186720,0,0
2397.405788046,0,1
2397.408201314,0,0
2398.415802702,0,1
2398.418215970,0,0
2399.425817320,0,1
2399.428230588,0,0
2400.435831964,0,1
2400.437101546,1,1
2400.439733000,0,1
2400.439769230,0,0
2401.445846582,0,1
2401.448259600,0,0
2402.455861188,0,1
2402.458274204,0,0
2403.465875854,0,1
2403.468288872,0,0
2404.475890476,0,1
2404.478303492,0,0
2405.485905110,0,1
2405.488318126,0,0
2406.495919732,0,1
2406.498332998,0,0
2407.505934342,0,1
2407.508347610,0,0
2408.515948990,0,1
2408.518362256,0,0
2409.525963660,0,1
2409.528376926,0,0
2410.535978254,0,1
2410.537247868,1,1
2410.539879312,0,1
2410.539915520,0,0
2411.545992916,0,1
2411.548405934,0,0
2412.556007524,0,1
2412.558420542,0,0
2413.566022180,0,1
2413.568435198,0,0
2414.576036778,0,1
2414.578449796,0,0
2415.586051402,0,1
2415.588464418,0,0
2416.596066052,0,1
2416.598479070,0,0
2417.606080680,0,1
2417.608493696,0,0
2418.616095304,0,1
2418.618508572,0,0
2419.626109932,0,1
2419.628523198,0,0
2420.636124600,0,1
2420.637394200,1,1
2420.640026154,0,1
2420.640061864,0,0
2421.646139208,0,1
2421.648552224,0,0
2422.656153790,0,1
2422.658566806,0,0
2423.666168432,0,1
2423.668581448,0,0
2424.676183082,0,1
2424.678596100,0,0
2425.686197706,0,1
2425.688610722,0,0
2426.696212300,0,1
2426.698625316,0,0
2427.706226944,0,1
2427.708639962,0,0
2428.716241548,0,1
2428.718654814,0,0
2429.726256256,0,1
2429.727525884,1,1
2429.730157568,0,1
2429.730193522,0,0
2430.736270818,0,1
2430.738683834,0,0
2431.746285470,0,1
2431.748698486,0,0
2432.756300142,0,1
2432.758713158,0,0
2433.766314728,0,1
2433.768727744,0,0
2434.776329372,0,1
2434.778742388,0,0
2435.786343990,0,1
2435.788757006,0,0
2436.796358620,0,1
2436.798771638,0,0
2437.806373252,0,1
2437.808786268,0,0
2438.816387922,0,1
2438.818800938,0,0
2439.826402530,0,1
2439.827672278,1,1
2439.830303598,0,1
2439.830340046,0,0
2440.836417248,0,1
2440.838830264,0,0
2441.846431928,0,1
2441.848844946,0,0
2442.856446538,0,1
2442.858859556,0,0
2443.866461092,0,1
2443.868874108,0,0
2444.876475754,0,1
2444.878888772,0,0
2445.886490408,0,1
2445.888903676,0,0
2446.896505034,0,1
2446.898918300,0,0
2447.906519646,0,1
2447.908932912,0,0
2448.916534342,0,1
2448.918947610,0,0
2449.926548982,0,1
2449.927818560,1,1
2449.930449996,0,1
2449.930486248,0,0
2450.936563612,0,1
2450.938976630,0,0
2451.946578202,0,1
2451.948991218,0,0
2452.956592818,0,1
2452.959005834,0,0
2453.966607442,0,1
2453.969020458,0,0
2454.976622092,0,1
2454.979035108,0,0
2455.986636750,0,1
2455.989049768,0,0
2456.996651348,0,1
2456.999064366,0,0
2458.006665966,0,1
2458.009078982,0,0
2459.016680608,0,1
2459.019093624,0,0
2460.026695234,0,1
2460.027964924,1,1
2460.030596760,0,1
2460.030632500,0,0
2461.036709970,0,1
2461.039122986,0,0
2462.046724646,0,1
2462.049137662,0,0
2463.056739216,0,1
2463.059152232,0,0
2464.066753856,0,1
2464.069166874,0,0
2465.076768496,0,1
2465.079181762,0,0
2466.086783128,0,1
2466.089196396,0,0
2467.096797716,0,1
2467.099210982,0,0
2468.106812364,0,1
2468.109225630,0,0
2469.116827064,0,1
2469.119240082,0,0
2470.126841710,0,1
2470.128111216,1,1
2470.130742932,0,1
2470.130778976,0,0
2471.136856176,0,1
2471.139269194,0,0
2472.146870804,0,1
2472.149283820,0,0
2473.156885488,0,1
2473.159298504,0,0
2474.166900060,0,1
2474.169313078,0,0
2475.176914676,0,1
2475.179327692,0,0
2476.186929294,0,1
2476.189342310,0,0
2477.196943988,0,1
2477.199357004,0,0
2478.206958574,0,1
2478.209371592,0,0
2479.216973202,0,1
2479.219386218,0,0
2480.226987820,0,1
2480.228257520,1,1
2480.230889338,0,1
2480.230925336,0,0
2481.237002580,0,1
2481.239415598,0,0
2482.247017212,0,1
2482.249430228,0,0
2483.257031852,0,1
2483.259444868,0,0
2484.267046458,0,1
2484.269459476,0,0
2485.277061112,0,1
2485.279474128,0,0
2486.287075746,0,1
2486.289488764,0,0
2487.297090332,0,1
2487.299503348,0,0
2488.307105000,0,1
2488.309518266,0,0
2489.317119630,0,1
2489.319532896,0,0
2490.327134212,0,1
2490.328403870,1,1
2490.331035670,0,1
2490.331071478,0,0
2491.337148854,0,1
2491.339561872,0,0
2492.347163514,0,1
2492.349576532,0,0
2493.357178138,0,1
2493.359591154,0,0
2494.367192772,0,1
2494.369605790,0,0
2495.377207396,0,1
2495.379620412,0,0
2496.387221994,0,1
2496.389635010,0,0
2497.397236574,0,1
2497.399649590,0,0
2498.407251264,0,1
2498.409664530,0,0
2499.417265880,0,1
2499.419679146,0,0
2500.427280482,0,1
2500.428550114,1,1
2500.431182336,0,1
2500.431217748,0,0
2501.437295068,0,1
2501.439708084,0,0
2502.447309768,0,1
2502.449722784,0,0
2503.457324318,0,1
2503.459737334,0,0
2504.467338964,0,1
2504.469751980,0,0
2505.477353636,0,1
2505.479766652,0,0
2506.487368266,0,1
2506.489781284,0,0
2507.497382888,0,1
2507.499795904,0,0
2508.507397494,0,1
2508.509810760,0,0
2509.517412144,0,1
2509.519825410,0,0
2510.527426784,0,1
2510.528696482,1,1
2510.531328210,0,1
2510.531364300,0,0
2511.537441516,0,1
2511.539854532,0,0
2512.547456152,0,1
2512.549869168,0,0
2513.557470784,0,1
2513.559883802,0,0
2514.567485438,0,1
2514.569898456,0,0
2515.577500054,0,1
2515.579913070,0,0
2516.587514672,0,1
2516.589927938,0,0
2517.597529294,0,1
2517.599942560,0,0
2518.607543936,0,1
2518.609956952,0,0
2519.617558528,0,1
2519.619971796,0,0
2520.627573232,0,1
2520.628842776,1,1
2520.631474462,0,1
2520.631510498,0,0
2521.637587784,0,1
2521.640000800,0,0
2522.647602422,0,1
2522.650015438,0,0
2523.657617078,0,1
2523.660030094,0,0
2524.667631726,0,1
2524.670044742,0,0
2525.677646306,0,1
2525.680059324,0,0
2526.687660954,0,1
2526.690073970,0,0
2527.697675586,0,1
2527.700088604,0,0
2528.707690180,0,1
2528.710103448,0,0
2529.717704846,0,1
2529.718974438,1,1
2529.721605910,0,1
2529.721642112,0,0
2530.727719480,0,1
2530.730132496,0,0
2531.737734098,0,1
2531.740147114,0,0
2532.747748720,0,1
2532.750161736,0,0
2533.757763316,0,1
2533.760176334,0,0
2534.767777974,0,1
2534.770190990,0,0
2535.777792582,0,1
2535.780205598,0,0
2536.787807180,0,1
2536.790220196,0,0
2537.797821790,0,1
2537.800235058,0,0
2538.807836442,0,1
2538.810249710,0,0
2539.817851092,0,1
2539.819120732,1,1
2539.821752610,0,1
2539.821788358,0,0
2540.827865716,0,1
2540.830278732,0,0
2541.837880330,0,1
2541.840293348,0,0
2542.847894934,0,1
2542.850307952,0,0
2543.857909616,0,1
2543.860322632,0,0
2544.867924182,0,1
2544.870337200,0,0
2545.877938844,0,1
2545.880351862,0,0
2546.887953430,0,1
2546.890366446,0,0
2547.897968118,0,1
2547.900381136,0,0
2548.907982684,0,1
2548.910395700,0,0
2549.917997344,0,1
2549.919267020,1,1
2549.921898808,0,1
2549.921934610,0,0
2550.928012098,0,1
2550.930425116,0,0
2551.938026698,0,1
2551.940439714,0,0
2552.948041340,0,1
2552.950454358,0,0
2553.958055950,0,1
2553.960468966,0,0
2554.968070558,0,1
2554.970483574,0,0
2555.978085154,0,1
2555.980498172,0,0
2556.988099794,0,1
2556.990513062,0,0
2557.998114468,0,1
2558.000527736,0,0
2559.008129076,0,1
2559.010542344,0,0
2560.018143718,0,1
2560.019413310,1,1
2560.022045642,0,1
2560.022080984,0,0
2561.028158340,0,1
2561.030571356,0,0
2562.038172896,0,1
2562.040585912,0,0
2563.048187594,0,1
2563.050600610,0,0
2564.058202176,0,1
2564.060615192,0,0
2565.068216792,0,1
2565.070629808,0,0
2566.078231446,0,1
2566.080644462,0,0
2567.088246070,0,1
2567.090659086,0,0
2568.098260690,0,1
2568.100673708,0,0
2569.108275326,0,1
2569.110688344,0,0
2570.118289934,0,1
2570.119559548,1,1
2570.122191258,0,1
2570.122227198,0,0
2571.128304506,0,1
2571.130717522,0,0
2572.138319158,0,1
2572.140732176,0,0
2573.148333758,0,1
2573.150746774,0,0
2574.158348412,0,1
2574.160761428,0,0
2575.168363010,0,1
2575.170776026,0,0
2576.178377620,0,1
2576.180790638,0,0
2577.188392284,0,1
2577.190805300,0,0
2578.198406878,0,1
2578.200819894,0,0
2579.208421546,0,1
2579.210834564,0,0
2580.218436142,0,1
2580.219705820,1,1
2580.222337522,0,1
2580.222373408,0,0
2581.228450920,0,1
2581.230863936,0,0
2582.238465496,0,1
2582.240878512,0,0
2583.248480160,0,1
2583.250893178,0,0
2584.258494778,0,1
2584.260907796,0,0
2585.268509374,0,1
2585.270922392,0,0
2586.278524006,0,1
2586.280937024,0,0
2587.288538598,0,1
2587.290951866,0,0
2588.298553268,0,1
2588.300966286,0,0
2589.308567870,0,1
2589.310980886,0,0
2590.318582490,0,1
2590.319852114,1,1
2590.322483834,0,1
2590.322519756,0,0
2591.328597136,0,1
2591.331010154,0,0
2592.338611800,0,1
2592.341024816,0,0
2593.348626416,0,1
2593.351039432,0,0
2594.358641040,0,1
2594.361054058,0,0
2595.368655628,0,1
2595.371068644,0,0
2596.378670232,0,1
2596.381083250,0,0
2597.388684884,0,1
2597.391097902,0,0
2598.398699518,0,1
2598.401112534,0,0
2599.408714188,0,1
2599.411127454,0,0
2600.418728794,0,1
2600.419998384,1,1
2600.422629776,0,1
2600.422666062,0,0
2601.428743386,0,1
2601.431156402,0,0
2602.438757990,0,1
2602.441171006,0,0
2603.448772646,0,1
2603.451185662,0,0
2604.458787196,0,1
2604.461200214,0,0
2605.468801864,0,1
2605.471214880,0,0
2606.478816512,0,1
2606.481229530,0,0
2607.488831146,0,1
2607.491244164,0,0
2608.498845788,0,1
2608.501258804,0,0
2609.508860370,0,1
2609.511273636,0,0
2610.518874984,0,1
2610.520144700,1,1
2610.522776546,0,1
2610.522812500,0,0
2611.528889740,0,1
2611.531302756,0,0
2612.538904392,0,1
2612.541317408,0,0
2613.548918996,0,1
2613.551332014,0,0
2614.558933612,0,1
2614.561346630,0,0
2615.568948230,0,1
2615.571361246,0,0
2616.578962902,0,1
2616.581375920,0,0
2617.588977510,0,1
2617.591390778,0,0
2618.598992134,0,1
2618.601405400,0,0
2619.609006702,0,1
2619.611419968,0,0
2620.619021418,0,1
2620.620290912,1,1
2620.622922596,0,1
2620.622958684,0,0
2621.629035822,0,1
2621.631448838,0,0
2622.639050508,0,1
2622.641463524,0,0
2623.649065144,0,1
2623.651478160,0,0
2624.659079720,0,1
2624.661492738,0,0
2625.669094330,0,1
2625.671507346,0,0
2626.679108972,0,1
2626.681521990,0,0
2627.689123576,0,1
2627.691536594,0,0
2628.699138232,0,1
2628.701551248,0,0
2629.709152800,0,1
2629.710422572,1,1
2629.713054278,0,1
2629.713090316,0,0
2630.719167572,0,1
2630.721580590,0,0
2631.729182242,0,1
2631.731595258,0,0
2632.739196834,0,1
2632.741609850,0,0
2633.749211456,0,1
2633.751624474,0,0
2634.759226028,0,1
2634.761639044,0,0
2635.769240696,0,1
2635.771653712,0,0
2636.779255284,0,1
2636.781668302,0,0
2637.789269900,0,1
2637.791682916,0,0
2638.799284530,0,1
2638.801697546,0,0
2639.809299198,0,1
2639.810568758,1,1
2639.813200614,0,1
2639.813236464,0,0
2640.819313794,0,1
2640.821726810,0,0
2641.829328426,0,1
2641.831741444,0,0
2642.839342992,0,1
2642.841756008,0,0
2643.849357664,0,1
2643.851770682,0,0
2644.859372302,0,1
2644.861785320,0,0
2645.869386890,0,1
2645.871799908,0,0
2646.879401512,0,1
2646.881814530,0,0
2647.889416170,0,1
2647.891829188,0,0
2648.899430760,0,1
2648.901843778,0,0
2649.909445356,0,1
2649.910714996,1,1
2649.913346936,0,1
2649.913382620,0,0
2650.919460018,0,1
2650.921873036,0,0
2651.929474624,0,1
2651.931887640,0,0
2652.939489218,0,1
2652.941902234,0,0
2653.949503836,0,1
2653.951916854,0,0
2654.959518470,0,1
2654.961931486,0,0
2655.969533104,0,1
2655.971946120,0,0
2656.979547706,0,1
2656.981960722,0,0
2657.989562338,0,1
2657.991975354,0,0
2658.999576942,0,1
2659.001989960,0,0
2660.009591596,0,1
2660.010861286,1,1
2660.013493608,0,1
2660.013529112,0,0
2661.019606302,0,1
2661.022019318,0,0
2662.029620912,0,1
2662.032033928,0,0
2663.039635552,0,1
2663.042048570,0,0
2664.049650180,0,1
2664.052063198,0,0
2665.059664790,0,1
2665.062077806,0,0
2666.069679416,0,1
2666.072092432,0,0
2667.079694054,0,1
2667.082107070,0,0
2668.089708662,0,1
2668.092121678,0,0
2669.099723244,0,1
2669.102136510,0,0
2670.109737860,0,1
2670.111007470,1,1
2670.113639378,0,1
2670.113675126,0,0
2671.119752538,0,1
2671.122165556,0,0
2672.129767130,0,1
2672.132180146,0,0
2673.139781722,0,1
2673.142194738,0,0
2674.149796358,0,1
2674.152209374,0,0
2675.159810980,0,1
2675.162223998,0,0
2676.169825564,0,1
2676.172238582,0,0
2677.179840204,0,1
2677.182253220,0,0
2678.189854846,0,1
2678.192267864,0,0
2679.199869420,0,1
2679.202282436,0,0
2680.209884054,0,1
2680.211153716,1,1
2680.213785168,0,1
2680.213821320,0,0
2681.219898808,0,1
2681.222311824,0,0
2682.229913408,0,1
2682.232326424,0,0
2683.239928018,0,1
2683.242341034,0,0
2684.249942618,0,1
2684.252355636,0,0
2685.259957256,0,1
2685.262370272,0,0
2686.269971908,0,1
2686.272384924,0,0
2687.279986494,0,1
2687.282399762,0,0
2688.290001112,0,1
2688.292414378,0,0
2689.300015708,0,1
2689.302428976,0,0
2690.310030358,0,1
2690.311299916,1,1
2690.313931842,0,1
2690.313967624,0,0
2691.320044924,0,1
2691.322457940,0,0
2692.330059582,0,1
2692.332472600,0,0
2693.340074204,0,1
2693.342487220,0,0
2694.350088808,0,1
2694.352501824,0,0
2695.360103426,0,1
2695.362516442,0,0
2696.370118056,0,1
2696.372531072,0,0
2697.380132658,0,1
2697.382545676,0,0
2698.390147266,0,1
2698.392560282,0,0
2699.400161864,0,1
2699.402574882,0,0
2700.410176526,0,1
2700.411446066,1,1
2700.414077786,0,1
2700.414113792,0,0
2701.420191116,0,1
2701.422604132,0,0
2702.430205712,0,1
2702.432618728,0,0
2703.440220372,0,1
2703.442633388,0,0
2704.450234970,0,1
2704.452647986,0,0
2705.460249546,0,1
2705.462662562,0,0
2706.470264210,0,1
2706.472677228,0,0
2707.480278810,0,1
2707.482692076,0,0
2708.490293458,0,1
2708.492706724,0,0
2709.500308066,0,1
2709.502721332,0,0
2710.510322658,0,1
2710.511592276,1,1
2710.514224098,0,1
2710.514259924,0,0
2711.520337276,0,1
2711.522750294,0,0
2712.530351922,0,1
2712.532764940,0,0
2713.540366548,0,1
2713.542779564,0,0
2714.550381118,0,1
2714.552794134,0,0
2715.560395708,0,1
2715.562808726,0,0
2716.570410410,0,1
2716.572823426,0,0
2717.580424968,0,1
2717.582837986,0,0
2718.590439590,0,1
2718.592852608,0,0
2719.600454250,0,1
2719.602867266,0,0
2720.610468790,0,1
2720.611738414,1,1
2720.614370300,0,1
2720.614406056,0,0
2721.620483432,0,1
2721.622896448,0,0
2722.630498020,0,1
2722.632911038,0,0
2723.640512654,0,1
2723.642925670,0,0
2724.650527248,0,1
2724.652940264,0,0
2725.660541862,0,1
2725.662954876,0,0
2726.670556504,0,1
2726.672969520,0,0
2727.680571106,0,1
2727.682984122,0,0
2728.690585700,0,1
2728.692998716,0,0
2729.700600402,0,1
2729.701870008,1,1
2729.704501896,0,1
2729.704537668,0,0
2730.710614966,0,1
2730.713027984,0,0
2731.720629534,0,1
2731.723042552,0,0
2732.730644180,0,1
2732.733057196,0,0
2733.740658788,0,1
2733.743071806,0,0
2734.750673428,0,1
2734.753086444,0,0
2735.760688022,0,1
2735.763101038,0,0
2736.770702648,0,1
2736.773115664,0,0
2737.780717262,0,1
2737.783130280,0,0
2738.790731878,0,1
2738.793145146,0,0
2739.800746460,0,1
2739.802016168,1,1
2739.804647992,0,1
2739.804683976,0,0
2740.810761206,0,1
2740.813174222,0,0
2741.820775840,0,1
2741.823188856,0,0
2742.830790434,0,1
2742.833203450,0,0
2743.840805104,0,1
2743.843218122,0,0
2744.850819640,0,1
2744.853232658,0,0
2745.860834310,0,1
2745.863247326,0,0
2746.870848878,0,1
2746.873261894,0,0
2747.880863536,0,1
2747.883276552,0,0
2748.890878096,0,1
2748.893291112,0,0
2749.900892720,0,1
2749.902162368,1,1
2749.904794174,0,1
2749.904829986,0,0
2750.910907348,0,1
2750.913320364,0,0
2751.920922018,0,1
2751.923335034,0,0
2752.930936598,0,1
2752.933349614,0,0
2753.940951196,0,1
2753.943364214,0,0
2754.950965792,0,1
2754.953378810,0,0
2755.960980400,0,1
2755.963393416,0,0
2756.970995082,0,1
2756.973408098,0,0
2757.981009650,0,1
2757.983422668,0,0
2758.991024248,0,1
2758.993437264,0,0
2760.001038898,0,1
2760.002308468,1,1
2760.004940404,0,1
2760.004976164,0,0
2761.011053506,0,1
2761.013466522,0,0
2762.021068068,0,1
2762.023481086,0,0
2763.031082674,0,1
2763.033495690,0,0
2764.041097338,0,1
2764.043510356,0,0
2765.051111914,0,1
2765.053524932,0,0
2766.061126570,0,1
2766.063539586,0,0
2767.071141168,0,1
2767.073554184,0,0
2768.081155776,0,1
2768.083568794,0,0
2769.091170338,0,1
2769.093583354,0,0
2770.101185010,0,1
2770.102454608,1,1
2770.105086806,0,1
2770.105122276,0,0
2771.111199610,0,1
2771.113612628,0,0
2772.121214200,0,1
2772.123627216,0,0
2773.131228826,0,1
2773.133641844,0,0
2774.141243418,0,1
2774.143656434,0,0
2775.151258010,0,1
2775.153671026,0,0
2776.161272684,0,1
2776.163685700,0,0
2777.171287246,0,1
2777.173700262,0,0
2778.181301848,0,1
2778.183714864,0,0
2779.191316478,0,1
2779.193729496,0,0
2780.201331064,0,1
2780.202600792,1,1
2780.205232896,0,1
2780.205268580,0,0
2781.211345782,0,1
2781.213758798,0,0
2782.221360418,0,1
2782.223773434,0,0
2783.231375014,0,1
2783.233788030,0,0
2784.241389646,0,1
2784.243802662,0,0
2785.251404238,0,1
2785.253817254,0,0
2786.261418886,0,1
2786.263831904,0,0
2787.271433486,0,1
2787.273846504,0,0
2788.281448064,0,1
2788.283861080,0,0
2789.291462700,0,1
2789.293875716,0,0
2790.301477304,0,1
2790.302746916,1,1
2790.305378618,0,1
2790.305414570,0,0
2791.311491914,0,1
2791.313904930,0,0
2792.321506546,0,1
2792.323919562,0,0
2793.331521178,0,1
2793.333934194,0,0
2794.341535788,0,1
2794.343948804,0,0
2795.351550348,0,1
2795.353963364,0,0
2796.361564938,0,1
2796.363977956,0,0
2797.371579598,0,1
2797.373992616,0,0
2798.381594178,0,1
2798.384007194,0,0
2799.391608792,0,1
2799.394021808,0,0
2800.401623446,0,1
2800.402893100,1,1
2800.405525236,0,1
2800.405560710,0,0
2801.411638004,0,1
2801.414051020,0,0
2802.421652612,0,1
2802.424065630,0,0
2803.431667228,0,1
2803.434080244,0,0
2804.441681872,0,1
2804.444094890,0,0
2805.451696470,0,1
2805.454109486,0,0
2806.461711090,0,1
2806.464124108,0,0
2807.471725672,0,1
2807.474138688,0,0
2808.481740304,0,1
2808.484153320,0,0
2809.491754908,0,1
2809.494168174,0,0
2810.501769546,0,1
2810.503039150,1,1
2810.505670888,0,1
2810.505706812,0,0
2811.511784112,0,1
2811.514197128,0,0
2812.521798700,0,1
2812.524211716,0,0
2813.531813344,0,1
2813.534226360,0,0
2814.541827980,0,1
2814.544240998,0,0
2815.551842536,0,1
2815.554255554,0,0
2816.561857182,0,1
2816.564270198,0,0
2817.571871756,0,1
2817.574284772,0,0
2818.581886372,0,1
2818.584299388,0,0
2819.591900986,0,1
2819.594314004,0,0
2820.601915604,0,1
2820.603185274,1,1
2820.605817350,0,1
2820.605852868,0,0
2821.611930314,0,1
2821.614343332,0,0
2822.621944912,0,1
2822.624357930,0,0
2823.631959542,0,1
2823.634372560,0,0
2824.641974150,0,1
2824.644387166,0,0
2825.651988760,0,1
2825.654401776,0,0
2826.662003354,0,1
2826.664416372,0,0
2827.672017992,0,1
2827.674431008,0,0
2828.682032592,0,1
2828.684445608,0,0
2829.692047174,0,1
2829.693316818,1,1
2829.695948684,0,1
2829.695984438,0,0
2830.702061822,0,1
2830.704474838,0,0
2831.712076396,0,1
2831.714489412,0,0
2832.722091018,0,1
2832.724504034,0,0
2833.732105608,0,1
2833.734518624,0,0
2834.742120250,0,1
2834.744533266,0,0
2835.752134814,0,1
2835.754547830,0,0
2836.762149444,0,1
2836.764562460,0,0
2837.772164076,0,1
2837.774577092,0,0
2838.782178646,0,1
2838.784591664,0,0
2839.792193278,0,1
2839.793462920,1,1
2839.796094512,0,1
2839.796130544,0,0
2840.802207892,0,1
2840.804620908,0,0
2841.812222456,0,1
2841.814635472,0,0
2842.822237090,0,1
2842.824650106,0,0
2843.832251698,0,1
2843.834664716,0,0
2844.842266328,0,1
2844.844679344,0,0
2845.852280894,0,1
2845.854693912,0,0
2846.862295530,0,1
2846.864708546,0,0
2847.872310144,0,1
2847.874723160,0,0
2848.882324750,0,1
2848.884737766,0,0
2849.892339332,0,1
2849.893609080,1,1
2849.896240782,0,1
2849.896276848,0,0
2850.902354082,0,1
2850.904767100,0,0
2851.912368638,0,1
2851.914781654,0,0
2852.922383292,0,1
2852.924796308,0,0
2853.932397922,0,1
2853.934810938,0,0
2854.942412512,0,1
2854.944825528,0,0
2855.952427136,0,1
2855.954840154,0,0
2856.962441712,0,1
2856.964854978,0,0
2857.972456316,0,1
2857.974869582,0,0
2858.982470934,0,1
2858.984884202,0,0
2859.992485542,0,1
2859.993755170,1,1
2859.996387220,0,1
2859.996422808,0,0
2861.002500168,0,1
2861.004913184,0,0
2862.012514772,0,1
2862.014927788,0,0
2863.022529372,0,1
2863.024942388,0,0
2864.032543940,0,1
2864.034956958,0,0
2865.042558584,0,1
2865.044971602,0,0
2866.052573174,0,1
2866.054986192,0,0
2867.062587742,0,1
2867.065000758,0,0
2868.072602418,0,1
2868.075015434,0,0
2869.082616998,0,1
2869.085030014,0,0
2870.092631652,0,1
2870.093901368,1,1
2870.096533702,0,1
2870.096568916,0,0
2871.102646372,0,1
2871.105059388,0,0
2872.112660942,0,1
2872.115073958,0,0
2873.122675574,0,1
2873.125088590,0,0
2874.132690184,0,1
2874.135103200,0,0
2875.142704796,0,1
2875.145117812,0,0
2876.152719414,0,1
2876.155132430,0,0
2877.162733974,0,1
2877.165147240,0,0
2878.172748576,0,1
2878.175161844,0,0
2879.182763186,0,1
2879.185176452,0,0
2880.192777884,0,1
2880.194047386,1,1
2880.196679086,0,1
2880.196715150,0,0
2881.202792310,0,1
2881.205205328,0,0
2882.212806936,0,1
2882.215219952,0,0
2883.222821534,0,1
2883.225234550,0,0
2884.232836104,0,1
2884.235249122,0,0
2885.242850692,0,1
2885.245263710,0,0
2886.252865330,0,1
2886.255278346,0,0
2887.262879922,0,1
2887.265292940,0,0
2888.272894538,0,1
2888.275307554,0,0
2889.282909152,0,1
2889.285322168,0,0
2890.292923760,0,1
2890.294193476,1,1
2890.296825436,0,1
2890.296861026,0,0
2891.302938466,0,1
2891.305351482,0,0
2892.312953070,0,1
2892.315366086,0,0
2893.322967682,0,1
2893.325380698,0,0
2894.332982322,0,1
2894.335395340,0,0
2895.342996898,0,1
2895.345409914,0,0
2896.353011492,0,1
2896.355424508,0,0
2897.363026124,0,1
2897.365439390,0,0
2898.373040712,0,1
2898.375453978,0,0
2899.383055318,0,1
2899.385468584,0,0
2900.393069938,0,1
2900.394339596,1,1
2900.396971442,0,1
2900.397007204,0,0
2901.403084528,0,1
2901.405497546,0,0
2902.413099136,0,1
2902.415512154,0,0
2903.423113734,0,1
2903.425526750,0,0
2904.433128346,0,1
2904.435541362,0,0
2905.443142956,0,1
2905.445555974,0,0
2906.453157526,0,1
2906.455570542,0,0
2907.463172182,0,1
2907.465585198,0,0
2908.473186754,0,1
2908.475599770,0,0
2909.483201416,0,1
2909.485614432,0,0
2910.493215962,0,1
2910.494485712,1,1
2910.497117788,0,1
2910.497153476,0,0
2911.503230690,0,1
2911.505643708,0,0
2912.513245312,0,1
2912.515658328,0,0
2913.523259886,0,1
2913.525672902,0,0
2914.533274514,0,1
2914.535687530,0,0
2915.543289152,0,1
2915.545702168,0,0
2916.553303748,0,1
2916.555716764,0,0
2917.563318356,0,1
2917.565731624,0,0
2918.573332944,0,1
2918.575746210,0,0
2919.583347542,0,1
2919.585760810,0,0
2920.593362174,0,1
2920.594631790,1,1
2920.597264012,0,1
2920.597299438,0,0
2921.603376754,0,1
2921.605789770,0,0
2922.613391408,0,1
2922.615804426,0,0
2923.623406004,0,1
2923.625819020,0,0
2924.633420622,0,1
2924.635833640,0,0
2925.643435210,0,1
2925.645848226,0,0
2926.653449776,0,1
2926.655862792,0,0
2927.663464466,0,1
2927.665877734,0,0
2928.673478998,0,1
2928.675892266,0,0
2929.683493654,0,1
2929.684763208,1,1
2929.687394802,0,1
2929.687430920,0,0
2930.693508212,0,1
2930.695921230,0,0
2931.703522830,0,1
2931.705935848,0,0
2932.713537462,0,1
2932.715950480,0,0
2933.723552048,0,1
2933.725965066,0,0
2934.733566694,0,1
2934.735979710,0,0
2935.743581262,0,1
2935.745994278,0,0
2936.753595880,0,1
2936.756008896,0,0
2937.763610460,0,1
2937.766023476,0,0
2938.773625056,0,1
2938.776038072,0,0
2939.783639716,0,1
2939.784909384,1,1
2939.787541028,0,1
2939.787576982,0,0
2940.793654412,0,1
2940.796067430,0,0
2941.803668988,0,1
2941.806082004,0,0
2942.813683656,0,1
2942.816096672,0,0
2943.823698276,0,1
2943.826111292,0,0
2944.833712826,0,1
2944.836125842,0,0
2945.843727436,0,1
2945.846140702,0,0
2946.853742024,0,1
2946.856155292,0,0
2947.863756676,0,1
2947.866169942,0,0
2948.873771236,0,1
2948.876184504,0,0
2949.883785836,0,1
2949.885055434,1,1
2949.887687276,0,1
2949.887723100,0,0
2950.893800480,0,1
2950.896213496,0,0
2951.903815060,0,1
2951.906228076,0,0
2952.913829660,0,1
2952.916242676,0,0
2953.923844306,0,1
2953.926257324,0,0
2954.933858850,0,1
2954.936271868,0,0
2955.943873494,0,1
2955.946286510,0,0
2956.953888104,0,1
2956.956301122,0,0
2957.963902708,0,1
2957.966315724,0,0
2958.973917328,0,1
2958.976330594,0,0
2959.983931892,0,1
2959.985201436,1,1
2959.987832934,0,1
2959.987868908,0,0
2960.993946524,0,1
2960.996359542,0,0
2962.003961118,0,1
2962.006374134,0,0
2963.013975746,0,1
2963.016388762,0,0
2964.023990298,0,1
2964.026403314,0,0
2965.034004944,0,1
2965.036417960,0,0
2966.044019560,0,1
2966.046432578,0,0
2967.054034128,0,1
2967.056447396,0,0
2968.064048768,0,1
2968.066462034,0,0
2969.074063308,0,1
2969.076476576,0,0
2970.084077972,0,1
2970.085347564,1,1
2970.087979268,0,1
2970.088015238,0,0
2971.094092598,0,1
2971.096505616,0,0
2972.104107176,0,1
2972.106520192,0,0
2973.114121812,0,1
2973.116534828,0,0
2974.124136378,0,1
2974.126549396,0,0
2975.134151004,0,1
2975.136564020,0,0
2976.144165628,0,1
2976.146578644,0,0
2977.154180176,0,1
2977.156593192,0,0
2978.164194794,0,1
2978.166607810,0,0
2979.174209426,0,1
2979.176622442,0,0
2980.184224024,0,1
2980.185493674,1,1
2980.188125290,0,1
2980.188161290,0,0
2981.194238610,0,1
2981.196651626,0,0
2982.204253260,0,1
2982.206666276,0,0
2983.214267810,0,1
2983.216680826,0,0
2984.224282422,0,1
2984.226695440,0,0
2985.234297032,0,1
2985.236710048,0,0
2986.244311636,0,1
2986.246724652,0,0
2987.254326232,0,1
2987.256739248,0,0
2988.264340874,0,1
2988.266753890,0,0
2989.274355492,0,1
2989.276768758,0,0
2990.284370066,0,1
2990.285639712,1,1
2990.288271276,0,1
2990.288307330,0,0
2991.294384694,0,1
2991.296797710,0,0
2992.304399278,0,1
2992.306812294,0,0
2993.314413922,0,1
2993.316826938,0,0
2994.324428458,0,1
2994.326841474,0,0
2995.334443082,0,1
2995.336856098,0,0
2996.344457688,0,1
2996.346870704,0,0
2997.354472326,0,1
2997.356885342,0,0
2998.364486904,0,1
2998.366899920,0,0
2999.374501562,0,1
2999.376914578,0,0
3000.384516130,0,1
3000.385785784,1,1
3000.388417942,0,1
3000.388453396,0,0
3001.394530730,0,1
3001.396943748,0,0
3002.404545310,0,1
3002.406958326,0,0
3003.414559950,0,1
3003.416972966,0,0
3004.424574536,0,1
3004.426987554,0,0
3005.434589160,0,1
3005.437002178,0,0
3006.444603798,0,1
3006.447016814,0,0
3007.454618400,0,1
3007.457031416,0,0
3008.464632908,0,1
3008.467046174,0,0
3009.474647630,0,1
3009.477060648,0,0
3010.484662198,0,1
3010.485931808,1,1
3010.488563214,0,1
3010.488599462,0,0
3011.494676812,0,1
3011.497089828,0,0
3012.504691398,0,1
3012.507104414,0,0
3013.514706024,0,1
3013.517119040,0,0
3014.524720602,0,1
3014.527133620,0,0
3015.534735246,0,1
3015.537148262,0,0
3016.544749800,0,1
3016.547162818,0,0
3017.554764444,0,1
3017.557177460,0,0
3018.564779016,0,1
3018.567192032,0,0
3019.574793658,0,1
3019.577206676,0,0
3020.584808276,0,1
3020.586077858,1,1
3020.588709608,0,1
3020.588745542,0,0
3021.594822836,0,1
3021.597235852,0,0
3022.604837428,0,1
3022.607250444,0,0
3023.614852054,0,1
3023.617265070,0,0
3024.624866606,0,1
3024.627279622,0,0
3025.634881242,0,1
3025.637294258,0,0
3026.644895894,0,1
3026.647308912,0,0
3027.654910442,0,1
3027.657323458,0,0
3028.664925104,0,1
3028.667338120,0,0
3029.674939694,0,1
3029.676209270,1,1
3029.678841378,0,1
3029.678876960,0,0
3030.684954280,0,1
3030.687367298,0,0
3031.694968858,0,1
3031.697381876,0,0
3032.704983482,0,1
3032.707396500,0,0
3033.714998082,0,1
3033.717411098,0,0
3034.725012732,0,1
3034.727425748,0,0
3035.735027306,0,1
3035.737440322,0,0
3036.745041906,0,1
3036.747454922,0,0
3037.755056538,0,1
3037.757469556,0,0
3038.765071106,0,1
3038.767484122,0,0
3039.775085696,0,1
3039.776355320,1,1
3039.778987012,0,1
3039.779022962,0,0
3040.785100312,0,1
3040.787513330,0,0
3041.795114940,0,1
3041.797527956,0,0
3042.805129516,0,1
3042.807542532,0,0
3043.815144188,0,1
3043.817557204,0,0
3044.825158764,0,1
3044.827571782,0,0
3045.835173364,0,1
3045.837586382,0,0
3046.845187938,0,1
3046.847600956,0,0
3047.855202544,0,1
3047.857615560,0,0
3048.865217194,0,1
3048.867630210,0,0
3049.875231784,0,1
3049.876501364,1,1
3049.879133374,0,1
3049.879169050,0,0
3050.885246398,0,1
3050.887659414,0,0
3051.895260960,0,1
3051.897673976,0,0
3052.905275578,0,1
3052.907688596,0,0
3053.915290162,0,1
3053.917703178,0,0
3054.925304756,0,1
3054.927717774,0,0
3055.935319352,0,1
3055.937732370,0,0
3056.945333960,0,1
3056.947746978,0,0
3057.955348616,0,1
3057.957761634,0,0
3058.965363202,0,1
3058.967776220,0,0
3059.975377808,0,1
3059.976647406,1,1
3059.979279178,0,1
3059.979315074,0,0
3060.985392404,0,1
3060.987805420,0,0
3061.995407028,0,1
3061.997820044,0,0
3063.005421612,0,1
3063.007834630,0,0
3064.015436192,0,1
3064.017849210,0,0
3065.025450830,0,1
3065.027863848,0,0
3066.035465404,0,1
3066.037878420,0,0
3067.045480010,0,1
3067.047893026,0,0
3068.055494622,0,1
3068.057907638,0,0
3069.065509232,0,1
3069.067922250,0,0
3070.075523798,0,1
3070.076793480,1,1
3070.079425472,0,1
3070.079461064,0,0
3071.085538536,0,1
3071.087951552,0,0
3072.095553188,0,1
3072.097966204,0,0
3073.105567746,0,1
3073.107980762,0,0
3074.115582334,0,1
3074.117995350,0,0
3075.125596966,0,1
3075.128009984,0,0
3076.135611628,0,1
3076.138024644,0,0
3077.145626144,0,1
3077.148039162,0,0
3078.155640778,0,1
3078.158053796,0,0
3079.165655378,0,1
3079.168068396,0,0
3080.175670026,0,1
3080.176939492,1,1
3080.179571380,0,1
3080.179607292,0,0
3081.185684484,0,1
3081.188097500,0,0
3082.195699072,0,1
3082.198112088,0,0
3083.205713660,0,1
3083.208126676,0,0
3084.215728298,0,1
3084.218141314,0,0
3085.225742904,0,1
3085.228155920,0,0
3086.235757468,0,1
3086.238170484,0,0
3087.245772074,0,1
3087.248185090,0,0
3088.255786684,0,1
3088.258199700,0,0
3089.265801304,0,1
3089.268214320,0,0
3090.275815922,0,1
3090.277085586,1,1
3090.279717870,0,1
3090.279753186,0,0
3091.285830486,0,1
3091.288243502,0,0
3092.295845140,0,1
3092.298258158,0,0
3093.305859686,0,1
3093.308272702,0,0
3094.315874326,0,1
3094.318287342,0,0
3095.325888936,0,1
3095.328301952,0,0
3096.335903522,0,1
3096.338316538,0,0
3097.345918132,0,1
3097.348331148,0,0
3098.355932704,0,1
3098.358345720,0,0
3099.365947332,0,1
3099.368360350,0,0
3100.375961928,0,1
3100.377231550,1,1
3100.379863266,0,1
3100.379899194,0,0
3101.385976536,0,1
3101.388389552,0,0
3102.395991138,0,1
3102.398404156,0,0
3103.406005744,0,1
3103.408418760,0,0
3104.416020366,0,1
3104.418433382,0,0
3105.426034960,0,1
3105.428447978,0,0
3106.436049538,0,1
3106.438462556,0,0
3107.446064122,0,1
3107.448477138,0,0
3108.456078746,0,1
3108.458491762,0,0
3109.466093324,0,1
3109.468506342,0,0
3110.476107932,0,1
3110.477377592,1,1
3110.480009306,0,1
3110.480045198,0,0
3111.486122556,0,1
3111.488535572,0,0
3112.496137154,0,1
3112.498550170,0,0
3113.506151742,0,1
3113.508564758,0,0
3114.516166380,0,1
3114.518579398,0,0
3115.526180970,0,1
3115.528593986,0,0
3116.536195536,0,1
3116.538608552,0,0
3117.546210178,0,1
3117.548623194,0,0
3118.556224716,0,1
3118.558637732,0,0
3119.566239358,0,1
3119.568652374,0,0
3120.576253968,0,1
3120.577523694,1,1
3120.580155226,0,1
3120.580191482,0,0
3121.586268664,0,1
3121.588681682,0,0
3122.596283286,0,1
3122.598696304,0,0
3123.606297886,0,1
3123.608710902,0,0
3124.616312498,0,1
3124.618725516,0,0
3125.626327074,0,1
3125.628740092,0,0
3126.636341714,0,1
3126.638754730,0,0
3127.646356280,0,1
3127.648769298,0,0
3128.656370912,0,1
3128.658783928,0,0
3129.666385484,0,1
3129.668798502,0,0
3130.676400122,0,1
3130.677669670,1,1
3130.680301096,0,1
3130.680337388,0,0
3131.686414676,0,1
3131.688827692,0,0
3132.696429274,0,1
3132.698842292,0,0
3133.706443896,0,1
3133.708856912,0,0
3134.716458472,0,1
3134.718871490,0,0
3135.726473098,0,1
3135.728886114,0,0
3136.736487712,0,1
3136.738900728,0,0
3137.746502270,0,1
3137.748915288,0,0
3138.756516894,0,1
3138.758929912,0,0
3139.766531480,0,1
3139.767801154,1,1
3139.770433068,0,1
3139.770468744,0,0
3140.776546222,0,1
3140.778959238,0,0
3141.786560808,0,1
3141.788973824,0,0
3142.796575396,0,1
3142.798988412,0,0
3143.806590014,0,1
3143.809003030,0,0
3144.816604626,0,1
3144.819017642,0,0
3145.826619204,0,1
3145.829032220,0,0
3146.836633786,0,1
3146.839046804,0,0
3147.846648454,0,1
3147.849061472,0,0
3148.856663052,0,1
3148.859076070,0,0
3149.866677616,0,1
3149.867947136,1,1
3149.870578934,0,1
3149.870614882,0,0
3150.876692096,0,1
3150.879105112,0,0
3151.886706704,0,1
3151.889119722,0,0
3152.896721298,0,1
3152.899134314,0,0
3153.906735854,0,1
3153.909148872,0,0
3154.916750512,0,1
3154.919163530,0,0
3155.926765086,0,1
3155.929178102,0,0
3156.936779712,0,1
3156.939192730,0,0
3157.946794290,0,1
3157.949207308,0,0
3158.956808880,0,1
3158.959221896,0,0
3159.966823516,0,1
3159.968093180,1,1
3159.970725026,0,1
3159.970760782,0,0
3160.976838082,0,1
3160.979251100,0,0
3161.986852672,0,1
3161.989265690,0,0
3162.996867284,0,1
3162.999280300,0,0
3164.006881892,0,1
3164.009294910,0,0
3165.016896444,0,1
3165.019309462,0,0
3166.026911062,0,1
3166.029324080,0,0
3167.036925646,0,1
3167.039338662,0,0
3168.046940266,0,1
3168.049353282,0,0
3169.056954872,0,1
3169.059367888,0,0
3170.066969482,0,1
3170.068239180,1,1
3170.070870740,0,1
3170.070906748,0,0
3171.076984186,0,1
3171.079397202,0,0
3172.086998790,0,1
3172.089411806,0,0
3173.097013356,0,1
3173.099426372,0,0
3174.107027950,0,1
3174.109440966,0,0
3175.117042562,0,1
3175.119455578,0,0
3176.127057164,0,1
3176.129470180,0,0
3177.137071760,0,1
3177.139484776,0,0
3178.147086406,0,1
3178.149499422,0,0
3179.157100984,0,1
3179.159514250,0,0
3180.167115558,0,1
3180.168385154,1,1
3180.171017424,0,1
3180.171052824,0,0
3181.177130146,0,1
3181.179543162,0,0
3182.187144722,0,1
3182.189557740,0,0
3183.197159388,0,1
3183.199572404,0,0
3184.207173950,0,1
3184.209586966,0,0
3185.217188596,0,1
3185.219601612,0,0
3186.227203192,0,1
3186.229616208,0,0
3187.237217742,0,1
3187.239630760,0,0
3188.247232352,0,1
3188.249645370,0,0
3189.257246920,0,1
3189.259659938,0,0
3190.267261508,0,1
3190.268531196,1,1
3190.271163304,0,1
3190.271198772,0,0
3191.277276258,0,1
3191.279689274,0,0
3192.287290886,0,1
3192.289703902,0,0
3193.297305442,0,1
3193.299718458,0,0
3194.307320080,0,1
3194.309733096,0,0
3195.317334634,0,1
3195.319747650,0,0
3196.327349268,0,1
3196.329762286,0,0
3197.337363870,0,1
3197.339777136,0,0
3198.347378462,0,1
3198.349791728,0,0
3199.357393070,0,1
3199.359806336,0,0
3200.367407590,0,1
3200.368677158,1,1
3200.371308850,0,1
3200.371344856,0,0
3201.377422232,0,1
3201.379835248,0,0
3202.387436864,0,1
3202.389849880,0,0
3203.397451418,0,1
3203.399864434,0,0
3204.407466028,0,1
3204.409879046,0,0
3205.417480646,0,1
3205.419893662,0,0
3206.427495220,0,1
3206.429908238,0,0
3207.437509766,0,1
3207.439922782,0,0
3208.447524420,0,1
3208.449937438,0,0
3209.457538994,0,1
3209.459952262,0,0
3210.467553600,0,1
3210.468823244,1,1
3210.471454966,0,1
3210.471490866,0,0
3211.477568198,0,1
3211.479981214,0,0
3212.487582810,0,1
3212.489995826,0,0
3213.497597396,0,1
3213.500010412,0,0
3214.507612010,0,1
3214.510025026,0,0
3215.517626604,0,1
3215.520039620,0,0
3216.527641196,0,1
3216.530054212,0,0
3217.537655776,0,1
3217.540068792,0,0
3218.547670396,0,1
3218.550083412,0,0
3219.557684978,0,1
3219.560097996,0,0
3220.567699608,0,1
3220.568969174,1,1
3220.571600922,0,1
3220.571636874,0,0
3221.577714206,0,1
3221.580127222,0,0
3222.587728752,0,1
3222.590141770,0,0
3223.597743364,0,1
3223.600156380,0,0
3224.607757988,0,1
3224.610171004,0,0
3225.617772604,0,1
3225.620185620,0,0
3226.627787136,0,1
3226.630200152,0,0
3227.637801790,0,1
3227.640214806,0,0
3228.647816320,0,1
3228.650229338,0,0
3229.657830952,0,1
3229.660243968,0,0
3230.667845550,0,1
3230.669115164,1,1
3230.671746892,0,1
3230.671782816,0,0
3231.677860144,0,1
3231.680273162,0,0
3232.687874778,0,1
3232.690287794,0,0
3233.697889362,0,1
3233.700302378,0,0
3234.707903930,0,1
3234.710316948,0,0
3235.717918568,0,1
3235.720331584,0,0
3236.727933148,0,1
3236.730346166,0,0
3237.737947692,0,1
3237.740360708,0,0
3238.747962304,0,1
3238.750375322,0,0
3239.757976922,0,1
3239.759246584,1,1
3239.761877492,0,1
3239.761877500,1,1
3239.761877512,0,1
3239.761877522,1,1
3239.761878208,0,1
3239.761878844,1,1
3239.761878850,0,1
3239.761878998,1,1
3239.761879006,0,1
3239.761914188,0,0
3240.767991654,0,1
3240.770404670,0,0
3241.778006248,0,1
3241.780419264,0,0
3242.788020810,0,1
3242.790433826,0,0
3243.798035402,0,1
3243.800448418,0,0
3244.808050032,0,1
3244.810463048,0,0
3245.818064626,0,1
3245.820477642,0,0
3246.828079196,0,1
3246.830492464,0,0
3247.838093816,0,1
3247.840507082,0,0
3248.848108400,0,1
3248.850521668,0,0
3249.858123010,0,1
3249.859392580,1,1
3249.862024254,0,1
3249.862060276,0,0
3250.868137582,0,1
3250.870550598,0,0
3251.878152200,0,1
3251.880565216,0,0
3252.888166770,0,1
3252.890579786,0,0
3253.898181384,0,1
3253.900594402,0,0
3254.908195960,0,1
3254.910608978,0,0
3255.918210602,0,1
3255.920623618,0,0
3256.928225204,0,1
3256.930638222,0,0
3257.938239770,0,1
3257.940652786,0,0
3258.948254344,0,1
3258.950667360,0,0
3259.958268962,0,1
3259.959538548,1,1
3259.962170308,0,1
3259.962206226,0,0
3260.968283548,0,1
3260.970696566,0,0
3261.978298194,0,1
3261.980711210,0,0
3262.988312754,0,1
3262.990725772,0,0
3263.998327372,0,1
3264.000740390,0,0
3265.008341984,0,1
3265.010755002,0,0
3266.018356544,0,1
3266.020769562,0,0
3267.028371144,0,1
3267.030784160,0,0
3268.038385708,0,1
3268.040798724,0,0
3269.048400292,0,1
3269.050813308,0,0
3270.058414940,0,1
3270.059684520,1,1
3270.062316480,0,1
3270.062352206,0,0
3271.068429472,0,1
3271.070842490,0,0
3272.078444106,0,1
3272.080857122,0,0
3273.088458710,0,1
3273.090871726,0,0
3274.098473256,0,1
3274.100886272,0,0
3275.108487866,0,1
3275.110900882,0,0
3276.118502450,0,1
3276.120915466,0,0
3277.128517056,0,1
3277.130930072,0,0
3278.138531694,0,1
3278.140944710,0,0
3279.148546274,0,1
3279.150959292,0,0
3280.158560836,0,1
3280.159830534,1,1
3280.162462382,0,1
3280.162465920,1,1
3280.162465922,0,1
3280.162498102,0,0
3281.168575578,0,1
3281.170988594,0,0
3282.178590176,0,1
3282.181003194,0,0
3283.188604792,0,1
3283.191017810,0,0
3284.198619358,0,1
3284.201032374,0,0
3285.208634016,0,1
3285.211047034,0,0
3286.218648580,0,1
3286.221061596,0,0
3287.228663190,0,1
3287.231076206,0,0
3288.238677806,0,1
3288.241090822,0,0
3289.248692400,0,1
3289.251105418,0,0
3290.258706942,0,1
3290.259976486,1,1
3290.262607940,0,1
3290.262643958,0,0
3291.268721540,0,1
3291.271134556,0,0
3292.278736186,0,1
3292.281149204,0,0
3293.288750750,0,1
3293.291163768,0,0
3294.298765346,0,1
3294.301178364,0,0
3295.308779952,0,1
3295.311192970,0,0
3296.318794526,0,1
3296.321207542,0,0
3297.328809126,0,1
3297.331222142,0,0
3298.338823758,0,1
3298.341236774,0,0
3299.348838308,0,1
3299.351251574,0,0
3300.358852936,0,1
3300.360122478,1,1
3300.362753994,0,1
3300.362789952,0,0
3301.368867550,0,1
3301.371280566,0,0
3302.378882144,0,1
3302.381295160,0,0
3303.388896686,0,1
3303.391309702,0,0
3304.398911306,0,1
3304.401324322,0,0
3305.408925850,0,1
3305.411338868,0,0
3306.418940492,0,1
3306.421353508,0,0
3307.428955056,0,1
3307.431368074,0,0
3308.438969686,0,1
3308.441382704,0,0
3309.448984242,0,1
3309.451397260,0,0
3310.458998880,0,1
3310.460268486,1,1
3310.462900196,0,1
3310.462903480,1,1
3310.462903486,0,1
3310.462936146,0,0
3311.469013480,0,1
3311.471426496,0,0
3312.479028058,0,1
3312.481441074,0,0
3313.489042634,0,1
3313.491455650,0,0
3314.499057206,0,1
3314.501470222,0,0
3315.509071832,0,1
3315.511484848,0,0
3316.519086400,0,1
3316.521499418,0,0
3317.529100968,0,1
3317.531513984,0,0
3318.539115648,0,1
3318.541528664,0,0
3319.549130206,0,1
3319.551543224,0,0
3320.559144772,0,1
3320.560414428,1,1
3320.563046336,0,1
3320.563050540,1,1
3320.563050544,0,1
3320.563082038,0,0
3321.569159366,0,1
3321.571572382,0,0
3322.579173956,0,1
3322.581586972,0,0
3323.589188552,0,1
3323.591601568,0,0
3324.599203186,0,1
3324.601616204,0,0
3325.609217714,0,1
3325.611630730,0,0
3326.619232304,0,1
3326.621645322,0,0
3327.629246942,0,1
3327.631659958,0,0
3328.639261526,0,1
3328.641674542,0,0
3329.649276098,0,1
3329.651689114,0,0
3330.659290656,0,1
3330.660560474,1,1
3330.663192404,0,1
3330.663228172,0,0
3331.669305556,0,1
3331.671718572,0,0
3332.679320144,0,1
3332.681733160,0,0
3333.689334752,0,1
3333.691747770,0,0
3334.699349314,0,1
3334.701762330,0,0
3335.709363868,0,1
3335.711776884,0,0
3336.719378494,0,1
3336.721791510,0,0
3337.729393100,0,1
3337.731806366,0,0
3338.739407700,0,1
3338.741820968,0,0
3339.749422338,0,1
3339.750691748,1,1
3339.753323546,0,1
3339.753359354,0,0
3340.759436622,0,1
3340.761849640,0,0
3341.769451242,0,1
3341.771864258,0,0
3342.779465818,0,1
3342.781878836,0,0
3343.789480404,0,1
3343.791893420,0,0
3344.799494958,0,1
3344.801907976,0,0
3345.809509572,0,1
3345.811922590,0,0
3346.819524178,0,1
3346.821937194,0,0
3347.829538762,0,1
3347.831951780,0,0
3348.839553362,0,1
3348.841966380,0,0
3349.849567944,0,1
3349.850837756,1,1
3349.853469566,0,1
3349.853505460,0,0
3350.859582800,0,1
3350.861995816,0,0
3351.869597350,0,1
3351.872010368,0,0
3352.879611952,0,1
3352.882024970,0,0
3353.889626518,0,1
3353.892039536,0,0
3354.899641140,0,1
3354.902054158,0,0
3355.909655694,0,1
3355.912068710,0,0
3356.919670350,0,1
3356.922083618,0,0
3357.929684952,0,1
3357.932097968,0,0
3358.939699528,0,1
3358.942112544,0,0
3359.949714084,0,1
3359.950983760,1,1
3359.953615496,0,1
3359.953651350,0,0
3360.959728826,0,1
3360.962141842,0,0
3361.969743442,0,1
3361.972156458,0,0
3362.979757988,0,1
3362.982171004,0,0
3363.989772608,0,1
3363.992185626,0,0
3364.999787178,0,1
3365.002200196,0,0
3366.009801748,0,1
3366.012214766,0,0
3367.019816390,0,1
3367.022229656,0,0
3368.029830964,0,1
3368.032244230,0,0
3369.039845560,0,1
3369.042258826,0,0
3370.049860102,0,1
3370.051129624,1,1
3370.053761622,0,1
3370.053797368,0,0
3371.059874590,0,1
3371.062287608,0,0
3372.069889194,0,1
3372.072302210,0,0
3373.079903782,0,1
3373.082316798,0,0
3374.089918364,0,1
3374.092331382,0,0
3375.099932984,0,1
3375.102346002,0,0
3376.109947572,0,1
3376.112360590,0,0
3377.119962132,0,1
3377.122375148,0,0
3378.129976722,0,1
3378.132389740,0,0
3379.139991332,0,1
3379.142404348,0,0
3380.150005886,0,1
3380.151275574,1,1
3380.153907316,0,1
3380.153943152,0,0
3381.160020676,0,1
3381.162433694,0,0
3382.170035230,0,1
3382.172448246,0,0
3383.180049838,0,1
3383.182462854,0,0
3384.190064406,0,1
3384.192477424,0,0
3385.200078974,0,1
3385.202491990,0,0
3386.210093548,0,1
3386.212506564,0,0
3387.220108156,0,1
3387.222521422,0,0
3388.230122784,0,1
3388.232536050,0,0
3389.240137326,0,1
3389.242550592,0,0
3390.250151934,0,1
3390.251421536,1,1
3390.254053132,0,1
3390.254089200,0,0
3391.260166536,0,1
3391.262579552,0,0
3392.270181096,0,1
3392.272594112,0,0
3393.280195734,0,1
3393.282608750,0,0
3394.290210316,0,1
3394.292623332,0,0
3395.300224904,0,1
3395.302637920,0,0
3396.310239490,0,1
3396.312652506,0,0
3397.320254002,0,1
3397.322667270,0,0
3398.330268654,0,1
3398.332681920,0,0
3399.340283236,0,1
3399.342696502,0,0
3400.350297818,0,1
3400.351567540,1,1
3400.354199402,0,1
3400.354235084,0,0
3401.360312554,0,1
3401.362725572,0,0
3402.370327166,0,1
3402.372740182,0,0
3403.380341702,0,1
3403.382754718,0,0
3404.390356296,0,1
3404.392769314,0,0
3405.400370886,0,1
3405.402784152,0,0
3406.410385436,0,1
3406.412798704,0,0
3407.420400100,0,1
3407.422813366,0,0
3408.430414654,0,1
3408.432827920,0,0
3409.440429232,0,1
3409.442842500,0,0
3410.450443930,0,1
3410.451713422,1,1
3410.454345258,0,1
3410.454381194,0,0
3411.460458384,0,1
3411.462871400,0,0
3412.470472896,0,1
3412.472885912,0,0
3413.480487554,0,1
3413.482900570,0,0
3414.490502120,0,1
3414.492915138,0,0
3415.500516680,0,1
3415.502929696,0,0
3416.510531288,0,1
3416.512944304,0,0
3417.520545892,0,1
3417.522958908,0,0
3418.530560444,0,1
3418.532973462,0,0
3419.540575074,0,1
3419.542988090,0,0
3420.550589672,0,1
3420.551859370,1,1
3420.554491468,0,1
3420.554527188,0,0
3421.560604346,0,1
3421.563017362,0,0
3422.570618984,0,1
3422.573032000,0,0
3423.580633552,0,1
3423.583046568,0,0
3424.590648112,0,1
3424.593061130,0,0
3425.600662694,0,1
3425.603075960,0,0
3426.610677304,0,1
3426.613090570,0,0
3427.620691876,0,1
3427.623105142,0,0
3428.630706470,0,1
3428.633119738,0,0
3429.640721098,0,1
3429.643134364,0,0
3430.650735636,0,1
3430.652005276,1,1
3430.654637066,0,1
3430.654672902,0,0
3431.660750228,0,1
3431.663163244,0,0
3432.670764830,0,1
3432.673177846,0,0
3433.680779432,0,1
3433.683192450,0,0
3434.690794004,0,1
3434.693207020,0,0
3435.700808546,0,1
3435.703221562,0,0
3436.710823188,0,1
3436.713236204,0,0
3437.720837736,0,1
3437.723250752,0,0
3438.730852380,0,1
3438.733265648,0,0
3439.740866968,0,1
3439.742136538,1,1
3439.744767876,0,1
3439.744804234,0,0
3440.750881548,0,1
3440.753294564,0,0
3441.760896094,0,1
3441.763309110,0,0
3442.770910720,0,1
3442.773323736,0,0
3443.780925296,0,1
3443.783338314,0,0
3444.790939840,0,1
3444.793352858,0,0
3445.800954482,0,1
3445.803367498,0,0
3446.810969052,0,1
3446.813382068,0,0
3447.820983654,0,1
3447.823396672,0,0
3448.830998204,0,1
3448.833411220,0,0
3449.841012786,0,1
3449.842282482,1,1
3449.844914076,0,1
3449.844950052,0,0
3450.851027508,0,1
3450.853440524,0,0
3451.861042062,0,1
3451.863455078,0,0
3452.871056622,0,1
3452.873469640,0,0
3453.881071280,0,1
3453.883484296,0,0
3454.891085820,0,1
3454.893498836,0,0
3455.901100438,0,1
3455.903513704,0,0
3456.911115038,0,1
3456.913528304,0,0
3457.921129624,0,1
3457.923542890,0,0
3458.931144220,0,1
3458.933557486,0,0
3459.941158754,0,1
3459.942428392,1,1
3459.945060528,0,1
3459.945096018,0,0
3460.951173400,0,1
3460.953586416,0,0
3461.961187966,0,1
3461.963600984,0,0
3462.971202520,0,1
3462.973615536,0,0
3463.981217108,0,1
3463.983630126,0,0
3464.991231726,0,1
3464.993644742,0,0
3466.001246300,0,1
3466.003659316,0,0
3467.011260886,0,1
3467.013673902,0,0
3468.021275450,0,1
3468.023688716,0,0
3469.031290040,0,1
3469.033703308,0,0
3470.041304640,0,1
3470.042574338,1,1
3470.045206054,0,1
3470.045242154,0,0
3471.051319350,0,1
3471.053732368,0,0
3472.061333914,0,1
3472.063746930,0,0
3473.071348504,0,1
3473.073761522,0,0
3474.081363100,0,1
3474.083776118,0,0
3475.091377716,0,1
3475.093790732,0,0
3476.101392270,0,1
3476.103805536,0,0
3477.111406868,0,1
3477.113820134,0,0
3478.121421456,0,1
3478.123834722,0,0
3479.131436038,0,1
3479.133849304,0,0
3480.141450622,0,1
3480.142720218,1,1
3480.145351810,0,1
3480.145387886,0,0
3481.151465190,0,1
3481.153878206,0,0
3482.161479808,0,1
3482.163892824,0,0
3483.171494404,0,1
3483.173907422,0,0
3484.181508944,0,1
3484.183921962,0,0
3485.191523530,0,1
3485.193936546,0,0
3486.201538146,0,1
3486.203951162,0,0
3487.211552692,0,1
3487.213965710,0,0
3488.221567278,0,1
3488.223980544,0,0
3489.231581862,0,1
3489.233995130,0,0
3490.241596440,0,1
3490.242866024,1,1
3490.245497662,0,1
3490.245533706,0,0
3491.251611028,0,1
3491.254024044,0,0
3492.261625630,0,1
3492.264038646,0,0
3493.271640172,0,1
3493.274053188,0,0
3494.281654806,0,1
3494.284067822,0,0
3495.291669414,0,1
3495.294082430,0,0
3496.301683986,0,1
3496.304097002,0,0
3497.311698620,0,1
3497.314111636,0,0
3498.321713150,0,1
3498.324126166,0,0
3499.331727762,0,1
3499.334140778,0,0
3500.341742300,0,1
3500.343011970,1,1
3500.345644272,0,1
3500.345679566,0,0
3501.351757070,0,1
3501.354170086,0,0
3502.361771596,0,1
3502.364184614,0,0
3503.371786158,0,1
3503.374199174,0,0
3504.381800762,0,1
3504.384213778,0,0
3505.391815392,0,1
3505.394228408,0,0
3506.401829942,0,1
3506.404242960,0,0
3507.411844560,0,1
3507.414257826,0,0
3508.421859132,0,1
3508.424272400,0,0
3509.431873740,0,1
3509.434287008,0,0
3510.441888312,0,1
3510.443157862,1,1
3510.445789640,0,1
3510.445825328,0,0
3511.451902880,0,1
3511.454315896,0,0
3512.461917478,0,1
3512.464330494,0,0
3513.471932056,0,1
3513.474345074,0,0
3514.481946656,0,1
3514.484359672,0,0
3515.491961236,0,1
3515.494374252,0,0
3516.501975816,0,1
3516.504388834,0,0
3517.511990412,0,1
3517.514403678,0,0
3518.522004958,0,1
3518.524418224,0,0
3519.532019534,0,1
3519.534432800,0,0
3520.542034124,0,1
3520.543303772,1,1
3520.545935334,0,1
3520.545971388,0,0
3521.552048710,0,1
3521.554461726,0,0
3522.562063300,0,1
3522.564476316,0,0
3523.572077860,0,1
3523.574490878,0,0
3524.582092480,0,1
3524.584505498,0,0
3525.592107054,0,1
3525.594520070,0,0
3526.602121646,0,1
3526.604534662,0,0
3527.612136206,0,1
3527.614549472,0,0
3528.622150774,0,1
3528.624564040,0,0
3529.632165394,0,1
3529.634578660,0,0
3530.642179968,0,1
3530.643449668,1,1
3530.646081454,0,1
3530.646117484,0,0
3531.652194710,0,1
3531.654607726,0,0
3532.662209258,0,1
3532.664622274,0,0
3533.672223832,0,1
3533.674636850,0,0
3534.682238446,0,1
3534.684651462,0,0
3535.692253016,0,1
3535.694666034,0,0
3536.702267556,0,1
3536.704680572,0,0
3537.712282156,0,1
3537.714695424,0,0
3538.722296758,0,1
3538.724710026,0,0
3539.732311352,0,1
3539.733580866,1,1
3539.736212784,0,1
3539.736248368,0,0
3540.742325814,0,1
3540.744738830,0,0
3541.752340392,0,1
3541.754753408,0,0
3542.762354938,0,1
3542.764767954,0,0
3543.772369530,0,1
3543.774782546,0,0
3544.782384098,0,1
3544.784797114,0,0
3545.792398694,0,1
3545.794811710,0,0
3546.802413258,0,1
3546.804826276,0,0
3547.812427866,0,1
3547.814840882,0,0
3548.822442446,0,1
3548.824855462,0,0
3549.832457034,0,1
3549.833726752,1,1
3549.836358242,0,1
3549.836394550,0,0
3550.842471786,0,1
3550.844884804,0,0
3551.852486314,0,1
3551.854899330,0,0
3552.862500946,0,1
3552.864913962,0,0
3553.872515516,0,1
3553.874928532,0,0
3554.882530100,0,1
3554.884943116,0,0
3555.892544656,0,1
3555.894957674,0,0
3556.902559238,0,1
3556.904972254,0,0
3557.912573828,0,1
3557.914986846,0,0
3558.922588434,0,1
3558.925001450,0,0
3559.932602976,0,1
3559.933872598,1,1
3559.936504700,0,1
3559.936540242,0,0
3560.942617562,0,1
3560.945030578,0,0
3561.952632122,0,1
3561.955045140,0,0
3562.962646744,0,1
3562.965059760,0,0
3563.972661282,0,1
3563.975074300,0,0
3564.982675894,0,1
3564.985088910,0,0
3565.992690500,0,1
3565.995103518,0,0
3567.002705092,0,1
3567.005118108,0,0
3568.012719678,0,1
3568.015132694,0,0
3569.022734236,0,1
3569.025147254,0,0
3570.032748880,0,1
3570.034018462,1,1
3570.036649840,0,1
3570.036686146,0,0
3571.042763420,0,1
3571.045176438,0,0
3572.052777984,0,1
3572.055191000,0,0
3573.062792568,0,1
3573.065205586,0,0
3574.072807146,0,1
3574.075220162,0,0
3575.082821786,0,1
3575.085234802,0,0
3576.092836326,0,1
3576.095249342,0,0
3577.102850924,0,1
3577.105263940,0,0
3578.112865526,0,1
3578.115278542,0,0
3579.122880108,0,1
3579.125293374,0,0
3580.132894686,0,1
3580.134164354,1,1
3580.136795972,0,1
3580.136831952,0,0
3581.142909272,0,1
3581.145322288,0,0
3582.152923836,0,1
3582.155336854,0,0
3583.162938442,0,1
3583.165351458,0,0
3584.172953028,0,1
3584.175366046,0,0
3585.182967582,0,1
3585.185380598,0,0
3586.192982160,0,1
3586.195395176,0,0
3587.202996764,0,1
3587.205409782,0,0
3588.213011344,0,1
3588.215424360,0,0
3589.223025882,0,1
3589.225438898,0,0
3590.233040530,0,1
3590.234310148,1,1
3590.236942098,0,1
3590.236977796,0,0
3591.243055084,0,1
3591.245468100,0,0
3592.253069698,0,1
3592.255482714,0,0
3593.263084268,0,1
3593.265497284,0,0
3594.273098840,0,1
3594.275511858,0,0
3595.283113382,0,1
3595.285526400,0,0
3596.293128008,0,1
3596.295541024,0,0
3597.303142604,0,1
3597.305555620,0,0
3598.313157156,0,1
3598.315570172,0,0
3599.323171740,0,1
3599.325584756,0,0
3600.333186340,0,1
3600.334456092,1,1
3600.337088256,0,1
3600.337123856,0,0
3601.343201080,0,1
3601.345614096,0,0
3602.353215652,0,1
3602.355628668,0,0
3603.363230220,0,1
3603.365643238,0,0
3604.373244828,0,1
3604.375657844,0,0
3605.383259392,0,1
3605.385672408,0,0
3606.393273972,0,1
3606.395686990,0,0
3607.403288532,0,1
3607.405701550,0,0
3608.413303140,0,1
3608.415716156,0,0
3609.423317744,0,1
3609.425730760,0,0
3610.433332276,0,1
3610.434601878,1,1
3610.437233942,0,1
3610.437269542,0,0
3611.443346884,0,1
3611.445759902,0,0
3612.453361478,0,1
3612.455774494,0,0
3613.463376052,0,1
3613.465789070,0,0
3614.473390622,0,1
3614.475803638,0,0
3615.483405220,0,1
3615.485818238,0,0
3616.493419796,0,1
3616.495832814,0,0
3617.503434436,0,1
3617.505847452,0,0
3618.513448984,0,1
3618.515862002,0,0
3619.523463550,0,1
3619.525876568,0,0
3620.533478168,0,1
3620.534747786,1,1
3620.537379086,0,1
3620.537415432,0,0
3621.543492744,0,1
3621.545905760,0,0
3622.553507288,0,1
3622.555920304,0,0
3623.563521880,0,1
3623.565934896,0,0
3624.573536450,0,1
3624.575949466,0,0
3625.583551028,0,1
3625.585964044,0,0
3626.593565636,0,1
3626.595978652,0,0
3627.603580216,0,1
3627.605993234,0,0
3628.613594794,0,1
3628.616007810,0,0
3629.623609392,0,1
3629.626022408,0,0
3630.633623942,0,1
3630.634893604,1,1
3630.637525100,0,1
3630.637561208,0,0
3631.643638626,0,1
3631.646051642,0,0
3632.653653218,0,1
3632.656066234,0,0
3633.663667824,0,1
3633.666080840,0,0
3634.673682386,0,1
3634.676095402,0,0
3635.683697016,0,1
3635.686110034,0,0
3636.693711590,0,1
3636.696124608,0,0
3637.703726178,0,1
3637.706139194,0,0
3638.713740756,0,1
3638.716153772,0,0
3639.723755332,0,1
3639.725024884,1,1
3639.727657130,0,1
3639.727692346,0,0
3640.733769926,0,1
3640.736182942,0,0
3641.743784500,0,1
3641.746197518,0,0
3642.753799082,0,1
3642.756212098,0,0
3643.763813624,0,1
3643.766226642,0,0
3644.773828270,0,1
3644.776241286,0,0
3645.783842824,0,1
3645.786255840,0,0
3646.793857398,0,1
3646.796270416,0,0
3647.803872002,0,1
3647.806285020,0,0
3648.813886510,0,1
3648.816299776,0,0
3649.823901168,0,1
3649.825170680,1,1
3649.827802012,0,1
3649.827838184,0,0
3650.833915594,0,1
3650.836328612,0,0
3651.843930210,0,1
3651.846343226,0,0
3652.853944758,0,1
3652.856357774,0,0
3653.863959342,0,1
3653.866372360,0,0
3654.873973930,0,1
3654.876386946,0,0
3655.883988514,0,1
3655.886401530,0,0
3656.894003040,0,1
3656.896416058,0,0
3657.904017628,0,1
3657.906430644,0,0
3658.914032256,0,1
3658.916445272,0,0
3659.924046794,0,1
3659.925316584,1,1
3659.927948250,0,1
3659.927984310,0,0
3660.934061636,0,1
3660.936474652,0,0
3661.944076208,0,1
3661.946489226,0,0
3662.954090846,0,1
3662.956503864,0,0
3663.964105424,0,1
3663.966518440,0,0
3664.974119960,0,1
3664.976532976,0,0
3665.984134566,0,1
3665.986547582,0,0
3666.994149178,0,1
3666.996562444,0,0
3668.004163748,0,1
3668.006577016,0,0
3669.014178338,0,1
3669.016591604,0,0
3670.024192914,0,1
3670.025462460,1,1
3670.028094374,0,1
3670.028129930,0,0
3671.034207490,0,1
3671.036620506,0,0
3672.044222000,0,1
3672.046635018,0,0
3673.054236624,0,1
3673.056649640,0,0
3674.064251230,0,1
3674.066664246,0,0
3675.074265746,0,1
3675.076678762,0,0
3676.084280368,0,1
3676.086693384,0,0
3677.094294952,0,1
3677.096708218,0,0
3678.104309486,0,1
3678.106722752,0,0
3679.114324100,0,1
3679.116737366,0,0
3680.124338710,0,1
3680.125608248,1,1
3680.128239936,0,1
3680.128275974,0,0
3681.134353252,0,1
3681.136766268,0,0
3682.144367860,0,1
3682.146780878,0,0
3683.154382408,0,1
3683.156795424,0,0
3684.164396986,0,1
3684.166810002,0,0
3685.174411594,0,1
3685.176824610,0,0
3686.184426136,0,1
3686.186839152,0,0
3687.194440760,0,1
3687.196853776,0,0
3688.204455292,0,1
3688.206868310,0,0
3689.214469906,0,1
3689.216882922,0,0
3690.224484438,0,1
3690.225754156,1,1
3690.228385656,0,1
3690.228421704,0,0
3691.234499200,0,1
3691.236912216,0,0
3692.244513736,0,1
3692.246926752,0,0
3693.254528346,0,1
3693.256941362,0,0
3694.264542952,0,1
3694.266955968,0,0
3695.274557548,0,1
3695.276970564,0,0
3696.284572080,0,1
3696.286985096,0,0
3697.294586714,0,1
3697.296999980,0,0
3698.304601302,0,1
3698.307014568,0,0
3699.314615880,0,1
3699.317029148,0,0
3700.324630402,0,1
3700.325899952,1,1
3700.328532230,0,1
3700.328567668,0,0
3701.334644988,0,1
3701.337058004,0,0
3702.344659572,0,1
3702.347072588,0,0
3703.354674168,0,1
3703.357087184,0,0
3704.364688704,0,1
3704.367101720,0,0
3705.374703294,0,1
3705.377116310,0,0
3706.384717876,0,1
3706.387130892,0,0
3707.394732468,0,1
3707.397145484,0,0
3708.404747118,0,1
3708.407160134,0,0
3709.414761656,0,1
3709.417174672,0,0
3710.424776248,0,1
3710.426045762,1,1
3710.428677438,0,1
3710.428713514,0,0
3711.434790706,0,1
3711.437203722,0,0
3712.444805252,0,1
3712.447218270,0,0
3713.454819864,0,1
3713.457232880,0,0
3714.464834466,0,1
3714.467247484,0,0
3715.474849010,0,1
3715.477262028,0,0
3716.484863622,0,1
3716.487276638,0,0
3717.494878150,0,1
3717.497291166,0,0
3718.504892748,0,1
3718.507305764,0,0
3719.514907320,0,1
3719.517320338,0,0
3720.524921898,0,1
3720.526191566,1,1
3720.528823530,0,1
3720.528859162,0,0
3721.534936596,0,1
3721.537349614,0,0
3722.544951172,0,1
3722.547364190,0,0
3723.554965728,0,1
3723.557378746,0,0
3724.564980350,0,1
3724.567393366,0,0
3725.574994872,0,1
3725.577407890,0,0
3726.585009484,0,1
3726.587422502,0,0
3727.595024090,0,1
3727.597437106,0,0
3728.605038610,0,1
3728.607451626,0,0
3729.615053238,0,1
3729.617466256,0,0
3730.625067796,0,1
3730.626337352,1,1
3730.628969440,0,1
3730.629004812,0,0
3731.635082378,0,1
3731.637495394,0,0
3732.645096958,0,1
3732.647509974,0,0
3733.655111502,0,1
3733.657524518,0,0
3734.665126120,0,1
3734.667539136,0,0
3735.675140704,0,1
3735.677553720,0,0
3736.685155294,0,1
3736.687568310,0,0
3737.695169874,0,1
3737.697583142,0,0
3738.705184388,0,1
3738.707597654,0,0
3739.715199030,0,1
3739.716468692,1,1
3739.719100436,0,1
3739.719136296,0,0
3740.725213606,0,1
3740.727626624,0,0
3741.735228126,0,1
3741.737641144,0,0
3742.745242724,0,1
3742.747655742,0,0
3743.755257324,0,1
3743.757670340,0,0
3744.765271894,0,1
3744.767684910,0,0
3745.775286482,0,1
3745.777699498,0,0
3746.785301046,0,1
3746.787714062,0,0
3747.795315632,0,1
3747.797728648,0,0
3748.805330212,0,1
3748.807743228,0,0
3749.815344800,0,1
3749.816614480,1,1
3749.819246368,0,1
3749.819282066,0,0
3750.825359504,0,1
3750.827772520,0,0
3751.835374058,0,1
3751.837787074,0,0
3752.845388650,0,1
3752.847801666,0,0
3753.855403256,0,1
3753.857816272,0,0
3754.865417824,0,1
3754.867830842,0,0
3755.875432380,0,1
3755.877845396,0,0
3756.885446988,0,1
3756.887860004,0,0
3757.895461524,0,1
3757.897874540,0,0
3758.905476084,0,1
3758.907889102,0,0
3759.915490702,0,1
3759.916760310,1,1
3759.919392286,0,1
3759.919427966,0,0
3760.925505318,0,1
3760.927918334,0,0
3761.935519872,0,1
3761.937932890,0,0
3762.945534462,0,1
3762.947947478,0,0
3763.955549034,0,1
3763.957962050,0,0
3764.965563590,0,1
3764.967976606,0,0
3765.975578174,0,1
3765.977991192,0,0
3766.985592768,0,1
3766.988005784,0,0
3767.995607376,0,1
3767.998020392,0,0
3769.005621890,0,1
3769.008034906,0,0
3770.015636518,0,1
3770.016906126,1,1
3770.019537818,0,1
3770.019573782,0,0
3771.025651070,0,1
3771.028064086,0,0
3772.035665670,0,1
3772.038078686,0,0
3773.045680268,0,1
3773.048093284,0,0
3774.055694830,0,1
3774.058107846,0,0
3775.065709398,0,1
3775.068122414,0,0
3776.075723950,0,1
3776.078136966,0,0
3777.085738512,0,1
3777.088151778,0,0
3778.095753142,0,1
3778.098166158,0,0
3779.105767762,0,1
3779.108180778,0,0
3780.115782338,0,1
3780.117051922,1,1
3780.119683616,0,1
3780.119719602,0,0
3781.125796884,0,1
3781.128209900,0,0
3782.135811446,0,1
3782.138224464,0,0
3783.145826112,0,1
3783.148239128,0,0
3784.155840668,0,1
3784.158253684,0,0
3785.165855234,0,1
3785.168268250,0,0
3786.175869850,0,1
3786.178282866,0,0
3787.185884368,0,1
3787.188297384,0,0
3788.195898936,0,1
3788.198311952,0,0
3789.205913520,0,1
3789.208326538,0,0
3790.215928060,0,1
3790.217197806,1,1
3790.219829846,0,1
3790.219865576,0,0
3791.225942834,0,1
3791.228355850,0,0
3792.235957386,0,1
3792.238370402,0,0
3793.245971960,0,1
3793.248384976,0,0
3794.255986518,0,1
3794.258399536,0,0
3795.266001124,0,1
3795.268414142,0,0
3796.276015702,0,1
3796.278428718,0,0
3797.286030234,0,1
3797.288443500,0,0
3798.296044862,0,1
3798.298458130,0,0
3799.306059436,0,1
3799.308472702,0,0
3800.316073994,0,1
3800.317343578,1,1
3800.319975416,0,1
3800.320011260,0,0
3801.326088702,0,1
3801.328501718,0,0
3802.336103268,0,1
3802.338516284,0,0
3803.346117854,0,1
3803.348530870,0,0
3804.356132462,0,1
3804.358545478,0,0
3805.366147034,0,1
3805.368560050,0,0
3806.376161620,0,1
3806.378574636,0,0
3807.386176234,0,1
3807.388589500,0,0
3808.396190798,0,1
3808.398604064,0,0
3809.406205316,0,1
3809.408618582,0,0
3810.416219914,0,1
3810.417489438,1,1
3810.420121528,0,1
3810.420157180,0,0
3811.426234352,0,1
3811.428647368,0,0
3812.436248960,0,1
3812.438661976,0,0
3813.446263526,0,1
3813.448676544,0,0
3814.456278116,0,1
3814.458691134,0,0
3815.466292688,0,1
3815.468705704,0,0
3816.476307294,0,1
3816.478720312,0,0
3817.486321834,0,1
3817.488734850,0,0
3818.496336386,0,1
3818.498749404,0,0
3819.506351012,0,1
3819.508764028,0,0
3820.516365572,0,1
3820.517635212,1,1
3820.520266990,0,1
3820.520302838,0,0
3821.526380126,0,1
3821.528793142,0,0
3822.536394724,0,1
3822.538807740,0,0
3823.546409302,0,1
3823.548822320,0,0
3824.556423856,0,1
3824.558836872,0,0
3825.566438472,0,1
3825.568851488,0,0
3826.576453060,0,1
3826.578866076,0,0
3827.586467670,0,1
3827.588880686,0,0
3828.596482162,0,1
3828.598895178,0,0
3829.606496800,0,1
3829.608909818,0,0
3830.616511388,0,1
3830.617781052,1,1
3830.620412772,0,1
3830.620448652,0,0
3831.626526044,0,1
3831.628939060,0,0
3832.636540604,0,1
3832.638953620,0,0
3833.646555218,0,1
3833.648968234,0,0
3834.656569792,0,1
3834.658982808,0,0
3835.666584362,0,1
3835.668997380,0,0
3836.676598924,0,1
3836.679011940,0,0
3837.686613480,0,1
3837.689026496,0,0
3838.696628118,0,1
3838.699041136,0,0
3839.706642682,0,1
3839.707912268,1,1
3839.710544024,0,1
3839.710579948,0,0
3840.716657248,0,1
3840.719070266,0,0
3841.726671804,0,1
3841.729084820,0,0
3842.736686370,0,1
3842.739099386,0,0
3843.746701024,0,1
3843.749114040,0,0
3844.756715566,0,1
3844.759128582,0,0
3845.766730134,0,1
3845.769143150,0,0
3846.776744698,0,1
3846.779157714,0,0
3847.786759296,0,1
3847.789172312,0,0
3848.796773860,0,1
3848.799186876,0,0
3849.806788500,0,1
3849.808058082,1,1
3849.810690084,0,1
3849.810725766,0,0
3850.816803054,0,1
3850.819216070,0,0
3851.826817628,0,1
3851.829230644,0,0
3852.836832220,0,1
3852.839245236,0,0
3853.846846768,0,1
3853.849259784,0,0
3854.856861376,0,1
3854.859274394,0,0
3855.866875944,0,1
3855.869288960,0,0
3856.876890486,0,1
3856.879303502,0,0
3857.886905074,0,1
3857.889318090,0,0
3858.896919712,0,1
3858.899332978,0,0
3859.906934230,0,1
3859.908203920,1,1
3859.910835980,0,1
3859.910871496,0,0
3860.916948898,0,1
3860.919361914,0,0
3861.926963494,0,1
3861.929376510,0,0
3862.936978140,0,1
3862.939391158,0,0
3863.946992656,0,1
3863.949405672,0,0
3864.957007276,0,1
3864.959420292,0,0
3865.967021800,0,1
3865.969434816,0,0
3866.977036396,0,1
3866.979449662,0,0
3867.987050972,0,1
3867.989464240,0,0
3868.997065542,0,1
3868.999478808,0,0
3870.007080112,0,1
3870.008349668,1,1
3870.010981740,0,1
3870.011017378,0,0
3871.017094684,0,1
3871.019507700,0,0
3872.027109256,0,1
3872.029522274,0,0
3873.037123838,0,1
3873.039536854,0,0
3874.047138416,0,1
3874.049551432,0,0
3875.057153002,0,1
3875.059566018,0,0
3876.067167558,0,1
3876.069580574,0,0
3877.077182146,0,1
3877.079595164,0,0
3878.087196754,0,1
3878.089609770,0,0
3879.097211270,0,1
3879.099624538,0,0
3880.107225926,0,1
3880.108495562,1,1
3880.111127538,0,1
3880.111163190,0,0
3881.117240478,0,1
3881.119653494,0,0
3882.127255018,0,1
3882.129668034,0,0
3883.137269588,0,1
3883.139682604,0,0
3884.147284210,0,1
3884.149697226,0,0
3885.157298782,0,1
3885.159711798,0,0
3886.167313382,0,1
3886.169726398,0,0
3887.177327952,0,1
3887.179740968,0,0
3888.187342554,0,1
3888.189755572,0,0
3889.197357046,0,1
3889.199770064,0,0
3890.207371626,0,1
3890.208641304,1,1
3890.211272630,0,1
3890.211308892,0,0
3891.217386332,0,1
3891.219799348,0,0
3892.227400968,0,1
3892.229813986,0,0
3893.237415476,0,1
3893.239828492,0,0
3894.247430056,0,1
3894.249843072,0,0
3895.257444672,0,1
3895.259857688,0,0
3896.267459240,0,1
3896.269872258,0,0
3897.277473800,0,1
3897.279887068,0,0
3898.287488372,0,1
3898.289901640,0,0
3899.297502946,0,1
3899.299916212,0,0
3900.307517552,0,1
3900.308787118,1,1
3900.311419116,0,1
3900.311454818,0,0
3901.317532088,0,1
3901.319945106,0,0
3902.327546652,0,1
3902.329959668,0,0
3903.337561266,0,1
3903.339974282,0,0
3904.347575796,0,1
3904.349988814,0,0
3905.357590438,0,1
3905.360003454,0,0
3906.367604952,0,1
3906.370017970,0,0
3907.377619590,0,1
3907.380032856,0,0
3908.387634132,0,1
3908.390047398,0,0
3909.397648746,0,1
3909.400062014,0,0
3910.407663276,0,1
3910.408932924,1,1
3910.411565106,0,1
3910.411600542,0,0
3911.417677866,0,1
3911.420090884,0,0
3912.427692398,0,1
3912.430105414,0,0
3913.437707050,0,1
3913.440120066,0,0
3914.447721578,0,1
3914.450134596,0,0
3915.457736172,0,1
3915.460149190,0,0
3916.467750786,0,1
3916.470163804,0,0
3917.477765310,0,1
3917.480178326,0,0
3918.487779888,0,1
3918.490192904,0,0
3919.497794518,0,1
3919.500207536,0,0
3920.507809062,0,1
3920.509078716,1,1
3920.511710644,0,1
3920.511746326,0,0
3921.517823770,0,1
3921.520236786,0,0
3922.527838334,0,1
3922.530251352,0,0
3923.537852884,0,1
3923.540265902,0,0
3924.547867540,0,1
3924.550280556,0,0
3925.557882020,0,1
3925.560295036,0,0
3926.567896620,0,1
3926.570309886,0,0
3927.577911200,0,1
3927.580324466,0,0
3928.587925786,0,1
3928.590339052,0,0
3929.597940392,0,1
3929.600353660,0,0
3930.607954924,0,1
3930.609224556,1,1
3930.611856290,0,1
3930.611892188,0,0
3931.617969544,0,1
3931.620382560,0,0
3932.627984064,0,1
3932.630397082,0,0
3933.637998606,0,1
3933.640411622,0,0
3934.648013240,0,1
3934.650426256,0,0
3935.658027828,0,1
3935.660440844,0,0
3936.668042358,0,1
3936.670455374,0,0
3937.678056982,0,1
3937.680470248,0,0
3938.688071588,0,1
3938.690484854,0,0
3939.698086156,0,1
3939.699355780,1,1
3939.701987072,0,1
3939.702023422,0,0
3940.708100702,0,1
3940.710513718,0,0
3941.718115260,0,1
3941.720528276,0,0
3942.728129842,0,1
3942.730542860,0,0
3943.738144392,0,1
3943.740557408,0,0
3944.748158982,0,1
3944.750572000,0,0
3945.758173578,0,1
3945.760586594,0,0
3946.768188136,0,1
3946.770601152,0,0
3947.778202724,0,1
3947.780615740,0,0
3948.788217282,0,1
3948.790630298,0,0
3949.798231854,0,1
3949.799501556,1,1
3949.802133776,0,1
3949.802169370,0,0
3950.808246600,0,1
3950.810659616,0,0
3951.818261146,0,1
3951.820674162,0,0
3952.828275732,0,1
3952.830688748,0,0
3953.838290254,0,1
3953.840703270,0,0
3954.848304894,0,1
3954.850717912,0,0
3955.858319480,0,1
3955.860732496,0,0
3956.868334054,0,1
3956.870747320,0,0
3957.878348660,0,1
3957.880761926,0,0
3958.888363172,0,1
3958.890776438,0,0
3959.898377758,0,1
3959.899647354,1,1
3959.902279182,0,1
3959.902315024,0,0
3960.908392504,0,1
3960.910805520,0,0
3961.918407018,0,1
3961.920820036,0,0
3962.928421594,0,1
3962.930834612,0,0
3963.938436222,0,1
3963.940849238,0,0
3964.948450766,0,1
3964.950864032,0,0
3965.958465332,0,1
3965.960878598,0,0
3966.968479948,0,1
3966.970893216,0,0
3967.978494514,0,1
3967.980907780,0,0
3968.988509070,0,1
3968.990922336,0,0
3969.998523712,0,1
3969.999793158,1,1
3970.002424832,0,1
3970.002460728,0,0
3971.008538164,0,1
3971.010951182,0,0
3972.018552738,0,1
3972.020965754,0,0
3973.028567352,0,1
3973.030980368,0,0
3974.038581870,0,1
3974.040994886,0,0
3975.048596478,0,1
3975.051009496,0,0
3976.058611092,0,1
3976.061024110,0,0
3977.068625634,0,1
3977.071038650,0,0
3978.078640188,0,1
3978.081053456,0,0
3979.088654802,0,1
3979.091068068,0,0
3980.098669382,0,1
3980.099938982,1,1
3980.102570996,0,1
3980.102606646,0,0
3981.108684002,0,1
3981.111097018,0,0
3982.118698562,0,1
3982.121111578,0,0
3983.128713108,0,1
3983.131126126,0,0
3984.138727690,0,1
3984.141140706,0,0
3985.148742250,0,1
3985.151155266,0,0
3986.158756876,0,1
3986.161169894,0,0
3987.168771476,0,1
3987.171184492,0,0
3988.178786000,0,1
3988.181199016,0,0
3989.188800582,0,1
3989.191213598,0,0
3990.198815168,0,1
3990.200084734,1,1
3990.202716666,0,1
3990.202752434,0,0
3991.208829798,0,1
3991.211242814,0,0
3992.218844314,0,1
3992.221257330,0,0
3993.228858918,0,1
3993.231271934,0,0
3994.238873464,0,1
3994.241286480,0,0
3995.248888072,0,1
3995.251301090,0,0
3996.258902640,0,1
3996.261315656,0,0
3997.268917206,0,1
3997.271330224,0,0
3998.278931824,0,1
3998.281345092,0,0
3999.288946338,0,1
3999.291359604,0,0
4000.298960938,0,1
4000.300230612,1,1
4000.302861900,0,1
4000.302898204,0,0
4001.308975634,0,1
4001.311388652,0,0
4002.318990184,0,1
4002.321403200,0,0
4003.329004778,0,1
4003.331417796,0,0
4004.339019354,0,1
4004.341432370,0,0
4005.349033980,0,1
4005.351446996,0,0
4006.359048516,0,1
4006.361461532,0,0
4007.369063130,0,1
4007.371476148,0,0
4008.379077694,0,1
4008.381490962,0,0
4009.389092230,0,1
4009.391505498,0,0
4010.399106820,0,1
4010.400376406,1,1
4010.403008594,0,1
4010.403044086,0,0
4011.409121418,0,1
4011.411534434,0,0
4012.419135980,0,1
4012.421548998,0,0
4013.429150570,0,1
4013.431563588,0,0
4014.439165128,0,1
4014.441578144,0,0
4015.449179750,0,1
4015.451592768,0,0
4016.459194250,0,1
4016.461607268,0,0
4017.469208892,0,1
4017.471621908,0,0
4018.479223434,0,1
4018.481636700,0,0
4019.489238046,0,1
4019.491651312,0,0
4020.499252642,0,1
4020.500522160,1,1
4020.503154312,0,1
4020.503189908,0,0
4021.509267054,0,1
4021.511680070,0,0
4022.519281626,0,1
4022.521694644,0,0
4023.529296196,0,1
4023.531709212,0,0
4024.539310814,0,1
4024.541723830,0,0
4025.549325402,0,1
4025.551738418,0,0
4026.559339978,0,1
4026.561752994,0,0
4027.569354540,0,1
4027.571767558,0,0
4028.579369128,0,1
4028.581782144,0,0
4029.589383664,0,1
4029.591796680,0,0
4030.599398282,0,1
4030.600667998,1,1
4030.603299486,0,1
4030.603335798,0,0
4031.609412938,0,1
4031.611825954,0,0
4032.619427530,0,1
4032.621840546,0,0
4033.629442144,0,1
4033.631855160,0,0
4034.639456720,0,1
4034.641869738,0,0
4035.649471270,0,1
4035.651884286,0,0
4036.659485848,0,1
4036.661898864,0,0
4037.669500486,0,1
4037.671913502,0,0
4038.679514988,0,1
4038.681928004,0,0
4039.689529634,0,1
4039.690799196,1,1
4039.693430964,0,1
4039.693466898,0,0
4040.699544156,0,1
4040.701957174,0,0
4041.709558746,0,1
4041.711971762,0,0
4042.719573326,0,1
4042.721986344,0,0
4043.729587930,0,1
4043.732000948,0,0
4044.739602430,0,1
4044.742015448,0,0
4045.749617020,0,1
4045.752030036,0,0
4046.759631632,0,1
4046.762044648,0,0
4047.769646208,0,1
4047.772059224,0,0
4048.779660808,0,1
4048.782073826,0,0
4049.789675342,0,1
4049.790944984,1,1
4049.793577328,0,1
4049.793612606,0,0
4050.799689974,0,1
4050.802102990,0,0
4051.809704478,0,1
4051.812117494,0,0
4052.819719080,0,1
4052.822132096,0,0
4053.829733684,0,1
4053.832146700,0,0
4054.839748286,0,1
4054.842161302,0,0
4055.849762804,0,1
4055.852175820,0,0
4056.859777340,0,1
4056.862190606,0,0
4057.869791974,0,1
4057.872205242,0,0
4058.879806580,0,1
4058.882219596,0,0
4059.889821204,0,1
4059.891090774,1,1
4059.893722492,0,1
4059.893758468,0,0
4060.899835730,0,1
4060.902248748,0,0
4061.909850362,0,1
4061.912263378,0,0
4062.919864878,0,1
4062.922277894,0,0
4063.929879446,0,1
4063.932292462,0,0
4064.939894066,0,1
4064.942307082,0,0
4065.949908686,0,1
4065.952321702,0,0
4066.959923244,0,1
4066.962336260,0,0
4067.969937788,0,1
4067.972350804,0,0
4068.979952346,0,1
4068.982365364,0,0
4069.989966968,0,1
4069.991236552,1,1
4069.993868044,0,1
4069.993904234,0,0
4070.999981506,0,1
4071.002394522,0,0
4072.009996072,0,1
4072.012409088,0,0
4073.020010656,0,1
4073.022423672,0,0
4074.030025278,0,1
4074.032438294,0,0
4075.040039780,0,1
4075.042452798,0,0
4076.050054402,0,1
4076.052467418,0,0
4077.060069018,0,1
4077.062482034,0,0
4078.070083554,0,1
4078.072496570,0,0
4079.080098162,0,1
4079.082511178,0,0
4080.090112718,0,1
4080.091382360,1,1
4080.094014464,0,1
4080.094049984,0,0
4081.100127448,0,1
4081.102540464,0,0
4082.110141970,0,1
4082.112554986,0,0
4083.120156580,0,1
4083.122569598,0,0
4084.130171168,0,1
4084.132584184,0,0
4085.140185716,0,1
4085.142598734,0,0
4086.150200292,0,1
4086.152613310,0,0
4087.160214908,0,1
4087.162627924,0,0
4088.170229432,0,1
4088.172642448,0,0
4089.180244016,0,1
4089.182657032,0,0
4090.190258580,0,1
4090.191528058,1,1
4090.194159818,0,1
4090.194195594,0,0
4091.200272994,0,1
4091.202686010,0,0
4092.210287632,0,1
4092.212700648,0,0
4093.220302180,0,1
4093.222715196,0,0
4094.230316780,0,1
4094.232729796,0,0
4095.240331368,0,1
4095.242744384,0,0
4096.250345958,0,1
4096.252758974,0,0
4097.260360496,0,1
4097.262773514,0,0
4098.270375078,0,1
4098.272788094,0,0
4099.280389650,0,1
4099.282802666,0,0
4100.290404246,0,1
4100.291673862,1,1
4100.294305908,0,1
4100.294341510,0,0
4101.300418834,0,1
4101.302831852,0,0
4102.310433432,0,1
4102.312846448,0,0
4103.320447966,0,1
4103.322860982,0,0
4104.330462518,0,1
4104.332875534,0,0
4105.340477094,0,1
4105.342890112,0,0
4106.350491688,0,1
4106.352904704,0,0
4107.360506284,0,1
4107.362919302,0,0
4108.370520806,0,1
4108.372933822,0,0
4109.380535378,0,1
4109.382948394,0,0
4110.390549966,0,1
4110.391819652,1,1
4110.394451424,0,1
4110.394487232,0,0
4111.400564666,0,1
4111.402977682,0,0
4112.410579246,0,1
4112.412992262,0,0
4113.420593852,0,1
4113.423006868,0,0
4114.430608418,0,1
4114.433021436,0,0
4115.440623004,0,1
4115.443036020,0,0
4116.450637556,0,1
4116.453050572,0,0
4117.460652106,0,1
4117.463065124,0,0
4118.470666698,0,1
4118.473079716,0,0
4119.480681322,0,1
4119.483094340,0,0
4120.490695870,0,1
4120.491965386,1,1
4120.494597136,0,1
4120.494633136,0,0
4121.500710314,0,1
4121.503123330,0,0
4122.510724844,0,1
4122.513137860,0,0
4123.520739432,0,1
4123.523152448,0,0
4124.530754040,0,1
4124.533167056,0,0
4125.540768580,0,1
4125.543181596,0,0
4126.550783158,0,1
4126.553196174,0,0
4127.560797668,0,1
4127.563210934,0,0
4128.570812288,0,1
4128.573225554,0,0
4129.580826884,0,1
4129.583240150,0,0
4130.590841406,0,1
4130.592111120,1,1
4130.594743060,0,1
4130.594778922,0,0
4131.600856108,0,1
4131.603269124,0,0
4132.610870706,0,1
4132.613283722,0,0
4133.620885224,0,1
4133.623298240,0,0
4134.630899848,0,1
4134.633312864,0,0
4135.640914408,0,1
4135.643327424,0,0
4136.650928960,0,1
4136.653341976,0,0
4137.660943594,0,1
4137.663356612,0,0
4138.670958130,0,1
4138.673371146,0,0
4139.680972718,0,1
4139.683385736,0,0
4140.690987292,0,1
4140.692256834,1,1
4140.694888772,0,1
4140.694924308,0,0
4141.701001796,0,1
4141.703414812,0,0
4142.711016394,0,1
4142.713429410,0,0
4143.721030986,0,1
4143.723444002,0,0
4144.731045592,0,1
4144.733458610,0,0
4145.741060126,0,1
4145.743473142,0,0
4146.751074664,0,1
4146.753487682,0,0
4147.761089254,0,1
4147.763502270,0,0
4148.771103850,0,1
4148.773516866,0,0
4149.781118448,0,1
4149.782388114,1,1
4149.785019938,0,1
4149.785055712,0,0
4150.791133014,0,1
4150.793546030,0,0
4151.801147610,0,1
4151.803560626,0,0
4152.811162132,0,1
4152.813575148,0,0
4153.821176736,0,1
4153.823589752,0,0
4154.831191332,0,1
4154.833604348,0,0
4155.841205854,0,1
4155.843618870,0,0
4156.851220450,0,1
4156.853633466,0,0
4157.861235018,0,1
4157.863648034,0,0
4158.871249582,0,1
4158.873662598,0,0
4159.881264116,0,1
4159.882533764,1,1
4159.885165172,0,1
4159.885201382,0,0
4160.891278734,0,1
4160.893691752,0,0
4161.901293264,0,1
4161.903706280,0,0
4162.911307880,0,1
4162.913720894,0,0
4163.921322430,0,1
4163.923735446,0,0
4164.931336992,0,1
4164.933750258,0,0
4165.941351558,0,1
4165.943764824,0,0
4166.951366086,0,1
4166.953779354,0,0
4167.961380722,0,1
4167.963793988,0,0
4168.971395244,0,1
4168.973808510,0,0
4169.981409840,0,1
4169.982679490,1,1
4169.985311424,0,1
4169.985347106,0,0
4170.991424446,0,1
4170.993837462,0,0
4172.001438960,0,1
4172.003851978,0,0
4173.011453536,0,1
4173.013866552,0,0
4174.021468102,0,1
4174.023881118,0,0
4175.031482678,0,1
4175.033895694,0,0
4176.041497226,0,1
4176.043910242,0,0
4177.051511790,0,1
4177.053924806,0,0
4178.061526424,0,1
4178.063939442,0,0
4179.071540954,0,1
4179.073953972,0,0
4180.081555558,0,1
4180.082825220,1,1
4180.085456636,0,1
4180.085492822,0,0
4181.091570108,0,1
4181.093983124,0,0
4182.101584682,0,1
4182.103997700,0,0
4183.111599262,0,1
4183.114012280,0,0
4184.121613794,0,1
4184.124026812,0,0
4185.131628426,0,1
4185.134041442,0,0
4186.141642994,0,1
4186.144056010,0,0
4187.151657534,0,1
4187.154070550,0,0
4188.161672110,0,1
4188.164085126,0,0
4189.171686716,0,1
4189.174099732,0,0
4190.181701236,0,1
4190.182970924,1,1
4190.185602636,0,1
4190.185638502,0,0
4191.191715928,0,1
4191.194128944,0,0
4192.201730460,0,1
4192.204143476,0,0
4193.211745060,0,1
4193.214158078,0,0
4194.221759624,0,1
4194.224172640,0,0
4195.231774178,0,1
4195.234187194,0,0
4196.241788768,0,1
4196.244201784,0,0
4197.251803296,0,1
4197.254216564,0,0
4198.261817850,0,1
4198.264231116,0,0
4199.271832460,0,1
4199.274245726,0,0
4200.281847028,0,1
4200.283116704,1,1
4200.285747928,0,1
4200.285784294,0,0
4201.291861686,0,1
4201.294274702,0,0
4202.301876296,0,1
4202.304289314,0,0
4203.311890864,0,1
4203.314303882,0,0
4204.321905458,0,1
4204.324318476,0,0
4205.331919964,0,1
4205.334332980,0,0
4206.341934568,0,1
4206.344347584,0,0
4207.351949138,0,1
4207.354362156,0,0
4208.361963712,0,1
4208.364376730,0,0
4209.371978266,0,1
4209.374391284,0,0
4210.381992836,0,1
4210.383262352,1,1
4210.385894132,0,1
4210.385929850,0,0
4211.392007308,0,1
4211.394420324,0,0
4212.402021888,0,1
4212.404434904,0,0
4213.412036422,0,1
4213.414449438,0,0
4214.422051016,0,1
4214.424464032,0,0
4215.432065528,0,1
4215.434478546,0,0
4216.442080118,0,1
4216.444493136,0,0
4217.452094694,0,1
4217.454507710,0,0
4218.462109270,0,1
4218.464522288,0,0
4219.472123780,0,1
4219.474536796,0,0
4220.482138402,0,1
4220.483408120,1,1
4220.486039894,0,1
4220.486075668,0,0
4221.492153090,0,1
4221.494566106,0,0
4222.502167700,0,1
4222.504580716,0,0
4223.512182224,0,1
4223.514595242,0,0
4224.522196808,0,1
4224.524609824,0,0
4225.532211374,0,1
4225.534624390,0,0
4226.542225960,0,1
4226.544638976,0,0
4227.552240512,0,1
4227.554653528,0,0
4228.562255064,0,1
4228.564668080,0,0
4229.572269690,0,1
4229.574682708,0,0
4230.582284210,0,1
4230.583553806,1,1
4230.586185656,0,1
4230.586221476,0,0
4231.592298744,0,1
4231.594711760,0,0
4232.602313346,0,1
4232.604726362,0,0
4233.612327900,0,1
4233.614740918,0,0
4234.622342446,0,1
4234.624755462,0,0
4235.632357046,0,1
4235.634770062,0,0
4236.642371594,0,1
4236.644784612,0,0
4237.652386220,0,1
4237.654799236,0,0
4238.662400740,0,1
4238.664813756,0,0
4239.672415326,0,1
4239.674828342,0,0
4240.682429918,0,1
4240.683699456,1,1
4240.686330904,0,1
4240.686366934,0,0
4241.692444452,0,1
4241.694857468,0,0
4242.702459046,0,1
4242.704872062,0,0
4243.712473582,0,1
4243.714886598,0,0
4244.722488194,0,1
4244.724901212,0,0
4245.732502728,0,1
4245.734915744,0,0
4246.742517256,0,1
4246.744930272,0,0
4247.752531894,0,1
4247.754944910,0,0
4248.762546438,0,1
4248.764959454,0,0
4249.772561022,0,1
4249.773830622,1,1
4249.776462366,0,1
4249.776498288,0,0
4250.782575552,0,1
4250.784988568,0,0
4251.792590114,0,1
4251.795003132,0,0
4252.802604708,0,1
4252.805017724,0,0
4253.812619250,0,1
4253.815032266,0,0
4254.822633862,0,1
4254.825046878,0,0
4255.832648368,0,1
4255.835061384,0,0
4256.842662930,0,1
4256.845075946,0,0
4257.852677506,0,1
4257.855090522,0,0
4258.862692084,0,1
4258.865105100,0,0
4259.872706700,0,1
4259.873976272,1,1
4259.876607974,0,1
4259.876643966,0,0
4260.882721192,0,1
4260.885134208,0,0
4261.892735788,0,1
4261.895148804,0,0
4262.902750326,0,1
4262.905163342,0,0
4263.912764894,0,1
4263.915177912,0,0
4264.922779530,0,1
4264.925192546,0,0
4265.932794028,0,1
4265.935207044,0,0
4266.942808610,0,1
4266.945221626,0,0
4267.952823216,0,1
4267.955236232,0,0
4268.962837726,0,1
4268.965250742,0,0
4269.972852320,0,1
4269.974122010,1,1
4269.976753690,0,1
4269.976789586,0,0
4270.982867006,0,1
4270.985280022,0,0
4271.992881588,0,1
4271.995294604,0,0
4273.002896138,0,1
4273.005309154,0,0
4274.012910724,0,1
4274.015323742,0,0
4275.022925304,0,1
4275.025338320,0,0
4276.032939838,0,1
4276.035352854,0,0
4277.042954446,0,1
4277.045367464,0,0
4278.052968990,0,1
4278.055382006,0,0
4279.062983532,0,1
4279.065396550,0,0
4280.072998120,0,1
4280.074267682,1,1
4280.076899360,0,1
4280.076935386,0,0
4281.083012692,0,1
4281.085425710,0,0
4282.093027240,0,1
4282.095440256,0,0
4283.103041820,0,1
4283.105454836,0,0
4284.113056388,0,1
4284.115469404,0,0
4285.123070950,0,1
4285.125483968,0,0
4286.133085508,0,1
4286.135498524,0,0
4287.143100088,0,1
4287.145513104,0,0
4288.153114632,0,1
4288.155527648,0,0
4289.163129180,0,1
4289.165542196,0,0
4290.173143714,0,1
4290.174413442,1,1
4290.177045474,0,1
4290.177081228,0,0
4291.183158422,0,1
4291.185571440,0,0
4292.193173028,0,1
4292.195586044,0,0
4293.203187584,0,1
4293.205600600,0,0
4294.213202122,0,1
4294.215615140,0,0
4295.223216730,0,1
4295.225629746,0,0
4296.233231294,0,1
4296.235644310,0,0
4297.243245824,0,1
4297.245659092,0,0
4298.253260390,0,1
4298.255673658,0,0
4299.263274936,0,1
4299.265688202,0,0
4300.273289538,0,1
4300.274559060,1,1
4300.277191034,0,1
4300.277226802,0,0
4301.283303982,0,1
4301.285717000,0,0
4302.293318558,0,1
4302.295731574,0,0
4303.303333148,0,1
4303.305746166,0,0
4304.313347674,0,1
4304.315760692,0,0
4305.323362258,0,1
4305.325775274,0,0
4306.333376832,0,1
4306.335789850,0,0
4307.343391352,0,1
4307.345804368,0,0
4308.353405890,0,1
4308.355818906,0,0
4309.363420478,0,1
4309.365833494,0,0
4310.373435060,0,1
4310.374704694,1,1
4310.377335960,0,1
4310.377372326,0,0
4311.383449630,0,1
4311.385862646,0,0
4312.393464140,0,1
4312.395877158,0,0
4313.403478752,0,1
4313.405891768,0,0
4314.413493348,0,1
4314.415906364,0,0
4315.423507868,0,1
4315.425920886,0,0
4316.433522434,0,1
4316.435935452,0,0
4317.443536974,0,1
4317.445949992,0,0
4318.453551558,0,1
4318.455964574,0,0
4319.463566164,0,1
4319.465979180,0,0
4320.473580716,0,1
4320.474850420,1,1
4320.477482204,0,1
4320.477518232,0,0
4321.483595382,0,1
4321.486008400,0,0
4322.493609952,0,1
4322.496022968,0,0
4323.503624504,0,1
4323.506037520,0,0
4324.513639142,0,1
4324.516052158,0,0
4325.523653654,0,1
4325.526066670,0,0
4326.533668230,0,1
4326.536081246,0,0
4327.543682812,0,1
4327.546095830,0,0
4328.553697310,0,1
4328.556110326,0,0
4329.563711910,0,1
4329.566124926,0,0
4330.573726474,0,1
4330.574996106,1,1
4330.577627480,0,1
4330.577663740,0,0
4331.583741082,0,1
4331.586154098,0,0
4332.593755600,0,1
4332.596168618,0,0
4333.603770152,0,1
4333.606183170,0,0
4334.613784740,0,1
4334.616197756,0,0
4335.623799252,0,1
4335.626212268,0,0
4336.633813870,0,1
4336.636226886,0,0
4337.643828410,0,1
4337.646241426,0,0
4338.653842954,0,1
4338.656255972,0,0
4339.663857536,0,1
4339.666270552,0,0
4340.673872092,0,1
4340.675141814,1,1
4340.677773816,0,1
4340.677809608,0,0
4341.683886834,0,1
4341.686299850,0,0
4342.693901370,0,1
4342.696314386,0,0
4343.703915914,0,1
4343.706328930,0,0
4344.713930470,0,1
4344.716343486,0,0
4345.723945056,0,1
4345.726358072,0,0
4346.733959648,0,1
4346.736372664,0,0
4347.743974182,0,1
4347.746387448,0,0
4348.753988708,0,1
4348.756401974,0,0
4349.764003334,0,1
4349.765272888,1,1
4349.767904848,0,1
4349.767940600,0,0
4350.774017872,0,1
4350.776430888,0,0
4351.784032422,0,1
4351.786445438,0,0
4352.794047048,0,1
4352.796460064,0,0
4353.804061566,0,1
4353.806474582,0,0
4354.814076130,0,1
4354.816489148,0,0
4355.824090726,0,1
4355.826503742,0,0
4356.834105298,0,1
4356.836518314,0,0
4357.844119832,0,1
4357.846532850,0,0
4358.854134394,0,1
4358.856547410,0,0
4359.864148984,0,1
4359.865418578,1,1
4359.868050568,0,1
4359.868086248,0,0
4360.874163526,0,1
4360.876576544,0,0
4361.884178060,0,1
4361.886591078,0,0
4362.894192690,0,1
4362.896605706,0,0
4363.904207244,0,1
4363.906620260,0,0
4364.914221746,0,1
4364.916634762,0,0
4365.924236316,0,1
4365.926649332,0,0
4366.934250888,0,1
4366.936663904,0,0
4367.944265474,0,1
4367.946678490,0,0
4368.954280038,0,1
4368.956693054,0,0
4369.964294598,0,1
4369.965564234,1,1
4369.968195952,0,1
4369.968231864,0,0
4370.974309170,0,1
4370.976722186,0,0
4371.984323724,0,1
4371.986736742,0,0
4372.994338246,0,1
4372.996751262,0,0
4374.004352856,0,1
4374.006765872,0,0
4375.014367422,0,1
4375.016780438,0,0
4376.024382004,0,1
4376.026795020,0,0
4377.034396538,0,1
4377.036809554,0,0
4378.044411124,0,1
4378.046824140,0,0
4379.054425702,0,1
4379.056838718,0,0
4380.064440256,0,1
4380.065709936,1,1
4380.068341618,0,1
4380.068377522,0,0
4381.074454926,0,1
4381.076867942,0,0
4382.084469496,0,1
4382.086882512,0,0
4383.094484026,0,1
4383.096897042,0,0
4384.104498584,0,1
4384.106911600,0,0
4385.114513156,0,1
4385.116926172,0,0
4386.124527714,0,1
4386.126940730,0,0
4387.134542296,0,1
4387.136955562,0,0
4388.144556890,0,1
4388.146970158,0,0
4389.154571416,0,1
4389.156984682,0,0
4390.164586002,0,1
4390.165855646,1,1
4390.168487384,0,1
4390.168523268,0,0
4391.174600576,0,1
4391.177013594,0,0
4392.184615156,0,1
4392.187028172,0,0
4393.194629688,0,1
4393.197042704,0,0
4394.204644260,0,1
4394.207057276,0,0
4395.214658848,0,1
4395.217071864,0,0
4396.224673398,0,1
4396.227086416,0,0
4397.234687940,0,1
4397.237101206,0,0
4398.244702484,0,1
4398.247115750,0,0
4399.254717066,0,1
4399.257130332,0,0
4400.264731664,0,1
4400.266001310,1,1
4400.268633138,0,1
4400.268668930,0,0
4401.274746214,0,1
4401.277159230,0,0
4402.284760766,0,1
4402.287173784,0,0
4403.294775370,0,1
4403.297188388,0,0
4404.304789920,0,1
4404.307202936,0,0
4405.314804500,0,1
4405.317217516,0,0
4406.324819036,0,1
4406.327232052,0,0
4407.334833618,0,1
4407.337246634,0,0
4408.344848214,0,1
4408.347261230,0,0
4409.354862744,0,1
4409.357275760,0,0
4410.364877314,0,1
4410.366147044,1,1
4410.368778650,0,1
4410.368814830,0,0
4411.374892046,0,1
4411.377305062,0,0
4412.384906602,0,1
4412.387319618,0,0
4413.394921142,0,1
4413.397334158,0,0
4414.404935702,0,1
4414.407348718,0,0
4415.414950250,0,1
4415.417363268,0,0
4416.424964888,0,1
4416.427378154,0,0
4417.434979390,0,1
4417.437392656,0,0
4418.444993982,0,1
4418.447407248,0,0
4419.455008526,0,1
4419.457421792,0,0
4420.465023092,0,1
4420.466292692,1,1
4420.468924428,0,1
4420.468960358,0,0
4421.475037658,0,1
4421.477450674,0,0
4422.485052230,0,1
4422.487465246,0,0
4423.495066768,0,1
4423.497479784,0,0
4424.505081352,0,1
4424.507494368,0,0
4425.515095882,0,1
4425.517508898,0,0
4426.525110492,0,1
4426.527523510,0,0
4427.535125072,0,1
4427.537538088,0,0
4428.545139650,0,1
4428.547552666,0,0
4429.555154238,0,1
4429.557567254,0,0
4430.565168768,0,1
4430.566438346,1,1
4430.569070314,0,1
4430.569106034,0,0
4431.575183322,0,1
4431.577596338,0,0
4432.585197866,0,1
4432.587610882,0,0
4433.595212452,0,1
4433.597625468,0,0
4434.605227064,0,1
4434.607640080,0,0
4435.615241590,0,1
4435.617654608,0,0
4436.625256128,0,1
4436.627669144,0,0
4437.635270704,0,1
4437.637683720,0,0
4438.645285308,0,1
4438.647698324,0,0
4439.655299828,0,1
4439.657712846,0,0
4440.665314398,0,1
4440.666584044,1,1
4440.669215392,0,1
4440.669251662,0,0
4441.675329020,0,1
4441.677742036,0,0
4442.685343534,0,1
4442.687756550,0,0
4443.695358094,0,1
4443.697771110,0,0
4444.705372628,0,1
4444.707785644,0,0
4445.715387200,0,1
4445.717800218,0,0
4446.725401778,0,1
4446.727814796,0,0
4447.735416400,0,1
4447.737829416,0,0
4448.745430970,0,1
4448.747843986,0,0
4449.755445490,0,1
4449.756715138,1,1
4449.759346868,0,1
4449.759382754,0,0
4450.765460026,0,1
4450.767873044,0,0
4451.775474650,0,1
4451.777887668,0,0
4452.785489194,0,1
4452.787902210,0,0
4453.795503744,0,1
4453.797916760,0,0
4454.805518320,0,1
4454.807931336,0,0
4455.815532938,0,1
4455.817945954,0,0
4456.825547450,0,1
4456.827960466,0,0
4457.835562008,0,1
4457.837975024,0,0
4458.845576590,0,1
4458.847989606,0,0
4459.855591174,0,1
4459.856860872,1,1
4459.859492702,0,1
4459.859528440,0,0
4460.865605860,0,1
4460.868018876,0,0
4461.875620442,0,1
4461.878033458,0,0
4462.885634992,0,1
4462.888048008,0,0
4463.895649586,0,1
4463.898062604,0,0
4464.905664116,0,1
4464.908077132,0,0
4465.915678654,0,1
4465.918091670,0,0
4466.925693268,0,1
4466.928106286,0,0
4467.935707796,0,1
4467.938120812,0,0
4468.945722362,0,1
4468.948135378,0,0
4469.955736936,0,1
4469.957006578,1,1
4469.959638296,0,1
4469.959674202,0,0
4470.965751506,0,1
4470.968164524,0,0
4471.975766118,0,1
4471.978179134,0,0
4472.985780676,0,1
4472.988193692,0,0
4473.995795194,0,1
4473.998208210,0,0
4475.005809788,0,1
4475.008222806,0,0
4476.015824368,0,1
4476.018237384,0,0
4477.025838912,0,1
4477.028251928,0,0
4478.035853492,0,1
4478.038266508,0,0
4479.045868042,0,1
4479.048281058,0,0
4480.055882634,0,1
4480.057152284,1,1
4480.059783800,0,1
4480.059819898,0,0
4481.065897176,0,1
4481.068310192,0,0
4482.075911740,0,1
4482.078324758,0,0
4483.085926328,0,1
4483.088339344,0,0
4484.095940856,0,1
4484.098353874,0,0
4485.105955448,0,1
4485.108368464,0,0
4486.115970038,0,1
4486.118383054,0,0
4487.125984598,0,1
4487.128397614,0,0
4488.135999110,0,1
4488.138412126,0,0
4489.146013676,0,1
4489.148426942,0,0
4490.156028242,0,1
4490.157297930,1,1
4490.159929906,0,1
4490.159965506,0,0
4491.166042918,0,1
4491.168455934,0,0
4492.176057530,0,1
4492.178470548,0,0
4493.186072118,0,1
4493.188485134,0,0
4494.196086628,0,1
4494.198499646,0,0
4495.206101216,0,1
4495.208514232,0,0
4496.216115788,0,1
4496.218528806,0,0
4497.226130316,0,1
4497.228543334,0,0
4498.236144872,0,1
4498.238557890,0,0
4499.246159480,0,1
4499.248572746,0,0
4500.256173992,0,1
4500.257443538,1,1
4500.260075678,0,1
4500.260111006,0,0
4501.266188596,0,1
4501.268601614,0,0
4502.276203158,0,1
4502.278616174,0,0
4503.286217736,0,1
4503.288630752,0,0
4504.296232308,0,1
4504.298645324,0,0
4505.306246840,0,1
4505.308659856,0,0
4506.316261354,0,1
4506.318674370,0,0
4507.326275958,0,1
4507.328688974,0,0
4508.336290558,0,1
4508.338703574,0,0
4509.346305070,0,1
4509.348718088,0,0
4510.356319674,0,1
4510.357589236,1,1
4510.360220906,0,1
4510.360256938,0,0
4511.366334252,0,1
4511.368747268,0,0
4512.376348808,0,1
4512.378761824,0,0
4513.386363366,0,1
4513.388776382,0,0
4514.396377908,0,1
4514.398790926,0,0
4515.406392474,0,1
4515.408805492,0,0
4516.416407074,0,1
4516.418820090,0,0
4517.426421616,0,1
4517.428834632,0,0
4518.436436210,0,1
4518.438849228,0,0
4519.446450744,0,1
4519.448863760,0,0
4520.456465312,0,1
4520.457734884,1,1
4520.460367216,0,1
4520.460402578,0,0
4521.466479858,0,1
4521.468892876,0,0
4522.476494452,0,1
4522.478907468,0,0
4523.486508978,0,1
4523.488921994,0,0
4524.496523544,0,1
4524.498936562,0,0
4525.506538094,0,1
4525.508951110,0,0
4526.516552716,0,1
4526.518965732,0,0
4527.526567252,0,1
4527.528980270,0,0
4528.536581850,0,1
4528.538994866,0,0
4529.546596376,0,1
4529.549009394,0,0
4530.556610916,0,1
4530.557880626,1,1
4530.560512086,0,1
4530.560548432,0,0
4531.566625626,0,1
4531.569038642,0,0
4532.576640208,0,1
4532.579053226,0,0
4533.586654766,0,1
4533.589067782,0,0
4534.596669320,0,1
4534.599082336,0,0
4535.606683892,0,1
4535.609096910,0,0
4536.616698438,0,1
4536.619111454,0,0
4537.626713028,0,1
4537.629126294,0,0
4538.636727618,0,1
4538.639140884,0,0
4539.646742176,0,1
4539.649155442,0,0
4540.656756750,0,1
4540.658026318,1,1
4540.660658368,0,1
4540.660694016,0,0
4541.666771310,0,1
4541.669184326,0,0
4542.676785856,0,1
4542.679198874,0,0
4543.686800382,0,1
4543.689213398,0,0
4544.696815038,0,1
4544.699228054,0,0
4545.706829578,0,1
4545.709242594,0,0
4546.716844116,0,1
4546.719257132,0,0
4547.726858690,0,1
4547.729271706,0,0
4548.736873276,0,1
4548.739286292,0,0
4549.746887834,0,1
4549.748157396,1,1
4549.750789050,0,1
4549.750824850,0,0
4550.756902358,0,1
4550.759315374,0,0
4551.766916950,0,1
4551.769329966,0,0
4552.776931510,0,1
4552.779344526,0,0
4553.786946080,0,1
4553.789359098,0,0
4554.796960610,0,1
4554.799373626,0,0
4555.806975218,0,1
4555.809388234,0,0
4556.816989798,0,1
4556.819402814,0,0
4557.827004298,0,1
4557.829417316,0,0
4558.837018938,0,1
4558.839432206,0,0
4559.847033454,0,1
4559.848303102,1,1
4559.850935352,0,1
4559.850970720,0,0
4560.857047986,0,1
4560.859461002,0,0
4561.867062598,0,1
4561.869475614,0,0
4562.877077112,0,1
4562.879490128,0,0
4563.887091734,0,1
4563.889504750,0,0
4564.897106304,0,1
4564.899519322,0,0
4565.907120846,0,1
4565.909533862,0,0
4566.917135408,0,1
4566.919548424,0,0
4567.927150004,0,1
4567.929563020,0,0
4568.937164576,0,1
4568.939577592,0,0
4569.947179074,0,1
4569.948448794,1,1
4569.951080476,0,1
4569.951116340,0,0
4570.957193756,0,1
4570.959606774,0,0
4571.967208380,0,1
4571.969621396,0,0
4572.977222920,0,1
4572.979635938,0,0
4573.987237488,0,1
4573.989650504,0,0
4574.997252056,0,1
4574.999665072,0,0
4576.007266634,0,1
4576.009679650,0,0
4577.017281204,0,1
4577.019694220,0,0
4578.027295754,0,1
4578.029708772,0,0
4579.037310298,0,1
4579.039723316,0,0
4580.047324848,0,1
4580.048594482,1,1
4580.051226336,0,1
4580.051262112,0,0
4581.057339398,0,1
4581.059752414,0,0
4582.067353994,0,1
4582.069767012,0,0
4583.077368532,0,1
4583.079781548,0,0
4584.087383112,0,1
4584.089796128,0,0
4585.097397674,0,1
4585.099810690,0,0
4586.107412244,0,1
4586.109825262,0,0
4587.117426802,0,1
4587.119839820,0,0
4588.127441338,0,1
4588.129854356,0,0
4589.137455938,0,1
4589.139868954,0,0
4590.147470502,0,1
4590.148740104,1,1
4590.151371890,0,1
4590.151407766,0,0
4591.157485026,0,1
4591.159898042,0,0
4592.167499622,0,1
4592.169912638,0,0
4593.177514182,0,1
4593.179927198,0,0
4594.187528724,0,1
4594.189941740,0,0
4595.197543348,0,1
4595.199956364,0,0
4596.207557894,0,1
4596.209970910,0,0
4597.217572444,0,1
4597.219985460,0,0
4598.227587058,0,1
4598.230000076,0,0
4599.237601602,0,1
4599.240014618,0,0
4600.247616164,0,1
4600.248885872,1,1
4600.251517962,0,1
4600.251553678,0,0
4601.257630848,0,1
4601.260043866,0,0
4602.267645400,0,1
4602.270058416,0,0
4603.277659966,0,1
4603.280072984,0,0
4604.287674500,0,1
4604.290087516,0,0
4605.297689138,0,1
4605.300102156,0,0
4606.307703668,0,1
4606.310116684,0,0
4607.317718212,0,1
4607.320131478,0,0
4608.327732762,0,1
4608.330146028,0,0
4609.337747408,0,1
4609.340160674,0,0
4610.347761918,0,1
4610.349031532,1,1
4610.351663306,0,1
4610.351699184,0,0
4611.357776478,0,1
4611.360189494,0,0
4612.367791104,0,1
4612.370204120,0,0
4613.377805606,0,1
4613.380218624,0,0
4614.387820212,0,1
4614.390233228,0,0
4615.397834716,0,1
4615.400247734,0,0
4616.407849274,0,1
4616.410262292,0,0
4617.417863934,0,1
4617.420276950,0,0
4618.427878452,0,1
4618.430291470,0,0
4619.437892990,0,1
4619.440306006,0,0
4620.447907578,0,1
4620.449177150,1,1
4620.451809086,0,1
4620.451844844,0,0
4621.457922130,0,1
4621.460335148,0,0
4622.467936684,0,1
4622.470349700,0,0
4623.477951288,0,1
4623.480364304,0,0
4624.487965868,0,1
4624.490378886,0,0
4625.497980410,0,1
4625.500393428,0,0
4626.507994948,0,1
4626.510407966,0,0
4627.518009512,0,1
4627.520422528,0,0
4628.528024054,0,1
4628.530437070,0,0
4629.538038656,0,1
4629.540451924,0,0
4630.548053244,0,1
4630.549322884,1,1
4630.551954686,0,1
4630.551990510,0,0
4631.558067786,0,1
4631.560480802,0,0
4632.568082326,0,1
4632.570495342,0,0
4633.578096908,0,1
4633.580509924,0,0
4634.588111460,0,1
4634.590524476,0,0
4635.598126046,0,1
4635.600539062,0,0
4636.608140596,0,1
4636.610553612,0,0
4637.618155130,0,1
4637.620568148,0,0
4638.628169752,0,1
4638.630582770,0,0
4639.638184316,0,1
4639.640597334,0,0
4640.648198854,0,1
4640.649468526,1,1
4640.652100430,0,1
4640.652136118,0,0
4641.658213556,0,1
4641.660626572,0,0
4642.668228120,0,1
4642.670641136,0,0
4643.678242698,0,1
4643.680655716,0,0
4644.688257244,0,1
4644.690670262,0,0
4645.698271816,0,1
4645.700684832,0,0
4646.708286358,0,1
4646.710699374,0,0
4647.718300910,0,1
4647.720714178,0,0
4648.728315470,0,1
4648.730728738,0,0
4649.738330082,0,1
4649.739599662,1,1
4649.742231516,0,1
4649.742267346,0,0
4650.748344620,0,1
4650.750757636,0,0
4651.758359148,0,1
4651.760772166,0,0
4652.768373740,0,1
4652.770786758,0,0
4653.778388298,0,1
4653.780801314,0,0
4654.788402904,0,1
4654.790815920,0,0
4655.798417476,0,1
4655.800830492,0,0
4656.808432010,0,1
4656.810845028,0,0
4657.818446584,0,1
4657.820859602,0,0
4658.828461132,0,1
4658.830874398,0,0
4659.838475682,0,1
4659.839745260,1,1
4659.842376568,0,1
4659.842412948,0,0
4660.848490306,0,1
4660.850903324,0,0
4661.858504860,0,1
4661.860917876,0,0
4662.868519386,0,1
4662.870932402,0,0
4663.878533968,0,1
4663.880946986,0,0
4664.888548544,0,1
4664.890961560,0,0
4665.898563154,0,1
4665.900976170,0,0
4666.908577640,0,1
4666.910990656,0,0
4667.918592200,0,1
4667.921005216,0,0
4668.928606816,0,1
4668.931020084,0,0
4669.938621362,0,1
4669.939890924,1,1
4669.942522484,0,1
4669.942558628,0,0
4670.948635896,0,1
4670.951048912,0,0
4671.958650440,0,1
4671.961063456,0,0
4672.968665060,0,1
4672.971078076,0,0
4673.978679628,0,1
4673.981092644,0,0
4674.988694144,0,1
4674.991107162,0,0
4675.998708684,0,1
4676.001121700,0,0
4677.008723328,0,1
4677.011136344,0,0
4678.018737860,0,1
4678.021150876,0,0
4679.028752466,0,1
4679.031165482,0,0
4680.038766964,0,1
4680.040036638,1,1
4680.042668644,0,1
4680.042704230,0,0
4681.048781654,0,1
4681.051194670,0,0
4682.058796212,0,1
4682.061209230,0,0
4683.068810806,0,1
4683.071223824,0,0
4684.078825374,0,1
4684.081238390,0,0
4685.088839944,0,1
4685.091252960,0,0
4686.098854498,0,1
4686.101267514,0,0
4687.108869068,0,1
4687.111282084,0,0
4688.118883610,0,1
4688.121296626,0,0
4689.128898186,0,1
4689.131311204,0,0
4690.138912786,0,1
4690.140182286,1,1
4690.142813790,0,1
4690.142849802,0,0
4691.148927202,0,1
4691.151340220,0,0
4692.158941746,0,1
4692.161354762,0,0
4693.168956290,0,1
4693.171369306,0,0
4694.178970850,0,1
4694.181383866,0,0
4695.188985448,0,1
4695.191398466,0,0
4696.199000004,0,1
4696.201413020,0,0
4697.209014594,0,1
4697.211427610,0,0
4698.219029152,0,1
4698.221442168,0,0
4699.229043704,0,1
4699.231456720,0,0
4700.239058246,0,1
4700.240328006,1,1
4700.242959668,0,1
4700.242995760,0,0
4701.249072946,0,1
4701.251485964,0,0
4702.259087552,0,1
4702.261500568,0,0
4703.269102090,0,1
4703.271515106,0,0
4704.279116680,0,1
4704.281529696,0,0
4705.289131184,0,1
4705.291544200,0,0
4706.299145768,0,1
4706.301558784,0,0
4707.309160336,0,1
4707.311573352,0,0
4708.319174934,0,1
4708.321587950,0,0
4709.329189448,0,1
4709.331602466,0,0
4710.339204024,0,1
4710.340473622,1,1
4710.343105206,0,1
4710.343141290,0,0
4711.349218588,0,1
4711.351631604,0,0
4712.359233134,0,1
4712.361646150,0,0
4713.369247710,0,1
4713.371660728,0,0
4714.379262246,0,1
4714.381675262,0,0
4715.389276808,0,1
4715.391689824,0,0
4716.399291412,0,1
4716.401704430,0,0
4717.409305928,0,1
4717.411718946,0,0
4718.419320500,0,1
4718.421733516,0,0
4719.429335028,0,1
4719.431748294,0,0
4720.439349664,0,1
4720.440619342,1,1
4720.443251000,0,1
4720.443286928,0,0
4721.449364302,0,1
4721.451777320,0,0
4722.459378874,0,1
4722.461791890,0,0
4723.469393422,0,1
4723.471806438,0,0
4724.479407986,0,1
4724.481821002,0,0
4725.489422586,0,1
4725.491835602,0,0
4726.499437128,0,1
4726.501850144,0,0
4727.509451726,0,1
4727.511864742,0,0
4728.519466242,0,1
4728.521879258,0,0
4729.529480808,0,1
4729.531893826,0,0
4730.539495364,0,1
4730.540765026,1,1
4730.543396796,0,1
4730.543432630,0,0
4731.549509964,0,1
4731.551922980,0,0
4732.559524516,0,1
4732.561937532,0,0
4733.569539054,0,1
4733.571952070,0,0
4734.579553636,0,1
4734.581966652,0,0
4735.589568178,0,1
4735.591981194,0,0
4736.599582740,0,1
4736.601995756,0,0
4737.609597308,0,1
4737.612010326,0,0
4738.619611906,0,1
4738.622024922,0,0
4739.629626478,0,1
4739.632039494,0,0
4740.639640980,0,1
4740.640910634,1,1
4740.643542840,0,1
4740.643578244,0,0
4741.649655576,0,1
4741.652068592,0,0
4742.659670116,0,1
4742.662083132,0,0
4743.669684736,0,1
4743.672097752,0,0
4744.679699234,0,1
4744.682112250,0,0
4745.689713826,0,1
4745.692126842,0,0
4746.699728378,0,1
4746.702141394,0,0
4747.709742930,0,1
4747.712155946,0,0
4748.719757544,0,1
4748.722170560,0,0
4749.729772078,0,1
4749.731041800,1,1
4749.733673624,0,1
4749.733709342,0,0
4750.739786780,0,1
4750.742199796,0,0
4751.749801316,0,1
4751.752214334,0,0
4752.759815914,0,1
4752.762228930,0,0
4753.769830466,0,1
4753.772243482,0,0
4754.779845050,0,1
4754.782258066,0,0
4755.789859638,0,1
4755.792272654,0,0
4756.799874212,0,1
4756.802287228,0,0
4757.809888730,0,1
4757.812301748,0,0
4758.819903310,0,1
4758.822316326,0,0
4759.829917876,0,1
4759.831187474,1,1
4759.833819208,0,1
4759.833855142,0,0
4760.839932454,0,1
4760.842345470,0,0
4761.849947062,0,1
4761.852360080,0,0
4762.859961578,0,1
4762.862374594,0,0
4763.869976146,0,1
4763.872389162,0,0
4764.879990672,0,1
4764.882403688,0,0
4765.890005322,0,1
4765.892418338,0,0
4766.900019838,0,1
4766.902432854,0,0
4767.910034402,0,1
4767.912447418,0,0
4768.920048956,0,1
4768.922462224,0,0
4769.930063528,0,1
4769.931333148,1,1
4769.933964828,0,1
4769.934000792,0,0
4770.940078134,0,1
4770.942491150,0,0
4771.950092680,0,1
4771.952505696,0,0
4772.960107238,0,1
4772.962520254,0,0
4773.970121742,0,1
4773.972534760,0,0
4774.980136340,0,1
4774.982549358,0,0
4775.990150920,0,1
4775.992563938,0,0
4777.000165460,0,1
4777.002578726,0,0
4778.010180038,0,1
4778.012593304,0,0
4779.020194608,0,1
4779.022607874,0,0
4780.030209188,0,1
4780.031478836,1,1
4780.034110502,0,1
4780.034146454,0,0
4781.040223758,0,1
4781.042636776,0,0
4782.050238314,0,1
4782.052651332,0,0
4783.060252830,0,1
4783.062665846,0,0
4784.070267410,0,1
4784.072680426,0,0
4785.080281992,0,1
4785.082695010,0,0
4786.090296540,0,1
4786.092709556,0,0
4787.100311094,0,1
4787.102724110,0,0
4788.110325656,0,1
4788.112738672,0,0
4789.120340256,0,1
4789.122753272,0,0
4790.130354832,0,1
4790.131624532,1,1
4790.134256182,0,1
4790.134292348,0,0
4791.140369484,0,1
4791.142782502,0,0
4792.150384042,0,1
4792.152797060,0,0
4793.160398624,0,1
4793.162811640,0,0
4794.170413182,0,1
4794.172826200,0,0
4795.180427776,0,1
4795.182840794,0,0
4796.190442336,0,1
4796.192855352,0,0
4797.200456886,0,1
4797.202870152,0,0
4798.210471468,0,1
4798.212884734,0,0
4799.220486014,0,1
4799.222899280,0,0
4800.230500588,0,1
4800.231770242,1,1
4800.234402408,0,1
4800.234437854,0,0
4801.240515180,0,1
4801.242928196,0,0
4802.250529720,0,1
4802.252942736,0,0
4803.260544288,0,1
4803.262957304,0,0
4804.270558872,0,1
4804.272971888,0,0
4805.280573422,0,1
4805.282986438,0,0
4806.290587934,0,1
4806.293000950,0,0
4807.300602544,0,1
4807.303015560,0,0
4808.310617090,0,1
4808.313030108,0,0
4809.320631680,0,1
4809.323044694,0,0
4810.330646198,0,1
4810.331915884,1,1
4810.334547598,0,1
4810.334583464,0,0
4811.340660896,0,1
4811.343073914,0,0
4812.350675536,0,1
4812.353088552,0,0
4813.360690068,0,1
4813.363103084,0,0
4814.370704628,0,1
4814.373117644,0,0
4815.380719164,0,1
4815.383132180,0,0
4816.390733722,0,1
4816.393146738,0,0
4817.400748274,0,1
4817.403161540,0,0
4818.410762818,0,1
4818.413176086,0,0
4819.420777432,0,1
4819.423190698,0,0
4820.430791986,0,1
4820.432061588,1,1
4820.434693242,0,1
4820.434729252,0,0
4821.440806550,0,1
4821.443219566,0,0
4822.450821096,0,1
4822.453234114,0,0
4823.460835648,0,1
4823.463248664,0,0
4824.470850218,0,1
4824.473263236,0,0
4825.480864792,0,1
4825.483277808,0,0
4826.490879354,0,1
4826.493292370,0,0
4827.500893920,0,1
4827.503306936,0,0
4828.510908496,0,1
4828.513321512,0,0
4829.520923044,0,1
4829.523336062,0,0
4830.530937610,0,1
4830.532207258,1,1
4830.534839116,0,1
4830.534874874,0,0
4831.540952198,0,1
4831.543365216,0,0
4832.550966720,0,1
4832.553379736,0,0
4833.560981302,0,1
4833.563394318,0,0
4834.570995846,0,1
4834.573408862,0,0
4835.581010428,0,1
4835.583423446,0,0
4836.591024970,0,1
4836.593437986,0,0
4837.601039570,0,1
4837.603452586,0,0
4838.611054112,0,1
4838.613467128,0,0
4839.621068684,0,1
4839.623481950,0,0
4840.631083270,0,1
4840.632352860,1,1
4840.634984838,0,1
4840.635020536,0,0
4841.641097770,0,1
4841.643510786,0,0
4842.651112400,0,1
4842.653525416,0,0
4843.661126910,0,1
4843.663539926,0,0
4844.671141466,0,1
4844.673554482,0,0
4845.681156054,0,1
4845.683569070,0,0
4846.691170608,0,1
4846.693583626,0,0
4847.701185194,0,1
4847.703598212,0,0
4848.711199736,0,1
4848.713612752,0,0
4849.721214310,0,1
4849.722484020,1,1
4849.725116308,0,1
4849.725151826,0,0
4850.731228990,0,1
4850.733642006,0,0
4851.741243556,0,1
4851.743656574,0,0
4852.751258144,0,1
4852.753671160,0,0
4853.761272682,0,1
4853.763685698,0,0
4854.771287240,0,1
4854.773700256,0,0
4855.781301822,0,1
4855.783714838,0,0
4856.791316376,0,1
4856.793729644,0,0
4857.801330944,0,1
4857.803744212,0,0
4858.811345472,0,1
4858.813758738,0,0
4859.821360106,0,1
4859.822629612,1,1
4859.825261292,0,1
4859.825297372,0,0
4860.831374458,0,1
4860.833787474,0,0
4861.841389058,0,1
4861.843802074,0,0
4862.851403636,0,1
4862.853816652,0,0
4863.861418180,0,1
4863.863831196,0,0
4864.871432720,0,1
4864.873845738,0,0
4865.881447306,0,1
4865.883860322,0,0
4866.891461830,0,1
4866.893874846,0,0
4867.901476376,0,1
4867.903889392,0,0
4868.911490952,0,1
4868.913903968,0,0
4869.921505516,0,1
4869.922775356,1,1
4869.925407180,0,1
4869.925443032,0,0
4870.931520358,0,1
4870.933933374,0,0
4871.941534878,0,1
4871.943947896,0,0
4872.951549422,0,1
4872.953962438,0,0
4873.961564006,0,1
4873.963977022,0,0
4874.971578582,0,1
4874.973991600,0,0
4875.981593174,0,1
4875.984006190,0,0
4876.991607686,0,1
4876.994020952,0,0
4878.001622220,0,1
4878.004035486,0,0
4879.011636848,0,1
4879.014050114,0,0
4880.021651350,0,1
4880.022920932,1,1
4880.025552712,0,1
4880.025588616,0,0
4881.031665928,0,1
4881.034078944,0,0
4882.041680488,0,1
4882.044093504,0,0
4883.051695044,0,1
4883.054108060,0,0
4884.061709588,0,1
4884.064122604,0,0
4885.071724166,0,1
4885.074137182,0,0
4886.081738724,0,1
4886.084151740,0,0
4887.091753288,0,1
4887.094166554,0,0
4888.101767814,0,1
4888.104181080,0,0
4889.111782380,0,1
4889.114195648,0,0
4890.121796962,0,1
4890.123066616,1,1
4890.125698874,0,1
4890.125734228,0,0
4891.131811468,0,1
4891.134224484,0,0
4892.141826094,0,1
4892.144239112,0,0
4893.151840626,0,1
4893.154253642,0,0
4894.161855152,0,1
4894.164268168,0,0
4895.171869776,0,1
4895.174282794,0,0
4896.181884296,0,1
4896.184297312,0,0
4897.191898894,0,1
4897.194311910,0,0
4898.201913426,0,1
4898.204326442,0,0
4899.211928022,0,1
4899.214341038,0,0
4900.221942540,0,1
4900.223212256,1,1
4900.225843710,0,1
4900.225880054,0,0
4901.231957226,0,1
4901.234370244,0,0
4902.241971816,0,1
4902.244384832,0,0
4903.251986354,0,1
4903.254399372,0,0
4904.262000938,0,1
4904.264413954,0,0
4905.272015444,0,1
4905.274428462,0,0
4906.282030028,0,1
4906.284443044,0,0
4907.292044622,0,1
4907.294457888,0,0
4908.302059148,0,1
4908.304472414,0,0
4909.312073738,0,1
4909.314487004,0,0
4910.322088258,0,1
4910.323357928,1,1
4910.325989586,0,1
4910.326025524,0,0
4911.332102958,0,1
4911.334515974,0,0
4912.342117492,0,1
4912.344530508,0,0
4913.352132092,0,1
4913.354545110,0,0
4914.362146604,0,1
4914.364559620,0,0
4915.372161192,0,1
4915.374574458,0,0
4916.382175786,0,1
4916.384589052,0,0
4917.392190304,0,1
4917.394603572,0,0
4918.402204860,0,1
4918.404618126,0,0
4919.412219424,0,1
4919.414632692,0,0
4920.422234092,0,1
4920.423503588,1,1
4920.426135466,0,1
4920.426171108,0,0
4921.432248496,0,1
4921.434661512,0,0
4922.442263056,0,1
4922.444676072,0,0
4923.452277628,0,1
4923.454690646,0,0
4924.462292222,0,1
4924.464705238,0,0
4925.472306716,0,1
4925.474719732,0,0
4926.482321336,0,1
4926.484734604,0,0
4927.492335862,0,1
4927.494749128,0,0
4928.502350414,0,1
4928.504763682,0,0
4929.512364928,0,1
4929.514778194,0,0
4930.522379534,0,1
4930.523649136,1,1
4930.526280680,0,1
4930.526316800,0,0
4931.532394102,0,1
4931.534807118,0,0
4932.542408624,0,1
4932.544821642,0,0
4933.552423212,0,1
4933.554836230,0,0
4934.562437762,0,1
4934.564850778,0,0
4935.572452322,0,1
4935.574865338,0,0
4936.582466862,0,1
4936.584879880,0,0
4937.592481462,0,1
4937.594894480,0,0
4938.602496014,0,1
4938.604909282,0,0
4939.612510558,0,1
4939.614923824,0,0
4940.622525126,0,1
4940.623794876,1,1
4940.626426614,0,1
4940.626462640,0,0
4941.632539802,0,1
4941.634952818,0,0
4942.642554416,0,1
4942.644967432,0,0
4943.652568946,0,1
4943.654981962,0,0
4944.662583480,0,1
4944.664996498,0,0
4945.672598062,0,1
4945.675011330,0,0
4946.682612640,0,1
4946.685025906,0,0
4947.692627160,0,1
4947.695040426,0,0
4948.702641784,0,1
4948.705055050,0,0
4949.712656402,0,1
4949.713925918,1,1
4949.716558080,0,1
4949.716593668,0,0
4950.722670790,0,1
4950.725083808,0,0
4951.732685388,0,1
4951.735098404,0,0
4952.742699956,0,1
4952.745112972,0,0
4953.752714454,0,1
4953.755127470,0,0
4954.762729082,0,1
4954.765142098,0,0
4955.772743594,0,1
4955.775156610,0,0
4956.782758148,0,1
4956.785171164,0,0
4957.792772732,0,1
4957.795185750,0,0
4958.802787314,0,1
4958.805200330,0,0
4959.812801892,0,1
4959.814071586,1,1
4959.816703348,0,1
4959.816739158,0,0
4960.822816548,0,1
4960.825229564,0,0
4961.832831056,0,1
4961.835244072,0,0
4962.842845686,0,1
4962.845258704,0,0
4963.852860256,0,1
4963.855273272,0,0
4964.862874796,0,1
4964.865287812,0,0
4965.872889356,0,1
4965.875302374,0,0
4966.882903918,0,1
4966.885316934,0,0
4967.892918464,0,1
4967.895331480,0,0
4968.902933088,0,1
4968.905346104,0,0
4969.912947622,0,1
4969.914217210,1,1
4969.916848576,0,1
4969.916884888,0,0
4970.922962204,0,1
4970.925375220,0,0
4971.932976732,0,1
4971.935389748,0,0
4972.942991312,0,1
4972.945404328,0,0
4973.953005804,0,1
4973.955418820,0,0
4974.963020444,0,1
4974.965433460,0,0
4975.973034940,0,1
4975.975448206,0,0
4976.983049534,0,1
4976.985462800,0,0
4977.993064092,0,1
4977.995477358,0,0
4979.003078686,0,1
4979.005491954,0,0
4980.013093212,0,1
4980.014362784,1,1
4980.016994376,0,1
4980.017030476,0,0
4981.023107758,0,1
4981.025520776,0,0
4982.033122354,0,1
4982.035535370,0,0
4983.043136872,0,1
4983.045549888,0,0
4984.053151444,0,1
4984.055564460,0,0
4985.063166020,0,1
4985.065579036,0,0
4986.073180548,0,1
4986.075593564,0,0
4987.083195098,0,1
4987.085608114,0,0
4988.093209702,0,1
4988.095622718,0,0
4989.103224222,0,1
4989.105637238,0,0
4990.113238814,0,1
4990.114508468,1,1
4990.117140154,0,1
4990.117176080,0,0
4991.123253344,0,1
4991.125666360,0,0
4992.133267938,0,1
4992.135680954,0,0
4993.143282488,0,1
4993.145695504,0,0
4994.153297018,0,1
4994.155710034,0,0
4995.163311592,0,1
4995.165724608,0,0
4996.173326174,0,1
4996.175739190,0,0
4997.183340696,0,1
4997.185753712,0,0
4998.193355302,0,1
4998.195768318,0,0
4999.203369826,0,1
4999.205782842,0,0
5000.213384390,0,1
5000.214654088,1,1
5000.217285830,0,1
5000.217321906,0,0
5001.223399086,0,1
5001.225812102,0,0
5002.233413626,0,1
5002.235826644,0,0
5003.243428182,0,1
5003.245841198,0,0
5004.253442742,0,1
5004.255855758,0,0
5005.263457322,0,1
5005.265870338,0,0
5006.273471876,0,1
5006.275884892,0,0
5007.283486434,0,1
5007.285899450,0,0
5008.293501006,0,1
5008.295914274,0,0
5009.303515572,0,1
5009.305928838,0,0
5010.313530102,0,1
5010.314799762,1,1
5010.317431786,0,1
5010.317467366,0,0
5011.323544676,0,1
5011.325957692,0,0
5012.333559252,0,1
5012.335972270,0,0
5013.343573804,0,1
5013.345986822,0,0
5014.353588316,0,1
5014.356001334,0,0
5015.363602918,0,1
5015.366015934,0,0
5016.373617482,0,1
5016.376030498,0,0
5017.383632044,0,1
5017.386045060,0,0
5018.393646628,0,1
5018.396059894,0,0
5019.403661146,0,1
5019.406074412,0,0
5020.413675714,0,1
5020.414945340,1,1
5020.417577490,0,1
5020.417612980,0,0
5021.423690296,0,1
5021.426103312,0,0
5022.433704836,0,1
5022.436117852,0,0
5023.443719376,0,1
5023.446132392,0,0
5024.453733960,0,1
5024.456146978,0,0
5025.463748490,0,1
5025.466161508,0,0
5026.473763010,0,1
5026.476176026,0,0
5027.483777640,0,1
5027.486190656,0,0
5028.493792164,0,1
5028.496205180,0,0
5029.503806704,0,1
5029.506219722,0,0
5030.513821276,0,1
5030.515090976,1,1
5030.517722740,0,1
5030.517758792,0,0
5031.523835954,0,1
5031.526248970,0,0
5032.533850514,0,1
5032.536263530,0,0
5033.543865116,0,1
5033.546278134,0,0
5034.553879638,0,1
5034.556292654,0,0
5035.563894190,0,1
5035.566307208,0,0
5036.573908764,0,1
5036.576321782,0,0
5037.583923296,0,1
5037.586336312,0,0
5038.593937930,0,1
5038.596350946,0,0
5039.603952468,0,1
5039.606365484,0,0
5040.613967012,0,1
5040.615236616,1,1
5040.617868132,0,1
5040.617904276,0,0
5041.623981584,0,1
5041.626394600,0,0
5042.633996150,0,1
5042.636409166,0,0
5043.644010710,0,1
5043.646423728,0,0
5044.654025270,0,1
5044.656438286,0,0
5045.664039800,0,1
5045.666452818,0,0
5046.674054360,0,1
5046.676467376,0,0
5047.684068872,0,1
5047.686481888,0,0
5048.694083516,0,1
5048.696496532,0,0
5049.704098006,0,1
5049.705367664,1,1
5049.707999412,0,1
5049.708035270,0,0
5050.714112608,0,1
5050.716525624,0,0
5051.724127134,0,1
5051.726540150,0,0
5052.734141744,0,1
5052.736554760,0,0
5053.744156254,0,1
5053.746569270,0,0
5054.754170802,0,1
5054.756583818,0,0
5055.764185398,0,1
5055.766598414,0,0
5056.774199952,0,1
5056.776612968,0,0
5057.784214504,0,1
5057.786627520,0,0
5058.794229066,0,1
5058.796642334,0,0
5059.804243632,0,1
5059.805513330,1,1
5059.808145172,0,1
5059.808181148,0,0
5060.814258306,0,1
5060.816671324,0,0
5061.824272848,0,1
5061.826685864,0,0
5062.834287426,0,1
5062.836700442,0,0
5063.844301988,0,1
5063.846715004,0,0
5064.854316526,0,1
5064.856729542,0,0
5065.864331082,0,1
5065.866744098,0,0
5066.874345638,0,1
5066.876758904,0,0
5067.884360258,0,1
5067.886773526,0,0
5068.894374766,0,1
5068.896788032,0,0
5069.904389286,0,1
5069.905658898,1,1
5069.908290418,0,1
5069.908326552,0,0
5070.914403896,0,1
5070.916816912,0,0
5071.924418426,0,1
5071.926831442,0,0
5072.934432966,0,1
5072.936845982,0,0
5073.944447580,0,1
5073.946860596,0,0
5074.954462126,0,1
5074.956875142,0,0
5075.964476636,0,1
5075.966889652,0,0
5076.974491212,0,1
5076.976904478,0,0
5077.984505754,0,1
5077.986919020,0,0
5078.994520362,0,1
5078.996933628,0,0
5080.004534932,0,1
5080.005804504,1,1
5080.008436182,0,1
5080.008472196,0,0
5081.014549422,0,1
5081.016962440,0,0
5082.024563968,0,1
5082.026976984,0,0
5083.034578570,0,1
5083.036991586,0,0
5084.044593116,0,1
5084.047006132,0,0
5085.054607638,0,1
5085.057020654,0,0
5086.064622198,0,1
5086.067035214,0,0
5087.074636840,0,1
5087.077049856,0,0
5088.084651354,0,1
5088.087064372,0,0
5089.094665906,0,1
5089.097078922,0,0
5090.104680466,0,1
5090.105950196,1,1
5090.108582132,0,1
5090.108617732,0,0
5091.114695164,0,1
5091.117108180,0,0
5092.124709668,0,1
5092.127122684,0,0
5093.134724292,0,1
5093.137137308,0,0
5094.144738802,0,1
5094.147151818,0,0
5095.154753442,0,1
5095.157166458,0,0
5096.164767900,0,1
5096.167180916,0,0
5097.174782466,0,1
5097.177195732,0,0
5098.184797076,0,1
5098.187210342,0,0
5099.194811626,0,1
5099.197224894,0,0
5100.204826200,0,1
5100.206095826,1,1
5100.208728188,0,1
5100.208763464,0,0
5101.214840712,0,1
5101.217253728,0,0
5102.224855310,0,1
5102.227268326,0,0
5103.234869890,0,1
5103.237282906,0,0
5104.244884408,0,1
5104.247297424,0,0
5105.254898994,0,1
5105.257312012,0,0
5106.264913554,0,1
5106.267326572,0,0
5107.274928118,0,1
5107.277341134,0,0
5108.284942708,0,1
5108.287355724,0,0
5109.294957176,0,1
5109.297370194,0,0
5110.304971792,0,1
5110.306241476,1,1
5110.308873142,0,1
5110.308909056,0,0
5111.314986486,0,1
5111.317399502,0,0
5112.325001046,0,1
5112.327414064,0,0
5113.335015616,0,1
5113.337428634,0,0
5114.345030174,0,1
5114.347443190,0,0
5115.355044710,0,1
5115.357457726,0,0
5116.365059236,0,1
5116.367472502,0,0
5117.375073792,0,1
5117.377487060,0,0
5118.385088394,0,1
5118.387501660,0,0
5119.395102934,0,1
5119.397516200,0,0
5120.405117492,0,1
5120.406387102,1,1
5120.409018554,0,1
5120.409054758,0,0
5121.415132058,0,1
5121.417545074,0,0
5122.425146610,0,1
5122.427559626,0,0
5123.435161152,0,1
5123.437574170,0,0
5124.445175726,0,1
5124.447588744,0,0
5125.455190268,0,1
5125.457603284,0,0
5126.465204844,0,1
5126.467617860,0,0
5127.475219452,0,1
5127.477632718,0,0
5128.485234008,0,1
5128.487647274,0,0
5129.495248506,0,1
5129.497661772,0,0
5130.505263110,0,1
5130.506532722,1,1
5130.509164890,0,1
5130.509200376,0,0
5131.515277612,0,1
5131.517690628,0,0
5132.525292248,0,1
5132.527705264,0,0
5133.535306754,0,1
5133.537719770,0,0
5134.545321326,0,1
5134.547734342,0,0
5135.555335848,0,1
5135.557748866,0,0
5136.565350418,0,1
5136.567763436,0,0
5137.575364950,0,1
5137.577778216,0,0
5138.585379568,0,1
5138.587792834,0,0
5139.595394132,0,1
5139.597807400,0,0
5140.605408696,0,1
5140.606678378,1,1
5140.609309958,0,1
5140.609345962,0,0
5141.615423362,0,1
5141.617836378,0,0
5142.625437880,0,1
5142.627850896,0,0
5143.635452498,0,1
5143.637865514,0,0
5144.645466996,0,1
5144.647880014,0,0
5145.655481572,0,1
5145.657894588,0,0
5146.665496148,0,1
5146.667909166,0,0
5147.675510702,0,1
5147.677923968,0,0
5148.685525258,0,1
5148.687938524,0,0
5149.695539790,0,1
5149.697953056,0,0
5150.705554374,0,1
5150.706823972,1,1
5150.709455594,0,1
5150.709491640,0,0
5151.715568896,0,1
5151.717981912,0,0
5152.725583492,0,1
5152.727996508,0,0
5153.735598068,0,1
5153.738011084,0,0
5154.745612626,0,1
5154.748025642,0,0
5155.755627154,0,1
5155.758040170,0,0
5156.765641742,0,1
5156.768054760,0,0
5157.775656254,0,1
5157.778069520,0,0
5158.785670822,0,1
5158.788084088,0,0
5159.795685386,0,1
5159.796955106,1,1
5159.799587352,0,1
5159.799591182,1,1
5159.799591188,0,1
5159.799622902,0,0
5160.805700076,0,1
5160.808113092,0,0
5161.815714632,0,1
5161.818127648,0,0
5162.825729214,0,1
5162.828142230,0,0
5163.835743720,0,1
5163.838156736,0,0
5164.845758312,0,1
5164.848171578,0,0
5165.855772838,0,1
5165.858186104,0,0
5166.865787396,0,1
5166.868200662,0,0
5167.875801960,0,1
5167.878215226,0,0
5168.885816518,0,1
5168.888229784,0,0
5169.895831168,0,1
5169.897100678,1,1
5169.899732318,0,1
5169.899768434,0,0
5170.905845572,0,1
5170.908258588,0,0
5171.915860132,0,1
5171.918273150,0,0
5172.925874700,0,1
5172.928287716,0,0
5173.935889244,0,1
5173.938302260,0,0
5174.945903814,0,1
5174.948316830,0,0
5175.955918384,0,1
5175.958331400,0,0
5176.965932922,0,1
5176.968345938,0,0
5177.975947500,0,1
5177.978360516,0,0
5178.985962060,0,1
5178.988375076,0,0
5179.995976628,0,1
5179.997246378,1,1
5179.999878032,0,1
5179.999914144,0,0
5181.005991264,0,1
5181.008404280,0,0
5182.016005914,0,1
5182.018418930,0,0
5183.026020382,0,1
5183.028433400,0,0
5184.036034994,0,1
5184.038448010,0,0
5185.046049506,0,1
5185.048462522,0,0
5186.056064074,0,1
5186.058477340,0,0
5187.066078686,0,1
5187.068491952,0,0
5188.076093232,0,1
5188.078506498,0,0
5189.086107760,0,1
5189.088521026,0,0
5190.096122390,0,1
5190.097391998,1,1
5190.100024220,0,1
5190.100059656,0,0
5191.106136926,0,1
5191.108549942,0,0
5192.116151508,0,1
5192.118564524,0,0
5193.126166008,0,1
5193.128579024,0,0
5194.136180582,0,1
5194.138593598,0,0
5195.146195192,0,1
5195.148608208,0,0
5196.156209730,0,1
5196.158622746,0,0
5197.166224284,0,1
5197.168637550,0,0
5198.176238798,0,1
5198.178652064,0,0
5199.186253416,0,1
5199.188666682,0,0
5200.196267930,0,1
5200.197537588,1,1
5200.200169846,0,1
5200.200205194,0,0
5201.206282546,0,1
5201.208695562,0,0
5202.216297078,0,1
5202.218710094,0,0
5203.226311628,0,1
5203.228724646,0,0
5204.236326190,0,1
5204.238739206,0,0
5205.246340724,0,1
5205.248753740,0,0
5206.256355298,0,1
5206.258768314,0,0
5207.266369894,0,1
5207.268783162,0,0
5208.276384440,0,1
5208.278797706,0,0
5209.286398986,0,1
5209.288812252,0,0
5210.296413546,0,1
5210.297683240,1,1
5210.300314868,0,1
5210.300351062,0,0
5211.306428196,0,1
5211.308841212,0,0
5212.316442754,0,1
5212.318855770,0,0
5213.326457326,0,1
5213.328870342,0,0
5214.336471910,0,1
5214.338884926,0,0
5215.346486432,0,1
5215.348899700,0,0
5216.356501006,0,1
5216.358914274,0,0
5217.366515530,0,1
5217.368928796,0,0
5218.376530094,0,1
5218.378943360,0,0
5219.386544696,0,1
5219.388957962,0,0
5220.396559278,0,1
5220.397828858,1,1
5220.400460406,0,1
5220.400496544,0,0
5221.406573842,0,1
5221.408986858,0,0
5222.416588402,0,1
5222.419001418,0,0
5223.426602960,0,1
5223.429015978,0,0
5224.436617534,0,1
5224.439030552,0,0
5225.446632076,0,1
5225.449045092,0,0
5226.456646642,0,1
5226.459059908,0,0
5227.466661218,0,1
5227.469074484,0,0
5228.476675798,0,1
5228.479089064,0,0
5229.486690300,0,1
5229.489103566,0,0
5230.496704876,0,1
5230.497974476,1,1
5230.500605984,0,1
5230.500642140,0,0
5231.506719434,0,1
5231.509132452,0,0
5232.516734000,0,1
5232.519147016,0,0
5233.526748512,0,1
5233.529161530,0,0
5234.536763090,0,1
5234.539176106,0,0
5235.546777644,0,1
5235.549190660,0,0
5236.556792182,0,1
5236.559205450,0,0
5237.566806768,0,1
5237.569220034,0,0
5238.576821358,0,1
5238.579234626,0,0
5239.586835890,0,1
5239.589249158,0,0
5240.596850504,0,1
5240.598120080,1,1
5240.600751884,0,1
5240.600787770,0,0
5241.606864960,0,1
5241.609277976,0,0
5242.616879552,0,1
5242.619292568,0,0
5243.626894114,0,1
5243.629307130,0,0
5244.636908680,0,1
5244.639321698,0,0
5245.646923244,0,1
5245.649336260,0,0
5246.656937818,0,1
5246.659350836,0,0
5247.666952398,0,1
5247.669365414,0,0
5248.676966924,0,1
5248.679379940,0,0
5249.686981492,0,1
5249.689394508,0,0
5250.696996062,0,1
5250.698265720,1,1
5250.700897392,0,1
5250.700933328,0,0
5251.707010710,0,1
5251.709423728,0,0
5252.717025260,0,1
5252.719438278,0,0
5253.727039818,0,1
5253.729452836,0,0
5254.737054412,0,1
5254.739467428,0,0
5255.747068966,0,1
5255.749482232,0,0
5256.757083522,0,1
5256.759496790,0,0
5257.767098062,0,1
5257.769511328,0,0
5258.777112630,0,1
5258.779525896,0,0
5259.787127274,0,1
5259.788396784,1,1
5259.791029060,0,1
5259.791064288,0,0
5260.797141674,0,1
5260.799554690,0,0
5261.807156218,0,1
5261.809569236,0,0
5262.817170824,0,1
5262.819583840,0,0
5263.827185370,0,1
5263.829598386,0,0
5264.837199914,0,1
5264.839612932,0,0
5265.847214440,0,1
5265.849627456,0,0
5266.857229004,0,1
5266.859642022,0,0
5267.867243566,0,1
5267.869656834,0,0
5268.877258120,0,1
5268.879671386,0,0
5269.887272674,0,1
5269.888542424,1,1
5269.891174022,0,1
5269.891210190,0,0
5270.897287364,0,1
5270.899700380,0,0
5271.907301918,0,1
5271.909714934,0,0
5272.917316510,0,1
5272.919729526,0,0
5273.927331048,0,1
5273.929744066,0,0
5274.937345618,0,1
5274.939758634,0,0
5275.947360174,0,1
5275.949773190,0,0
5276.957374676,0,1
5276.959787944,0,0
5277.967389250,0,1
5277.969802516,0,0
5278.977403782,0,1
5278.979817048,0,0
5279.987418374,0,1
5279.988687972,1,1
5279.991319692,0,1
5279.991355640,0,0
5280.997432906,0,1
5280.999845924,0,0
5282.007447448,0,1
5282.009860466,0,0
5283.017462034,0,1
5283.019875050,0,0
5284.027476570,0,1
5284.029889588,0,0
5285.037491140,0,1
5285.039904156,0,0
5286.047505710,0,1
5286.049918726,0,0
5287.057520298,0,1
5287.059933564,0,0
5288.067534828,0,1
5288.069948096,0,0
5289.077549390,0,1
5289.079962656,0,0
5290.087563940,0,1
5290.088833648,1,1
5290.091465858,0,1
5290.091501456,0,0
5291.097578632,0,1
5291.099991648,0,0
5292.107593182,0,1
5292.110006198,0,0
5293.117607708,0,1
5293.120020726,0,0
5294.127622284,0,1
5294.130035300,0,0
5295.137636858,0,1
5295.140049876,0,0
5296.147651408,0,1
5296.150064424,0,0
5297.157665958,0,1
5297.160079224,0,0
5298.167680528,0,1
5298.170093794,0,0
5299.177695060,0,1
5299.180108326,0,0
5300.187709606,0,1
5300.188979320,1,1
5300.191611060,0,1
5300.191647122,0,0
5301.197724316,0,1
5301.200137332,0,0
5302.207738856,0,1
5302.210151872,0,0
5303.217753384,0,1
5303.220166400,0,0
5304.227767938,0,1
5304.230180954,0,0
5305.237782548,0,1
5305.240195564,0,0
5306.247797076,0,1
5306.250210344,0,0
5307.257811664,0,1
5307.260224930,0,0
5308.267826190,0,1
5308.270239456,0,0
5309.277840760,0,1
5309.280254026,0,0
5310.287855332,0,1
5310.289124868,1,1
5310.291756948,0,1
5310.291792598,0,0
5311.297869758,0,1
5311.300282774,0,0
5312.307884320,0,1
5312.310297336,0,0
5313.317898874,0,1
5313.320311890,0,0
5314.327913444,0,1
5314.330326462,0,0
5315.337927950,0,1
5315.340340966,0,0
5316.347942570,0,1
5316.350355586,0,0
5317.357957086,0,1
5317.360370102,0,0
5318.367971644,0,1
5318.370384660,0,0
5319.377986172,0,1
5319.380399188,0,0
5320.388000738,0,1
5320.389270488,1,1
5320.391901940,0,1
5320.391938252,0,0
5321.398015442,0,1
5321.400428458,0,0
5322.408029976,0,1
5322.410442992,0,0
5323.418044540,0,1
5323.420457556,0,0
5324.428059110,0,1
5324.430472128,0,0
5325.438073690,0,1
5325.440486706,0,0
5326.448088204,0,1
5326.450501470,0,0
5327.458102784,0,1
5327.460516050,0,0
5328.468117312,0,1
5328.470530578,0,0
5329.478131872,0,1
5329.480545140,0,0
5330.488146516,0,1
5330.489416110,1,1
5330.492047780,0,1
5330.492083780,0,0
5331.498161050,0,1
5331.500574066,0,0
5332.508175626,0,1
5332.510588642,0,0
5333.518190104,0,1
5333.520603120,0,0
5334.528204732,0,1
5334.530617748,0,0
5335.538219282,0,1
5335.540632298,0,0
5336.548233786,0,1
5336.550646804,0,0
5337.558248420,0,1
5337.560661686,0,0
5338.568262896,0,1
5338.570676164,0,0
5339.578277510,0,1
5339.580690778,0,0
5340.588292010,0,1
5340.589561694,1,1
5340.592193410,0,1
5340.592229276,0,0
5341.598306750,0,1
5341.600719766,0,0
5342.608321318,0,1
5342.610734336,0,0
5343.618335812,0,1
5343.620748828,0,0
5344.628350354,0,1
5344.630763370,0,0
5345.638364960,0,1
5345.640778226,0,0
5346.648379472,0,1
5346.650792738,0,0
5347.658394068,0,1
5347.660807334,0,0
5348.668408614,0,1
5348.670821880,0,0
5349.678423246,0,1
5349.680836262,0,0
5350.688437754,0,1
5350.689707342,1,1
5350.692338932,0,1
5350.692375020,0,0
5351.698452334,0,1
5351.700865350,0,0
5352.708466876,0,1
5352.710879894,0,0
5353.718481488,0,1
5353.720894504,0,0
5354.728496044,0,1
5354.730909060,0,0
5355.738510606,0,1
5355.740923872,0,0
5356.748525140,0,1
5356.750938408,0,0
5357.758539688,0,1
5357.760952954,0,0
5358.768554220,0,1
5358.770967486,0,0
5359.778568790,0,1
5359.779838328,1,1
5359.782469716,0,1
5359.782506056,0,0
5360.788583332,0,1
5360.790996348,0,0
5361.798597910,0,1
5361.801010926,0,0
5362.808612456,0,1
5362.811025472,0,0
5363.818627036,0,1
5363.821040052,0,0
5364.828641514,0,1
5364.831054780,0,0
5365.838656102,0,1
5365.841069368,0,0
5366.848670678,0,1
5366.851083944,0,0
5367.858685210,0,1
5367.861098476,0,0
5368.868699876,0,1
5368.871112894,0,0
5369.878714420,0,1
5369.879983982,1,1
5369.882615838,0,1
5369.882651684,0,0
5370.888728958,0,1
5370.891141974,0,0
5371.898743520,0,1
5371.901156536,0,0
5372.908758066,0,1
5372.911171082,0,0
5373.918772618,0,1
5373.921185634,0,0
5374.928787158,0,1
5374.931200174,0,0
5375.938801730,0,1
5375.941214996,0,0
5376.948816314,0,1
5376.951229580,0,0
5377.958830830,0,1
5377.961244096,0,0
5378.968845394,0,1
5378.971258660,0,0
5379.978859932,0,1
5379.980129526,1,1
5379.982761864,0,1
5379.982797198,0,0
5380.988874500,0,1
5380.991287518,0,0
5381.998889072,0,1
5382.001302090,0,0
5383.008903632,0,1
5383.011316648,0,0
5384.018918160,0,1
5384.021331178,0,0
5385.028932750,0,1
5385.031345766,0,0
5386.038947342,0,1
5386.041360358,0,0
5387.048961846,0,1
5387.051374862,0,0
5388.058976434,0,1
5388.061389450,0,0
5389.068990958,0,1
5389.071403974,0,0
5390.079005484,0,1
5390.080275154,1,1
5390.082906824,0,1
5390.082942750,0,0
5391.089020208,0,1
5391.091433226,0,0
5392.099034780,0,1
5392.101447796,0,0
5393.109049300,0,1
5393.111462318,0,0
5394.119063864,0,1
5394.121476880,0,0
5395.129078424,0,1
5395.131491692,0,0
5396.139093034,0,1
5396.141506300,0,0
5397.149107586,0,1
5397.151520852,0,0
5398.159122136,0,1
5398.161535152,0,0
5399.169136752,0,1
5399.171549770,0,0
5400.179151304,0,1
5400.180420814,1,1
5400.183052518,0,1
5400.183088570,0,0
5401.189165698,0,1
5401.191578716,0,0
5402.199180264,0,1
5402.201593280,0,0
5403.209194792,0,1
5403.211607808,0,0
5404.219209334,0,1
5404.221622350,0,0
5405.229223948,0,1
5405.231636964,0,0
5406.239238456,0,1
5406.241651472,0,0
5407.249253014,0,1
5407.251666280,0,0
5408.259267578,0,1
5408.261680844,0,0
5409.269282102,0,1
5409.271695368,0,0
5410.279296688,0,1
5410.280566378,1,1
5410.283198744,0,1
5410.283233954,0,0
5411.289311338,0,1
5411.291724356,0,0
5412.299325960,0,1
5412.301738978,0,0
5413.309340512,0,1
5413.311753528,0,0
5414.319355068,0,1
5414.321768084,0,0
5415.329369616,0,1
5415.331782634,0,0
5416.339384134,0,1
5416.341797400,0,0
5417.349398736,0,1
5417.351812002,0,0
5418.359413248,0,1
5418.361826516,0,0
5419.369427864,0,1
5419.371841132,0,0
5420.379442380,0,1
5420.380711974,1,1
5420.383343800,0,1
5420.383379646,0,0
5421.389456982,0,1
5421.391869998,0,0
5422.399471496,0,1
5422.401884512,0,0
5423.409486120,0,1
5423.411899138,0,0
5424.419500664,0,1
5424.421913680,0,0
5425.429515164,0,1
5425.431928180,0,0
5426.439529754,0,1
5426.441942770,0,0
5427.449544334,0,1
5427.451957350,0,0
5428.459558838,0,1
5428.461972104,0,0
5429.469573382,0,1
5429.471986648,0,0
5430.479587944,0,1
5430.480857602,1,1
5430.483489320,0,1
5430.483525210,0,0
5431.489602524,0,1
5431.492015540,0,0
5432.499617070,0,1
5432.502030086,0,0
5433.509631620,0,1
5433.512044636,0,0
5434.519646160,0,1
5434.522059176,0,0
5435.529660776,0,1
5435.532073794,0,0
5436.539675302,0,1
5436.542088318,0,0
5437.549689860,0,1
5437.552102876,0,0
5438.559704432,0,1
5438.562117448,0,0
5439.569718978,0,1
5439.572131994,0,0
5440.579733552,0,1
5440.581003222,1,1
5440.583634778,0,1
5440.583670818,0,0
5441.589748230,0,1
5441.592161246,0,0
5442.599762786,0,1
5442.602175800,0,0
5443.609777278,0,1
5443.612190294,0,0
5444.619791900,0,1
5444.622204916,0,0
5445.629806382,0,1
5445.632219398,0,0
5446.639821022,0,1
5446.642234040,0,0
5447.649835538,0,1
5447.652248804,0,0
5448.659850092,0,1
5448.662263360,0,0
5449.669864686,0,1
5449.672277952,0,0
5450.679879220,0,1
5450.681148868,1,1
5450.683780326,0,1
5450.683816486,0,0
5451.689893768,0,1
5451.692306784,0,0
5452.699908306,0,1
5452.702321322,0,0
5453.709922852,0,1
5453.712336118,0,0
5454.719937474,0,1
5454.722350490,0,0
5455.729952044,0,1
5455.732365062,0,0
5456.739966578,0,1
5456.742379594,0,0
5457.749981152,0,1
5457.752394168,0,0
5458.759995714,0,1
5458.762408730,0,0
5459.770010222,0,1
5459.771279932,1,1
5459.773911726,0,1
5459.773947738,0,0
5460.780024942,0,1
5460.782437960,0,0
5461.790039512,0,1
5461.792452530,0,0
5462.800054038,0,1
5462.802467054,0,0
5463.810068592,0,1
5463.812481610,0,0
5464.820083188,0,1
5464.822496204,0,0
5465.830097724,0,1
5465.832510992,0,0
5466.840112254,0,1
5466.842525520,0,0
5467.850126864,0,1
5467.852540130,0,0
5468.860141440,0,1
5468.862554708,0,0
5469.870156022,0,1
5469.871425636,1,1
5469.874057284,0,1
5469.874093286,0,0
5470.880170578,0,1
5470.882583594,0,0
5471.890185128,0,1
5471.892598144,0,0
5472.900199688,0,1
5472.902612704,0,0
5473.910214244,0,1
5473.912627260,0,0
5474.920228858,0,1
5474.922641874,0,0
5475.930243352,0,1
5475.932656368,0,0
5476.940257956,0,1
5476.942671224,0,0
5477.950272492,0,1
5477.952685760,0,0
5478.960287074,0,1
5478.962700340,0,0
5479.970301588,0,1
5479.971571318,1,1
5479.974203200,0,1
5479.974239102,0,0
5480.980316248,0,1
5480.982729264,0,0
5481.990330832,0,1
5481.992743850,0,0
5483.000345384,0,1
5483.002758400,0,0
5484.010359988,0,1
5484.012773004,0,0
5485.020374540,0,1
5485.022787806,0,0
5486.030389080,0,1
5486.032802346,0,0
5487.040403620,0,1
5487.042816888,0,0
5488.050418206,0,1
5488.052831472,0,0
5489.060432852,0,1
5489.062845868,0,0
5490.070447398,0,1
5490.071716952,1,1
5490.074348258,0,1
5490.074384662,0,0
5491.080461944,0,1
5491.082874960,0,0
5492.090476476,0,1
5492.092889492,0,0
5493.100491070,0,1
5493.102904088,0,0
5494.110505652,0,1
5494.112918668,0,0
5495.120520150,0,1
5495.122933416,0,0
5496.130534712,0,1
5496.132947978,0,0
5497.140549320,0,1
5497.142962586,0,0
5498.150563834,0,1
5498.152977100,0,0
5499.160578378,0,1
5499.162991644,0,0
5500.170593020,0,1
5500.171862612,1,1
5500.174494344,0,1
5500.174530284,0,0
5501.180607570,0,1
5501.183020586,0,0
5502.190622172,0,1
5502.193035188,0,0
5503.200636700,0,1
5503.203049716,0,0
5504.210651306,0,1
5504.213064324,0,0
5505.220665792,0,1
5505.223079060,0,0
5506.230680368,0,1
5506.233093634,0,0
5507.240694928,0,1
5507.243108196,0,0
5508.250709480,0,1
5508.253122746,0,0
5509.260724100,0,1
5509.263137118,0,0
5510.270738654,0,1
5510.272008226,1,1
5510.274640078,0,1
5510.274675920,0,0
5511.280753238,0,1
5511.283166254,0,0
5512.290767768,0,1
5512.293180784,0,0
5513.300782356,0,1
5513.303195372,0,0
5514.310796926,0,1
5514.313210192,0,0
5515.320811428,0,1
5515.323224694,0,0
5516.330826030,0,1
5516.333239298,0,0
5517.340840608,0,1
5517.343253874,0,0
5518.350855232,0,1
5518.353268248,0,0
5519.360869732,0,1
5519.363282748,0,0
5520.370884256,0,1
5520.372153880,1,1
5520.374786140,0,1
5520.374821522,0,0
5521.380898874,0,1
5521.383311892,0,0
5522.390913350,0,1
5522.393326616,0,0
5523.400927972,0,1
5523.403340988,0,0
5524.410942560,0,1
5524.413355578,0,0
5525.420957124,0,1
5525.423370140,0,0
5526.430971690,0,1
5526.433384706,0,0
5527.440986238,0,1
5527.443399506,0,0
5528.451000800,0,1
5528.453414066,0,0
5529.461015360,0,1
5529.463428628,0,0
5530.471029946,0,1
5530.472299502,1,1
5530.474931156,0,1
5530.474966962,0,0
5531.481044490,0,1
5531.483457506,0,0
5532.491059016,0,1
5532.493472032,0,0
5533.501073608,0,1
5533.503486624,0,0
5534.511088158,0,1
5534.513501174,0,0
5535.521102742,0,1
5535.523516008,0,0
5536.531117260,0,1
5536.533530526,0,0
5537.541131812,0,1
5537.543545080,0,0
5538.551146446,0,1
5538.553559462,0,0
5539.561161000,0,1
5539.563574016,0,0
5540.571175516,0,1
5540.572445198,1,1
5540.575077030,0,1
5540.575112780,0,0
5541.581190242,0,1
5541.583603258,0,0
5542.591204804,0,1
5542.593617820,0,0
5543.601219350,0,1
5543.603632366,0,0
5544.611233914,0,1
5544.613647180,0,0
5545.621248496,0,1
5545.623661762,0,0
5546.631262980,0,1
5546.633676246,0,0
5547.641277616,0,1
5547.643690884,0,0
5548.651292248,0,1
5548.653705264,0,0
5549.661306752,0,1
5549.663719770,0,0
5550.671321334,0,1
5550.672590804,1,1
5550.675222168,0,1
5550.675258350,0,0
5551.681335756,0,1
5551.683748770,0,0
5552.691350310,0,1
5552.693763326,0,0
5553.701364906,0,1
5553.703777922,0,0
5554.711379424,0,1
5554.713792440,0,0
5555.721393982,0,1
5555.723807248,0,0
5556.731408558,0,1
5556.733821826,0,0
5557.741423096,0,1
5557.743836362,0,0
5558.751437650,0,1
5558.753850916,0,0
5559.761452248,0,1
5559.762721846,1,1
5559.765353702,0,1
5559.765389514,0,0
5560.771466762,0,1
5560.773879780,0,0
5561.781481348,0,1
5561.783894364,0,0
5562.791495938,0,1
5562.793908954,0,0
5563.801510458,0,1
5563.803923476,0,0
5564.811525062,0,1
5564.813938078,0,0
5565.821539620,0,1
5565.823952636,0,0
5566.831554152,0,1
5566.833967418,0,0
5567.841568682,0,1
5567.843981950,0,0
5568.851583256,0,1
5568.853996524,0,0
5569.861597826,0,1
5569.862867506,1,1
5569.865499102,0,1
5569.865535090,0,0
5570.871612472,0,1
5570.874025490,0,0
5571.881627056,0,1
5571.884040072,0,0
5572.891641630,0,1
5572.894054646,0,0
5573.901656160,0,1
5573.904069176,0,0
5574.911670708,0,1
5574.914083724,0,0
5575.921685322,0,1
5575.924098586,0,0
5576.931699862,0,1
5576.934113128,0,0
5577.941714420,0,1
5577.944127686,0,0
5578.951728918,0,1
5578.954142184,0,0
5579.961743548,0,1
5579.963013090,1,1
5579.965644702,0,1
5579.965680564,0,0
5580.971758068,0,1
5580.974171084,0,0
5581.981772614,0,1
5581.984185630,0,0
5582.991787218,0,1
5582.994200234,0,0
5584.001801728,0,1
5584.004214746,0,0
5585.011816322,0,1
5585.014229338,0,0
5586.021830844,0,1
5586.024243860,0,0
5587.031845470,0,1
5587.034258736,0,0
5588.041860038,0,1
5588.044273306,0,0
5589.051874546,0,1
5589.054287814,0,0
5590.061889130,0,1
5590.063158736,1,1
5590.065790398,0,1
5590.065790724,1,1
5590.065790730,0,1
5590.065826396,0,0
5591.071903684,0,1
5591.074316700,0,0
5592.081918194,0,1
5592.084331462,0,0
5593.091932730,0,1
5593.094345996,0,0
5594.101947350,0,1
5594.104360368,0,0
5595.111961912,0,1
5595.114374928,0,0
5596.121976452,0,1
5596.124389470,0,0
5597.131991020,0,1
5597.134404036,0,0
5598.142005586,0,1
5598.144418602,0,0
5599.152020110,0,1
5599.154433126,0,0
5600.162034666,0,1
5600.163304370,1,1
5600.165936212,0,1
5600.165972182,0,0
5601.172049358,0,1
5601.174462374,0,0
5602.182063944,0,1
5602.184476960,0,0
5603.192078482,0,1
5603.194491500,0,0
5604.202093058,0,1
5604.204506074,0,0
5605.212107648,0,1
5605.214520664,0,0
5606.222122152,0,1
5606.224535168,0,0
5607.232136704,0,1
5607.234549970,0,0
5608.242151304,0,1
5608.244564570,0,0
5609.252165880,0,1
5609.254579146,0,0
5610.262180398,0,1
5610.263450028,1,1
5610.266081834,0,1
5610.266117664,0,0
5611.272194976,0,1
5611.274607994,0,0
5612.282209502,0,1
5612.284622518,0,0
5613.292224116,0,1
5613.294637132,0,0
5614.302238646,0,1
5614.304651664,0,0
5615.312253200,0,1
5615.314666218,0,0
5616.322267782,0,1
5616.324680798,0,0
5617.332282298,0,1
5617.334695564,0,0
5618.342296830,0,1
5618.344710096,0,0
5619.352311424,0,1
5619.354724690,0,0
5620.362325976,0,1
5620.363595682,1,1
5620.366227592,0,1
5620.366263492,0,0
5621.372340662,0,1
5621.374753678,0,0
5622.382355218,0,1
5622.384768234,0,0
5623.392369814,0,1
5623.394782830,0,0
5624.402384330,0,1
5624.404797346,0,0
5625.412398884,0,1
5625.414811900,0,0
5626.422413450,0,1
5626.424826466,0,0
5627.432428000,0,1
5627.434841016,0,0
5628.442442598,0,1
5628.444855864,0,0
5629.452457110,0,1
5629.454870378,0,0
5630.462471692,0,1
5630.463741248,1,1
5630.466372992,0,1
5630.466408708,0,0
5631.472486230,0,1
5631.474899246,0,0
5632.482500802,0,1
5632.484913818,0,0
5633.492515338,0,1
5633.494928356,0,0
5634.502529864,0,1
5634.504942880,0,0
5635.512544482,0,1
5635.514957498,0,0
5636.522559012,0,1
5636.524972028,0,0
5637.532573586,0,1
5637.534986852,0,0
5638.542588080,0,1
5638.545001346,0,0
5639.552602710,0,1
5639.555015976,0,0
5640.562617230,0,1
5640.563886910,1,1
5640.566518582,0,1
5640.566554496,0,0
5641.572631886,0,1
5641.575044904,0,0
5642.582646494,0,1
5642.585059512,0,0
5643.592661060,0,1
5643.595074076,0,0
5644.602675564,0,1
5644.605088580,0,0
5645.612690108,0,1
5645.615103374,0,0
5646.622704686,0,1
5646.625117954,0,0
5647.632719248,0,1
5647.635132514,0,0
5648.642733804,0,1
5648.645147070,0,0
5649.652748378,0,1
5649.655161646,0,0
5650.662763006,0,1
5650.664032548,1,1
5650.666664246,0,1
5650.666700022,0,0
5651.672777526,0,1
5651.675190544,0,0
5652.682792042,0,1
5652.685205058,0,0
5653.692806630,0,1
5653.695219646,0,0
5654.702821190,0,1
5654.705234208,0,0
5655.712835740,0,1
5655.715248758,0,0
5656.722850298,0,1
5656.725263566,0,0
5657.732864824,0,1
5657.735278090,0,0
5658.742879384,0,1
5658.745292652,0,0
5659.752893952,0,1
5659.754163650,1,1
5659.756795836,0,1
5659.756831468,0,0
5660.762908658,0,1
5660.765321674,0,0
5661.772923258,0,1
5661.775336274,0,0
5662.782937768,0,1
5662.785350784,0,0
5663.792952318,0,1
5663.795365334,0,0
5664.802966900,0,1
5664.805379918,0,0
5665.812981446,0,1
5665.815394462,0,0
5666.822995998,0,1
5666.825409264,0,0
5667.833010588,0,1
5667.835423856,0,0
5668.843025106,0,1
5668.845438372,0,0
5669.853039686,0,1
5669.854309242,1,1
5669.856940970,0,1
5669.856976952,0,0
5670.863054208,0,1
5670.865467226,0,0
5671.873068780,0,1
5671.875481796,0,0
5672.883083336,0,1
5672.885496354,0,0
5673.893097864,0,1
5673.895510882,0,0
5674.903112422,0,1
5674.905525688,0,0
5675.913127028,0,1
5675.915540296,0,0
5676.923141534,0,1
5676.925554800,0,0
5677.933156162,0,1
5677.935569178,0,0
5678.943170720,0,1
5678.945583736,0,0
5679.953185316,0,1
5679.954454766,1,1
5679.957086956,0,1
5679.957122580,0,0
5680.963199718,0,1
5680.965612736,0,0
5681.973214330,0,1
5681.975627348,0,0
5682.983228840,0,1
5682.985641858,0,0
5683.993243408,0,1
5683.995656426,0,0
5685.003257996,0,1
5685.005671012,0,0
5686.013272496,0,1
5686.015685512,0,0
5687.023287080,0,1
5687.025700348,0,0
5688.033301676,0,1
5688.035714942,0,0
5689.043316182,0,1
5689.045729448,0,0
5690.053330770,0,1
5690.054600478,1,1
5690.057232624,0,1
5690.057268286,0,0
5691.063345424,0,1
5691.065758440,0,0
5692.073359984,0,1
5692.075773000,0,0
5693.083374560,0,1
5693.085787576,0,0
5694.093389056,0,1
5694.095802072,0,0
5695.103403674,0,1
5695.105816940,0,0
5696.113418240,0,1
5696.115831506,0,0
5697.123432800,0,1
5697.125846066,0,0
5698.133447342,0,1
5698.135860608,0,0
5699.143461894,0,1
5699.145875160,0,0
5700.153476522,0,1
5700.154746018,1,1
5700.157377752,0,1
5700.157413788,0,0
5701.163490936,0,1
5701.165903952,0,0
5702.173505500,0,1
5702.175918516,0,0
5703.183520084,0,1
5703.185933100,0,0
5704.193534624,0,1
5704.195947642,0,0
5705.203549158,0,1
5705.205962174,0,0
5706.213563708,0,1
5706.215976724,0,0
5707.223578260,0,1
5707.225991276,0,0
5708.233592864,0,1
5708.236006130,0,0
5709.243607422,0,1
5709.246020688,0,0
5710.253621926,0,1
5710.254891686,1,1
5710.257523386,0,1
5710.257559442,0,0
5711.263636648,0,1
5711.266049664,0,0
5712.273651218,0,1
5712.276064234,0,0
5713.283665754,0,1
5713.286078770,0,0
5714.293680340,0,1
5714.296093356,0,0
5715.303694878,0,1
5715.306107894,0,0
5716.313709406,0,1
5716.316122672,0,0
5717.323723992,0,1
5717.326137258,0,0
5718.333738544,0,1
5718.336151810,0,0
5719.343753124,0,1
5719.346166392,0,0
5720.353767612,0,1
5720.355037314,1,1
5720.357668828,0,1
5720.357705126,0,0
5721.363782322,0,1
5721.366195338,0,0
5722.373796906,0,1
5722.376209922,0,0
5723.383811434,0,1
5723.386224450,0,0
5724.393825976,0,1
5724.396238994,0,0
5725.403840566,0,1
5725.406253584,0,0
5726.413855108,0,1
5726.416268374,0,0
5727.423869704,0,1
5727.426282972,0,0
5728.433884218,0,1
5728.436297484,0,0
5729.443898792,0,1
5729.446312058,0,0
5730.453913316,0,1
5730.455182872,1,1
5730.457814650,0,1
5730.457850582,0,0
5731.463927914,0,1
5731.466341180,0,0
5732.473942402,0,1
5732.476355668,0,0
5733.483957084,0,1
5733.486370100,0,0
5734.493971642,0,1
5734.496384658,0,0
5735.503986148,0,1
5735.506399164,0,0
5736.514000664,0,1
5736.516413680,0,0
5737.524015310,0,1
5737.526428326,0,0
5738.534029844,0,1
5738.536442860,0,0
5739.544044400,0,1
5739.546457416,0,0
5740.554058930,0,1
5740.555328546,1,1
5740.557960778,0,1
5740.557996196,0,0
5741.564073534,0,1
5741.566486550,0,0
5742.574088044,0,1
5742.576501060,0,0
5743.584102620,0,1
5743.586515636,0,0
5744.594117230,0,1
5744.596530246,0,0
5745.604131746,0,1
5745.606544762,0,0
5746.614146296,0,1
5746.616559312,0,0
5747.624160850,0,1
5747.626573866,0,0
5748.634175418,0,1
5748.636588436,0,0
5749.644189976,0,1
5749.646603242,0,0
5750.654204540,0,1
5750.655474168,1,1
5750.658105684,0,1
5750.658141806,0,0
5751.664219066,0,1
5751.666632082,0,0
5752.674233666,0,1
5752.676646682,0,0
5753.684248230,0,1
5753.686661246,0,0
5754.694262768,0,1
5754.696675784,0,0
5755.704277348,0,1
5755.706690364,0,0
5756.714291902,0,1
5756.716704918,0,0
5757.724306430,0,1
5757.726719446,0,0
5758.734320966,0,1
5758.736733982,0,0
5759.744335554,0,1
5759.745605270,1,1
5759.748236776,0,1
5759.748273068,0,0
5760.754350224,0,1
5760.756763240,0,0
5761.764364782,0,1
5761.766777798,0,0
5762.774379394,0,1
5762.776792410,0,0
5763.784393922,0,1
5763.786806938,0,0
5764.794408474,0,1
5764.796821492,0,0
5765.804423010,0,1
5765.806836276,0,0
5766.814437576,0,1
5766.816850842,0,0
5767.824452150,0,1
5767.826865416,0,0
5768.834466670,0,1
5768.836879938,0,0
5769.844481254,0,1
5769.845750878,1,1
5769.848382888,0,1
5769.848418518,0,0
5770.854495856,0,1
5770.856908874,0,0
5771.864510358,0,1
5771.866923374,0,0
5772.874524938,0,1
5772.876937954,0,0
5773.884539424,0,1
5773.886952440,0,0
5774.894554026,0,1
5774.896967042,0,0
5775.904568582,0,1
5775.906981598,0,0
5776.914583158,0,1
5776.916996174,0,0
5777.924597738,0,1
5777.927011004,0,0
5778.934612266,0,1
5778.937025532,0,0
5779.944626808,0,1
5779.945896556,1,1
5779.948528570,0,1
5779.948564324,0,0
5780.954641496,0,1
5780.957054512,0,0
5781.964656082,0,1
5781.967069098,0,0
5782.974670612,0,1
5782.977083628,0,0
5783.984685194,0,1
5783.987098210,0,0
5784.994699734,0,1
5784.997113000,0,0
5786.004714298,0,1
5786.007127564,0,0
5787.014728850,0,1
5787.017142116,0,0
5788.024743422,0,1
5788.027156688,0,0
5789.034757968,0,1
5789.037171234,0,0
5790.044772632,0,1
5790.046042090,1,1
5790.048674040,0,1
5790.048709896,0,0
5791.054787032,0,1
5791.057200050,0,0
5792.064801566,0,1
5792.067214582,0,0
5793.074816168,0,1
5793.077229184,0,0
5794.084830672,0,1
5794.087243688,0,0
5795.094845286,0,1
5795.097258300,0,0
5796.104859798,0,1
5796.107272814,0,0
5797.114874392,0,1
5797.117287408,0,0
5798.124888896,0,1
5798.127302162,0,0
5799.134903464,0,1
5799.137316732,0,0
5800.144918028,0,1
5800.146187750,1,1
5800.148819954,0,1
5800.148855542,0,0
5801.154932700,0,1
5801.157345966,0,0
5802.164947222,0,1
5802.167360490,0,0
5803.174961790,0,1
5803.177375056,0,0
5804.184976364,0,1
5804.187389382,0,0
5805.194990950,0,1
5805.197403966,0,0
5806.205005468,0,1
5806.207418484,0,0
5807.215020080,0,1
5807.217433096,0,0
5808.225034612,0,1
5808.227447628,0,0
5809.235049172,0,1
5809.237462190,0,0
5810.245063764,0,1
5810.246333426,1,1
5810.248965068,0,1
5810.249001030,0,0
5811.255078342,0,1
5811.257491358,0,0
5812.265092898,0,1
5812.267505914,0,0
5813.275107448,0,1
5813.277520464,0,0
5814.285121978,0,1
5814.287534994,0,0
5815.295136564,0,1
5815.297549580,0,0
5816.305151162,0,1
5816.307564180,0,0
5817.315165640,0,1
5817.317578906,0,0
5818.325180220,0,1
5818.327593486,0,0
5819.335194782,0,1
5819.337608048,0,0
5820.345209310,0,1
5820.346478978,1,1
5820.349110432,0,1
5820.349146576,0,0
5821.355223996,0,1
5821.357637012,0,0
5822.365238564,0,1
5822.367651582,0,0
5823.375253108,0,1
5823.377666126,0,0
5824.385267622,0,1
5824.387680638,0,0
5825.395282246,0,1
5825.397695262,0,0
5826.405296800,0,1
5826.407710066,0,0
5827.415311318,0,1
5827.417724586,0,0
5828.425325888,0,1
5828.427739154,0,0
5829.435340418,0,1
5829.437753684,0,0
5830.445354964,0,1
5830.446624648,1,1
5830.449256346,0,1
5830.449292230,0,0
5831.455369664,0,1
5831.457782680,0,0
5832.465384232,0,1
5832.467797248,0,0
5833.475398786,0,1
5833.477811802,0,0
5834.485413304,0,1
5834.487826320,0,0
5835.495427916,0,1
5835.497841182,0,0
5836.505442474,0,1
5836.507855740,0,0
5837.515457002,0,1
5837.517870268,0,0
5838.525471604,0,1
5838.527884870,0,0
5839.535486210,0,1
5839.537899226,0,0
5840.545500762,0,1
5840.546770274,1,1
5840.549401720,0,1
5840.549438028,0,0
5841.555515168,0,1
5841.557928184,0,0
5842.565529698,0,1
5842.567942714,0,0
5843.575544248,0,1
5843.577957264,0,0
5844.585558848,0,1
5844.587971864,0,0
5845.595573428,0,1
5845.597986444,0,0
5846.605587948,0,1
5846.608000966,0,0
5847.615602522,0,1
5847.618015790,0,0
5848.625617100,0,1
5848.628030366,0,0
5849.635631610,0,1
5849.638044876,0,0
5850.645646152,0,1
5850.646915914,1,1
5850.649547814,0,1
5850.649583668,0,0
5851.655660884,0,1
5851.658073900,0,0
5852.665675442,0,1
5852.668088460,0,0
5853.675689960,0,1
5853.678102976,0,0
5854.685704536,0,1
5854.688117552,0,0
5855.695719124,0,1
5855.698132390,0,0
5856.705733620,0,1
5856.708146886,0,0
5857.715748176,0,1
5857.718161442,0,0
5858.725762744,0,1
5858.728176010,0,0
5859.735777348,0,1
5859.737047038,1,1
5859.739678364,0,1
5859.739714614,0,0
5860.745792000,0,1
5860.748205016,0,0
5861.755806522,0,1
5861.758219538,0,0
5862.765821110,0,1
5862.768234128,0,0
5863.775835676,0,1
5863.778248692,0,0
5864.785850250,0,1
5864.788263516,0,0
5865.795864786,0,1
5865.798278054,0,0
5866.805879362,0,1
5866.808292628,0,0
5867.815893888,0,1
5867.818307154,0,0
5868.825908470,0,1
5868.828321736,0,0
5869.835923050,0,1
5869.837192638,1,1
5869.839824638,0,1
5869.839860314,0,0
5870.845937594,0,1
5870.848350610,0,0
5871.855952122,0,1
5871.858365138,0,0
5872.865966724,0,1
5872.868379740,0,0
5873.875981230,0,1
5873.878394246,0,0
5874.885995760,0,1
5874.888409026,0,0
5875.896010360,0,1
5875.898423626,0,0
5876.906024930,0,1
5876.908438196,0,0
5877.916039538,0,1
5877.918452554,0,0
5878.926054088,0,1
5878.928467104,0,0
5879.936068688,0,1
5879.937338290,1,1
5879.939969982,0,1
5879.940005954,0,0
5880.946083210,0,1
5880.948496226,0,0
5881.956097796,0,1
5881.958510812,0,0
5882.966112326,0,1
5882.968525342,0,0
5883.976126912,0,1
5883.978539928,0,0
5884.986141480,0,1
5884.988554746,0,0
5885.996155998,0,1
5885.998569266,0,0
5887.006170562,0,1
5887.008583830,0,0
5888.016185144,0,1
5888.018598412,0,0
5889.026199764,0,1
5889.028612782,0,0
5890.036214320,0,1
5890.037483864,1,1
5890.040115720,0,1
5890.040151334,0,0
5891.046228730,0,1
5891.048641746,0,0
5892.056243296,0,1
5892.058656312,0,0
5893.066257854,0,1
5893.068670872,0,0
5894.076272422,0,1
5894.078685438,0,0
5895.086286930,0,1
5895.088699948,0,0
5896.096301530,0,1
5896.098714796,0,0
5897.106316084,0,1
5897.108729350,0,0
5898.116330648,0,1
5898.118743914,0,0
5899.126345174,0,1
5899.128758440,0,0
5900.136359696,0,1
5900.137629530,1,1
5900.140261084,0,1
5900.140297210,0,0
5901.146374528,0,1
5901.148787544,0,0
5902.156389082,0,1
5902.158802100,0,0
5903.166403642,0,1
5903.168816658,0,0
5904.176418220,0,1
5904.178831236,0,0
5905.186432740,0,1
5905.188846008,0,0
5906.196447342,0,1
5906.198860610,0,0
5907.206461890,0,1
5907.208875158,0,0
5908.216476476,0,1
5908.218889742,0,0
5909.226491098,0,1
5909.228904114,0,0
5910.236505596,0,1
5910.237775104,1,1
5910.240406920,0,1
5910.240442860,0,0
5911.246520034,0,1
5911.248933050,0,0
5912.256534598,0,1
5912.258947614,0,0
5913.266549132,0,1
5913.268962148,0,0
5914.276563716,0,1
5914.278976732,0,0
5915.286578258,0,1
5915.288991276,0,0
5916.296592878,0,1
5916.299005894,0,0
5917.306607414,0,1
5917.309020680,0,0
5918.316621946,0,1
5918.319035212,0,0
5919.326636482,0,1
5919.329049748,0,0
5920.336651042,0,1
5920.337920698,1,1
5920.340552140,0,1
5920.340588308,0,0
5921.346665632,0,1
5921.349078646,0,0
5922.356680168,0,1
5922.359093186,0,0
5923.366694732,0,1
5923.369107748,0,0
5924.376709280,0,1
5924.379122298,0,0
5925.386723866,0,1
5925.389136884,0,0
5926.396738410,0,1
5926.399151676,0,0
5927.406752952,0,1
5927.409166218,0,0
5928.416767532,0,1
5928.419180800,0,0
5929.426782074,0,1
5929.429195340,0,0
5930.436796674,0,1
5930.438066368,1,1
5930.440698100,0,1
5930.440733940,0,0
5931.446811360,0,1
5931.449224376,0,0
5932.456825936,0,1
5932.459238952,0,0
5933.466840434,0,1
5933.469253450,0,0
5934.476855038,0,1
5934.479268054,0,0
5935.486869560,0,1
5935.489282578,0,0
5936.496884092,0,1
5936.499297358,0,0
5937.506898672,0,1
5937.509311938,0,0
5938.516913234,0,1
5938.519326500,0,0
5939.526927806,0,1
5939.529341072,0,0
5940.536942396,0,1
5940.538211920,1,1
5940.540844124,0,1
5940.540879410,0,0
5941.546956770,0,1
5941.549369786,0,0
5942.556971342,0,1
5942.559384358,0,0
5943.566985878,0,1
5943.569398894,0,0
5944.577000458,0,1
5944.579413474,0,0
5945.587015056,0,1
5945.589428072,0,0
5946.597029522,0,1
5946.599442538,0,0
5947.607044146,0,1
5947.609457162,0,0
5948.617058646,0,1
5948.619471662,0,0
5949.627073238,0,1
5949.629486254,0,0
5950.637087826,0,1
5950.638357590,1,1
5950.640989274,0,1
5950.641025342,0,0
5951.647102478,0,1
5951.649515494,0,0
5952.657117024,0,1
5952.659530040,0,0
5953.667131584,0,1
5953.669544600,0,0
5954.677146140,0,1
5954.679559158,0,0
5955.687160692,0,1
5955.689573710,0,0
5956.697175260,0,1
5956.699588276,0,0
5957.707189820,0,1
5957.709602836,0,0
5958.717204346,0,1
5958.719617614,0,0
5959.727218914,0,1
5959.728488610,1,1
5959.731120752,0,1
5959.731156430,0,0
5960.737233600,0,1
5960.739646616,0,0
5961.747248184,0,1
5961.749661200,0,0
5962.757262728,0,1
5962.759675744,0,0
5963.767277254,0,1
5963.769690272,0,0
5964.777291872,0,1
5964.779704888,0,0
5965.787306412,0,1
5965.789719428,0,0
5966.797320936,0,1
5966.799734202,0,0
5967.807335504,0,1
5967.809748772,0,0
5968.817350072,0,1
5968.819763338,0,0
5969.827364596,0,1
5969.828634264,1,1
5969.831265838,0,1
5969.831301862,0,0
5970.837379338,0,1
5970.839792354,0,0
5971.847393828,0,1
5971.849806846,0,0
5972.857408382,0,1
5972.859821400,0,0
5973.867422968,0,1
5973.869835984,0,0
5974.877437542,0,1
5974.879850808,0,0
5975.887452062,0,1
5975.889865328,0,0
5976.897466620,0,1
5976.899879888,0,0
5977.907481232,0,1
5977.909894498,0,0
5978.917495834,0,1
5978.919908852,0,0
5979.927510366,0,1
5979.928779884,1,1
5979.931412028,0,1
5979.931447382,0,0
5980.937524802,0,1
5980.939937820,0,0
5981.947539364,0,1
5981.949952380,0,0
5982.957553924,0,1
5982.959966940,0,0
5983.967568514,0,1
5983.969981532,0,0
5984.977583014,0,1
5984.979996030,0,0
5985.987597602,0,1
5985.990010618,0,0
5986.997612156,0,1
5987.000025172,0,0
5988.007626686,0,1
5988.010039702,0,0
5989.017641242,0,1
5989.020054260,0,0
5990.027655784,0,1
5990.028925436,1,1
5990.031557272,0,1
5990.031593048,0,0
5991.037670330,0,1
5991.040083346,0,0
5992.047684900,0,1
5992.050097916,0,0
5993.057699492,0,1
5993.060112508,0,0
5994.067714060,0,1
5994.070127076,0,0
5995.077728612,0,1
5995.080141628,0,0
5996.087743112,0,1
5996.090156128,0,0
5997.097757720,0,1
5997.100170736,0,0
5998.107772274,0,1
5998.110185540,0,0
5999.117786804,0,1
5999.120200070,0,0
6000.127801402,0,1
6000.129071084,1,1
6000.131702788,0,1
6000.131738666,0,0
6001.137816066,0,1
6001.140229084,0,0
6002.147830628,0,1
6002.150243644,0,0
6003.157845150,0,1
6003.160258166,0,0
6004.167859704,0,1
6004.170272722,0,0
6005.177874286,0,1
6005.180287302,0,0
6006.187888838,0,1
6006.190302106,0,0
6007.197903374,0,1
6007.200316640,0,0
6008.207917954,0,1
6008.210331220,0,0
6009.217932544,0,1
6009.220345812,0,0
6010.227947096,0,1
6010.229216732,1,1
6010.231848630,0,1
6010.231884362,0,0
6011.237961648,0,1
6011.240374664,0,0
6012.247976192,0,1
6012.250389208,0,0
6013.257990788,0,1
6013.260403804,0,0
6014.268005328,0,1
6014.270418346,0,0
6015.278019856,0,1
6015.280432872,0,0
6016.288034392,0,1
6016.290447408,0,0
6017.298048990,0,1
6017.300462006,0,0
6018.308063534,0,1
6018.310476800,0,0
6019.318078092,0,1
6019.320491358,0,0
6020.328092614,0,1
6020.329362386,1,1
6020.331994092,0,1
6020.332029880,0,0
6021.338107348,0,1
6021.340520364,0,0
6022.348121892,0,1
6022.350534908,0,0
6023.358136428,0,1
6023.360549444,0,0
6024.368150954,0,1
6024.370563970,0,0
6025.378165542,0,1
6025.380578808,0,0
6026.388180104,0,1
6026.390593370,0,0
6027.398194648,0,1
6027.400607914,0,0
6028.408209238,0,1
6028.410622506,0,0
6029.418223808,0,1
6029.420636824,0,0
6030.428238402,0,1
6030.429507988,1,1
6030.432139654,0,1
6030.432175668,0,0
6031.438252956,0,1
6031.440665974,0,0
6032.448267486,0,1
6032.450680504,0,0
6033.458282078,0,1
6033.460695096,0,0
6034.468296616,0,1
6034.470709632,0,0
6035.478311160,0,1
6035.480724426,0,0
6036.488325750,0,1
6036.490739018,0,0
6037.498340286,0,1
6037.500753552,0,0
6038.508354854,0,1
6038.510768122,0,0
6039.518369408,0,1
6039.520782674,0,0
6040.528384002,0,1
6040.529653566,1,1
6040.532285002,0,1
6040.532321266,0,0
6041.538398614,0,1
6041.540811630,0,0
6042.548413116,0,1
6042.550826132,0,0
6043.558427704,0,1
6043.560840720,0,0
6044.568442300,0,1
6044.570855316,0,0
6045.578456822,0,1
6045.580869838,0,0
6046.588471352,0,1
6046.590884618,0,0
6047.598485924,0,1
6047.600899192,0,0
6048.608500482,0,1
6048.610913750,0,0
6049.618514980,0,1
6049.620928248,0,0
6050.628529570,0,1
6050.629799216,1,1
6050.632430866,0,1
6050.632466834,0,0
6051.638544100,0,1
6051.640957116,0,0
6052.648558722,0,1
6052.650971740,0,0
6053.658573260,0,1
6053.660986276,0,0
6054.668587820,0,1
6054.671000838,0,0
6055.678602386,0,1
6055.681015404,0,0
6056.688616922,0,1
6056.691029938,0,0
6057.698631468,0,1
6057.701044484,0,0
6058.708646074,0,1
6058.711059340,0,0
6059.718660600,0,1
6059.719930244,1,1
6059.722562398,0,1
6059.722597866,0,0
6060.728675158,0,1
6060.731088174,0,0
6061.738689694,0,1
6061.741102710,0,0
6062.748704278,0,1
6062.751117294,0,0
6063.758718820,0,1
6063.761131838,0,0
6064.768733424,0,1
6064.771146440,0,0
6065.778747922,0,1
6065.781160938,0,0
6066.788762512,0,1
6066.791175778,0,0
6067.798777014,0,1
6067.801190280,0,0
6068.808791614,0,1
6068.811204880,0,0
6069.818806174,0,1
6069.820075938,1,1
6069.822707626,0,1
6069.822743438,0,0
6070.828820854,0,1
6070.831233870,0,0
6071.838835386,0,1
6071.841248402,0,0
6072.848849938,0,1
6072.851262954,0,0
6073.858864538,0,1
6073.861277554,0,0
6074.868879084,0,1
6074.871292350,0,0
6075.878893642,0,1
6075.881306908,0,0
6076.888908222,0,1
6076.891321488,0,0
6077.898922774,0,1
6077.901336040,0,0
6078.908937298,0,1
6078.911350564,0,0
6079.918951906,0,1
6079.920221522,1,1
6079.922853046,0,1
6079.922889172,0,0
6080.928966488,0,1
6080.931379506,0,0
6081.938981004,0,1
6081.941394022,0,0
6082.948995572,0,1
6082.951408588,0,0
6083.959010096,0,1
6083.961423112,0,0
6084.969024692,0,1
6084.971437708,0,0
6085.979039234,0,1
6085.981452500,0,0
6086.989053796,0,1
6086.991467062,0,0
6087.999068384,0,1
6088.001481652,0,0
6089.009082928,0,1
6089.011496194,0,0
6090.019097462,0,1
6090.020367174,1,1
6090.022999044,0,1
6090.023034976,0,0
6091.029112172,0,1
6091.031525188,0,0
6092.039126706,0,1
6092.041539722,0,0
6093.049141302,0,1
6093.051554320,0,0
6094.059155838,0,1
6094.061568856,0,0
6095.069170414,0,1
6095.071583680,0,0
6096.079184932,0,1
6096.081598198,0,0
6097.089199558,0,1
6097.091612824,0,0
6098.099214126,0,1
6098.101627392,0,0
6099.109228626,0,1
6099.111641892,0,0
6100.119243256,0,1
6100.120512890,1,1
6100.123145132,0,1
6100.123180520,0,0
6101.129257860,0,1
6101.131670876,0,0
6102.139272394,0,1
6102.141685410,0,0
6103.149286938,0,1
6103.151699956,0,0
6104.159301480,0,1
6104.161714498,0,0
6105.169316058,0,1
6105.171729074,0,0
6106.179330612,0,1
6106.181743878,0,0
6107.189345216,0,1
6107.191758482,0,0
6108.199359740,0,1
6108.201773006,0,0
6109.209374342,0,1
6109.211787608,0,0
6110.219388836,0,1
6110.220658498,1,1
6110.223290246,0,1
6110.223326102,0,0
6111.229403426,0,1
6111.231816442,0,0
6112.239417976,0,1
6112.241830992,0,0
6113.249432560,0,1
6113.251845576,0,0
6114.259447098,0,1
6114.261860114,0,0
6115.269461626,0,1
6115.271874644,0,0
6116.279476208,0,1
6116.281889224,0,0
6117.289490774,0,1
6117.291904040,0,0
6118.299505302,0,1
6118.301918570,0,0
6119.309519868,0,1
6119.311933136,0,0
6120.319534446,0,1
6120.320804174,1,1
6120.323435632,0,1
6120.323471962,0,0
6121.329549126,0,1
6121.331962142,0,0
6122.339563706,0,1
6122.341976722,0,0
6123.349578270,0,1
6123.351991288,0,0
6124.359592814,0,1
6124.362005830,0,0
6125.369607332,0,1
6125.372020348,0,0
6126.379621918,0,1
6126.382035184,0,0
6127.389636482,0,1
6127.392049748,0,0
6128.399651048,0,1
6128.402064314,0,0
6129.409665564,0,1
6129.412078830,0,0
6130.419680194,0,1
6130.420949774,1,1
6130.423581212,0,1
6130.423617460,0,0
6131.429694734,0,1
6131.432107750,0,0
6132.439709282,0,1
6132.442122298,0,0
6133.449723828,0,1
6133.452136844,0,0
6134.459738400,0,1
6134.462151416,0,0
6135.469752914,0,1
6135.472165930,0,0
6136.479767522,0,1
6136.482180790,0,0
6137.489782084,0,1
6137.492195350,0,0
6138.499796600,0,1
6138.502209866,0,0
6139.509811200,0,1
6139.512224466,0,0
6140.519825724,0,1
6140.521095376,1,1
6140.523727526,0,1
6140.523762990,0,0
6141.529840322,0,1
6141.532253338,0,0
6142.539854908,0,1
6142.542267924,0,0
6143.549869414,0,1
6143.552282430,0,0
6144.559883968,0,1
6144.562296984,0,0
6145.569898534,0,1
6145.572311552,0,0
6146.579913130,0,1
6146.582326396,0,0
6147.589927672,0,1
6147.592340938,0,0
6148.599942308,0,1
6148.602355324,0,0
6149.609956810,0,1
6149.612370076,0,0
6150.619971374,0,1
6150.621241054,1,1
6150.623873008,0,1
6150.623908640,0,0
6151.629986044,0,1
6151.632399060,0,0
6152.640000600,0,1
6152.642413616,0,0
6153.650015180,0,1
6153.652428196,0,0
6154.660029712,0,1
6154.662442730,0,0
6155.670044276,0,1
6155.672457292,0,0
6156.680058856,0,1
6156.682472122,0,0
6157.690073420,0,1
6157.692486686,0,0
6158.700087990,0,1
6158.702501256,0,0
6159.710102566,0,1
6159.712515832,0,0
6160.720117074,0,1
6160.721386726,1,1
6160.724018296,0,1
6160.724054340,0,0
6161.730131676,0,1
6161.732544692,0,0
6162.740146210,0,1
6162.742559228,0,0
6163.750160728,0,1
6163.752573744,0,0
6164.760175328,0,1
6164.762588346,0,0
6165.770189850,0,1
6165.772602866,0,0
6166.780204464,0,1
6166.782617730,0,0
6167.790219018,0,1
6167.792632284,0,0
6168.800233562,0,1
6168.802646828,0,0
6169.810248102,0,1
6169.811517892,1,1
6169.814150076,0,1
6169.814185366,0,0
6170.820262930,0,1
6170.822675946,0,0
6171.830277522,0,1
6171.832690538,0,0
6172.840292060,0,1
6172.842705076,0,0
6173.850306618,0,1
6173.852719634,0,0
6174.860321178,0,1
6174.862734444,0,0
6175.870335768,0,1
6175.872749036,0,0
6176.880350308,0,1
6176.882763576,0,0
6177.890364864,0,1
6177.892778130,0,0
6178.900379460,0,1
6178.902792478,0,0
6179.910394038,0,1
6179.911663424,1,1
6179.914295170,0,1
6179.914331054,0,0
6180.920408340,0,1
6180.922821356,0,0
6181.930422920,0,1
6181.932835938,0,0
6182.940437508,0,1
6182.942850526,0,0
6183.950452046,0,1
6183.952865062,0,0
6184.960466598,0,1
6184.962879614,0,0
6185.970481158,0,1
6185.972894174,0,0
6186.980495748,0,1
6186.982908764,0,0
6187.990510300,0,1
6187.992923568,0,0
6189.000524820,0,1
6189.002938086,0,0
6190.010539354,0,1
6190.011809136,1,1
6190.014440566,0,1
6190.014476620,0,0
6191.020554038,0,1
6191.022967056,0,0
6192.030568630,0,1
6192.032981648,0,0
6193.040583192,0,1
6193.042996208,0,0
6194.050597732,0,1
6194.053010748,0,0
6195.060612322,0,1
6195.063025338,0,0
6196.070626896,0,1
6196.073040164,0,0
6197.080641410,0,1
6197.083054676,0,0
6198.090656008,0,1
6198.093069274,0,0
6199.100670584,0,1
6199.103083850,0,0
6200.110685096,0,1
6200.111954738,1,1
6200.114586132,0,1
6200.114622362,0,0
6201.120699660,0,1
6201.123112676,0,0
6202.130714274,0,1
6202.133127292,0,0
6203.140728794,0,1
6203.143141810,0,0
6204.150743376,0,1
6204.153156392,0,0
6205.160757924,0,1
6205.163170942,0,0
6206.170772456,0,1
6206.173185472,0,0
6207.180787046,0,1
6207.183200062,0,0
6208.190801630,0,1
6208.193214896,0,0
6209.200816166,0,1
6209.203229432,0,0
6210.210830694,0,1
6210.212100428,1,1
6210.214732152,0,1
6210.214768210,0,0
6211.220845462,0,1
6211.223258478,0,0
6212.230859962,0,1
6212.233272978,0,0
6213.240874508,0,1
6213.243287524,0,0
6214.250889122,0,1
6214.253302138,0,0
6215.260903626,0,1
6215.263316644,0,0
6216.270918200,0,1
6216.273331466,0,0
6217.280932794,0,1
6217.283346062,0,0
6218.290947306,0,1
6218.293360322,0,0
6219.300961932,0,1
6219.303375198,0,0
6220.310976498,0,1
6220.312246104,1,1
6220.314877720,0,1
6220.314913762,0,0
6221.320991002,0,1
6221.323404018,0,0
6222.331005602,0,1
6222.333418618,0,0
6223.341020134,0,1
6223.343433150,0,0
6224.351034722,0,1
6224.353447738,0,0
6225.361049274,0,1
6225.363462290,0,0
6226.371063862,0,1
6226.373477130,0,0
6227.381078394,0,1
6227.383491660,0,0
6228.391092958,0,1
6228.393506224,0,0
6229.401107506,0,1
6229.403520774,0,0
6230.411122178,0,1
6230.412391746,1,1
6230.415023568,0,1
6230.415059444,0,0
6231.421136710,0,1
6231.423549726,0,0
6232.431151248,0,1
6232.433564264,0,0
6233.441165824,0,1
6233.443578840,0,0
6234.451180430,0,1
6234.453593446,0,0
6235.461194960,0,1
6235.463607976,0,0
6236.471209492,0,1
6236.473622508,0,0
6237.481224082,0,1
6237.483637348,0,0
6238.491238618,0,1
6238.493651884,0,0
6239.501253158,0,1
6239.503666426,0,0
6240.511267740,0,1
6240.512537500,1,1
6240.515169260,0,1
6240.515205256,0,0
6241.521282478,0,1
6241.523695496,0,0
6242.531296996,0,1
6242.533710012,0,0
6243.541311596,0,1
6243.543724612,0,0
6244.551326162,0,1
6244.553739178,0,0
6245.561340704,0,1
6245.563753970,0,0
6246.571355290,0,1
6246.573768556,0,0
6247.581369820,0,1
6247.583783086,0,0
6248.591384434,0,1
6248.593797700,0,0
6249.601398954,0,1
6249.603812220,0,0
6250.611413544,0,1
6250.612683108,1,1
6250.615315028,0,1
6250.615350808,0,0
6251.621428124,0,1
6251.623841140,0,0
6252.631442682,0,1
6252.633855700,0,0
6253.641457244,0,1
6253.643870260,0,0
6254.651471816,0,1
6254.653884832,0,0
6255.661486362,0,1
6255.663899378,0,0
6256.671500996,0,1
6256.673914014,0,0
6257.681515548,0,1
6257.683928566,0,0
6258.691530102,0,1
6258.693943368,0,0
6259.701544670,0,1
6259.703957936,0,0
6260.711559196,0,1
6260.712828782,1,1
6260.715460666,0,1
6260.715496462,0,0
6261.721573788,0,1
6261.723986804,0,0
6262.731588316,0,1
6262.734001332,0,0
6263.741602886,0,1
6263.744015902,0,0
6264.751617468,0,1
6264.754030484,0,0
6265.761632010,0,1
6265.764045276,0,0
6266.771646592,0,1
6266.774059858,0,0
6267.781661146,0,1
6267.784074412,0,0
6268.791675706,0,1
6268.794088974,0,0
6269.801690276,0,1
6269.802959932,1,1
6269.805591676,0,1
6269.805627542,0,0
6270.811704842,0,1
6270.814117858,0,0
6271.821719400,0,1
6271.824132416,0,0
6272.831733964,0,1
6272.834146980,0,0
6273.841748524,0,1
6273.844161540,0,0
6274.851763090,0,1
6274.854176106,0,0
6275.861777618,0,1
6275.864190636,0,0
6276.871792188,0,1
6276.874205454,0,0
6277.881806776,0,1
6277.884220042,0,0
6278.891821376,0,1
6278.894234642,0,0
6279.901835906,0,1
6279.903105568,1,1
6279.905737324,0,1
6279.905773172,0,0
6280.911850572,0,1
6280.914263588,0,0
6281.921865140,0,1
6281.924278156,0,0
6282.931879762,0,1
6282.934292778,0,0
6283.941894318,0,1
6283.944307334,0,0
6284.951908856,0,1
6284.954322122,0,0
6285.961923420,0,1
6285.964336686,0,0
6286.971938008,0,1
6286.974351274,0,0
6287.981952602,0,1
6287.984365868,0,0
6288.991967140,0,1
6288.994380406,0,0
6290.001981694,0,1
6290.003251312,1,1
6290.005882946,0,1
6290.005918960,0,0
6291.011996364,0,1
6291.014409380,0,0
6292.022010954,0,1
6292.024423970,0,0
6293.032025530,0,1
6293.034438546,0,0
6294.042040082,0,1
6294.044453098,0,0
6295.052054668,0,1
6295.054467934,0,0
6296.062069200,0,1
6296.064482466,0,0
6297.072083764,0,1
6297.074497030,0,0
6298.082098316,0,1
6298.084511582,0,0
6299.092112986,0,1
6299.094526002,0,0
6300.102127526,0,1
6300.103397010,1,1
6300.106028608,0,1
6300.106064540,0,0
6301.112141922,0,1
6301.114554938,0,0
6302.122156560,0,1
6302.124569576,0,0
6303.132171112,0,1
6303.134584128,0,0
6304.142185664,0,1
6304.144598680,0,0
6305.152200192,0,1
6305.154613208,0,0
6306.162214798,0,1
6306.164628066,0,0
6307.172229372,0,1
6307.174642638,0,0
6308.182243914,0,1
6308.184657180,0,0
6309.192258466,0,1
6309.194671732,0,0
6310.202273064,0,1
6310.203542682,1,1
6310.206174972,0,1
6310.206210330,0,0
6311.212287640,0,1
6311.214700656,0,0
6312.222302172,0,1
6312.224715190,0,0
6313.232316778,0,1
6313.234729796,0,0
6314.242331298,0,1
6314.244744314,0,0
6315.252345850,0,1
6315.254758866,0,0
6316.262360416,0,1
6316.264773434,0,0
6317.272374998,0,1
6317.274788264,0,0
6318.282389598,0,1
6318.284802864,0,0
6319.292404100,0,1
6319.294817366,0,0
6320.302418712,0,1
6320.303688380,1,1
6320.306320034,0,1
6320.306355976,0,0
6321.312433262,0,1
6321.314846278,0,0
6322.322447832,0,1
6322.324860850,0,0
6323.332462394,0,1
6323.334875410,0,0
6324.342476940,0,1
6324.344889958,0,0
6325.352491494,0,1
6325.354904510,0,0
6326.362506048,0,1
6326.364919064,0,0
6327.372520672,0,1
6327.374933688,0,0
6328.382535184,0,1
6328.384948200,0,0
6329.392549738,0,1
6329.394962756,0,0
6330.402564326,0,1
6330.403834042,1,1
6330.406465632,0,1
6330.406501842,0,0
6331.412579008,0,1
6331.414992024,0,0
6332.422593564,0,1
6332.425006580,0,0
6333.432608146,0,1
6333.435021162,0,0
6334.442622750,0,1
6334.445035766,0,0
6335.452637278,0,1
6335.455050294,0,0
6336.462651870,0,1
6336.465064886,0,0
6337.472666412,0,1
6337.475079428,0,0
6338.482680996,0,1
6338.485094262,0,0
6339.492695520,0,1
6339.495108786,0,0
6340.502710120,0,1
6340.503979806,1,1
6340.506611532,0,1
6340.506647384,0,0
6341.512724830,0,1
6341.515137846,0,0
6342.522739352,0,1
6342.525152368,0,0
6343.532753896,0,1
6343.535166912,0,0
6344.542768470,0,1
6344.545181486,0,0
6345.552783066,0,1
6345.555196082,0,0
6346.562797638,0,1
6346.565210904,0,0
6347.572812146,0,1
6347.575225412,0,0
6348.582826774,0,1
6348.585240040,0,0
6349.592841320,0,1
6349.595254586,0,0
6350.602855848,0,1
6350.604125528,1,1
6350.606757454,0,1
6350.606793114,0,0
6351.612870540,0,1
6351.615283556,0,0
6352.622885112,0,1
6352.625298128,0,0
6353.632899660,0,1
6353.635312678,0,0
6354.642914256,0,1
6354.645327272,0,0
6355.652928850,0,1
6355.655342118,0,0
6356.662943396,0,1
6356.665356662,0,0
6357.672957992,0,1
6357.675371258,0,0
6358.682972500,0,1
6358.685385766,0,0
6359.692987054,0,1
6359.695400320,0,0
6360.703001696,0,1
6360.704271216,1,1
6360.706902498,0,1
6360.706938712,0,0
6361.713016120,0,1
6361.715429138,0,0
6362.723030676,0,1
6362.725443692,0,0
6363.733045244,0,1
6363.735458262,0,0
6364.743059768,0,1
6364.745472784,0,0
6365.753074368,0,1
6365.755487386,0,0
6366.763088934,0,1
6366.765501952,0,0
6367.773103490,0,1
6367.775516506,0,0
6368.783118086,0,1
6368.785531352,0,0
6369.793132626,0,1
6369.794402338,1,1
6369.797034492,0,1
6369.797070142,0,0
6370.803147278,0,1
6370.805560294,0,0
6371.813161866,0,1
6371.815574882,0,0
6372.823176428,0,1
6372.825589444,0,0
6373.833190952,0,1
6373.835603968,0,0
6374.843205564,0,1
6374.845618582,0,0
6375.853220102,0,1
6375.855633118,0,0
6376.863234676,0,1
6376.865647692,0,0
6377.873249208,0,1
6377.875662474,0,0
6378.883263812,0,1
6378.885677080,0,0
6379.893278378,0,1
6379.894548090,1,1
6379.897179966,0,1
6379.897215892,0,0
6380.903293074,0,1
6380.905706092,0,0
6381.913307624,0,1
6381.915720640,0,0
6382.923322178,0,1
6382.925735194,0,0
6383.933336780,0,1
6383.935749796,0,0
6384.943351332,0,1
6384.945764598,0,0
6385.953365896,0,1
6385.955779162,0,0
6386.963380456,0,1
6386.965793722,0,0
6387.973395028,0,1
6387.975808296,0,0
6388.983409636,0,1
6388.985822652,0,0
6389.993424196,0,1
6389.994693828,1,1
6389.997325512,0,1
6389.997361460,0,0
6391.003438798,0,1
6391.005851814,0,0
6392.013453330,0,1
6392.015866348,0,0
6393.023467888,0,1
6393.025880904,0,0
6394.033482456,0,1
6394.035895474,0,0
6395.043497072,0,1
6395.045910340,0,0
6396.053511624,0,1
6396.055924892,0,0
6397.063526154,0,1
6397.065939422,0,0
6398.073540722,0,1
6398.075953990,0,0
6399.083555362,0,1
6399.085968378,0,0
6400.093569956,0,1
6400.094839430,1,1
6400.097470906,0,1
6400.097507222,0,0
6401.103584368,0,1
6401.105997384,0,0
6402.113598934,0,1
6402.116011950,0,0
6403.123613510,0,1
6403.126026526,0,0
6404.133628056,0,1
6404.136041072,0,0
6405.143642642,0,1
6405.146055908,0,0
6406.153657164,0,1
6406.156070430,0,0
6407.163671758,0,1
6407.166085026,0,0
6408.173686324,0,1
6408.176099592,0,0
6409.183700898,0,1
6409.186114164,0,0
6410.193715526,0,1
6410.194985230,1,1
6410.197616932,0,1
6410.197653042,0,0
6411.203730214,0,1
6411.206143230,0,0
6412.213744800,0,1
6412.216157816,0,0
6413.223759318,0,1
6413.226172334,0,0
6414.233773894,0,1
6414.236186910,0,0
6415.243788462,0,1
6415.246201728,0,0
6416.253803054,0,1
6416.256216320,0,0
6417.263817622,0,1
6417.266230890,0,0
6418.273832178,0,1
6418.276245444,0,0
6419.283846800,0,1
6419.286259816,0,0
6420.293861346,0,1
6420.295130872,1,1
6420.297762336,0,1
6420.297798610,0,0
6421.303875790,0,1
6421.306288806,0,0
6422.313890334,0,1
6422.316303350,0,0
6423.323904870,0,1
6423.326317886,0,0
6424.333919458,0,1
6424.336332474,0,0
6425.343934060,0,1
6425.346347076,0,0
6426.353948596,0,1
6426.356361612,0,0
6427.363963180,0,1
6427.366376196,0,0
6428.373977766,0,1
6428.376390782,0,0
6429.383992282,0,1
6429.386405298,0,0
6430.394006864,0,1
6430.395276606,1,1
6430.397908676,0,1
6430.397944378,0,0
6431.404021542,0,1
6431.406434560,0,0
6432.414036084,0,1
6432.416449100,0,0
6433.424050688,0,1
6433.426463704,0,0
6434.434065214,0,1
6434.436478230,0,0
6435.444079852,0,1
6435.446492868,0,0
6436.454094358,0,1
6436.456507374,0,0
6437.464108954,0,1
6437.466522220,0,0
6438.474123518,0,1
6438.476536784,0,0
6439.484138036,0,1
6439.486551302,0,0
6440.494152618,0,1
6440.495422258,1,1
6440.498053946,0,1
6440.498089882,0,0
6441.504167210,0,1
6441.506580226,0,0
6442.514181686,0,1
6442.516594702,0,0
6443.524196276,0,1
6443.526609292,0,0
6444.534210886,0,1
6444.536623902,0,0
6445.544225402,0,1
6445.546638668,0,0
6446.554240000,0,1
6446.556653266,0,0
6447.564254572,0,1
6447.566667840,0,0
6448.574269092,0,1
6448.576682358,0,0
6449.584283696,0,1
6449.586696712,0,0
6450.594298282,0,1
6450.595567966,1,1
6450.598199972,0,1
6450.598235548,0,0
6451.604312988,0,1
6451.606726006,0,0
6452.614327546,0,1
6452.616740562,0,0
6453.624342074,0,1
6453.626755090,0,0
6454.634356692,0,1
6454.636769708,0,0
6455.644371236,0,1
6455.646784502,0,0
6456.654385836,0,1
6456.656799104,0,0
6457.664400334,0,1
6457.666813600,0,0
6458.674414908,0,1
6458.676828174,0,0
6459.684429540,0,1
6459.686842556,0,0
6460.694444110,0,1
6460.695713650,1,1
6460.698345318,0,1
6460.698381124,0,0
6461.704458660,0,1
6461.706871676,0,0
6462.714473178,0,1
6462.716886194,0,0
6463.724487844,0,1
6463.726900860,0,0
6464.734502344,0,1
6464.736915362,0,0
6465.744516928,0,1
6465.746930194,0,0
6466.754531480,0,1
6466.756944746,0,0
6467.764546026,0,1
6467.766959292,0,0
6468.774560632,0,1
6468.776973898,0,0
6469.784575170,0,1
6469.785844734,1,1
6469.788476082,0,1
6469.788512436,0,0
6470.794589730,0,1
6470.797002746,0,0
6471.804604288,0,1
6471.807017304,0,0
6472.814618866,0,1
6472.817031884,0,0
6473.824633364,0,1
6473.827046380,0,0
6474.834648030,0,1
6474.837061046,0,0
6475.844662564,0,1
6475.847075830,0,0
6476.854677140,0,1
6476.857090406,0,0
6477.864691712,0,1
6477.867104978,0,0
6478.874706236,0,1
6478.877119502,0,0
6479.884720820,0,1
6479.885990486,1,1
6479.888622420,0,1
6479.888658086,0,0
6480.894735514,0,1
6480.897148530,0,0
6481.904750092,0,1
6481.907163108,0,0
6482.914764594,0,1
6482.917177610,0,0
6483.924779194,0,1
6483.927192460,0,0
6484.934793774,0,1
6484.937207040,0,0
6485.944808308,0,1
6485.947221576,0,0
6486.954822886,0,1
6486.957236152,0,0
6487.964837492,0,1
6487.967250508,0,0
6488.974852068,0,1
6488.977265084,0,0
6489.984866632,0,1
6489.986136150,1,1
6489.988768322,0,1
6489.988803648,0,0
6490.994881084,0,1
6490.997294100,0,0
6492.004895602,0,1
6492.007308620,0,0
6493.014910170,0,1
6493.017323186,0,0
6494.024924748,0,1
6494.027337766,0,0
6495.034939300,0,1
6495.037352318,0,0
6496.044953942,0,1
6496.047366958,0,0
6497.054968444,0,1
6497.057381460,0,0
6498.064982998,0,1
6498.067396014,0,0
6499.074997582,0,1
6499.077410598,0,0
6500.085012116,0,1
6500.086281958,1,1
6500.088913688,0,1
6500.088949632,0,0
6501.095026924,0,1
6501.097439942,0,0
6502.105041496,0,1
6502.107454512,0,0
6503.115056080,0,1
6503.117469096,0,0
6504.125070602,0,1
6504.127483870,0,0
6505.135085204,0,1
6505.137498472,0,0
6506.145099776,0,1
6506.147513042,0,0
6507.155114382,0,1
6507.157527400,0,0
6508.165128958,0,1
6508.167541974,0,0
6509.175143486,0,1
6509.177556502,0,0
6510.185158072,0,1
6510.186427602,1,1
6510.189059186,0,1
6510.189095336,0,0
6511.195172624,0,1
6511.197585640,0,0
6512.205187224,0,1
6512.207600240,0,0
6513.215201738,0,1
6513.217614754,0,0
6514.225216274,0,1
6514.227629540,0,0
6515.235230844,0,1
6515.237644110,0,0
6516.245245384,0,1
6516.247658652,0,0
6517.255259998,0,1
6517.257673264,0,0
6518.265274654,0,1
6518.267687670,0,0
6519.275289170,0,1
6519.277702188,0,0
6520.285303762,0,1
6520.286573276,1,1
6520.289204848,0,1
6520.289241028,0,0
6521.295318190,0,1
6521.297731206,0,0
6522.305332782,0,1
6522.307745798,0,0
6523.315347290,0,1
6523.317760306,0,0
6524.325361858,0,1
6524.327774874,0,0
6525.335376456,0,1
6525.337789724,0,0
6526.345390976,0,1
6526.347804242,0,0
6527.355405580,0,1
6527.357818846,0,0
6528.365420106,0,1
6528.367833372,0,0
6529.375434724,0,1
6529.377847742,0,0
6530.385449280,0,1
6530.386719008,1,1
6530.389350808,0,1
6530.389386794,0,0
6531.395463970,0,1
6531.397876986,0,0
6532.405478572,0,1
6532.407891590,0,0
6533.415493136,0,1
6533.417906152,0,0
6534.425507640,0,1
6534.427920656,0,0
6535.435522256,0,1
6535.437935522,0,0
6536.445536814,0,1
6536.447950082,0,0
6537.455551398,0,1
6537.457964664,0,0
6538.465565972,0,1
6538.467979238,0,0
6539.475580554,0,1
6539.477993570,0,0
6540.485595092,0,1
6540.486864688,1,1
6540.489496706,0,1
6540.489532356,0,0
6541.495609662,0,1
6541.498022678,0,0
6542.505624254,0,1
6542.508037272,0,0
6543.515638776,0,1
6543.518051792,0,0
6544.525653358,0,1
6544.528066374,0,0
6545.535667950,0,1
6545.538081216,0,0
6546.545682458,0,1
6546.548095726,0,0
6547.555697084,0,1
6547.558110350,0,0
6548.565711662,0,1
6548.568124930,0,0
6549.575726242,0,1
6549.578139260,0,0
6550.585740830,0,1
6550.587010414,1,1
6550.589642378,0,1
6550.589678096,0,0
6551.595755408,0,1
6551.598168424,0,0
6552.605769926,0,1
6552.608182944,0,0
6553.615784506,0,1
6553.618197522,0,0
6554.625799070,0,1
6554.628212336,0,0
6555.635813632,0,1
6555.638226898,0,0
6556.645828234,0,1
6556.648241500,0,0
6557.655842746,0,1
6557.658256012,0,0
6558.665857398,0,1
6558.668270414,0,0
6559.675871954,0,1
6559.678284972,0,0
6560.685886486,0,1
6560.687156078,1,1
6560.689787854,0,1
6560.689823752,0,0
6561.695901046,0,1
6561.698314064,0,0
6562.705915634,0,1
6562.708328652,0,0
6563.715930158,0,1
6563.718343176,0,0
6564.725944760,0,1
6564.728357776,0,0
6565.735959310,0,1
6565.738372326,0,0
6566.745973896,0,1
6566.748386914,0,0
6567.755988464,0,1
6567.758401732,0,0
6568.766003016,0,1
6568.768416282,0,0
6569.776017542,0,1
6569.777287150,1,1
6569.779918748,0,1
6569.779954808,0,0
6570.786032144,0,1
6570.788445160,0,0
6571.796046680,0,1
6571.798459696,0,0
6572.806061290,0,1
6572.808474306,0,0
6573.816075838,0,1
6573.818489104,0,0
6574.826090408,0,1
6574.828503674,0,0
6575.836104934,0,1
6575.838518200,0,0
6576.846119508,0,1
6576.848532774,0,0
6577.856134110,0,1
6577.858547126,0,0
6578.866148718,0,1
6578.868561734,0,0
6579.876163272,0,1
6579.877432878,1,1
6579.880064456,0,1
6579.880100538,0,0
6580.886177826,0,1
6580.888590842,0,0
6581.896192342,0,1
6581.898605358,0,0
6582.906206930,0,1
6582.908619946,0,0
6583.916221464,0,1
6583.918634480,0,0
6584.926236056,0,1
6584.928649072,0,0
6585.936250612,0,1
6585.938663878,0,0
6586.946265128,0,1
6586.948678396,0,0
6587.956279724,0,1
6587.958692990,0,0
6588.966294260,0,1
6588.968707526,0,0
6589.976308806,0,1
6589.977578540,1,1
6589.980210628,0,1
6589.980246072,0,0
6590.986323504,0,1
6590.988736520,0,0
6591.996338098,0,1
6591.998751114,0,0
6593.006352676,0,1
6593.008765692,0,0
6594.016367198,0,1
6594.018780214,0,0
6595.026381760,0,1
6595.028795026,0,0
6596.036396334,0,1
6596.038809600,0,0
6597.046410902,0,1
6597.048824170,0,0
6598.056425460,0,1
6598.058838726,0,0
6599.066440008,0,1
6599.068853274,0,0
6600.076454640,0,1
6600.077724232,1,1
6600.080355920,0,1
6600.080391906,0,0
6601.086469202,0,1
6601.088882218,0,0
6602.096483736,0,1
6602.098896752,0,0
6603.106498302,0,1
6603.108911318,0,0
6604.116512904,0,1
6604.118926170,0,0
6605.126527466,0,1
6605.128940732,0,0
6606.136541962,0,1
6606.138955228,0,0
6607.146556504,0,1
6607.148969770,0,0
6608.156571192,0,1
6608.158984208,0,0
6609.166585756,0,1
6609.168998772,0,0
6610.176600248,0,1
6610.177869808,1,1
6610.180501426,0,1
6610.180537264,0,0
6611.186614854,0,1
6611.189027870,0,0
6612.196629388,0,1
6612.199042404,0,0
6613.206643994,0,1
6613.209057010,0,0
6614.216658528,0,1
6614.219071544,0,0
6615.226673078,0,1
6615.229086346,0,0
6616.236687668,0,1
6616.239100934,0,0
6617.246702202,0,1
6617.249115468,0,0
6618.256716800,0,1
6618.259130066,0,0
6619.266731412,0,1
6619.269144430,0,0
6620.276745930,0,1
6620.278015494,1,1
6620.280647518,0,1
6620.280683194,0,0
6621.286760516,0,1
6621.289173532,0,0
6622.296775086,0,1
6622.299188102,0,0
6623.306789596,0,1
6623.309202612,0,0
6624.316804162,0,1
6624.319217178,0,0
6625.326818720,0,1
6625.329231986,0,0
6626.336833312,0,1
6626.339246578,0,0
6627.346847816,0,1
6627.349261082,0,0
6628.356862404,0,1
6628.359275670,0,0
6629.366877018,0,1
6629.369290286,0,0
6630.376891612,0,1
6630.378161180,1,1
6630.380792984,0,1
6630.380828878,0,0
6631.386906166,0,1
6631.389319184,0,0
6632.396920734,0,1
6632.399333752,0,0
6633.406935230,0,1
6633.409348246,0,0
6634.416949866,0,1
6634.419362882,0,0
6635.426964366,0,1
6635.429377382,0,0
6636.436978942,0,1
6636.439391958,0,0
6637.446993532,0,1
6637.449406548,0,0
6638.457008108,0,1
6638.459421376,0,0
6639.467022642,0,1
6639.469435908,0,0
6640.477037224,0,1
6640.478306808,1,1
6640.480938470,0,1
6640.480974488,0,0
6641.487051790,0,1
6641.489464806,0,0
6642.497066350,0,1
6642.499479366,0,0
6643.507080870,0,1
6643.509493888,0,0
6644.517095462,0,1
6644.519508478,0,0
6645.527110032,0,1
6645.529523048,0,0
6646.537124554,0,1
6646.539537820,0,0
6647.547139114,0,1
6647.549552380,0,0
6648.557153674,0,1
6648.559566940,0,0
6649.567168212,0,1
6649.569581478,0,0
6650.577182872,0,1
6650.578452514,1,1
6650.581084150,0,1
6650.581120138,0,0
6651.587197410,0,1
6651.589610428,0,0
6652.597211988,0,1
6652.599625004,0,0
6653.607226572,0,1
6653.609639590,0,0
6654.617241064,0,1
6654.619654082,0,0
6655.627255676,0,1
6655.629668692,0,0
6656.637270212,0,1
6656.639683476,0,0
6657.647284754,0,1
6657.649698022,0,0
6658.657299334,0,1
6658.659712600,0,0
6659.667313858,0,1
6659.669727126,0,0
6660.677328526,0,1
6660.678598166,1,1
6660.681229844,0,1
6660.681265792,0,0
6661.687343084,0,1
6661.689756100,0,0
6662.697357600,0,1
6662.699770618,0,0
6663.707372204,0,1
6663.709785220,0,0
6664.717386726,0,1
6664.719799742,0,0
6665.727401342,0,1
6665.729814608,0,0
6666.737415842,0,1
6666.739829108,0,0
6667.747430436,0,1
6667.749843702,0,0
6668.757444996,0,1
6668.759858262,0,0
6669.767459512,0,1
6669.768729266,1,1
6669.771361606,0,1
6669.771397028,0,0
6670.777474194,0,1
6670.779887210,0,0
6671.787488790,0,1
6671.789901806,0,0
6672.797503326,0,1
6672.799916342,0,0
6673.807517928,0,1
6673.809930944,0,0
6674.817532470,0,1
6674.819945736,0,0
6675.827547008,0,1
6675.829960276,0,0
6676.837561520,0,1
6676.839974788,0,0
6677.847576130,0,1
6677.849989396,0,0
6678.857590698,0,1
6678.860003964,0,0
6679.867605268,0,1
6679.868874872,1,1
6679.871506624,0,1
6679.871542534,0,0
6680.877619860,0,1
6680.880032876,0,0
6681.887634418,0,1
6681.890047434,0,0
6682.897648974,0,1
6682.900061990,0,0
6683.907663510,0,1
6683.910076526,0,0
6684.917678098,0,1
6684.920091364,0,0
6685.927692620,0,1
6685.930105886,0,0
6686.937707236,0,1
6686.940120504,0,0
6687.947721766,0,1
6687.950135034,0,0
6688.957736378,0,1
6688.960149394,0,0
6689.967750956,0,1
6689.969020524,1,1
6689.971652146,0,1
6689.971688222,0,0
6690.977765488,0,1
6690.980178506,0,0
6691.987780072,0,1
6691.990193088,0,0
6692.997794570,0,1
6693.000207586,0,0
6694.007809176,0,1
6694.010222192,0,0
6695.017823724,0,1
6695.020236990,0,0
6696.027838290,0,1
6696.030251558,0,0
6697.037852836,0,1
6697.040266102,0,0
6698.047867390,0,1
6698.050280656,0,0
6699.057882056,0,1
6699.060295072,0,0
6700.067896576,0,1
6700.069166172,1,1
6700.071797868,0,1
6700.071833842,0,0
6701.077911150,0,1
6701.080324166,0,0
6702.087925672,0,1
6702.090338688,0,0
6703.097940254,0,1
6703.100353270,0,0
6704.107954834,0,1
6704.110367850,0,0
6705.117969370,0,1
6705.120382386,0,0
6706.127983950,0,1
6706.130396966,0,0
6707.137998470,0,1
6707.140411486,0,0
6708.148013022,0,1
6708.150426288,0,0
6709.158027614,0,1
6709.160440880,0,0
6710.168042180,0,1
6710.169311806,1,1
6710.171943548,0,1
6710.171979444,0,0
6711.178056748,0,1
6711.180469764,0,0
6712.188071266,0,1
6712.190484282,0,0
6713.198085852,0,1
6713.200498868,0,0
6714.208100400,0,1
6714.210513416,0,0
6715.218114922,0,1
6715.220527938,0,0
6716.228129480,0,1
6716.230542746,0,0
6717.238144102,0,1
6717.240557368,0,0
6718.248158634,0,1
6718.250571900,0,0
6719.258173194,0,1
6719.260586460,0,0
6720.268187818,0,1
6720.269457498,1,1
6720.272088898,0,1
6720.272125084,0,0
6721.278202494,0,1
6721.280615510,0,0
6722.288217020,0,1
6722.290630036,0,0
6723.298231598,0,1
6723.300644614,0,0
6724.308246186,0,1
6724.310659454,0,0
6725.318260746,0,1
6725.320674012,0,0
6726.328275312,0,1
6726.330688578,0,0
6727.338289844,0,1
6727.340703110,0,0
6728.348304458,0,1
6728.350717474,0,0
6729.358319062,0,1
6729.360732078,0,0
6730.368333556,0,1
6730.369603130,1,1
6730.372234982,0,1
6730.372270822,0,0
6731.378348168,0,1
6731.380761184,0,0
6732.388362670,0,1
6732.390775686,0,0
6733.398377298,0,1
6733.400790314,0,0
6734.408391804,0,1
6734.410805070,0,0
6735.418406424,0,1
6735.420819690,0,0
6736.428420934,0,1
6736.430834200,0,0
6737.438435482,0,1
6737.440848748,0,0
6738.448450134,0,1
6738.450863150,0,0
6739.458464728,0,1
6739.460877746,0,0
6740.468479178,0,1
6740.469748764,1,1
6740.472380582,0,1
6740.472416444,0,0
6741.478493786,0,1
6741.480906802,0,0
6742.488508344,0,1
6742.490921360,0,0
6743.498522876,0,1
6743.500935892,0,0
6744.508537450,0,1
6744.510950716,0,0
6745.518552040,0,1
6745.520965306,0,0
6746.528566590,0,1
6746.530979856,0,0
6747.538581138,0,1
6747.540994406,0,0
6748.548595764,0,1
6748.551008780,0,0
6749.558610308,0,1
6749.561023324,0,0
6750.568624856,0,1
6750.569894418,1,1
6750.572526166,0,1
6750.572562120,0,0
6751.578639438,0,1
6751.581052454,0,0
6752.588653956,0,1
6752.591066972,0,0
6753.598668550,0,1
6753.601081566,0,0
6754.608683070,0,1
6754.611096086,0,0
6755.618697662,0,1
6755.621110928,0,0
6756.628712228,0,1
6756.631125494,0,0
6757.638726800,0,1
6757.641140068,0,0
6758.648741276,0,1
6758.651154544,0,0
6759.658755952,0,1
6759.661168968,0,0
6760.668770524,0,1
6760.670040038,1,1
6760.672671744,0,1
6760.672707790,0,0
6761.678784914,0,1
6761.681197930,0,0
6762.688799498,0,1
6762.691212516,0,0
6763.698814024,0,1
6763.701227040,0,0
6764.708828638,0,1
6764.711241654,0,0
6765.718843184,0,1
6765.721256200,0,0
6766.728857730,0,1
6766.731270996,0,0
6767.738872288,0,1
6767.741285554,0,0
6768.748886828,0,1
6768.751300094,0,0
6769.758901386,0,1
6769.760171146,1,1
6769.762803036,0,1
6769.762838900,0,0
6770.768916060,0,1
6770.771329076,0,0
6771.778930632,0,1
6771.781343648,0,0
6772.788945178,0,1
6772.791358194,0,0
6773.798959796,0,1
6773.801372812,0,0
6774.808974344,0,1
6774.811387360,0,0
6775.818988896,0,1
6775.821401912,0,0
6776.829003504,0,1
6776.831416520,0,0
6777.839018074,0,1
6777.841431342,0,0
6778.849032592,0,1
6778.851445858,0,0
6779.859047142,0,1
6779.860316810,1,1
6779.862948900,0,1
6779.862984408,0,0
6780.869061826,0,1
6780.871474840,0,0
6781.879076330,0,1
6781.881489346,0,0
6782.889090958,0,1
6782.891503974,0,0
6783.899105496,0,1
6783.901518512,0,0
6784.909119992,0,1
6784.911533258,0,0
6785.919134648,0,1
6785.921547914,0,0
6786.929149194,0,1
6786.931562460,0,0
6787.939163778,0,1
6787.941576794,0,0
6788.949178308,0,1
6788.951591326,0,0
6789.959192892,0,1
6789.960462502,1,1
6789.963093878,0,1
6789.963130158,0,0
6790.969207432,0,1
6790.971620448,0,0
6791.979221976,0,1
6791.981634994,0,0
6792.989236584,0,1
6792.991649600,0,0
6793.999251082,0,1
6794.001664348,0,0
6795.009265634,0,1
6795.011678900,0,0
6796.019280254,0,1
6796.021693520,0,0
6797.029294750,0,1
6797.031708016,0,0
6798.039309416,0,1
6798.041722432,0,0
6799.049323988,0,1
6799.051737006,0,0
6800.059338536,0,1
6800.060608142,1,1
6800.063239732,0,1
6800.063275800,0,0
6801.069353066,0,1
6801.071766082,0,0
6802.079367644,0,1
6802.081780660,0,0
6803.089382194,0,1
6803.091795210,0,0
6804.099396728,0,1
6804.101809744,0,0
6805.109411316,0,1
6805.111824582,0,0
6806.119425848,0,1
6806.121839114,0,0
6807.129440450,0,1
6807.131853716,0,0
6808.139455000,0,1
6808.141868266,0,0
6809.149469562,0,1
6809.151882828,0,0
6810.159484114,0,1
6810.160753830,1,1
6810.163385798,0,1
6810.163421628,0,0
6811.169498854,0,1
6811.171911870,0,0
6812.179513388,0,1
6812.181926404,0,0
6813.189527950,0,1
6813.191940966,0,0
6814.199542502,0,1
6814.201955768,0,0
6815.209557026,0,1
6815.211970292,0,0
6816.219571586,0,1
6816.221984852,0,0
6817.229586172,0,1
6817.231999438,0,0
6818.239600764,0,1
6818.242013782,0,0
6819.249615294,0,1
6819.252028310,0,0
6820.259629868,0,1
6820.260899422,1,1
6820.263530786,0,1
6820.263566884,0,0
6821.269644446,0,1
6821.272057462,0,0
6822.279659008,0,1
6822.282072024,0,0
6823.289673566,0,1
6823.292086582,0,0
6824.299688116,0,1
6824.302101382,0,0
6825.309702696,0,1
6825.312115962,0,0
6826.319717240,0,1
6826.322130508,0,0
6827.329731838,0,1
6827.332145104,0,0
6828.339746432,0,1
6828.342159448,0,0
6829.349760998,0,1
6829.352174014,0,0
6830.359775514,0,1
6830.361045064,1,1
6830.363676782,0,1
6830.363712778,0,0
6831.369790116,0,1
6831.372203132,0,0
6832.379804664,0,1
6832.382217680,0,0
6833.389819236,0,1
6833.392232252,0,0
6834.399833782,0,1
6834.402247048,0,0
6835.409848284,0,1
6835.412261550,0,0
6836.419862842,0,1
6836.422276108,0,0
6837.429877396,0,1
6837.432290662,0,0
6838.439892026,0,1
6838.442305042,0,0
6839.449906598,0,1
6839.452319614,0,0
6840.459921170,0,1
6840.461190774,1,1
6840.463822516,0,1
6840.463858434,0,0
6841.469935718,0,1
6841.472348734,0,0
6842.479950298,0,1
6842.482363314,0,0
6843.489964876,0,1
6843.492377894,0,0
6844.499979368,0,1
6844.502392384,0,0
6845.509993970,0,1
6845.512407236,0,0
6846.520008516,0,1
6846.522421782,0,0
6847.530023078,0,1
6847.532436344,0,0
6848.540037680,0,1
6848.542450696,0,0
6849.550052274,0,1
6849.552465292,0,0
6850.560066812,0,1
6850.561336474,1,1
6850.563968276,0,1
6850.564004076,0,0
6851.570081518,0,1
6851.572494534,0,0
6852.580096024,0,1
6852.582509040,0,0
6853.590110614,0,1
6853.592523880,0,0
6854.600125182,0,1
6854.602538448,0,0
6855.610139738,0,1
6855.612553004,0,0
6856.620154316,0,1
6856.622567332,0,0
6857.630168880,0,1
6857.632581896,0,0
6858.640183450,0,1
6858.642596466,0,0
6859.650198034,0,1
6859.652611300,0,0
6860.660212554,0,1
6860.661482062,1,1
6860.664113920,0,1
6860.664149570,0,0
6861.670227028,0,1
6861.672640044,0,0
6862.680241568,0,1
6862.682654584,0,0
6863.690256072,0,1
6863.692669088,0,0
6864.700270686,0,1
6864.702683952,0,0
6865.710285204,0,1
6865.712698470,0,0
6866.720299798,0,1
6866.722713064,0,0
6867.730314324,0,1
6867.732727590,0,0
6868.740328972,0,1
6868.742741988,0,0
6869.750343502,0,1
6869.751613168,1,1
6869.754245056,0,1
6869.754280768,0,0
6870.760358212,0,1
6870.762771228,0,0
6871.770372780,0,1
6871.772785796,0,0
6872.780387328,0,1
6872.782800346,0,0
6873.790401870,0,1
6873.792815136,0,0
6874.800416408,0,1
6874.802829674,0,0
6875.810431024,0,1
6875.812844290,0,0
6876.820445582,0,1
6876.822858598,0,0
6877.830460188,0,1
6877.832873206,0,0
6878.840474740,0,1
6878.842887756,0,0
6879.850489304,0,1
6879.851758794,1,1
6879.854390582,0,1
6879.854426568,0,0
6880.860503700,0,1
6880.862916716,0,0
6881.870518264,0,1
6881.872931280,0,0
6882.880532842,0,1
6882.882945856,0,0
6883.890547412,0,1
6883.892960678,0,0
6884.900561990,0,1
6884.902975256,0,0
6885.910576506,0,1
6885.912989772,0,0
6886.920591050,0,1
6886.923004316,0,0
6887.930605698,0,1
6887.933018714,0,0
6888.940620272,0,1
6888.943033288,0,0
6889.950634800,0,1
6889.951904462,1,1
6889.954536198,0,1
6889.954572064,0,0
6890.960649526,0,1
6890.963062544,0,0
6891.970664056,0,1
6891.973077072,0,0
6892.980678608,0,1
6892.983091624,0,0
6893.990693174,0,1
6893.993106440,0,0
6895.000707676,0,1
6895.003120942,0,0
6896.010722294,0,1
6896.013135560,0,0
6897.020736848,0,1
6897.023150114,0,0
6898.030751504,0,1
6898.033164522,0,0
6899.040766008,0,1
6899.043179024,0,0
6900.050780570,0,1
6900.052050076,1,1
6900.054681808,0,1
6900.054717836,0,0
6901.060794976,0,1
6901.063207992,0,0
6902.070809540,0,1
6902.073222556,0,0
6903.080824098,0,1
6903.083237116,0,0
6904.090838648,0,1
6904.093251666,0,0
6905.100853226,0,1
6905.103266492,0,0
6906.110867810,0,1
6906.113281076,0,0
6907.120882338,0,1
6907.123295604,0,0
6908.130896944,0,1
6908.133310210,0,0
6909.140911530,0,1
6909.143324546,0,0
6910.150926072,0,1
6910.152195810,1,1
6910.154827584,0,1
6910.154863586,0,0
6911.160940744,0,1
6911.163353760,0,0
6912.170955284,0,1
6912.173368300,0,0
6913.180969858,0,1
6913.183382874,0,0
6914.190984418,0,1
6914.193397434,0,0
6915.200999004,0,1
6915.203412020,0,0
6916.211013560,0,1
6916.213426826,0,0
6917.221028118,0,1
6917.223441384,0,0
6918.231042676,0,1
6918.233455942,0,0
6919.241057230,0,1
6919.243470496,0,0
6920.251071814,0,1
6920.252341406,1,1
6920.254973166,0,1
6920.255009080,0,0
6921.261086434,0,1
6921.263499452,0,0
6922.271100992,0,1
6922.273514008,0,0
6923.281115496,0,1
6923.283528512,0,0
6924.291130104,0,1
6924.293543370,0,0
6925.301144620,0,1
6925.303557886,0,0
6926.311159166,0,1
6926.313572432,0,0
6927.321173774,0,1
6927.323587040,0,0
6928.331188370,0,1
6928.333601386,0,0
6929.341202942,0,1
6929.343615958,0,0
6930.351217514,0,1
6930.352487014,1,1
6930.355118726,0,1
6930.355154780,0,0
6931.361231908,0,1
6931.363644926,0,0
6932.371246474,0,1
6932.373659490,0,0
6933.381261008,0,1
6933.383674024,0,0
6934.391275594,0,1
6934.393688610,0,0
6935.401290164,0,1
6935.403703180,0,0
6936.411304740,0,1
6936.413717756,0,0
6937.421319310,0,1
6937.423732576,0,0
6938.431333804,0,1
6938.433747072,0,0
6939.441348368,0,1
6939.443761634,0,0
6940.451362920,0,1
6940.452632704,1,1
6940.455264772,0,1
6940.455300436,0,0
6941.461377714,0,1
6941.463790730,0,0
6942.471392292,0,1
6942.473805308,0,0
6943.481406856,0,1
6943.483819872,0,0
6944.491421426,0,1
6944.493834692,0,0
6945.501435984,0,1
6945.503849250,0,0
6946.511450550,0,1
6946.513863816,0,0
6947.521465128,0,1
6947.523878144,0,0
6948.531479712,0,1
6948.533892728,0,0
6949.541494238,0,1
6949.543907256,0,0
6950.551508780,0,1
6950.552778360,1,1
6950.555410046,0,1
6950.555446046,0,0
6951.561523404,0,1
6951.563936422,0,0
6952.571537946,0,1
6952.573950962,0,0
6953.581552502,0,1
6953.583965518,0,0
6954.591567022,0,1
6954.593980038,0,0
6955.601581576,0,1
6955.603994842,0,0
6956.611596142,0,1
6956.614009410,0,0
6957.621610730,0,1
6957.624023996,0,0
6958.631625296,0,1
6958.634038562,0,0
6959.641639874,0,1
6959.644052890,0,0
6960.651654462,0,1
6960.652924054,1,1
6960.655555808,0,1
6960.655591726,0,0
6961.661668996,0,1
6961.664082012,0,0
6962.671683586,0,1
6962.674096602,0,0
6963.681698092,0,1
6963.684111108,0,0
6964.691712658,0,1
6964.694125924,0,0
6965.701727194,0,1
6965.704140460,0,0
6966.711741764,0,1
6966.714155030,0,0
6967.721756424,0,1
6967.724169440,0,0
6968.731770946,0,1
6968.734183964,0,0
6969.741785494,0,1
6969.743055070,1,1
6969.745686824,0,1
6969.745722758,0,0
6970.751800062,0,1
6970.754213078,0,0
6971.761814626,0,1
6971.764227644,0,0
6972.771829202,0,1
6972.774242218,0,0
6973.781843718,0,1
6973.784256736,0,0
6974.791858322,0,1
6974.794271588,0,0
6975.801872844,0,1
6975.804286110,0,0
6976.811887424,0,1
6976.814300690,0,0
6977.821901974,0,1
6977.824315240,0,0
6978.831916558,0,1
6978.834329574,0,0
6979.841931156,0,1
6979.843200778,1,1
6979.845832642,0,1
6979.845868422,0,0
6980.851945694,0,1
6980.854358962,0,0
6981.861960268,0,1
6981.864373284,0,0
6982.871974846,0,1
6982.874387862,0,0
6983.881989384,0,1
6983.884402400,0,0
6984.892003950,0,1
6984.894416966,0,0
6985.902018500,0,1
6985.904431766,0,0
6986.912033104,0,1
6986.914446372,0,0
6987.922047630,0,1
6987.924460896,0,0
6988.932062254,0,1
6988.934475270,0,0
6989.942076830,0,1
6989.943346382,1,1
6989.945978178,0,1
6989.946013846,0,0
6990.952091374,0,1
6990.954504392,0,0
6991.962105896,0,1
6991.964518912,0,0
6992.972120478,0,1
6992.974533494,0,0
6993.982135072,0,1
6993.984548090,0,0
6994.992149608,0,1
6994.994562876,0,0
6996.002164150,0,1
6996.004577416,0,0
6997.012178690,0,1
6997.014591956,0,0
6998.022193352,0,1
6998.024606368,0,0
6999.032207924,0,1
6999.034620940,0,0
7000.042222468,0,1
7000.043491998,1,1
7000.046123716,0,1
7000.046159734,0,0
7001.052236870,0,1
7001.054649888,0,0
7002.062251422,0,1
7002.064664438,0,0
7003.072265986,0,1
7003.074679002,0,0
7004.082280492,0,1
7004.084693508,0,0
7005.092295108,0,1
7005.094708124,0,0
7006.102309648,0,1
7006.104722914,0,0
7007.112324172,0,1
7007.114737438,0,0
7008.122338750,0,1
7008.124752016,0,0
7009.132353318,0,1
7009.134766586,0,0
7010.142367852,0,1
7010.143637712,1,1
7010.146269728,0,1
7010.146305368,0,0
7011.152382680,0,1
7011.154795698,0,0
7012.162397252,0,1
7012.164810268,0,0
7013.172411812,0,1
7013.174824828,0,0
7014.182426386,0,1
7014.184839652,0,0
7015.192440966,0,1
7015.194854232,0,0
7016.202455484,0,1
7016.204868750,0,0
7017.212470114,0,1
7017.214883130,0,0
7018.222484684,0,1
7018.224897702,0,0
7019.232499222,0,1
7019.234912240,0,0
7020.242513788,0,1
7020.243783266,1,1
7020.246415444,0,1
7020.246451054,0,0
7021.252528164,0,1
7021.254941182,0,0
7022.262542738,0,1
7022.264955754,0,0
7023.272557304,0,1
7023.274970320,0,0
7024.282571932,0,1
7024.284984948,0,0
7025.292586462,0,1
7025.294999480,0,0
7026.302601028,0,1
7026.305014294,0,0
7027.312615526,0,1
7027.315028792,0,0
7028.322630090,0,1
7028.325043356,0,0
7029.332644686,0,1
7029.335057952,0,0
7030.342659252,0,1
7030.343928980,1,1
7030.346560514,0,1
7030.346596766,0,0
7031.352673926,0,1
7031.355086942,0,0
7032.362688458,0,1
7032.365101474,0,0
7033.372703048,0,1
7033.375116064,0,0
7034.382717622,0,1
7034.385130638,0,0
7035.392732106,0,1
7035.395145372,0,0
7036.402746696,0,1
7036.405159964,0,0
7037.412761206,0,1
7037.415174472,0,0
7038.422775838,0,1
7038.425189104,0,0
7039.432790324,0,1
7039.435203592,0,0
7040.442804996,0,1
7040.444074608,1,1
7040.446706296,0,1
7040.446742262,0,0
7041.452819556,0,1
7041.455232572,0,0
7042.462834056,0,1
7042.465247072,0,0
7043.472848616,0,1
7043.475261634,0,0
7044.482863192,0,1
7044.485276208,0,0
7045.492877764,0,1
7045.495291030,0,0
7046.502892300,0,1
7046.505305568,0,0
7047.512906830,0,1
7047.515320096,0,0
7048.522921422,0,1
7048.525334688,0,0
7049.532936022,0,1
7049.535349038,0,0
7050.542950498,0,1
7050.544220200,1,1
7050.546851826,0,1
7050.546888012,0,0
7051.552965234,0,1
7051.555378250,0,0
7052.562979796,0,1
7052.565392812,0,0
7053.572994324,0,1
7053.575407340,0,0
7054.583008886,0,1
7054.585421902,0,0
7055.593023486,0,1
7055.595436752,0,0
7056.603038024,0,1
7056.605451292,0,0
7057.613052546,0,1
7057.615465812,0,0
7058.623067104,0,1
7058.625480370,0,0
7059.633081716,0,1
7059.635494734,0,0
7060.643096312,0,1
7060.644365864,1,1
7060.646997560,0,1
7060.647033578,0,0
7061.653110902,0,1
7061.655523918,0,0
7062.663125424,0,1
7062.665538440,0,0
7063.673139976,0,1
7063.675552992,0,0
7064.683154508,0,1
7064.685567524,0,0
7065.693169066,0,1
7065.695582332,0,0
7066.703183664,0,1
7066.705596932,0,0
7067.713198192,0,1
7067.715611458,0,0
7068.723212772,0,1
7068.725625788,0,0
7069.733227338,0,1
7069.734496948,1,1
7069.737129330,0,1
7069.737164602,0,0
7070.743241914,0,1
7070.745654930,0,0
7071.753256498,0,1
7071.755669514,0,0
7072.763271014,0,1
7072.765684030,0,0
7073.773285606,0,1
7073.775698622,0,0
7074.783300132,0,1
7074.785713398,0,0
7075.793314666,0,1
7075.795727934,0,0
7076.803329276,0,1
7076.805742542,0,0
7077.813343772,0,1
7077.815757038,0,0
7078.823358416,0,1
7078.825771432,0,0
7079.833372966,0,1
7079.834642612,1,1
7079.837274226,0,1
7079.837310232,0,0
7080.843387544,0,1
7080.845800562,0,0
7081.853402092,0,1
7081.855815108,0,0
7082.863416646,0,1
7082.865829662,0,0
7083.873431210,0,1
7083.875844476,0,0
7084.883445742,0,1
7084.885859010,0,0
7085.893460298,0,1
7085.895873566,0,0
7086.903474906,0,1
7086.905887922,0,0
7087.913489444,0,1
7087.915902460,0,0
7088.923504090,0,1
7088.925917106,0,0
7089.933518572,0,1
7089.934788266,1,1
7089.937420556,0,1
7089.937456088,0,0
7090.943533220,0,1
7090.945946236,0,0
7091.953547798,0,1
7091.955960816,0,0
7092.963562388,0,1
7092.965975404,0,0
7093.973576976,0,1
7093.975990242,0,0
7094.983591470,0,1
7094.986004736,0,0
7095.993606054,0,1
7095.996019320,0,0
7097.003620610,0,1
7097.006033876,0,0
7098.013635236,0,1
7098.016048252,0,0
7099.023649766,0,1
7099.026062784,0,0
7100.033664300,0,1
7100.034933858,1,1
7100.037565588,0,1
7100.037601566,0,0
7101.043678908,0,1
7101.046091924,0,0
7102.053693438,0,1
7102.056106454,0,0
7103.063708010,0,1
7103.066121028,0,0
7104.073722542,0,1
7104.076135810,0,0
7105.083737084,0,1
7105.086150352,0,0
7106.093751628,0,1
7106.096164894,0,0
7107.103766260,0,1
7107.106179276,0,0
7108.113780778,0,1
7108.116193794,0,0
7109.123795378,0,1
7109.126208394,0,0
7110.133809914,0,1
7110.135079492,1,1
7110.137711752,0,1
7110.137747180,0,0
7111.143824444,0,1
7111.146237462,0,0
7112.153839046,0,1
7112.156252062,0,0
7113.163853584,0,1
7113.166266602,0,0
7114.173868136,0,1
7114.176281402,0,0
7115.183882638,0,1
7115.186295904,0,0
7116.193897234,0,1
7116.196310500,0,0
7117.203911844,0,1
7117.206324862,0,0
7118.213926378,0,1
7118.216339394,0,0
7119.223940956,0,1
7119.226353974,0,0
7120.233955544,0,1
7120.235225020,1,1
7120.237856872,0,1
7120.237892810,0,0
7121.243969936,0,1
7121.246382952,0,0
7122.253984514,0,1
7122.256397530,0,0
7123.263999054,0,1
7123.266412070,0,0
7124.274013616,0,1
7124.276426634,0,0
7125.284028162,0,1
7125.286441430,0,0
7126.294042698,0,1
7126.296455964,0,0
7127.304057304,0,1
7127.306470570,0,0
7128.314071896,0,1
7128.316484912,0,0
7129.324086414,0,1
7129.326499430,0,0
7130.334100986,0,1
7130.335370704,1,1
7130.338002356,0,1
7130.338038502,0,0
7131.344115700,0,1
7131.346528716,0,0
7132.354130230,0,1
7132.356543246,0,0
7133.364144768,0,1
7133.366557784,0,0
7134.374159322,0,1
7134.376572590,0,0
7135.384173902,0,1
7135.386587168,0,0
7136.394188454,0,1
7136.396601720,0,0
7137.404202978,0,1
7137.406616244,0,0
7138.414217622,0,1
7138.416630638,0,0
7139.424232192,0,1
7139.426645208,0,0
7140.434246788,0,1
7140.435516290,1,1
7140.438148362,0,1
7140.438184054,0,0
7141.444261166,0,1
7141.446674182,0,0
7142.454275712,0,1
7142.456688728,0,0
7143.464290226,0,1
7143.466703242,0,0
7144.474304844,0,1
7144.476717860,0,0
7145.484319362,0,1
7145.486732628,0,0
7146.494333904,0,1
7146.496747170,0,0
7147.504348472,0,1
7147.506761740,0,0
7148.514363032,0,1
7148.516776300,0,0
7149.524377650,0,1
7149.526790666,0,0
7150.534392196,0,1
7150.535661912,1,1
7150.538293898,0,1
7150.538329712,0,0
7151.544406870,0,1
7151.546819888,0,0
7152.554421412,0,1
7152.556834428,0,0
7153.564435972,0,1
7153.566848990,0,0
7154.574450532,0,1
7154.576863798,0,0
7155.584465054,0,1
7155.586878322,0,0
7156.594479604,0,1
7156.596892872,0,0
7157.604494210,0,1
7157.606907476,0,0
7158.614508764,0,1
7158.616921780,0,0
7159.624523366,0,1
7159.626936382,0,0
7160.634537892,0,1
7160.635807484,1,1
7160.638439312,0,1
7160.638475156,0,0
7161.644552428,0,1
7161.646965444,0,0
7162.654567046,0,1
7162.656980062,0,0
7163.664581562,0,1
7163.666994578,0,0
7164.674596074,0,1
7164.677009340,0,0
7165.684610666,0,1
7165.687023932,0,0
7166.694625174,0,1
7166.697038440,0,0
7167.704639760,0,1
7167.707053026,0,0
7168.714654348,0,1
7168.717067364,0,0
7169.724668936,0,1
7169.727081952,0,0
7170.734683494,0,1
7170.735953110,1,1
7170.738584140,0,1
7170.738584148,1,1
7170.738584160,0,1
7170.738584172,1,1
7170.738584854,0,1
7170.738585470,1,1
7170.738585474,0,1
7170.738585490,1,1
7170.738585498,0,1
7170.738585644,1,1
7170.738585654,0,1
7170.738620758,0,0
7171.744698062,0,1
7171.747111078,0,0
7172.754712614,0,1
7172.757125630,0,0
7173.764727108,0,1
7173.767140126,0,0
7174.774741690,0,1
7174.777154706,0,0
7175.784756226,0,1
7175.787169492,0,0
7176.794770824,0,1
7176.797184090,0,0
7177.804785336,0,1
7177.807198602,0,0
7178.814799926,0,1
7178.817213192,0,0
7179.824814462,0,1
7179.826084290,1,1
7179.828716246,0,1
7179.828751978,0,0
7180.834829230,0,1
7180.837242248,0,0
7181.844843784,0,1
7181.847256802,0,0
7182.854858348,0,1
7182.857271364,0,0
7183.864872900,0,1
7183.867286166,0,0
7184.874887492,0,1
7184.877300758,0,0
7185.884902020,0,1
7185.887315288,0,0
7186.894916644,0,1
7186.897329660,0,0
7187.904931160,0,1
7187.907344426,0,0
7188.914945736,0,1
7188.917358752,0,0
7189.924960302,0,1
7189.926229992,1,1
7189.928862016,0,1
7189.928897568,0,0
7190.934975000,0,1
7190.937388016,0,0
7191.944989522,0,1
7191.947402538,0,0
7192.955004136,0,1
7192.957417402,0,0
7193.965018594,0,1
7193.967431860,0,0
7194.975033184,0,1
7194.977446450,0,0
7195.985047832,0,1
7195.987460848,0,0
7196.995062342,0,1
7196.997475358,0,0
7198.005076928,0,1
7198.007489944,0,0
7199.015091496,0,1
7199.017504762,0,0
7200.025106002,0,1
7200.026375736,1,1
7200.029007384,0,1
7200.029043516,0,0
7201.035120706,0,1
7201.037533722,0,0
7202.045135266,0,1
7202.047548282,0,0
7203.055149862,0,1
7203.057563128,0,0
7204.065164338,0,1
7204.067577604,0,0
7205.075178942,0,1
7205.077591958,0,0
7206.085193584,0,1
7206.087606600,0,0
7207.095208066,0,1
7207.097621332,0,0
7208.105222634,0,1
7208.107635900,0,0
7209.115237260,0,1
7209.117650276,0,0
7210.125251792,0,1
7210.126521456,1,1
7210.129153116,0,1
7210.129189058,0,0
7211.135266364,0,1
7211.137679380,0,0
7212.145280904,0,1
7212.147693920,0,0
7213.155295478,0,1
7213.157708744,0,0
7214.165310006,0,1
7214.167723272,0,0
7215.175324642,0,1
7215.177737658,0,0
7216.185339184,0,1
7216.187752200,0,0
7217.195353706,0,1
7217.197766722,0,0
7218.205368296,0,1
7218.207781562,0,0
7219.215382816,0,1
7219.217796082,0,0
7220.225397494,0,1
7220.226667124,1,1
7220.229298924,0,1
7220.229334760,0,0
7221.235412008,0,1
7221.237825024,0,0
7222.245426560,0,1
7222.247839576,0,0
7223.255441122,0,1
7223.257854390,0,0
7224.265455748,0,1
7224.267868764,0,0
7225.275470248,0,1
7225.277883266,0,0
7226.285484810,0,1
7226.287897826,0,0
7227.295499386,0,1
7227.297912652,0,0
7228.305514002,0,1
7228.307927018,0,0
7229.315528584,0,1
7229.317941600,0,0
7230.325543078,0,1
7230.326812830,1,1
7230.329444568,0,1
7230.329480592,0,0
7231.335557744,0,1
7231.337970762,0,0
7232.345572350,0,1
7232.347985616,0,0
7233.355586932,0,1
7233.358000198,0,0
7234.365601518,0,1
7234.368014536,0,0
7235.375616048,0,1
7235.378029064,0,0
7236.385630578,0,1
7236.388043844,0,0
7237.395645154,0,1
7237.398058420,0,0
7238.405659826,0,1
7238.408072844,0,0
7239.415674352,0,1
7239.418087368,0,0
7240.425688916,0,1
7240.426958490,1,1
7240.429590206,0,1
7240.429626180,0,0
7241.435703436,0,1
7241.438116454,0,0
7242.445718024,0,1
7242.448131292,0,0
7243.455732564,0,1
7243.458145830,0,0
7244.465747130,0,1
7244.468160146,0,0
7245.475761704,0,1
7245.478174720,0,0
7246.485776286,0,1
7246.488189554,0,0
7247.495790838,0,1
7247.498204104,0,0
7248.505805404,0,1
7248.508218422,0,0
7249.515819980,0,1
7249.518232998,0,0
7250.525834572,0,1
7250.527104258,1,1
7250.529736508,0,1
7250.529771838,0,0
7251.535849202,0,1
7251.538262218,0,0
7252.545863736,0,1
7252.548277002,0,0
7253.555878328,0,1
7253.558291596,0,0
7254.565892952,0,1
7254.568305968,0,0
7255.575907478,0,1
7255.578320494,0,0
7256.585922074,0,1
7256.588335342,0,0
7257.595936608,0,1
7257.598349874,0,0
7258.605951220,0,1
7258.608364236,0,0
7259.615965782,0,1
7259.618378800,0,0
7260.625980328,0,1
7260.627249970,1,1
7260.629881800,0,1
7260.629917592,0,0
7261.635994928,0,1
7261.638407946,0,0
7262.646009440,0,1
7262.648422706,0,0
7263.656023974,0,1
7263.658437240,0,0
7264.666038620,0,1
7264.668451638,0,0
7265.676053178,0,1
7265.678466194,0,0
7266.686067666,0,1
7266.688480932,0,0
7267.696082304,0,1
7267.698495322,0,0
7268.706096892,0,1
7268.708509910,0,0
7269.716111468,0,1
7269.718524736,0,0
7270.726125980,0,1
7270.727395588,1,1
7270.730027430,0,1
7270.730063246,0,0
7271.736140526,0,1
7271.738553542,0,0
7272.746155112,0,1
7272.748568378,0,0
7273.756169650,0,1
7273.758582916,0,0
7274.766184276,0,1
7274.768597294,0,0
7275.776198844,0,1
7275.778611862,0,0
7276.786213348,0,1
7276.788626614,0,0
7277.796227926,0,1
7277.798641192,0,0
7278.806242522,0,1
7278.808655538,0,0
7279.816257100,0,1
7279.817526752,1,1
7279.820158612,0,1
7279.820194364,0,0
7280.826271620,0,1
7280.828684636,0,0
7281.836286226,0,1
7281.838699492,0,0
7282.846300746,0,1
7282.848714012,0,0
7283.856315376,0,1
7283.858728392,0,0
7284.866329910,0,1
7284.868742926,0,0
7285.876344436,0,1
7285.878757704,0,0
7286.886359052,0,1
7286.888772318,0,0
7287.896373670,0,1
7287.898786686,0,0
7288.906388234,0,1
7288.908801252,0,0
7289.916402818,0,1
7289.917672454,1,1
7289.920304576,0,1
7289.920340084,0,0
7290.926417298,0,1
7290.928830314,0,0
7291.936431832,0,1
7291.938845098,0,0
7292.946446418,0,1
7292.948859684,0,0
7293.956461028,0,1
7293.958874044,0,0
7294.966475576,0,1
7294.968888592,0,0
7295.976490112,0,1
7295.978903378,0,0
7296.986504702,0,1
7296.988917968,0,0
7297.996519328,0,1
7297.998932344,0,0
7299.006533852,0,1
7299.008946868,0,0
7300.016548416,0,1
7300.017818250,1,1
7300.020450160,0,1
7300.020485930,0,0
7301.026563180,0,1
7301.028976196,0,0
7302.036577766,0,1
7302.038991032,0,0
7303.046592304,0,1
7303.049005570,0,0
7304.056606952,0,1
7304.059019968,0,0
7305.066621516,0,1
7305.069034782,0,0
7306.076636004,0,1
7306.079049270,0,0
7307.086650624,0,1
7307.089063642,0,0
7308.096665168,0,1
7308.099078184,0,0
7309.106679756,0,1
7309.109093022,0,0
7310.116694338,0,1
7310.117963964,1,1
7310.120596272,0,1
7310.120631604,0,0
7311.126708934,0,1
7311.129121950,0,0
7312.136723482,0,1
7312.139136748,0,0
7313.146738028,0,1
7313.149151294,0,0
7314.156752676,0,1
7314.159165692,0,0
7315.166767194,0,1
7315.169180212,0,0
7316.176781786,0,1
7316.179195052,0,0
7317.186796360,0,1
7317.189209376,0,0
7318.196810926,0,1
7318.199223942,0,0
7319.206825516,0,1
7319.209238782,0,0
7320.216840038,0,1
7320.218109720,1,1
7320.220741152,0,1
7320.220777304,0,0
7321.226854706,0,1
7321.229267722,0,0
7322.236869232,0,1
7322.239282498,0,0
7323.246883854,0,1
7323.249297120,0,0
7324.256898458,0,1
7324.259311474,0,0
7325.266912994,0,1
7325.269326010,0,0
7326.276927526,0,1
7326.279340792,0,0
7327.286942086,0,1
7327.289355354,0,0
7328.296956706,0,1
7328.299369722,0,0
7329.306971254,0,1
7329.309384522,0,0
7330.316985790,0,1
7330.318255384,1,1
7330.320887126,0,1
7330.320923056,0,0
7331.327000334,0,1
7331.329413350,0,0
7332.337014904,0,1
7332.339428170,0,0
7333.347029438,0,1
7333.349442704,0,0
7334.357044108,0,1
7334.359457124,0,0
7335.367058626,0,1
7335.369471642,0,0
7336.377073176,0,1
7336.379486442,0,0
7337.387087836,0,1
7337.389500852,0,0
7338.397102370,0,1
7338.399515388,0,0
7339.407116928,0,1
7339.409530194,0,0
7340.417131498,0,1
7340.418401096,1,1
7340.421032398,0,1
7340.421068764,0,0
7341.427146078,0,1
7341.429559094,0,0
7342.437160648,0,1
7342.439573916,0,0
7343.447175228,0,1
7343.449588494,0,0
7344.457189780,0,1
7344.459602796,0,0
7345.467204364,0,1
7345.469617630,0,0
7346.477218896,0,1
7346.479632162,0,0
7347.487233520,0,1
7347.489646536,0,0
7348.497248088,0,1
7348.499661104,0,0
7349.507262618,0,1
7349.509675884,0,0
7350.517277246,0,1
7350.518546800,1,1
7350.521178544,0,1
7350.521214510,0,0
7351.527291768,0,1
7351.529704786,0,0
7352.537306360,0,1
7352.539719626,0,0
7353.547320990,0,1
7353.549734006,0,0
7354.557335530,0,1
7354.559748546,0,0
7355.567350084,0,1
7355.569763350,0,0
7356.577364648,0,1
7356.579777914,0,0
7357.587379238,0,1
7357.589792254,0,0
7358.597393822,0,1
7358.599807090,0,0
7359.607408374,0,1
7359.609821642,0,0
7360.617422998,0,1
7360.618692518,1,1
7360.621324078,0,1
7360.621360264,0,0
7361.627437408,0,1
7361.629850426,0,0
7362.637451988,0,1
7362.639865254,0,0
7363.647466528,0,1
7363.649879794,0,0
7364.657481108,0,1
7364.659894124,0,0
7365.667495668,0,1
7365.669908934,0,0
7366.677510218,0,1
7366.679923484,0,0
7367.687524810,0,1
7367.689937826,0,0
7368.697539412,0,1
7368.699952428,0,0
7369.707553948,0,1
7369.709967214,0,0
7370.717568552,0,1
7370.718838256,1,1
7370.721469862,0,1
7370.721506066,0,0
7371.727583230,0,1
7371.729996246,0,0
7372.737597822,0,1
7372.740011090,0,0
7373.747612416,0,1
7373.750025434,0,0
7374.757626978,0,1
7374.760039994,0,0
7375.767641522,0,1
7375.770054790,0,0
7376.777656160,0,1
7376.780069178,0,0
7377.787670710,0,1
7377.790083726,0,0
7378.797685248,0,1
7378.800098514,0,0
7379.807699856,0,1
7379.808969402,1,1
7379.811601258,0,1
7379.811636870,0,0
7380.817714442,0,1
7380.820127460,0,0
7381.827729022,0,1
7381.830142288,0,0
7382.837743566,0,1
7382.840156832,0,0
7383.847758186,0,1
7383.850171202,0,0
7384.857772706,0,1
7384.860185972,0,0
7385.867787258,0,1
7385.870200524,0,0
7386.877801868,0,1
7386.880214884,0,0
7387.887816446,0,1
7387.890229462,0,0
7388.897830970,0,1
7388.900244238,0,0
7389.907845604,0,1
7389.909115146,1,1
7389.911746750,0,1
7389.911782870,0,0
7390.917860038,0,1
7390.920273054,0,0
7391.927874658,0,1
7391.930287676,0,0
7392.937889168,0,1
7392.940302434,0,0
7393.947903750,0,1
7393.950317016,0,0
7394.957918324,0,1
7394.960331340,0,0
7395.967932924,0,1
7395.970345940,0,0
7396.977947476,0,1
7396.980360742,0,0
7397.987962094,0,1
7397.990375110,0,0
7398.997976636,0,1
7399.000389652,0,0
7400.007991206,0,1
7400.009260896,1,1
7400.011892868,0,1
7400.011928472,0,0
7401.018005842,0,1
7401.020418860,0,0
7402.028020364,0,1
7402.030433632,0,0
7403.038034978,0,1
7403.040448244,0,0
7404.048049584,0,1
7404.050462602,0,0
7405.058064150,0,1
7405.060477166,0,0
7406.068078696,0,1
7406.070491964,0,0
7407.078093336,0,1
7407.080506352,0,0
7408.088107848,0,1
7408.090520864,0,0
7409.098122468,0,1
7409.100535734,0,0
7410.108137018,0,1
7410.109406606,1,1
7410.112038256,0,1
7410.112074284,0,0
7411.118151512,0,1
7411.120564528,0,0
7412.128166062,0,1
7412.130579328,0,0
7413.138180640,0,1
7413.140593906,0,0
7414.148195236,0,1
7414.150608252,0,0
7415.158209832,0,1
7415.160622848,0,0
7416.168224378,0,1
7416.170637644,0,0
7417.178238982,0,1
7417.180651998,0,0
7418.188253552,0,1
7418.190666568,0,0
7419.198268070,0,1
7419.200681336,0,0
7420.208282644,0,1
7420.209552390,1,1
7420.212184172,0,1
7420.212220158,0,0
7421.218297314,0,1
7421.220710330,0,0
7422.228311888,0,1
7422.230725154,0,0
7423.238326478,0,1
7423.240739744,0,0
7424.248341088,0,1
7424.250754106,0,0
7425.258355650,0,1
7425.260768666,0,0
7426.268370156,0,1
7426.270783424,0,0
7427.278384788,0,1
7427.280797804,0,0
7428.288399346,0,1
7428.290812364,0,0
7429.298413914,0,1
7429.300827180,0,0
7430.308428550,0,1
7430.309698130,1,1
7430.312330318,0,1
7430.312365814,0,0
7431.318443102,0,1
7431.320856118,0,0
7432.328457624,0,1
7432.330870890,0,0
7433.338472204,0,1
7433.340885470,0,0
7434.348486818,0,1
7434.350899834,0,0
7435.358501356,0,1
7435.360914372,0,0
7436.368515896,0,1
7436.370929164,0,0
7437.378530542,0,1
7437.380943558,0,0
7438.388545072,0,1
7438.390958088,0,0
7439.398559682,0,1
7439.400972950,0,0
7440.408574208,0,1
7440.409843902,1,1
7440.412475600,0,1
7440.412511474,0,0
7441.418588874,0,1
7441.421001890,0,0
7442.428603450,0,1
7442.431016718,0,0
7443.438618050,0,1
7443.441031068,0,0
7444.448632566,0,1
7444.451045582,0,0
7445.458647112,0,1
7445.461060380,0,0
7446.468661796,0,1
7446.471074812,0,0
7447.478676322,0,1
7447.481089338,0,0
7448.488690882,0,1
7448.491104148,0,0
7449.498705534,0,1
7449.501118550,0,0
7450.508720036,0,1
7450.509989598,1,1
7450.512620900,0,1
7450.512657302,0,0
7451.518734612,0,1
7451.521147628,0,0
7452.528749174,0,1
7452.531162442,0,0
7453.538763740,0,1
7453.541177006,0,0
7454.548778354,0,1
7454.551191372,0,0
7455.558792914,0,1
7455.561206182,0,0
7456.568807452,0,1
7456.571220718,0,0
7457.578822104,0,1
7457.581235120,0,0
7458.588836658,0,1
7458.591249676,0,0
7459.598851240,0,1
7459.601264506,0,0
7460.608865744,0,1
7460.610135352,1,1
7460.612767388,0,1
7460.612803008,0,0
7461.618880326,0,1
7461.621293342,0,0
7462.628894880,0,1
7462.631308148,0,0
7463.638909458,0,1
7463.641322724,0,0
7464.648924012,0,1
7464.651337028,0,0
7465.658938630,0,1
7465.661351646,0,0
7466.668953114,0,1
7466.671366380,0,0
7467.678967780,0,1
7467.681380796,0,0
7468.688982338,0,1
7468.691395354,0,0
7469.698996854,0,1
7469.701410120,0,0
7470.709011460,0,1
7470.710281066,1,1
7470.712913142,0,1
7470.712948724,0,0
7471.719026060,0,1
7471.721439078,0,0
7472.729040644,0,1
7472.731453910,0,0
7473.739055226,0,1
7473.741468244,0,0
7474.749069796,0,1
7474.751482812,0,0
7475.759084352,0,1
7475.761497618,0,0
7476.769098950,0,1
7476.771512216,0,0
7477.779113532,0,1
7477.781526550,0,0
7478.789128082,0,1
7478.791541348,0,0
7479.799142634,0,1
7479.800412224,1,1
7479.803043890,0,1
7479.803079898,0,0
7480.809157224,0,1
7480.811570240,0,0
7481.819171752,0,1
7481.821585018,0,0
7482.829186328,0,1
7482.831599596,0,0
7483.839200948,0,1
7483.841613966,0,0
7484.849215494,0,1
7484.851628510,0,0
7485.859230012,0,1
7485.861643278,0,0
7486.869244642,0,1
7486.871657658,0,0
7487.879259210,0,1
7487.881672226,0,0
7488.889273806,0,1
7488.891687072,0,0
7489.899288376,0,1
7489.900558022,1,1
7489.903189888,0,1
7489.903225642,0,0
7490.909302972,0,1
7490.911715988,0,0
7491.919317528,0,1
7491.921730796,0,0
7492.929332060,0,1
7492.931745328,0,0
7493.939346670,0,1
7493.941759686,0,0
7494.949361268,0,1
7494.951774534,0,0
7495.959375782,0,1
7495.961789048,0,0
7496.969390392,0,1
7496.971803410,0,0
7497.979404960,0,1
7497.981817978,0,0
7498.989419528,0,1
7498.991832794,0,0
7499.999434076,0,1
7500.000703734,1,1
7500.003335516,0,1
7500.003371342,0,0
7501.009448674,0,1
7501.011861690,0,0
7502.019463262,0,1
7502.021876528,0,0
7503.029477816,0,1
7503.031891084,0,0
7504.039492442,0,1
7504.041905458,0,0
7505.049506998,0,1
7505.051920014,0,0
7506.059521534,0,1
7506.061934802,0,0
7507.069536192,0,1
7507.071949210,0,0
7508.079550706,0,1
7508.081963722,0,0
7509.089565238,0,1
7509.091978504,0,0
7510.099579912,0,1
7510.100849480,1,1
7510.103481180,0,1
7510.103517178,0,0
7511.109594470,0,1
7511.112007486,0,0
7512.119609044,0,1
7512.122022310,0,0
7513.129623554,0,1
7513.132036820,0,0
7514.139638176,0,1
7514.142051192,0,0
7515.149652712,0,1
7515.152065728,0,0
7516.159667320,0,1
7516.162080586,0,0
7517.169681890,0,1
7517.172094906,0,0
7518.179696484,0,1
7518.182109500,0,0
7519.189710976,0,1
7519.192124242,0,0
7520.199725566,0,1
7520.200995236,1,1
7520.203627118,0,1
7520.203662830,0,0
7521.209740234,0,1
7521.212153250,0,0
7522.219754792,0,1
7522.222168058,0,0
7523.229769350,0,1
7523.232182618,0,0
7524.239783940,0,1
7524.242196956,0,0
7525.249798540,0,1
7525.252211556,0,0
7526.259813152,0,1
7526.262226168,0,0
7527.269827656,0,1
7527.272240920,0,0
7528.279842284,0,1
7528.282255300,0,0
7529.289856818,0,1
7529.292269834,0,0
7530.299871356,0,1
7530.301140944,1,1
7530.303772930,0,1
7530.303808620,0,0
7531.309885936,0,1
7531.312298952,0,0
7532.319900482,0,1
7532.322313748,0,0
7533.329915100,0,1
7533.332328368,0,0
7534.339929660,0,1
7534.342342676,0,0
7535.349944252,0,1
7535.352357268,0,0
7536.359958786,0,1
7536.362372052,0,0
7537.369973384,0,1
7537.372386400,0,0
7538.379987978,0,1
7538.382400994,0,0
7539.390002484,0,1
7539.392415750,0,0
7540.400017078,0,1
7540.401286776,1,1
7540.403918606,0,1
7540.403954594,0,0
7541.410031852,0,1
7541.412444868,0,0
7542.420046418,0,1
7542.422459684,0,0
7543.430061066,0,1
7543.432474082,0,0
7544.440075638,0,1
7544.442488656,0,0
7545.450090168,0,1
7545.452503434,0,0
7546.460104826,0,1
7546.462517844,0,0
7547.470119338,0,1
7547.472532356,0,0
7548.480133890,0,1
7548.482547158,0,0
7549.490148532,0,1
7549.492561548,0,0
7550.500163106,0,1
7550.501432478,1,1
7550.504064206,0,1
7550.504100122,0,0
7551.510177380,0,1
7551.512590396,0,0
7552.520191954,0,1
7552.522605220,0,0
7553.530206510,0,1
7553.532619776,0,0
7554.540221098,0,1
7554.542634114,0,0
7555.550235660,0,1
7555.552648676,0,0
7556.560250246,0,1
7556.562663512,0,0
7557.570264828,0,1
7557.572677844,0,0
7558.580279432,0,1
7558.582692448,0,0
7559.590293952,0,1
7559.592707218,0,0
7560.600308544,0,1
7560.601578204,1,1
7560.604210576,0,1
7560.604245810,0,0
7561.610323072,0,1
7561.612736090,0,0
7562.620337624,0,1
7562.622750890,0,0
7563.630352202,0,1
7563.632765468,0,0
7564.640366814,0,1
7564.642779830,0,0
7565.650381406,0,1
7565.652794422,0,0
7566.660395944,0,1
7566.662809212,0,0
7567.670410562,0,1
7567.672823578,0,0
7568.680425138,0,1
7568.682838154,0,0
7569.690439666,0,1
7569.692852932,0,0
7570.700454246,0,1
7570.701723976,1,1
7570.704355676,0,1
7570.704391760,0,0
7571.710468884,0,1
7571.712881900,0,0
7572.720483472,0,1
7572.722896738,0,0
7573.730498036,0,1
7573.732911302,0,0
7574.740512616,0,1
7574.742925632,0,0
7575.750527174,0,1
7575.752940190,0,0
7576.760541750,0,1
7576.762955016,0,0
7577.770556364,0,1
7577.772969380,0,0
7578.780570914,0,1
7578.782983930,0,0
7579.790585510,0,1
7579.791855136,1,1
7579.794486862,0,1
7579.794522776,0,0
7580.800600030,0,1
7580.803013046,0,0
7581.810614576,0,1
7581.813027842,0,0
7582.820629134,0,1
7582.823042400,0,0
7583.830643746,0,1
7583.833056762,0,0
7584.840658302,0,1
7584.843071320,0,0
7585.850672880,0,1
7585.853086146,0,0
7586.860687524,0,1
7586.863100540,0,0
7587.870702070,0,1
7587.873115088,0,0
7588.880716602,0,1
7588.883129868,0,0
7589.890731184,0,1
7589.892000918,1,1
7589.894632654,0,1
7589.894668700,0,0
7590.900745846,0,1
7590.903158862,0,0
7591.910760420,0,1
7591.913173686,0,0
7592.920774960,0,1
7592.923188226,0,0
7593.930789538,0,1
7593.933202804,0,0
7594.940804152,0,1
7594.943217170,0,0
7595.950818674,0,1
7595.953231690,0,0
7596.960833304,0,1
7596.963246572,0,0
7597.970847886,0,1
7597.973260902,0,0
7598.980862462,0,1
7598.983275478,0,0
7599.990877012,0,1
7599.992146660,1,1
7599.994778698,0,1
7599.994814278,0,0
7601.000891552,0,1
7601.003304570,0,0
7602.010906100,0,1
7602.013319366,0,0
7603.020920666,0,1
7603.023333934,0,0
7604.030935310,0,1
7604.033348326,0,0
7605.040949852,0,1
7605.043362868,0,0
7606.050964382,0,1
7606.053377648,0,0
7607.060978900,0,1
7607.063392166,0,0
7608.070993578,0,1
7608.073406596,0,0
7609.081008138,0,1
7609.083421154,0,0
7610.091022646,0,1
7610.092292432,1,1
7610.094924048,0,1
7610.094960160,0,0
7611.101037358,0,1
7611.103450374,0,0
7612.111051952,0,1
7612.113465218,0,0
7613.121066458,0,1
7613.123479724,0,0
7614.131081106,0,1
7614.133494122,0,0
7615.141095640,0,1
7615.143508658,0,0
7616.151110206,0,1
7616.153523472,0,0
7617.161124824,0,1
7617.163537840,0,0
7618.171139422,0,1
7618.173552438,0,0
7619.181153940,0,1
7619.183567206,0,0
7620.191168486,0,1
7620.192438196,1,1
7620.195069900,0,1
7620.195106002,0,0
7621.201183182,0,1
7621.203596198,0,0
7622.211197736,0,1
7622.213611002,0,0
7623.221212296,0,1
7623.223625562,0,0
7624.231226894,0,1
7624.233639910,0,0
7625.241241482,0,1
7625.243654498,0,0
7626.251256044,0,1
7626.253669310,0,0
7627.261270562,0,1
7627.263683828,0,0
7628.271285170,0,1
7628.273698186,0,0
7629.281299730,0,1
7629.283712746,0,0
7630.291314342,0,1
7630.292583906,1,1
7630.295215924,0,1
7630.295251606,0,0
7631.301328932,0,1
7631.303741948,0,0
7632.311343456,0,1
7632.313756722,0,0
7633.321358010,0,1
7633.323771276,0,0
7634.331372634,0,1
7634.333785650,0,0
7635.341387184,0,1
7635.343800450,0,0
7636.351401738,0,1
7636.353815004,0,0
7637.361416322,0,1
7637.363829338,0,0
7638.371430932,0,1
7638.373843950,0,0
7639.381445470,0,1
7639.383858736,0,0
7640.391460116,0,1
7640.392729714,1,1
7640.395361648,0,1
7640.395397382,0,0
7641.401474636,0,1
7641.403887652,0,0
7642.411489228,0,1
7642.413902496,0,0
7643.421503838,0,1
7643.423916856,0,0
7644.431518390,0,1
7644.433931408,0,0
7645.441532934,0,1
7645.443946200,0,0
7646.451547494,0,1
7646.453960760,0,0
7647.461562168,0,1
7647.463975184,0,0
7648.471576680,0,1
7648.473989946,0,0
7649.481591286,0,1
7649.484004554,0,0
7650.491605850,0,1
7650.492875454,1,1
7650.495507156,0,1
7650.495543116,0,0
7651.501620452,0,1
7651.504033468,0,0
7652.511634948,0,1
7652.514048214,0,0
7653.521649552,0,1
7653.524062818,0,0
7654.531664128,0,1
7654.534077144,0,0
7655.541678722,0,1
7655.544091990,0,0
7656.551693240,0,1
7656.554106506,0,0
7657.561707876,0,1
7657.564120892,0,0
7658.571722406,0,1
7658.574135422,0,0
7659.581737006,0,1
7659.584150272,0,0
7660.591751664,0,1
7660.593021266,1,1
7660.595653286,0,1
7660.595688928,0,0
7661.601766214,0,1
7661.604179230,0,0
7662.611780708,0,1
7662.614193724,0,0
7663.621795280,0,1
7663.624208546,0,0
7664.631809948,0,1
7664.634222964,0,0
7665.641824494,0,1
7665.644237510,0,0
7666.651839020,0,1
7666.654252286,0,0
7667.661853666,0,1
7667.664266684,0,0
7668.671868226,0,1
7668.674281242,0,0
7669.681882808,0,1
7669.684296074,0,0
7670.691897342,0,1
7670.693166994,1,1
7670.695798828,0,1
7670.695834608,0,0
7671.701911914,0,1
7671.704324930,0,0
7672.711926474,0,1
7672.714339742,0,0
7673.721940964,0,1
7673.724354230,0,0
7674.731955644,0,1
7674.734368660,0,0
7675.741970154,0,1
7675.744383170,0,0
7676.751984754,0,1
7676.754398022,0,0
7677.761999346,0,1
7677.764412364,0,0
7678.772013876,0,1
7678.774426892,0,0
7679.782028464,0,1
7679.783298222,1,1
7679.785930256,0,1
7679.785965730,0,0
7680.792043126,0,1
7680.794456142,0,0
7681.802057704,0,1
7681.804470970,0,0
7682.812072312,0,1
7682.814485328,0,0
7683.822086882,0,1
7683.824499900,0,0
7684.832101430,0,1
7684.834514696,0,0
7685.842115972,0,1
7685.844529238,0,0
7686.852130630,0,1
7686.854543646,0,0
7687.862145150,0,1
7687.864558416,0,0
7688.872159754,0,1
7688.874573022,0,0
7689.882174330,0,1
7689.883443980,1,1
7689.886075328,0,1
7689.886111596,0,0
7690.892188896,0,1
7690.894601914,0,0
7691.902203450,0,1
7691.904616718,0,0
7692.912218016,0,1
7692.914631284,0,0
7693.922232628,0,1
7693.924645644,0,0
7694.932247200,0,1
7694.934660466,0,0
7695.942261706,0,1
7695.944674972,0,0
7696.952276328,0,1
7696.954689344,0,0
7697.962290896,0,1
7697.964703912,0,0
7698.972305466,0,1
7698.974718732,0,0
7699.982320108,0,1
7699.983589700,1,1
7699.986221156,0,1
7699.986257374,0,0
7700.992334632,0,1
7700.994747648,0,0
7702.002349206,0,1
7702.004762472,0,0
7703.012363740,0,1
7703.014777008,0,0
7704.022378352,0,1
7704.024791368,0,0
7705.032392938,0,1
7705.034805954,0,0
7706.042407464,0,1
7706.044820730,0,0
7707.052422102,0,1
7707.054835118,0,0
7708.062436656,0,1
7708.064849672,0,0
7709.072451202,0,1
7709.074864468,0,0
7710.082465790,0,1
7710.083735446,1,1
7710.086367224,0,1
7710.086403056,0,0
7711.092480324,0,1
7711.094893342,0,0
7712.102494862,0,1
7712.104908128,0,0
7713.112509386,0,1
7713.114922652,0,0
7714.122524028,0,1
7714.124937044,0,0
7715.132538596,0,1
7715.134951612,0,0
7716.142553138,0,1
7716.144966404,0,0
7717.152567784,0,1
7717.154980800,0,0
7718.162582326,0,1
7718.164995344,0,0
7719.172596910,0,1
7719.175010176,0,0
7720.182611416,0,1
7720.183881210,1,1
7720.186513074,0,1
7720.186548932,0,0
7721.192626262,0,1
7721.195039278,0,0
7722.202640794,0,1
7722.205054060,0,0
7723.212655440,0,1
7723.215068456,0,0
7724.222669976,0,1
7724.225082992,0,0
7725.232684558,0,1
7725.235097824,0,0
7726.242699150,0,1
7726.245112166,0,0
7727.252713702,0,1
7727.255126718,0,0
7728.262728284,0,1
7728.265141300,0,0
7729.272742836,0,1
7729.275156102,0,0
7730.282757410,0,1
7730.284027010,1,1
7730.286658732,0,1
7730.286694676,0,0
7731.292772008,0,1
7731.295185024,0,0
7732.302786510,0,1
7732.305199776,0,0
7733.312801114,0,1
7733.315214132,0,0
7734.322815736,0,1
7734.325228752,0,0
7735.332830274,0,1
7735.335243542,0,0
7736.342844880,0,1
7736.345257896,0,0
7737.352859404,0,1
7737.355272420,0,0
7738.362874024,0,1
7738.365287290,0,0
7739.372888616,0,1
7739.375301632,0,0
7740.382903184,0,1
7740.384172736,1,1
7740.386804456,0,1
7740.386840200,0,0
7741.392917596,0,1
7741.395330612,0,0
7742.402932174,0,1
7742.405345440,0,0
7743.412946696,0,1
7743.415359962,0,0
7744.422961322,0,1
7744.425374340,0,0
7745.432975866,0,1
7745.435389132,0,0
7746.442990424,0,1
7746.445403690,0,0
7747.453005004,0,1
7747.455418020,0,0
7748.463019654,0,1
7748.465432672,0,0
7749.473034136,0,1
7749.475447402,0,0
7750.483048822,0,1
7750.484318428,1,1
7750.486950030,0,1
7750.486986086,0,0
7751.493063308,0,1
7751.495476324,0,0
7752.503077908,0,1
7752.505491174,0,0
7753.513092534,0,1
7753.515505550,0,0
7754.523107080,0,1
7754.525520096,0,0
7755.533121620,0,1
7755.535534886,0,0
7756.543136180,0,1
7756.545549448,0,0
7757.553150808,0,1
7757.555563824,0,0
7758.563165346,0,1
7758.565578610,0,0
7759.573179960,0,1
7759.575593228,0,0
7760.583194544,0,1
7760.584464298,1,1
7760.587096118,0,1
7760.587131810,0,0
7761.593209220,0,1
7761.595622236,0,0
7762.603223816,0,1
7762.605637082,0,0
7763.613238376,0,1
7763.615651392,0,0
7764.623252928,0,1
7764.625665944,0,0
7765.633267484,0,1
7765.635680750,0,0
7766.643282120,0,1
7766.645695136,0,0
7767.653296700,0,1
7767.655709716,0,0
7768.663311210,0,1
7768.665724476,0,0
7769.673325840,0,1
7769.675738856,0,0
7770.683340402,0,1
7770.684609958,1,1
7770.687241334,0,1
7770.687277418,0,0
7771.693354946,0,1
7771.695767962,0,0
7772.703369504,0,1
7772.705782772,0,0
7773.713384126,0,1
7773.715797142,0,0
7774.723398678,0,1
7774.725811694,0,0
7775.733413202,0,1
7775.735826468,0,0
7776.743427862,0,1
7776.745840878,0,0
7777.753442398,0,1
7777.755855414,0,0
7778.763456962,0,1
7778.765870228,0,0
7779.773471614,0,1
7779.774741222,1,1
7779.777372918,0,1
7779.777408880,0,0
7780.783486082,0,1
7780.785899098,0,0
7781.793500684,0,1
7781.795913950,0,0
7782.803515344,0,1
7782.805928362,0,0
7783.813529856,0,1
7783.815942872,0,0
7784.823544410,0,1
7784.825957676,0,0
7785.833559050,0,1
7785.835972066,0,0
7786.843573606,0,1
7786.845986622,0,0
7787.853588128,0,1
7787.856001394,0,0
7788.863602762,0,1
7788.866015778,0,0
7789.873617308,0,1
7789.874886904,1,1
7789.877518734,0,1
7789.877554574,0,0
7790.883631898,0,1
7790.886044914,0,0
7791.893646430,0,1
7791.896059696,0,0
7792.903661034,0,1
7792.906074050,0,0
7793.913675578,0,1
7793.916088596,0,0
7794.923690136,0,1
7794.926103402,0,0
7795.933704728,0,1
7795.936117994,0,0
7796.943719382,0,1
7796.946132400,0,0
7797.953733890,0,1
7797.956146906,0,0
7798.963748476,0,1
7798.966161744,0,0
7799.973763050,0,1
7799.975032672,1,1
7799.977664366,0,1
7799.977700314,0,0
7800.983777600,0,1
7800.986190616,0,0
7801.993792156,0,1
7801.996205424,0,0
7803.003806732,0,1
7803.006219998,0,0
7804.013821362,0,1
7804.016234380,0,0
7805.023835936,0,1
7805.026249202,0,0
7806.033850472,0,1
7806.036263740,0,0
7807.043865132,0,1
7807.046278150,0,0
7808.053879634,0,1
7808.056292650,0,0
7809.063894248,0,1
7809.066307514,0,0
7810.073908840,0,1
7810.075178472,1,1
7810.077810734,0,1
7810.077846106,0,0
7811.083923356,0,1
7811.086336372,0,0
7812.093937918,0,1
7812.096351184,0,0
7813.103952524,0,1
7813.106365792,0,0
7814.113967072,0,1
7814.116380090,0,0
7815.123981674,0,1
7815.126394940,0,0
7816.133996200,0,1
7816.136409466,0,0
7817.144010824,0,1
7817.146423840,0,0
7818.154025390,0,1
7818.156438408,0,0
7819.164039958,0,1
7819.166453226,0,0
7820.174054582,0,1
7820.175324034,1,1
7820.177955744,0,1
7820.177991846,0,0
7821.184069110,0,1
7821.186482126,0,0
7822.194083642,0,1
7822.196496908,0,0
7823.204098314,0,1
7823.206511330,0,0
7824.214112834,0,1
7824.216525850,0,0
7825.224127376,0,1
7825.226540642,0,0
7826.234142026,0,1
7826.236555042,0,0
7827.244156540,0,1
7827.246569558,0,0
7828.254171142,0,1
7828.256584408,0,0
7829.264185716,0,1
7829.266598732,0,0
7830.274200290,0,1
7830.275469722,1,1
7830.278101246,0,1
7830.278137304,0,0
7831.284214762,0,1
7831.286627778,0,0
7832.294229240,0,1
7832.296642506,0,0
7833.304243806,0,1
7833.306657072,0,0
7834.314258450,0,1
7834.316671466,0,0
7835.324273012,0,1
7835.326686278,0,0
7836.334287538,0,1
7836.336700804,0,0
7837.344302164,0,1
7837.346715180,0,0
7838.354316754,0,1
7838.356729770,0,0
7839.364331316,0,1
7839.366744582,0,0
7840.374345944,0,1
7840.375615316,1,1
7840.378247116,0,1
7840.378282958,0,0
7841.384360220,0,1
7841.386773236,0,0
7842.394374800,0,1
7842.396787816,0,0
7843.404389298,0,1
7843.406802564,0,0
7844.414403922,0,1
7844.416817188,0,0
7845.424418512,0,1
7845.426831528,0,0
7846.434433048,0,1
7846.436846064,0,0
7847.444447644,0,1
7847.446860910,0,0
7848.454462192,0,1
7848.456875458,0,0
7849.464476786,0,1
7849.466889802,0,0
7850.474491330,0,1
7850.475760990,1,1
7850.478392364,0,1
7850.478428594,0,0
7851.484505872,0,1
7851.486918888,0,0
7852.494520450,0,1
7852.496933466,0,0
7853.504535024,0,1
7853.506948290,0,0
7854.514549574,0,1
7854.516962840,0,0
7855.524564188,0,1
7855.526977204,0,0
7856.534578718,0,1
7856.536991736,0,0
7857.544593262,0,1
7857.547006530,0,0
7858.554607826,0,1
7858.557021092,0,0
7859.564622484,0,1
7859.567035500,0,0
7860.574637008,0,1
7860.575906614,1,1
7860.578538370,0,1
7860.578574274,0,0
7861.584651570,0,1
7861.587064586,0,0
7862.594666096,0,1
7862.597079114,0,0
7863.604680714,0,1
7863.607093980,0,0
7864.614695224,0,1
7864.617108490,0,0
7865.624709834,0,1
7865.627123100,0,0
7866.634724424,0,1
7866.637137442,0,0
7867.644738978,0,1
7867.647151994,0,0
7868.654753544,0,1
7868.657166562,0,0
7869.664768092,0,1
7869.667181358,0,0
7870.674782636,0,1
7870.676052222,1,1
7870.678683880,0,1
7870.678719902,0,0
7871.684797214,0,1
7871.687210230,0,0
7872.694811732,0,1
7872.697224748,0,0
7873.704826318,0,1
7873.707239584,0,0
7874.714840838,0,1
7874.717254104,0,0
7875.724855444,0,1
7875.727268710,0,0
7876.734870006,0,1
7876.737283022,0,0
7877.744884608,0,1
7877.747297624,0,0
7878.754899134,0,1
7878.757312150,0,0
7879.764913696,0,1
7879.766183324,1,1
7879.768815088,0,1
7879.768850962,0,0
7880.774928240,0,1
7880.777341256,0,0
7881.784942818,0,1
7881.787355834,0,0
7882.794957372,0,1
7882.797370388,0,0
7883.804971868,0,1
7883.807385134,0,0
7884.814986458,0,1
7884.817399724,0,0
7885.825001054,0,1
7885.827414320,0,0
7886.835015668,0,1
7886.837428684,0,0
7887.845030208,0,1
7887.847443224,0,0
7888.855044736,0,1
7888.857457752,0,0
7889.865059286,0,1
7889.866328962,1,1
7889.868960894,0,1
7889.868996552,0,0
7890.875074018,0,1
7890.877487034,0,0
7891.885088528,0,1
7891.887501544,0,0
7892.895103092,0,1
7892.897516108,0,0
7893.905117654,0,1
7893.907530920,0,0
7894.915132212,0,1
7894.917545480,0,0
7895.925146832,0,1
7895.927559848,0,0
7896.935161408,0,1
7896.937574424,0,0
7897.945175954,0,1
7897.947588972,0,0
7898.955190506,0,1
7898.957603522,0,0
7899.965205044,0,1
7899.966474568,1,1
7899.969106812,0,1
7899.969142060,0,0
7900.975219438,0,1
7900.977632456,0,0
7901.985234002,0,1
7901.987647018,0,0
7902.995248554,0,1
7902.997661570,0,0
7904.005263174,0,1
7904.007676190,0,0
7905.015277680,0,1
7905.017690946,0,0
7906.025292250,0,1
7906.027705516,0,0
7907.035306812,0,1
7907.037720080,0,0
7908.045321336,0,1
7908.047734602,0,0
7909.055335880,0,1
7909.057749148,0,0
7910.065350566,0,1
7910.066620186,1,1
7910.069251886,0,1
7910.069287832,0,0
7911.075365068,0,1
7911.077778086,0,0
7912.085379618,0,1
7912.087792634,0,0
7913.095394176,0,1
7913.097807192,0,0
7914.105408728,0,1
7914.107821744,0,0
7915.115423336,0,1
7915.117836602,0,0
7916.125437864,0,1
7916.127851132,0,0
7917.135452378,0,1
7917.137865644,0,0
7918.145466938,0,1
7918.147880204,0,0
7919.155481486,0,1
7919.157894752,0,0
7920.165496096,0,1
7920.166765820,1,1
7920.169397466,0,1
7920.169433612,0,0
7921.175510840,0,1
7921.177923856,0,0
7922.185525350,0,1
7922.187938366,0,0
7923.195539878,0,1
7923.197952894,0,0
7924.205554476,0,1
7924.207967742,0,0
7925.215569000,0,1
7925.217982266,0,0
7926.225583572,0,1
7926.227996838,0,0
7927.235598214,0,1
7927.238011232,0,0
7928.245612756,0,1
7928.248025774,0,0
7929.255627314,0,1
7929.258040330,0,0
7930.265641846,0,1
7930.266911484,1,1
7930.269543024,0,1
7930.269579112,0,0
7931.275656444,0,1
7931.278069460,0,0
7932.285670942,0,1
7932.288083958,0,0
7933.295685534,0,1
7933.298098550,0,0
7934.305700120,0,1
7934.308113136,0,0
7935.315714674,0,1
7935.318127690,0,0
7936.325729194,0,1
7936.328142462,0,0
7937.335743730,0,1
7937.338156996,0,0
7938.345758338,0,1
7938.348171604,0,0
7939.355772962,0,1
7939.358185978,0,0
7940.365787494,0,1
7940.367057104,1,1
7940.369689300,0,1
7940.369724760,0,0
7941.375802016,0,1
7941.378215032,0,0
7942.385816620,0,1
7942.388229636,0,0
7943.395831150,0,1
7943.398244166,0,0
7944.405845686,0,1
7944.408258952,0,0
7945.415860234,0,1
7945.418273502,0,0
7946.425874850,0,1
7946.428288116,0,0
7947.435889364,0,1
7947.438302630,0,0
7948.445903956,0,1
7948.448316972,0,0
7949.455918560,0,1
7949.458331576,0,0
7950.465933128,0,1
7950.467202702,1,1
7950.469834598,0,1
7950.469870392,0,0
7951.475947662,0,1
7951.478360678,0,0
7952.485962212,0,1
7952.488375228,0,0
7953.495976768,0,1
7953.498389784,0,0
7954.505991318,0,1
7954.508404584,0,0
7955.516005886,0,1
7955.518419152,0,0
7956.526020436,0,1
7956.528433702,0,0
7957.536034990,0,1
7957.538448256,0,0
7958.546049630,0,1
7958.548462646,0,0
7959.556064166,0,1
7959.558477182,0,0
7960.566078702,0,1
7960.567348372,1,1
7960.569980202,0,1
7960.570015966,0,0
7961.576093424,0,1
7961.578506440,0,0
7962.586107932,0,1
7962.588520948,0,0
7963.596122548,0,1
7963.598535564,0,0
7964.606137062,0,1
7964.608550328,0,0
7965.616151652,0,1
7965.618564920,0,0
7966.626166170,0,1
7966.628579436,0,0
7967.636180798,0,1
7967.638593814,0,0
7968.646195328,0,1
7968.648608346,0,0
7969.656209958,0,1
7969.658622974,0,0
7970.666224478,0,1
7970.667494020,1,1
7970.670125504,0,1
7970.670161494,0,0
7971.676239018,0,1
7971.678652034,0,0
7972.686253610,0,1
7972.688666628,0,0
7973.696268146,0,1
7973.698681162,0,0
7974.706282702,0,1
7974.708695968,0,0
7975.716297256,0,1
7975.718710522,0,0
7976.726311792,0,1
7976.728725058,0,0
7977.736326364,0,1
7977.738739630,0,0
7978.746340958,0,1
7978.748753974,0,0
7979.756355524,0,1
7979.757625042,1,1
7979.760256624,0,1
7979.760292790,0,0
7980.766369934,0,1
7980.768782952,0,0
7981.776384518,0,1
7981.778797534,0,0
7982.786399078,0,1
7982.788812096,0,0
7983.796413664,0,1
7983.798826930,0,0
7984.806428152,0,1
7984.808841418,0,0
7985.816442788,0,1
7985.818856054,0,0
7986.826457304,0,1
7986.828870570,0,0
7987.836471958,0,1
7987.838884974,0,0
7988.846486484,0,1
7988.848899500,0,0
7989.856501018,0,1
7989.857770750,1,1
7989.860402588,0,1
7989.860438532,0,0
7990.866515724,0,1
7990.868928740,0,0
7991.876530298,0,1
7991.878943314,0,0
7992.886544826,0,1
7992.888957842,0,0
7993.896559380,0,1
7993.898972646,0,0
7994.906573922,0,1
7994.908987190,0,0
7995.916588474,0,1
7995.919001740,0,0
7996.926603110,0,1
7996.929016126,0,0
7997.936617672,0,1
7997.939030688,0,0
7998.946632212,0,1
7998.949045228,0,0
7999.956646802,0,1
7999.957916380,1,1
7999.960548080,0,1
7999.960584066,0,0
8000.966661346,0,1
8000.969074362,0,0
8001.976675880,0,1
8001.979088896,0,0
8002.986690410,0,1
8002.989103426,0,0
8003.996705016,0,1
8003.999118032,0,0
8005.006719572,0,1
8005.009132588,0,0
8006.016734146,0,1
8006.019147162,0,0
8007.026748718,0,1
8007.029161984,0,0
8008.036763200,0,1
8008.039176466,0,0
8009.046777750,0,1
8009.049191016,0,0
8010.056792396,0,1
8010.058061916,1,1
8010.060693462,0,1
8010.060729662,0,0
8011.066806852,0,1
8011.069219870,0,0
8012.076821424,0,1
8012.079234440,0,0
8013.086835946,0,1
8013.089248962,0,0
8014.096850530,0,1
8014.099263546,0,0
8015.106865062,0,1
8015.109278328,0,0
8016.116879594,0,1
8016.119292860,0,0
8017.126894172,0,1
8017.129307438,0,0
8018.136908666,0,1
8018.139321932,0,0
8019.146923334,0,1
8019.149336350,0,0
8020.156937882,0,1
8020.158207608,1,1
8020.160839380,0,1
8020.160875396,0,0
8021.166952570,0,1
8021.169365586,0,0
8022.176967122,0,1
8022.179380138,0,0
8023.186981698,0,1
8023.189394716,0,0
8024.196996218,0,1
8024.199409484,0,0
8025.207010762,0,1
8025.209424028,0,0
8026.217025354,0,1
8026.219438620,0,0
8027.227039930,0,1
8027.229453196,0,0
8028.237054540,0,1
8028.239467556,0,0
8029.247069094,0,1
8029.249482112,0,0
8030.257083668,0,1
8030.258353268,1,1
8030.260985402,0,1
8030.261020932,0,0
8031.267098218,0,1
8031.269511234,0,0
8032.277112752,0,1
8032.279525768,0,0
8033.287127304,0,1
8033.289540320,0,0
8034.297141852,0,1
8034.299555120,0,0
8035.307156404,0,1
8035.309569670,0,0
8036.317170958,0,1
8036.319584224,0,0
8037.327185554,0,1
8037.329598820,0,0
8038.337200136,0,1
8038.339613154,0,0
8039.347214732,0,1
8039.349627748,0,0
8040.357229270,0,1
8040.358498912,1,1
8040.361130860,0,1
8040.361166536,0,0
8041.367243824,0,1
8041.369656840,0,0
8042.377258384,0,1
8042.379671400,0,0
8043.387272952,0,1
8043.389685968,0,0
8044.397287492,0,1
8044.399700508,0,0
8045.407302006,0,1
8045.409715272,0,0
8046.417316596,0,1
8046.419729862,0,0
8047.427331136,0,1
8047.429744402,0,0
8048.437345698,0,1
8048.439758964,0,0
8049.447360256,0,1
8049.449773522,0,0
8050.457374900,0,1
8050.458644508,1,1
8050.461276362,0,1
8050.461312166,0,0
8051.467389456,0,1
8051.469802474,0,0
8052.477403978,0,1
8052.479816994,0,0
8053.487418516,0,1
8053.489831532,0,0
8054.497433074,0,1
8054.499846090,0,0
8055.507447626,0,1
8055.509860892,0,0
8056.517462158,0,1
8056.519875424,0,0
8057.527476786,0,1
8057.529890052,0,0
8058.537491322,0,1
8058.539904588,0,0
8059.547505862,0,1
8059.549919128,0,0
8060.557520450,0,1
8060.558790116,1,1
8060.561421742,0,1
8060.561457716,0,0
8061.567535180,0,1
8061.569948196,0,0
8062.577549742,0,1
8062.579962760,0,0
8063.587564284,0,1
8063.589977302,0,0
8064.597578816,0,1
8064.599992082,0,0
8065.607593376,0,1
8065.610006642,0,0
8066.617607942,0,1
8066.620021208,0,0
8067.627622542,0,1
8067.630035558,0,0
8068.637637116,0,1
8068.640050132,0,0
8069.647651622,0,1
8069.650064638,0,0
8070.657666208,0,1
8070.658935834,1,1
8070.661567672,0,1
8070.661603474,0,0
8071.667680744,0,1
8071.670094012,0,0
8072.677695356,0,1
8072.680108374,0,0
8073.687709870,0,1
8073.690122886,0,0
8074.697724486,0,1
8074.700137502,0,0
8075.707739046,0,1
8075.710152064,0,0
8076.717753604,0,1
8076.720166620,0,0
8077.727768140,0,1
8077.730181406,0,0
8078.737782674,0,1
8078.740195940,0,0
8079.747797226,0,1
8079.749066880,1,1
8079.751698754,0,1
8079.751734490,0,0
8080.757811792,0,1
8080.760224808,0,0
8081.767826326,0,1
8081.770239344,0,0
8082.777840874,0,1
8082.780253890,0,0
8083.787855464,0,1
8083.790268482,0,0
8084.797870022,0,1
8084.800283288,0,0
8085.807884588,0,1
8085.810297852,0,0
8086.817899134,0,1
8086.820312402,0,0
8087.827913740,0,1
8087.830326758,0,0
8088.837928340,0,1
8088.840341358,0,0
8089.847942876,0,1
8089.849212596,1,1
8089.851844658,0,1
8089.851880392,0,0
8090.857957528,0,1
8090.860370544,0,0
8091.867972092,0,1
8091.870385108,0,0
8092.877986662,0,1
8092.880399680,0,0
8093.888001176,0,1
8093.890414442,0,0
8094.898015756,0,1
8094.900429022,0,0
8095.908030358,0,1
8095.910443374,0,0
8096.918044964,0,1
8096.920457980,0,0
8097.928059488,0,1
8097.930472504,0,0
8098.938074040,0,1
8098.940487308,0,0
8099.948088596,0,1
8099.949358202,1,1
8099.951990206,0,1
8099.952025862,0,0
8100.958103112,0,1
8100.960516128,0,0
8101.968117676,0,1
8101.970530694,0,0
8102.978132248,0,1
8102.980545264,0,0
8103.988146814,0,1
8103.990560080,0,0
8104.998161396,0,1
8105.000574662,0,0
8106.008175932,0,1
8106.010589198,0,0
8107.018190532,0,1
8107.020603550,0,0
8108.028205112,0,1
8108.030618128,0,0
8109.038219632,0,1
8109.040632648,0,0
8110.048234212,0,1
8110.049503776,1,1
8110.052135202,0,1
8110.052171476,0,0
8111.058248788,0,1
8111.060661804,0,0
8112.068263364,0,1
8112.070676380,0,0
8113.078277890,0,1
8113.080690908,0,0
8114.088292454,0,1
8114.090705720,0,0
8115.098307014,0,1
8115.100720282,0,0
8116.108321518,0,1
8116.110734786,0,0
8117.118336150,0,1
8117.120749168,0,0
8118.128350706,0,1
8118.130763724,0,0
8119.138365252,0,1
8119.140778268,0,0
8120.148379838,0,1
8120.149649488,1,1
8120.152281222,0,1
8120.152317102,0,0
8121.158394394,0,1
8121.160807412,0,0
8122.168408998,0,1
8122.170822014,0,0
8123.178423518,0,1
8123.180836536,0,0
8124.188438092,0,1
8124.190851358,0,0
8125.198452590,0,1
8125.200865856,0,0
8126.208467174,0,1
8126.210880440,0,0
8127.218481816,0,1
8127.220894834,0,0
8128.228496360,0,1
8128.230909376,0,0
8129.238510968,0,1
8129.240923986,0,0
8130.248525466,0,1
8130.249795130,1,1
8130.252427376,0,1
8130.252462730,0,0
8131.258540122,0,1
8131.260953138,0,0
8132.268554696,0,1
8132.270967712,0,0
8133.278569216,0,1
8133.280982234,0,0
8134.288583862,0,1
8134.290997128,0,0
8135.298598352,0,1
8135.301011620,0,0
8136.308613010,0,1
8136.311026026,0,0
8137.318627544,0,1
8137.321040560,0,0
8138.328642134,0,1
8138.331055150,0,0
8139.338656650,0,1
8139.341069916,0,0
8140.348671238,0,1
8140.349940852,1,1
8140.352573078,0,1
8140.352608502,0,0
8141.358685742,0,1
8141.361099010,0,0
8142.368700356,0,1
8142.371113372,0,0
8143.378714896,0,1
8143.381127912,0,0
8144.388729460,0,1
8144.391142476,0,0
8145.398744010,0,1
8145.401157026,0,0
8146.408758536,0,1
8146.411171802,0,0
8147.418773120,0,1
8147.421186386,0,0
8148.428787646,0,1
8148.431200914,0,0
8149.438802284,0,1
8149.441215300,0,0
8150.448816850,0,1
8150.450086398,1,1
8150.452718682,0,1
8150.452753866,0,0
8151.458831448,0,1
8151.461244464,0,0
8152.468845938,0,1
8152.471258954,0,0
8153.478860512,0,1
8153.481273528,0,0
8154.488875064,0,1
8154.491288330,0,0
8155.498889662,0,1
8155.501302930,0,0
8156.508904184,0,1
8156.511317450,0,0
8157.518918840,0,1
8157.521331856,0,0
8158.528933364,0,1
8158.531346382,0,0
8159.538947958,0,1
8159.541360974,0,0
8160.548962490,0,1
8160.550232080,1,1
8160.552863602,0,1
8160.552899756,0,0
8161.558977042,0,1
8161.561390058,0,0
8162.568991548,0,1
8162.571404564,0,0
8163.579006110,0,1
8163.581419126,0,0
8164.589020734,0,1
8164.591434000,0,0
8165.599035280,0,1
8165.601448548,0,0
8166.609049802,0,1
8166.611463068,0,0
8167.619064410,0,1
8167.621477428,0,0
8168.629079008,0,1
8168.631492026,0,0
8169.639093546,0,1
8169.641506562,0,0
8170.649108102,0,1
8170.650377744,1,1
8170.653009972,0,1
8170.653045368,0,0
8171.659122630,0,1
8171.661535646,0,0
8172.669137230,0,1
8172.671550248,0,0
8173.679151814,0,1
8173.681564832,0,0
8174.689166340,0,1
8174.691579606,0,0
8175.699180880,0,1
8175.701594146,0,0
8176.709195450,0,1
8176.711608716,0,0
8177.719210030,0,1
8177.721623298,0,0
8178.729224656,0,1
8178.731637672,0,0
8179.739239174,0,1
8179.741652190,0,0
8180.749253722,0,1
8180.750523378,1,1
8180.753155080,0,1
8180.753190986,0,0
8181.759268298,0,1
8181.761681314,0,0
8182.769282860,0,1
8182.771695878,0,0
8183.779297386,0,1
8183.781710402,0,0
8184.789311934,0,1
8184.791725200,0,0
8185.799326534,0,1
8185.801739800,0,0
8186.809341072,0,1
8186.811754340,0,0
8187.819355640,0,1
8187.821768906,0,0
8188.829370268,0,1
8188.831783284,0,0
8189.839384808,0,1
8189.840654470,1,1
8189.843286184,0,1
8189.843322074,0,0
8190.849399466,0,1
8190.851812482,0,0
8191.859414054,0,1
8191.861827070,0,0
8192.869428566,0,1
8192.871841584,0,0
8193.879443128,0,1
8193.881856394,0,0
8194.889457708,0,1
8194.891870976,0,0
8195.899472302,0,1
8195.901885318,0,0
8196.909486870,0,1
8196.911899888,0,0
8197.919501408,0,1
8197.921914424,0,0
8198.929515978,0,1
8198.931928996,0,0
8199.939530540,0,1
8199.940800134,1,1
8199.943431548,0,1
8199.943467806,0,0
8200.949545108,0,1
8200.951958124,0,0
8201.959559640,0,1
8201.961972656,0,0
8202.969574182,0,1
8202.971987198,0,0
8203.979588762,0,1
8203.982002028,0,0
8204.989603308,0,1
8204.992016574,0,0
8205.999617860,0,1
8206.002031126,0,0
8207.009632480,0,1
8207.012045496,0,0
8208.019647046,0,1
8208.022060062,0,0
8209.029661576,0,1
8209.032074592,0,0
8210.039676118,0,1
8210.040945826,1,1
8210.043578062,0,1
8210.043613632,0,0
8211.049690842,0,1
8211.052103860,0,0
8212.059705374,0,1
8212.062118390,0,0
8213.069719982,0,1
8213.072132998,0,0
8214.079734558,0,1
8214.082147824,0,0
8215.089749114,0,1
8215.092162380,0,0
8216.099763732,0,1
8216.102176748,0,0
8217.109778256,0,1
8217.112191274,0,0
8218.119792796,0,1
8218.122205812,0,0
8219.129807396,0,1
8219.132220412,0,0
8220.139821932,0,1
8220.141091442,1,1
8220.143723178,0,1
8220.143759198,0,0
8221.149836340,0,1
8221.152249356,0,0
8222.159850948,0,1
8222.162263964,0,0
8223.169865482,0,1
8223.172278498,0,0
8224.179880044,0,1
8224.182293312,0,0
8225.189894606,0,1
8225.192307872,0,0
8226.199909176,0,1
8226.202322442,0,0
8227.209923712,0,1
8227.212336980,0,0
8228.219938298,0,1
8228.222351316,0,0
8229.229952888,0,1
8229.232365904,0,0
8230.239967410,0,1
8230.241237050,1,1
8230.243869262,0,1
8230.243904674,0,0
8231.249981964,0,1
8231.252394980,0,0
8232.259996500,0,1
8232.262409516,0,0
8233.270011096,0,1
8233.272424114,0,0
8234.280025680,0,1
8234.282438946,0,0
8235.290040216,0,1
8235.292453482,0,0
8236.300054788,0,1
8236.302468054,0,0
8237.310069330,0,1
8237.312482596,0,0
8238.320083996,0,1
8238.322497012,0,0
8239.330098510,0,1
8239.332511526,0,0
8240.340113106,0,1
8240.341382778,1,1
8240.344014678,0,1
8240.344050372,0,0
8241.350127748,0,1
8241.352540764,0,0
8242.360142296,0,1
8242.362555312,0,0
8243.370156904,0,1
8243.372569920,0,0
8244.380171424,0,1
8244.382584690,0,0
8245.390186018,0,1
8245.392599284,0,0
8246.400200548,0,1
8246.402613814,0,0
8247.410215214,0,1
8247.412628232,0,0
8248.420229740,0,1
8248.422642756,0,0
8249.430244324,0,1
8249.432657342,0,0
8250.440258818,0,1
8250.441528412,1,1
8250.444160052,0,1
8250.444196082,0,0
8251.450273468,0,1
8251.452686484,0,0
8252.460288004,0,1
8252.462701022,0,0
8253.470302568,0,1
8253.472715584,0,0
8254.480317120,0,1
8254.482730386,0,0
8255.490331648,0,1
8255.492744914,0,0
8256.500346320,0,1
8256.502759336,0,0
8257.510360826,0,1
8257.512773842,0,0
8258.520375380,0,1
8258.522788396,0,0
8259.530389916,0,1
8259.532802932,0,0
8260.540404498,0,1
8260.541674134,1,1
8260.544305834,0,1
8260.544341764,0,0
8261.550419074,0,1
8261.552832090,0,0
8262.560433644,0,1
8262.562846660,0,0
8263.570448150,0,1
8263.572861166,0,0
8264.580462766,0,1
8264.582876032,0,0
8265.590477316,0,1
8265.592890584,0,0
8266.600491838,0,1
8266.602905104,0,0
8267.610506496,0,1
8267.612919512,0,0
8268.620521020,0,1
8268.622934036,0,0
8269.630535592,0,1
8269.632948610,0,0
8270.640550140,0,1
8270.641819818,1,1
8270.644451408,0,1
8270.644487404,0,0
8271.650564814,0,1
8271.652977830,0,0
8272.660579398,0,1
8272.662992414,0,0
8273.670593934,0,1
8273.673006952,0,0
8274.680608476,0,1
8274.683021744,0,0
8275.690623050,0,1
8275.693036316,0,0
8276.700637558,0,1
8276.703050824,0,0
8277.710652186,0,1
8277.713065202,0,0
8278.720666756,0,1
8278.723080022,0,0
8279.730681344,0,1
8279.733094360,0,0
8280.740695896,0,1
8280.741965432,1,1
8280.744597094,0,1
8280.744633162,0,0
8281.750710346,0,1
8281.753123362,0,0
8282.760724888,0,1
8282.763137904,0,0
8283.770739466,0,1
8283.773152482,0,0
8284.780754022,0,1
8284.783167288,0,0
8285.790768570,0,1
8285.793181836,0,0
8286.800783122,0,1
8286.803196388,0,0
8287.810797690,0,1
8287.813210956,0,0
8288.820812316,0,1
8288.823225334,0,0
8289.830826894,0,1
8289.832096544,1,1
8289.834728280,0,1
8289.834764160,0,0
8290.840841406,0,1
8290.843254422,0,0
8291.850855986,0,1
8291.853269002,0,0
8292.860870520,0,1
8292.863283538,0,0
8293.870885112,0,1
8293.873298128,0,0
8294.880899628,0,1
8294.883312894,0,0
8295.890914230,0,1
8295.893327498,0,0
8296.900928804,0,1
8296.903342070,0,0
8297.910943314,0,1
8297.913356580,0,0
8298.920957934,0,1
8298.923370950,0,0
8299.930972526,0,1
8299.932242218,1,1
8299.934874672,0,1
8299.934909792,0,0
8300.940987174,0,1
8300.943400190,0,0
8301.951001738,0,1
8301.953414754,0,0
8302.961016272,0,1
8302.963429288,0,0
8303.971030840,0,1
8303.973444106,0,0
8304.981045396,0,1
8304.983458664,0,0
8305.991059942,0,1
8305.993473208,0,0
8307.001074580,0,1
8307.003487596,0,0
8308.011089166,0,1
8308.013502182,0,0
8309.021103686,0,1
8309.023516702,0,0
8310.031118210,0,1
8310.032387876,1,1
8310.035019776,0,1
8310.035055476,0,0
8311.041132916,0,1
8311.043545932,0,0
8312.051147504,0,1
8312.053560520,0,0
8313.061162040,0,1
8313.063575306,0,0
8314.071176600,0,1
8314.073589866,0,0
8315.081191172,0,1
8315.083604440,0,0
8316.091205782,0,1
8316.093618800,0,0
8317.101220306,0,1
8317.103633324,0,0
8318.111234896,0,1
8318.113647912,0,0
8319.121249490,0,1
8319.123662756,0,0
8320.131264026,0,1
8320.132533534,1,1
8320.135165880,0,1
8320.135201040,0,0
8321.141278432,0,1
8321.143691448,0,0
8322.151292980,0,1
8322.153705998,0,0
8323.161307594,0,1
8323.163720610,0,0
8324.171322092,0,1
8324.173735358,0,0
8325.181336672,0,1
8325.183749938,0,0
8326.191351256,0,1
8326.193764522,0,0
8327.201365832,0,1
8327.203779098,0,0
8328.211380400,0,1
8328.213793416,0,0
8329.221395010,0,1
8329.223808026,0,0
8330.231409506,0,1
8330.232679254,1,1
8330.235310718,0,1
8330.235346772,0,0
8331.241424228,0,1
8331.243837244,0,0
8332.251438798,0,1
8332.253851814,0,0
8333.261453342,0,1
8333.263866358,0,0
8334.271467864,0,1
8334.273881130,0,0
8335.281482460,0,1
8335.283895726,0,0
8336.291497024,0,1
8336.293910292,0,0
8337.301511652,0,1
8337.303924668,0,0
8338.311526214,0,1
8338.313939232,0,0
8339.321540764,0,1
8339.323953782,0,0
8340.331555290,0,1
8340.332824868,1,1
8340.335456734,0,1
8340.335492556,0,0
8341.341569896,0,1
8341.343982914,0,0
8342.351584454,0,1
8342.353997472,0,0
8343.361598996,0,1
8343.364012012,0,0
8344.371613552,0,1
8344.374026818,0,0
8345.381628118,0,1
8345.384041384,0,0
8346.391642700,0,1
8346.394055968,0,0
8347.401657346,0,1
8347.404070362,0,0
8348.411671852,0,1
8348.414084868,0,0
8349.421686450,0,1
8349.424099466,0,0
8350.431700962,0,1
8350.432970524,1,1
8350.435602508,0,1
8350.435638228,0,0
8351.441715518,0,1
8351.444128534,0,0
8352.451730118,0,1
8352.454143134,0,0
8353.461744642,0,1
8353.464157658,0,0
8354.471759244,0,1
8354.474172510,0,0
8355.481773794,0,1
8355.484187060,0,0
8356.491788352,0,1
8356.494201618,0,0
8357.501802888,0,1
8357.504216156,0,0
8358.511817520,0,1
8358.514230536,0,0
8359.521832086,0,1
8359.524245102,0,0
8360.531846602,0,1
8360.533116242,1,1
8360.535748170,0,1
8360.535783868,0,0
8361.541861200,0,1
8361.544274216,0,0
8362.551875776,0,1
8362.554288792,0,0
8363.561890286,0,1
8363.564303304,0,0
8364.571904848,0,1
8364.574318114,0,0
8365.581919450,0,1
8365.584332716,0,0
8366.591933960,0,1
8366.594347228,0,0
8367.601948636,0,1
8367.604361652,0,0
8368.611963156,0,1
8368.614376172,0,0
8369.621977754,0,1
8369.624390772,0,0
8370.631992288,0,1
8370.633261874,1,1
8370.635893614,0,1
8370.635929554,0,0
8371.642006842,0,1
8371.644419858,0,0
8372.652021436,0,1
8372.654434454,0,0
8373.662035950,0,1
8373.664448966,0,0
8374.672050494,0,1
8374.674463762,0,0
8375.682065086,0,1
8375.684478352,0,0
8376.692079622,0,1
8376.694492888,0,0
8377.702094280,0,1
8377.704507296,0,0
8378.712108810,0,1
8378.714521826,0,0
8379.722123350,0,1
8379.724536366,0,0
8380.732137912,0,1
8380.733407582,1,1
8380.736039436,0,1
8380.736075178,0,0
8381.742152612,0,1
8381.744565628,0,0
8382.752167160,0,1
8382.754580178,0,0
8383.762181734,0,1
8383.764594750,0,0
8384.772196272,0,1
8384.774609538,0,0
8385.782210848,0,1
8385.784624114,0,0
8386.792225370,0,1
8386.794638638,0,0
8387.802240042,0,1
8387.804653058,0,0
8388.812254626,0,1
8388.814667642,0,0
8389.822269170,0,1
8389.823538640,1,1
8389.826170294,0,1
8389.826206434,0,0
8390.832283604,0,1
8390.834696620,0,0
8391.842298166,0,1
8391.844711182,0,0
8392.852312688,0,1
8392.854725704,0,0
8393.862327266,0,1
8393.864740284,0,0
8394.872341816,0,1
8394.874755082,0,0
8395.882356422,0,1
8395.884769688,0,0
8396.892370942,0,1
8396.894784208,0,0
8397.902385486,0,1
8397.904798754,0,0
8398.912400084,0,1
8398.914813350,0,0
8399.922414676,0,1
8399.923684370,1,1
8399.926316056,0,1
8399.926351942,0,0
8400.932429376,0,1
8400.934842394,0,0
8401.942443942,0,1
8401.944856958,0,0
8402.952458476,0,1
8402.954871492,0,0
8403.962473060,0,1
8403.964886326,0,0
8404.972487610,0,1
8404.974900878,0,0
8405.982502162,0,1
8405.984915430,0,0
8406.992516806,0,1
8406.994929824,0,0
8408.002531346,0,1
8408.004944362,0,0
8409.012545924,0,1
8409.014958940,0,0
8410.022560484,0,1
8410.023830026,1,1
8410.026462102,0,1
8410.026497498,0,0
8411.032575028,0,1
8411.034988044,0,0
8412.042589578,0,1
8412.045002594,0,0
8413.052604140,0,1
8413.055017156,0,0
8414.062618726,0,1
8414.065031992,0,0
8415.072633268,0,1
8415.075046534,0,0
8416.082647856,0,1
8416.085061122,0,0
8417.092662422,0,1
8417.095075688,0,0
8418.102676960,0,1
8418.105090226,0,0
8419.112691506,0,1
8419.115104772,0,0
8420.122706144,0,1
8420.123975650,1,1
8420.126607550,0,1
8420.126643410,0,0
8421.132720562,0,1
8421.135133578,0,0
8422.142735122,0,1
8422.145148138,0,0
8423.152749656,0,1
8423.155162674,0,0
8424.162764244,0,1
8424.165177260,0,0
8425.172778758,0,1
8425.175192026,0,0
8426.182793338,0,1
8426.185206604,0,0
8427.192807944,0,1
8427.195221210,0,0
8428.202822492,0,1
8428.205235758,0,0
8429.212837124,0,1
8429.215250140,0,0
8430.222851698,0,1
8430.224121360,1,1
8430.226753502,0,1
8430.226788962,0,0
8431.232866280,0,1
8431.235279296,0,0
8432.242880808,0,1
8432.245293824,0,0
8433.252895342,0,1
8433.255308358,0,0
8434.262909930,0,1
8434.265322948,0,0
8435.272924510,0,1
8435.275337776,0,0
8436.282939036,0,1
8436.285352304,0,0
8437.292953632,0,1
8437.295366898,0,0
8438.302968146,0,1
8438.305381412,0,0
8439.312982748,0,1
8439.315395764,0,0
8440.322997390,0,1
8440.324267028,1,1
8440.326898686,0,1
8440.326934656,0,0
8441.333011894,0,1
8441.335424910,0,0
8442.343026484,0,1
8442.345439500,0,0
8443.353041034,0,1
8443.355454050,0,0
8444.363055578,0,1
8444.365468596,0,0
8445.373070118,0,1
8445.375483386,0,0
8446.383084696,0,1
8446.385497962,0,0
8447.393099242,0,1
8447.395512508,0,0
8448.403113852,0,1
8448.405527118,0,0
8449.413128348,0,1
8449.415541614,0,0
8450.423142998,0,1
8450.424412758,1,1
8450.427044394,0,1
8450.427080514,0,0
8451.433157714,0,1
8451.435570730,0,0
8452.443172278,0,1
8452.445585294,0,0
8453.453186780,0,1
8453.455599796,0,0
8454.463201388,0,1
8454.465614654,0,0
8455.473215920,0,1
8455.475629186,0,0
8456.483230494,0,1
8456.485643762,0,0
8457.493245046,0,1
8457.495658312,0,0
8458.503259662,0,1
8458.505672678,0,0
8459.513274220,0,1
8459.515687236,0,0
8460.523288780,0,1
8460.524558378,1,1
8460.527190100,0,1
8460.527226044,0,0
8461.533303340,0,1
8461.535716358,0,0
8462.543317854,0,1
8462.545730872,0,0
8463.553332426,0,1
8463.555745442,0,0
8464.563347028,0,1
8464.565760044,0,0
8465.573361552,0,1
8465.575774818,0,0
8466.583376092,0,1
8466.585789358,0,0
8467.593390642,0,1
8467.595803908,0,0
8468.603405212,0,1
8468.605818478,0,0
8469.613419790,0,1
8469.615833056,0,0
8470.623434430,0,1
8470.624703994,1,1
8470.627336406,0,1
8470.627371696,0,0
8471.633448990,0,1
8471.635862006,0,0
8472.643463550,0,1
8472.645876566,0,0
8473.653478090,0,1
8473.655891106,0,0
8474.663492618,0,1
8474.665905884,0,0
8475.673507212,0,1
8475.675920478,0,0
8476.683521740,0,1
8476.685935008,0,0
8477.693536340,0,1
8477.695949608,0,0
8478.703550918,0,1
8478.705963934,0,0
8479.713565480,0,1
8479.715978496,0,0
8480.723580028,0,1
8480.724849696,1,1
8480.727481658,0,1
8480.727517294,0,0
8481.733594606,0,1
8481.736007622,0,0
8482.743609154,0,1
8482.746022170,0,0
8483.753623724,0,1
8483.756036742,0,0
8484.763638262,0,1
8484.766051278,0,0
8485.773652836,0,1
8485.776066102,0,0
8486.783667390,0,1
8486.786080406,0,0
8487.793681950,0,1
8487.796094966,0,0
8488.803696520,0,1
8488.806109786,0,0
8489.813711094,0,1
8489.814980744,1,1
8489.817612438,0,1
8489.817648358,0,0
8490.823725658,0,1
8490.826138674,0,0
8491.833740224,0,1
8491.836153240,0,0
8492.843754716,0,1
8492.846167734,0,0
8493.853769286,0,1
8493.856182302,0,0
8494.863783840,0,1
8494.866196856,0,0
8495.873798354,0,1
8495.876211620,0,0
8496.883812964,0,1
8496.886226230,0,0
8497.893827530,0,1
8497.896240796,0,0
8498.903842120,0,1
8498.906255386,0,0
8499.913856702,0,1
8499.915126422,1,1
8499.917758346,0,1
8499.917794216,0,0
8500.923871412,0,1
8500.926284430,0,0
8501.933885904,0,1
8501.936298920,0,0
8502.943900488,0,1
8502.946313504,0,0
8503.953915040,0,1
8503.956328306,0,0
8504.963929626,0,1
8504.966342894,0,0
8505.973944178,0,1
8505.976357444,0,0
8506.983958796,0,1
8506.986371812,0,0
8507.993973348,0,1
8507.996386366,0,0
8509.003987932,0,1
8509.006400948,0,0
8510.014002438,0,1
8510.015272036,1,1
8510.017903624,0,1
8510.017939702,0,0
8511.024017014,0,1
8511.026430030,0,0
8512.034031570,0,1
8512.036444586,0,0
8513.044046116,0,1
8513.046459134,0,0
8514.054060616,0,1
8514.056473882,0,0
8515.064075258,0,1
8515.066488526,0,0
8516.074089822,0,1
8516.076503088,0,0
8517.084104394,0,1
8517.086517410,0,0
8518.094118978,0,1
8518.096531994,0,0
8519.104133498,0,1
8519.106546516,0,0
8520.114148070,0,1
8520.115417712,1,1
8520.118049424,0,1
8520.118085336,0,0
8521.124162630,0,1
8521.126575646,0,0
8522.134177182,0,1
8522.136590198,0,0
8523.144191782,0,1
8523.146604800,0,0
8524.154206332,0,1
8524.156619598,0,0
8525.164220840,0,1
8525.166634106,0,0
8526.174235400,0,1
8526.176648666,0,0
8527.184250044,0,1
8527.186663060,0,0
8528.194264622,0,1
8528.196677638,0,0
8529.204279158,0,1
8529.206692174,0,0
8530.214293706,0,1
8530.215563356,1,1
8530.218194896,0,1
8530.218230970,0,0
8531.224308256,0,1
8531.226721272,0,0
8532.234322818,0,1
8532.236735834,0,0
8533.244337400,0,1
8533.246750416,0,0
8534.254351914,0,1
8534.256764930,0,0
8535.264366468,0,1
8535.266779734,0,0
8536.274381028,0,1
8536.276794296,0,0
8537.284395606,0,1
8537.286808872,0,0
8538.294410196,0,1
8538.296823462,0,0
8539.304424794,0,1
8539.306837812,0,0
8540.314439358,0,1
8540.315708928,1,1
8540.318340368,0,1
8540.318376624,0,0
8541.324453862,0,1
8541.326866878,0,0
8542.334468452,0,1
8542.336881468,0,0
8543.344483042,0,1
8543.346896058,0,0
8544.354497580,0,1
8544.356910598,0,0
8545.364512102,0,1
8545.366925368,0,0
8546.374526720,0,1
8546.376939986,0,0
8547.384541194,0,1
8547.386954462,0,0
8548.394555804,0,1
8548.396969070,0,0
8549.404570428,0,1
8549.406983444,0,0
8550.414584982,0,1
8550.415854614,1,1
8550.418486362,0,1
8550.418522248,0,0
8551.424599544,0,1
8551.427012560,0,0
8552.434614048,0,1
8552.437027064,0,0
8553.444628632,0,1
8553.447041648,0,0
8554.454643198,0,1
8554.457056214,0,0
8555.464657716,0,1
8555.467070982,0,0
8556.474672368,0,1
8556.477085384,0,0
8557.484686852,0,1
8557.487100120,0,0
8558.494701478,0,1
8558.497114744,0,0
8559.504715950,0,1
8559.507129216,0,0
8560.514730564,0,1
8560.516000208,1,1
8560.518632088,0,1
8560.518667828,0,0
8561.524745116,0,1
8561.527158134,0,0
8562.534759674,0,1
8562.537172690,0,0
8563.544774218,0,1
8563.547187234,0,0
8564.554788786,0,1
8564.557201804,0,0
8565.564803298,0,1
8565.567216564,0,0
8566.574817878,0,1
8566.577231144,0,0
8567.584832472,0,1
8567.587245740,0,0
8568.594847014,0,1
8568.597260280,0,0
8569.604861590,0,1
8569.607274606,0,0
8570.614876156,0,1
8570.616145912,1,1
8570.618777622,0,1
8570.618813670,0,0
8571.624890820,0,1
8571.627303836,0,0
8572.634905372,0,1
8572.637318388,0,0
8573.644919946,0,1
8573.647332964,0,0
8574.654934472,0,1
8574.657347738,0,0
8575.664949118,0,1
8575.667362384,0,0
8576.674963592,0,1
8576.677376858,0,0
8577.684978210,0,1
8577.687391228,0,0
8578.694992784,0,1
8578.697405800,0,0
8579.705007372,0,1
8579.707420388,0,0
8580.715021912,0,1
8580.716291572,1,1
8580.718923452,0,1
8580.718959178,0,0
8581.725036594,0,1
8581.727449612,0,0
8582.735051170,0,1
8582.737464186,0,0
8583.745065686,0,1
8583.747478702,0,0
8584.755080216,0,1
8584.757493482,0,0
8585.765094790,0,1
8585.767508056,0,0
8586.775109386,0,1
8586.777522654,0,0
8587.785123966,0,1
8587.787536982,0,0
8588.795138554,0,1
8588.797551570,0,0
8589.805153078,0,1
8589.806422592,1,1
8589.809054272,0,1
8589.809090342,0,0
8590.815167490,0,1
8590.817580506,0,0
8591.825182096,0,1
8591.827595112,0,0
8592.835196628,0,1
8592.837609644,0,0
8593.845211244,0,1
8593.847624262,0,0
8594.855225786,0,1
8594.857639054,0,0
8595.865240310,0,1
8595.867653576,0,0
8596.875254874,0,1
8596.877668140,0,0
8597.885269452,0,1
8597.887682718,0,0
8598.895284024,0,1
8598.897697040,0,0
8599.905298618,0,1
8599.906568266,1,1
8599.909200294,0,1
8599.909235882,0,0
8600.915313162,0,1
8600.917726178,0,0
8601.925327716,0,1
8601.927740734,0,0
8602.935342242,0,1
8602.937755258,0,0
8603.945356816,0,1
8603.947769832,0,0
8604.955371380,0,1
8604.957784646,0,0
8605.965385930,0,1
8605.967799198,0,0
8606.975400504,0,1
8606.977813772,0,0
8607.985415118,0,1
8607.987828384,0,0
8608.995429712,0,1
8608.997842728,0,0
8610.005444242,0,1
8610.006713882,1,1
8610.009345548,0,1
8610.009381506,0,0
8611.015458832,0,1
8611.017871848,0,0
8612.025473372,0,1
8612.027886388,0,0
8613.035487920,0,1
8613.037900936,0,0
8614.045502518,0,1
8614.047915534,0,0
8615.055517062,0,1
8615.057930328,0,0
8616.065531538,0,1
8616.067944806,0,0
8617.075546172,0,1
8617.077959438,0,0
8618.085560712,0,1
8618.087973978,0,0
8619.095575346,0,1
8619.097988362,0,0
8620.105589876,0,1
8620.106859574,1,1
8620.109491148,0,1
8620.109527142,0,0
8621.115604580,0,1
8621.118017596,0,0
8622.125619154,0,1
8622.128032170,0,0
8623.135633676,0,1
8623.138046692,0,0
8624.145648236,0,1
8624.148061504,0,0
8625.155662852,0,1
8625.158075868,0,0
8626.165677404,0,1
8626.168090670,0,0
8627.175691940,0,1
8627.178105208,0,0
8628.185706482,0,1
8628.188119748,0,0
8629.195721134,0,1
8629.198134150,0,0
8630.205735656,0,1
8630.207005210,1,1
8630.209636722,0,1
8630.209672920,0,0
8631.215750270,0,1
8631.218163286,0,0
8632.225764788,0,1
8632.228177804,0,0
8633.235779336,0,1
8633.238192354,0,0
8634.245793894,0,1
8634.248207160,0,0
8635.255808508,0,1
8635.258221776,0,0
8636.265823016,0,1
8636.268236282,0,0
8637.275837648,0,1
8637.278250664,0,0
8638.285852182,0,1
8638.288265198,0,0
8639.295866796,0,1
8639.298279812,0,0
8640.305881346,0,1
8640.307150822,1,1
8640.309782508,0,1
8640.309818612,0,0
8641.315895746,0,1
8641.318308762,0,0
8642.325910336,0,1
8642.328323352,0,0
8643.335924878,0,1
8643.338337894,0,0
8644.345939432,0,1
8644.348352700,0,0
8645.355953976,0,1
8645.358367242,0,0
8646.365968516,0,1
8646.368381782,0,0
8647.375983112,0,1
8647.378396378,0,0
8648.385997720,0,1
8648.388410736,0,0
8649.396012278,0,1
8649.398425294,0,0
8650.406026830,0,1
8650.407296562,1,1
8650.409928680,0,1
8650.409964346,0,0
8651.416041534,0,1
8651.418454550,0,0
8652.426056104,0,1
8652.428469120,0,0
8653.436070628,0,1
8653.438483644,0,0
8654.446085224,0,1
8654.448498490,0,0
8655.456099768,0,1
8655.458513034,0,0
8656.466114274,0,1
8656.468527540,0,0
8657.476128858,0,1
8657.478542124,0,0
8658.486143498,0,1
8658.488556516,0,0
8659.496158036,0,1
8659.498571054,0,0
8660.506172612,0,1
8660.507442180,1,1
8660.510073886,0,1
8660.510109878,0,0
8661.516187174,0,1
8661.518600190,0,0
8662.526201720,0,1
8662.528614738,0,0
8663.536216250,0,1
8663.538629266,0,0
8664.546230878,0,1
8664.548643894,0,0
8665.556245408,0,1
8665.558658674,0,0
8666.566259966,0,1
8666.568673232,0,0
8667.576274464,0,1
8667.578687730,0,0
8668.586289092,0,1
8668.588702358,0,0
8669.596303636,0,1
8669.598716902,0,0
8670.606318278,0,1
8670.607587888,1,1
8670.610219576,0,1
8670.610255544,0,0
8671.616332768,0,1
8671.618745784,0,0
8672.626347378,0,1
8672.628760394,0,0
8673.636361906,0,1
8673.638774922,0,0
8674.646376446,0,1
8674.648789712,0,0
8675.656391012,0,1
8675.658804280,0,0
8676.666405622,0,1
8676.668818888,0,0
8677.676420114,0,1
8677.678833380,0,0
8678.686434746,0,1
8678.688847762,0,0
8679.696449326,0,1
8679.698862342,0,0
8680.706463854,0,1
8680.707733510,1,1
8680.710365154,0,1
8680.710401118,0,0
8681.716478442,0,1
8681.718891458,0,0
8682.726493034,0,1
8682.728906050,0,0
8683.736507550,0,1
8683.738920568,0,0
8684.746522086,0,1
8684.748935352,0,0
8685.756536696,0,1
8685.758949962,0,0
8686.766551198,0,1
8686.768964464,0,0
8687.776565752,0,1
8687.778979018,0,0
8688.786580386,0,1
8688.788993402,0,0
8689.796594942,0,1
8689.797864630,1,1
8689.800496368,0,1
8689.800532206,0,0
8690.806609656,0,1
8690.809022672,0,0
8691.816624206,0,1
8691.819037222,0,0
8692.826638740,0,1
8692.829051758,0,0
8693.836653316,0,1
8693.839066332,0,0
8694.846667856,0,1
8694.849080872,0,0
8695.856682452,0,1
8695.859095718,0,0
8696.866697012,0,1
8696.869110278,0,0
8697.876711538,0,1
8697.879124804,0,0
8698.886726166,0,1
8698.889139182,0,0
8699.896740706,0,1
8699.898010226,1,1
8699.900641764,0,1
8699.900677970,0,0
8700.906755160,0,1
8700.909168176,0,0
8701.916769734,0,1
8701.919182750,0,0
8702.926784310,0,1
8702.929197326,0,0
8703.936798818,0,1
8703.939211834,0,0
8704.946813398,0,1
8704.949226664,0,0
8705.956827928,0,1
8705.959241194,0,0
8706.966842492,0,1
8706.969255758,0,0
8707.976857052,0,1
8707.979270318,0,0
8708.986871708,0,1
8708.989284724,0,0
8709.996886188,0,1
8709.998155918,1,1
8710.000787856,0,1
8710.000823454,0,0
8711.006900880,0,1
8711.009313896,0,0
8712.016915470,0,1
8712.019328486,0,0
8713.026930004,0,1
8713.029343022,0,0
8714.036944544,0,1
8714.039357810,0,0
8715.046959098,0,1
8715.049372364,0,0
8716.056973658,0,1
8716.059386924,0,0
8717.066988230,0,1
8717.069401496,0,0
8718.077002842,0,1
8718.079415858,0,0
8719.087017450,0,1
8719.089430466,0,0
8720.097031978,0,1
8720.098301570,1,1
8720.100932956,0,1
8720.100969242,0,0
8721.107046494,0,1
8721.109459510,0,0
8722.117061058,0,1
8722.119474074,0,0
8723.127075634,0,1
8723.129488650,0,0
8724.137090174,0,1
8724.139503442,0,0
8725.147104758,0,1
8725.149518026,0,0
8726.157119272,0,1
8726.159532538,0,0
8727.167133884,0,1
8727.169546900,0,0
8728.177148466,0,1
8728.179561484,0,0
8729.187162996,0,1
8729.189576014,0,0
8730.197177594,0,1
8730.198447178,1,1
8730.201079152,0,1
8730.201114860,0,0
8731.207192128,0,1
8731.209605144,0,0
8732.217206676,0,1
8732.219619692,0,0
8733.227221246,0,1
8733.229634264,0,0
8734.237235778,0,1
8734.239649044,0,0
8735.247250372,0,1
8735.249663638,0,0
8736.257264906,0,1
8736.259678172,0,0
8737.267279474,0,1
8737.269692740,0,0
8738.277294106,0,1
8738.279707124,0,0
8739.287308644,0,1
8739.289721660,0,0
8740.297323172,0,1
8740.298592814,1,1
8740.301224530,0,1
8740.301260438,0,0
8741.307337702,0,1
8741.309750718,0,0
8742.317352296,0,1
8742.319765312,0,0
8743.327366910,0,1
8743.329779926,0,0
8744.337381410,0,1
8744.339794676,0,0
8745.347395970,0,1
8745.349809236,0,0
8746.357410548,0,1
8746.359823814,0,0
8747.367425074,0,1
8747.369838340,0,0
8748.377439718,0,1
8748.379852734,0,0
8749.387454246,0,1
8749.389867262,0,0
8750.397468820,0,1
8750.398738446,1,1
8750.401370576,0,1
8750.401406086,0,0
8751.407483370,0,1
8751.409896386,0,0
8752.417497942,0,1
8752.419910958,0,0
8753.427512464,0,1
8753.429925480,0,0
8754.437527046,0,1
8754.439940312,0,0
8755.447541622,0,1
8755.449954888,0,0
8756.457556120,0,1
8756.459969388,0,0
8757.467570726,0,1
8757.469983992,0,0
8758.477585310,0,1
8758.479998326,0,0
8759.487599904,0,1
8759.490012920,0,0
8760.497614424,0,1
8760.498884056,1,1
8760.501515704,0,1
8760.501551688,0,0
8761.507629024,0,1
8761.510042040,0,0
8762.517643524,0,1
8762.520056542,0,0
8763.527658126,0,1
8763.530071142,0,0
8764.537672638,0,1
8764.540085654,0,0
8765.547687258,0,1
8765.550100274,0,0
8766.557701802,0,1
8766.560114818,0,0
8767.567716346,0,1
8767.570129612,0,0
8768.577730910,0,1
8768.580144176,0,0
8769.587745426,0,1
8769.590158694,0,0
8770.597760034,0,1
8770.599029732,1,1
8770.601661340,0,1
8770.601697548,0,0
8771.607774732,0,1
8771.610187748,0,0
8772.617789284,0,1
8772.620202300,0,0
8773.627803848,0,1
8773.630216864,0,0
8774.637818446,0,1
8774.640231712,0,0
8775.647832970,0,1
8775.650246236,0,0
8776.657847532,0,1
8776.660260798,0,0
8777.667862112,0,1
8777.670275380,0,0
8778.677876696,0,1
8778.680289714,0,0
8779.687891266,0,1
8779.690304282,0,0
8780.697905834,0,1
8780.699175374,1,1
8780.701806726,0,1
8780.701843100,0,0
8781.707920356,0,1
8781.710333372,0,0
8782.717934954,0,1
8782.720347970,0,0
8783.727949472,0,1
8783.730362488,0,0
8784.737964006,0,1
8784.740377274,0,0
8785.747978620,0,1
8785.750391886,0,0
8786.757993134,0,1
8786.760406400,0,0
8787.768007754,0,1
8787.770420770,0,0
8788.778022316,0,1
8788.780435332,0,0
8789.788036844,0,1
8789.789306496,1,1
8789.791938414,0,1
8789.791974108,0,0
8790.798051434,0,1
8790.800464452,0,0
8791.808065964,0,1
8791.810478980,0,0
8792.818080538,0,1
8792.820493554,0,0
8793.828095076,0,1
8793.830508342,0,0
8794.838109624,0,1
8794.840522890,0,0
8795.848124194,0,1
8795.850537462,0,0
8796.858138790,0,1
8796.860552056,0,0
8797.868153386,0,1
8797.870566402,0,0
8798.878167948,0,1
8798.880580964,0,0
8799.888182504,0,1
8799.889452138,1,1
8799.892083860,0,1
8799.892119768,0,0
8800.898197030,0,1
8800.900610046,0,0
8801.908211558,0,1
8801.910624574,0,0
8802.918226140,0,1
8802.920639158,0,0
8803.928240714,0,1
8803.930653980,0,0
8804.938255246,0,1
8804.940668512,0,0
8805.948269806,0,1
8805.950683072,0,0
8806.958284398,0,1
8806.960697664,0,0
8807.968299020,0,1
8807.970712038,0,0
8808.978313572,0,1
8808.980726588,0,0
8809.988328166,0,1
8809.989597896,1,1
8809.992229320,0,1
8809.992265682,0,0
8810.998342790,0,1
8811.000755808,0,0
8812.008357344,0,1
8812.010770360,0,0
8813.018371936,0,1
8813.020784952,0,0
8814.028386442,0,1
8814.030799710,0,0
8815.038400998,0,1
8815.040814264,0,0
8816.048415664,0,1
8816.050828680,0,0
8817.058430226,0,1
8817.060843242,0,0
8818.068444736,0,1
8818.070857752,0,0
8819.078459306,0,1
8819.080872322,0,0
8820.088473914,0,1
8820.089743556,1,1
8820.092375754,0,1
8820.092411178,0,0
8821.098488444,0,1
8821.100901460,0,0
8822.108502998,0,1
8822.110916014,0,0
8823.118517566,0,1
8823.120930582,0,0
8824.128532142,0,1
8824.130945410,0,0
8825.138546638,0,1
8825.140959904,0,0
8826.148561196,0,1
8826.150974464,0,0
8827.158575870,0,1
8827.160988886,0,0
8828.168590430,0,1
8828.171003446,0,0
8829.178604938,0,1
8829.181017956,0,0
8830.188619466,0,1
8830.189889144,1,1
8830.192520866,0,1
8830.192556730,0,0
8831.198634212,0,1
8831.201047230,0,0
8832.208648802,0,1
8832.211061818,0,0
8833.218663344,0,1
8833.221076360,0,0
8834.228677880,0,1
8834.231090896,0,0
8835.238692448,0,1
8835.241105716,0,0
8836.248707012,0,1
8836.251120278,0,0
8837.258721642,0,1
8837.261134658,0,0
8838.268736136,0,1
8838.271149152,0,0
8839.278750742,0,1
8839.281163758,0,0
8840.288765286,0,1
8840.290034908,1,1
8840.292666666,0,1
8840.292702552,0,0
8841.298779864,0,1
8841.301192880,0,0
8842.308794406,0,1
8842.311207422,0,0
8843.318808986,0,1
8843.321222252,0,0
8844.328823542,0,1
8844.331236810,0,0
8845.338838122,0,1
8845.341251388,0,0
8846.348852686,0,1
8846.351265702,0,0
8847.358867272,0,1
8847.361280288,0,0
8848.368881876,0,1
8848.371294892,0,0
8849.378896392,0,1
8849.381309658,0,0
8850.388910918,0,1
8850.390180558,1,1
8850.392812174,0,1
8850.392848184,0,0
8851.398925508,0,1
8851.401338524,0,0
8852.408940072,0,1
8852.411353090,0,0
8853.418954620,0,1
8853.421367636,0,0
8854.428969176,0,1
8854.431382444,0,0
8855.438983758,0,1
8855.441397024,0,0
8856.448998344,0,1
8856.451411612,0,0
8857.459012946,0,1
8857.461425964,0,0
8858.469027492,0,1
8858.471440508,0,0
8859.479042044,0,1
8859.481455060,0,0
8860.489056570,0,1
8860.490326310,1,1
8860.492957610,0,1
8860.492994084,0,0
8861.499071272,0,1
8861.501484290,0,0
8862.509085906,0,1
8862.511498922,0,0
8863.519100424,0,1
8863.521513690,0,0
8864.529114990,0,1
8864.531528256,0,0
8865.539129510,0,1
8865.541542776,0,0
8866.549144154,0,1
8866.551557170,0,0
8867.559158680,0,1
8867.561571696,0,0
8868.569173268,0,1
8868.571586284,0,0
8869.579187840,0,1
8869.581601106,0,0
8870.589202414,0,1
8870.590471974,1,1
8870.593103806,0,1
8870.593139678,0,0
8871.599216944,0,1
8871.601629962,0,0
8872.609231554,0,1
8872.611644570,0,0
8873.619246098,0,1
8873.621659366,0,0
8874.629260644,0,1
8874.631673910,0,0
8875.639275208,0,1
8875.641688474,0,0
8876.649289856,0,1
8876.651702874,0,0
8877.659304354,0,1
8877.661717372,0,0
8878.669318954,0,1
8878.671731972,0,0
8879.679333500,0,1
8879.681746766,0,0
8880.689348020,0,1
8880.690617676,1,1
8880.693249608,0,1
8880.693285286,0,0
8881.699362564,0,1
8881.701775582,0,0
8882.709377160,0,1
8882.711790176,0,0
8883.719391734,0,1
8883.721805000,0,0
8884.729406286,0,1
8884.731819554,0,0
8885.739420856,0,1
8885.741834122,0,0
8886.749435464,0,1
8886.751848482,0,0
8887.759449988,0,1
8887.761863004,0,0
8888.769464578,0,1
8888.771877596,0,0
8889.779479186,0,1
8889.780748810,1,1
8889.783380978,0,1
8889.783416450,0,0
8890.789493722,0,1
8890.791906738,0,0
8891.799508266,0,1
8891.801921282,0,0
8892.809522830,0,1
8892.811935846,0,0
8893.819537376,0,1
8893.821950642,0,0
8894.829551920,0,1
8894.831965184,0,0
8895.839566522,0,1
8895.841979788,0,0
8896.849581140,0,1
8896.851994156,0,0
8897.859595652,0,1
8897.862008668,0,0
8898.869610216,0,1
8898.872023232,0,0
8899.879624796,0,1
8899.880894512,1,1
8899.883525874,0,1
8899.883562312,0,0
8900.889639462,0,1
8900.892052728,0,0
8901.899654032,0,1
8901.902067048,0,0
8902.909668564,0,1
8902.912081580,0,0
8903.919683162,0,1
8903.922096178,0,0
8904.929697736,0,1
8904.932111002,0,0
8905.939712286,0,1
8905.942125552,0,0
8906.949726924,0,1
8906.952139942,0,0
8907.959741464,0,1
8907.962154480,0,0
8908.969755988,0,1
8908.972169004,0,0
8909.979770600,0,1
8909.981040170,1,1
8909.983671672,0,1
8909.983707866,0,0
8910.989785172,0,1
8910.992198188,0,0
8911.999799646,0,1
8912.002212662,0,0
8913.009814252,0,1
8913.012227268,0,0
8914.019828790,0,1
8914.022242056,0,0
8915.029843344,0,1
8915.032256610,0,0
8916.039858018,0,1
8916.042271034,0,0
8917.049872554,0,1
8917.052285570,0,0
8918.059887108,0,1
8918.062300126,0,0
8919.069901660,0,1
8919.072314676,0,0
8920.079916220,0,1
8920.081185856,1,1
8920.083817228,0,1
8920.083853484,0,0
8921.089930782,0,1
8921.092343798,0,0
8922.099945288,0,1
8922.102358304,0,0
8923.109959888,0,1
8923.112372904,0,0
8924.119974416,0,1
8924.122387682,0,0
8925.129989004,0,1
8925.132402270,0,0
8926.140003568,0,1
8926.142416834,0,0
8927.150018166,0,1
8927.152431182,0,0
8928.160032782,0,1
8928.162445798,0,0
8929.170047320,0,1
8929.172460336,0,0
8930.180061866,0,1
8930.181331596,1,1
8930.183963228,0,1
8930.183999382,0,0
8931.190076566,0,1
8931.192489582,0,0
8932.200091102,0,1
8932.202504118,0,0
8933.210105662,0,1
8933.212518930,0,0
8934.220120236,0,1
8934.222533502,0,0
8935.230134826,0,1
8935.232548092,0,0
8936.240149452,0,1
8936.242562468,0,0
8937.250163994,0,1
8937.252577010,0,0
8938.260178542,0,1
8938.262591558,0,0
8939.270193088,0,1
8939.272606356,0,0
8940.280207688,0,1
8940.281477232,1,1
8940.284109418,0,1
8940.284144954,0,0
8941.290222206,0,1
8941.292635224,0,0
8942.300236772,0,1
8942.302649788,0,0
8943.310251332,0,1
8943.312664350,0,0
8944.320265916,0,1
8944.322679182,0,0
8945.330280448,0,1
8945.332693714,0,0
8946.340294976,0,1
8946.342708242,0,0
8947.350309644,0,1
8947.352722662,0,0
8948.360324216,0,1
8948.362737232,0,0
8949.370338720,0,1
8949.372751736,0,0
8950.380353308,0,1
8950.381622900,1,1
8950.384254412,0,1
8950.384290572,0,0
8951.390367856,0,1
8951.392780874,0,0
8952.400382406,0,1
8952.402795422,0,0
8953.410396972,0,1
8953.412809988,0,0
8954.420411586,0,1
8954.422824852,0,0
8955.430426138,0,1
8955.432839404,0,0
8956.440440680,0,1
8956.442853946,0,0
8957.450455308,0,1
8957.452868324,0,0
8958.460469892,0,1
8958.462882908,0,0
8959.470484388,0,1
8959.472897404,0,0
8960.480499004,0,1
8960.481768638,1,1
8960.484400628,0,1
8960.484436268,0,0
8961.490513526,0,1
8961.492926542,0,0
8962.500528110,0,1
8962.502941126,0,0
8963.510542644,0,1
8963.512955660,0,0
8964.520557184,0,1
8964.522970452,0,0
8965.530571770,0,1
8965.532985036,0,0
8966.540586350,0,1
8966.542999616,0,0
8967.550600966,0,1
8967.553013982,0,0
8968.560615524,0,1
8968.563028540,0,0
8969.570630126,0,1
8969.573043142,0,0
8970.580644656,0,1
8970.581914292,1,1
8970.584545942,0,1
8970.584581922,0,0
8971.590659250,0,1
8971.593072266,0,0
8972.600673754,0,1
8972.603086770,0,0
8973.610688308,0,1
8973.613101324,0,0
8974.620702936,0,1
8974.623116204,0,0
8975.630717462,0,1
8975.633130730,0,0
8976.640732040,0,1
8976.643145306,0,0
8977.650746660,0,1
8977.653159676,0,0
8978.660761212,0,1
8978.663174228,0,0
8979.670775792,0,1
8979.673188808,0,0
8980.680790330,0,1
8980.682059996,1,1
8980.684691822,0,1
8980.684727594,0,0
8981.690804984,0,1
8981.693218000,0,0
8982.700819592,0,1
8982.703232608,0,0
8983.710834118,0,1
8983.713247134,0,0
8984.720848644,0,1
8984.723261910,0,0
8985.730863230,0,1
8985.733276496,0,0
8986.740877752,0,1
8986.743291018,0,0
8987.750892374,0,1
8987.753305390,0,0
8988.760906948,0,1
8988.763319964,0,0
8989.770921508,0,1
8989.772191062,1,1
8989.774823144,0,1
8989.774858774,0,0
8990.780936070,0,1
8990.783349086,0,0
8991.790950600,0,1
8991.793363616,0,0
8992.800965162,0,1
8992.803378180,0,0
8993.810979718,0,1
8993.813392986,0,0
8994.820994300,0,1
8994.823407568,0,0
8995.831008936,0,1
8995.833421952,0,0
8996.841023508,0,1
8996.843436524,0,0
8997.851038014,0,1
8997.853451030,0,0
8998.861052616,0,1
8998.863465634,0,0
8999.871067162,0,1
8999.872336866,1,1
8999.874968468,0,1
8999.875004676,0,0
9000.881081810,0,1
9000.883494828,0,0
9001.891096430,0,1
9001.893509448,0,0
9002.901110928,0,1
9002.903524194,0,0
9003.911125532,0,1
9003.913538800,0,0
9004.921140036,0,1
9004.923553302,0,0
9005.931154738,0,1
9005.933567754,0,0
9006.941169242,0,1
9006.943582260,0,0
9007.951183804,0,1
9007.953596822,0,0
9008.961198392,0,1
9008.963611658,0,0
9009.971212958,0,1
9009.972482490,1,1
9009.975114234,0,1
9009.975150224,0,0
9010.981227382,0,1
9010.983640400,0,0
9011.991241946,0,1
9011.993654962,0,0
9013.001256492,0,1
9013.003669508,0,0
9014.011271072,0,1
9014.013684338,0,0
9015.021285632,0,1
9015.023698898,0,0
9016.031300190,0,1
9016.033713456,0,0
9017.041314708,0,1
9017.043727974,0,0
9018.051329342,0,1
9018.053742358,0,0
9019.061343900,0,1
9019.063756916,0,0
9020.071358464,0,1
9020.072628156,1,1
9020.075260460,0,1
9020.075295730,0,0
9021.081373136,0,1
9021.083786152,0,0
9022.091387680,0,1
9022.093800696,0,0
9023.101402244,0,1
9023.103815260,0,0
9024.111416822,0,1
9024.113830090,0,0
9025.121431432,0,1
9025.123844698,0,0
9026.131445942,0,1
9026.133859210,0,0
9027.141460560,0,1
9027.143873578,0,0
9028.151475120,0,1
9028.153888136,0,0
9029.161489712,0,1
9029.163902730,0,0
9030.171504222,0,1
9030.172773928,1,1
9030.175406250,0,1
9030.175441488,0,0
9031.181518894,0,1
9031.183931910,0,0
9032.191533484,0,1
9032.193946500,0,0
9033.201548060,0,1
9033.203961326,0,0
9034.211562566,0,1
9034.213975834,0,0
9035.221577156,0,1
9035.223990422,0,0
9036.231591798,0,1
9036.234004814,0,0
9037.241606344,0,1
9037.244019360,0,0
9038.251620902,0,1
9038.254033918,0,0
9039.261635510,0,1
9039.264048528,0,0
9040.271650076,0,1
9040.272919550,1,1
9040.275551172,0,1
9040.275587340,0,0
9041.281664438,0,1
9041.284077454,0,0
9042.291679004,0,1
9042.294092020,0,0
9043.301693610,0,1
9043.304106626,0,0
9044.311708184,0,1
9044.314121450,0,0
9045.321722714,0,1
9045.324135980,0,0
9046.331737268,0,1
9046.334150536,0,0
9047.341751924,0,1
9047.344164940,0,0
9048.351766470,0,1
9048.354179486,0,0
9049.361781004,0,1
9049.364194022,0,0
9050.371795596,0,1
9050.373065308,1,1
9050.375697482,0,1
9050.375733112,0,0
9051.381810264,0,1
9051.384223280,0,0
9052.391824790,0,1
9052.394237806,0,0
9053.401839434,0,1
9053.404252700,0,0
9054.411853970,0,1
9054.414267238,0,0
9055.421868478,0,1
9055.424281744,0,0
9056.431883160,0,1
9056.434296178,0,0
9057.441897698,0,1
9057.444310716,0,0
9058.451912200,0,1
9058.454325218,0,0
9059.461926770,0,1
9059.464340036,0,0
9060.471941342,0,1
9060.473211008,1,1
9060.475843278,0,1
9060.475878606,0,0
9061.481955896,0,1
9061.484368912,0,0
9062.491970476,0,1
9062.494383494,0,0
9063.501985004,0,1
9063.504398020,0,0
9064.511999614,0,1
9064.514412880,0,0
9065.522014150,0,1
9065.524427416,0,0
9066.532028694,0,1
9066.534441960,0,0
9067.542043340,0,1
9067.544456356,0,0
9068.552057920,0,1
9068.554470936,0,0
9069.562072426,0,1
9069.564485442,0,0
9070.572087040,0,1
9070.573356670,1,1
9070.575988528,0,1
9070.576024304,0,0
9071.582101534,0,1
9071.584514550,0,0
9072.592116108,0,1
9072.594529126,0,0
9073.602130694,0,1
9073.604543710,0,0
9074.612145216,0,1
9074.614558482,0,0
9075.622159800,0,1
9075.624573066,0,0
9076.632174366,0,1
9076.634587634,0,0
9077.642189006,0,1
9077.644602024,0,0
9078.652203574,0,1
9078.654616592,0,0
9079.662218120,0,1
9079.664631136,0,0
9080.672232674,0,1
9080.673502402,1,1
9080.676134580,0,1
9080.676170190,0,0
9081.682247390,0,1
9081.684660406,0,0
9082.692261922,0,1
9082.694674940,0,0
9083.702276502,0,1
9083.704689518,0,0
9084.712291000,0,1
9084.714704268,0,0
9085.722305630,0,1
9085.724718896,0,0
9086.732320210,0,1
9086.734733476,0,0
9087.742334806,0,1
9087.744747822,0,0
9088.752349380,0,1
9088.754762396,0,0
9089.762363872,0,1
9089.763633526,1,1
9089.766265886,0,1
9089.766301138,0,0
9090.772378486,0,1
9090.774791502,0,0
9091.782393068,0,1
9091.784806086,0,0
9092.792407612,0,1
9092.794820878,0,0
9093.802422130,0,1
9093.804835396,0,0
9094.812436740,0,1
9094.814850006,0,0
9095.822451382,0,1
9095.824864398,0,0
9096.832465934,0,1
9096.834878950,0,0
9097.842480436,0,1
9097.844893452,0,0
9098.852495020,0,1
9098.854908286,0,0
9099.862509574,0,1
9099.863779184,1,1
9099.866410798,0,1
9099.866446838,0,0
9100.872524154,0,1
9100.874937170,0,0
9101.882538686,0,1
9101.884951702,0,0
9102.892553232,0,1
9102.894966248,0,0
9103.902567850,0,1
9103.904981116,0,0
9104.912582330,0,1
9104.914995596,0,0
9105.922596982,0,1
9105.925010248,0,0
9106.932611550,0,1
9106.935024566,0,0
9107.942626150,0,1
9107.945039166,0,0
9108.952640680,0,1
9108.955053696,0,0
9109.962655214,0,1
9109.963924888,1,1
9109.966556912,0,1
9109.966592480,0,0
9110.972669832,0,1
9110.975082848,0,0
9111.982684362,0,1
9111.985097380,0,0
9112.992698924,0,1
9112.995111940,0,0
9114.002713460,0,1
9114.005126726,0,0
9115.012728034,0,1
9115.015141300,0,0
9116.022742588,0,1
9116.025155854,0,0
9117.032757156,0,1
9117.035170422,0,0
9118.042771800,0,1
9118.045184816,0,0
9119.052786400,0,1
9119.055199416,0,0
9120.062800942,0,1
9120.064070568,1,1
9120.066702010,0,1
9120.066738208,0,0
9121.072815478,0,1
9121.075228494,0,0
9122.082830030,0,1
9122.085243046,0,0
9123.092844568,0,1
9123.095257586,0,0
9124.102859138,0,1
9124.105272404,0,0
9125.112873718,0,1
9125.115286984,0,0
9126.122888298,0,1
9126.125301566,0,0
9127.132902904,0,1
9127.135315920,0,0
9128.142917456,0,1
9128.145330474,0,0
9129.152932052,0,1
9129.155345068,0,0
9130.162946574,0,1
9130.164216264,1,1
9130.166848256,0,1
9130.166883840,0,0
9131.172961260,0,1
9131.175374276,0,0
9132.182975794,0,1
9132.185388810,0,0
9133.192990390,0,1
9133.195403408,0,0
9134.203004990,0,1
9134.205418256,0,0
9135.213019524,0,1
9135.215432790,0,0
9136.223034092,0,1
9136.225447358,0,0
9137.233048734,0,1
9137.235461750,0,0
9138.243063274,0,1
9138.245476290,0,0
9139.253077814,0,1
9139.255490830,0,0
9140.263092404,0,1
9140.264361896,1,1
9140.266993902,0,1
9140.267029670,0,0
9141.273106778,0,1
9141.275519794,0,0
9142.283121396,0,1
9142.285534412,0,0
9143.293135960,0,1
9143.295548978,0,0
9144.303150532,0,1
9144.305563798,0,0
9145.313165100,0,1
9145.315578366,0,0
9146.323179640,0,1
9146.325592906,0,0
9147.333194172,0,1
9147.335607438,0,0
9148.343208794,0,1
9148.345621810,0,0
9149.353223364,0,1
9149.355636380,0,0
9150.363237956,0,1
9150.364507718,1,1
9150.367139228,0,1
9150.367175470,0,0
9151.373252794,0,1
9151.375665810,0,0
9152.383267300,0,1
9152.385680316,0,0
9153.393281908,0,1
9153.395695174,0,0
9154.403296422,0,1
9154.405709688,0,0
9155.413310988,0,1
9155.415724254,0,0
9156.423325612,0,1
9156.425738628,0,0
9157.433340200,0,1
9157.435753216,0,0
9158.443354712,0,1
9158.445767728,0,0
9159.453369328,0,1
9159.455782594,0,0
9160.463383866,0,1
9160.464653364,1,1
9160.467285142,0,1
9160.467321132,0,0
9161.473398300,0,1
9161.475811318,0,0
9162.483412866,0,1
9162.485825884,0,0
9163.493427402,0,1
9163.495840420,0,0
9164.503441972,0,1
9164.505855238,0,0
9165.513456534,0,1
9165.515869800,0,0
9166.523471126,0,1
9166.525884392,0,0
9167.533485672,0,1
9167.535898938,0,0
9168.543500308,0,1
9168.545913324,0,0
9169.553514852,0,1
9169.555927870,0,0
9170.563529462,0,1
9170.564799004,1,1
9170.567430390,0,1
9170.567466478,0,0
9171.573543998,0,1
9171.575957014,0,0
9172.583558550,0,1
9172.585971568,0,0
9173.593573086,0,1
9173.595986102,0,0
9174.603587664,0,1
9174.606000932,0,0
9175.613602254,0,1
9175.616015520,0,0
9176.623616856,0,1
9176.626029874,0,0
9177.633631358,0,1
9177.636044624,0,0
9178.643645960,0,1
9178.646059226,0,0
9179.653660454,0,1
9179.656073720,0,0
9180.663675112,0,1
9180.664944774,1,1
9180.667576588,0,1
9180.667612376,0,0
9181.673689798,0,1
9181.676102814,0,0
9182.683704392,0,1
9182.686117408,0,0
9183.693718912,0,1
9183.696131928,0,0
9184.703733510,0,1
9184.706146776,0,0
9185.713748048,0,1
9185.716161314,0,0
9186.723762596,0,1
9186.726175862,0,0
9187.733777276,0,1
9187.736190292,0,0
9188.743791812,0,1
9188.746204828,0,0
9189.753806354,0,1
9189.756219372,0,0
9190.763820892,0,1
9190.765090480,1,1
9190.767721968,0,1
9190.767758158,0,0
9191.773835478,0,1
9191.776248494,0,0
9192.783850030,0,1
9192.786263046,0,0
9193.793864612,0,1
9193.796277630,0,0
9194.803879200,0,1
9194.806292466,0,0
9195.813893770,0,1
9195.816307036,0,0
9196.823908334,0,1
9196.826321600,0,0
9197.833922992,0,1
9197.836336008,0,0
9198.843937520,0,1
9198.846350536,0,0
9199.853952104,0,1
9199.855221696,1,1
9199.857853528,0,1
9199.857889370,0,0
9200.863966600,0,1
9200.866379616,0,0
9201.873981206,0,1
9201.876394222,0,0
9202.883995790,0,1
9202.886408806,0,0
9203.894010320,0,1
9203.896423586,0,0
9204.904024874,0,1
9204.906438140,0,0
9205.914039470,0,1
9205.916452736,0,0
9206.924054106,0,1
9206.926467122,0,0
9207.934068630,0,1
9207.936481646,0,0
9208.944083204,0,1
9208.946496220,0,0
9209.954097758,0,1
9209.955367392,1,1
9209.957999228,0,1
9209.958035024,0,0
9210.964112452,0,1
9210.966525468,0,0
9211.974127016,0,1
9211.976540032,0,0
9212.984141548,0,1
9212.986554564,0,0
9213.994156144,0,1
9213.996569410,0,0
9215.004170714,0,1
9215.006583980,0,0
9216.014185340,0,1
9216.016598356,0,0
9217.024199914,0,1
9217.026612930,0,0
9218.034214446,0,1
9218.036627462,0,0
9219.044228984,0,1
9219.046642000,0,0
9220.054243600,0,1
9220.055513140,1,1
9220.058145046,0,1
9220.058180866,0,0
9221.064258074,0,1
9221.066671090,0,0
9222.074272590,0,1
9222.076685606,0,0
9223.084287172,0,1
9223.086700188,0,0
9224.094301728,0,1
9224.096714996,0,0
9225.104316302,0,1
9225.106729568,0,0
9226.114330874,0,1
9226.116744140,0,0
9227.124345476,0,1
9227.126758492,0,0
9228.134360070,0,1
9228.136773088,0,0
9229.144374636,0,1
9229.146787652,0,0
9230.154389150,0,1
9230.155658826,1,1
9230.158290428,0,1
9230.158326416,0,0
9231.164403848,0,1
9231.166816866,0,0
9232.174418418,0,1
9232.176831434,0,0
9233.184433022,0,1
9233.186846038,0,0
9234.194447534,0,1
9234.196860800,0,0
9235.204462084,0,1
9235.206875350,0,0
9236.214476700,0,1
9236.216889966,0,0
9237.224491240,0,1
9237.226904506,0,0
9238.234505874,0,1
9238.236918890,0,0
9239.244520484,0,1
9239.246933500,0,0
9240.254535052,0,1
9240.255804540,1,1
9240.258436462,0,1
9240.258472316,0,0
9241.264549398,0,1
9241.266962414,0,0
9242.274563986,0,1
9242.276977004,0,0
9243.284578548,0,1
9243.286991566,0,0
9244.294593122,0,1
9244.297006390,0,0
9245.304607668,0,1
9245.307020934,0,0
9246.314622220,0,1
9246.317035238,0,0
9247.324636850,0,1
9247.327050116,0,0
9248.334651394,0,1
9248.337064660,0,0
9249.344665944,0,1
9249.347079212,0,0
9250.354680604,0,1
9250.355950306,1,1
9250.358581922,0,1
9250.358618118,0,0
9251.364695296,0,1
9251.367108312,0,0
9252.374709846,0,1
9252.377122862,0,0
9253.384724416,0,1
9253.387137434,0,0
9254.394739002,0,1
9254.397152268,0,0
9255.404753568,0,1
9255.407166834,0,0
9256.414768128,0,1
9256.417181144,0,0
9257.424782732,0,1
9257.427195748,0,0
9258.434797302,0,1
9258.437210318,0,0
9259.444811812,0,1
9259.447224828,0,0
9260.454826406,0,1
9260.456096000,1,1
9260.458727682,0,1
9260.458763672,0,0
9261.464841086,0,1
9261.467254102,0,0
9262.474855622,0,1
9262.477268638,0,0
9263.484870244,0,1
9263.487283260,0,0
9264.494884758,0,1
9264.497298026,0,0
9265.504899366,0,1
9265.507312632,0,0
9266.514913932,0,1
9266.517327198,0,0
9267.524928514,0,1
9267.527341532,0,0
9268.534943072,0,1
9268.537356088,0,0
9269.544957680,0,1
9269.547370696,0,0
9270.554972192,0,1
9270.556241724,1,1
9270.558873358,0,1
9270.558909456,0,0
9271.564986760,0,1
9271.567399776,0,0
9272.575001370,0,1
9272.577414388,0,0
9273.585015946,0,1
9273.587428964,0,0
9274.595030468,0,1
9274.597443734,0,0
9275.605045032,0,1
9275.607458298,0,0
9276.615059658,0,1
9276.617472676,0,0
9277.625074238,0,1
9277.627487254,0,0
9278.635088784,0,1
9278.637501802,0,0
9279.645103364,0,1
9279.647516380,0,0
9280.655117894,0,1
9280.656387492,1,1
9280.659019262,0,1
9280.659055158,0,0
9281.665132496,0,1
9281.667545512,0,0
9282.675147010,0,1
9282.677560026,0,0
9283.685161588,0,1
9283.687574606,0,0
9284.695176166,0,1
9284.697589432,0,0
9285.705190724,0,1
9285.707603992,0,0
9286.715205282,0,1
9286.717618548,0,0
9287.725219912,0,1
9287.727632928,0,0
9288.735234490,0,1
9288.737647508,0,0
9289.745249086,0,1
9289.747662104,0,0
9290.755263640,0,1
9290.756533168,1,1
9290.759165256,0,1
9290.759200906,0,0
9291.765278074,0,1
9291.767691090,0,0
9292.775292614,0,1
9292.777705632,0,0
9293.785307208,0,1
9293.787720224,0,0
9294.795321748,0,1
9294.797734764,0,0
9295.805336314,0,1
9295.807749580,0,0
9296.815350870,0,1
9296.817764136,0,0
9297.825365414,0,1
9297.827778680,0,0
9298.835379992,0,1
9298.837793258,0,0
9299.845394572,0,1
9299.846664442,1,1
9299.849296114,0,1
9299.849332088,0,0
9300.855409406,0,1
9300.857822422,0,0
9301.865423932,0,1
9301.867836948,0,0
9302.875438516,0,1
9302.877851532,0,0
9303.885453076,0,1
9303.887866342,0,0
9304.895467588,0,1
9304.897880854,0,0
9305.905482242,0,1
9305.907895260,0,0
9306.915496794,0,1
9306.917909812,0,0
9307.925511380,0,1
9307.927924396,0,0
9308.935525910,0,1
9308.937939176,0,0
9309.945540482,0,1
9309.946810108,1,1
9309.949441752,0,1
9309.949477748,0,0
9310.955555036,0,1
9310.957968052,0,0
9311.965569578,0,1
9311.967982594,0,0
9312.975584176,0,1
9312.977997192,0,0
9313.985598748,0,1
9313.988012014,0,0
9314.995613350,0,1
9314.998026366,0,0
9316.005627876,0,1
9316.008041142,0,0
9317.015642458,0,1
9317.018055724,0,0
9318.025657076,0,1
9318.028070342,0,0
9319.035671654,0,1
9319.038084670,0,0
9320.045686230,0,1
9320.046955886,1,1
9320.049587950,0,1
9320.049623494,0,0
9321.055700794,0,1
9321.058113810,0,0
9322.065715340,0,1
9322.068128356,0,0
9323.075729880,0,1
9323.078143148,0,0
9324.085744490,0,1
9324.088157756,0,0
9325.095759020,0,1
9325.098172286,0,0
9326.105773662,0,1
9326.108186678,0,0
9327.115788216,0,1
9327.118201232,0,0
9328.125802794,0,1
9328.128215810,0,0
9329.135817368,0,1
9329.138230634,0,0
9330.145831882,0,1
9330.147101626,1,1
9330.149733950,0,1
9330.149769396,0,0
9331.155846624,0,1
9331.158259640,0,0
9332.165861178,0,1
9332.168274194,0,0
9333.175875700,0,1
9333.178288966,0,0
9334.185890260,0,1
9334.188303528,0,0
9335.195904818,0,1
9335.198318084,0,0
9336.205919436,0,1
9336.208332452,0,0
9337.215933982,0,1
9337.218346998,0,0
9338.225948598,0,1
9338.228361614,0,0
9339.235963130,0,1
9339.238376396,0,0
9340.245977724,0,1
9340.247247390,1,1
9340.249879620,0,1
9340.249914988,0,0
9341.255992282,0,1
9341.258405298,0,0
9342.266006844,0,1
9342.268419860,0,0
9343.276021406,0,1
9343.278434422,0,0
9344.286035920,0,1
9344.288449186,0,0
9345.296050512,0,1
9345.298463778,0,0
9346.306065030,0,1
9346.308478296,0,0
9347.316079670,0,1
9347.318492688,0,0
9348.326094252,0,1
9348.328507268,0,0
9349.336108836,0,1
9349.338521854,0,0
9350.346123390,0,1
9350.347393092,1,1
9350.350024808,0,1
9350.350060906,0,0
9351.356138040,0,1
9351.358551056,0,0
9352.366152638,0,1
9352.368565654,0,0
9353.376167178,0,1
9353.378580444,0,0
9354.386181750,0,1
9354.388595016,0,0
9355.396196230,0,1
9355.398609496,0,0
9356.406210936,0,1
9356.408623954,0,0
9357.416225486,0,1
9357.418638502,0,0
9358.426240036,0,1
9358.428653054,0,0
9359.436254616,0,1
9359.438667884,0,0
9360.446269174,0,1
9360.447538774,1,1
9360.450170452,0,1
9360.450206438,0,0
9361.456283740,0,1
9361.458696756,0,0
9362.466298336,0,1
9362.468711352,0,0
9363.476312852,0,1
9363.478725868,0,0
9364.486327430,0,1
9364.488740698,0,0
9365.496341952,0,1
9365.498755220,0,0
9366.506356602,0,1
9366.508769618,0,0
9367.516371190,0,1
9367.518784206,0,0
9368.526385730,0,1
9368.528798746,0,0
9369.536400290,0,1
9369.538813556,0,0
9370.546414874,0,1
9370.547684510,1,1
9370.550316718,0,1
9370.550352140,0,0
9371.556429404,0,1
9371.558842420,0,0
9372.566444000,0,1
9372.568857016,0,0
9373.576458558,0,1
9373.578871824,0,0
9374.586473116,0,1
9374.588886382,0,0
9375.596487712,0,1
9375.598900728,0,0
9376.606502278,0,1
9376.608915294,0,0
9377.616516842,0,1
9377.618929858,0,0
9378.626531392,0,1
9378.628944660,0,0
9379.636545936,0,1
9379.638959202,0,0
9380.646560542,0,1
9380.647830236,1,1
9380.650461908,0,1
9380.650497808,0,0
9381.656575242,0,1
9381.658988258,0,0
9382.666589778,0,1
9382.669002794,0,0
9383.676604374,0,1
9383.679017390,0,0
9384.686618952,0,1
9384.689031968,0,0
9385.696633506,0,1
9385.699046772,0,0
9386.706648066,0,1
9386.709061332,0,0
9387.716662702,0,1
9387.719075720,0,0
9388.726677234,0,1
9388.729090250,0,0
9389.736691796,0,1
9389.739104812,0,0
9390.746706366,0,1
9390.747976012,1,1
9390.750607794,0,1
9390.750643632,0,0
9391.756720962,0,1
9391.759133978,0,0
9392.766735466,0,1
9392.769148482,0,0
9393.776750034,0,1
9393.779163300,0,0
9394.786764608,0,1
9394.789177874,0,0
9395.796779156,0,1
9395.799192422,0,0
9396.806793798,0,1
9396.809206814,0,0
9397.816808378,0,1
9397.819221394,0,0
9398.826822914,0,1
9398.829235930,0,0
9399.836837480,0,1
9399.838107092,1,1
9399.840738826,0,1
9399.840774746,0,0
9400.846852070,0,1
9400.849265088,0,0
9401.856866640,0,1
9401.859279656,0,0
9402.866881162,0,1
9402.869294428,0,0
9403.876895746,0,1
9403.879309012,0,0
9404.886910280,0,1
9404.889323546,0,0
9405.896924950,0,1
9405.899337966,0,0
9406.906939484,0,1
9406.909352500,0,0
9407.916954060,0,1
9407.919367076,0,0
9408.926968612,0,1
9408.929381878,0,0
9409.936983156,0,1
9409.938252872,1,1
9409.940884638,0,1
9409.940920672,0,0
9410.946997840,0,1
9410.949410858,0,0
9411.957012386,0,1
9411.959425402,0,0
9412.967027016,0,1
9412.969440284,0,0
9413.977041524,0,1
9413.979454790,0,0
9414.987056076,0,1
9414.989469342,0,0
9415.997070710,0,1
9415.999483726,0,0
9417.007085280,0,1
9417.009498296,0,0
9418.017099848,0,1
9418.019512864,0,0
9419.027114378,0,1
9419.029527644,0,0
9420.037128966,0,1
9420.038398496,1,1
9420.041030272,0,1
9420.041066232,0,0
9421.047143390,0,1
9421.049556406,0,0
9422.057157938,0,1
9422.059570954,0,0
9423.067172502,0,1
9423.069585520,0,0
9424.077187094,0,1
9424.079600360,0,0
9425.087201684,0,1
9425.089614950,0,0
9426.097216214,0,1
9426.099629482,0,0
9427.107230860,0,1
9427.109643878,0,0
9428.117245368,0,1
9428.119658384,0,0
9429.127259988,0,1
9429.129673004,0,0
9430.137274518,0,1
9430.138544210,1,1
9430.141175930,0,1
9430.141211782,0,0
9431.147289194,0,1
9431.149702210,0,0
9432.157303788,0,1
9432.159716804,0,0
9433.167318342,0,1
9433.169731358,0,0
9434.177332858,0,1
9434.179746124,0,0
9435.187347444,0,1
9435.189760710,0,0
9436.197361998,0,1
9436.199775264,0,0
9437.207376668,0,1
9437.209789684,0,0
9438.217391168,0,1
9438.219804184,0,0
9439.227405792,0,1
9439.229818808,0,0
9440.237420324,0,1
9440.238689922,1,1
9440.241321666,0,1
9440.241357590,0,0
9441.247434886,0,1
9441.249847902,0,0
9442.257449468,0,1
9442.259862484,0,0
9443.267464006,0,1
9443.269877022,0,0
9444.277478602,0,1
9444.279891870,0,0
9445.287493190,0,1
9445.289906456,0,0
9446.297507730,0,1
9446.299920998,0,0
9447.307522292,0,1
9447.309935310,0,0
9448.317536856,0,1
9448.319949872,0,0
9449.327551424,0,1
9449.329964442,0,0
9450.337566000,0,1
9450.338835652,1,1
9450.341467038,0,1
9450.341503266,0,0
9451.347580524,0,1
9451.349993540,0,0
9452.357595120,0,1
9452.360008136,0,0
9453.367609662,0,1
9453.370022678,0,0
9454.377624244,0,1
9454.380037260,0,0
9455.387638840,0,1
9455.390051856,0,0
9456.397653358,0,1
9456.400066626,0,0
9457.407667932,0,1
9457.410081200,0,0
9458.417682470,0,1
9458.420095738,0,0
9459.427697116,0,1
9459.430110132,0,0
9460.437711664,0,1
9460.438981340,1,1
9460.441612948,0,1
9460.441648930,0,0
9461.447726330,0,1
9461.450139348,0,0
9462.457740926,0,1
9462.460153942,0,0
9463.467755406,0,1
9463.470168422,0,0
9464.477770028,0,1
9464.480183296,0,0
9465.487784588,0,1
9465.490197854,0,0
9466.497799198,0,1
9466.500212214,0,0
9467.507813796,0,1
9467.510226814,0,0
9468.517828366,0,1
9468.520241382,0,0
9469.527842872,0,1
9469.530255888,0,0
9470.537857484,0,1
9470.539127012,1,1
9470.541758438,0,1
9470.541794750,0,0
9471.547871906,0,1
9471.550284922,0,0
9472.557886428,0,1
9472.560299444,0,0
9473.567901000,0,1
9473.570314018,0,0
9474.577915584,0,1
9474.580328850,0,0
9475.587930146,0,1
9475.590343412,0,0
9476.597944720,0,1
9476.600357988,0,0
9477.607959300,0,1
9477.610372566,0,0
9478.617973912,0,1
9478.620386928,0,0
9479.627988420,0,1
9479.630401436,0,0
9480.638003000,0,1
9480.639272688,1,1
9480.641904618,0,1
9480.641940264,0,0
9481.648017728,0,1
9481.650430744,0,0
9482.658032224,0,1
9482.660445240,0,0
9483.668046836,0,1
9483.670459852,0,0
9484.678061412,0,1
9484.680474678,0,0
9485.688075908,0,1
9485.690489174,0,0
9486.698090462,0,1
9486.700503728,0,0
9487.708105082,0,1
9487.710518098,0,0
9488.718119660,0,1
9488.720532678,0,0
9489.728134244,0,1
9489.730547260,0,0
9490.738148764,0,1
9490.739418404,1,1
9490.742050586,0,1
9490.742086028,0,0
9491.748163366,0,1
9491.750576382,0,0
9492.758177884,0,1
9492.760590902,0,0
9493.768192478,0,1
9493.770605494,0,0
9494.778207026,0,1
9494.780620292,0,0
9495.788221518,0,1
9495.790634786,0,0
9496.798236112,0,1
9496.800649378,0,0
9497.808250674,0,1
9497.810663940,0,0
9498.818265318,0,1
9498.820678334,0,0
9499.828279866,0,1
9499.829549508,1,1
9499.832181112,0,1
9499.832217132,0,0
9500.838294462,0,1
9500.840707478,0,0
9501.848308976,0,1
9501.850721992,0,0
9502.858323536,0,1
9502.860736554,0,0
9503.868338070,0,1
9503.870751336,0,0
9504.878352688,0,1
9504.880765954,0,0
9505.888367194,0,1
9505.890780460,0,0
9506.898381826,0,1
9506.900794842,0,0
9507.908396442,0,1
9507.910809458,0,0
9508.918410952,0,1
9508.920823968,0,0
9509.928425538,0,1
9509.929695266,1,1
9509.932327502,0,1
9509.932363054,0,0
9510.938440204,0,1
9510.940853220,0,0
9511.948454772,0,1
9511.950867788,0,0
9512.958469382,0,1
9512.960882398,0,0
9513.968483876,0,1
9513.970897142,0,0
9514.978498450,0,1
9514.980911718,0,0
9515.988513056,0,1
9515.990926072,0,0
9516.998527662,0,1
9517.000940680,0,0
9518.008542184,0,1
9518.010955200,0,0
9519.018556774,0,1
9519.020969790,0,0
9520.028571362,0,1
9520.029840952,1,1
9520.032472990,0,1
9520.032508626,0,0
9521.038585844,0,1
9521.040999112,0,0
9522.048600472,0,1
9522.051013488,0,0
9523.058615026,0,1
9523.061028042,0,0
9524.068629592,0,1
9524.071042608,0,0
9525.078644150,0,1
9525.081057418,0,0
9526.088658698,0,1
9526.091071964,0,0
9527.098673242,0,1
9527.101086508,0,0
9528.108687876,0,1
9528.111100892,0,0
9529.118702452,0,1
9529.121115468,0,0
9530.128717024,0,1
9530.129986638,1,1
9530.132618458,0,1
9530.132654290,0,0
9531.138731536,0,1
9531.141144554,0,0
9532.148746126,0,1
9532.151159142,0,0
9533.158760668,0,1
9533.161173934,0,0
9534.168775252,0,1
9534.171188520,0,0
9535.178789806,0,1
9535.181203072,0,0
9536.188804404,0,1
9536.191217420,0,0
9537.198818956,0,1
9537.201231972,0,0
9538.208833554,0,1
9538.211246570,0,0
9539.218848100,0,1
9539.221261116,0,0
9540.228862704,0,1
9540.230132358,1,1
9540.232764188,0,1
9540.232799970,0,0
9541.238877196,0,1
9541.241290212,0,0
9542.248891796,0,1
9542.251304812,0,0
9543.258906316,0,1
9543.261319334,0,0
9544.268920888,0,1
9544.271334156,0,0
9545.278935484,0,1
9545.281348750,0,0
9546.288950030,0,1
9546.291363296,0,0
9547.298964594,0,1
9547.301377862,0,0
9548.308979188,0,1
9548.311392204,0,0
9549.318993792,0,1
9549.321406808,0,0
9550.329008358,0,1
9550.330278066,1,1
9550.332909526,0,1
9550.332945874,0,0
9551.339023018,0,1
9551.341436034,0,0
9552.349037598,0,1
9552.351450614,0,0
9553.359052144,0,1
9553.361465410,0,0
9554.369066668,0,1
9554.371479934,0,0
9555.379081252,0,1
9555.381494520,0,0
9556.389095878,0,1
9556.391508894,0,0
9557.399110478,0,1
9557.401523494,0,0
9558.409124998,0,1
9558.411538014,0,0
9559.419139542,0,1
9559.421552808,0,0
9560.429154138,0,1
9560.430423802,1,1
9560.433055348,0,1
9560.433091404,0,0
9561.439168796,0,1
9561.441581812,0,0
9562.449183368,0,1
9562.451596384,0,0
9563.459197930,0,1
9563.461611196,0,0
9564.469212506,0,1
9564.471625772,0,0
9565.479227016,0,1
9565.481640282,0,0
9566.489241710,0,1
9566.491654728,0,0
9567.499256252,0,1
9567.501669268,0,0
9568.509270744,0,1
9568.511683760,0,0
9569.519285346,0,1
9569.521698614,0,0
9570.529299890,0,1
9570.530569466,1,1
9570.533201282,0,1
9570.533237156,0,0
9571.539314460,0,1
9571.541727476,0,0
9572.549329038,0,1
9572.551742054,0,0
9573.559343590,0,1
9573.561756858,0,0
9574.569358104,0,1
9574.571771372,0,0
9575.579372722,0,1
9575.581785990,0,0
9576.589387354,0,1
9576.591800370,0,0
9577.599401870,0,1
9577.601814886,0,0
9578.609416424,0,1
9578.611829440,0,0
9579.619430994,0,1
9579.621844262,0,0
9580.629445538,0,1
9580.630715192,1,1
9580.633347080,0,1
9580.633382802,0,0
9581.639460120,0,1
9581.641873138,0,0
9582.649474708,0,1
9582.651887724,0,0
9583.659489284,0,1
9583.661902550,0,0
9584.669503772,0,1
9584.671917038,0,0
9585.679518384,0,1
9585.681931650,0,0
9586.689532982,0,1
9586.691946000,0,0
9587.699547514,0,1
9587.701960530,0,0
9588.709562094,0,1
9588.711975110,0,0
9589.719576692,0,1
9589.721989710,0,0
9590.729591228,0,1
9590.730860972,1,1
9590.733492606,0,1
9590.733528742,0,0
9591.739605896,0,1
9591.742018912,0,0
9592.749620464,0,1
9592.752033480,0,0
9593.759635052,0,1
9593.762048318,0,0
9594.769649622,0,1
9594.772062888,0,0
9595.779664146,0,1
9595.782077412,0,0
9596.789678796,0,1
9596.792091812,0,0
9597.799693346,0,1
9597.802106362,0,0
9598.809707890,0,1
9598.812120908,0,0
9599.819722482,0,1
9599.820992026,1,1
9599.823623374,0,1
9599.823659498,0,0
9600.829737040,0,1
9600.832150056,0,0
9601.839751624,0,1
9601.842164640,0,0
9602.849766176,0,1
9602.852179442,0,0
9603.859780682,0,1
9603.862193950,0,0
9604.869795220,0,1
9604.872208486,0,0
9605.879809924,0,1
9605.882222940,0,0
9606.889824472,0,1
9606.892237488,0,0
9607.899839024,0,1
9607.902252040,0,0
9608.909853572,0,1
9608.912266838,0,0
9609.919868104,0,1
9609.921137832,1,1
9609.923769472,0,1
9609.923805620,0,0
9610.929882874,0,1
9610.932295890,0,0
9611.939897432,0,1
9611.942310450,0,0
9612.949911866,0,1
9612.952325132,0,0
9613.959926490,0,1
9613.962339756,0,0
9614.969941148,0,1
9614.972354166,0,0
9615.979955682,0,1
9615.982368698,0,0
9616.989970226,0,1
9616.992383242,0,0
9617.999984824,0,1
9618.002398090,0,0
9619.009999362,0,1
9619.012412628,0,0
9620.020014024,0,1
9620.021283434,1,1
9620.023915494,0,1
9620.023951038,0,0
9621.030028282,0,1
9621.032441298,0,0
9622.040042834,0,1
9622.042455850,0,0
9623.050057408,0,1
9623.052470424,0,0
9624.060071980,0,1
9624.062485246,0,0
9625.070086500,0,1
9625.072499766,0,0
9626.080101196,0,1
9626.082514212,0,0
9627.090115738,0,1
9627.092528754,0,0
9628.100130274,0,1
9628.102543290,0,0
9629.110144786,0,1
9629.112558054,0,0
9630.120159400,0,1
9630.121429242,1,1
9630.124060818,0,1
9630.124096914,0,0
9631.130174242,0,1
9631.132587258,0,0
9632.140188750,0,1
9632.142601768,0,0
9633.150203344,0,1
9633.152616612,0,0
9634.160217910,0,1
9634.162631176,0,0
9635.170232494,0,1
9635.172645510,0,0
9636.180247128,0,1
9636.182660146,0,0
9637.190261674,0,1
9637.192674690,0,0
9638.200276222,0,1
9638.202689490,0,0
9639.210290752,0,1
9639.212704018,0,0
9640.220305336,0,1
9640.221574918,1,1
9640.224206748,0,1
9640.224242602,0,0
9641.230319880,0,1
9641.232732898,0,0
9642.240334432,0,1
9642.242747448,0,0
9643.250349044,0,1
9643.252762060,0,0
9644.260363594,0,1
9644.262776860,0,0
9645.270378122,0,1
9645.272791388,0,0
9646.280392734,0,1
9646.282805750,0,0
9647.290407306,0,1
9647.292820322,0,0
9648.300421852,0,1
9648.302834868,0,0
9649.310436446,0,1
9649.312849712,0,0
9650.320450976,0,1
9650.321720622,1,1
9650.324352390,0,1
9650.324388242,0,0
9651.330465534,0,1
9651.332878550,0,0
9652.340480112,0,1
9652.342893128,0,0
9653.350494730,0,1
9653.352907996,0,0
9654.360509222,0,1
9654.362922488,0,0
9655.370523832,0,1
9655.372937098,0,0
9656.380538444,0,1
9656.382951460,0,0
9657.390553004,0,1
9657.392966020,0,0
9658.400567596,0,1
9658.402980614,0,0
9659.410582136,0,1
9659.412995154,0,0
9660.420596710,0,1
9660.421866398,1,1
9660.424498420,0,1
9660.424533974,0,0
9661.430611442,0,1
9661.433024458,0,0
9662.440625954,0,1
9662.443038970,0,0
9663.450640522,0,1
9663.453053788,0,0
9664.460655082,0,1
9664.463068348,0,0
9665.470669690,0,1
9665.473082706,0,0
9666.480684240,0,1
9666.483097256,0,0
9667.490698848,0,1
9667.493111864,0,0
9668.500713404,0,1
9668.503126670,0,0
9669.510727966,0,1
9669.513141234,0,0
9670.520742618,0,1
9670.522012116,1,1
9670.524644066,0,1
9670.524679884,0,0
9671.530757054,0,1
9671.533170070,0,0
9672.540771582,0,1
9672.543184598,0,0
9673.550786112,0,1
9673.553199128,0,0
9674.560800692,0,1
9674.563213958,0,0
9675.570815304,0,1
9675.573228570,0,0
9676.580829852,0,1
9676.583243118,0,0
9677.590844456,0,1
9677.593257472,0,0
9678.600858982,0,1
9678.603271998,0,0
9679.610873604,0,1
9679.613286622,0,0
9680.620888136,0,1
9680.622157916,1,1
9680.624789634,0,1
9680.624825652,0,0
9681.630902804,0,1
9681.633315820,0,0
9682.640917364,0,1
9682.643330380,0,0
9683.650931982,0,1
9683.653345248,0,0
9684.660946506,0,1
9684.663359772,0,0
9685.670961100,0,1
9685.673374366,0,0
9686.680975682,0,1
9686.683388698,0,0
9687.690990264,0,1
9687.693403282,0,0
9688.701004824,0,1
9688.703417840,0,0
9689.711019346,0,1
9689.713432612,0,0
9690.721033962,0,1
9690.722303614,1,1
9690.724935188,0,1
9690.724971226,0,0
9691.731048542,0,1
9691.733461558,0,0
9692.741063104,0,1
9692.743476120,0,0
9693.751077620,0,1
9693.753490636,0,0
9694.761092144,0,1
9694.763505410,0,0
9695.771106724,0,1
9695.773519990,0,0
9696.781121296,0,1
9696.783534562,0,0
9697.791135916,0,1
9697.793548934,0,0
9698.801150482,0,1
9698.803563500,0,0
9699.811165072,0,1
9699.812434822,1,1
9699.815066554,0,1
9699.815102588,0,0
9700.821179756,0,1
9700.823592774,0,0
9701.831194288,0,1
9701.833607304,0,0
9702.841208890,0,1
9702.843622158,0,0
9703.851223406,0,1
9703.853636674,0,0
9704.861238044,0,1
9704.863651060,0,0
9705.871252652,0,1
9705.873665668,0,0
9706.881267222,0,1
9706.883680488,0,0
9707.891281764,0,1
9707.893695030,0,0
9708.901296374,0,1
9708.903709390,0,0
9709.911310884,0,1
9709.912580502,1,1
9709.915212928,0,1
9709.915248150,0,0
9710.921325524,0,1
9710.923738540,0,0
9711.931340072,0,1
9711.933753088,0,0
9712.941354580,0,1
9712.943767846,0,0
9713.951369156,0,1
9713.953782422,0,0
9714.961383750,0,1
9714.963797016,0,0
9715.971398388,0,1
9715.973811404,0,0
9716.981412938,0,1
9716.983825954,0,0
9717.991427480,0,1
9717.993840498,0,0
9719.001442056,0,1
9719.003855324,0,0
9720.011456662,0,1
9720.012726240,1,1
9720.015358156,0,1
9720.015393928,0,0
9721.021471214,0,1
9721.023884230,0,0
9722.031485766,0,1
9722.033898782,0,0
9723.041500338,0,1
9723.043913604,0,0
9724.051514892,0,1
9724.053928158,0,0
9725.061529468,0,1
9725.063942736,0,0
9726.071544050,0,1
9726.073957068,0,0
9727.081558662,0,1
9727.083971680,0,0
9728.091573208,0,1
9728.093986224,0,0
9729.101587802,0,1
9729.104000820,0,0
9730.111602372,0,1
9730.112872036,1,1
9730.115503764,0,1
9730.115539636,0,0
9731.121616944,0,1
9731.124029960,0,0
9732.131631480,0,1
9732.134044496,0,0
9733.141646058,0,1
9733.144059324,0,0
9734.151660624,0,1
9734.154073890,0,0
9735.161675168,0,1
9735.164088434,0,0
9736.171689796,0,1
9736.174102812,0,0
9737.181704356,0,1
9737.184117372,0,0
9738.191718888,0,1
9738.194131906,0,0
9739.201733500,0,1
9739.204146766,0,0
9740.211748070,0,1
9740.213017714,1,1
9740.215649100,0,1
9740.215685336,0,0
9741.221762580,0,1
9741.224175598,0,0
9742.231777222,0,1
9742.234190240,0,0
9743.241791758,0,1
9743.244204774,0,0
9744.251806328,0,1
9744.254219594,0,0
9745.261820918,0,1
9745.264234184,0,0
9746.271835470,0,1
9746.274248736,0,0
9747.281850064,0,1
9747.284263082,0,0
9748.291864666,0,1
9748.294277682,0,0
9749.301879206,0,1
9749.304292222,0,0
9750.311893742,0,1
9750.313163494,1,1
9750.315795362,0,1
9750.315831256,0,0
9751.321908488,0,1
9751.324321504,0,0
9752.331923032,0,1
9752.334336048,0,0
9753.341937592,0,1
9753.344350860,0,0
9754.351952220,0,1
9754.354365486,0,0
9755.361966816,0,1
9755.364379834,0,0
9756.371981362,0,1
9756.374394378,0,0
9757.381995952,0,1
9757.384408968,0,0
9758.392010466,0,1
9758.394423732,0,0
9759.402025020,0,1
9759.404438286,0,0
9760.412039582,0,1
9760.413309242,1,1
9760.415940974,0,1
9760.415976848,0,0
9761.422054136,0,1
9761.424467152,0,0
9762.432068724,0,1
9762.434481740,0,0
9763.442083316,0,1
9763.444496584,0,0
9764.452097828,0,1
9764.454511096,0,0
9765.462112400,0,1
9765.464525666,0,0
9766.472127066,0,1
9766.474540082,0,0
9767.482141626,0,1
9767.484554642,0,0
9768.492156184,0,1
9768.494569202,0,0
9769.502170728,0,1
9769.504583996,0,0
9770.512185300,0,1
9770.513454968,1,1
9770.516086626,0,1
9770.516122566,0,0
9771.522199976,0,1
9771.524612992,0,0
9772.532214510,0,1
9772.534627526,0,0
9773.542229114,0,1
9773.544642380,0,0
9774.552243720,0,1
9774.554656986,0,0
9775.562258346,0,1
9775.564671362,0,0
9776.572272904,0,1
9776.574685920,0,0
9777.582287430,0,1
9777.584700446,0,0
9778.592302004,0,1
9778.594715270,0,0
9779.602316548,0,1
9779.604729814,0,0
9780.612331158,0,1
9780.613600720,1,1
9780.616232374,0,1
9780.616268424,0,0
9781.622345724,0,1
9781.624758740,0,0
9782.632360248,0,1
9782.634773264,0,0
9783.642374816,0,1
9783.644788084,0,0
9784.652389404,0,1
9784.654802670,0,0
9785.662403974,0,1
9785.664817240,0,0
9786.672418566,0,1
9786.674831582,0,0
9787.682433170,0,1
9787.684846186,0,0
9788.692447708,0,1
9788.694860726,0,0
9789.702462300,0,1
9789.704875316,0,0
9790.712476824,0,1
9790.713746430,1,1
9790.716378048,0,1
9790.716414090,0,0
9791.722491416,0,1
9791.724904434,0,0
9792.732505956,0,1
9792.734918972,0,0
9793.742520490,0,1
9793.744933506,0,0
9794.752535038,0,1
9794.754948304,0,0
9795.762549654,0,1
9795.764962668,0,0
9796.772564200,0,1
9796.774977466,0,0
9797.782578778,0,1
9797.784992044,0,0
9798.792593324,0,1
9798.795006590,0,0
9799.802607990,0,1
9799.803877610,1,1
9799.806509378,0,1
9799.806545254,0,0
9800.812622528,0,1
9800.815035546,0,0
9801.822637154,0,1
9801.825050170,0,0
9802.832651684,0,1
9802.835064698,0,0
9803.842666266,0,1
9803.845079532,0,0
9804.852680814,0,1
9804.855094080,0,0
9805.862695388,0,1
9805.865108654,0,0
9806.872709956,0,1
9806.875122974,0,0
9807.882724558,0,1
9807.885137574,0,0
9808.892739086,0,1
9808.895152102,0,0
9809.902753672,0,1
9809.904023320,1,1
9809.906655318,0,1
9809.906690938,0,0
9810.912768218,0,1
9810.915181234,0,0
9811.922782780,0,1
9811.925195796,0,0
9812.932797346,0,1
9812.935210362,0,0
9813.942811960,0,1
9813.945225226,0,0
9814.952826502,0,1
9814.955239768,0,0
9815.962841070,0,1
9815.965254336,0,0
9816.972855658,0,1
9816.975268676,0,0
9817.982870230,0,1
9817.985283246,0,0
9818.992884802,0,1
9818.995297818,0,0
9820.002899380,0,1
9820.004169072,1,1
9820.006801428,0,1
9820.006836646,0,0
9821.012914060,0,1
9821.015327076,0,0
9822.022928612,0,1
9822.025341628,0,0
9823.032943210,0,1
9823.035356476,0,0
9824.042957778,0,1
9824.045371044,0,0
9825.052972292,0,1
9825.055385558,0,0
9826.062986964,0,1
9826.065399980,0,0
9827.073001514,0,1
9827.075414530,0,0
9828.083016044,0,1
9828.085429060,0,0
9829.093030646,0,1
9829.095443912,0,0
9830.103045182,0,1
9830.104314772,1,1
9830.106946442,0,1
9830.106982446,0,0
9831.113059716,0,1
9831.115472732,0,0
9832.123074294,0,1
9832.125487310,0,0
9833.133088872,0,1
9833.135501888,0,0
9834.143103438,0,1
9834.145516704,0,0
9835.153117992,0,1
9835.155531258,0,0
9836.163132630,0,1
9836.165545644,0,0
9837.173147190,0,1
9837.175560206,0,0
9838.183161790,0,1
9838.185574806,0,0
9839.193176312,0,1
9839.195589328,0,0
9840.203190924,0,1
9840.204460440,1,1
9840.207092542,0,1
9840.207128190,0,0
9841.213205346,0,1
9841.215618362,0,0
9842.223219912,0,1
9842.225632928,0,0
9843.233234456,0,1
9843.235647472,0,0
9844.243249042,0,1
9844.245662308,0,0
9845.253263534,0,1
9845.255676800,0,0
9846.263278140,0,1
9846.265691406,0,0
9847.273292694,0,1
9847.275705960,0,0
9848.283307280,0,1
9848.285720296,0,0
9849.293321918,0,1
9849.295734934,0,0
9850.303336424,0,1
9850.304606198,1,1
9850.307237930,0,1
9850.307273940,0,0
9851.313351244,0,1
9851.315764260,0,0
9852.323365792,0,1
9852.325778808,0,0
9853.333380406,0,1
9853.335793422,0,0
9854.343394948,0,1
9854.345808214,0,0
9855.353409510,0,1
9855.355822776,0,0
9856.363424056,0,1
9856.365837322,0,0
9857.373438692,0,1
9857.375851708,0,0
9858.383453214,0,1
9858.385866232,0,0
9859.393467776,0,1
9859.395880792,0,0
9860.403482370,0,1
9860.404751940,1,1
9860.407383496,0,1
9860.407419634,0,0
9861.413496932,0,1
9861.415909948,0,0
9862.423511518,0,1
9862.425924534,0,0
9863.433526022,0,1
9863.435939038,0,0
9864.443540632,0,1
9864.445953898,0,0
9865.453555160,0,1
9865.455968176,0,0
9866.463569806,0,1
9866.465983072,0,0
9867.473584312,0,1
9867.475997578,0,0
9868.483598900,0,1
9868.486012166,0,0
9869.493613514,0,1
9869.496026532,0,0
9870.503628042,0,1
9870.504897724,1,1
9870.507529286,0,1
9870.507565306,0,0
9871.513642766,0,1
9871.516055784,0,0
9872.523657340,0,1
9872.526070356,0,0
9873.533671888,0,1
9873.536085154,0,0
9874.543686440,0,1
9874.546099706,0,0
9875.553701004,0,1
9875.556114270,0,0
9876.563715592,0,1
9876.566128610,0,0
9877.573730202,0,1
9877.576143218,0,0
9878.583744724,0,1
9878.586157740,0,0
9879.593759326,0,1
9879.596172592,0,0
9880.603773836,0,1
9880.605043432,1,1
9880.607675446,0,1
9880.607711102,0,0
9881.613788454,0,1
9881.616201470,0,0
9882.623803026,0,1
9882.626216042,0,0
9883.633817584,0,1
9883.636230850,0,0
9884.643832106,0,1
9884.646245372,0,0
9885.653846674,0,1
9885.656259942,0,0
9886.663861340,0,1
9886.666274356,0,0
9887.673875834,0,1
9887.676288850,0,0
9888.683890398,0,1
9888.686303414,0,0
9889.693904970,0,1
9889.696318236,0,0
9890.703919560,0,1
9890.705189142,1,1
9890.707820868,0,1
9890.707856826,0,0
9891.713934114,0,1
9891.716347130,0,0
9892.723948670,0,1
9892.726361686,0,0
9893.733963234,0,1
9893.736376500,0,0
9894.743977844,0,1
9894.746391112,0,0
9895.753992342,0,1
9895.756405608,0,0
9896.764007016,0,1
9896.766420034,0,0
9897.774021568,0,1
9897.776434584,0,0
9898.784036092,0,1
9898.786449108,0,0
9899.794050652,0,1
9899.795320302,1,1
9899.797952620,0,1
9899.797987916,0,0
9900.804065186,0,1
9900.806478202,0,0
9901.814079832,0,1
9901.816492848,0,0
9902.824094382,0,1
9902.826507398,0,0
9903.834108928,0,1
9903.836522194,0,0
9904.844123464,0,1
9904.846536730,0,0
9905.854138064,0,1
9905.856551330,0,0
9906.864152692,0,1
9906.866565708,0,0
9907.874167260,0,1
9907.876580278,0,0
9908.884181814,0,1
9908.886594830,0,0
9909.894196390,0,1
9909.895465948,1,1
9909.898097526,0,1
9909.898133406,0,0
9910.904210954,0,1
9910.906623970,0,0
9911.914225452,0,1
9911.916638470,0,0
9912.924240068,0,1
9912.926653084,0,0
9913.934254634,0,1
9913.936667902,0,0
9914.944269180,0,1
9914.946682448,0,0
9915.954283762,0,1
9915.956697028,0,0
9916.964298322,0,1
9916.966711338,0,0
9917.974312936,0,1
9917.976725954,0,0
9918.984327444,0,1
9918.986740460,0,0
9919.994342060,0,1
9919.995611730,1,1
9919.998243276,0,1
9919.998279326,0,0
9921.004356736,0,1
9921.006769752,0,0
9922.014371248,0,1
9922.016784266,0,0
9923.024385838,0,1
9923.026799106,0,0
9924.034400402,0,1
9924.036813668,0,0
9925.044415072,0,1
9925.046828088,0,0
9926.054429590,0,1
9926.056842606,0,0
9927.064444134,0,1
9927.066857152,0,0
9928.074458718,0,1
9928.076871984,0,0
9929.084473262,0,1
9929.086886530,0,0
9930.094487920,0,1
9930.095757450,1,1
9930.098389248,0,1
9930.098425186,0,0
9931.104502372,0,1
9931.106915388,0,0
9932.114516930,0,1
9932.116929946,0,0
9933.124531452,0,1
9933.126944470,0,0
9934.134546082,0,1
9934.136959098,0,0
9935.144560660,0,1
9935.146973676,0,0
9936.154575224,0,1
9936.156988490,0,0
9937.164589794,0,1
9937.167003060,0,0
9938.174604334,0,1
9938.177017600,0,0
9939.184618962,0,1
9939.187031978,0,0
9940.194633492,0,1
9940.195903196,1,1
9940.198534936,0,1
9940.198571008,0,0
9941.204648174,0,1
9941.207061190,0,0
9942.214662754,0,1
9942.217075770,0,0
9943.224677302,0,1
9943.227090568,0,0
9944.234691864,0,1
9944.237105130,0,0
9945.244706454,0,1
9945.247119722,0,0
9946.254721072,0,1
9946.257134088,0,0
9947.264735620,0,1
9947.267148636,0,0
9948.274750192,0,1
9948.277163208,0,0
9949.284764732,0,1
9949.287177998,0,0
9950.294779308,0,1
9950.296048896,1,1
9950.298681108,0,1
9950.298716574,0,0
9951.304793854,0,1
9951.307206870,0,0
9952.314808446,0,1
9952.317221462,0,0
9953.324823006,0,1
9953.327236022,0,0
9954.334837552,0,1
9954.337250818,0,0
9955.344852162,0,1
9955.347265428,0,0
9956.354866702,0,1
9956.357279968,0,0
9957.364881348,0,1
9957.367294364,0,0
9958.374895894,0,1
9958.377308910,0,0
9959.384910456,0,1
9959.387323472,0,0
9960.394925002,0,1
9960.396194584,1,1
9960.398825966,0,1
9960.398862266,0,0
9961.404939588,0,1
9961.407352604,0,0
9962.414954144,0,1
9962.417367160,0,0
9963.424968674,0,1
9963.427381692,0,0
9964.434983280,0,1
9964.437396546,0,0
9965.444997806,0,1
9965.447411072,0,0
9966.455012412,0,1
9966.457425678,0,0
9967.465027024,0,1
9967.467440040,0,0
9968.475041596,0,1
9968.477454612,0,0
9969.485056174,0,1
9969.487469190,0,0
9970.495070672,0,1
9970.496340292,1,1
9970.498972030,0,1
9970.499007938,0,0
9971.505085306,0,1
9971.507498322,0,0
9972.515099844,0,1
9972.517512860,0,0
9973.525114382,0,1
9973.527527398,0,0
9974.535128956,0,1
9974.537542222,0,0
9975.545143512,0,1
9975.547556778,0,0
9976.555158076,0,1
9976.557571344,0,0
9977.565172708,0,1
9977.567585724,0,0
9978.575187286,0,1
9978.577600302,0,0
9979.585201810,0,1
9979.587614826,0,0
9980.595216444,0,1
9980.596485998,1,1
9980.599117950,0,1
9980.599153708,0,0
9981.605230966,0,1
9981.607643982,0,0
9982.615245506,0,1
9982.617658524,0,0
9983.625260064,0,1
9983.627673080,0,0
9984.635274670,0,1
9984.637687936,0,0
9985.645289228,0,1
9985.647702494,0,0
9986.655303752,0,1
9986.657717020,0,0
9987.665318404,0,1
9987.667731420,0,0
9988.675332960,0,1
9988.677745976,0,0
9989.685347486,0,1
9989.687760502,0,0
9990.695362118,0,1
9990.696631776,1,1
9990.699263792,0,1
9990.699299382,0,0
9991.705376806,0,1
9991.707789822,0,0
9992.715391326,0,1
9992.717804342,0,0
9993.725405948,0,1
9993.727819214,0,0
9994.735420470,0,1
9994.737833736,0,0
9995.745434990,0,1
9995.747848256,0,0
9996.755449658,0,1
9996.757862674,0,0
9997.765464242,0,1
9997.767877258,0,0
9998.775478790,0,1
9998.777891806,0,0
9999.785493290,0,1
9999.786762888,1,1
9999.789394784,0,1
9999.789430556,0,0
10000.795507926,0,1
10000.797920942,0,0
10001.805522444,0,1
10001.807935460,0,0
10002.815536996,0,1
10002.817950012,0,0
10003.825551554,0,1
10003.827964570,0,0
10004.835566140,0,1
10004.837979158,0,0
10005.845580730,0,1
10005.847993996,0,0
10006.855595278,0,1
10006.858008544,0,0
10007.865609832,0,1
10007.868023098,0,0
10008.875624470,0,1
10008.878037486,0,0
10009.885639026,0,1
10009.886908660,1,1
10009.889540348,0,1
10009.889576292,0,0
10010.895653612,0,1
10010.898066628,0,0
10011.905668156,0,1
10011.908081172,0,0
10012.915682686,0,1
10012.918095702,0,0
10013.925697250,0,1
10013.928110516,0,0
10014.935711798,0,1
10014.938125064,0,0
10015.945726488,0,1
10015.948139506,0,0
10016.955741014,0,1
10016.958154030,0,0
10017.965755606,0,1
10017.968168622,0,0
10018.975770132,0,1
10018.978183150,0,0
10019.985784712,0,1
10019.987054344,1,1
10019.989686098,0,1
10019.989721978,0,0
10020.995799260,0,1
10020.998212276,0,0
10022.005813798,0,1
10022.008226814,0,0
10023.015828414,0,1
10023.018241432,0,0
10024.025842978,0,1
10024.028256244,0,0
10025.035857544,0,1
10025.038270810,0,0
10026.045872116,0,1
10026.048285382,0,0
10027.055886660,0,1
10027.058299926,0,0
10028.065901248,0,1
10028.068314264,0,0
10029.075915838,0,1
10029.078328854,0,0
10030.085930422,0,1
10030.087200018,1,1
10030.089831724,0,1
10030.089867686,0,0
10031.095944930,0,1
10031.098357946,0,0
10032.105959556,0,1
10032.108372572,0,0
10033.115974096,0,1
10033.118387112,0,0
10034.125988622,0,1
10034.128401888,0,0
10035.136003212,0,1
10035.138416478,0,0
10036.146017810,0,1
10036.148431076,0,0
10037.156032338,0,1
10037.158445604,0,0
10038.166046944,0,1
10038.168459960,0,0
10039.176061550,0,1
10039.178474566,0,0
10040.186076086,0,1
10040.187345836,1,1
10040.189978034,0,1
10040.190013352,0,0
10041.196090766,0,1
10041.198503782,0,0
10042.206105318,0,1
10042.208518334,0,0
10043.216119902,0,1
10043.218532920,0,0
10044.226134474,0,1
10044.228547742,0,0
10045.236149042,0,1
10045.238562308,0,0
10046.246163586,0,1
10046.248576852,0,0
10047.256178218,0,1
10047.258591234,0,0
10048.266192820,0,1
10048.268605836,0,0
10049.276207358,0,1
10049.278620374,0,0
10050.286221920,0,1
10050.287491454,1,1
10050.290123238,0,1
10050.290159186,0,0
10051.296236302,0,1
10051.298649318,0,0
10052.306250902,0,1
10052.308663918,0,0
10053.316265442,0,1
10053.318678458,0,0
10054.326279998,0,1
10054.328693264,0,0
10055.336294630,0,1
10055.338707896,0,0
10056.346309194,0,1
10056.348722460,0,0
10057.356323746,0,1
10057.358737012,0,0
10058.366338396,0,1
10058.368751414,0,0
10059.376352918,0,1
10059.378765934,0,0
10060.386367450,0,1
10060.387637244,1,1
10060.390269608,0,1
10060.390304966,0,0
10061.396382300,0,1
10061.398795318,0,0
10062.406396888,0,1
10062.408809906,0,0
10063.416411470,0,1
10063.418824738,0,0
10064.426426000,0,1
10064.428839268,0,0
10065.436440554,0,1
10065.438853820,0,0
10066.446455200,0,1
10066.448868216,0,0
10067.456469766,0,1
10067.458882780,0,0
10068.466484334,0,1
10068.468897350,0,0
10069.476498890,0,1
10069.478912156,0,0
10070.486513438,0,1
10070.487782928,1,1
10070.490414552,0,1
10070.490450702,0,0
10071.496527834,0,1
10071.498941100,0,0
10072.506542492,0,1
10072.508955508,0,0
10073.516557014,0,1
10073.518970030,0,0
10074.526571612,0,1
10074.528984628,0,0
10075.536586178,0,1
10075.538999196,0,0
10076.546600716,0,1
10076.549013982,0,0
10077.556615312,0,1
10077.559028578,0,0
10078.566629884,0,1
10078.569043150,0,0
10079.576644400,0,1
10079.579057668,0,0
10080.586659022,0,1
10080.587928580,1,1
10080.590560518,0,1
10080.590596288,0,0
10081.596673576,0,1
10081.599086592,0,0
10082.606688178,0,1
10082.609101194,0,0
10083.616702720,0,1
10083.619115738,0,0
10084.626717274,0,1
10084.629130540,0,0
10085.636731884,0,1
10085.639145150,0,0
10086.646746428,0,1
10086.649159694,0,0
10087.656761002,0,1
10087.659174268,0,0
10088.666775604,0,1
10088.669188620,0,0
10089.676790164,0,1
10089.679203182,0,0
10090.686804746,0,1
10090.688074362,1,1
10090.690705886,0,1
10090.690742012,0,0
10091.696819312,0,1
10091.699232328,0,0
10092.706833854,0,1
10092.709246870,0,0
10093.716848396,0,1
10093.719261412,0,0
10094.726862968,0,1
10094.729276234,0,0
10095.736877566,0,1
10095.739290832,0,0
10096.746892070,0,1
10096.749305338,0,0
10097.756906626,0,1
10097.759319892,0,0
10098.766921292,0,1
10098.769334308,0,0
10099.776935836,0,1
10099.778205400,1,1
10099.780837198,0,1
10099.780873102,0,0
10100.786950386,0,1
10100.789363402,0,0
10101.796964972,0,1
10101.799377988,0,0
10102.806979526,0,1
10102.809392542,0,0
10103.816994054,0,1
10103.819407320,0,0
10104.827008656,0,1
10104.829421924,0,0
10105.837023220,0,1
10105.839436486,0,0
10106.847037786,0,1
10106.849451052,0,0
10107.857052414,0,1
10107.859465430,0,0
10108.867066982,0,1
10108.869479998,0,0
10109.877081506,0,1
10109.878351176,1,1
10109.880982654,0,1
10109.881018772,0,0
10110.887096108,0,1
10110.889509124,0,0
10111.897110636,0,1
10111.899523652,0,0
10112.907125226,0,1
10112.909538242,0,0
10113.917139766,0,1
10113.919553032,0,0
10114.927154358,0,1
10114.929567624,0,0
10115.937168922,0,1
10115.939582190,0,0
10116.947183468,0,1
10116.949596734,0,0
10117.957198094,0,1
10117.959611110,0,0
10118.967212618,0,1
10118.969625634,0,0
10119.977227236,0,1
10119.978496810,1,1
10119.981128602,0,1
10119.981164502,0,0
10120.987241840,0,1
10120.989654856,0,0
10121.997256372,0,1
10121.999669388,0,0
10123.007270854,0,1
10123.009683872,0,0
10124.017285446,0,1
10124.019698462,0,0
10125.027300026,0,1
10125.029713294,0,0
10126.037314584,0,1
10126.039727850,0,0
10127.047329106,0,1
10127.049742372,0,0
10128.057343672,0,1
10128.059756938,0,0
10129.067358292,0,1
10129.069771558,0,0
10130.077372928,0,1
10130.078642484,1,1
10130.081274384,0,1
10130.081310192,0,0
10131.087387444,0,1
10131.089800462,0,0
10132.097401986,0,1
10132.099815002,0,0
10133.107416600,0,1
10133.109829616,0,0
10134.117431106,0,1
10134.119844372,0,0
10135.127445652,0,1
10135.129858920,0,0
10136.137460240,0,1
10136.139873508,0,0
10137.147474844,0,1
10137.149888110,0,0
10138.157489436,0,1
10138.159902452,0,0
10139.167503992,0,1
10139.169917008,0,0
10140.177518528,0,1
10140.178788204,1,1
10140.181420138,0,1
10140.181455794,0,0
10141.187533164,0,1
10141.189946430,0,0
10142.197547772,0,1
10142.199961038,0,0
10143.207562380,0,1
10143.209975396,0,0
10144.217576968,0,1
10144.219989984,0,0
10145.227591484,0,1
10145.230004500,0,0
10146.237606062,0,1
10146.240019078,0,0
10147.247620642,0,1
10147.250033658,0,0
10148.257635144,0,1
10148.260048410,0,0
10149.267649786,0,1
10149.270063054,0,0
10150.277664294,0,1
10150.278933874,1,1
10150.281565270,0,1
10150.281601560,0,0
10151.287678890,0,1
10151.290091906,0,0
10152.297693462,0,1
10152.300106478,0,0
10153.307708044,0,1
10153.310121062,0,0
10154.317722578,0,1
10154.320135594,0,0
10155.327737104,0,1
10155.330150370,0,0
10156.337751656,0,1
10156.340164922,0,0
10157.347766288,0,1
10157.350179554,0,0
10158.357780834,0,1
10158.360193850,0,0
10159.367795422,0,1
10159.370208438,0,0
10160.377809994,0,1
10160.379079646,1,1
10160.381711856,0,1
10160.381747260,0,0
10161.387824538,0,1
10161.390237554,0,0
10162.397839122,0,1
10162.400252140,0,0
10163.407853646,0,1
10163.410266662,0,0
10164.417868244,0,1
10164.420281260,0,0
10165.427882782,0,1
10165.430296048,0,0
10166.437897318,0,1
10166.440310586,0,0
10167.447911946,0,1
10167.450325212,0,0
10168.457926466,0,1
10168.460339732,0,0
10169.467941094,0,1
10169.470354110,0,0
10170.477955704,0,1
10170.479225280,1,1
10170.481857452,0,1
10170.481892968,0,0
10171.487970214,0,1
10171.490383230,0,0
10172.497984830,0,1
10172.500397846,0,0
10173.507999350,0,1
10173.510412366,0,0
10174.518013918,0,1
10174.520426934,0,0
10175.528028474,0,1
10175.530441740,0,0
10176.538043056,0,1
10176.540456322,0,0
10177.548057602,0,1
10177.550470868,0,0
10178.558072132,0,1
10178.560485398,0,0
10179.568086736,0,1
10179.570499752,0,0
10180.578101376,0,1
10180.579370936,1,1
10180.582002830,0,1
10180.582038642,0,0
10181.588115886,0,1
10181.590528902,0,0
10182.598130464,0,1
10182.600543480,0,0
10183.608144992,0,1
10183.610558010,0,0
10184.618159592,0,1
10184.620572610,0,0
10185.628174182,0,1
10185.630587450,0,0
10186.638188730,0,1
10186.640601998,0,0
10187.648203250,0,1
10187.650616516,0,0
10188.658217806,0,1
10188.660631072,0,0
10189.668232450,0,1
10189.670645466,0,0
10190.678247022,0,1
10190.679516652,1,1
10190.682148380,0,1
10190.682184288,0,0
10191.688261566,0,1
10191.690674582,0,0
10192.698276108,0,1
10192.700689126,0,0
10193.708290640,0,1
10193.710703658,0,0
10194.718305230,0,1
10194.720718246,0,0
10195.728319796,0,1
10195.730733062,0,0
10196.738334346,0,1
10196.740747612,0,0
10197.748348908,0,1
10197.750762174,0,0
10198.758363464,0,1
10198.760776730,0,0
10199.768378104,0,1
10199.770791120,0,0
10200.778392656,0,1
10200.779662348,1,1
10200.782294098,0,1
10200.782329920,0,0
10201.788407312,0,1
10201.790820328,0,0
10202.798421910,0,1
10202.800834926,0,0
10203.808436490,0,1
10203.810849506,0,0
10204.818451052,0,1
10204.820864320,0,0
10205.828465562,0,1
10205.830878828,0,0
10206.838480140,0,1
10206.840893406,0,0
10207.848494774,0,1
10207.850907790,0,0
10208.858509358,0,1
10208.860922374,0,0
10209.868523940,0,1
10209.869793510,1,1
10209.872425170,0,1
10209.872461206,0,0
10210.878538458,0,1
10210.880951474,0,0
10211.888553032,0,1
10211.890966048,0,0
10212.898567624,0,1
10212.900980640,0,0
10213.908582154,0,1
10213.910995422,0,0
10214.918596794,0,1
10214.921010060,0,0
10215.928611268,0,1
10215.931024534,0,0
10216.938625898,0,1
10216.941038914,0,0
10217.948640474,0,1
10217.951053490,0,0
10218.958655016,0,1
10218.961068032,0,0
10219.968669652,0,1
10219.969939198,1,1
10219.972571486,0,1
10219.972606918,0,0
10220.978684202,0,1
10220.981097218,0,0
10221.988698728,0,1
10221.991111746,0,0
10222.998713306,0,1
10223.001126322,0,0
10224.008727816,0,1
10224.011140832,0,0
10225.018742412,0,1
10225.021155678,0,0
10226.028757000,0,1
10226.031170266,0,0
10227.038771576,0,1
10227.041184842,0,0
10228.048786200,0,1
10228.051199216,0,0
10229.058800732,0,1
10229.061213748,0,0
10230.068815296,0,1
10230.070084980,1,1
10230.072716592,0,1
10230.072752560,0,0
10231.078829984,0,1
10231.081243000,0,0
10232.088844550,0,1
10232.091257566,0,0
10233.098859092,0,1
10233.101272110,0,0
10234.108873628,0,1
10234.111286894,0,0
10235.118888184,0,1
10235.121301450,0,0
10236.128902868,0,1
10236.131315886,0,0
10237.138917450,0,1
10237.141330466,0,0
10238.148931944,0,1
10238.151344962,0,0
10239.158946562,0,1
10239.161359578,0,0
10240.168961110,0,1
10240.170230620,1,1
10240.172862238,0,1
10240.172898376,0,0
10241.178975480,0,1
10241.181388498,0,0
10242.188990098,0,1
10242.191403116,0,0
10243.199004708,0,1
10243.201417724,0,0
10244.209019188,0,1
10244.211432454,0,0
10245.219033816,0,1
10245.221447082,0,0
10246.229048328,0,1
10246.231461594,0,0
10247.239062908,0,1
10247.241476174,0,0
10248.249077548,0,1
10248.251490564,0,0
10249.259092078,0,1
10249.261505096,0,0
10250.269106662,0,1
10250.270376324,1,1
10250.273007954,0,1
10250.273043926,0,0
10251.279121376,0,1
10251.281534394,0,0
10252.289135922,0,1
10252.291548938,0,0
10253.299150422,0,1
10253.301563440,0,0
10254.309165028,0,1
10254.311578294,0,0
10255.319179586,0,1
10255.321592854,0,0
10256.329194150,0,1
10256.331607416,0,0
10257.339208782,0,1
10257.341621798,0,0
10258.349223310,0,1
10258.351636326,0,0
10259.359237858,0,1
10259.361650874,0,0
10260.369252448,0,1
10260.370522076,1,1
10260.373153530,0,1
10260.373189714,0,0
10261.379267028,0,1
10261.381680046,0,0
10262.389281576,0,1
10262.391694592,0,0
10263.399296180,0,1
10263.401709196,0,0
10264.409310740,0,1
10264.411724008,0,0
10265.419325264,0,1
10265.421738532,0,0
10266.429339864,0,1
10266.431753130,0,0
10267.439354482,0,1
10267.441767500,0,0
10268.449369020,0,1
10268.451782036,0,0
10269.459383580,0,1
10269.461796596,0,0
10270.469398126,0,1
10270.470667766,1,1
10270.473299486,0,1
10270.473335392,0,0
10271.479412738,0,1
10271.481825756,0,0
10272.489427262,0,1
10272.491840278,0,0
10273.499441832,0,1
10273.501854848,0,0
10274.509456406,0,1
10274.511869672,0,0
10275.519471004,0,1
10275.521884270,0,0
10276.529485582,0,1
10276.531898598,0,0
10277.539500188,0,1
10277.541913206,0,0
10278.549514728,0,1
10278.551927744,0,0
10279.559529306,0,1
10279.561942322,0,0
10280.569543856,0,1
10280.570813470,1,1
10280.573445812,0,1
10280.573481122,0,0
10281.579558390,0,1
10281.581971406,0,0
10282.589572980,0,1
10282.591985998,0,0
10283.599587562,0,1
10283.602000578,0,0
10284.609602130,0,1
10284.612015396,0,0
10285.619616702,0,1
10285.622029968,0,0
10286.629631244,0,1
10286.632044510,0,0
10287.639645808,0,1
10287.642059076,0,0
10288.649660408,0,1
10288.652073424,0,0
10289.659674974,0,1
10289.662087990,0,0
10290.669689536,0,1
10290.670959246,1,1
10290.673591374,0,1
10290.673626800,0,0
10291.679704220,0,1
10291.682117236,0,0
10292.689718846,0,1
10292.692131862,0,0
10293.699733366,0,1
10293.702146382,0,0
10294.709747904,0,1
10294.712161170,0,0
10295.719762476,0,1
10295.722175742,0,0
10296.729777026,0,1
10296.732190292,0,0
10297.739791678,0,1
10297.742204694,0,0
10298.749806218,0,1
10298.752219234,0,0
10299.759820798,0,1
10299.762233814,0,0
10300.769835380,0,1
10300.771104916,1,1
10300.773736650,0,1
10300.773772644,0,0
10301.779849952,0,1
10301.782262968,0,0
10302.789864510,0,1
10302.792277526,0,0
10303.799879088,0,1
10303.802292104,0,0
10304.809893584,0,1
10304.812306850,0,0
10305.819908208,0,1
10305.822321476,0,0
10306.829922748,0,1
10306.832336014,0,0
10307.839937370,0,1
10307.842350386,0,0
10308.849951946,0,1
10308.852364964,0,0
10309.859966506,0,1
10309.861236118,1,1
10309.863867656,0,1
10309.863903772,0,0
10310.869981074,0,1
10310.872394090,0,0
10311.879995650,0,1
10311.882408666,0,0
10312.890010210,0,1
10312.892423228,0,0
10313.900024772,0,1
10313.902438038,0,0
10314.910039344,0,1
10314.912452610,0,0
10315.920053884,0,1
10315.922467152,0,0
10316.930068426,0,1
10316.932481694,0,0
10317.940083076,0,1
10317.942496092,0,0
10318.950097610,0,1
10318.952510628,0,0
10319.960112190,0,1
10319.961381752,1,1
10319.964013474,0,1
10319.964049456,0,0
10320.970126772,0,1
10320.972539788,0,0
10321.980141334,0,1
10321.982554350,0,0
10322.990155886,0,1
10322.992568902,0,0
10324.000170496,0,1
10324.002583762,0,0
10325.010185038,0,1
10325.012598304,0,0
10326.020199634,0,1
10326.022612650,0,0
10327.030214228,0,1
10327.032627244,0,0
10328.040228834,0,1
10328.042641850,0,0
10329.050243394,0,1
10329.052656410,0,0
10330.060257878,0,1
10330.061527492,1,1
10330.064159212,0,1
10330.064195142,0,0
10331.070272476,0,1
10331.072685494,0,0
10332.080287056,0,1
10332.082700074,0,0
10333.090301602,0,1
10333.092714618,0,0
10334.100316140,0,1
10334.102729408,0,0
10335.110330684,0,1
10335.112743952,0,0
10336.120345262,0,1
10336.122758528,0,0
10337.130359880,0,1
10337.132773146,0,0
10338.140374488,0,1
10338.142787506,0,0
10339.150389058,0,1
10339.152802074,0,0
10340.160403602,0,1
10340.161673190,1,1
10340.164305196,0,1
10340.164340868,0,0
10341.170418226,0,1
10341.172831242,0,0
10342.180432766,0,1
10342.182845782,0,0
10343.190447270,0,1
10343.192860286,0,0
10344.200461882,0,1
10344.202875148,0,0
10345.210476438,0,1
10345.212889706,0,0
10346.220490994,0,1
10346.222904262,0,0
10347.230505568,0,1
10347.232918834,0,0
10348.240520172,0,1
10348.242933438,0,0
10349.250534712,0,1
10349.252947978,0,0
10350.260549304,0,1
10350.261818948,1,1
10350.264450238,0,1
10350.264486570,0,0
10351.270563876,0,1
10351.272976892,0,0
10352.280578450,0,1
10352.282991468,0,0
10353.290593064,0,1
10353.293006080,0,0
10354.300607560,0,1
10354.303020826,0,0
10355.310622160,0,1
10355.313035428,0,0
10356.320636680,0,1
10356.323049946,0,0
10357.330651288,0,1
10357.333064554,0,0
10358.340665910,0,1
10358.343078926,0,0
10359.350680454,0,1
10359.353093472,0,0
10360.360695002,0,1
10360.361964674,1,1
10360.364596490,0,1
10360.364632266,0,0
10361.370709688,0,1
10361.373122704,0,0
10362.380724290,0,1
10362.383137306,0,0
10363.390738802,0,1
10363.393151818,0,0
10364.400753404,0,1
10364.403166670,0,0
10365.410767956,0,1
10365.413181222,0,0
10366.420782488,0,1
10366.423195754,0,0
10367.430797172,0,1
10367.433210190,0,0
10368.440811722,0,1
10368.443224738,0,0
10369.450826288,0,1
10369.453239304,0,0
10370.460840842,0,1
10370.462110310,1,1
10370.464741856,0,1
10370.464778108,0,0
10371.470855286,0,1
10371.473268302,0,0
10372.480869836,0,1
10372.483282852,0,0
10373.490884408,0,1
10373.493297424,0,0
10374.500898996,0,1
10374.503312012,0,0
10375.510913550,0,1
10375.513326816,0,0
10376.520928128,0,1
10376.523341394,0,0
10377.530942646,0,1
10377.533355912,0,0
10378.540957184,0,1
10378.543370450,0,0
10379.550971832,0,1
10379.553384848,0,0
10380.560986394,0,1
10380.562256014,1,1
10380.564887856,0,1
10380.564923660,0,0
10381.571000980,0,1
10381.573413996,0,0
10382.581015510,0,1
10382.583428526,0,0
10383.591030100,0,1
10383.593443118,0,0
10384.601044616,0,1
10384.603457632,0,0
10385.611059184,0,1
10385.613472450,0,0
10386.621073710,0,1
10386.623486978,0,0
10387.631088310,0,1
10387.633501576,0,0
10388.641102878,0,1
10388.643516144,0,0
10389.651117500,0,1
10389.653530516,0,0
10390.661132088,0,1
10390.662401724,1,1
10390.665033748,0,1
10390.665069354,0,0
10391.671146586,0,1
10391.673559602,0,0
10392.681161182,0,1
10392.683574198,0,0
10393.691175722,0,1
10393.693588738,0,0
10394.701190280,0,1
10394.703603296,0,0
10395.711204896,0,1
10395.713618162,0,0
10396.721219424,0,1
10396.723632690,0,0
10397.731234006,0,1
10397.733647272,0,0
10398.741248572,0,1
10398.743661838,0,0
10399.751263108,0,1
10399.753676374,0,0
10400.761277758,0,1
10400.762547424,1,1
10400.765178926,0,1
10400.765215024,0,0
10401.771292386,0,1
10401.773705402,0,0
10402.781306948,0,1
10402.783719966,0,0
10403.791321538,0,1
10403.793734554,0,0
10404.801336044,0,1
10404.803749310,0,0
10405.811350694,0,1
10405.813763962,0,0
10406.821365232,0,1
10406.823778498,0,0
10407.831379756,0,1
10407.833793022,0,0
10408.841394408,0,1
10408.843807424,0,0
10409.851408994,0,1
10409.852678490,1,1
10409.855310130,0,1
10409.855346258,0,0
10410.861423388,0,1
10410.863836404,0,0
10411.871437944,0,1
10411.873850960,0,0
10412.881452496,0,1
10412.883865512,0,0
10413.891467068,0,1
10413.893880086,0,0
10414.901481642,0,1
10414.903894910,0,0
10415.911496170,0,1
10415.913909436,0,0
10416.921510766,0,1
10416.923924032,0,0
10417.931525322,0,1
10417.933938588,0,0
10418.941539882,0,1
10418.943953150,0,0
10419.951554454,0,1
10419.952824230,1,1
10419.955455828,0,1
10419.955491970,0,0
10420.961569126,0,1
10420.963982142,0,0
10421.971583696,0,1
10421.973996712,0,0
10422.981598254,0,1
10422.984011270,0,0
10423.991612798,0,1
10423.994025814,0,0
10425.001627394,0,1
10425.004040660,0,0
10426.011641932,0,1
10426.014055198,0,0
10427.021656478,0,1
10427.024069744,0,0
10428.031671100,0,1
10428.034084116,0,0
10429.041685666,0,1
10429.044098682,0,0
10430.051700246,0,1
10430.052969884,1,1
10430.055601504,0,1
10430.055637512,0,0
10431.061714796,0,1
10431.064127812,0,0
10432.071729296,0,1
10432.074142312,0,0
10433.081743944,0,1
10433.084156960,0,0
10434.091758462,0,1
10434.094171478,0,0
10435.101773026,0,1
10435.104186294,0,0
10436.111787564,0,1
10436.114200830,0,0
10437.121802084,0,1
10437.124215350,0,0
10438.131816682,0,1
10438.134229948,0,0
10439.141831300,0,1
10439.144244316,0,0
10440.151845818,0,1
10440.153115544,1,1
10440.155747348,0,1
10440.155783334,0,0
10441.161860534,0,1
10441.164273550,0,0
10442.171875122,0,1
10442.174288136,0,0
10443.181889700,0,1
10443.184302716,0,0
10444.191904252,0,1
10444.194317268,0,0
10445.201918796,0,1
10445.204332064,0,0
10446.211933306,0,1
10446.214346572,0,0
10447.221947894,0,1
10447.224361162,0,0
10448.231962456,0,1
10448.234375722,0,0
10449.241977058,0,1
10449.244390076,0,0
10450.251991630,0,1
10450.253261194,1,1
10450.255893470,0,1
10450.255928894,0,0
10451.262006326,0,1
10451.264419342,0,0
10452.272020826,0,1
10452.274433844,0,0
10453.282035394,0,1
10453.284448412,0,0
10454.292049976,0,1
10454.294463242,0,0
10455.302064576,0,1
10455.304477844,0,0
10456.312079134,0,1
10456.314492152,0,0
10457.322093724,0,1
10457.324506740,0,0
10458.332108264,0,1
10458.334521280,0,0
10459.342122808,0,1
10459.344536076,0,0
10460.352137382,0,1
10460.353406862,1,1
10460.356038908,0,1
10460.356074398,0,0
10461.362151828,0,1
10461.364564844,0,0
10462.372166380,0,1
10462.374579396,0,0
10463.382180970,0,1
10463.384593986,0,0
10464.392195480,0,1
10464.394608746,0,0
10465.402210036,0,1
10465.404623302,0,0
10466.412224568,0,1
10466.414637834,0,0
10467.422239250,0,1
10467.424652268,0,0
10468.432253778,0,1
10468.434666796,0,0
10469.442268298,0,1
10469.444681314,0,0
10470.452282894,0,1
10470.453552564,1,1
10470.456184364,0,1
10470.456220158,0,0
10471.462297546,0,1
10471.464710562,0,0
10472.472312080,0,1
10472.474725096,0,0
10473.482326682,0,1
10473.484739698,0,0
10474.492341254,0,1
10474.494754520,0,0
10475.502355800,0,1
10475.504769066,0,0
10476.512370410,0,1
10476.514783426,0,0
10477.522384946,0,1
10477.524797962,0,0
10478.532399550,0,1
10478.534812566,0,0
10479.542414078,0,1
10479.544827344,0,0
10480.552428662,0,1
10480.553698104,1,1
10480.556330388,0,1
10480.556365678,0,0
10481.562443036,0,1
10481.564856054,0,0
10482.572457594,0,1
10482.574870610,0,0
10483.582472140,0,1
10483.584885156,0,0
10484.592486724,0,1
10484.594899740,0,0
10485.602501296,0,1
10485.604914562,0,0
10486.612515842,0,1
10486.614928858,0,0
10487.622530404,0,1
10487.624943672,0,0
10488.632544954,0,1
10488.634958220,0,0
10489.642559470,0,1
10489.644972736,0,0
10490.652574082,0,1
10490.653843750,1,1
10490.656475550,0,1
10490.656511346,0,0
10491.662588716,0,1
10491.665001734,0,0
10492.672603298,0,1
10492.675016314,0,0
10493.682617894,0,1
10493.685030910,0,0
10494.692632438,0,1
10494.695045704,0,0
10495.702646970,0,1
10495.705060236,0,0
10496.712661510,0,1
10496.715074776,0,0
10497.722676158,0,1
10497.725089176,0,0
10498.732690664,0,1
10498.735103680,0,0
10499.742705286,0,1
10499.745118302,0,0
10500.752719796,0,1
10500.753989386,1,1
10500.756620974,0,1
10500.756657060,0,0
10501.762734396,0,1
10501.765147414,0,0
10502.772748936,0,1
10502.775161954,0,0
10503.782763514,0,1
10503.785176532,0,0
10504.792778064,0,1
10504.795191330,0,0
10505.802792626,0,1
10505.805205892,0,0
10506.812807118,0,1
10506.815220384,0,0
10507.822821782,0,1
10507.825234798,0,0
10508.832836332,0,1
10508.835249348,0,0
10509.842850816,0,1
10509.844120430,1,1
10509.846752176,0,1
10509.846788080,0,0
10510.852865446,0,1
10510.855278462,0,0
10511.862879966,0,1
10511.865292982,0,0
10512.872894534,0,1
10512.875307550,0,0
10513.882909066,0,1
10513.885322332,0,0
10514.892923634,0,1
10514.895336900,0,0
10515.902938234,0,1
10515.905351502,0,0
10516.912952832,0,1
10516.915365848,0,0
10517.922967380,0,1
10517.925380396,0,0
10518.932981934,0,1
10518.935394950,0,0
10519.942996516,0,1
10519.944266082,1,1
10519.946897648,0,1
10519.946933782,0,0
10520.953011090,0,1
10520.955424108,0,0
10521.963025600,0,1
10521.965438616,0,0
10522.973040146,0,1
10522.975453162,0,0
10523.983054670,0,1
10523.985467686,0,0
10524.993069258,0,1
10524.995482526,0,0
10526.003083778,0,1
10526.005497046,0,0
10527.013098350,0,1
10527.015511616,0,0
10528.023112932,0,1
10528.025526198,0,0
10529.033127546,0,1
10529.035540562,0,0
10530.043142094,0,1
10530.044411698,1,1
10530.047043168,0,1
10530.047079360,0,0
10531.053156658,0,1
10531.055569674,0,0
10532.063171178,0,1
10532.065584194,0,0
10533.073185762,0,1
10533.075598778,0,0
10534.083200348,0,1
10534.085613366,0,0
10535.093214844,0,1
10535.095627860,0,0
10536.103229420,0,1
10536.105642686,0,0
10537.113243980,0,1
10537.115657246,0,0
10538.123258548,0,1
10538.125671814,0,0
10539.133273078,0,1
10539.135686344,0,0
10540.143287640,0,1
10540.144557442,1,1
10540.147189212,0,1
10540.147224904,0,0
10541.153302496,0,1
10541.155715512,0,0
10542.163317012,0,1
10542.165730028,0,0
10543.173331624,0,1
10543.175744640,0,0
10544.183346152,0,1
10544.185759418,0,0
10545.193360682,0,1
10545.195773948,0,0
10546.203375262,0,1
10546.205788528,0,0
10547.213389868,0,1
10547.215802884,0,0
10548.223404424,0,1
10548.225817440,0,0
10549.233418970,0,1
10549.235831988,0,0
10550.243433530,0,1
10550.244703034,1,1
10550.247334970,0,1
10550.247370796,0,0
10551.253447914,0,1
10551.255860930,0,0
10552.263462508,0,1
10552.265875524,0,0
10553.273477062,0,1
10553.275890078,0,0
10554.283491658,0,1
10554.285904676,0,0
10555.293506184,0,1
10555.295919452,0,0
10556.303520792,0,1
10556.305933810,0,0
10557.313535352,0,1
10557.315948368,0,0
10558.323549860,0,1
10558.325963126,0,0
10559.333564430,0,1
10559.335977696,0,0
10560.343579018,0,1
10560.344848594,1,1
10560.347480428,0,1
10560.347516282,0,0
10561.353593612,0,1
10561.356006628,0,0
10562.363608130,0,1
10562.366021146,0,0
10563.373622664,0,1
10563.376035680,0,0
10564.383637236,0,1
10564.386050254,0,0
10565.393651772,0,1
10565.396065038,0,0
10566.403666318,0,1
10566.406079584,0,0
10567.413680918,0,1
10567.416094184,0,0
10568.423695510,0,1
10568.426108528,0,0
10569.433710092,0,1
10569.436123108,0,0
10570.443724624,0,1
10570.444994270,1,1
10570.447626342,0,1
10570.447661890,0,0
10571.453739210,0,1
10571.456152228,0,0
10572.463753760,0,1
10572.466166776,0,0
10573.473768332,0,1
10573.476181348,0,0
10574.483782856,0,1
10574.486195872,0,0
10575.493797448,0,1
10575.496210714,0,0
10576.503811978,0,1
10576.506225244,0,0
10577.513826536,0,1
10577.516239802,0,0
10578.523841050,0,1
10578.526254316,0,0
10579.533855670,0,1
10579.536268936,0,0
10580.543870238,0,1
10580.545139956,1,1
10580.547772200,0,1
10580.547807752,0,0
10581.553884966,0,1
10581.556297982,0,0
10582.563899484,0,1
10582.566312500,0,0
10583.573914068,0,1
10583.576327084,0,0
10584.583928612,0,1
10584.586341878,0,0
10585.593943142,0,1
10585.596356410,0,0
10586.603957740,0,1
10586.606371006,0,0
10587.613972302,0,1
10587.616385568,0,0
10588.623986902,0,1
10588.626399918,0,0
10589.634001454,0,1
10589.636414472,0,0
10590.644016020,0,1
10590.645285656,1,1
10590.647917558,0,1
10590.647953284,0,0
10591.654030608,0,1
10591.656443624,0,0
10592.664045112,0,1
10592.666458128,0,0
10593.674059702,0,1
10593.676472720,0,0
10594.684074290,0,1
10594.686487556,0,0
10595.694088802,0,1
10595.696502068,0,0
10596.704103348,0,1
10596.706516614,0,0
10597.714117956,0,1
10597.716531222,0,0
10598.724132570,0,1
10598.726545586,0,0
10599.734147156,0,1
10599.736560172,0,0
10600.744161688,0,1
10600.745431318,1,1
10600.748063062,0,1
10600.748098954,0,0
10601.754176274,0,1
10601.756589288,0,0
10602.764190816,0,1
10602.766603832,0,0
10603.774205356,0,1
10603.776618372,0,0
10604.784219898,0,1
10604.786633164,0,0
10605.794234472,0,1
10605.796647738,0,0
10606.804249062,0,1
10606.806662328,0,0
10607.814263588,0,1
10607.816676854,0,0
10608.824278186,0,1
10608.826691204,0,0
10609.834292738,0,1
10609.835562328,1,1
10609.838194072,0,1
10609.838230004,0,0
10610.844307354,0,1
10610.846720370,0,0
10611.854321852,0,1
10611.856734868,0,0
10612.864336452,0,1
10612.866749468,0,0
10613.874350998,0,1
10613.876764264,0,0
10614.884365576,0,1
10614.886778844,0,0
10615.894380124,0,1
10615.896793390,0,0
10616.904394668,0,1
10616.906807934,0,0
10617.914409290,0,1
10617.916822306,0,0
10618.924423836,0,1
10618.926836852,0,0
10619.934438432,0,1
10619.935707986,1,1
10619.938340072,0,1
10619.938375448,0,0
10620.944452924,0,1
10620.946865940,0,0
10621.954467470,0,1
10621.956880486,0,0
10622.964482072,0,1
10622.966895088,0,0
10623.974496602,0,1
10623.976909618,0,0
10624.984511204,0,1
10624.986924220,0,0
10625.994525750,0,1
10625.996938768,0,0
10627.004540294,0,1
10627.006953310,0,0
10628.014554832,0,1
10628.016967850,0,0
10629.024569432,0,1
10629.026982698,0,0
10630.034583970,0,1
10630.035853514,1,1
10630.038485058,0,1
10630.038520986,0,0
10631.044598566,0,1
10631.047011584,0,0
10632.054613086,0,1
10632.057026102,0,0
10633.064627674,0,1
10633.067040690,0,0
10634.074642230,0,1
10634.077055246,0,0
10635.084656782,0,1
10635.087070048,0,0
10636.094671360,0,1
10636.097084626,0,0
10637.104685898,0,1
10637.107099164,0,0
10638.114700500,0,1
10638.117113766,0,0
10639.124715084,0,1
10639.127128100,0,0
10640.134729632,0,1
10640.135999130,1,1
10640.138631326,0,1
10640.138666896,0,0
10641.144744052,0,1
10641.147157068,0,0
10642.154758644,0,1
10642.157171660,0,0
10643.164773174,0,1
10643.167186190,0,0
10644.174787760,0,1
10644.177200778,0,0
10645.184802290,0,1
10645.187215306,0,0
10646.194816872,0,1
10646.197230140,0,0
10647.204831442,0,1
10647.207244708,0,0
10648.214845922,0,1
10648.217259188,0,0
10649.224860546,0,1
10649.227273812,0,0
10650.234875090,0,1
10650.236144708,1,1
10650.238776700,0,1
10650.238812356,0,0
10651.244889648,0,1
10651.247302664,0,0
10652.254904220,0,1
10652.257317236,0,0
10653.264918752,0,1
10653.267331768,0,0
10654.274933354,0,1
10654.277346370,0,0
10655.284947854,0,1
10655.287360870,0,0
10656.294962424,0,1
10656.297375440,0,0
10657.304977012,0,1
10657.307390278,0,0
10658.314991542,0,1
10658.317404808,0,0
10659.325006104,0,1
10659.327419372,0,0
10660.335020646,0,1
10660.336290280,1,1
10660.338922372,0,1
10660.338957910,0,0
10661.345035220,0,1
10661.347448236,0,0
10662.355049726,0,1
10662.357462742,0,0
10663.365064302,0,1
10663.367477318,0,0
10664.375078888,0,1
10664.377491906,0,0
10665.385093444,0,1
10665.387506460,0,0
10666.395107982,0,1
10666.397520998,0,0
10667.405122548,0,1
10667.407535564,0,0
10668.415137082,0,1
10668.417550098,0,0
10669.425151692,0,1
10669.427564708,0,0
10670.435166274,0,1
10670.436435886,1,1
10670.439067508,0,1
10670.439103540,0,0
10671.445180826,0,1
10671.447593842,0,0
10672.455195332,0,1
10672.457608348,0,0
10673.465209918,0,1
10673.467622934,0,0
10674.475224498,0,1
10674.477637516,0,0
10675.485239018,0,1
10675.487652034,0,0
10676.495253576,0,1
10676.497666594,0,0
10677.505268140,0,1
10677.507681156,0,0
10678.515282680,0,1
10678.517695696,0,0
10679.525297310,0,1
10679.527710326,0,0
10680.535311858,0,1
10680.536581440,1,1
10680.539213576,0,1
10680.539249124,0,0
10681.545326360,0,1
10681.547739376,0,0
10682.555341004,0,1
10682.557754020,0,0
10683.565355534,0,1
10683.567768552,0,0
10684.575370074,0,1
10684.577783090,0,0
10685.585384586,0,1
10685.587797602,0,0
10686.595399184,0,1
10686.597812200,0,0
10687.605413748,0,1
10687.607826766,0,0
10688.615428334,0,1
10688.617841350,0,0
10689.625442822,0,1
10689.627855838,0,0
10690.635457422,0,1
10690.636727056,1,1
10690.639359282,0,1
10690.639394688,0,0
10691.645471978,0,1
10691.647884994,0,0
10692.655486536,0,1
10692.657899552,0,0
10693.665501076,0,1
10693.667914092,0,0
10694.675515654,0,1
10694.677928670,0,0
10695.685530168,0,1
10695.687943434,0,0
10696.695544696,0,1
10696.697957964,0,0
10697.705559288,0,1
10697.707972554,0,0
10698.715573824,0,1
10698.717987090,0,0
10699.725588404,0,1
10699.728001670,0,0
10700.735602966,0,1
10700.736872656,1,1
10700.739504418,0,1
10700.739540230,0,0
10701.745617622,0,1
10701.748030638,0,0
10702.755632172,0,1
10702.758045188,0,0
10703.765646714,0,1
10703.768059732,0,0
10704.775661298,0,1
10704.778074314,0,0
10705.785675838,0,1
10705.788088854,0,0
10706.795690448,0,1
10706.798103464,0,0
10707.805704980,0,1
10707.808117996,0,0
10708.815719522,0,1
10708.818132538,0,0
10709.825734080,0,1
10709.827003702,1,1
10709.829635428,0,1
10709.829671346,0,0
10710.835748608,0,1
10710.838161624,0,0
10711.845763162,0,1
10711.848176178,0,0
10712.855777746,0,1
10712.858190762,0,0
10713.865792306,0,1
10713.868205322,0,0
10714.875806894,0,1
10714.878219912,0,0
10715.885821446,0,1
10715.888234462,0,0
10716.895835942,0,1
10716.898248958,0,0
10717.905850568,0,1
10717.908263584,0,0
10718.915865102,0,1
10718.918278118,0,0
10719.925879662,0,1
10719.927149272,1,1
10719.929781088,0,1
10719.929816926,0,0
10720.935894266,0,1
10720.938307282,0,0
10721.945908788,0,1
10721.948321804,0,0
10722.955923336,0,1
10722.958336352,0,0
10723.965937922,0,1
10723.968350938,0,0
10724.975952456,0,1
10724.978365472,0,0
10725.985967014,0,1
10725.988380032,0,0
10726.995981582,0,1
10726.998394598,0,0
10728.005996134,0,1
10728.008409150,0,0
10729.016010688,0,1
10729.018423704,0,0
10730.026025206,0,1
10730.027294910,1,1
10730.029926564,0,1
10730.029962720,0,0
10731.036039940,0,1
10731.038452958,0,0
10732.046054486,0,1
10732.048467504,0,0
10733.056069060,0,1
10733.058482076,0,0
10734.066083654,0,1
10734.068496670,0,0
10735.076098200,0,1
10735.078511218,0,0
10736.086112714,0,1
10736.088525730,0,0
10737.096127302,0,1
10737.098540318,0,0
10738.106141876,0,1
10738.108554892,0,0
10739.116156406,0,1
10739.118569424,0,0
10740.126170970,0,1
10740.127440546,1,1
10740.130072468,0,1
10740.130108236,0,0
10741.136185512,0,1
10741.138598528,0,0
10742.146200112,0,1
10742.148613128,0,0
10743.156214594,0,1
10743.158627610,0,0
10744.166229240,0,1
10744.168642256,0,0
10745.176243720,0,1
10745.178656736,0,0
10746.186258316,0,1
10746.188671332,0,0
10747.196272870,0,1
10747.198685886,0,0
10748.206287462,0,1
10748.208700478,0,0
10749.216302014,0,1
10749.218715032,0,0
10750.226316578,0,1
10750.227586094,1,1
10750.230218154,0,1
10750.230253844,0,0
10751.236330968,0,1
10751.238743984,0,0
10752.246345508,0,1
10752.248758526,0,0
10753.256360114,0,1
10753.258773130,0,0
10754.266374716,0,1
10754.268787734,0,0
10755.276389198,0,1
10755.278802214,0,0
10756.286403824,0,1
10756.288816840,0,0
10757.296418324,0,1
10757.298831342,0,0
10758.306432856,0,1
10758.308845872,0,0
10759.316447440,0,1
10759.318860456,0,0
10760.326461976,0,1
10760.327731820,1,1
10760.330363804,0,1
10760.330399492,0,0
10761.336476818,0,1
10761.338889834,0,0
10762.346491368,0,1
10762.348904384,0,0
10763.356505948,0,1
10763.358918964,0,0
10764.366520480,0,1
10764.368933496,0,0
10765.376535086,0,1
10765.378948104,0,0
10766.386549594,0,1
10766.388962612,0,0
10767.396564170,0,1
10767.398977186,0,0
10768.406578724,0,1
10768.408991740,0,0
10769.416593330,0,1
10769.419006346,0,0
10770.426607860,0,1
10770.427877356,1,1
10770.430508964,0,1
10770.430544876,0,0
10771.436622270,0,1
10771.439035286,0,0
10772.446636872,0,1
10772.449049888,0,0
10773.456651364,0,1
10773.459064380,0,0
10774.466665942,0,1
10774.469078958,0,0
10775.476680528,0,1
10775.479093544,0,0
10776.486695040,0,1
10776.489108056,0,0
10777.496709618,0,1
10777.499122634,0,0
10778.506724188,0,1
10778.509137204,0,0
10779.516738746,0,1
10779.519151762,0,0
10780.526753296,0,1
10780.528022822,1,1
10780.530654702,0,1
10780.530690312,0,0
10781.536767706,0,1
10781.539180722,0,0
10782.546782274,0,1
10782.549195292,0,0
10783.556796816,0,1
10783.559209834,0,0
10784.566811370,0,1
10784.569224388,0,0
10785.576825972,0,1
10785.579238990,0,0
10786.586840470,0,1
10786.589253488,0,0
10787.596855062,0,1
10787.599268078,0,0
10788.606869636,0,1
10788.609282652,0,0
10789.616884234,0,1
10789.619297250,0,0
10790.626898738,0,1
10790.628168546,1,1
10790.630800618,0,1
10790.630836252,0,0
10791.636913584,0,1
10791.639326602,0,0
10792.646928086,0,1
10792.649341102,0,0
10793.656942684,0,1
10793.659355700,0,0
10794.666957240,0,1
10794.669370258,0,0
10795.676971754,0,1
10795.679384770,0,0
10796.686986352,0,1
10796.689399368,0,0
10797.697000882,0,1
10797.699413898,0,0
10798.707015458,0,1
10798.709428474,0,0
10799.717030020,0,1
10799.719443036,0,0
10800.727044564,0,1
10800.728314088,1,1
10800.730945956,0,1
10800.730981828,0,0
10801.737059032,0,1
10801.739472048,0,0
10802.747073566,0,1
10802.749486582,0,0
10803.757088092,0,1
10803.759501110,0,0
10804.767102658,0,1
10804.769515674,0,0
10805.777117240,0,1
10805.779530256,0,0
10806.787131764,0,1
10806.789544780,0,0
10807.797146306,0,1
10807.799559322,0,0
10808.807160856,0,1
10808.809573872,0,0
10809.817175430,0,1
10809.818445168,1,1
10809.821077166,0,1
10809.821112946,0,0
10810.827190120,0,1
10810.829603136,0,0
10811.837204620,0,1
10811.839617638,0,0
10812.847219210,0,1
10812.849632226,0,0
10813.857233736,0,1
10813.859646752,0,0
10814.867248326,0,1
10814.869661342,0,0
10815.877262866,0,1
10815.879675882,0,0
10816.887277422,0,1
10816.889690438,0,0
10817.897291948,0,1
10817.899704964,0,0
10818.907306520,0,1
10818.909719536,0,0
10819.917321086,0,1
10819.918590744,1,1
10819.921222674,0,1
10819.921258352,0,0
10820.927335766,0,1
10820.929748782,0,0
10821.937350324,0,1
10821.939763340,0,0
10822.947364884,0,1
10822.949777902,0,0
10823.957379418,0,1
10823.959792434,0,0
10824.967393986,0,1
10824.969807004,0,0
10825.977408548,0,1
10825.979821564,0,0
10826.987423084,0,1
10826.989836100,0,0
10827.997437656,0,1
10827.999850674,0,0
10829.007452194,0,1
10829.009865210,0,0
10830.017466770,0,1
10830.018736324,1,1
10830.021368104,0,1
10830.021403786,0,0
10831.027481326,0,1
10831.029894344,0,0
10832.037495886,0,1
10832.039908902,0,0
10833.047510382,0,1
10833.049923398,0,0
10834.057524960,0,1
10834.059937978,0,0
10835.067539560,0,1
10835.069952576,0,0
10836.077554128,0,1
10836.079967144,0,0
10837.087568686,0,1
10837.089981702,0,0
10838.097583194,0,1
10838.099996210,0,0
10839.107597756,0,1
10839.110010772,0,0
10840.117612296,0,1
10840.118881942,1,1
10840.121513302,0,1
10840.121549562,0,0
10841.127626882,0,1
10841.130039898,0,0
10842.137641444,0,1
10842.140054460,0,0
10843.147655980,0,1
10843.150068996,0,0
10844.157670520,0,1
10844.160083536,0,0
10845.167685098,0,1
10845.170098114,0,0
10846.177699674,0,1
10846.180112690,0,0
10847.187714196,0,1
10847.190127212,0,0
10848.197728762,0,1
10848.200141778,0,0
10849.207743326,0,1
10849.210156342,0,0
10850.217757846,0,1
10850.219027458,1,1
10850.221659302,0,1
10850.221695112,0,0
10851.227772428,0,1
10851.230185444,0,0
10852.237786952,0,1
10852.240199968,0,0
10853.247801560,0,1
10853.250214576,0,0
10854.257816098,0,1
10854.260229114,0,0
10855.267830652,0,1
10855.270243668,0,0
10856.277845222,0,1
10856.280258238,0,0
10857.287859774,0,1
10857.290272790,0,0
10858.297874316,0,1
10858.300287334,0,0
10859.307888866,0,1
10859.310301882,0,0
10860.317903406,0,1
10860.319173024,1,1
10860.321804780,0,1
10860.321840672,0,0
10861.327918014,0,1
10861.330331030,0,0
10862.337932530,0,1
10862.340345546,0,0
10863.347947080,0,1
10863.350360096,0,0
10864.357961594,0,1
10864.360374610,0,0
10865.367976212,0,1
10865.370389228,0,0
10866.377990746,0,1
10866.380403764,0,0
10867.388005320,0,1
10867.390418588,0,0
10868.398019828,0,1
10868.400433094,0,0
10869.408034380,0,1
10869.410447646,0,0
10870.418048956,0,1
10870.419318570,1,1
10870.421950286,0,1
10870.421986222,0,0
10871.428063496,0,1
10871.430476512,0,0
10872.438078058,0,1
10872.440491074,0,0
10873.448092614,0,1
10873.450505630,0,0
10874.458107172,0,1
10874.460520188,0,0
10875.468121698,0,1
10875.470534714,0,0
10876.478136274,0,1
10876.480549290,0,0
10877.488150850,0,1
10877.490563866,0,0
10878.498165378,0,1
10878.500578394,0,0
10879.508179962,0,1
10879.510592978,0,0
10880.518194482,0,1
10880.519464148,1,1
10880.522095816,0,1
10880.522131746,0,0
10881.528209128,0,1
10881.530622144,0,0
10882.538223666,0,1
10882.540636684,0,0
10883.548238274,0,1
10883.550651292,0,0
10884.558252790,0,1
10884.560665806,0,0
10885.568267412,0,1
10885.570680428,0,0
10886.578281922,0,1
10886.580694938,0,0
10887.588296438,0,1
10887.590709704,0,0
10888.598311066,0,1
10888.600724334,0,0
10889.608325536,0,1
10889.610738802,0,0
10890.618340118,0,1
10890.619609722,1,1
10890.622241330,0,1
10890.622277382,0,0
10891.628354656,0,1
10891.630767672,0,0
10892.638369250,0,1
10892.640782266,0,0
10893.648383790,0,1
10893.650796806,0,0
10894.658398368,0,1
10894.660811384,0,0
10895.668412868,0,1
10895.670825884,0,0
10896.678427464,0,1
10896.680840482,0,0
10897.688441958,0,1
10897.690854974,0,0
10898.698456574,0,1
10898.700869590,0,0
10899.708471064,0,1
10899.710884080,0,0
10900.718485650,0,1
10900.719755282,1,1
10900.722387164,0,1
10900.722422916,0,0
10901.728500208,0,1
10901.730913224,0,0
10902.738514776,0,1
10902.740927792,0,0
10903.748529332,0,1
10903.750942348,0,0
10904.758543894,0,1
10904.760956910,0,0
10905.768558352,0,1
10905.770971618,0,0
10906.778572942,0,1
10906.780986208,0,0
10907.788587472,0,1
10907.791000738,0,0
10908.798602122,0,1
10908.801015140,0,0
10909.808616650,0,1
10909.809886318,1,1
10909.812517724,0,1
10909.812553916,0,0
10910.818631328,0,1
10910.821044344,0,0
10911.828645934,0,1
10911.831058952,0,0
10912.838660448,0,1
10912.841073466,0,0
10913.848674986,0,1
10913.851088002,0,0
10914.858689544,0,1
10914.861102560,0,0
10915.868704124,0,1
10915.871117140,0,0
10916.878718664,0,1
10916.881131680,0,0
10917.888733178,0,1
10917.891146196,0,0
10918.898747740,0,1
10918.901161006,0,0
10919.908762322,0,1
10919.910031842,1,1
10919.912663620,0,1
10919.912699588,0,0
10920.918776716,0,1
10920.921189732,0,0
10921.928791300,0,1
10921.931204316,0,0
10922.938805882,0,1
10922.941218898,0,0
10923.948820362,0,1
10923.951233378,0,0
10924.958834962,0,1
10924.961247980,0,0
10925.968849494,0,1
10925.971262512,0,0
10926.978864040,0,1
10926.981277056,0,0
10927.988878552,0,1
10927.991291570,0,0
10928.998893138,0,1
10929.001306156,0,0
10930.008907686,0,1
10930.010177428,1,1
10930.012809066,0,1
10930.012845202,0,0
10931.018922342,0,1
10931.021335360,0,0
10932.028936922,0,1
10932.031349938,0,0
10933.038951478,0,1
10933.041364494,0,0
10934.048966068,0,1
10934.051379084,0,0
10935.058980616,0,1
10935.061393634,0,0
10936.068995122,0,1
10936.071408138,0,0
10937.079009714,0,1
10937.081422730,0,0
10938.089024228,0,1
10938.091437244,0,0
10939.099038824,0,1
10939.101451840,0,0
10940.109053380,0,1
10940.110322934,1,1
10940.112954742,0,1
10940.112990644,0,0
10941.119067888,0,1
10941.121480904,0,0
10942.129082458,0,1
10942.131495474,0,0
10943.139096956,0,1
10943.141509974,0,0
10944.149111566,0,1
10944.151524582,0,0
10945.159126122,0,1
10945.161539138,0,0
10946.169140654,0,1
10946.171553670,0,0
10947.179155196,0,1
10947.181568212,0,0
10948.189169722,0,1
10948.191582738,0,0
10949.199184332,0,1
10949.201597600,0,0
10950.209198886,0,1
10950.210468492,1,1
10950.213100100,0,1
10950.213136150,0,0
10951.219213412,0,1
10951.221626428,0,0
10952.229227964,0,1
10952.231640980,0,0
10953.239242488,0,1
10953.241655506,0,0
10954.249257070,0,1
10954.251670086,0,0
10955.259271632,0,1
10955.261684648,0,0
10956.269286182,0,1
10956.271699198,0,0
10957.279300740,0,1
10957.281713756,0,0
10958.289315250,0,1
10958.291728266,0,0
10959.299329824,0,1
10959.301742840,0,0
10960.309344398,0,1
10960.310613996,1,1
10960.313246110,0,1
10960.313281664,0,0
10961.319358936,0,1
10961.321771952,0,0
10962.329373482,0,1
10962.331786498,0,0
10963.339388012,0,1
10963.341801028,0,0
10964.349402556,0,1
10964.351815572,0,0
10965.359417140,0,1
10965.361830156,0,0
10966.369431698,0,1
10966.371844716,0,0
10967.379446252,0,1
10967.381859268,0,0
10968.389460824,0,1
10968.391873840,0,0
10969.399475340,0,1
10969.401888356,0,0
10970.409489888,0,1
10970.410759500,1,1
10970.413391736,0,1
10970.413427154,0,0
10971.419504446,0,1
10971.421917462,0,0
10972.429518952,0,1
10972.431931968,0,0
10973.439533560,0,1
10973.441946576,0,0
10974.449548100,0,1
10974.451961118,0,0
10975.459562664,0,1
10975.461975680,0,0
10976.469577164,0,1
10976.471990432,0,0
10977.479591698,0,1
10977.482004964,0,0
10978.489606232,0,1
10978.492019498,0,0
10979.499620844,0,1
10979.502033860,0,0
10980.509635452,0,1
10980.510905068,1,1
10980.513536850,0,1
10980.513572718,0,0
10981.519649930,0,1
10981.522062946,0,0
10982.529664490,0,1
10982.532077506,0,0
10983.539679034,0,1
10983.542092050,0,0
10984.549693574,0,1
10984.552106590,0,0
10985.559708144,0,1
10985.562121160,0,0
10986.569722722,0,1
10986.572135738,0,0
10987.579737226,0,1
10987.582150242,0,0
10988.589751802,0,1
10988.592164820,0,0
10989.599766350,0,1
10989.602179368,0,0
10990.609780914,0,1
10990.611050558,1,1
10990.613682316,0,1
10990.613718178,0,0
10991.619795458,0,1
10991.622208476,0,0
10992.629810004,0,1
10992.632223020,0,0
10993.639824574,0,1
10993.642237590,0,0
10994.649839112,0,1
10994.652252128,0,0
10995.659853672,0,1
10995.662266688,0,0
10996.669868234,0,1
10996.672281250,0,0
10997.679882774,0,1
10997.682295792,0,0
10998.689897328,0,1
10998.692310344,0,0
10999.699911880,0,1
10999.702324896,0,0
11000.709926398,0,1
11000.711196158,1,1
11000.713827858,0,1
11000.713863912,0,0
11001.719941104,0,1
11001.722354120,0,0
11002.729955628,0,1
11002.732368644,0,0
11003.739970150,0,1
11003.742383166,0,0
11004.749984744,0,1
11004.752397760,0,0
11005.759999242,0,1
11005.762412258,0,0
11006.770013856,0,1
11006.772426872,0,0
11007.780028368,0,1
11007.782441384,0,0
11008.790042952,0,1
11008.792455968,0,0
11009.800057424,0,1
11009.801327108,1,1
11009.803959276,0,1
11009.803994690,0,0
11010.810072176,0,1
11010.812485194,0,0
11011.820086680,0,1
11011.822499696,0,0
11012.830101222,0,1
11012.832514238,0,0
11013.840115808,0,1
11013.842528824,0,0
11014.850130322,0,1
11014.852543340,0,0
11015.860144880,0,1
11015.862557896,0,0
11016.870159470,0,1
11016.872572486,0,0
11017.880174020,0,1
11017.882587036,0,0
11018.890188582,0,1
11018.892601600,0,0
11019.900203092,0,1
11019.901472704,1,1
11019.904104302,0,1
11019.904140356,0,0
11020.910217674,0,1
11020.912630690,0,0
11021.920232184,0,1
11021.922645200,0,0
11022.930246746,0,1
11022.932659764,0,0
11023.940261292,0,1
11023.942674310,0,0
11024.950275828,0,1
11024.952688844,0,0
11025.960290400,0,1
11025.962703418,0,0
11026.970304974,0,1
11026.972717990,0,0
11027.980319538,0,1
11027.982732554,0,0
11028.990334076,0,1
11028.992747094,0,0
11030.000348604,0,1
11030.001618216,1,1
11030.004250068,0,1
11030.004285868,0,0
11031.010363118,0,1
11031.012776134,0,0
11032.020377762,0,1
11032.022790778,0,0
11033.030392264,0,1
11033.032805282,0,0
11034.040406846,0,1
11034.042819862,0,0
11035.050421346,0,1
11035.052834362,0,0
11036.060435900,0,1
11036.062848918,0,0
11037.070450468,0,1
11037.072863484,0,0
11038.080465044,0,1
11038.082878060,0,0
11039.090479544,0,1
11039.092892560,0,0
11040.100494088,0,1
11040.101763744,1,1
11040.104395842,0,1
11040.104431354,0,0
11041.110508624,0,1
11041.112921640,0,0
11042.120523204,0,1
11042.122936220,0,0
11043.130537770,0,1
11043.132950786,0,0
11044.140552348,0,1
11044.142965366,0,0
11045.150566858,0,1
11045.152979874,0,0
11046.160581432,0,1
11046.162994450,0,0
11047.170596002,0,1
11047.173009018,0,0
11048.180610508,0,1
11048.183023526,0,0
11049.190625076,0,1
11049.193038092,0,0
11050.200639634,0,1
11050.201909248,1,1
11050.204541078,0,1
11050.204576900,0,0
11051.210654266,0,1
11051.213067282,0,0
11052.220668820,0,1
11052.223081836,0,0
11053.230683366,0,1
11053.233096382,0,0
11054.240697974,0,1
11054.243110992,0,0
11055.250712484,0,1
11055.253125502,0,0
11056.260727050,0,1
11056.263140066,0,0
11057.270741554,0,1
11057.273154820,0,0
11058.280756140,0,1
11058.283169406,0,0
11059.290770696,0,1
11059.293183962,0,0
11060.300785246,0,1
11060.302054798,1,1
11060.304686302,0,1
11060.304722510,0,0
11061.310799814,0,1
11061.313212830,0,0
11062.320814384,0,1
11062.323227400,0,0
11063.330828936,0,1
11063.333241954,0,0
11064.340843450,0,1
11064.343256466,0,0
11065.350858014,0,1
11065.353271030,0,0
11066.360872556,0,1
11066.363285574,0,0
11067.370887118,0,1
11067.373300386,0,0
11068.380901630,0,1
11068.383314896,0,0
11069.390916224,0,1
11069.393329490,0,0
11070.400930738,0,1
11070.402200370,1,1
11070.404831938,0,1
11070.404868004,0,0
11071.410945318,0,1
11071.413358334,0,0
11072.420959818,0,1
11072.423372834,0,0
11073.430974372,0,1
11073.433387388,0,0
11074.440988966,0,1
11074.443401984,0,0
11075.451003506,0,1
11075.453416522,0,0
11076.461018036,0,1
11076.463431052,0,0
11077.471032622,0,1
11077.473445888,0,0
11078.481047150,0,1
11078.483460416,0,0
11079.491061712,0,1
11079.493474978,0,0
11080.501076224,0,1
11080.502345878,1,1
11080.504977628,0,1
11080.505013490,0,0
11081.511090828,0,1
11081.513503844,0,0
11082.521105372,0,1
11082.523518388,0,0
11083.531119934,0,1
11083.533532950,0,0
11084.541134458,0,1
11084.543547474,0,0
11085.551149028,0,1
11085.553562044,0,0
11086.561163552,0,1
11086.563576568,0,0
11087.571178088,0,1
11087.573591106,0,0
11088.581192678,0,1
11088.583605694,0,0
11089.591207208,0,1
11089.593620224,0,0
11090.601221762,0,1
11090.602491366,1,1
11090.605123186,0,1
11090.605159026,0,0
11091.611236280,0,1
11091.613649296,0,0
11092.621250866,0,1
11092.623663882,0,0
11093.631265410,0,1
11093.633678426,0,0
11094.641279942,0,1
11094.643692958,0,0
11095.651294474,0,1
11095.653707490,0,0
11096.661309080,0,1
11096.663722096,0,0
11097.671323554,0,1
11097.673736570,0,0
11098.681338172,0,1
11098.683751188,0,0
11099.691352708,0,1
11099.693765724,0,0
11100.701367246,0,1
11100.702637006,1,1
11100.705268766,0,1
11100.705304762,0,0
11101.711381876,0,1
11101.713794892,0,0
11102.721396510,0,1
11102.723809526,0,0
11103.731411006,0,1
11103.733824022,0,0
11104.741425550,0,1
11104.743838566,0,0
11105.751440138,0,1
11105.753853154,0,0
11106.761454692,0,1
11106.763867710,0,0
11107.771469252,0,1
11107.773882268,0,0
11108.781483760,0,1
11108.783896776,0,0
11109.791498312,0,1
11109.792767970,1,1
11109.795399430,0,1
11109.795435578,0,0
11110.801513032,0,1
11110.803926048,0,0
11111.811527548,0,1
11111.813940564,0,0
11112.821542146,0,1
11112.823955162,0,0
11113.831556670,0,1
11113.833969686,0,0
11114.841571200,0,1
11114.843984216,0,0
11115.851585812,0,1
11115.853998828,0,0
11116.861600330,0,1
11116.864013346,0,0
11117.871614842,0,1
11117.874027858,0,0
11118.881629396,0,1
11118.884042412,0,0
11119.891643976,0,1
11119.892913498,1,1
11119.895545288,0,1
11119.895580990,0,0
11120.901658432,0,1
11120.904071450,0,0
11121.911672980,0,1
11121.914085996,0,0
11122.921687472,0,1
11122.924100488,0,0
11123.931702040,0,1
11123.934115056,0,0
11124.941716612,0,1
11124.944129628,0,0
11125.951731116,0,1
11125.954144132,0,0
11126.961745678,0,1
11126.964158696,0,0
11127.971760272,0,1
11127.974173290,0,0
11128.981774818,0,1
11128.984188084,0,0
11129.991789328,0,1
11129.993059052,1,1
11129.995691050,0,1
11129.995726844,0,0
11131.001804014,0,1
11131.004217030,0,0
11132.011818574,0,1
11132.014231590,0,0
11133.021833070,0,1
11133.024246086,0,0
11134.031847650,0,1
11134.034260666,0,0
11135.041862210,0,1
11135.044275226,0,0
11136.051876756,0,1
11136.054289772,0,0
11137.061891310,0,1
11137.064304326,0,0
11138.071905848,0,1
11138.074318864,0,0
11139.081920422,0,1
11139.084333438,0,0
11140.091934972,0,1
11140.093204572,1,1
11140.095836400,0,1
11140.095872236,0,0
11141.101949512,0,1
11141.104362528,0,0
11142.111964050,0,1
11142.114377068,0,0
11143.121978618,0,1
11143.124391634,0,0
11144.131993142,0,1
11144.134406160,0,0
11145.142007702,0,1
11145.144420718,0,0
11146.152022268,0,1
11146.154435284,0,0
11147.162036814,0,1
11147.164449830,0,0
11148.172051298,0,1
11148.174464314,0,0
11149.182065892,0,1
11149.184478910,0,0
11150.192080446,0,1
11150.193350134,1,1
11150.195981908,0,1
11150.196017710,0,0
11151.202095104,0,1
11151.204508120,0,0
11152.212109674,0,1
11152.214522690,0,0
11153.222124272,0,1
11153.224537288,0,0
11154.232138780,0,1
11154.234551796,0,0
11155.242153350,0,1
11155.244566366,0,0
11156.252167860,0,1
11156.254580876,0,0
11157.262182434,0,1
11157.264595702,0,0
11158.272196940,0,1
11158.274610208,0,0
11159.282211518,0,1
11159.284624786,0,0
11160.292226048,0,1
11160.293495610,1,1
11160.296127894,0,1
11160.296163312,0,0
11161.302240622,0,1
11161.304653638,0,0
11162.312255186,0,1
11162.314668202,0,0
11163.322269726,0,1
11163.324682742,0,0
11164.332284256,0,1
11164.334697272,0,0
11165.342298832,0,1
11165.344711848,0,0
11166.352313360,0,1
11166.354726376,0,0
11167.362327894,0,1
11167.364741160,0,0
11168.372342450,0,1
11168.374755716,0,0
11169.382356986,0,1
11169.384770250,0,0
11170.392371542,0,1
11170.393641178,1,1
11170.396272910,0,1
11170.396308808,0,0
11171.402386072,0,1
11171.404799088,0,0
11172.412400606,0,1
11172.414813622,0,0
11173.422415194,0,1
11173.424828210,0,0
11174.432429732,0,1
11174.434842748,0,0
11175.442444272,0,1
11175.444857288,0,0
11176.452458830,0,1
11176.454871846,0,0
11177.462473378,0,1
11177.464886644,0,0
11178.472487944,0,1
11178.474901210,0,0
11179.482502470,0,1
11179.484915736,0,0
11180.492517036,0,1
11180.493786706,1,1
11180.496418622,0,1
11180.496454300,0,0
11181.502531710,0,1
11181.504944726,0,0
11182.512546228,0,1
11182.514959244,0,0
11183.522560808,0,1
11183.524973824,0,0
11184.532575334,0,1
11184.534988350,0,0
11185.542589936,0,1
11185.545002952,0,0
11186.552604464,0,1
11186.555017480,0,0
11187.562619046,0,1
11187.565032062,0,0
11188.572633570,0,1
11188.575046586,0,0
11189.582648082,0,1
11189.585061098,0,0
11190.592662622,0,1
11190.593932190,1,1
11190.596564326,0,1
11190.596599888,0,0
11191.602677230,0,1
11191.605090246,0,0
11192.612691754,0,1
11192.615104772,0,0
11193.622706324,0,1
11193.625119340,0,0
11194.632720876,0,1
11194.635133892,0,0
11195.642735402,0,1
11195.645148418,0,0
11196.652749974,0,1
11196.655162990,0,0
11197.662764498,0,1
11197.665177514,0,0
11198.672779018,0,1
11198.675192036,0,0
11199.682793628,0,1
11199.685206894,0,0
11200.692808146,0,1
11200.694077726,1,1
11200.696709418,0,1
11200.696745412,0,0
11201.702822674,0,1
11201.705235690,0,0
11202.712837240,0,1
11202.715250256,0,0
11203.722851784,0,1
11203.725264800,0,0
11204.732866312,0,1
11204.735279328,0,0
11205.742880886,0,1
11205.745293902,0,0
11206.752895406,0,1
11206.755308422,0,0
11207.762909976,0,1
11207.765323242,0,0
11208.772924504,0,1
11208.775337770,0,0
11209.782939078,0,1
11209.785352344,0,0
11210.792953580,0,1
11210.794223262,1,1
11210.796854776,0,1
11210.796890846,0,0
11211.802968300,0,1
11211.805381316,0,0
11212.812982826,0,1
11212.815395844,0,0
11213.822997360,0,1
11213.825410378,0,0
11214.833011978,0,1
11214.835424994,0,0
11215.843026540,0,1
11215.845439556,0,0
11216.853041058,0,1
11216.855454074,0,0
11217.863055582,0,1
11217.865468848,0,0
11218.873070110,0,1
11218.875483376,0,0
11219.883084686,0,1
11219.884354198,1,1
11219.886986104,0,1
11219.887021952,0,0
11220.893099116,0,1
11220.895512132,0,0
11221.903113642,0,1
11221.905526660,0,0
11222.913128230,0,1
11222.915541246,0,0
11223.923142734,0,1
11223.925555750,0,0
11224.933157298,0,1
11224.935570314,0,0
11225.943171824,0,1
11225.945584840,0,0
11226.953186392,0,1
11226.955599410,0,0
11227.963200932,0,1
11227.965613948,0,0
11228.973215474,0,1
11228.975628490,0,0
11229.983230060,0,1
11229.984499714,1,1
11229.987131948,0,1
11229.987167324,0,0
11230.993244596,0,1
11230.995657612,0,0
11232.003259140,0,1
11232.005672156,0,0
11233.013273704,0,1
11233.015686720,0,0
11234.023288266,0,1
11234.025701282,0,0
11235.033302814,0,1
11235.035715832,0,0
11236.043317332,0,1
11236.045730348,0,0
11237.053331898,0,1
11237.055744914,0,0
11238.063346446,0,1
11238.065759462,0,0
11239.073360996,0,1
11239.075774012,0,0
11240.083375584,0,1
11240.084645282,1,1
11240.087276918,0,1
11240.087313098,0,0
11241.093390208,0,1
11241.095803224,0,0
11242.103404776,0,1
11242.105817794,0,0
11243.113419290,0,1
11243.115832306,0,0
11244.123433878,0,1
11244.125846894,0,0
11245.133448450,0,1
11245.135861466,0,0
11246.143462932,0,1
11246.145875948,0,0
11247.153477444,0,1
11247.155890462,0,0
11248.163492066,0,1
11248.165905082,0,0
11249.173506648,0,1
11249.175919664,0,0
11250.183521124,0,1
11250.184790784,1,1
11250.187422368,0,1
11250.187458390,0,0
11251.193535704,0,1
11251.195948720,0,0
11252.203550246,0,1
11252.205963264,0,0
11253.213564818,0,1
11253.215977836,0,0
11254.223579376,0,1
11254.225992392,0,0
11255.233593898,0,1
11255.236006914,0,0
11256.243608454,0,1
11256.246021470,0,0
11257.253623032,0,1
11257.256036048,0,0
11258.263637568,0,1
11258.266050584,0,0
11259.273652114,0,1
11259.276065130,0,0
11260.283666692,0,1
11260.284936280,1,1
11260.287567930,0,1
11260.287603956,0,0
11261.293681214,0,1
11261.296094230,0,0
11262.303695722,0,1
11262.306108738,0,0
11263.313710310,0,1
11263.316123328,0,0
11264.323724826,0,1
11264.326137842,0,0
11265.333739438,0,1
11265.336152454,0,0
11266.343753940,0,1
11266.346166956,0,0
11267.353768460,0,1
11267.356181476,0,0
11268.363783028,0,1
11268.366196046,0,0
11269.373797568,0,1
11269.376210584,0,0
11270.383812140,0,1
11270.385081818,1,1
11270.387713622,0,1
11270.387749406,0,0
11271.393826802,0,1
11271.396239818,0,0
11272.403841382,0,1
11272.406254398,0,0
11273.413855886,0,1
11273.416268904,0,0
11274.423870494,0,1
11274.426283510,0,0
11275.433884996,0,1
11275.436298012,0,0
11276.443899534,0,1
11276.446312550,0,0
11277.453914120,0,1
11277.456327136,0,0
11278.463928682,0,1
11278.466341698,0,0
11279.473943202,0,1
11279.476356220,0,0
11280.483957782,0,1
11280.485227308,1,1
11280.487859434,0,1
11280.487894798,0,0
11281.493972210,0,1
11281.496385226,0,0
11282.503986750,0,1
11282.506399766,0,0
11283.514001266,0,1
11283.516414282,0,0
11284.524015822,0,1
11284.526428840,0,0
11285.534030398,0,1
11285.536443414,0,0
11286.544044898,0,1
11286.546457914,0,0
11287.554059502,0,1
11287.556472518,0,0
11288.564074034,0,1
11288.566487050,0,0
11289.574088562,0,1
11289.576501578,0,0
11290.584103092,0,1
11290.585372862,1,1
11290.588004680,0,1
11290.588040608,0,0
11291.594117790,0,1
11291.596530806,0,0
11292.604132364,0,1
11292.606545380,0,0
11293.614146868,0,1
11293.616559886,0,0
11294.624161418,0,1
11294.626574436,0,0
11295.634176008,0,1
11295.636589024,0,0
11296.644190532,0,1
11296.646603548,0,0
11297.654205068,0,1
11297.656618086,0,0
11298.664219620,0,1
11298.666632636,0,0
11299.674234194,0,1
11299.676647210,0,0
11300.684248702,0,1
11300.685518360,1,1
11300.688150400,0,1
11300.688185968,0,0
11301.694263264,0,1
11301.696676282,0,0
11302.704277822,0,1
11302.706690840,0,0
11303.714292332,0,1
11303.716705348,0,0
11304.724306926,0,1
11304.726719944,0,0
11305.734321450,0,1
11305.736734468,0,0
11306.744336004,0,1
11306.746749020,0,0
11307.754350564,0,1
11307.756763580,0,0
11308.764365116,0,1
11308.766778134,0,0
11309.774379684,0,1
11309.776792700,0,0
11310.784394244,0,1
11310.785663822,1,1
11310.788295756,0,1
11310.788331508,0,0
11311.794408762,0,1
11311.796821778,0,0
11312.804423318,0,1
11312.806836334,0,0
11313.814437824,0,1
11313.816850840,0,0
11314.824452420,0,1
11314.826865436,0,0
11315.834466958,0,1
11315.836879976,0,0
11316.844481490,0,1
11316.846894506,0,0
11317.854496054,0,1
11317.856909070,0,0
11318.864510588,0,1
11318.866923604,0,0
11319.874525162,0,1
11319.875794774,1,1
11319.878426156,0,1
11319.878462426,0,0
11320.884539706,0,1
11320.886952722,0,0
11321.894554260,0,1
11321.896967276,0,0
11322.904568796,0,1
11322.906981812,0,0
11323.914583326,0,1
11323.916996342,0,0
11324.924597848,0,1
11324.927010864,0,0
11325.934612380,0,1
11325.937025646,0,0
11326.944626930,0,1
11326.947040196,0,0
11327.954641542,0,1
11327.957054560,0,0
11328.964656100,0,1
11328.967069118,0,0
11329.974670644,0,1
11329.975940298,1,1
11329.978571960,0,1
11329.978607910,0,0
11330.984685170,0,1
11330.987098188,0,0
11331.994699742,0,1
11331.997112758,0,0
11333.004714274,0,1
11333.007127290,0,0
11334.014728838,0,1
11334.017141856,0,0
11335.024743314,0,1
11335.027156330,0,0
11336.034757918,0,1
11336.037170936,0,0
11337.044772420,0,1
11337.047185436,0,0
11338.054787006,0,1
11338.057200024,0,0
11339.064801528,0,1
11339.067214544,0,0
11340.074816086,0,1
11340.076085796,1,1
11340.078717652,0,1
11340.078753602,0,0
11341.084830772,0,1
11341.087243788,0,0
11342.094845294,0,1
11342.097258310,0,0
11343.104859832,0,1
11343.107272850,0,0
11344.114874384,0,1
11344.117287400,0,0
11345.124888930,0,1
11345.127301946,0,0
11346.134903476,0,1
11346.137316494,0,0
11347.144918090,0,1
11347.147331108,0,0
11348.154932576,0,1
11348.157345592,0,0
11349.164947154,0,1
11349.167360420,0,0
11350.174961686,0,1
11350.176231310,1,1
11350.178863212,0,1
11350.178898952,0,0
11351.184976270,0,1
11351.187389286,0,0
11352.194990798,0,1
11352.197403814,0,0
11353.205005326,0,1
11353.207418342,0,0
11354.215019894,0,1
11354.217432910,0,0
11355.225034446,0,1
11355.227447462,0,0
11356.235048968,0,1
11356.237461984,0,0
11357.245063584,0,1
11357.247476600,0,0
11358.255078074,0,1
11358.257491092,0,0
11359.265092612,0,1
11359.267505628,0,0
11360.275107148,0,1
11360.276376808,1,1
11360.279008502,0,1
11360.279044412,0,0
11361.285121850,0,1
11361.287534866,0,0
11362.295136374,0,1
11362.297549390,0,0
11363.305150924,0,1
11363.307563940,0,0
11364.315165480,0,1
11364.317578496,0,0
11365.325180030,0,1
11365.327593046,0,0
11366.335194548,0,1
11366.337607564,0,0
11367.345209150,0,1
11367.347622416,0,0
11368.355223660,0,1
11368.357636926,0,0
11369.365238204,0,1
11369.367651472,0,0
11370.375252788,0,1
11370.376522288,1,1
11370.379154238,0,1
11370.379190054,0,0
11371.385267198,0,1
11371.387680214,0,0
11372.395281700,0,1
11372.397694716,0,0
11373.405296270,0,1
11373.407709286,0,0
11374.415310788,0,1
11374.417723804,0,0
11375.425325374,0,1
11375.427738390,0,0
11376.435339932,0,1
11376.437752948,0,0
11377.445354482,0,1
11377.447767498,0,0
11378.455369014,0,1
11378.457782030,0,0
11379.465383510,0,1
11379.467796526,0,0
11380.475398086,0,1
11380.476667750,1,1
11380.479299388,0,1
11380.479335352,0,0
11381.485412734,0,1
11381.487825750,0,0
11382.495427306,0,1
11382.497840322,0,0
11383.505441866,0,1
11383.507854882,0,0
11384.515456372,0,1
11384.517869388,0,0
11385.525470998,0,1
11385.527884014,0,0
11386.535485532,0,1
11386.537898550,0,0
11387.545500070,0,1
11387.547913086,0,0
11388.555514566,0,1
11388.557927582,0,0
11389.565529112,0,1
11389.567942378,0,0
11390.575543714,0,1
11390.576813296,1,1
11390.579444798,0,1
11390.579480978,0,0
11391.585558266,0,1
11391.587971282,0,0
11392.595572748,0,1
11392.597985764,0,0
11393.605587350,0,1
11393.608000366,0,0
11394.615601886,0,1
11394.618014904,0,0
11395.625616444,0,1
11395.628029460,0,0
11396.635631026,0,1
11396.638044042,0,0
11397.645645562,0,1
11397.648058578,0,0
11398.655660080,0,1
11398.658073098,0,0
11399.665674612,0,1
11399.668087630,0,0
11400.675689138,0,1
11400.676958746,1,1
11400.679590916,0,1
11400.679626404,0,0
11401.685703736,0,1
11401.688116752,0,0
11402.695718300,0,1
11402.698131316,0,0
11403.705732838,0,1
11403.708145854,0,0
11404.715747366,0,1
11404.718160382,0,0
11405.725761916,0,1
11405.728174932,0,0
11406.735776440,0,1
11406.738189456,0,0
11407.745791018,0,1
11407.748204034,0,0
11408.755805536,0,1
11408.758218554,0,0
11409.765820096,0,1
11409.768233362,0,0
11410.775834622,0,1
11410.777104342,1,1
11410.779736366,0,1
11410.779772138,0,0
11411.785849324,0,1
11411.788262340,0,0
11412.795863830,0,1
11412.798276846,0,0
11413.805878422,0,1
11413.808291438,0,0
11414.815892960,0,1
11414.818305976,0,0
11415.825907478,0,1
11415.828320494,0,0
11416.835922038,0,1
11416.838335056,0,0
11417.845936620,0,1
11417.848349886,0,0
11418.855951142,0,1
11418.858364410,0,0
11419.865965650,0,1
11419.867235260,1,1
11419.869867022,0,1
11419.869902916,0,0
11420.875980254,0,1
11420.878393270,0,0
11421.885994762,0,1
11421.888407778,0,0
11422.896009330,0,1
11422.898422346,0,0
11423.906023846,0,1
11423.908436862,0,0
11424.916038442,0,1
11424.918451458,0,0
11425.926052956,0,1
11425.928465974,0,0
11426.936067552,0,1
11426.938480570,0,0
11427.946082036,0,1
11427.948495052,0,0
11428.956096594,0,1
11428.958509612,0,0
11429.966111164,0,1
11429.967380800,1,1
11429.970012338,0,1
11429.970048430,0,0
11430.976125678,0,1
11430.978538696,0,0
11431.986140234,0,1
11431.988553250,0,0
11432.996154774,0,1
11432.998567790,0,0
11434.006169326,0,1
11434.008582342,0,0
11435.016183922,0,1
11435.018596938,0,0
11436.026198456,0,1
11436.028611474,0,0
11437.036212956,0,1
11437.038625972,0,0
11438.046227514,0,1
11438.048640530,0,0
11439.056242094,0,1
11439.058655110,0,0
11440.066256640,0,1
11440.067526258,1,1
11440.070157852,0,1
11440.070193906,0,0
11441.076271160,0,1
11441.078684176,0,0
11442.086285734,0,1
11442.088698750,0,0
11443.096300288,0,1
11443.098713306,0,0
11444.106314826,0,1
11444.108727840,0,0
11445.116329338,0,1
11445.118742354,0,0
11446.126343938,0,1
11446.128756956,0,0
11447.136358460,0,1
11447.138771476,0,0
11448.146373040,0,1
11448.148786058,0,0
11449.156387580,0,1
11449.158800596,0,0
11450.166402140,0,1
11450.167671750,1,1
11450.170303580,0,1
11450.170339406,0,0
11451.176416668,0,1
11451.178829684,0,0
11452.186431206,0,1
11452.188844222,0,0
11453.196445796,0,1
11453.198858814,0,0
11454.206460316,0,1
11454.208873332,0,0
11455.216474832,0,1
11455.218887850,0,0
11456.226489440,0,1
11456.228902456,0,0
11457.236503930,0,1
11457.238916946,0,0
11458.246518550,0,1
11458.248931566,0,0
11459.256533086,0,1
11459.258946102,0,0
11460.266547596,0,1
11460.267817338,1,1
11460.270449324,0,1
11460.270485112,0,0
11461.276562268,0,1
11461.278975284,0,0
11462.286576840,0,1
11462.288989856,0,0
11463.296591372,0,1
11463.299004388,0,0
11464.306605872,0,1
11464.309018890,0,0
11465.316620516,0,1
11465.319033534,0,0
11466.326635040,0,1
11466.329048056,0,0
11467.336649602,0,1
11467.339062620,0,0
11468.346664148,0,1
11468.349077166,0,0
11469.356678726,0,1
11469.359091742,0,0
11470.366693262,0,1
11470.367962830,1,1
11470.370594684,0,1
11470.370630528,0,0
11471.376707768,0,1
11471.379120784,0,0
11472.386722336,0,1
11472.389135352,0,0
11473.396736864,0,1
11473.399149880,0,0
11474.406751468,0,1
11474.409164486,0,0
11475.416765982,0,1
11475.419178998,0,0
11476.426780502,0,1
11476.429193520,0,0
11477.436795094,0,1
11477.439208112,0,0
11478.446809590,0,1
11478.449222606,0,0
11479.456824136,0,1
11479.459237404,0,0
11480.466838740,0,1
11480.468108340,1,1
11480.470739668,0,1
11480.470776004,0,0
11481.476853240,0,1
11481.479266258,0,0
11482.486867782,0,1
11482.489280800,0,0
11483.496882372,0,1
11483.499295388,0,0
11484.506896912,0,1
11484.509309930,0,0
11485.516911442,0,1
11485.519324458,0,0
11486.526925982,0,1
11486.529338998,0,0
11487.536940602,0,1
11487.539353618,0,0
11488.546955094,0,1
11488.549368110,0,0
11489.556969636,0,1
11489.559382652,0,0
11490.566984214,0,1
11490.568253904,1,1
11490.570885948,0,1
11490.570921480,0,0
11491.576998830,0,1
11491.579411848,0,0
11492.587013396,0,1
11492.589426412,0,0
11493.597028000,0,1
11493.599441016,0,0
11494.607042506,0,1
11494.609455522,0,0
11495.617057050,0,1
11495.619470066,0,0
11496.627071622,0,1
11496.629484640,0,0
11497.637086156,0,1
11497.639499172,0,0
11498.647100720,0,1
11498.649513736,0,0
11499.657115286,0,1
11499.659528302,0,0
11500.667129804,0,1
11500.668399356,1,1
11500.671030556,0,1
11500.671066820,0,0
11501.677144340,0,1
11501.679557356,0,0
11502.687158940,0,1
11502.689571958,0,0
11503.697173504,0,1
11503.699586522,0,0
11504.707188054,0,1
11504.709601070,0,0
11505.717202602,0,1
11505.719615618,0,0
11506.727217140,0,1
11506.729630156,0,0
11507.737231684,0,1
11507.739644700,0,0
11508.747246202,0,1
11508.749659218,0,0
11509.757260814,0,1
11509.759673830,0,0
11510.767275386,0,1
11510.768544888,1,1
11510.771176986,0,1
11510.771212652,0,0
11511.777289750,0,1
11511.779702766,0,0
11512.787304342,0,1
11512.789717358,0,0
11513.797318834,0,1
11513.799731850,0,0
11514.807333428,0,1
11514.809746444,0,0
11515.817347980,0,1
11515.819760996,0,0
11516.827362532,0,1
11516.829775548,0,0
11517.837377084,0,1
11517.839790102,0,0
11518.847391580,0,1
11518.849804598,0,0
11519.857406210,0,1
11519.858675814,1,1
11519.861308066,0,1
11519.861343476,0,0
11520.867420716,0,1
11520.869833732,0,0
11521.877435264,0,1
11521.879848280,0,0
11522.887449808,0,1
11522.889862824,0,0
11523.897464374,0,1
11523.899877390,0,0
11524.907478928,0,1
11524.909891944,0,0
11525.917493472,0,1
11525.919906488,0,0
11526.927508000,0,1
11526.929921016,0,0
11527.937522562,0,1
11527.939935578,0,0
11528.947537140,0,1
11528.949950158,0,0
11529.957551690,0,1
11529.958821304,1,1
11529.961452622,0,1
11529.961488956,0,0
11530.967566242,0,1
11530.969979258,0,0
11531.977580778,0,1
11531.979993796,0,0
11532.987595298,0,1
11532.990008314,0,0
11533.997609902,0,1
11534.000022920,0,0
11535.007624432,0,1
11535.010037450,0,0
11536.017638904,0,1
11536.020052170,0,0
11537.027653494,0,1
11537.030066760,0,0
11538.037668004,0,1
11538.040081270,0,0
11539.047682660,0,1
11539.050095678,0,0
11540.057697238,0,1
11540.058966746,1,1
11540.061598546,0,1
11540.061634502,0,0
11541.067711616,0,1
11541.070124634,0,0
11542.077726212,0,1
11542.080139230,0,0
11543.087740672,0,1
11543.090153938,0,0
11544.097755240,0,1
11544.100168506,0,0
11545.107769720,0,1
11545.110182986,0,0
11546.117784324,0,1
11546.120197592,0,0
11547.127798864,0,1
11547.130212130,0,0
11548.137813426,0,1
11548.140226692,0,0
11549.147827952,0,1
11549.150241218,0,0
11550.157842530,0,1
11550.159112266,1,1
11550.161744190,0,1
11550.161780046,0,0
11551.167857160,0,1
11551.170270176,0,0
11552.177871746,0,1
11552.180284764,0,0
11553.187886296,0,1
11553.190299312,0,0
11554.197900804,0,1
11554.200313820,0,0
11555.207915290,0,1
11555.210328556,0,0
11556.217929856,0,1
11556.220343122,0,0
11557.227944402,0,1
11557.230357668,0,0
11558.237958958,0,1
11558.240372224,0,0
11559.247973524,0,1
11559.250386790,0,0
11560.257988022,0,1
11560.259257714,1,1
11560.261889212,0,1
11560.261925286,0,0
11561.268002730,0,1
11561.270415748,0,0
11562.278017248,0,1
11562.280430264,0,0
11563.288031806,0,1
11563.290444822,0,0
11564.298046418,0,1
11564.300459436,0,0
11565.308060904,0,1
11565.310473922,0,0
11566.318075480,0,1
11566.320488496,0,0
11567.328090006,0,1
11567.330503022,0,0
11568.338104528,0,1
11568.340517544,0,0
11569.348119106,0,1
11569.350532120,0,0
11570.358133672,0,1
11570.359403214,1,1
11570.362035158,0,1
11570.362070686,0,0
11571.368148230,0,1
11571.370561246,0,0
11572.378162776,0,1
11572.380575792,0,0
11573.388177236,0,1
11573.390590502,0,0
11574.398191796,0,1
11574.400605062,0,0
11575.408206380,0,1
11575.410619648,0,0
11576.418220892,0,1
11576.420634160,0,0
11577.428235438,0,1
11577.430648704,0,0
11578.438249986,0,1
11578.440663252,0,0
11579.448264556,0,1
11579.450677824,0,0
11580.458279092,0,1
11580.459548722,1,1
11580.462180468,0,1
11580.462216358,0,0
11581.468293548,0,1
11581.470706814,0,0
11582.478308128,0,1
11582.480721394,0,0
11583.488322656,0,1
11583.490735922,0,0
11584.498337266,0,1
11584.500750534,0,0
11585.508351820,0,1
11585.510765086,0,0
11586.518366354,0,1
11586.520779620,0,0
11587.528380876,0,1
11587.530794142,0,0
11588.538395470,0,1
11588.540808736,0,0
11589.548409980,0,1
11589.550823248,0,0
11590.558424480,0,1
11590.559694130,1,1
11590.562326038,0,1
11590.562361746,0,0
11591.568439098,0,1
11591.570852114,0,0
11592.578453586,0,1
11592.580866854,0,0
11593.588468140,0,1
11593.590881406,0,0
11594.598482678,0,1
11594.600895946,0,0
11595.608497206,0,1
11595.610910472,0,0
11596.618511784,0,1
11596.620925052,0,0
11597.628526324,0,1
11597.630939590,0,0
11598.638540872,0,1
11598.640954138,0,0
11599.648555448,0,1
11599.650968714,0,0
11600.658569950,0,1
11600.659839694,1,1
11600.662471256,0,1
11600.662507466,0,0
11601.668584628,0,1
11601.670997644,0,0
11602.678599186,0,1
11602.681012202,0,0
11603.688613780,0,1
11603.691026796,0,0
11604.698628268,0,1
11604.701041286,0,0
11605.708642822,0,1
11605.711056088,0,0
11606.718657362,0,1
11606.721070628,0,0
11607.728671906,0,1
11607.731085172,0,0
11608.738686416,0,1
11608.741099682,0,0
11609.748700994,0,1
11609.751114262,0,0
11610.758715548,0,1
11610.759985188,1,1
11610.762616912,0,1
11610.762652814,0,0
11611.768730122,0,1
11611.771143138,0,0
11612.778744598,0,1
11612.781157866,0,0
11613.788759142,0,1
11613.791172410,0,0
11614.798773674,0,1
11614.801186940,0,0
11615.808788226,0,1
11615.811201492,0,0
11616.818802762,0,1
11616.821216028,0,0
11617.828817306,0,1
11617.831230574,0,0
11618.838831894,0,1
11618.841245160,0,0
11619.848846396,0,1
11619.850116036,1,1
11619.852747730,0,1
11619.852783660,0,0
11620.858860956,0,1
11620.861273972,0,0
11621.868875514,0,1
11621.871288530,0,0
11622.878890088,0,1
11622.881303104,0,0
11623.888904610,0,1
11623.891317626,0,0
11624.898919152,0,1
11624.901332168,0,0
11625.908933620,0,1
11625.911346886,0,0
11626.918948194,0,1
11626.921361460,0,0
11627.928962792,0,1
11627.931376058,0,0
11628.938977294,0,1
11628.941390562,0,0
11629.948991836,0,1
11629.950261582,1,1
11629.952893684,0,1
11629.952929352,0,0
11630.959006534,0,1
11630.961419550,0,0
11631.969021052,0,1
11631.971434070,0,0
11632.979035610,0,1
11632.981448626,0,0
11633.989050164,0,1
11633.991463180,0,0
11634.999064682,0,1
11635.001477948,0,0
11636.009079186,0,1
11636.011492452,0,0
11637.019093742,0,1
11637.021507008,0,0
11638.029108304,0,1
11638.031521572,0,0
11639.039122850,0,1
11639.041536118,0,0
11640.049137376,0,1
11640.050407050,1,1
11640.053038528,0,1
11640.053074640,0,0
11641.059152116,0,1
11641.061565132,0,0
11642.069166634,0,1
11642.071579652,0,0
11643.079181184,0,1
11643.081594202,0,0
11644.089195750,0,1
11644.091608766,0,0
11645.099210238,0,1
11645.101623254,0,0
11646.109224852,0,1
11646.111637868,0,0
11647.119239336,0,1
11647.121652602,0,0
11648.129253842,0,1
11648.131667108,0,0
11649.139268462,0,1
11649.141681728,0,0
11650.149282982,0,1
11650.150552606,1,1
11650.153184094,0,1
11650.153220246,0,0
11651.159297504,0,1
11651.161710520,0,0
11652.169312074,0,1
11652.171725090,0,0
11653.179326526,0,1
11653.181739792,0,0
11654.189341124,0,1
11654.191754392,0,0
11655.199355652,0,1
11655.201768918,0,0
11656.209370154,0,1
11656.211783420,0,0
11657.219384788,0,1
11657.221798054,0,0
11658.229399292,0,1
11658.231812558,0,0
11659.239413830,0,1
11659.241827096,0,0
11660.249428384,0,1
11660.250698090,1,1
11660.253329616,0,1
11660.253365898,0,0
11661.259443080,0,1
11661.261856098,0,0
11662.269457622,0,1
11662.271870638,0,0
11663.279472216,0,1
11663.281885232,0,0
11664.289486716,0,1
11664.291899732,0,0
11665.299501286,0,1
11665.301914302,0,0
11666.309515802,0,1
11666.311928820,0,0
11667.319530386,0,1
11667.321943404,0,0
11668.329544920,0,1
11668.331957936,0,0
11669.339559482,0,1
11669.341972500,0,0
11670.349574058,0,1
11670.350843560,1,1
11670.353475356,0,1
11670.353511324,0,0
11671.359588430,0,1
11671.362001446,0,0
11672.369602992,0,1
11672.372016010,0,0
11673.379617536,0,1
11673.382030552,0,0
11674.389632056,0,1
11674.392045074,0,0
11675.399646608,0,1
11675.402059624,0,0
11676.409661128,0,1
11676.412074394,0,0
11677.419675684,0,1
11677.422088950,0,0
11678.429690220,0,1
11678.432103486,0,0
11679.439704760,0,1
11679.442118028,0,0
11680.449719314,0,1
11680.450989156,1,1
11680.453621036,0,1
11680.453656830,0,0
11681.459734094,0,1
11681.462147110,0,0
11682.469748642,0,1
11682.472161658,0,0
11683.479763216,0,1
11683.482176232,0,0
11684.489777770,0,1
11684.492190788,0,0
11685.499792252,0,1
11685.502205268,0,0
11686.509806862,0,1
11686.512219878,0,0
11687.519821432,0,1
11687.522234448,0,0
11688.529835948,0,1
11688.532248964,0,0
11689.539850510,0,1
11689.542263526,0,0
11690.549865064,0,1
11690.551134576,1,1
11690.553766476,0,1
11690.553802330,0,0
11691.559879512,0,1
11691.562292528,0,0
11692.569894052,0,1
11692.572307068,0,0
11693.579908572,0,1
11693.582321590,0,0
11694.589923142,0,1
11694.592336158,0,0
11695.599937710,0,1
11695.602350726,0,0
11696.609952184,0,1
11696.612365200,0,0
11697.619966822,0,1
11697.622379838,0,0
11698.629981336,0,1
11698.632394354,0,0
11699.639995858,0,1
11699.642408876,0,0
11700.650010444,0,1
11700.651280092,1,1
11700.653911622,0,1
11700.653911630,1,1
11700.653911778,0,1
11700.653911784,1,1
11700.653912268,0,1
11700.653947710,0,0
11701.660024970,0,1
11701.662437988,0,0
11702.670039544,0,1
11702.672452560,0,0
11703.680054060,0,1
11703.682467076,0,0
11704.690068636,0,1
11704.692481652,0,0
11705.700083192,0,1
11705.702496210,0,0
11706.710097696,0,1
11706.712510712,0,0
11707.720112292,0,1
11707.722525308,0,0
11708.730126796,0,1
11708.732539814,0,0
11709.740141356,0,1
11709.742554374,0,0
11710.750155954,0,1
11710.751425646,1,1
11710.754057792,0,1
11710.754093218,0,0
11711.760170580,0,1
11711.762583598,0,0
11712.770185168,0,1
11712.772598184,0,0
11713.780199662,0,1
11713.782612678,0,0
11714.790214222,0,1
11714.792627238,0,0
11715.800228786,0,1
11715.802641802,0,0
11716.810243314,0,1
11716.812656330,0,0
11717.820257884,0,1
11717.822670900,0,0
11718.830272476,0,1
11718.832685492,0,0
11719.840287006,0,1
11719.841556582,1,1
11719.844188568,0,1
11719.844224270,0,0
11720.850301512,0,1
11720.852714528,0,0
11721.860316104,0,1
11721.862729120,0,0
11722.870330624,0,1
11722.872743642,0,0
11723.880345200,0,1
11723.882758216,0,0
11724.890359744,0,1
11724.892772760,0,0
11725.900374282,0,1
11725.902787298,0,0
11726.910388858,0,1
11726.912801874,0,0
11727.920403394,0,1
11727.922816410,0,0
11728.930417926,0,1
11728.932830942,0,0
11729.940432462,0,1
11729.941702108,1,1
11729.944333392,0,1
11729.944369726,0,0
11730.950447042,0,1
11730.952860058,0,0
11731.960461562,0,1
11731.962874578,0,0
11732.970476148,0,1
11732.972889164,0,0
11733.980490712,0,1
11733.982903730,0,0
11734.990505238,0,1
11734.992918254,0,0
11736.000519812,0,1
11736.002932828,0,0
11737.010534350,0,1
11737.012947366,0,0
11738.020548854,0,1
11738.022961872,0,0
11739.030563442,0,1
11739.032976458,0,0
11740.040578028,0,1
11740.041847596,1,1
11740.044479672,0,1
11740.044515294,0,0
11741.050592562,0,1
11741.053005578,0,0
11742.060607104,0,1
11742.063020120,0,0
11743.070621618,0,1
11743.073034634,0,0
11744.080636204,0,1
11744.083049220,0,0
11745.090650724,0,1
11745.093063740,0,0
11746.100665296,0,1
11746.103078314,0,0
11747.110679832,0,1
11747.113093100,0,0
11748.120694342,0,1
11748.123107610,0,0
11749.130708934,0,1
11749.133122200,0,0
11750.140723450,0,1
11750.141993140,1,1
11750.144625466,0,1
11750.144660716,0,0
11751.150738214,0,1
11751.153151230,0,0
11752.160752722,0,1
11752.163165740,0,0
11753.170767208,0,1
11753.173180224,0,0
11754.180781794,0,1
11754.183194812,0,0
11755.190796372,0,1
11755.193209390,0,0
11756.200810938,0,1
11756.203223956,0,0
11757.210825454,0,1
11757.213238470,0,0
11758.220840046,0,1
11758.223253064,0,0
11759.230854618,0,1
11759.233267884,0,0
11760.240869140,0,1
11760.242138598,1,1
11760.244770198,0,1
11760.244806406,0,0
11761.250883572,0,1
11761.253296590,0,0
11762.260898134,0,1
11762.263311152,0,0
11763.270912686,0,1
11763.273325702,0,0
11764.280927204,0,1
11764.283340220,0,0
11765.290941700,0,1
11765.293354966,0,0
11766.300956292,0,1
11766.303369558,0,0
11767.310970834,0,1
11767.313384100,0,0
11768.320985354,0,1
11768.323398620,0,0
11769.330999940,0,1
11769.333413206,0,0
11770.341014448,0,1
11770.342284226,1,1
11770.344915836,0,1
11770.344951964,0,0
11771.351029130,0,1
11771.353442146,0,0
11772.361043688,0,1
11772.363456704,0,0
11773.371058248,0,1
11773.373471264,0,0
11774.381072822,0,1
11774.383485838,0,0
11775.391087368,0,1
11775.393500384,0,0
11776.401101920,0,1
11776.403514936,0,0
11777.411116464,0,1
11777.413529480,0,0
11778.421130970,0,1
11778.423543988,0,0
11779.431145550,0,1
11779.433558566,0,0
11780.441160100,0,1
11780.442429676,1,1
11780.445061486,0,1
11780.445097366,0,0
11781.451174698,0,1
11781.453587714,0,0
11782.461189254,0,1
11782.463602270,0,0
11783.471203818,0,1
11783.473616834,0,0
11784.481218338,0,1
11784.483631354,0,0
11785.491232902,0,1
11785.493645918,0,0
11786.501247478,0,1
11786.503660494,0,0
11787.511261990,0,1
11787.513675006,0,0
11788.521276560,0,1
11788.523689576,0,0
11789.531291078,0,1
11789.533704094,0,0
11790.541305656,0,1
11790.542575198,1,1
11790.545206938,0,1
11790.545242922,0,0
11791.551320096,0,1
11791.553733112,0,0
11792.561334652,0,1
11792.563747668,0,0
11793.571349124,0,1
11793.573762392,0,0
11794.581363636,0,1
11794.583776902,0,0
11795.591378174,0,1
11795.593791440,0,0
11796.601392804,0,1
11796.603806070,0,0
11797.611407320,0,1
11797.613820588,0,0
11798.621421876,0,1
11798.623835142,0,0
11799.631436458,0,1
11799.633849724,0,0
11800.641450976,0,1
11800.642720778,1,1
11800.645353114,0,1
11800.645388240,0,0
11801.651465778,0,1
11801.653878794,0,0
11802.661480354,0,1
11802.663893370,0,0
11803.671494884,0,1
11803.673907900,0,0
11804.681509458,0,1
11804.683922474,0,0
11805.691523986,0,1
11805.693937004,0,0
11806.701538562,0,1
11806.703951580,0,0
11807.711553106,0,1
11807.713966124,0,0
11808.721567712,0,1
11808.723980728,0,0
11809.731582242,0,1
11809.733995260,0,0
11810.741596726,0,1
11810.742866172,1,1
11810.745497896,0,1
11810.745533742,0,0
11811.751611226,0,1
11811.754024244,0,0
11812.761625716,0,1
11812.764038734,0,0
11813.771640284,0,1
11813.774053300,0,0
11814.781654868,0,1
11814.784067886,0,0
11815.791669336,0,1
11815.794082602,0,0
11816.801683872,0,1
11816.804097140,0,0
11817.811698440,0,1
11817.814111706,0,0
11818.821713052,0,1
11818.824126320,0,0
11819.831727532,0,1
11819.832997220,1,1
11819.835629460,0,1
11819.835664798,0,0
11820.841742260,0,1
11820.844155276,0,0
11821.851756806,0,1
11821.854169824,0,0
11822.861771380,0,1
11822.864184396,0,0
11823.871785950,0,1
11823.874198966,0,0
11824.881800492,0,1
11824.884213508,0,0
11825.891814962,0,1
11825.894227978,0,0
11826.901829548,0,1
11826.904242566,0,0
11827.911844084,0,1
11827.914257100,0,0
11828.921858674,0,1
11828.924271690,0,0
11829.931873196,0,1
11829.933142628,1,1
11829.935774640,0,1
11829.935810210,0,0
11830.941887630,0,1
11830.944300646,0,0
11831.951902098,0,1
11831.954315364,0,0
11832.961916678,0,1
11832.964329944,0,0
11833.971931236,0,1
11833.974344502,0,0
11834.981945796,0,1
11834.984359064,0,0
11835.991960302,0,1
11835.994373570,0,0
11837.001974878,0,1
11837.004388144,0,0
11838.011989404,0,1
11838.014402670,0,0
11839.022003974,0,1
11839.024417240,0,0
11840.032018556,0,1
11840.033288206,1,1
11840.035919794,0,1
11840.035955820,0,0
11841.042033070,0,1
11841.044446086,0,0
11842.052047644,0,1
11842.054460660,0,0
11843.062062142,0,1
11843.064475408,0,0
11844.072076666,0,1
11844.074489932,0,0
11845.082091240,0,1
11845.084504506,0,0
11846.092105774,0,1
11846.094519040,0,0
11847.102120338,0,1
11847.104533604,0,0
11848.112134850,0,1
11848.114548118,0,0
11849.122149438,0,1
11849.124562704,0,0
11850.132163972,0,1
11850.133433706,1,1
11850.136065634,0,1
11850.136101236,0,0
11851.142178648,0,1
11851.144591664,0,0
11852.152193168,0,1
11852.154606434,0,0
11853.162207722,0,1
11853.164620988,0,0
11854.172222260,0,1
11854.174635526,0,0
11855.182236780,0,1
11855.184650046,0,0
11856.192251394,0,1
11856.194664660,0,0
11857.202265902,0,1
11857.204679170,0,0
11858.212280480,0,1
11858.214693746,0,0
11859.222295046,0,1
11859.224708312,0,0
11860.232309554,0,1
11860.233579190,1,1
11860.236210878,0,1
11860.236246820,0,0
11861.242324152,0,1
11861.244737170,0,0
11862.252338594,0,1
11862.254751860,0,0
11863.262353140,0,1
11863.264766408,0,0
11864.272367704,0,1
11864.274780972,0,0
11865.282382300,0,1
11865.284795566,0,0
11866.292396824,0,1
11866.294810090,0,0
11867.302411364,0,1
11867.304824630,0,0
11868.312425886,0,1
11868.314839154,0,0
11869.322440442,0,1
11869.324853708,0,0
11870.332455040,0,1
11870.333724732,1,1
11870.336356464,0,1
11870.336392306,0,0
11871.342469684,0,1
11871.344882700,0,0
11872.352484260,0,1
11872.354897276,0,0
11873.362498790,0,1
11873.364911806,0,0
11874.372513358,0,1
11874.374926374,0,0
11875.382527866,0,1
11875.384940882,0,0
11876.392542412,0,1
11876.394955428,0,0
11877.402557010,0,1
11877.404970028,0,0
11878.412571556,0,1
11878.414984572,0,0
11879.422586108,0,1
11879.424999124,0,0
11880.432600680,0,1
11880.433870226,1,1
11880.436502296,0,1
11880.436537694,0,0
11881.442615130,0,1
11881.445028398,0,0
11882.452629686,0,1
11882.455042952,0,0
11883.462644244,0,1
11883.465057510,0,0
11884.472658768,0,1
11884.475072036,0,0
11885.482673370,0,1
11885.485086636,0,0
11886.492687898,0,1
11886.495101164,0,0
11887.502702432,0,1
11887.505115698,0,0
11888.512717020,0,1
11888.515130036,0,0
11889.522731546,0,1
11889.525144562,0,0
11890.532746110,0,1
11890.534015722,1,1
11890.536647584,0,1
11890.536683374,0,0
11891.542760706,0,1
11891.545173722,0,0
11892.552775264,0,1
11892.555188280,0,0
11893.562789696,0,1
11893.565202960,0,0
11894.572804240,0,1
11894.575217506,0,0
11895.582818786,0,1
11895.585232052,0,0
11896.592833406,0,1
11896.595246674,0,0
11897.602847920,0,1
11897.605261186,0,0
11898.612862442,0,1
11898.615275708,0,0
11899.622876992,0,1
11899.625290258,0,0
11900.632891594,0,1
11900.634161222,1,1
11900.636792658,0,1
11900.636828858,0,0
11901.642906050,0,1
11901.645319316,0,0
11902.652920600,0,1
11902.655333866,0,0
11903.662935148,0,1
11903.665348414,0,0
11904.672949694,0,1
11904.675362960,0,0
11905.682964230,0,1
11905.685377496,0,0
11906.692978780,0,1
11906.695392046,0,0
11907.702993342,0,1
11907.705406610,0,0
11908.713007938,0,1
11908.715421204,0,0
11909.723022438,0,1
11909.725435704,0,0
11910.733037002,0,1
11910.734306634,1,1
11910.736938114,0,1
11910.736974268,0,0
11911.743051546,0,1
11911.745464562,0,0
11912.753066054,0,1
11912.755479322,0,0
11913.763080596,0,1
11913.765493862,0,0
11914.773095094,0,1
11914.775508360,0,0
11915.783109720,0,1
11915.785522986,0,0
11916.793124226,0,1
11916.795537494,0,0
11917.803138810,0,1
11917.805552076,0,0
11918.813153360,0,1
11918.815566626,0,0
11919.823167838,0,1
11919.824437606,1,1
11919.827069412,0,1
11919.827105104,0,0
11920.833182542,0,1
11920.835595560,0,0
11921.843197106,0,1
11921.845610124,0,0
11922.853211692,0,1
11922.855624710,0,0
11923.863226192,0,1
11923.865639208,0,0
11924.873240798,0,1
11924.875653814,0,0
11925.883255266,0,1
11925.885668532,0,0
11926.893269822,0,1
11926.895683088,0,0
11927.903284324,0,1
11927.905697590,0,0
11928.913298902,0,1
11928.915712168,0,0
11929.923313424,0,1
11929.924583096,1,1
11929.927214840,0,1
11929.927250688,0,0
11930.933328096,0,1
11930.935741112,0,0
11931.943342664,0,1
11931.945755680,0,0
11932.953357198,0,1
11932.955770216,0,0
11933.963371774,0,1
11933.965784790,0,0
11934.973386252,0,1
11934.975799520,0,0
11935.983400772,0,1
11935.985814038,0,0
11936.993415354,0,1
11936.995828620,0,0
11938.003429896,0,1
11938.005843164,0,0
11939.013444468,0,1
11939.015857734,0,0
11940.023458986,0,1
11940.024728598,1,1
11940.027360156,0,1
11940.027396252,0,0
11941.033473566,0,1
11941.035886584,0,0
11942.043488110,0,1
11942.045901126,0,0
11943.053502650,0,1
11943.055915666,0,0
11944.063517210,0,1
11944.065930226,0,0
11945.073531758,0,1
11945.075944774,0,0
11946.083546282,0,1
11946.085959298,0,0
11947.093560780,0,1
11947.095974048,0,0
11948.103575336,0,1
11948.105988602,0,0
11949.113589818,0,1
11949.116003084,0,0
11950.123604394,0,1
11950.124874058,1,1
11950.127505650,0,1
11950.127541660,0,0
11951.133619074,0,1
11951.136032090,0,0
11952.143633606,0,1
11952.146046622,0,0
11953.153648158,0,1
11953.156061174,0,0
11954.163662754,0,1
11954.166075772,0,0
11955.173677218,0,1
11955.176090484,0,0
11956.183691750,0,1
11956.186105016,0,0
11957.193706266,0,1
11957.196119532,0,0
11958.203720916,0,1
11958.206134182,0,0
11959.213735474,0,1
11959.216148740,0,0
11960.223750000,0,1
11960.225019568,1,1
11960.227651320,0,1
11960.227687266,0,0
11961.233764538,0,1
11961.236177554,0,0
11962.243779104,0,1
11962.246192120,0,0
11963.253793680,0,1
11963.256206696,0,0
11964.263808152,0,1
11964.266221420,0,0
11965.273822688,0,1
11965.276235954,0,0
11966.283837208,0,1
11966.286250476,0,0
11967.293851750,0,1
11967.296265016,0,0
11968.303866362,0,1
11968.306279628,0,0
11969.313880848,0,1
11969.316294114,0,0
11970.323895408,0,1
11970.325164984,1,1
11970.327797076,0,1
11970.327832674,0,0
11971.333909962,0,1
11971.336322978,0,0
11972.343924516,0,1
11972.346337532,0,0
11973.353939022,0,1
11973.356352288,0,0
11974.363953538,0,1
11974.366366804,0,0
11975.373968106,0,1
11975.376381372,0,0
11976.383982658,0,1
11976.386395924,0,0
11977.393997190,0,1
11977.396410456,0,0
11978.404011742,0,1
11978.406425008,0,0
11979.414026304,0,1
11979.416439570,0,0
11980.424040844,0,1
11980.425310508,1,1
11980.427942170,0,1
11980.427978110,0,0
11981.434055398,0,1
11981.436468416,0,0
11982.444069998,0,1
11982.446483016,0,0
11983.454084492,0,1
11983.456497760,0,0
11984.464098976,0,1
11984.466512242,0,0
11985.474113550,0,1
11985.476526816,0,0
11986.484128092,0,1
11986.486541358,0,0
11987.494142616,0,1
11987.496555882,0,0
11988.504157174,0,1
11988.506570440,0,0
11989.514171750,0,1
11989.516585016,0,0
11990.524186304,0,1
11990.525455942,1,1
11990.528087454,0,1
11990.528090088,1,1
11990.528090094,0,1
11990.528123568,0,0
11991.534200828,0,1
11991.536613844,0,0
11992.544215314,0,1
11992.546628582,0,0
11993.554229890,0,1
11993.556643158,0,0
11994.564244448,0,1
11994.566657714,0,0
11995.574259016,0,1
11995.576672284,0,0
11996.584273506,0,1
11996.586686774,0,0
11997.594288076,0,1
11997.596701342,0,0
11998.604302618,0,1
11998.606715884,0,0
11999.614317170,0,1
11999.616730438,0,0
12000.624331694,0,1
12000.625601406,1,1
12000.628233212,0,1
12000.628269208,0,0
12001.634346450,0,1
12001.636759466,0,0
12002.644360900,0,1
12002.646773918,0,0
12003.654375486,0,1
12003.656788502,0,0
12004.664390000,0,1
12004.666803268,0,0
12005.674404560,0,1
12005.676817826,0,0
12006.684419076,0,1
12006.686832344,0,0
12007.694433662,0,1
12007.696846928,0,0
12008.704448214,0,1
12008.706861482,0,0
12009.714462760,0,1
12009.716876026,0,0
12010.724477288,0,1
12010.725746866,1,1
12010.728378816,0,1
12010.728414552,0,0
12011.734491802,0,1
12011.736904820,0,0
12012.744506344,0,1
12012.746919610,0,0
12013.754520846,0,1
12013.756934112,0,0
12014.764535416,0,1
12014.766948682,0,0
12015.774549970,0,1
12015.776963236,0,0
12016.784564506,0,1
12016.786977774,0,0
12017.794579074,0,1
12017.796992340,0,0
12018.804593618,0,1
12018.807006884,0,0
12019.814608196,0,1
12019.815877800,1,1
12019.818509874,0,1
12019.818545462,0,0
12020.824622632,0,1
12020.827035900,0,0
12021.834637190,0,1
12021.837050456,0,0
12022.844651718,0,1
12022.847064984,0,0
12023.854666288,0,1
12023.857079554,0,0
12024.864680796,0,1
12024.867094062,0,0
12025.874695404,0,1
12025.877108670,0,0
12026.884709938,0,1
12026.887123204,0,0
12027.894724460,0,1
12027.897137726,0,0
12028.904739038,0,1
12028.907152306,0,0
12029.914753622,0,1
12029.916023304,1,1
12029.918655048,0,1
12029.918690888,0,0
12030.924768272,0,1
12030.927181290,0,0
12031.934782726,0,1
12031.937195992,0,0
12032.944797282,0,1
12032.947210548,0,0
12033.954811852,0,1
12033.957225118,0,0
12034.964826408,0,1
12034.967239674,0,0
12035.974840914,0,1
12035.977254182,0,0
12036.984855520,0,1
12036.987268786,0,0
12037.994870030,0,1
12037.997283296,0,0
12039.004884608,0,1
12039.007297876,0,0
12040.014899118,0,1
12040.016168730,1,1
12040.018800874,0,1
12040.018836382,0,0
12041.024913710,0,1
12041.027326728,0,0
12042.034928124,0,1
12042.037341390,0,0
12043.044942722,0,1
12043.047355990,0,0
12044.054957278,0,1
12044.057370544,0,0
12045.064971760,0,1
12045.067385026,0,0
12046.074986296,0,1
12046.077399562,0,0
12047.085000906,0,1
12047.087414172,0,0
12048.095015478,0,1
12048.097428744,0,0
12049.105029988,0,1
12049.107443254,0,0
12050.115044554,0,1
12050.116314128,1,1
12050.118945420,0,1
12050.118981820,0,0
12051.125059122,0,1
12051.127472138,0,0
12052.135073562,0,1
12052.137486828,0,0
12053.145088106,0,1
12053.147501372,0,0
12054.155102714,0,1
12054.157515980,0,0
12055.165117272,0,1
12055.167530538,0,0
12056.175131760,0,1
12056.177545026,0,0
12057.185146310,0,1
12057.187559578,0,0
12058.195160818,0,1
12058.197574084,0,0
12059.205175454,0,1
12059.207588720,0,0
12060.215189912,0,1
12060.216459608,1,1
12060.219091552,0,1
12060.219127178,0,0
12061.225204640,0,1
12061.227617656,0,0
12062.235219188,0,1
12062.237632204,0,0
12063.245233650,0,1
12063.247646918,0,0
12064.255248218,0,1
12064.257661484,0,0
12065.265262754,0,1
12065.267676022,0,0
12066.275277268,0,1
12066.277690534,0,0
12067.285291800,0,1
12067.287705066,0,0
12068.295306382,0,1
12068.297719648,0,0
12069.305320964,0,1
12069.307734232,0,0
12070.315335470,0,1
12070.316605014,1,1
12070.319236694,0,1
12070.319272736,0,0
12071.325350022,0,1
12071.327763040,0,0
12072.335364484,0,1
12072.337777752,0,0
12073.345379048,0,1
12073.347792314,0,0
12074.355393578,0,1
12074.357806844,0,0
12075.365408168,0,1
12075.367821436,0,0
12076.375422704,0,1
12076.377835972,0,0
12077.385437198,0,1
12077.387850464,0,0
12078.395451802,0,1
12078.397865068,0,0
12079.405466334,0,1
12079.407879600,0,0
12080.415480866,0,1
12080.416750532,1,1
12080.419382634,0,1
12080.419418130,0,0
12081.425495484,0,1
12081.427908500,0,0
12082.435510084,0,1
12082.437923100,0,0
12083.445524590,0,1
12083.447937858,0,0
12084.455539106,0,1
12084.457952372,0,0
12085.465553630,0,1
12085.467966896,0,0
12086.475568216,0,1
12086.477981482,0,0
12087.485582798,0,1
12087.487996064,0,0
12088.495597288,0,1
12088.498010554,0,0
12089.505611812,0,1
12089.508025078,0,0
12090.515626382,0,1
12090.516895930,1,1
12090.519528014,0,1
12090.519563396,0,0
12091.525640918,0,1
12091.528053934,0,0
12092.535655470,0,1
12092.538068486,0,0
12093.545669922,0,1
12093.548083190,0,0
12094.555684494,0,1
12094.558097760,0,0
12095.565698998,0,1
12095.568112266,0,0
12096.575713540,0,1
12096.578126808,0,0
12097.585728124,0,1
12097.588141390,0,0
12098.595742658,0,1
12098.598155924,0,0
12099.605757264,0,1
12099.608170530,0,0
12100.615771788,0,1
12100.617041328,1,1
12100.619673252,0,1
12100.619709054,0,0
12101.625786254,0,1
12101.628199270,0,0
12102.635800702,0,1
12102.638213970,0,0
12103.645815232,0,1
12103.648228498,0,0
12104.655829818,0,1
12104.658243084,0,0
12105.665844332,0,1
12105.668257598,0,0
12106.675858894,0,1
12106.678272160,0,0
12107.685873402,0,1
12107.688286668,0,0
12108.695887948,0,1
12108.698301214,0,0
12109.705902550,0,1
12109.708315816,0,0
12110.715917048,0,1
12110.717186782,1,1
12110.719818506,0,1
12110.719854564,0,0
12111.725931764,0,1
12111.728344780,0,0
12112.735946230,0,1
12112.738359496,0,0
12113.745960742,0,1
12113.748374008,0,0
12114.755975310,0,1
12114.758388576,0,0
12115.765989846,0,1
12115.768403114,0,0
12116.776004418,0,1
12116.778417684,0,0
12117.786018946,0,1
12117.788432212,0,0
12118.796033480,0,1
12118.798446746,0,0
12119.806048056,0,1
12119.807317604,1,1
12119.809949430,0,1
12119.809985322,0,0
12120.816062592,0,1
12120.818475608,0,0
12121.826077036,0,1
12121.828490302,0,0
12122.836091624,0,1
12122.838504890,0,0
12123.846106148,0,1
12123.848519414,0,0
12124.856120700,0,1
12124.858533966,0,0
12125.866135284,0,1
12125.868548552,0,0
12126.876149812,0,1
12126.878563080,0,0
12127.886164286,0,1
12127.888577552,0,0
12128.896178900,0,1
12128.898592168,0,0
12129.906193456,0,1
12129.907463094,1,1
12129.910094874,0,1
12129.910130722,0,0
12130.916207962,0,1
12130.918620978,0,0
12131.926222446,0,1
12131.928635712,0,0
12132.936237024,0,1
12132.938650290,0,0
12133.946251544,0,1
12133.948664810,0,0
12134.956266108,0,1
12134.958679374,0,0
12135.966280678,0,1
12135.968693944,0,0
12136.976295202,0,1
12136.978708468,0,0
12137.986309752,0,1
12137.988723018,0,0
12138.996324232,0,1
12138.998737498,0,0
12140.006338814,0,1
12140.007608486,1,1
12140.010240268,0,1
12140.010276080,0,0
12141.016353494,0,1
12141.018766512,0,0
12142.026367994,0,1
12142.028781260,0,0
12143.036382538,0,1
12143.038795804,0,0
12144.046397074,0,1
12144.048810340,0,0
12145.056411664,0,1
12145.058824930,0,0
12146.066426208,0,1
12146.068839474,0,0
12147.076440734,0,1
12147.078854000,0,0
12148.086455272,0,1
12148.088868538,0,0
12149.096469814,0,1
12149.098883080,0,0
12150.106484352,0,1
12150.107753874,1,1
12150.110385564,0,1
12150.110421618,0,0
12151.116498720,0,1
12151.118911986,0,0
12152.126513242,0,1
12152.128926508,0,0
12153.136527800,0,1
12153.138941066,0,0
12154.146542350,0,1
12154.148955616,0,0
12155.156556886,0,1
12155.158970154,0,0
12156.166571446,0,1
12156.168984712,0,0
12157.176585990,0,1
12157.178999006,0,0
12158.186600524,0,1
12158.189013540,0,0
12159.196615050,0,1
12159.199028066,0,0
12160.206629592,0,1
12160.207899374,1,1
12160.210531110,0,1
12160.210567108,0,0
12161.216644254,0,1
12161.219057520,0,0
12162.226658802,0,1
12162.229072068,0,0
12163.236673304,0,1
12163.239086570,0,0
12164.246687892,0,1
12164.249101158,0,0
12165.256702390,0,1
12165.259115656,0,0
12166.266716950,0,1
12166.269130216,0,0
12167.276731506,0,1
12167.279144522,0,0
12168.286746022,0,1
12168.289159038,0,0
12169.296760604,0,1
12169.299173620,0,0
12170.306775142,0,1
12170.308044792,1,1
12170.310676502,0,1
12170.310712408,0,0
12171.316789646,0,1
12171.319202912,0,0
12172.326804194,0,1
12172.329217460,0,0
12173.336818720,0,1
12173.339231986,0,0
12174.346833238,0,1
12174.349246254,0,0
12175.356847816,0,1
12175.359260832,0,0
12176.366862406,0,1
12176.369275424,0,0
12177.376876884,0,1
12177.379289900,0,0
12178.386891414,0,1
12178.389304432,0,0
12179.396906012,0,1
12179.399319030,0,0
12180.406920542,0,1
12180.408190216,1,1
12180.410822138,0,1
12180.410857806,0,0
12181.416935184,0,1
12181.419348200,0,0
12182.426949756,0,1
12182.429362772,0,0
12183.436964278,0,1
12183.439377294,0,0
12184.446978800,0,1
12184.449392068,0,0
12185.456993324,0,1
12185.459406590,0,0
12186.467007884,0,1
12186.469421150,0,0
12187.477022430,0,1
12187.479435696,0,0
12188.487036916,0,1
12188.489450182,0,0
12189.497051542,0,1
12189.499464808,0,0
12190.507066002,0,1
12190.508335576,1,1
12190.510967706,0,1
12190.511003268,0,0
12191.517080602,0,1
12191.519493618,0,0
12192.527095054,0,1
12192.529508322,0,0
12193.537109586,0,1
12193.539522852,0,0
12194.547124136,0,1
12194.549537402,0,0
12195.557138762,0,1
12195.559552030,0,0
12196.567153270,0,1
12196.569566538,0,0
12197.577167806,0,1
12197.579581072,0,0
12198.587182342,0,1
12198.589595608,0,0
12199.597196900,0,1
12199.599610166,0,0
12200.607211460,0,1
12200.608480960,1,1
12200.611112690,0,1
12200.611148474,0,0
12201.617225804,0,1
12201.619639070,0,0
12202.627240322,0,1
12202.629653590,0,0
12203.637254880,0,1
12203.639668146,0,0
12204.647269348,0,1
12204.649682616,0,0
12205.657283924,0,1
12205.659697190,0,0
12206.667298486,0,1
12206.669711754,0,0
12207.677313026,0,1
12207.679726294,0,0
12208.687327546,0,1
12208.689740564,0,0
12209.697342106,0,1
12209.699755122,0,0
12210.707356652,0,1
12210.708626406,1,1
12210.711257702,0,1
12210.711294168,0,0
12211.717371242,0,1
12211.719784508,0,0
12212.727385812,0,1
12212.729799078,0,0
12213.737400346,0,1
12213.739813612,0,0
12214.747414874,0,1
12214.749828140,0,0
12215.757429412,0,1
12215.759842678,0,0
12216.767443996,0,1
12216.769857262,0,0
12217.777458496,0,1
12217.779871762,0,0
12218.787473050,0,1
12218.789886316,0,0
12219.797487612,0,1
12219.799900880,0,0
12220.807502144,0,1
12220.808771756,1,1
12220.811403850,0,1
12220.811439410,0,0
12221.817516654,0,1
12221.819929920,0,0
12222.827531188,0,1
12222.829944454,0,0
12223.837545736,0,1
12223.839959002,0,0
12224.847560304,0,1
12224.849973570,0,0
12225.857574844,0,1
12225.859988112,0,0
12226.867589418,0,1
12226.870002684,0,0
12227.877603908,0,1
12227.880017174,0,0
12228.887618442,0,1
12228.890031458,0,0
12229.897632984,0,1
12229.898902684,1,1
12229.901534252,0,1
12229.901570498,0,0
12230.907647624,0,1
12230.910060640,0,0
12231.917662204,0,1
12231.920075220,0,0
12232.927676676,0,1
12232.930089944,0,0
12233.937691248,0,1
12233.940104514,0,0
12234.947705726,0,1
12234.950118992,0,0
12235.957720282,0,1
12235.960133550,0,0
12236.967734794,0,1
12236.970148060,0,0
12237.977749368,0,1
12237.980162634,0,0
12238.987763916,0,1
12238.990177182,0,0
12239.997778426,0,1
12239.999048028,1,1
12240.001679562,0,1
12240.001715690,0,0
12241.007792958,0,1
12241.010206226,0,0
12242.017807516,0,1
12242.020220784,0,0
12243.027822040,0,1
12243.030235306,0,0
12244.037836570,0,1
12244.040249836,0,0
12245.047851084,0,1
12245.050264102,0,0
12246.057865628,0,1
12246.060278644,0,0
12247.067880212,0,1
12247.070293230,0,0
12248.077894728,0,1
12248.080307744,0,0
12249.087909298,0,1
12249.090322314,0,0
12250.097923876,0,1
12250.099193532,1,1
12250.101825266,0,1
12250.101861142,0,0
12251.107938350,0,1
12251.110351366,0,0
12252.117952858,0,1
12252.120366124,0,0
12253.127967394,0,1
12253.130380662,0,0
12254.137981938,0,1
12254.140395204,0,0
12255.147996512,0,1
12255.150409778,0,0
12256.158011008,0,1
12256.160424276,0,0
12257.168025560,0,1
12257.170438826,0,0
12258.178040090,0,1
12258.180453356,0,0
12259.188054696,0,1
12259.190467962,0,0
12260.198069194,0,1
12260.199338884,1,1
12260.201970606,0,1
12260.202006458,0,0
12261.208083898,0,1
12261.210496914,0,0
12262.218098338,0,1
12262.220511604,0,0
12263.228112908,0,1
12263.230526174,0,0
12264.238127412,0,1
12264.240540678,0,0
12265.248141986,0,1
12265.250555252,0,0
12266.258156512,0,1
12266.260569778,0,0
12267.268171062,0,1
12267.270584328,0,0
12268.278185600,0,1
12268.280598866,0,0
12269.288200152,0,1
12269.290613418,0,0
12270.298214652,0,1
12270.299484296,1,1
12270.302115904,0,1
12270.302151918,0,0
12271.308229254,0,1
12271.310642272,0,0
12272.318243706,0,1
12272.320656972,0,0
12273.328258268,0,1
12273.330671536,0,0
12274.338272816,0,1
12274.340686082,0,0
12275.348287356,0,1
12275.350700622,0,0
12276.358301870,0,1
12276.360715136,0,0
12277.368316442,0,1
12277.370729708,0,0
12278.378330968,0,1
12278.380744236,0,0
12279.388345496,0,1
12279.390758762,0,0
12280.398360084,0,1
12280.399629730,1,1
12280.402261542,0,1
12280.402297350,0,0
12281.408374560,0,1
12281.410787578,0,0
12282.418389156,0,1
12282.420802172,0,0
12283.428403630,0,1
12283.430816896,0,0
12284.438418172,0,1
12284.440831438,0,0
12285.448432726,0,1
12285.450845992,0,0
12286.458447246,0,1
12286.460860512,0,0
12287.468461802,0,1
12287.470875068,0,0
12288.478476370,0,1
12288.480889636,0,0
12289.488490908,0,1
12289.490904174,0,0
12290.498505428,0,1
12290.499775094,1,1
12290.502406824,0,1
12290.502442694,0,0
12291.508520072,0,1
12291.510933090,0,0
12292.518534566,0,1
12292.520947832,0,0
12293.528549090,0,1
12293.530962356,0,0
12294.538563642,0,1
12294.540976908,0,0
12295.548578180,0,1
12295.550991446,0,0
12296.558592764,0,1
12296.561006030,0,0
12297.568607262,0,1
12297.571020528,0,0
12298.578621788,0,1
12298.581035056,0,0
12299.588636382,0,1
12299.591049648,0,0
12300.598650936,0,1
12300.599920510,1,1
12300.602552680,0,1
12300.602588202,0,0
12301.608665474,0,1
12301.611078490,0,0
12302.618679970,0,1
12302.621092986,0,0
12303.628694484,0,1
12303.631107752,0,0
12304.638709004,0,1
12304.641122270,0,0
12305.648723530,0,1
12305.651136796,0,0
12306.658738110,0,1
12306.661151378,0,0
12307.668752606,0,1
12307.671165872,0,0
12308.678767176,0,1
12308.681180442,0,0
12309.688781708,0,1
12309.691194976,0,0
12310.698796238,0,1
12310.700065950,1,1
12310.702697730,0,1
12310.702733502,0,0
12311.708810910,0,1
12311.711223926,0,0
12312.718825440,0,1
12312.721238706,0,0
12313.728839968,0,1
12313.731253234,0,0
12314.738854524,0,1
12314.741267790,0,0
12315.748869094,0,1
12315.751282360,0,0
12315.810182604,1,0
12315.810922646,0,0
12315.811907468,1,0
12315.812523334,0,0
12316.758883580,0,1
12316.761296848,0,0
12317.768898116,0,1
12317.771311384,0,0
12318.778912708,0,1
12318.781325974,0,0
12319.788927252,0,1
12319.791340520,0,0
12320.798941776,0,1
12320.800211306,1,1
12320.802842714,0,1
12320.802879042,0,0
12321.808956176,0,1
12321.811369192,0,0
12322.818970682,0,1
12322.821383948,0,0
12323.828985196,0,1
12323.831398462,0,0
12324.838999798,0,1
12324.841413064,0,0
12325.849014318,0,1
12325.851427584,0,0
12326.859028858,0,1
12326.861442124,0,0
12327.869043374,0,1
12327.871456640,0,0
12328.879057952,0,1
12328.881471218,0,0
12329.889072484,0,1
12329.890342184,1,1
12329.892974010,0,1
12329.893010000,0,0
12330.899087118,0,1
12330.901500134,0,0
12331.909101686,0,1
12331.911514704,0,0
12332.919116206,0,1
12332.921529472,0,0
12333.929130692,0,1
12333.931543958,0,0
12334.939145260,0,1
12334.941558526,0,0
12335.949159768,0,1
12335.951573036,0,0
12336.959174352,0,1
12336.961587618,0,0
12337.969188892,0,1
12337.971602158,0,0
12338.979203410,0,1
12338.981616678,0,0
12339.989217948,0,1
12339.990487536,1,1
12339.993119232,0,1
12339.993155214,0,0
12340.999232484,0,1
12341.001645500,0,0
12342.009246972,0,1
12342.011660238,0,0
12343.019261514,0,1
12343.021674782,0,0
12344.029276068,0,1
12344.031689334,0,0
12345.039290644,0,1
12345.041703912,0,0
12346.049305112,0,1
12346.051718378,0,0
12347.059319754,0,1
12347.061733020,0,0
12348.069334260,0,1
12348.071747526,0,0
12349.079348772,0,1
12349.081762038,0,0
12350.089363366,0,1
12350.090632988,1,1
12350.093264354,0,1
12350.093300632,0,0
12351.099377846,0,1
12351.101790862,0,0
12352.109392340,0,1
12352.111805606,0,0
12353.119406880,0,1
12353.121820148,0,0
12354.129421438,0,1
12354.131834704,0,0
12355.139436000,0,1
12355.141849266,0,0
12356.149450490,0,1
12356.151863758,0,0
12357.159465086,0,1
12357.161878352,0,0
12358.169479598,0,1
12358.171892866,0,0
12359.179494166,0,1
12359.181907432,0,0
12360.189508666,0,1
12360.190778278,1,1
12360.193409642,0,1
12360.193445932,0,0
12361.199523188,0,1
12361.201936204,0,0
12362.209537686,0,1
12362.211950952,0,0
12363.219552246,0,1
12363.221965512,0,0
12364.229566766,0,1
12364.231980032,0,0
12365.239581290,0,1
12365.241994556,0,0
12366.249595840,0,1
12366.252009106,0,0
12367.259610374,0,1
12367.262023640,0,0
12368.269624920,0,1
12368.272038186,0,0
12369.279639412,0,1
12369.282052678,0,0
12370.289654002,0,1
12370.290923752,1,1
12370.293555448,0,1
12370.293591518,0,0
12371.299668562,0,1
12371.302081828,0,0
12372.309683146,0,1
12372.312096412,0,0
12373.319697680,0,1
12373.322110946,0,0
12374.329712196,0,1
12374.332125464,0,0
12375.339726748,0,1
12375.342140014,0,0
12376.349741292,0,1
12376.352154560,0,0
12377.359755872,0,1
12377.362169138,0,0
12378.369770386,0,1
12378.372183652,0,0
12379.379784902,0,1
12379.382198170,0,0
12380.389799454,0,1
12380.391069098,1,1
12380.393701012,0,1
12380.393736720,0,0
12381.399814010,0,1
12381.402227026,0,0
12382.409828518,0,1
12382.412241784,0,0
12383.419843034,0,1
12383.422256300,0,0
12384.429857582,0,1
12384.432270848,0,0
12385.439872140,0,1
12385.442285156,0,0
12386.449886638,0,1
12386.452299654,0,0
12387.459901266,0,1
12387.462314282,0,0
12388.469915744,0,1
12388.472328760,0,0
12389.479930300,0,1
12389.482343316,0,0
12390.489944838,0,1
12390.491214482,1,1
12390.493846260,0,1
12390.493882104,0,0
12391.499959330,0,1
12391.502372598,0,0
12392.509973894,0,1
12392.512387160,0,0
12393.519988378,0,1
12393.522401644,0,0
12394.530002936,0,1
12394.532416202,0,0
12395.540017494,0,1
12395.542430760,0,0
12396.550031972,0,1
12396.552445238,0,0
12397.560046510,0,1
12397.562459776,0,0
12398.570061104,0,1
12398.572474120,0,0
12399.580075592,0,1
12399.582488608,0,0
12400.590090148,0,1
12400.591359802,1,1
12400.593991402,0,1
12400.594027414,0,0
12401.600104706,0,1
12401.602517722,0,0
12402.610119214,0,1
12402.612532480,0,0
12403.620133708,0,1
12403.622546974,0,0
12404.630148250,0,1
12404.632561516,0,0
12405.640162762,0,1
12405.642576028,0,0
12406.650177338,0,1
12406.652590604,0,0
12407.660191862,0,1
12407.662605128,0,0
12408.670206434,0,1
12408.672619700,0,0
12409.680220956,0,1
12409.682634224,0,0
12410.690235490,0,1
12410.691505174,1,1
12410.694136720,0,1
12410.694172754,0,0
12411.700250112,0,1
12411.702663128,0,0
12412.710264670,0,1
12412.712677938,0,0
12413.720279190,0,1
12413.722692456,0,0
12414.730293672,0,1
12414.732706938,0,0
12415.740308242,0,1
12415.742721508,0,0
12416.750322752,0,1
12416.752736018,0,0
12417.760337344,0,1
12417.762750612,0,0
12418.770351830,0,1
12418.772765096,0,0
12419.780366382,0,1
12419.782779648,0,0
12420.790380910,0,1
12420.791650554,1,1
12420.794282456,0,1
12420.794318176,0,0
12421.800395514,0,1
12421.802808530,0,0
12422.810409888,0,1
12422.812823154,0,0
12423.820424506,0,1
12423.822837772,0,0
12424.830439062,0,1
12424.832852328,0,0
12425.840453550,0,1
12425.842866816,0,0
12426.850468142,0,1
12426.852881408,0,0
12427.860482622,0,1
12427.862895888,0,0
12428.870497200,0,1
12428.872910466,0,0
12429.880511748,0,1
12429.881781420,1,1
12429.884413434,0,1
12429.884449014,0,0
12430.890526422,0,1
12430.892939440,0,0
12431.900540972,0,1
12431.902953988,0,0
12432.910555390,0,1
12432.912968656,0,0
12433.920569958,0,1
12433.922983224,0,0
12434.930584492,0,1
12434.932997758,0,0
12435.940599014,0,1
12435.943012282,0,0
12436.950613562,0,1
12436.953026828,0,0
12437.960628138,0,1
12437.963041406,0,0
12438.970642638,0,1
12438.973055904,0,0
12439.980657164,0,1
12439.981926846,1,1
12439.984558518,0,1
12439.984594430,0,0
12440.990671832,0,1
12440.993084850,0,0
12442.000686416,0,1
12442.003099432,0,0
12443.010700930,0,1
12443.013113946,0,0
12444.020715492,0,1
12444.023128508,0,0
12445.030730010,0,1
12445.033143026,0,0
12446.040744594,0,1
12446.043157610,0,0
12447.050759070,0,1
12447.053172086,0,0
12448.060773664,0,1
12448.063186680,0,0
12449.070788204,0,1
12449.073201222,0,0
12450.080802674,0,1
12450.082072148,1,1
12450.084704320,0,1
12450.084739690,0,0
12451.090817054,0,1
12451.093230320,0,0
12452.100831624,0,1
12452.103244890,0,0
12453.110846164,0,1
12453.113259430,0,0
12454.120860668,0,1
12454.123273936,0,0
12455.130875254,0,1
12455.133288520,0,0
12456.140889782,0,1
12456.143302800,0,0
12457.150904348,0,1
12457.153317364,0,0
12458.160918894,0,1
12458.163331910,0,0
12459.170933396,0,1
12459.173346412,0,0
12460.180947954,0,1
12460.182217506,1,1
12460.184849164,0,1
12460.184884968,0,0
12461.190962424,0,1
12461.193375440,0,0
12462.200976986,0,1
12462.203390252,0,0
12463.210991534,0,1
12463.213404800,0,0
12464.221006050,0,1
12464.223419316,0,0
12465.231020520,0,1
12465.233433786,0,0
12466.241035116,0,1
12466.243448382,0,0
12467.251049646,0,1
12467.253462912,0,0
12468.261064198,0,1
12468.263477464,0,0
12469.271078708,0,1
12469.273491974,0,0
12470.281093280,0,1
12470.282362908,1,1
12470.284994358,0,1
12470.285030546,0,0
12471.291107750,0,1
12471.293521016,0,0
12472.301122238,0,1
12472.303535504,0,0
12473.311136828,0,1
12473.313550094,0,0
12474.321151372,0,1
12474.323564638,0,0
12475.331165880,0,1
12475.333579146,0,0
12476.341180476,0,1
12476.343593742,0,0
12477.351194960,0,1
12477.353608228,0,0
12478.361209486,0,1
12478.363622754,0,0
12479.371224052,0,1
12479.373637318,0,0
12480.381238626,0,1
12480.382508252,1,1
12480.385140012,0,1
12480.385175892,0,0
12481.391253146,0,1
12481.393666162,0,0
12482.401267648,0,1
12482.403680916,0,0
12483.411282132,0,1
12483.413695398,0,0
12484.421296690,0,1
12484.423709958,0,0
12485.431311220,0,1
12485.433724486,0,0
12486.441325776,0,1
12486.443739042,0,0
12487.451340336,0,1
12487.453753602,0,0
12488.461354854,0,1
12488.463768120,0,0
12489.471369394,0,1
12489.473782660,0,0
12490.481383940,0,1
12490.482653646,1,1
12490.485285310,0,1
12490.485321454,0,0
12491.491398600,0,1
12491.493811618,0,0
12492.501413058,0,1
12492.503826324,0,0
12493.511427608,0,1
12493.513840874,0,0
12494.521442170,0,1
12494.523855436,0,0
12495.531456672,0,1
12495.533869940,0,0
12496.541471222,0,1
12496.543884488,0,0
12497.551485770,0,1
12497.553899036,0,0
12498.561500306,0,1
12498.563913572,0,0
12499.571514796,0,1
12499.573928064,0,0
12500.581529402,0,1
12500.582799072,1,1
12500.585430820,0,1
12500.585466668,0,0
12501.591544042,0,1
12501.593957058,0,0
12502.601558608,0,1
12502.603971624,0,0
12503.611573182,0,1
12503.613986198,0,0
12504.621587664,0,1
12504.624000680,0,0
12505.631602246,0,1
12505.634015262,0,0
12506.641616672,0,1
12506.644029938,0,0
12507.651631268,0,1
12507.654044534,0,0
12508.661645780,0,1
12508.664059046,0,0
12509.671660378,0,1
12509.674073644,0,0
12510.681674896,0,1
12510.682944366,1,1
12510.685575930,0,1
12510.685612162,0,0
12511.691689268,0,1
12511.694102536,0,0
12512.701703742,0,1
12512.704117010,0,0
12513.711718280,0,1
12513.714131548,0,0
12514.721732842,0,1
12514.724146108,0,0
12515.731747418,0,1
12515.734160684,0,0
12516.741761956,0,1
12516.744175222,0,0
12517.751776458,0,1
12517.754189724,0,0
12518.761791018,0,1
12518.764204284,0,0
12519.771805534,0,1
12519.774218552,0,0
12520.781820106,0,1
12520.783089758,1,1
12520.785721366,0,1
12520.785757370,0,0
12521.791834558,0,1
12521.794247824,0,0
12522.801849118,0,1
12522.804262384,0,0
12523.811863690,0,1
12523.814276956,0,0
12524.821878226,0,1
12524.824291492,0,0
12525.831892762,0,1
12525.834305780,0,0
12526.841907292,0,1
12526.844320308,0,0
12527.851921850,0,1
12527.854334866,0,0
12528.861936374,0,1
12528.864349390,0,0
12529.871950884,0,1
12529.873220518,1,1
12529.875852318,0,1
12529.875888150,0,0
12530.881965434,0,1
12530.884378700,0,0
12531.891979902,0,1
12531.894393168,0,0
12532.901994492,0,1
12532.904407758,0,0
12533.912009020,0,1
12533.914422286,0,0
12534.922023532,0,1
12534.924436798,0,0
12535.932038118,0,1
12535.934451384,0,0
12536.942052630,0,1
12536.944465896,0,0
12537.952067194,0,1
12537.954480210,0,0
12538.962081754,0,1
12538.964494772,0,0
12539.972096264,0,1
12539.973365920,1,1
12539.975998020,0,1
12539.976033530,0,0
12540.982110744,0,1
12540.984524012,0,0
12541.992125314,0,1
12541.994538582,0,0
12543.002139854,0,1
12543.004553120,0,0
12544.012154334,0,1
12544.014567602,0,0
12545.022168944,0,1
12545.024582210,0,0
12546.032183486,0,1
12546.034596754,0,0
12547.042197940,0,1
12547.044611206,0,0
12548.052212564,0,1
12548.054625580,0,0
12549.062227038,0,1
12549.064640054,0,0
12550.072241604,0,1
12550.073511298,1,1
12550.076143044,0,1
12550.076178868,0,0
12551.082256302,0,1
12551.084669318,0,0
12552.092270788,0,1
12552.094684054,0,0
12553.102285312,0,1
12553.104698578,0,0
12554.112299804,0,1
12554.114713072,0,0
12555.122314382,0,1
12555.124727648,0,0
12556.132328944,0,1
12556.134742210,0,0
12557.142343432,0,1
12557.144756700,0,0
12558.152357998,0,1
12558.154771266,0,0
12559.162372508,0,1
12559.164785774,0,0
12560.172387086,0,1
12560.173656710,1,1
12560.176288216,0,1
12560.176324352,0,0
12561.182401590,0,1
12561.184814856,0,0
12562.192416098,0,1
12562.194829366,0,0
12563.202430628,0,1
12563.204843894,0,0
12564.212445164,0,1
12564.214858430,0,0
12565.222459726,0,1
12565.224872992,0,0
12566.232474258,0,1
12566.234887524,0,0
12567.242488750,0,1
12567.244902018,0,0
12568.252503334,0,1
12568.254916600,0,0
12569.262517918,0,1
12569.264931184,0,0
12570.272532460,0,1
12570.273802030,1,1
12570.276433898,0,1
12570.276469724,0,0
12571.282546882,0,1
12571.284960148,0,0
12572.292561452,0,1
12572.294974718,0,0
12573.302576040,0,1
12573.304989306,0,0
12574.312590530,0,1
12574.315003796,0,0
12575.322605026,0,1
12575.325018292,0,0
12576.332619644,0,1
12576.335032910,0,0
12577.342634130,0,1
12577.345047396,0,0
12578.352648650,0,1
12578.355061666,0,0
12579.362663214,0,1
12579.365076230,0,0
12580.372677806,0,1
12580.373947396,1,1
12580.376579016,0,1
12580.376615070,0,0
12581.382692256,0,1
12581.385105524,0,0
12582.392706736,0,1
12582.395120004,0,0
12583.402721338,0,1
12583.405134604,0,0
12584.412735892,0,1
12584.415149158,0,0
12585.422750440,0,1
12585.425163708,0,0
12586.432764968,0,1
12586.435177986,0,0
12587.442779496,0,1
12587.445192512,0,0
12588.452793990,0,1
12588.455207008,0,0
12589.462808554,0,1
12589.465221572,0,0
12590.472823098,0,1
12590.474092732,1,1
12590.476724436,0,1
12590.476760364,0,0
12591.482837578,0,1
12591.485250846,0,0
12592.492852096,0,1
12592.495265364,0,0
12593.502866662,0,1
12593.505279928,0,0
12594.512881178,0,1
12594.515294446,0,0
12595.522895712,0,1
12595.525308978,0,0
12596.532910278,0,1
12596.535323544,0,0
12597.542924816,0,1
12597.545337834,0,0
12598.552939398,0,1
12598.555352414,0,0
12599.562953902,0,1
12599.565366918,0,0
12600.572968478,0,1
12600.574238072,1,1
12600.576869738,0,1
12600.576905744,0,0
12601.582982968,0,1
12601.585396236,0,0
12602.592997484,0,1
12602.595410752,0,0
12603.603012012,0,1
12603.605425280,0,0
12604.613026514,0,1
12604.615439782,0,0
12605.623041068,0,1
12605.625454334,0,0
12606.633055622,0,1
12606.635468888,0,0
12607.643070144,0,1
12607.645483410,0,0
12608.653084680,0,1
12608.655497696,0,0
12609.663099226,0,1
12609.665512242,0,0
12610.673113822,0,1
12610.674383472,1,1
12610.677015792,0,1
12610.677051088,0,0
12611.683128262,0,1
12611.685541528,0,0
12612.693142808,0,1
12612.695556074,0,0
12613.703157326,0,1
12613.705570592,0,0
12614.713171910,0,1
12614.715585178,0,0
12615.723186426,0,1
12615.725599694,0,0
12616.733200972,0,1
12616.735614238,0,0
12617.743215476,0,1
12617.745628492,0,0
12618.753230072,0,1
12618.755643090,0,0
12619.763244610,0,1
12619.765657626,0,0
12620.773259138,0,1
12620.774528818,1,1
12620.777160744,0,1
12620.777196404,0,0
12621.783273806,0,1
12621.785686822,0,0
12622.793288282,0,1
12622.795701548,0,0
12623.803302836,0,1
12623.805716104,0,0
12624.813317328,0,1
12624.815730594,0,0
12625.823331870,0,1
12625.825745136,0,0
12626.833346440,0,1
12626.835759706,0,0
12627.843360918,0,1
12627.845774184,0,0
12628.853375506,0,1
12628.855788772,0,0
12629.863390038,0,1
12629.864659594,1,1
12629.867291776,0,1
12629.867327054,0,0
12630.873404488,0,1
12630.875817754,0,0
12631.883419038,0,1
12631.885832304,0,0
12632.893433594,0,1
12632.895846860,0,0
12633.903448118,0,1
12633.905861386,0,0
12634.913462674,0,1
12634.915875940,0,0
12635.923477182,0,1
12635.925890448,0,0
12636.933491746,0,1
12636.935904762,0,0
12637.943506256,0,1
12637.945919272,0,0
12638.953520858,0,1
12638.955933874,0,0
12639.963535328,0,1
12639.964804994,1,1
12639.967436774,0,1
12639.967472594,0,0
12640.973549816,0,1
12640.975963082,0,0
12641.983564360,0,1
12641.985977626,0,0
12642.993578924,0,1
12642.995992192,0,0
12644.003593470,0,1
12644.006006736,0,0
12645.013607984,0,1
12645.016021250,0,0
12646.023622510,0,1
12646.026035776,0,0
12647.033637064,0,1
12647.036050080,0,0
12648.043651574,0,1
12648.046064590,0,0
12649.053666116,0,1
12649.056079132,0,0
12650.063680648,0,1
12650.064950316,1,1
12650.067581742,0,1
12650.067617914,0,0
12651.073695138,0,1
12651.076108406,0,0
12652.083709690,0,1
12652.086122958,0,0
12653.093724246,0,1
12653.096137512,0,0
12654.103738774,0,1
12654.106152040,0,0
12655.113753308,0,1
12655.116166574,0,0
12656.123767832,0,1
12656.126181098,0,0
12657.133782368,0,1
12657.136195636,0,0
12658.143796976,0,1
12658.146209992,0,0
12659.153811458,0,1
12659.156224474,0,0
12660.163826026,0,1
12660.165095674,1,1
12660.167727510,0,1
12660.167763292,0,0
12661.173840632,0,1
12661.176253648,0,0
12662.183855132,0,1
12662.186268398,0,0
12663.193869712,0,1
12663.196282978,0,0
12664.203884234,0,1
12664.206297500,0,0
12665.213898792,0,1
12665.216312056,0,0
12666.223913348,0,1
12666.226326614,0,0
12667.233927854,0,1
12667.236341120,0,0
12668.243942380,0,1
12668.246355396,0,0
12669.253956958,0,1
12669.256369974,0,0
12670.263971512,0,1
12670.265241012,1,1
12670.267872804,0,1
12670.267908528,0,0
12671.273985850,0,1
12671.276399116,0,0
12672.284000412,0,1
12672.286413678,0,0
12673.294014930,0,1
12673.296428196,0,0
12674.304029430,0,1
12674.306442696,0,0
12675.314043980,0,1
12675.316457246,0,0
12676.324058530,0,1
12676.326471796,0,0
12677.334073086,0,1
12677.336486352,0,0
12678.344087624,0,1
12678.346500640,0,0
12679.354102162,0,1
12679.356515178,0,0
12680.364116652,0,1
12680.365386302,1,1
12680.368017920,0,1
12680.368053916,0,0
12681.374131156,0,1
12681.376544422,0,0
12682.384145690,0,1
12682.386558956,0,0
12683.394160262,0,1
12683.396573528,0,0
12684.404174770,0,1
12684.406588036,0,0
12685.414189304,0,1
12685.416602570,0,0
12686.424203880,0,1
12686.426617146,0,0
12687.434218410,0,1
12687.436631676,0,0
12688.444232898,0,1
12688.446645916,0,0
12689.454247416,0,1
12689.456660432,0,0
12690.464262002,0,1
12690.465531678,1,1
12690.468163416,0,1
12690.468199266,0,0
12691.474276568,0,1
12691.476689836,0,0
12692.484291116,0,1
12692.486704382,0,0
12693.494305630,0,1
12693.496718898,0,0
12694.504320220,0,1
12694.506733486,0,0
12695.514334760,0,1
12695.516748028,0,0
12696.524349298,0,1
12696.526762564,0,0
12697.534363792,0,1
12697.536777058,0,0
12698.544378346,0,1
12698.546791612,0,0
12699.554392866,0,1
12699.556806132,0,0
12700.564407428,0,1
12700.565676992,1,1
12700.568309044,0,1
12700.568344692,0,0
12701.574421868,0,1
12701.576835134,0,0
12702.584436392,0,1
12702.586849658,0,0
12703.594450934,0,1
12703.596864202,0,0
12704.604465506,0,1
12704.606878772,0,0
12705.614480022,0,1
12705.616893288,0,0
12706.624494558,0,1
12706.626907824,0,0
12707.634509116,0,1
12707.636922132,0,0
12708.644523588,0,1
12708.646936604,0,0
12709.654538220,0,1
12709.656951238,0,0
12710.664552682,0,1
12710.665822316,1,1
12710.668454358,0,1
12710.668489948,0,0
12711.674567184,0,1
12711.676980452,0,0
12712.684581688,0,1
12712.686994954,0,0
12713.694596248,0,1
12713.697009516,0,0
12714.704610768,0,1
12714.707024034,0,0
12715.714625300,0,1
12715.717038566,0,0
12716.724639866,0,1
12716.727053132,0,0
12717.734654440,0,1
12717.737067706,0,0
12718.744668956,0,1
12718.747081972,0,0
12719.754683486,0,1
12719.757096504,0,0
12720.764698020,0,1
12720.765967688,1,1
12720.768599790,0,1
12720.768635284,0,0
12721.774712654,0,1
12721.777125670,0,0
12722.784727142,0,1
12722.787140408,0,0
12723.794741686,0,1
12723.797154952,0,0
12724.804756230,0,1
12724.807169496,0,0
12725.814770792,0,1
12725.817184058,0,0
12726.824785350,0,1
12726.827198616,0,0
12727.834799862,0,1
12727.837213128,0,0
12728.844814396,0,1
12728.847227664,0,0
12729.854828966,0,1
12729.856098602,1,1
12729.858730238,0,1
12729.858766232,0,0
12730.864843456,0,1
12730.867256472,0,0
12731.874857912,0,1
12731.877271178,0,0
12732.884872516,0,1
12732.887285784,0,0
12733.894887004,0,1
12733.897300272,0,0
12734.904901566,0,1
12734.907314832,0,0
12735.914916102,0,1
12735.917329368,0,0
12736.924930624,0,1
12736.927343890,0,0
12737.934945194,0,1
12737.937358460,0,0
12738.944959728,0,1
12738.947372744,0,0
12739.954974274,0,1
12739.956243948,1,1
12739.958875190,0,1
12739.958911538,0,0
12740.964988842,0,1
12740.967402110,0,0
12741.975003426,0,1
12741.977416694,0,0
12742.985017984,0,1
12742.987431250,0,0
12743.995032498,0,1
12743.997445764,0,0
12745.005047030,0,1
12745.007460298,0,0
12746.015061552,0,1
12746.017474818,0,0
12747.025076090,0,1
12747.027489356,0,0
12748.035090644,0,1
12748.037503910,0,0
12749.045105172,0,1
12749.047518438,0,0
12750.055119708,0,1
12750.056389326,1,1
12750.059021350,0,1
12750.059056974,0,0
12751.065134222,0,1
12751.067547240,0,0
12752.075148808,0,1
12752.077561824,0,0
12753.085163288,0,1
12753.087576556,0,0
12754.095177824,0,1
12754.097591092,0,0
12755.105192326,0,1
12755.107605592,0,0
12756.115206900,0,1
12756.117620166,0,0
12757.125221412,0,1
12757.127634680,0,0
12758.135235968,0,1
12758.137649234,0,0
12759.145250498,0,1
12759.147663764,0,0
12760.155264998,0,1
12760.156534776,1,1
12760.159166540,0,1
12760.159202512,0,0
12761.165279796,0,1
12761.167692812,0,0
12762.175294380,0,1
12762.177707398,0,0
12763.185308874,0,1
12763.187721890,0,0
12764.195323418,0,1
12764.197736434,0,0
12765.205337970,0,1
12765.207750986,0,0
12766.215352456,0,1
12766.217765472,0,0
12767.225367022,0,1
12767.227780038,0,0
12768.235381600,0,1
12768.237794616,0,0
12769.245396120,0,1
12769.247809136,0,0
12770.255410672,0,1
12770.256680088,1,1
12770.259311808,0,1
12770.259347686,0,0
12771.265424852,0,1
12771.267838118,0,0
12772.275439398,0,1
12772.277852666,0,0
12773.285453990,0,1
12773.287867256,0,0
12774.295468442,0,1
12774.297881708,0,0
12775.305483030,0,1
12775.307896298,0,0
12776.315497550,0,1
12776.317910816,0,0
12777.325512050,0,1
12777.327925316,0,0
12778.335526628,0,1
12778.337939896,0,0
12779.345541128,0,1
12779.347954394,0,0
12780.355555664,0,1
12780.356825602,1,1
12780.359457502,0,1
12780.359493178,0,0
12781.365570624,0,1
12781.367983640,0,0
12782.375585114,0,1
12782.377998130,0,0
12783.385599640,0,1
12783.388012656,0,0
12784.395614196,0,1
12784.398027212,0,0
12785.405628742,0,1
12785.408041758,0,0
12786.415643284,0,1
12786.418056300,0,0
12787.425657812,0,1
12787.428070828,0,0
12788.435672306,0,1
12788.438085322,0,0
12789.445686892,0,1
12789.448099908,0,0
12790.455701386,0,1
12790.456970938,1,1
12790.459602644,0,1
12790.459638402,0,0
12791.465715948,0,1
12791.468128964,0,0
12792.475730472,0,1
12792.478143490,0,0
12793.485745022,0,1
12793.488158040,0,0
12794.495759586,0,1
12794.498172602,0,0
12795.505774096,0,1
12795.508187112,0,0
12796.515788640,0,1
12796.518201656,0,0
12797.525803178,0,1
12797.528216194,0,0
12798.535817706,0,1
12798.538230722,0,0
12799.545832236,0,1
12799.548245502,0,0
12800.555846810,0,1
12800.557116342,1,1
12800.559748060,0,1
12800.559784074,0,0
12801.565861150,0,1
12801.568274166,0,0
12802.575875742,0,1
12802.578288758,0,0
12803.585890218,0,1
12803.588303234,0,0
12804.595904836,0,1
12804.598317852,0,0
12805.605919334,0,1
12805.608332352,0,0
12806.615933878,0,1
12806.618346894,0,0
12807.625948396,0,1
12807.628361412,0,0
12808.635962932,0,1
12808.638376198,0,0
12809.645977410,0,1
12809.648390678,0,0
12810.655991996,0,1
12810.657261742,1,1
12810.659893766,0,1
12810.659929260,0,0
12811.666006636,0,1
12811.668419652,0,0
12812.676021142,0,1
12812.678434160,0,0
12813.686035740,0,1
12813.688448758,0,0
12814.696050230,0,1
12814.698463246,0,0
12815.706064800,0,1
12815.708477816,0,0
12816.716079276,0,1
12816.718492292,0,0
12817.726093878,0,1
12817.728506894,0,0
12818.736108406,0,1
12818.738521422,0,0
12819.746122922,0,1
12819.748535938,0,0
12820.756137424,0,1
12820.757407140,1,1
12820.760038940,0,1
12820.760074940,0,0
12821.766152062,0,1
12821.768565078,0,0
12822.776166656,0,1
12822.778579672,0,0
12823.786181158,0,1
12823.788594176,0,0
12824.796195706,0,1
12824.798608724,0,0
12825.806210264,0,1
12825.808623280,0,0
12826.816224780,0,1
12826.818637796,0,0
12827.826239360,0,1
12827.828652376,0,0
12828.836253846,0,1
12828.838666862,0,0
12829.846268392,0,1
12829.847538042,1,1
12829.850170170,0,1
12829.850205656,0,0
12830.856282942,0,1
12830.858695958,0,0
12831.866297472,0,1
12831.868710488,0,0
12832.876312022,0,1
12832.878725038,0,0
12833.886326558,0,1
12833.888739574,0,0
12834.896341058,0,1
12834.898754074,0,0
12835.906355584,0,1
12835.908768600,0,0
12836.916370146,0,1
12836.918783164,0,0
12837.926384732,0,1
12837.928797998,0,0
12838.936399210,0,1
12838.938812476,0,0
12839.946413730,0,1
12839.947683360,1,1
12839.950315390,0,1
12839.950350996,0,0
12840.956428274,0,1
12840.958841290,0,0
12841.966442820,0,1
12841.968855836,0,0
12842.976457370,0,1
12842.978870386,0,0
12843.986471918,0,1
12843.988884936,0,0
12844.996486428,0,1
12844.998899444,0,0
12846.006500954,0,1
12846.008913970,0,0
12847.016515486,0,1
12847.018928504,0,0
12848.026530038,0,1
12848.028943054,0,0
12849.036544522,0,1
12849.038957540,0,0
12850.046559084,0,1
12850.047828804,1,1
12850.050460400,0,1
12850.050496600,0,0
12851.056573724,0,1
12851.058986742,0,0
12852.066588264,0,1
12852.069001280,0,0
12853.076602804,0,1
12853.079015820,0,0
12854.086617370,0,1
12854.089030386,0,0
12855.096631934,0,1
12855.099045200,0,0
12856.106646418,0,1
12856.109059684,0,0
12857.116660938,0,1
12857.119074204,0,0
12858.126675470,0,1
12858.129088736,0,0
12859.136690066,0,1
12859.139103332,0,0
12860.146704604,0,1
12860.147974136,1,1
12860.150605832,0,1
12860.150641870,0,0
12861.156719068,0,1
12861.159132084,0,0
12862.166733560,0,1
12862.169146578,0,0
12863.176748110,0,1
12863.179161126,0,0
12864.186762664,0,1
12864.189175680,0,0
12865.196777170,0,1
12865.199190186,0,0
12866.206791706,0,1
12866.209204722,0,0
12867.216806238,0,1
12867.219219254,0,0
12868.226820766,0,1
12868.229233784,0,0
12869.236835344,0,1
12869.239248360,0,0
12870.246849896,0,1
12870.248119536,1,1
12870.250751710,0,1
12870.250787162,0,0
12871.256864366,0,1
12871.259277382,0,0
12872.266878926,0,1
12872.269291942,0,0
12873.276893448,0,1
12873.279306464,0,0
12874.286908022,0,1
12874.289321040,0,0
12875.296922544,0,1
12875.299335560,0,0
12876.306937058,0,1
12876.309350074,0,0
12877.316951568,0,1
12877.319364586,0,0
12878.326966158,0,1
12878.329379176,0,0
12879.336980662,0,1
12879.339393678,0,0
12880.346995216,0,1
12880.348264966,1,1
12880.350896638,0,1
12880.350932730,0,0
12881.357009886,0,1
12881.359422902,0,0
12882.367024466,0,1
12882.369437482,0,0
12883.377038988,0,1
12883.379452004,0,0
12884.387053518,0,1
12884.389466534,0,0
12885.397068024,0,1
12885.399481040,0,0
12886.407082536,0,1
12886.409495552,0,0
12887.417097110,0,1
12887.419510376,0,0
12888.427111620,0,1
12888.429524886,0,0
12889.437126144,0,1
12889.439539410,0,0
12890.447140688,0,1
12890.448410332,1,1
12890.451042138,0,1
12890.451077954,0,0
12891.457155268,0,1
12891.459568284,0,0
12892.467169818,0,1
12892.469582834,0,0
12893.477184298,0,1
12893.479597316,0,0
12894.487198834,0,1
12894.489611852,0,0
12895.497213412,0,1
12895.499626428,0,0
12896.507227892,0,1
12896.509640908,0,0
12897.517242458,0,1
12897.519655476,0,0
12898.527257022,0,1
12898.529670288,0,0
12899.537271484,0,1
12899.539684752,0,0
12900.547286068,0,1
12900.548555686,1,1
12900.551187394,0,1
12900.551223334,0,0
12901.557300578,0,1
12901.559713594,0,0
12902.567315128,0,1
12902.569728146,0,0
12903.577329692,0,1
12903.579742708,0,0
12904.587344216,0,1
12904.589757232,0,0
12905.597358746,0,1
12905.599771762,0,0
12906.607373264,0,1
12906.609786280,0,0
12907.617387786,0,1
12907.619800802,0,0
12908.627402290,0,1
12908.629815306,0,0
12909.637416868,0,1
12909.639829884,0,0
12910.647431398,0,1
12910.648701032,1,1
12910.651332824,0,1
12910.651368662,0,0
12911.657445900,0,1
12911.659858918,0,0
12912.667460486,0,1
12912.669873502,0,0
12913.677475018,0,1
12913.679888034,0,0
12914.687489504,0,1
12914.689902520,0,0
12915.697504078,0,1
12915.699917096,0,0
12916.707518610,0,1
12916.709931626,0,0
12917.717533162,0,1
12917.719946178,0,0
12918.727547678,0,1
12918.729960694,0,0
12919.737562198,0,1
12919.739975214,0,0
12920.747576722,0,1
12920.748846418,1,1
12920.751478248,0,1
12920.751513988,0,0
12921.757591420,0,1
12921.760004438,0,0
12922.767605978,0,1
12922.770018996,0,0
12923.777620438,0,1
12923.780033456,0,0
12924.787635004,0,1
12924.790048020,0,0
12925.797649502,0,1
12925.800062518,0,0
12926.807664078,0,1
12926.810077094,0,0
12927.817678602,0,1
12927.820091618,0,0
12928.827693104,0,1
12928.830106370,0,0
12929.837707640,0,1
12929.838977256,1,1
12929.841609076,0,1
12929.841644906,0,0
12930.847722206,0,1
12930.850135224,0,0
12931.857736738,0,1
12931.860149756,0,0
12932.867751274,0,1
12932.870164290,0,0
12933.877765852,0,1
12933.880178868,0,0
12934.887780326,0,1
12934.890193342,0,0
12935.897794878,0,1
12935.900207894,0,0
12936.907809404,0,1
12936.910222420,0,0
12937.917823960,0,1
12937.920236978,0,0
12938.927838478,0,1
12938.930251494,0,0
12939.937853030,0,1
12939.939122620,1,1
12939.941754608,0,1
12939.941790294,0,0
12940.947867564,0,1
12940.950280580,0,0
12941.957882072,0,1
12941.960295088,0,0
12942.967896614,0,1
12942.970309630,0,0
12943.977911134,0,1
12943.980324152,0,0
12944.987925678,0,1
12944.990338694,0,0
12945.997940214,0,1
12946.000353232,0,0
12947.007954704,0,1
12947.010367722,0,0
12948.017969236,0,1
12948.020382252,0,0
12949.027983808,0,1
12949.030396824,0,0
12950.037998382,0,1
12950.039268028,1,1
12950.041900224,0,1
12950.041935648,0,0
12951.048012916,0,1
12951.050425932,0,0
12952.058027398,0,1
12952.060440416,0,0
12953.068041980,0,1
12953.070454996,0,0
12954.078056494,0,1
12954.080469512,0,0
12955.088071016,0,1
12955.090484032,0,0
12956.098085554,0,1
12956.100498570,0,0
12957.108100100,0,1
12957.110513116,0,0
12958.118114618,0,1
12958.120527636,0,0
12959.128129120,0,1
12959.130542386,0,0
12960.138143682,0,1
12960.139413328,1,1
12960.142045076,0,1
12960.142080948,0,0
12961.148158200,0,1
12961.150571216,0,0
12962.158172702,0,1
12962.160585718,0,0
12963.168187218,0,1
12963.170600234,0,0
12964.178201828,0,1
12964.180614844,0,0
12965.188216350,0,1
12965.190629366,0,0
12966.198230860,0,1
12966.200643876,0,0
12967.208245420,0,1
12967.210658436,0,0
12968.218259918,0,1
12968.220672934,0,0
12969.228274436,0,1
12969.230687454,0,0
12970.238289000,0,1
12970.239558794,1,1
12970.242191004,0,1
12970.242226516,0,0
12971.248303810,0,1
12971.250716826,0,0
12972.258318362,0,1
12972.260731378,0,0
12973.268332868,0,1
12973.270745884,0,0
12974.278347350,0,1
12974.280760366,0,0
12975.288361912,0,1
12975.290774928,0,0
12976.298376436,0,1
12976.300789452,0,0
12977.308390968,0,1
12977.310804234,0,0
12978.318405518,0,1
12978.320818784,0,0
12979.328420066,0,1
12979.330833332,0,0
12980.338434576,0,1
12980.339704112,1,1
12980.342335800,0,1
12980.342371842,0,0
12981.348448972,0,1
12981.350861988,0,0
12982.358463542,0,1
12982.360876558,0,0
12983.368478034,0,1
12983.370891052,0,0
12984.378492586,0,1
12984.380905602,0,0
12985.388507098,0,1
12985.390920116,0,0
12986.398521670,0,1
12986.400934686,0,0
12987.408536214,0,1
12987.410949230,0,0
12988.418550684,0,1
12988.420963702,0,0
12989.428565256,0,1
12989.430978272,0,0
12990.438579784,0,1
12990.439849486,1,1
12990.442481358,0,1
12990.442517298,0,0
12991.448594474,0,1
12991.451007490,0,0
12992.458608946,0,1
12992.461021964,0,0
12993.468623474,0,1
12993.471036492,0,0
12994.478638054,0,1
12994.481051070,0,0
12995.488652556,0,1
12995.491065572,0,0
12996.498667122,0,1
12996.501080138,0,0
12997.508681636,0,1
12997.511094902,0,0
12998.518696168,0,1
12998.521109434,0,0
12999.528710678,0,1
12999.531123946,0,0
13000.538725266,0,1
13000.539994796,1,1
13000.542626578,0,1
13000.542662530,0,0
13001.548739642,0,1
13001.551152658,0,0
13002.558754144,0,1
13002.561167160,0,0
13003.568768690,0,1
13003.571181706,0,0
13004.578783246,0,1
13004.581196262,0,0
13005.588797818,0,1
13005.591210836,0,0
13006.598812298,0,1
13006.601225314,0,0
13007.608826848,0,1
13007.611239864,0,0
13008.618841388,0,1
13008.621254404,0,0
13009.628855892,0,1
13009.631268910,0,0
13010.638870418,0,1
13010.640140158,1,1
13010.642771970,0,1
13010.642807934,0,0
13011.648885074,0,1
13011.651298092,0,0
13012.658899642,0,1
13012.661312658,0,0
13013.668914120,0,1
13013.671327138,0,0
13014.678928702,0,1
13014.681341718,0,0
13015.688943214,0,1
13015.691356230,0,0
13016.698957764,0,1
13016.701370780,0,0
13017.708972288,0,1
13017.711385306,0,0
13018.718986832,0,1
13018.721399848,0,0
13019.729001382,0,1
13019.731414398,0,0
13020.739015878,0,1
13020.740285532,1,1
13020.742917660,0,1
13020.742953144,0,0
13021.749030420,0,1
13021.751443436,0,0
13022.759044960,0,1
13022.761457978,0,0
13023.769059496,0,1
13023.771472512,0,0
13024.779074020,0,1
13024.781487038,0,0
13025.789088502,0,1
13025.791501518,0,0
13026.799103096,0,1
13026.801516114,0,0
13027.809117572,0,1
13027.811530588,0,0
13028.819132142,0,1
13028.821545158,0,0
13029.829146690,0,1
13029.830416302,1,1
13029.833047648,0,1
13029.833083956,0,0
13030.839161202,0,1
13030.841574218,0,0
13031.849175728,0,1
13031.851588746,0,0
13032.859190274,0,1
13032.861603290,0,0
13033.869204792,0,1
13033.871617808,0,0
13034.879219296,0,1
13034.881632312,0,0
13035.889233858,0,1
13035.891646874,0,0
13036.899248344,0,1
13036.901661360,0,0
13037.909262938,0,1
13037.911675956,0,0
13038.919277448,0,1
13038.921690464,0,0
13039.929291958,0,1
13039.930561712,1,1
13039.933193880,0,1
13039.933229474,0,0
13040.939306648,0,1
13040.941719664,0,0
13041.949321134,0,1
13041.951734150,0,0
13042.959335714,0,1
13042.961748732,0,0
13043.969350236,0,1
13043.971763254,0,0
13044.979364736,0,1
13044.981777752,0,0
13045.989379272,0,1
13045.991792290,0,0
13046.999393840,0,1
13047.001807108,0,0
13048.009408296,0,1
13048.011821564,0,0
13049.019422854,0,1
13049.021836120,0,0
13050.029437398,0,1
13050.030707014,1,1
13050.033338388,0,1
13050.033374664,0,0
13051.039451938,0,1
13051.041864954,0,0
13052.049466436,0,1
13052.051879452,0,0
13053.059480986,0,1
13053.061894002,0,0
13054.069495510,0,1
13054.071908526,0,0
13055.079510050,0,1
13055.081923066,0,0
13056.089524580,0,1
13056.091937596,0,0
13057.099539124,0,1
13057.101952140,0,0
13058.109553610,0,1
13058.111966626,0,0
13059.119568136,0,1
13059.121981152,0,0
13060.129582680,0,1
13060.130852230,1,1
13060.133484134,0,1
13060.133519694,0,0
13061.139597200,0,1
13061.142010216,0,0
13062.149611722,0,1
13062.152024738,0,0
13063.159626286,0,1
13063.162039302,0,0
13064.169640832,0,1
13064.172053848,0,0
13065.179655330,0,1
13065.182068346,0,0
13066.189669876,0,1
13066.192082892,0,0
13067.199684362,0,1
13067.202097378,0,0
13068.209698958,0,1
13068.212111976,0,0
13069.219713460,0,1
13069.222126478,0,0
13070.229727946,0,1
13070.230997628,1,1
13070.233629408,0,1
13070.233665212,0,0
13071.239742632,0,1
13071.242155648,0,0
13072.249757136,0,1
13072.252170152,0,0
13073.259771668,0,1
13073.262184686,0,0
13074.269786208,0,1
13074.272199224,0,0
13075.279800722,0,1
13075.282213738,0,0
13076.289815250,0,1
13076.292228266,0,0
13077.299829816,0,1
13077.302242832,0,0
13078.309844300,0,1
13078.312257316,0,0
13079.319858826,0,1
13079.322271844,0,0
13080.329873378,0,1
13080.331142858,1,1
13080.333774804,0,1
13080.333810644,0,0
13081.339887768,0,1
13081.342300786,0,0
13082.349902332,0,1
13082.352315348,0,0
13083.359916804,0,1
13083.362329820,0,0
13084.369931382,0,1
13084.372344398,0,0
13085.379945888,0,1
13085.382358906,0,0
13086.389960382,0,1
13086.392373400,0,0
13087.399974924,0,1
13087.402387940,0,0
13088.409989492,0,1
13088.412402508,0,0
13089.420004002,0,1
13089.422417018,0,0
13090.430018536,0,1
13090.431288200,1,1
13090.433920036,0,1
13090.433955802,0,0
13091.440033078,0,1
13091.442446094,0,0
13092.450047634,0,1
13092.452460652,0,0
13093.460062130,0,1
13093.462475146,0,0
13094.470076644,0,1
13094.472489662,0,0
13095.480091160,0,1
13095.482504176,0,0
13096.490105718,0,1
13096.492518734,0,0
13097.500120272,0,1
13097.502533288,0,0
13098.510134804,0,1
13098.512547820,0,0
13099.520149326,0,1
13099.522562342,0,0
13100.530163870,0,1
13100.531433532,1,1
13100.534064870,0,1
13100.534101136,0,0
13101.540178354,0,1
13101.542591370,0,0
13102.550192888,0,1
13102.552605904,0,0
13103.560207456,0,1
13103.562620472,0,0
13104.570221986,0,1
13104.572635002,0,0
13105.580236504,0,1
13105.582649522,0,0
13106.590251040,0,1
13106.592664056,0,0
13107.600265536,0,1
13107.602678554,0,0
13108.610280070,0,1
13108.612693086,0,0
13109.620294554,0,1
13109.622707570,0,0
13110.630309152,0,1
13110.631578772,1,1
13110.634210494,0,1
13110.634246418,0,0
13111.640323638,0,1
13111.642736654,0,0
13112.650338156,0,1
13112.652751172,0,0
13113.660352692,0,1
13113.662765706,0,0
13114.670367192,0,1
13114.672780208,0,0
13115.680381758,0,1
13115.682794774,0,0
13116.690396286,0,1
13116.692809302,0,0
13117.700410792,0,1
13117.702823808,0,0
13118.710425316,0,1
13118.712838332,0,0
13119.720439822,0,1
13119.722852838,0,0
13120.730454364,0,1
13120.731724158,1,1
13120.734355534,0,1
13120.734391880,0,0
13121.740469130,0,1
13121.742882146,0,0
13122.750483662,0,1
13122.752896678,0,0
13123.760498206,0,1
13123.762911222,0,0
13124.770512738,0,1
13124.772925752,0,0
13125.780527278,0,1
13125.782940294,0,0
13126.790541758,0,1
13126.792954774,0,0
13127.800556324,0,1
13127.802969340,0,0
13128.810570866,0,1
13128.812983882,0,0
13129.820585356,0,1
13129.821854854,1,1
13129.824486498,0,1
13129.824522622,0,0
13130.830599740,0,1
13130.833012756,0,0
13131.840614284,0,1
13131.843027300,0,0
13132.850628846,0,1
13132.853041862,0,0
13133.860643318,0,1
13133.863056334,0,0
13134.870657842,0,1
13134.873070858,0,0
13135.880672402,0,1
13135.883085420,0,0
13136.890686922,0,1
13136.893099940,0,0
13137.900701468,0,1
13137.903114484,0,0
13138.910715970,0,1
13138.913128988,0,0
13139.920730486,0,1
13139.922000190,1,1
13139.924631896,0,1
13139.924668002,0,0
13140.930745150,0,1
13140.933158166,0,0
13141.940759672,0,1
13141.943172688,0,0
13142.950774178,0,1
13142.953187194,0,0
13143.960788712,0,1
13143.963201728,0,0
13144.970803244,0,1
13144.973216262,0,0
13145.980817754,0,1
13145.983230770,0,0
13146.990832318,0,1
13146.993245334,0,0
13148.000846820,0,1
13148.003259836,0,0
13149.010861388,0,1
13149.013274654,0,0
13150.020875862,0,1
13150.022145412,1,1
13150.024777154,0,1
13150.024813126,0,0
13151.030890424,0,1
13151.033303442,0,0
13152.040904952,0,1
13152.043317968,0,0
13153.050919480,0,1
13153.053332496,0,0
13154.060933988,0,1
13154.063347004,0,0
13155.070948510,0,1
13155.073361526,0,0
13156.080963044,0,1
13156.083376060,0,0
13157.090977520,0,1
13157.093390536,0,0
13158.100992048,0,1
13158.103405316,0,0
13159.111006650,0,1
13159.113419666,0,0
13160.121021132,0,1
13160.122290720,1,1
13160.124922998,0,1
13160.124958398,0,0
13161.131035630,0,1
13161.133448648,0,0
13162.141050188,0,1
13162.143463204,0,0
13163.151064706,0,1
13163.153477724,0,0
13164.161079252,0,1
13164.163492268,0,0
13165.171093730,0,1
13165.173506748,0,0
13166.181108274,0,1
13166.183521292,0,0
13167.191122828,0,1
13167.193535846,0,0
13168.201137362,0,1
13168.203550378,0,0
13169.211151868,0,1
13169.213565134,0,0
13170.221166422,0,1
13170.222436032,1,1
13170.225067714,0,1
13170.225103686,0,0
13171.231180936,0,1
13171.233593952,0,0
13172.241195444,0,1
13172.243608460,0,0
13173.251209952,0,1
13173.253622968,0,0
13174.261224508,0,1
13174.263637524,0,0
13175.271239000,0,1
13175.273652016,0,0
13176.281253538,0,1
13176.283666556,0,0
13177.291268086,0,1
13177.293681104,0,0
13178.301282612,0,1
13178.303695628,0,0
13179.311297102,0,1
13179.313710118,0,0
13180.321311680,0,1
13180.322581226,1,1
13180.325213036,0,1
13180.325248944,0,0
13181.331326176,0,1
13181.333739192,0,0
13182.341340738,0,1
13182.343753754,0,0
13183.351355246,0,1
13183.353768262,0,0
13184.361369748,0,1
13184.363782764,0,0
13185.371384246,0,1
13185.373797264,0,0
13186.381398830,0,1
13186.383811846,0,0
13187.391413324,0,1
13187.393826340,0,0
13188.401427806,0,1
13188.403840822,0,0
13189.411442412,0,1
13189.413855428,0,0
13190.421456876,0,1
13190.422726564,1,1
13190.425358742,0,1
13190.425394392,0,0
13191.431471536,0,1
13191.433884552,0,0
13192.441486082,0,1
13192.443899100,0,0
13193.451500602,0,1
13193.453913618,0,0
13194.461515114,0,1
13194.463928132,0,0
13195.471529682,0,1
13195.473942698,0,0
13196.481544184,0,1
13196.483957200,0,0
13197.491558738,0,1
13197.493972006,0,0
13198.501573232,0,1
13198.503986498,0,0
13199.511587734,0,1
13199.514001000,0,0
13200.521602320,0,1
13200.522871780,1,1
13200.525503556,0,1
13200.525539334,0,0
13201.531616686,0,1
13201.534029702,0,0
13202.541631188,0,1
13202.544044204,0,0
13203.551645718,0,1
13203.554058734,0,0
13204.561660262,0,1
13204.564073278,0,0
13205.571674774,0,1
13205.574087790,0,0
13206.581689308,0,1
13206.584102324,0,0
13207.591703806,0,1
13207.594116822,0,0
13208.601718366,0,1
13208.604131382,0,0
13209.611732880,0,1
13209.614145896,0,0
13210.621747402,0,1
13210.623017082,1,1
13210.625649168,0,1
13210.625684668,0,0
13211.631762108,0,1
13211.634175124,0,0
13212.641776556,0,1
13212.644189572,0,0
13213.651791100,0,1
13213.654204118,0,0
13214.661805622,0,1
13214.664218638,0,0
13215.671820196,0,1
13215.674233212,0,0
13216.681834712,0,1
13216.684247730,0,0
13217.691849218,0,1
13217.694262234,0,0
13218.701863742,0,1
13218.704276758,0,0
13219.711878268,0,1
13219.714291286,0,0
13220.721892794,0,1
13220.723162400,1,1
13220.725793740,0,1
13220.725830060,0,0
13221.731907288,0,1
13221.734320304,0,0
13222.741921848,0,1
13222.744334864,0,0
13223.751936380,0,1
13223.754349396,0,0
13224.761950882,0,1
13224.764363898,0,0
13225.771965424,0,1
13225.774378442,0,0
13226.781979968,0,1
13226.784392986,0,0
13227.791994466,0,1
13227.794407482,0,0
13228.802008938,0,1
13228.804422204,0,0
13229.812023502,0,1
13229.814436518,0,0
13230.822038064,0,1
13230.823307606,1,1
13230.825939516,0,1
13230.825975328,0,0
13231.832052484,0,1
13231.834465502,0,0
13232.842066974,0,1
13232.844479990,0,0
13233.852081546,0,1
13233.854494562,0,0
13234.862096058,0,1
13234.864509074,0,0
13235.872110592,0,1
13235.874523610,0,0
13236.882125122,0,1
13236.884538140,0,0
13237.892139654,0,1
13237.894552670,0,0
13238.902154176,0,1
13238.904567192,0,0
13239.912168690,0,1
13239.913438400,1,1
13239.916070060,0,1
13239.916106206,0,0
13240.922183326,0,1
13240.924596342,0,0
13241.932197870,0,1
13241.934610886,0,0
13242.942212372,0,1
13242.944625388,0,0
13243.952226912,0,1
13243.954639928,0,0
13244.962241416,0,1
13244.964654432,0,0
13245.972255920,0,1
13245.974668936,0,0
13246.982270508,0,1
13246.984683524,0,0
13247.992284982,0,1
13247.994698000,0,0
13249.002299532,0,1
13249.004712548,0,0
13250.012314036,0,1
13250.013583590,1,1
13250.016215020,0,1
13250.016251302,0,0
13251.022328590,0,1
13251.024741608,0,0
13252.032343118,0,1
13252.034756134,0,0
13253.042357602,0,1
13253.044770618,0,0
13254.052372178,0,1
13254.054785194,0,0
13255.062386690,0,1
13255.064799706,0,0
13256.072401190,0,1
13256.074814208,0,0
13257.082415742,0,1
13257.084828758,0,0
13258.092430230,0,1
13258.094843246,0,0
13259.102444848,0,1
13259.104857866,0,0
13260.112459328,0,1
13260.113728942,1,1
13260.116360534,0,1
13260.116396592,0,0
13261.122473874,0,1
13261.124886890,0,0
13262.132488404,0,1
13262.134901420,0,0
13263.142502918,0,1
13263.144915936,0,0
13264.152517388,0,1
13264.154930404,0,0
13265.162531968,0,1
13265.164944984,0,0
13266.172546476,0,1
13266.174959492,0,0
13267.182560984,0,1
13267.184974000,0,0
13268.192575516,0,1
13268.194988532,0,0
13269.202590066,0,1
13269.205003084,0,0
13270.212604620,0,1
13270.213874252,1,1
13270.216505564,0,1
13270.216541886,0,0
13271.222619082,0,1
13271.225032098,0,0
13272.232633584,0,1
13272.235046600,0,0
13273.242648156,0,1
13273.245061172,0,0
13274.252662668,0,1
13274.255075684,0,0
13275.262677228,0,1
13275.265090244,0,0
13276.272691778,0,1
13276.275104794,0,0
13277.282706214,0,1
13277.285119230,0,0
13278.292720788,0,1
13278.295133804,0,0
13279.302735354,0,1
13279.305148370,0,0
13280.312749812,0,1
13280.314019436,1,1
13280.316651400,0,1
13280.316687078,0,0
13281.322764354,0,1
13281.325177370,0,0
13282.332778876,0,1
13282.335191892,0,0
13283.342793398,0,1
13283.345206414,0,0
13284.352807940,0,1
13284.355220956,0,0
13285.362822430,0,1
13285.365235446,0,0
13286.372836968,0,1
13286.375249984,0,0
13287.382851490,0,1
13287.385264506,0,0
13288.392866010,0,1
13288.395279028,0,0
13289.402880602,0,1
13289.405293618,0,0
13290.412895068,0,1
13290.414164752,1,1
13290.416796980,0,1
13290.416832334,0,0
13291.422909758,0,1
13291.425322774,0,0
13292.432924290,0,1
13292.435337306,0,0
13293.442938762,0,1
13293.445351778,0,0
13294.452953314,0,1
13294.455366330,0,0
13295.462967838,0,1
13295.465380854,0,0
13296.472982410,0,1
13296.475395426,0,0
13297.482996940,0,1
13297.485409956,0,0
13298.493011400,0,1
13298.495424666,0,0
13299.503025948,0,1
13299.505438964,0,0
13300.513040512,0,1
13300.514310040,1,1
13300.516941596,0,1
13300.516977528,0,0
13301.523054868,0,1
13301.525467886,0,0
13302.533069408,0,1
13302.535482424,0,0
13303.543083980,0,1
13303.545496996,0,0
13304.553098504,0,1
13304.555511522,0,0
13305.563113018,0,1
13305.565526036,0,0
13306.573127522,0,1
13306.575540538,0,0
13307.583142098,0,1
13307.585555114,0,0
13308.593156622,0,1
13308.595569638,0,0
13309.603171100,0,1
13309.605584116,0,0
13310.613185626,0,1
13310.614455374,1,1
13310.617087292,0,1
13310.617122890,0,0
13311.623200314,0,1
13311.625613330,0,0
13312.633214866,0,1
13312.635627882,0,0
13313.643229340,0,1
13313.645642358,0,0
13314.653243886,0,1
13314.655656904,0,0
13315.663258346,0,1
13315.665671362,0,0
13316.673272892,0,1
13316.675685910,0,0
13317.683287466,0,1
13317.685700482,0,0
13318.693302000,0,1
13318.695715016,0,0
13319.703316476,0,1
13319.705729492,0,0
13320.713331030,0,1
13320.714600610,1,1
13320.717232118,0,1
13320.717268294,0,0
13321.723345538,0,1
13321.725758554,0,0
13322.733360120,0,1
13322.735773136,0,0
13323.743374616,0,1
13323.745787632,0,0
13324.753389164,0,1
13324.755802182,0,0
13325.763403678,0,1
13325.765816694,0,0
13326.773418162,0,1
13326.775831180,0,0
13327.783432734,0,1
13327.785845752,0,0
13328.793447214,0,1
13328.795860230,0,0
13329.803461768,0,1
13329.805874784,0,0
13330.813476250,0,1
13330.814745896,1,1
13330.817378028,0,1
13330.817413514,0,0
13331.823490778,0,1
13331.825903796,0,0
13332.833505300,0,1
13332.835918316,0,0
13333.843519860,0,1
13333.845932876,0,0
13334.853534390,0,1
13334.855947406,0,0
13335.863548932,0,1
13335.865961948,0,0
13336.873563410,0,1
13336.875976426,0,0
13337.883577948,0,1
13337.885990964,0,0
13338.893592442,0,1
13338.896005460,0,0
13339.903606978,0,1
13339.904876722,1,1
13339.907508460,0,1
13339.907544492,0,0
13340.913621646,0,1
13340.916034662,0,0
13341.923636186,0,1
13341.926049204,0,0
13342.933650706,0,1
13342.936063722,0,0
13343.943665222,0,1
13343.946078238,0,0
13344.953679780,0,1
13344.956092796,0,0
13345.963694258,0,1
13345.966107276,0,0
13346.973708806,0,1
13346.976121822,0,0
13347.983723334,0,1
13347.986136350,0,0
13348.993737830,0,1
13348.996150848,0,0
13350.003752350,0,1
13350.005021940,1,1
13350.007653714,0,1
13350.007689616,0,0
13351.013766904,0,1
13351.016179920,0,0
13352.023781374,0,1
13352.026194390,0,0
13353.033795896,0,1
13353.036208912,0,0
13354.043810448,0,1
13354.046223466,0,0
13355.053824990,0,1
13355.056238006,0,0
13356.063839472,0,1
13356.066252488,0,0
13357.073854000,0,1
13357.076267018,0,0
13358.083868546,0,1
13358.086281562,0,0
13359.093883036,0,1
13359.096296302,0,0
13360.103897554,0,1
13360.105167258,1,1
13360.107799092,0,1
13360.107835070,0,0
13361.113912260,0,1
13361.116325276,0,0
13362.123926746,0,1
13362.126339762,0,0
13363.133941316,0,1
13363.136354334,0,0
13364.143955790,0,1
13364.146368806,0,0
13365.153970362,0,1
13365.156383378,0,0
13366.163984884,0,1
13366.166397900,0,0
13367.173999342,0,1
13367.176412610,0,0
13368.184013942,0,1
13368.186426958,0,0
13369.194028424,0,1
13369.196441440,0,0
13370.204042974,0,1
13370.205312486,1,1
13370.207944258,0,1
13370.207980240,0,0
13371.214057360,0,1
13371.216470376,0,0
13372.224071854,0,1
13372.226484870,0,0
13373.234086434,0,1
13373.236499450,0,0
13374.244100900,0,1
13374.246513916,0,0
13375.254115516,0,1
13375.256528532,0,0
13376.264129998,0,1
13376.266543014,0,0
13377.274144450,0,1
13377.276557466,0,0
13378.284159020,0,1
13378.286572036,0,0
13379.294173522,0,1
13379.296586538,0,0
13380.304188098,0,1
13380.305457826,1,1
13380.308089876,0,1
13380.308125364,0,0
13381.314202722,0,1
13381.316615738,0,0
13382.324217232,0,1
13382.326630248,0,0
13383.334231716,0,1
13383.336644732,0,0
13384.344246268,0,1
13384.346659284,0,0
13385.354260774,0,1
13385.356673790,0,0
13386.364275356,0,1
13386.366688372,0,0
13387.374289824,0,1
13387.376703090,0,0
13388.384304342,0,1
13388.386717608,0,0
13389.394318920,0,1
13389.396732188,0,0
13390.404333390,0,1
13390.405603062,1,1
13390.408234548,0,1
13390.408270654,0,0
13391.414348038,0,1
13391.416761056,0,0
13392.424362612,0,1
13392.426775628,0,0
13393.434377152,0,1
13393.436790168,0,0
13394.444391620,0,1
13394.446804636,0,0
13395.454406162,0,1
13395.456819178,0,0
13396.464420676,0,1
13396.466833692,0,0
13397.474435188,0,1
13397.476848454,0,0
13398.484449694,0,1
13398.486862960,0,0
13399.494464250,0,1
13399.496877516,0,0
13400.504478792,0,1
13400.505748318,1,1
13400.508380230,0,1
13400.508415808,0,0
13401.514493114,0,1
13401.516906132,0,0
13402.524507662,0,1
13402.526920678,0,0
13403.534522202,0,1
13403.536935220,0,0
13404.544536740,0,1
13404.546949758,0,0
13405.554551236,0,1
13405.556964252,0,0
13406.564565780,0,1
13406.566978796,0,0
13407.574580290,0,1
13407.576993308,0,0
13408.584594766,0,1
13408.587007784,0,0
13409.594609338,0,1
13409.597022354,0,0
13410.604623852,0,1
13410.605893602,1,1
13410.608525284,0,1
13410.608561116,0,0
13411.614638502,0,1
13411.617051518,0,0
13412.624653032,0,1
13412.627066048,0,0
13413.634667562,0,1
13413.637080578,0,0
13414.644682056,0,1
13414.647095072,0,0
13415.654696548,0,1
13415.657109564,0,0
13416.664711116,0,1
13416.667124132,0,0
13417.674725654,0,1
13417.677138920,0,0
13418.684740120,0,1
13418.687153386,0,0
13419.694754654,0,1
13419.697167920,0,0
13420.704769218,0,1
13420.706038832,1,1
13420.708670792,0,1
13420.708706482,0,0
13421.714783716,0,1
13421.717196732,0,0
13422.724798268,0,1
13422.727211284,0,0
13423.734812802,0,1
13423.737225818,0,0
13424.744827286,0,1
13424.747240302,0,0
13425.754841802,0,1
13425.757254820,0,0
13426.764856324,0,1
13426.767269342,0,0
13427.774870828,0,1
13427.777283844,0,0
13428.784885384,0,1
13428.787298400,0,0
13429.794899910,0,1
13429.797312926,0,0
13430.804914412,0,1
13430.806184110,1,1
13430.808816046,0,1
13430.808851928,0,0
13431.814929070,0,1
13431.817342088,0,0
13432.824943568,0,1
13432.827356584,0,0
13433.834958136,0,1
13433.837371152,0,0
13434.844972660,0,1
13434.847385676,0,0
13435.854987158,0,1
13435.857400174,0,0
13436.865001720,0,1
13436.867414736,0,0
13437.875016258,0,1
13437.877429524,0,0
13438.885030750,0,1
13438.887443768,0,0
13439.895045292,0,1
13439.896314866,1,1
13439.898947014,0,1
13439.898982558,0,0
13440.905059794,0,1
13440.907472810,0,0
13441.915074348,0,1
13441.917487364,0,0
13442.925088838,0,1
13442.927501854,0,0
13443.935103390,0,1
13443.937516408,0,0
13444.945117898,0,1
13444.947530916,0,0
13445.955132440,0,1
13445.957545458,0,0
13446.965146970,0,1
13446.967559988,0,0
13447.975161462,0,1
13447.977574480,0,0
13448.985176006,0,1
13448.987589272,0,0
13449.995190542,0,1
13449.996460168,1,1
13449.999092318,0,1
13449.999127806,0,0
13451.005205070,0,1
13451.007618086,0,0
13452.015219574,0,1
13452.017632590,0,0
13453.025234124,0,1
13453.027647140,0,0
13454.035248632,0,1
13454.037661648,0,0
13455.045263148,0,1
13455.047676164,0,0
13456.055277660,0,1
13456.057690676,0,0
13457.065292232,0,1
13457.067705498,0,0
13458.075306718,0,1
13458.077719984,0,0
13459.085321270,0,1
13459.087734538,0,0
13460.095335806,0,1
13460.096605384,1,1
13460.099237388,0,1
13460.099273070,0,0
13461.105350252,0,1
13461.107763268,0,0
13462.115364824,0,1
13462.117777842,0,0
13463.125379338,0,1
13463.127792354,0,0
13464.135393860,0,1
13464.137806876,0,0
13465.145408416,0,1
13465.147821434,0,0
13466.155422932,0,1
13466.157835950,0,0
13467.165437430,0,1
13467.167850446,0,0
13468.175451960,0,1
13468.177864976,0,0
13469.185466486,0,1
13469.187879502,0,0
13470.195481006,0,1
13470.196750642,1,1
13470.199382616,0,1
13470.199418272,0,0
13471.205495520,0,1
13471.207908536,0,0
13472.215510052,0,1
13472.217923068,0,0
13473.225524542,0,1
13473.227937558,0,0
13474.235539058,0,1
13474.237952074,0,0
13475.245553604,0,1
13475.247966620,0,0
13476.255568148,0,1
13476.257981164,0,0
13477.265582662,0,1
13477.267995678,0,0
13478.275597192,0,1
13478.278010208,0,0
13479.285611746,0,1
13479.288024762,0,0
13480.295626206,0,1
13480.296895942,1,1
13480.299527706,0,1
13480.299563720,0,0
13481.305640922,0,1
13481.308053938,0,0
13482.315655360,0,1
13482.318068376,0,0
13483.325669894,0,1
13483.328082910,0,0
13484.335684434,0,1
13484.338097450,0,0
13485.345698980,0,1
13485.348111996,0,0
13486.355713494,0,1
13486.358126512,0,0
13487.365728044,0,1
13487.368141310,0,0
13488.375742534,0,1
13488.378155802,0,0
13489.385757084,0,1
13489.388170350,0,0
13490.395771590,0,1
13490.397041162,1,1
13490.399672916,0,1
13490.399708856,0,0
13491.405786136,0,1
13491.408199154,0,0
13492.415800598,0,1
13492.418213614,0,0
13493.425815134,0,1
13493.428228150,0,0
13494.435829686,0,1
13494.438242704,0,0
13495.445844234,0,1
13495.448257250,0,0
13496.455858728,0,1
13496.458271746,0,0
13497.465873234,0,1
13497.468286250,0,0
13498.475887734,0,1
13498.478300752,0,0
13499.485902274,0,1
13499.488315292,0,0
13500.495916852,0,1
13500.497186480,1,1
13500.499818214,0,1
13500.499854118,0,0
13501.505931356,0,1
13501.508344372,0,0
13502.515945884,0,1
13502.518358900,0,0
13503.525960358,0,1
13503.528373374,0,0
13504.535974902,0,1
13504.538387918,0,0
13505.545989452,0,1
13505.548402468,0,0
13506.556003930,0,1
13506.558416946,0,0
13507.566018470,0,1
13507.568431486,0,0
13508.576033020,0,1
13508.578446036,0,0
13509.586047540,0,1
13509.588460558,0,0
13510.596062054,0,1
13510.597331668,1,1
13510.599963848,0,1
13510.599999320,0,0
13511.606076590,0,1
13511.608489608,0,0
13512.616091104,0,1
13512.618504120,0,0
13513.626105598,0,1
13513.628518614,0,0
13514.636120130,0,1
13514.638533146,0,0
13515.646134646,0,1
13515.648547662,0,0
13516.656149164,0,1
13516.658562182,0,0
13517.666163722,0,1
13517.668576738,0,0
13518.676178206,0,1
13518.678591224,0,0
13519.686192728,0,1
13519.688605746,0,0
13520.696207294,0,1
13520.697476918,1,1
13520.700108706,0,1
13520.700144560,0,0
13521.706221786,0,1
13521.708634802,0,0
13522.716236292,0,1
13522.718649308,0,0
13523.726250834,0,1
13523.728663850,0,0
13524.736265336,0,1
13524.738678352,0,0
13525.746279900,0,1
13525.748692916,0,0
13526.756294410,0,1
13526.758707426,0,0
13527.766308912,0,1
13527.768721928,0,0
13528.776323438,0,1
13528.778736454,0,0
13529.786337994,0,1
13529.788751010,0,0
13530.796352566,0,1
13530.797622214,1,1
13530.800254388,0,1
13530.800289830,0,0
13531.806367068,0,1
13531.808780084,0,0
13532.816381542,0,1
13532.818794558,0,0
13533.826396040,0,1
13533.828809058,0,0
13534.836410612,0,1
13534.838823628,0,0
13535.846425108,0,1
13535.848838124,0,0
13536.856439670,0,1
13536.858852688,0,0
13537.866454136,0,1
13537.868867152,0,0
13538.876468680,0,1
13538.878881696,0,0
13539.886483236,0,1
13539.887752836,1,1
13539.890384718,0,1
13539.890420502,0,0
13540.896497732,0,1
13540.898910748,0,0
13541.906512274,0,1
13541.908925290,0,0
13542.916526796,0,1
13542.918939812,0,0
13543.926541312,0,1
13543.928954328,0,0
13544.936555818,0,1
13544.938968834,0,0
13545.946570368,0,1
13545.948983386,0,0
13546.956584872,0,1
13546.958997888,0,0
13547.966599392,0,1
13547.969012408,0,0
13548.976613906,0,1
13548.979026922,0,0
13549.986628434,0,1
13549.987898112,1,1
13549.990529606,0,1
13549.990565700,0,0
13550.996643058,0,1
13550.999056076,0,0
13552.006657638,0,1
13552.009070654,0,0
13553.016672120,0,1
13553.019085138,0,0
13554.026686608,0,1
13554.029099626,0,0
13555.036701166,0,1
13555.039114182,0,0
13556.046715676,0,1
13556.049128692,0,0
13557.056730214,0,1
13557.059143232,0,0
13558.066744732,0,1
13558.069157748,0,0
13559.076759248,0,1
13559.079172266,0,0
13560.086773750,0,1
13560.088043354,1,1
13560.090675136,0,1
13560.090711016,0,0
13561.096788276,0,1
13561.099201292,0,0
13562.106802852,0,1
13562.109215868,0,0
13563.116817348,0,1
13563.119230366,0,0
13564.126831868,0,1
13564.129244884,0,0
13565.136846352,0,1
13565.139259368,0,0
13566.146860920,0,1
13566.149273936,0,0
13567.156875440,0,1
13567.159288456,0,0
13568.166889954,0,1
13568.169302970,0,0
13569.176904460,0,1
13569.179317476,0,0
13570.186918994,0,1
13570.188188630,1,1
13570.190820416,0,1
13570.190856260,0,0
13571.196933542,0,1
13571.199346558,0,0
13572.206948036,0,1
13572.209361052,0,0
13573.216962572,0,1
13573.219375590,0,0
13574.226977082,0,1
13574.229390098,0,0
13575.236991576,0,1
13575.239404592,0,0
13576.247006084,0,1
13576.249419100,0,0
13577.257020656,0,1
13577.259433674,0,0
13578.267035210,0,1
13578.269448228,0,0
13579.277049728,0,1
13579.279462744,0,0
13580.287064228,0,1
13580.288333854,1,1
13580.290965550,0,1
13580.291001492,0,0
13581.297078772,0,1
13581.299491788,0,0
13582.307093234,0,1
13582.309506252,0,0
13583.317107782,0,1
13583.319520798,0,0
13584.327122322,0,1
13584.329535340,0,0
13585.337136832,0,1
13585.339549848,0,0
13586.347151362,0,1
13586.349564378,0,0
13587.357165900,0,1
13587.359578916,0,0
13588.367180394,0,1
13588.369593410,0,0
13589.377194938,0,1
13589.379607954,0,0
13590.387209466,0,1
13590.388479034,1,1
13590.391110800,0,1
13590.391146730,0,0
13591.397224010,0,1
13591.399637026,0,0
13592.407238538,0,1
13592.409651554,0,0
13593.417252992,0,1
13593.419666008,0,0
13594.427267556,0,1
13594.429680572,0,0
13595.437282064,0,1
13595.439695080,0,0
13596.447296556,0,1
13596.449709572,0,0
13597.457311112,0,1
13597.459724128,0,0
13598.467325632,0,1
13598.469738648,0,0
13599.477340162,0,1
13599.479753178,0,0
13600.487354684,0,1
13600.488624336,1,1
13600.491256080,0,1
13600.491291948,0,0
13601.497369164,0,1
13601.499782180,0,0
13602.507383688,0,1
13602.509796704,0,0
13603.517398264,0,1
13603.519811280,0,0
13604.527412732,0,1
13604.529825750,0,0
13605.537427298,0,1
13605.539840316,0,0
13606.547441830,0,1
13606.549854846,0,0
13607.557456400,0,1
13607.559869416,0,0
13608.567470852,0,1
13608.569883870,0,0
13609.577485396,0,1
13609.579898412,0,0
13610.587499892,0,1
13610.588769502,1,1
13610.591401722,0,1
13610.591437158,0,0
13611.597514418,0,1
13611.599927434,0,0
13612.607528916,0,1
13612.609941934,0,0
13613.617543512,0,1
13613.619956528,0,0
13614.627557984,0,1
13614.629971002,0,0
13615.637572476,0,1
13615.639985492,0,0
13616.647587020,0,1
13616.650000038,0,0
13617.657601528,0,1
13617.660014544,0,0
13618.667616048,0,1
13618.670029064,0,0
13619.677630604,0,1
13619.680043620,0,0
13620.687645136,0,1
13620.688914822,1,1
13620.691546630,0,1
13620.691582402,0,0
13621.697659754,0,1
13621.700072770,0,0
13622.707674266,0,1
13622.710087282,0,0
13623.717688838,0,1
13623.720101854,0,0
13624.727703344,0,1
13624.730116360,0,0
13625.737717818,0,1
13625.740130834,0,0
13626.747732360,0,1
13626.750145378,0,0
13627.757746906,0,1
13627.760159922,0,0
13628.767761442,0,1
13628.770174458,0,0
13629.777775944,0,1
13629.780188962,0,0
13630.787790458,0,1
13630.789059994,1,1
13630.791691662,0,1
13630.791727724,0,0
13631.797804856,0,1
13631.800217872,0,0
13632.807819404,0,1
13632.810232420,0,0
13633.817833910,0,1
13633.820246926,0,0
13634.827848410,0,1
13634.830261428,0,0
13635.837862936,0,1
13635.840275952,0,0
13636.847877458,0,1
13636.850290474,0,0
13637.857892010,0,1
13637.860305028,0,0
13638.867906518,0,1
13638.870319534,0,0
13639.877921018,0,1
13639.879190618,1,1
13639.881822302,0,1
13639.881858282,0,0
13640.887935570,0,1
13640.890348588,0,0
13641.897950090,0,1
13641.900363106,0,0
13642.907964590,0,1
13642.910377608,0,0
13643.917979108,0,1
13643.920392124,0,0
13644.927993656,0,1
13644.930406672,0,0
13645.938008192,0,1
13645.940421208,0,0
13646.948022660,0,1
13646.950435676,0,0
13647.958037222,0,1
13647.960450240,0,0
13648.968051700,0,1
13648.970464966,0,0
13649.978066190,0,1
13649.979335880,1,1
13649.981967606,0,1
13649.982003456,0,0
13650.988080870,0,1
13650.990493886,0,0
13651.998095398,0,1
13652.000508414,0,0
13653.008109884,0,1
13653.010522900,0,0
13654.018124420,0,1
13654.020537436,0,0
13655.028138912,0,1
13655.030551928,0,0
13656.038153444,0,1
13656.040566460,0,0
13657.048168006,0,1
13657.050581022,0,0
13658.058182526,0,1
13658.060595542,0,0
13659.068197012,0,1
13659.070610030,0,0
13660.078211534,0,1
13660.079481090,1,1
13660.082113494,0,1
13660.082148550,0,0
13661.088226090,0,1
13661.090639106,0,0
13662.098240568,0,1
13662.100653586,0,0
13663.108255112,0,1
13663.110668128,0,0
13664.118269600,0,1
13664.120682616,0,0
13665.128284178,0,1
13665.130697194,0,0
13666.138298652,0,1
13666.140711668,0,0
13667.148313186,0,1
13667.150726202,0,0
13668.158327726,0,1
13668.160740742,0,0
13669.168342236,0,1
13669.170755252,0,0
13670.178356780,0,1
13670.179626308,1,1
13670.182257670,0,1
13670.182294046,0,0
13671.188371132,0,1
13671.190784148,0,0
13672.198385618,0,1
13672.200798634,0,0
13673.208400120,0,1
13673.210813136,0,0
13674.218414662,0,1
13674.220827680,0,0
13675.228429244,0,1
13675.230842260,0,0
13676.238443770,0,1
13676.240856786,0,0
13677.248458178,0,1
13677.250871444,0,0
13678.258472700,0,1
13678.260885966,0,0
13679.268487186,0,1
13679.270900452,0,0
13680.278501724,0,1
13680.279771472,1,1
13680.282403574,0,1
13680.282439238,0,0
13681.288516370,0,1
13681.290929386,0,0
13682.298530924,0,1
13682.300943940,0,0
13683.308545396,0,1
13683.310958414,0,0
13684.318559972,0,1
13684.320972988,0,0
13685.328574478,0,1
13685.330987496,0,0
13686.338588976,0,1
13686.341001994,0,0
13687.348603474,0,1
13687.351016490,0,0
13688.358618028,0,1
13688.361031044,0,0
13689.368632548,0,1
13689.371045566,0,0
13690.378647074,0,1
13690.379916632,1,1
13690.382548256,0,1
13690.382584338,0,0
13691.388661602,0,1
13691.391074618,0,0
13692.398676086,0,1
13692.401089102,0,0
13693.408690630,0,1
13693.411103646,0,0
13694.418705098,0,1
13694.421118114,0,0
13695.428719618,0,1
13695.431132634,0,0
13696.438734178,0,1
13696.441147194,0,0
13697.448748670,0,1
13697.451161686,0,0
13698.458763186,0,1
13698.461176204,0,0
13699.468777760,0,1
13699.471190776,0,0
13700.478792264,0,1
13700.480061874,1,1
13700.482693364,0,1
13700.482729530,0,0
13701.488806766,0,1
13701.491219782,0,0
13702.498821218,0,1
13702.501234484,0,0
13703.508835738,0,1
13703.511249006,0,0
13704.518850280,0,1
13704.521263548,0,0
13705.528864780,0,1
13705.531278046,0,0
13706.538879314,0,1
13706.541292580,0,0
13707.548893806,0,1
13707.551307072,0,0
13708.558908334,0,1
13708.561321600,0,0
13709.568922810,0,1
13709.571336076,0,0
13710.578937398,0,1
13710.580207066,1,1
13710.582839036,0,1
13710.582874664,0,0
13711.588952030,0,1
13711.591365046,0,0
13712.598966564,0,1
13712.601379580,0,0
13713.608981058,0,1
13713.611394074,0,0
13714.618995628,0,1
13714.621408644,0,0
13715.629010120,0,1
13715.631423136,0,0
13716.639024604,0,1
13716.641437620,0,0
13717.649039168,0,1
13717.651452184,0,0
13718.659053630,0,1
13718.661466646,0,0
13719.669068160,0,1
13719.671481426,0,0
13720.679082684,0,1
13720.680352362,1,1
13720.682984368,0,1
13720.683019950,0,0
13721.689097320,0,1
13721.691510336,0,0
13722.699111806,0,1
13722.701524824,0,0
13723.709126372,0,1
13723.711539388,0,0
13724.719140870,0,1
13724.721553886,0,0
13725.729155420,0,1
13725.731568436,0,0
13726.739169906,0,1
13726.741582922,0,0
13727.749184470,0,1
13727.751597486,0,0
13728.759198952,0,1
13728.761611968,0,0
13729.769213456,0,1
13729.771626472,0,0
13730.779228016,0,1
13730.780497538,1,1
13730.783129148,0,1
13730.783165032,0,0
13731.789242402,0,1
13731.791655418,0,0
13732.799256942,0,1
13732.801669958,0,0
13733.809271454,0,1
13733.811684470,0,0
13734.819285952,0,1
13734.821698968,0,0
13735.829300456,0,1
13735.831713724,0,0
13736.839314990,0,1
13736.841728008,0,0
13737.849329490,0,1
13737.851742756,0,0
13738.859343990,0,1
13738.861757256,0,0
13739.869358522,0,1
13739.870628198,1,1
13739.873257380,0,1
13739.873257388,1,1
13739.873258716,0,1
13739.873258724,1,1
13739.873258896,0,1
13739.873258904,1,1
13739.873260048,0,1
13739.873295788,0,0
13740.879373160,0,1
13740.881786176,0,0
13741.889387670,0,1
13741.891800686,0,0
13742.899402216,0,1
13742.901815232,0,0
13743.909416718,0,1
13743.911829734,0,0
13744.919431238,0,1
13744.921844256,0,0
13745.929445738,0,1
13745.931858754,0,0
13746.939460288,0,1
13746.941873304,0,0
13747.949474784,0,1
13747.951887800,0,0
13748.959489314,0,1
13748.961902332,0,0
13749.969503822,0,1
13749.970773370,1,1
13749.973405196,0,1
13749.973408094,1,1
13749.973408098,0,1
13749.973440838,0,0
13750.979518424,0,1
13750.981931440,0,0
13751.989532848,0,1
13751.991945866,0,0
13752.999547360,0,1
13753.001960376,0,0
13754.009561912,0,1
13754.011974928,0,0
13755.019576456,0,1
13755.021989472,0,0
13756.029590994,0,1
13756.032004010,0,0
13757.039605516,0,1
13757.042018532,0,0
13758.049620014,0,1
13758.052033032,0,0
13759.059634474,0,1
13759.062047490,0,0
13760.069649084,0,1
13760.070918534,1,1
13760.073550146,0,1
13760.073586350,0,0
13761.079663450,0,1
13761.082076468,0,0
13762.089677920,0,1
13762.092090936,0,0
13763.099692444,0,1
13763.102105460,0,0
13764.109706988,0,1
13764.112120004,0,0
13765.119721490,0,1
13765.122134756,0,0
13766.129735966,0,1
13766.132149234,0,0
13767.139750538,0,1
13767.142163806,0,0
13768.149765032,0,1
13768.152178298,0,0
13769.159779542,0,1
13769.162192808,0,0
13770.169794076,0,1
13770.171063832,1,1
13770.173695098,0,1
13770.173731592,0,0
13771.179808752,0,1
13771.182221768,0,0
13772.189823252,0,1
13772.192236268,0,0
13773.199837810,0,1
13773.202250828,0,0
13774.209852278,0,1
13774.212265294,0,0
13775.219866792,0,1
13775.222279808,0,0
13776.229881314,0,1
13776.232294330,0,0
13777.239895822,0,1
13777.242308840,0,0
13778.249910382,0,1
13778.252323398,0,0
13779.259924858,0,1
13779.262337874,0,0
13780.269939376,0,1
13780.271208958,1,1
13780.273841028,0,1
13780.273876642,0,0
13781.279953952,0,1
13781.282366968,0,0
13782.289968438,0,1
13782.292381454,0,0
13783.299982982,0,1
13783.302395998,0,0
13784.309997490,0,1
13784.312410506,0,0
13785.320011986,0,1
13785.322425002,0,0
13786.330026568,0,1
13786.332439584,0,0
13787.340041068,0,1
13787.342454086,0,0
13788.350055602,0,1
13788.352468618,0,0
13789.360070144,0,1
13789.362483162,0,0
13790.370084566,0,1
13790.371354182,1,1
13790.373985788,0,1
13790.374021832,0,0
13791.380099080,0,1
13791.382512096,0,0
13792.390113648,0,1
13792.392526664,0,0
13793.400128032,0,1
13793.402541298,0,0
13794.410142626,0,1
13794.412555892,0,0
13795.420157154,0,1
13795.422570420,0,0
13796.430171592,0,1
13796.432584858,0,0
13797.440186188,0,1
13797.442599456,0,0
13798.450200700,0,1
13798.452613966,0,0
13799.460215230,0,1
13799.462628496,0,0
13800.470229698,0,1
13800.471499416,1,1
13800.474130828,0,1
13800.474167212,0,0
13801.480244402,0,1
13801.482657418,0,0
13802.490258806,0,1
13802.492672072,0,0
13803.500273358,0,1
13803.502686626,0,0
13804.510287830,0,1
13804.512701096,0,0
13805.520302376,0,1
13805.522715642,0,0
13806.530316898,0,1
13806.532730164,0,0
13807.540331418,0,1
13807.542744684,0,0
13808.550345938,0,1
13808.552759204,0,0
13809.560360424,0,1
13809.562773692,0,0
13810.570374926,0,1
13810.571644570,1,1
13810.574275862,0,1
13810.574312190,0,0
13811.580389456,0,1
13811.582802472,0,0
13812.590404016,0,1
13812.592817032,0,0
13813.600418552,0,1
13813.602831570,0,0
13814.610433076,0,1
13814.612846092,0,0
13815.620447488,0,1
13815.622860754,0,0
13816.630462052,0,1
13816.632875068,0,0
13817.640476528,0,1
13817.642889796,0,0
13818.650491042,0,1
13818.652904308,0,0
13819.660505518,0,1
13819.662918786,0,0
13820.670520074,0,1
13820.671789736,1,1
13820.674421662,0,1
13820.674457340,0,0
13821.680534578,0,1
13821.682947594,0,0
13822.690549068,0,1
13822.692962336,0,0
13823.700563558,0,1
13823.702976824,0,0
13824.710578114,0,1
13824.712991380,0,0
13825.720592628,0,1
13825.723005894,0,0
13826.730607188,0,1
13826.733020454,0,0
13827.740621660,0,1
13827.743034926,0,0
13828.750636168,0,1
13828.753049434,0,0
13829.760650670,0,1
13829.763063936,0,0
13830.770665184,0,1
13830.771934906,1,1
13830.774566894,0,1
13830.774602700,0,0
13831.780679866,0,1
13831.783092884,0,0
13832.790694380,0,1
13832.793107396,0,0
13833.800708828,0,1
13833.803122094,0,0
13834.810723358,0,1
13834.813136624,0,0
13835.820737852,0,1
13835.823151118,0,0
13836.830752360,0,1
13836.833165626,0,0
13837.840766904,0,1
13837.843180170,0,0
13838.850781414,0,1
13838.853194680,0,0
13839.860795904,0,1
13839.862065606,1,1
13839.864697798,0,1
13839.864733420,0,0
13840.870810580,0,1
13840.873223596,0,0
13841.880825100,0,1
13841.883238116,0,0
13842.890839564,0,1
13842.893252580,0,0
13843.900854084,0,1
13843.903267102,0,0
13844.910868594,0,1
13844.913281612,0,0
13845.920883186,0,1
13845.923296202,0,0
13846.930897638,0,1
13846.933310654,0,0
13847.940912170,0,1
13847.943325188,0,0
13848.950926676,0,1
13848.953339694,0,0
13849.960941222,0,1
13849.962210806,1,1
13849.964842542,0,1
13849.964878486,0,0
13850.970955766,0,1
13850.973368782,0,0
13851.980970240,0,1
13851.983383258,0,0
13852.990984778,0,1
13852.993397794,0,0
13854.000999304,0,1
13854.003412320,0,0
13855.011013778,0,1
13855.013426794,0,0
13856.021028306,0,1
13856.023441322,0,0
13857.031042858,0,1
13857.033455874,0,0
13858.041057358,0,1
13858.043470374,0,0
13859.051071868,0,1
13859.053484884,0,0
13860.061086368,0,1
13860.062356012,1,1
13860.064988022,0,1
13860.065023634,0,0
13861.071100832,0,1
13861.073513848,0,0
13862.081115376,0,1
13862.083528392,0,0
13863.091129828,0,1
13863.093542846,0,0
13864.101144378,0,1
13864.103557394,0,0
13865.111158874,0,1
13865.113571892,0,0
13866.121173416,0,1
13866.123586434,0,0
13867.131187952,0,1
13867.133600968,0,0
13868.141202422,0,1
13868.143615438,0,0
13869.151216952,0,1
13869.153629968,0,0
13870.161231402,0,1
13870.162501104,1,1
13870.165132816,0,1
13870.165168916,0,0
13871.171246044,0,1
13871.173659060,0,0
13872.181260620,0,1
13872.183673636,0,0
13873.191275106,0,1
13873.193688124,0,0
13874.201289572,0,1
13874.203702588,0,0
13875.211304090,0,1
13875.213717106,0,0
13876.221318666,0,1
13876.223731684,0,0
13877.231333120,0,1
13877.233746136,0,0
13878.241347644,0,1
13878.243760662,0,0
13879.251362164,0,1
13879.253775182,0,0
13880.261376658,0,1
13880.262646242,1,1
13880.265278302,0,1
13880.265313922,0,0
13881.271391190,0,1
13881.273804206,0,0
13882.281405716,0,1
13882.283818732,0,0
13883.291420226,0,1
13883.293833242,0,0
13884.301434734,0,1
13884.303847750,0,0
13885.311449252,0,1
13885.313862270,0,0
13886.321463788,0,1
13886.323876804,0,0
13887.331478318,0,1
13887.333891334,0,0
13888.341492804,0,1
13888.343905822,0,0
13889.351507312,0,1
13889.353920328,0,0
13890.361521866,0,1
13890.362791334,1,1
13890.365422916,0,1
13890.365459132,0,0
13891.371536208,0,1
13891.373949224,0,0
13892.381550746,0,1
13892.383963762,0,0
13893.391565230,0,1
13893.393978246,0,0
13894.401579748,0,1
13894.403992764,0,0
13895.411594262,0,1
13895.414007528,0,0
13896.421608820,0,1
13896.424021836,0,0
13897.431623266,0,1
13897.434036532,0,0
13898.441637760,0,1
13898.444051028,0,0
13899.451652246,0,1
13899.454065512,0,0
13900.461666746,0,1
13900.462936482,1,1
13900.465568218,0,1
13900.465604262,0,0
13901.471681394,0,1
13901.474094410,0,0
13902.481695922,0,1
13902.484108938,0,0
13903.491710486,0,1
13903.494123502,0,0
13904.501724940,0,1
13904.504137956,0,0
13905.511739486,0,1
13905.514152502,0,0
13906.521753984,0,1
13906.524167002,0,0
13907.531768488,0,1
13907.534181504,0,0
13908.541782994,0,1
13908.544196010,0,0
13909.551797522,0,1
13909.554210540,0,0
13910.561812062,0,1
13910.563081680,1,1
13910.565713386,0,1
13910.565749328,0,0
13911.571826556,0,1
13911.574239572,0,0
13912.581841040,0,1
13912.584254056,0,0
13913.591855612,0,1
13913.594268628,0,0
13914.601870116,0,1
13914.604283132,0,0
13915.611884590,0,1
13915.614297608,0,0
13916.621899130,0,1
13916.624312146,0,0
13917.631913612,0,1
13917.634326630,0,0
13918.641928156,0,1
13918.644341172,0,0
13919.651942658,0,1
13919.654355674,0,0
13920.661957196,0,1
13920.663226758,1,1
13920.665858338,0,1
13920.665894462,0,0
13921.671971654,0,1
13921.674384670,0,0
13922.681986186,0,1
13922.684399202,0,0
13923.692000684,0,1
13923.694413700,0,0
13924.702015206,0,1
13924.704428222,0,0
13925.712029736,0,1
13925.714442752,0,0
13926.722044172,0,1
13926.724457438,0,0
13927.732058662,0,1
13927.734471930,0,0
13928.742073194,0,1
13928.744486460,0,0
13929.752087706,0,1
13929.754500972,0,0
13930.762102260,0,1
13930.763371828,1,1
13930.766003694,0,1
13930.766039526,0,0
13931.772116734,0,1
13931.774529750,0,0
13932.782131272,0,1
13932.784544288,0,0
13933.792145746,0,1
13933.794559012,0,0
13934.802160248,0,1
13934.804573514,0,0
13935.812174736,0,1
13935.814588002,0,0
13936.822189234,0,1
13936.824602500,0,0
13937.832203786,0,1
13937.834617052,0,0
13938.842218274,0,1
13938.844631540,0,0
13939.852232788,0,1
13939.853502464,1,1
13939.856134090,0,1
13939.856170054,0,0
13940.862247426,0,1
13940.864660444,0,0
13941.872261914,0,1
13941.874674930,0,0
13942.882276460,0,1
13942.884689476,0,0
13943.892290958,0,1
13943.894703974,0,0
13944.902305458,0,1
13944.904718476,0,0
13945.912319996,0,1
13945.914733012,0,0
13946.922334522,0,1
13946.924747538,0,0
13947.932349012,0,1
13947.934762028,0,0
13948.942363538,0,1
13948.944776554,0,0
13949.952378038,0,1
13949.953647566,1,1
13949.956279294,0,1
13949.956315054,0,0
13950.962392296,0,1
13950.964805562,0,0
13951.972406852,0,1
13951.974820120,0,0
13952.982421358,0,1
13952.984834626,0,0
13953.992435880,0,1
13953.994849146,0,0
13955.002450352,0,1
13955.004863620,0,0
13956.012464876,0,1
13956.014878142,0,0
13957.022479422,0,1
13957.024892690,0,0
13958.032493940,0,1
13958.034907208,0,0
13959.042508416,0,1
13959.044921682,0,0
13960.052522924,0,1
13960.053792668,1,1
13960.056424444,0,1
13960.056460188,0,0
13961.062537550,0,1
13961.064950566,0,0
13962.072552022,0,1
13962.074965288,0,0
13963.082566502,0,1
13963.084979770,0,0
13964.092581022,0,1
13964.094994290,0,0
13965.102595470,0,1
13965.105008738,0,0
13966.112610060,0,1
13966.115023326,0,0
13967.122624536,0,1
13967.125037804,0,0
13968.132639092,0,1
13968.135052358,0,0
13969.142653554,0,1
13969.145066820,0,0
13970.152668100,0,1
13970.153937710,1,1
13970.156569114,0,1
13970.156605364,0,0
13971.162682590,0,1
13971.165095606,0,0
13972.172697116,0,1
13972.175110132,0,0
13973.182711580,0,1
13973.185124596,0,0
13974.192726136,0,1
13974.195139154,0,0
13975.202740558,0,1
13975.205153824,0,0
13976.212755148,0,1
13976.215168166,0,0
13977.222769594,0,1
13977.225182860,0,0
13978.232784082,0,1
13978.235197350,0,0
13979.242798602,0,1
13979.245211868,0,0
13980.252813108,0,1
13980.254082882,1,1
13980.256714668,0,1
13980.256750372,0,0
13981.262827782,0,1
13981.265240798,0,0
13982.272842240,0,1
13982.275255256,0,0
13983.282856754,0,1
13983.285269770,0,0
13984.292871294,0,1
13984.295284310,0,0
13985.302885796,0,1
13985.305298812,0,0
13986.312900204,0,1
13986.315313470,0,0
13987.322914704,0,1
13987.325327970,0,0
13988.332929276,0,1
13988.335342542,0,0
13989.342943780,0,1
13989.345357046,0,0
13990.352958316,0,1
13990.354227882,1,1
13990.356859646,0,1
13990.356895580,0,0
13991.362972770,0,1
13991.365385786,0,0
13992.372987288,0,1
13992.375400304,0,0
13993.383001712,0,1
13993.385414978,0,0
13994.393016252,0,1
13994.395429518,0,0
13995.403030766,0,1
13995.405444032,0,0
13996.413045274,0,1
13996.415458540,0,0
13997.423059770,0,1
13997.425473036,0,0
13998.433074250,0,1
13998.435487516,0,0
13999.443088730,0,1
13999.445501996,0,0
14000.453103276,0,1
14000.454372974,1,1
14000.457005274,0,1
14000.457040790,0,0
14001.463117864,0,1
14001.465531130,0,0
14002.473132368,0,1
14002.475545634,0,0
14003.483146904,0,1
14003.485560170,0,0
14004.493161386,0,1
14004.495574654,0,0
14005.503175918,0,1
14005.505589186,0,0
14006.513190434,0,1
14006.515603700,0,0
14007.523204948,0,1
14007.525618216,0,0
14008.533219432,0,1
14008.535632698,0,0
14009.543233940,0,1
14009.545647206,0,0
14010.553248430,0,1
14010.554518058,1,1
14010.557149654,0,1
14010.557185694,0,0
14011.563262988,0,1
14011.565676006,0,0
14012.573277456,0,1
14012.575690474,0,0
14013.583291980,0,1
14013.585704996,0,0
14014.593306474,0,1
14014.595719490,0,0
14015.603320990,0,1
14015.605734256,0,0
14016.613335438,0,1
14016.615748704,0,0
14017.623349940,0,1
14017.625763206,0,0
14018.633364480,0,1
14018.635777746,0,0
14019.643378944,0,1
14019.645792210,0,0
14020.653393484,0,1
14020.654663122,1,1
14020.657294848,0,1
14020.657330750,0,0
14021.663407986,0,1
14021.665821002,0,0
14022.673422406,0,1
14022.675835672,0,0
14023.683436900,0,1
14023.685850166,0,0
14024.693451450,0,1
14024.695864716,0,0
14025.703465976,0,1
14025.705879244,0,0
14026.713480450,0,1
14026.715893716,0,0
14027.723494962,0,1
14027.725908230,0,0
14028.733509460,0,1
14028.735922728,0,0
14029.743524022,0,1
14029.745937288,0,0
14030.753538472,0,1
14030.754808224,1,1
14030.757439656,0,1
14030.757475986,0,0
14031.763553122,0,1
14031.765966140,0,0
14032.773567626,0,1
14032.775980642,0,0
14033.783582176,0,1
14033.785995192,0,0
14034.793596654,0,1
14034.796009670,0,0
14035.803611184,0,1
14035.806024202,0,0
14036.813625648,0,1
14036.816038666,0,0
14037.823640204,0,1
14037.826053220,0,0
14038.833654672,0,1
14038.836067688,0,0
14039.843669174,0,1
14039.844938750,1,1
14039.847570764,0,1
14039.847606438,0,0
14040.853683706,0,1
14040.856096722,0,0
14041.863698204,0,1
14041.866111220,0,0
14042.873712682,0,1
14042.876125698,0,0
14043.883727232,0,1
14043.886140248,0,0
14044.893741760,0,1
14044.896154776,0,0
14045.903756212,0,1
14045.906169478,0,0
14046.913770704,0,1
14046.916183972,0,0
14047.923785182,0,1
14047.926198448,0,0
14048.933799672,0,1
14048.936212938,0,0
14049.943814196,0,1
14049.945083856,1,1
14049.947715510,0,1
14049.947751462,0,0
14050.953828694,0,1
14050.956241710,0,0
14051.963843244,0,1
14051.966256260,0,0
14052.973857764,0,1
14052.976270780,0,0
14053.983872196,0,1
14053.986285212,0,0
14054.993886666,0,1
14054.996299932,0,0
14056.003901192,0,1
14056.006314458,0,0
14057.013915708,0,1
14057.016328976,0,0
14058.023930208,0,1
14058.026343476,0,0
14059.033944736,0,1
14059.036358002,0,0
14060.043959200,0,1
14060.045228896,1,1
14060.047860868,0,1
14060.047896466,0,0
14061.053973896,0,1
14061.056386912,0,0
14062.063988412,0,1
14062.066401428,0,0
14063.074002932,0,1
14063.076415948,0,0
14064.084017388,0,1
14064.086430406,0,0
14065.094031896,0,1
14065.096444912,0,0
14066.104046420,0,1
14066.106459436,0,0
14067.114060874,0,1
14067.116474140,0,0
14068.124075328,0,1
14068.126488594,0,0
14069.134089858,0,1
14069.136503124,0,0
14070.144104414,0,1
14070.145373916,1,1
14070.148005536,0,1
14070.148041680,0,0
14071.154118708,0,1
14071.156531974,0,0
14072.164133206,0,1
14072.166546472,0,0
14073.174147670,0,1
14073.176560936,0,0
14074.184162218,0,1
14074.186575484,0,0
14075.194176734,0,1
14075.196590002,0,0
14076.204191248,0,1
14076.206604514,0,0
14077.214205794,0,1
14077.216618812,0,0
14078.224220268,0,1
14078.226633284,0,0
14079.234234754,0,1
14079.236647772,0,0
14080.244249302,0,1
14080.245519072,1,1
14080.248150780,0,1
14080.248186568,0,0
14081.254263848,0,1
14081.256676864,0,0
14082.264278302,0,1
14082.266691568,0,0
14083.274292878,0,1
14083.276706144,0,0
14084.284307316,0,1
14084.286720582,0,0
14085.294321884,0,1
14085.296735152,0,0
14086.304336322,0,1
14086.306749588,0,0
14087.314350890,0,1
14087.316764156,0,0
14088.324365356,0,1
14088.326778622,0,0
14089.334379910,0,1
14089.336793176,0,0
14090.344394388,0,1
14090.345664054,1,1
14090.348295326,0,1
14090.348331654,0,0
14091.354409046,0,1
14091.356822062,0,0
14092.364423540,0,1
14092.366836556,0,0
14093.374437998,0,1
14093.376851014,0,0
14094.384452522,0,1
14094.386865538,0,0
14095.394466946,0,1
14095.396880212,0,0
14096.404481482,0,1
14096.406894748,0,0
14097.414496030,0,1
14097.416909296,0,0
14098.424510506,0,1
14098.426923772,0,0
14099.434525012,0,1
14099.436938280,0,0
14100.444539542,0,1
14100.445809178,1,1
14100.448441456,0,1
14100.448476808,0,0
14101.454554032,0,1
14101.456967048,0,0
14102.464568500,0,1
14102.466981516,0,0
14103.474583076,0,1
14103.476996092,0,0
14104.484597536,0,1
14104.487010552,0,0
14105.494612082,0,1
14105.497025098,0,0
14106.504626504,0,1
14106.507039772,0,0
14107.514641002,0,1
14107.517054270,0,0
14108.524655518,0,1
14108.527068784,0,0
14109.534670002,0,1
14109.537083268,0,0
14110.544684496,0,1
14110.545954218,1,1
14110.548585698,0,1
14110.548622012,0,0
14111.554699182,0,1
14111.557112198,0,0
14112.564713658,0,1
14112.567126674,0,0
14113.574728198,0,1
14113.577141214,0,0
14114.584742654,0,1
14114.587155670,0,0
14115.594757104,0,1
14115.597170372,0,0
14116.604771688,0,1
14116.607184706,0,0
14117.614786158,0,1
14117.617199424,0,0
14118.624800694,0,1
14118.627213960,0,0
14119.634815140,0,1
14119.637228406,0,0
14120.644829656,0,1
14120.646099224,1,1
14120.648731012,0,1
14120.648766920,0,0
14121.654844168,0,1
14121.657257184,0,0
14122.664858714,0,1
14122.667271730,0,0
14123.674873118,0,1
14123.677286384,0,0
14124.684887646,0,1
14124.687300914,0,0
14125.694902124,0,1
14125.697315390,0,0
14126.704916668,0,1
14126.707329934,0,0
14127.714931176,0,1
14127.717344442,0,0
14128.724945674,0,1
14128.727358940,0,0
14129.734960134,0,1
14129.737373400,0,0
14130.744974674,0,1
14130.746244358,1,1
14130.748876516,0,1
14130.748911938,0,0
14131.754989330,0,1
14131.757402346,0,0
14132.765003802,0,1
14132.767416818,0,0
14133.775018358,0,1
14133.777431374,0,0
14134.785032832,0,1
14134.787445848,0,0
14135.795047360,0,1
14135.797460376,0,0
14136.805061846,0,1
14136.807474862,0,0
14137.815076368,0,1
14137.817489386,0,0
14138.825090872,0,1
14138.827503890,0,0
14139.835105406,0,1
14139.836374874,1,1
14139.839006592,0,1
14139.839042672,0,0
14140.845119780,0,1
14140.847532796,0,0
14141.855134250,0,1
14141.857547516,0,0
14142.865148710,0,1
14142.867561978,0,0
14143.875163244,0,1
14143.877576512,0,0
14144.885177774,0,1
14144.887591040,0,0
14145.895192284,0,1
14145.897605550,0,0
14146.905206788,0,1
14146.907619804,0,0
14147.915221300,0,1
14147.917634316,0,0
14148.925235796,0,1
14148.927648814,0,0
14149.935250272,0,1
14149.936519968,1,1
14149.939151978,0,1
14149.939187538,0,0
14150.945264914,0,1
14150.947677930,0,0
14151.955279436,0,1
14151.957692454,0,0
14152.965293938,0,1
14152.967706954,0,0
14153.975308448,0,1
14153.977721466,0,0
14154.985322978,0,1
14154.987735994,0,0
14155.995337408,0,1
14155.997750426,0,0
14157.005351948,0,1
14157.007764966,0,0
14158.015366466,0,1
14158.017779484,0,0
14159.025381008,0,1
14159.027794026,0,0
14160.035395498,0,1
14160.036664972,1,1
14160.039296724,0,1
14160.039332762,0,0
14161.045409904,0,1
14161.047822920,0,0
14162.055424386,0,1
14162.057837402,0,0
14163.065438852,0,1
14163.067852120,0,0
14164.075453288,0,1
14164.077866554,0,0
14165.085467850,0,1
14165.087881116,0,0
14166.095482356,0,1
14166.097895622,0,0
14167.105496876,0,1
14167.107910142,0,0
14168.115511390,0,1
14168.117924656,0,0
14169.125525836,0,1
14169.127939104,0,0
14170.135540346,0,1
14170.136809992,1,1
14170.139441554,0,1
14170.139477610,0,0
14171.145554924,0,1
14171.147967940,0,0
14172.155569312,0,1
14172.157982580,0,0
14173.165583864,0,1
14173.167997130,0,0
14174.175598318,0,1
14174.178011586,0,0
14175.185612884,0,1
14175.188026150,0,0
14176.195627382,0,1
14176.198040648,0,0
14177.205641890,0,1
14177.208055156,0,0
14178.215656372,0,1
14178.218069640,0,0
14179.225670868,0,1
14179.228084134,0,0
14180.235685408,0,1
14180.236955132,1,1
14180.239587336,0,1
14180.239622924,0,0
14181.245700044,0,1
14181.248113060,0,0
14182.255714490,0,1
14182.258127756,0,0
14183.265728980,0,1
14183.268142248,0,0
14184.275743482,0,1
14184.278156748,0,0
14185.285758012,0,1
14185.288171278,0,0
14186.295772506,0,1
14186.298185772,0,0
14187.305787030,0,1
14187.308200298,0,0
14188.315801548,0,1
14188.318214814,0,0
14189.325816028,0,1
14189.328229294,0,0
14190.335830522,0,1
14190.337100212,1,1
14190.339731978,0,1
14190.339767788,0,0
14191.345845150,0,1
14191.348258166,0,0
14192.355859660,0,1
14192.358272676,0,0
14193.365874206,0,1
14193.368287222,0,0
14194.375888646,0,1
14194.378301912,0,0
14195.385903170,0,1
14195.388316436,0,0
14196.395917636,0,1
14196.398330902,0,0
14197.405932154,0,1
14197.408345420,0,0
14198.415946634,0,1
14198.418359900,0,0
14199.425961178,0,1
14199.428374444,0,0
14200.435975664,0,1
14200.437245296,1,1
14200.439877340,0,1
14200.439912930,0,0
14201.445990202,0,1
14201.448403216,0,0
14202.456004706,0,1
14202.458417722,0,0
14203.466019158,0,1
14203.468432424,0,0
14204.476033656,0,1
14204.478446924,0,0
14205.486048124,0,1
14205.488461390,0,0
14206.496062656,0,1
14206.498475924,0,0
14207.506077122,0,1
14207.508490388,0,0
14208.516091660,0,1
14208.518504926,0,0
14209.526106136,0,1
14209.528519402,0,0
14210.536120672,0,1
14210.537390356,1,1
14210.540022752,0,1
14210.540057938,0,0
14211.546135318,0,1
14211.548548334,0,0
14212.556149828,0,1
14212.558562844,0,0
14213.566164276,0,1
14213.568577544,0,0
14214.576178762,0,1
14214.578592030,0,0
14215.586193288,0,1
14215.588606554,0,0
14216.596207828,0,1
14216.598621096,0,0
14217.606222336,0,1
14217.608635602,0,0
14218.616236834,0,1
14218.618650102,0,0
14219.626251312,0,1
14219.628664578,0,0
14220.636265810,0,1
14220.637535396,1,1
14220.640166882,0,1
14220.640203076,0,0
14221.646280370,0,1
14221.648693386,0,0
14222.656294872,0,1
14222.658707890,0,0
14223.666309340,0,1
14223.668722356,0,0
14224.676323838,0,1
14224.678736854,0,0
14225.686338438,0,1
14225.688751454,0,0
14226.696352868,0,1
14226.698765884,0,0
14227.706367386,0,1
14227.708780402,0,0
14228.716381932,0,1
14228.718794948,0,0
14229.726396306,0,1
14229.728809572,0,0
14230.736410866,0,1
14230.737680432,1,1
14230.740312118,0,1
14230.740348132,0,0
14231.746425350,0,1
14231.748838368,0,0
14232.756439830,0,1
14232.758853096,0,0
14233.766454330,0,1
14233.768867596,0,0
14234.776468828,0,1
14234.778882094,0,0
14235.786483332,0,1
14235.788896598,0,0
14236.796497866,0,1
14236.798911132,0,0
14237.806512318,0,1
14237.808925586,0,0
14238.816526830,0,1
14238.818940098,0,0
14239.826541364,0,1
14239.828954630,0,0
14240.836555902,0,1
14240.837825454,1,1
14240.840456978,0,1
14240.840492916,0,0
14241.846570348,0,1
14241.848983364,0,0
14242.856584766,0,1
14242.858998032,0,0
14243.866599288,0,1
14243.869012556,0,0
14244.876613850,0,1
14244.879027116,0,0
14245.886628318,0,1
14245.889041584,0,0
14246.896642846,0,1
14246.899056112,0,0
14247.906657390,0,1
14247.909070658,0,0
14248.916671834,0,1
14248.919085100,0,0
14249.926686364,0,1
14249.927956062,1,1
14249.930587844,0,1
14249.930623880,0,0
14250.936701000,0,1
14250.939114018,0,0
14251.946715514,0,1
14251.949128530,0,0
14252.956729972,0,1
14252.959142988,0,0
14253.966744506,0,1
14253.969157522,0,0
14254.976759022,0,1
14254.979172038,0,0
14255.986773530,0,1
14255.989186546,0,0
14256.996788020,0,1
14256.999201036,0,0
14258.006802534,0,1
14258.009215550,0,0
14259.016817052,0,1
14259.019230068,0,0
14260.026831524,0,1
14260.028101092,1,1
14260.030732888,0,1
14260.030768790,0,0
14261.036846084,0,1
14261.039259102,0,0
14262.046860548,0,1
14262.049273566,0,0
14263.056875100,0,1
14263.059288118,0,0
14264.066889542,0,1
14264.069302558,0,0
14265.076904004,0,1
14265.079317270,0,0
14266.086918554,0,1
14266.089331820,0,0
14267.096933034,0,1
14267.099346300,0,0
14268.106947574,0,1
14268.109360842,0,0
14269.116962082,0,1
14269.119375348,0,0
14270.126976570,0,1
14270.128246186,1,1
14270.130877872,0,1
14270.130913836,0,0
14271.136991104,0,1
14271.139404120,0,0
14272.147005526,0,1
14272.149418794,0,0
14273.157020006,0,1
14273.159433274,0,0
14274.167034504,0,1
14274.169447770,0,0
14275.177049074,0,1
14275.179462340,0,0
14276.187063548,0,1
14276.189476814,0,0
14277.197078080,0,1
14277.199491346,0,0
14278.207092538,0,1
14278.209505804,0,0
14279.217107042,0,1
14279.219520308,0,0
14280.227121546,0,1
14280.228391230,1,1
14280.231022910,0,1
14280.231058812,0,0
14281.237136198,0,1
14281.239549214,0,0
14282.247150744,0,1
14282.249563760,0,0
14283.257165184,0,1
14283.259578200,0,0
14284.267179696,0,1
14284.269592964,0,0
14285.277194198,0,1
14285.279607466,0,0
14286.287208706,0,1
14286.289621972,0,0
14287.297223180,0,1
14287.299636446,0,0
14288.307237668,0,1
14288.309650936,0,0
14289.317252220,0,1
14289.319665486,0,0
14290.327266714,0,1
14290.328536206,1,1
14290.331168054,0,1
14290.331203728,0,0
14291.337281082,0,1
14291.339694098,0,0
14292.347295538,0,1
14292.349708806,0,0
14293.357310072,0,1
14293.359723338,0,0
14294.367324552,0,1
14294.369737818,0,0
14295.377339026,0,1
14295.379752292,0,0
14296.387353564,0,1
14296.389766830,0,0
14297.397368030,0,1
14297.399781296,0,0
14298.407382594,0,1
14298.409795860,0,0
14299.417397122,0,1
14299.419810390,0,0
14300.427411568,0,1
14300.428681298,1,1
14300.431313356,0,1
14300.431349082,0,0
14301.437426154,0,1
14301.439839172,0,0
14302.447440704,0,1
14302.449853970,0,0
14303.457455174,0,1
14303.459868440,0,0
14304.467469662,0,1
14304.469882928,0,0
14305.477484142,0,1
14305.479897408,0,0
14306.487498668,0,1
14306.489911936,0,0
14307.497513176,0,1
14307.499926444,0,0
14308.507527666,0,1
14308.509940932,0,0
14309.517542150,0,1
14309.519955416,0,0
14310.527556658,0,1
14310.528826288,1,1
14310.531457940,0,1
14310.531493924,0,0
14311.537571222,0,1
14311.539984240,0,0
14312.547585626,0,1
14312.549998892,0,0
14313.557600142,0,1
14313.560013408,0,0
14314.567614660,0,1
14314.570027926,0,0
14315.577629184,0,1
14315.580042450,0,0
14316.587643658,0,1
14316.590056924,0,0
14317.597658184,0,1
14317.600071450,0,0
14318.607672682,0,1
14318.610085948,0,0
14319.617687204,0,1
14319.620100470,0,0
14320.627701670,0,1
14320.628971322,1,1
14320.631602830,0,1
14320.631638936,0,0
14321.637716282,0,1
14321.640129298,0,0
14322.647730794,0,1
14322.650143810,0,0
14323.657745334,0,1
14323.660158350,0,0
14324.667759794,0,1
14324.670172812,0,0
14325.677774326,0,1
14325.680187594,0,0
14326.687788798,0,1
14326.690202066,0,0
14327.697803254,0,1
14327.700216520,0,0
14328.707817746,0,1
14328.710231014,0,0
14329.717832298,0,1
14329.720245564,0,0
14330.727846776,0,1
14330.729116342,1,1
14330.731747938,0,1
14330.731784040,0,0
14331.737861286,0,1
14331.740274302,0,0
14332.747875760,0,1
14332.750289026,0,0
14333.757890288,0,1
14333.760303556,0,0
14334.767904760,0,1
14334.770318028,0,0
14335.777919268,0,1
14335.780332534,0,0
14336.787933756,0,1
14336.790347022,0,0
14337.797948246,0,1
14337.800361512,0,0
14338.807962744,0,1
14338.810376010,0,0
14339.817977300,0,1
14339.820390566,0,0
14340.827991786,0,1
14340.829261314,1,1
14340.831893210,0,1
14340.831928800,0,0
14341.838006120,0,1
14341.840419386,0,0
14342.848020608,0,1
14342.850433874,0,0
14343.858035144,0,1
14343.860448410,0,0
14344.868049570,0,1
14344.870462836,0,0
14345.878064096,0,1
14345.880477362,0,0
14346.888078582,0,1
14346.890491848,0,0
14347.898093112,0,1
14347.900506378,0,0
14348.908107588,0,1
14348.910520604,0,0
14349.918122126,0,1
14349.919391848,1,1
14349.922023600,0,1
14349.922059642,0,0
14350.928136732,0,1
14350.930549998,0,0
14351.938151240,0,1
14351.940564508,0,0
14352.948165688,0,1
14352.950578954,0,0
14353.958180210,0,1
14353.960593476,0,0
14354.968194726,0,1
14354.970607742,0,0
14355.978209228,0,1
14355.980622244,0,0
14356.988223694,0,1
14356.990636710,0,0
14357.998238222,0,1
14358.000651238,0,0
14359.008252770,0,1
14359.010665786,0,0
14360.018267282,0,1
14360.019536844,1,1
14360.022168538,0,1
14360.022204548,0,0
14361.028281682,0,1
14361.030694948,0,0
14362.038296182,0,1
14362.040709448,0,0
14363.048310710,0,1
14363.050723976,0,0
14364.058325180,0,1
14364.060738446,0,0
14365.068339728,0,1
14365.070752994,0,0
14366.078354188,0,1
14366.080767454,0,0
14367.088368688,0,1
14367.090781954,0,0
14368.098383176,0,1
14368.100796192,0,0
14369.108397710,0,1
14369.110810726,0,0
14370.118412250,0,1
14370.119681826,1,1
14370.122313556,0,1
14370.122349516,0,0
14371.128426628,0,1
14371.130839894,0,0
14372.138441198,0,1
14372.140854464,0,0
14373.148455668,0,1
14373.150868934,0,0
14374.158470164,0,1
14374.160883430,0,0
14375.168484690,0,1
14375.170897956,0,0
14376.178499168,0,1
14376.180912436,0,0
14377.188513678,0,1
14377.190926946,0,0
14378.198528146,0,1
14378.200941412,0,0
14379.208542696,0,1
14379.210955962,0,0
14380.218557164,0,1
14380.219826838,1,1
14380.222458758,0,1
14380.222494428,0,0
14381.228571848,0,1
14381.230984864,0,0
14382.238586242,0,1
14382.240999508,0,0
14383.248600762,0,1
14383.251014028,0,0
14384.258615268,0,1
14384.261028534,0,0
14385.268629770,0,1
14385.271043038,0,0
14386.278644258,0,1
14386.281057526,0,0
14387.288658804,0,1
14387.291072070,0,0
14388.298673304,0,1
14388.301086570,0,0
14389.308687806,0,1
14389.311101074,0,0
14390.318702312,0,1
14390.319971918,1,1
14390.322604102,0,1
14390.322639578,0,0
14391.328716770,0,1
14391.331130038,0,0
14392.338731232,0,1
14392.341144498,0,0
14393.348745740,0,1
14393.351159008,0,0
14394.358760274,0,1
14394.361173540,0,0
14395.368774750,0,1
14395.371188016,0,0
14396.378789256,0,1
14396.381202524,0,0
14397.388803736,0,1
14397.391217002,0,0
14398.398818252,0,1
14398.401231520,0,0
14399.408832708,0,1
14399.411245974,0,0
14400.418847290,0,1
14400.420116850,1,1
14400.422748478,0,1
14400.422784306,0,0
14401.428861708,0,1
14401.431274972,0,0
14402.438876176,0,1
14402.441289442,0,0
14403.448890698,0,1
14403.451303966,0,0
14404.458905186,0,1
14404.461318454,0,0
14405.468919668,0,1
14405.471332934,0,0
14406.478934188,0,1
14406.481347454,0,0
14407.488948674,0,1
14407.491361690,0,0
14408.498963172,0,1
14408.501376188,0,0
14409.508977718,0,1
14409.511390734,0,0
14410.518992168,0,1
14410.520261820,1,1
14410.522893532,0,1
14410.522929434,0,0
14411.529006616,0,1
14411.531419882,0,0
14412.539021128,0,1
14412.541434394,0,0
14413.549035660,0,1
14413.551448926,0,0
14414.559050136,0,1
14414.561463402,0,0
14415.569064634,0,1
14415.571477900,0,0
14416.579079158,0,1
14416.581492424,0,0
14417.589093690,0,1
14417.591506706,0,0
14418.599108134,0,1
14418.601521150,0,0
14419.609122636,0,1
14419.611535652,0,0
14420.619137190,0,1
14420.620406856,1,1
14420.623038520,0,1
14420.623074454,0,0
14421.629151654,0,1
14421.631564670,0,0
14422.639166050,0,1
14422.641579318,0,0
14423.649180540,0,1
14423.651593806,0,0
14424.659195090,0,1
14424.661608356,0,0
14425.669209610,0,1
14425.671622876,0,0
14426.679224108,0,1
14426.681637126,0,0
14427.689238650,0,1
14427.691651666,0,0
14428.699253146,0,1
14428.701666162,0,0
14429.709267640,0,1
14429.711680656,0,0
14430.719282144,0,1
14430.720551798,1,1
14430.723183582,0,1
14430.723219408,0,0
14431.729296586,0,1
14431.731709854,0,0
14432.739311040,0,1
14432.741724306,0,0
14433.749325558,0,1
14433.751738824,0,0
14434.759340036,0,1
14434.761753302,0,0
14435.769354558,0,1
14435.771767826,0,0
14436.779369086,0,1
14436.781782352,0,0
14437.789383582,0,1
14437.791796850,0,0
14438.799398074,0,1
14438.801811090,0,0
14439.809412556,0,1
14439.811825572,0,0
14440.819427068,0,1
14440.820696854,1,1
14440.823328368,0,1
14440.823364584,0,0
14441.829441694,0,1
14441.831854710,0,0
14442.839456136,0,1
14442.841869402,0,0
14443.849470616,0,1
14443.851883882,0,0
14444.859485098,0,1
14444.861898366,0,0
14445.869499654,0,1
14445.871912920,0,0
14446.879514118,0,1
14446.881927384,0,0
14447.889528618,0,1
14447.891941886,0,0
14448.899543128,0,1
14448.901956394,0,0
14449.909557642,0,1
14449.910827260,1,1
14449.913458634,0,1
14449.913494908,0,0
14450.919572142,0,1
14450.921985160,0,0
14451.929586562,0,1
14451.931999830,0,0
14452.939601048,0,1
14452.942014314,0,0
14453.949615530,0,1
14453.952028798,0,0
14454.959630034,0,1
14454.962043300,0,0
14455.969644604,0,1
14455.972057870,0,0
14456.979659068,0,1
14456.982072334,0,0
14457.989673560,0,1
14457.992086826,0,0
14458.999688068,0,1
14459.002101334,0,0
14460.009702572,0,1
14460.010972236,1,1
14460.013603820,0,1
14460.013639836,0,0
14461.019717204,0,1
14461.022130222,0,0
14462.029731642,0,1
14462.032144908,0,0
14463.039746150,0,1
14463.042159416,0,0
14464.049760672,0,1
14464.052173938,0,0
14465.059775196,0,1
14465.062188462,0,0
14466.069789658,0,1
14466.072202924,0,0
14467.079804138,0,1
14467.082217406,0,0
14468.089818606,0,1
14468.092231872,0,0
14469.099833150,0,1
14469.102246416,0,0
14470.109847614,0,1
14470.111117212,1,1
14470.113748820,0,1
14470.113784878,0,0
14471.119862136,0,1
14471.122275154,0,0
14472.129876598,0,1
14472.132289864,0,0
14473.139891098,0,1
14473.142304364,0,0
14474.149905604,0,1
14474.152318870,0,0
14475.159920040,0,1
14475.162333306,0,0
14476.169934546,0,1
14476.172347814,0,0
14477.179949030,0,1
14477.182362296,0,0
14478.189963570,0,1
14478.192376836,0,0
14479.199978062,0,1
14479.202391328,0,0
14480.209992538,0,1
14480.211262164,1,1
14480.213893864,0,1
14480.213929804,0,0
14481.220006974,0,1
14481.222420240,0,0
14482.230021492,0,1
14482.232434758,0,0
14483.240035994,0,1
14483.242449260,0,0
14484.250050502,0,1
14484.252463770,0,0
14485.260064980,0,1
14485.262478246,0,0
14486.270079522,0,1
14486.272492788,0,0
14487.280093960,0,1
14487.282507226,0,0
14488.290108470,0,1
14488.292521736,0,0
14489.300123014,0,1
14489.302536280,0,0
14490.310137498,0,1
14490.311407198,1,1
14490.314039058,0,1
14490.314075014,0,0
14491.320152170,0,1
14491.322565186,0,0
14492.330166590,0,1
14492.332579856,0,0
14493.340181048,0,1
14493.342594314,0,0
14494.350195572,0,1
14494.352608838,0,0
14495.360210034,0,1
14495.362623300,0,0
14496.370224554,0,1
14496.372637822,0,0
14497.380239058,0,1
14497.382652326,0,0
14498.390253588,0,1
14498.392666854,0,0
14499.400268024,0,1
14499.402681290,0,0
14500.410282548,0,1
14500.411552102,1,1
14500.414183812,0,1
14500.414219564,0,0
14501.420297082,0,1
14501.422710100,0,0
14502.430311520,0,1
14502.432724786,0,0
14503.440326008,0,1
14503.442739276,0,0
14504.450340500,0,1
14504.452753768,0,0
14505.460354982,0,1
14505.462768248,0,0
14506.470369478,0,1
14506.472782744,0,0
14507.480383982,0,1
14507.482797250,0,0
14508.490398482,0,1
14508.492811748,0,0
14509.500412988,0,1
14509.502826254,0,0
14510.510427470,0,1
14510.511697168,1,1
14510.514329446,0,1
14510.514364986,0,0
14511.520442096,0,1
14511.522855112,0,0
14512.530456638,0,1
14512.532869656,0,0
14513.540471112,0,1
14513.542884128,0,0
14514.550485578,0,1
14514.552898594,0,0
14515.560500134,0,1
14515.562913152,0,0
14516.570514618,0,1
14516.572927634,0,0
14517.580529098,0,1
14517.582942114,0,0
14518.590543590,0,1
14518.592956608,0,0
14519.600558100,0,1
14519.602971116,0,0
14520.610572560,0,1
14520.611842078,1,1
14520.614474286,0,1
14520.614509826,0,0
14521.620586936,0,1
14521.622999952,0,0
14522.630601400,0,1
14522.633014666,0,0
14523.640615902,0,1
14523.643029168,0,0
14524.650630380,0,1
14524.653043646,0,0
14525.660644870,0,1
14525.663058138,0,0
14526.670659356,0,1
14526.673072622,0,0
14527.680673896,0,1
14527.683087162,0,0
14528.690688402,0,1
14528.693101668,0,0
14529.700702894,0,1
14529.703116160,0,0
14530.710717390,0,1
14530.711987028,1,1
14530.714618982,0,1
14530.714654654,0,0
14531.720731790,0,1
14531.723145056,0,0
14532.730746328,0,1
14532.733159596,0,0
14533.740760774,0,1
14533.743174042,0,0
14534.750775302,0,1
14534.753188568,0,0
14535.760789768,0,1
14535.763203034,0,0
14536.770804288,0,1
14536.773217554,0,0
14537.780818758,0,1
14537.783232024,0,0
14538.790833280,0,1
14538.793246546,0,0
14539.800847824,0,1
14539.803261090,0,0
14540.810862290,0,1
14540.812131994,1,1
14540.814763606,0,1
14540.814799556,0,0
14541.820876880,0,1
14541.823289896,0,0
14542.830891352,0,1
14542.833304618,0,0
14543.840905790,0,1
14543.843319056,0,0
14544.850920360,0,1
14544.853333626,0,0
14545.860934844,0,1
14545.863348110,0,0
14546.870949338,0,1
14546.873362604,0,0
14547.880963830,0,1
14547.883377096,0,0
14548.890978330,0,1
14548.893391596,0,0
14549.900992800,0,1
14549.902262410,1,1
14549.904894052,0,1
14549.904930066,0,0
14550.911007288,0,1
14550.913420304,0,0
14551.921021742,0,1
14551.923435010,0,0
14552.931036236,0,1
14552.933449502,0,0
14553.941050688,0,1
14553.943463954,0,0
14554.951065270,0,1
14554.953478536,0,0
14555.961079764,0,1
14555.963493030,0,0
14556.971094248,0,1
14556.973507514,0,0
14557.981108742,0,1
14557.983522008,0,0
14558.991123198,0,1
14558.993536464,0,0
14560.001137720,0,1
14560.002407420,1,1
14560.005039026,0,1
14560.005074986,0,0
14561.011152390,0,1
14561.013565408,0,0
14562.021166834,0,1
14562.023579850,0,0
14563.031181342,0,1
14563.033594358,0,0
14564.041195828,0,1
14564.043608846,0,0
14565.051210284,0,1
14565.053623550,0,0
14566.061224798,0,1
14566.063638064,0,0
14567.071239296,0,1
14567.073652562,0,0
14568.081253756,0,1
14568.083667022,0,0
14569.091268270,0,1
14569.093681536,0,0
14570.101282832,0,1
14570.102552394,1,1
14570.105184036,0,1
14570.105220096,0,0
14571.111297308,0,1
14571.113710324,0,0
14572.121311724,0,1
14572.123724990,0,0
14573.131326192,0,1
14573.133739458,0,0
14574.141340744,0,1
14574.143754012,0,0
14575.151355212,0,1
14575.153768480,0,0
14576.161369734,0,1
14576.163783000,0,0
14577.171384222,0,1
14577.173797488,0,0
14578.181398716,0,1
14578.183811984,0,0
14579.191413200,0,1
14579.193826466,0,0
14580.201427652,0,1
14580.202697364,1,1
14580.205328958,0,1
14580.205365168,0,0
14581.211442332,0,1
14581.213855350,0,0
14582.221456806,0,1
14582.223869822,0,0
14583.231471296,0,1
14583.233884312,0,0
14584.241485848,0,1
14584.243898864,0,0
14585.251500248,0,1
14585.253913514,0,0
14586.261514732,0,1
14586.263927998,0,0
14587.271529246,0,1
14587.273942512,0,0
14588.281543752,0,1
14588.283957018,0,0
14589.291558200,0,1
14589.293971468,0,0
14590.301572730,0,1
14590.302842276,1,1
14590.305474036,0,1
14590.305509994,0,0
14591.311587258,0,1
14591.314000274,0,0
14592.321601642,0,1
14592.324014908,0,0
14593.331616190,0,1
14593.334029456,0,0
14594.341630656,0,1
14594.344043922,0,0
14595.351645174,0,1
14595.354058440,0,0
14596.361659676,0,1
14596.364072942,0,0
14597.371674128,0,1
14597.374087394,0,0
14598.381688608,0,1
14598.384101874,0,0
14599.391703128,0,1
14599.394116396,0,0
14600.401717634,0,1
14600.402987238,1,1
14600.405618936,0,1
14600.405654898,0,0
14601.411732148,0,1
14601.414145164,0,0
14602.421746594,0,1
14602.424159610,0,0
14603.431761092,0,1
14603.434174358,0,0
14604.441775600,0,1
14604.444188866,0,0
14605.451790078,0,1
14605.454203346,0,0
14606.461804532,0,1
14606.464217800,0,0
14607.471819060,0,1
14607.474232326,0,0
14608.481833556,0,1
14608.484246824,0,0
14609.491848048,0,1
14609.494261314,0,0
14610.501862528,0,1
14610.503132206,1,1
14610.505763800,0,1
14610.505799794,0,0
14611.511877156,0,1
14611.514290174,0,0
14612.521891654,0,1
14612.524304670,0,0
14613.531906178,0,1
14613.534319194,0,0
14614.541920700,0,1
14614.544333716,0,0
14615.551935200,0,1
14615.554348216,0,0
14616.561949640,0,1
14616.564362656,0,0
14617.571964168,0,1
14617.574377186,0,0
14618.581978674,0,1
14618.584391692,0,0
14619.591993176,0,1
14619.594406192,0,0
14620.602007664,0,1
14620.603277134,1,1
14620.605908548,0,1
14620.605944680,0,0
14621.612022050,0,1
14621.614435066,0,0
14622.622036482,0,1
14622.624449748,0,0
14623.632050956,0,1
14623.634464222,0,0
14624.642065514,0,1
14624.644478780,0,0
14625.652079972,0,1
14625.654493238,0,0
14626.662094456,0,1
14626.664507722,0,0
14627.672108952,0,1
14627.674522218,0,0
14628.682123466,0,1
14628.684536732,0,0
14629.692137966,0,1
14629.694551232,0,0
14630.702152462,0,1
14630.703422142,1,1
14630.706053554,0,1
14630.706089728,0,0
14631.712167138,0,1
14631.714580156,0,0
14632.722181594,0,1
14632.724594610,0,0
14633.732196078,0,1
14633.734609094,0,0
14634.742210574,0,1
14634.744623590,0,0
14635.752225034,0,1
14635.754638300,0,0
14636.762239550,0,1
14636.764652816,0,0
14637.772254046,0,1
14637.774667312,0,0
14638.782268500,0,1
14638.784681766,0,0
14639.792283038,0,1
14639.794696304,0,0
14640.802297558,0,1
14640.803567112,1,1
14640.806198752,0,1
14640.806234572,0,0
14641.812312060,0,1
14641.814725076,0,0
14642.822326430,0,1
14642.824739696,0,0
14643.832340922,0,1
14643.834754190,0,0
14644.842355458,0,1
14644.844768726,0,0
14645.852369948,0,1
14645.854783214,0,0
14646.862384452,0,1
14646.864797718,0,0
14647.872398926,0,1
14647.874812192,0,0
14648.882413468,0,1
14648.884826734,0,0
14649.892427960,0,1
14649.893697512,1,1
14649.896329430,0,1
14649.896364976,0,0
14650.902442442,0,1
14650.904855458,0,0
14651.912456892,0,1
14651.914870160,0,0
14652.922471406,0,1
14652.924884672,0,0
14653.932485856,0,1
14653.934899122,0,0
14654.942500374,0,1
14654.944913640,0,0
14655.952514888,0,1
14655.954928154,0,0
14656.962529336,0,1
14656.964942602,0,0
14657.972543824,0,1
14657.974957092,0,0
14658.982558340,0,1
14658.984971606,0,0
14659.992572884,0,1
14659.993842496,1,1
14659.996474388,0,1
14659.996510150,0,0
14661.002587292,0,1
14661.005000558,0,0
14662.012601766,0,1
14662.015015032,0,0
14663.022616276,0,1
14663.025029542,0,0
14664.032630774,0,1
14664.035044040,0,0
14665.042645246,0,1
14665.045058512,0,0
14666.052659770,0,1
14666.055073038,0,0
14667.062674254,0,1
14667.065087520,0,0
14668.072688748,0,1
14668.075102014,0,0
14669.082703244,0,1
14669.085116260,0,0
14670.092717748,0,1
14670.093987374,1,1
14670.096619096,0,1
14670.096655014,0,0
14671.102732162,0,1
14671.105145428,0,0
14672.112746660,0,1
14672.115159928,0,0
14673.122761166,0,1
14673.125174432,0,0
14674.132775678,0,1
14674.135188946,0,0
14675.142790232,0,1
14675.145203500,0,0
14676.152804696,0,1
14676.155217962,0,0
14677.162819146,0,1
14677.165232414,0,0
14678.172833602,0,1
14678.175246868,0,0
14679.182848124,0,1
14679.185261140,0,0
14680.192862676,0,1
14680.194132378,1,1
14680.196764190,0,1
14680.196800190,0,0
14681.202877266,0,1
14681.205290282,0,0
14682.212891736,0,1
14682.215305002,0,0
14683.222906190,0,1
14683.225319454,0,0
14684.232920710,0,1
14684.235333976,0,0
14685.242935168,0,1
14685.245348434,0,0
14686.252949736,0,1
14686.255363002,0,0
14687.262964196,0,1
14687.265377464,0,0
14688.272978724,0,1
14688.275391990,0,0
14689.282993248,0,1
14689.285406514,0,0
14690.293007706,0,1
14690.294277306,1,1
14690.296909206,0,1
14690.296944972,0,0
14691.303022136,0,1
14691.305435404,0,0
14692.313036632,0,1
14692.315449898,0,0
14693.323051100,0,1
14693.325464366,0,0
14694.333065622,0,1
14694.335478890,0,0
14695.343080114,0,1
14695.345493380,0,0
14696.353094634,0,1
14696.355507900,0,0
14697.363109114,0,1
14697.365522380,0,0
14698.373123632,0,1
14698.375536898,0,0
14699.383138106,0,1
14699.385551122,0,0
14700.393152608,0,1
14700.394422228,1,1
14700.397053716,0,1
14700.397089872,0,0
14701.403167038,0,1
14701.405580304,0,0
14702.413181512,0,1
14702.415594778,0,0
14703.423196066,0,1
14703.425609332,0,0
14704.433210534,0,1
14704.435623800,0,0
14705.443225036,0,1
14705.445638302,0,0
14706.453239510,0,1
14706.455652776,0,0
14707.463253990,0,1
14707.465667256,0,0
14708.473268526,0,1
14708.475681792,0,0
14709.483283058,0,1
14709.485696074,0,0
14710.493297522,0,1
14710.494567230,1,1
14710.497199142,0,1
14710.497235036,0,0
14711.503312170,0,1
14711.505725186,0,0
14712.513326616,0,1
14712.515739882,0,0
14713.523341116,0,1
14713.525754384,0,0
14714.533355546,0,1
14714.535768812,0,0
14715.543370064,0,1
14715.545783330,0,0
14716.553384544,0,1
14716.555797810,0,0
14717.563399050,0,1
14717.565812316,0,0
14718.573413534,0,1
14718.575826800,0,0
14719.583428038,0,1
14719.585841304,0,0
14720.593442552,0,1
14720.594712124,1,1
14720.597343934,0,1
14720.597379816,0,0
14721.603456958,0,1
14721.605870226,0,0
14722.613471470,0,1
14722.615884738,0,0
14723.623485968,0,1
14723.625899236,0,0
14724.633500482,0,1
14724.635913748,0,0
14725.643514962,0,1
14725.645928228,0,0
14726.653529460,0,1
14726.655942726,0,0
14727.663543918,0,1
14727.665957184,0,0
14728.673558408,0,1
14728.675971676,0,0
14729.683572916,0,1
14729.685986182,0,0
14730.693587406,0,1
14730.694857088,1,1
14730.697488488,0,1
14730.697524672,0,0
14731.703602044,0,1
14731.706015060,0,0
14732.713616552,0,1
14732.716029568,0,0
14733.723631062,0,1
14733.726044078,0,0
14734.733645468,0,1
14734.736058734,0,0
14735.743659940,0,1
14735.746073206,0,0
14736.753674474,0,1
14736.756087740,0,0
14737.763688934,0,1
14737.766102202,0,0
14738.773703458,0,1
14738.776116724,0,0
14739.783717956,0,1
14739.786131224,0,0
14740.793732420,0,1
14740.795002000,1,1
14740.797634158,0,1
14740.797669686,0,0
14741.803746922,0,1
14741.806159938,0,0
14742.813761394,0,1
14742.816174412,0,0
14743.823775892,0,1
14743.826189158,0,0
14744.833790390,0,1
14744.836203656,0,0
14745.843804870,0,1
14745.846218136,0,0
14746.853819364,0,1
14746.856232630,0,0
14747.863833826,0,1
14747.866247092,0,0
14748.873848350,0,1
14748.876261616,0,0
14749.883862850,0,1
14749.885132446,1,1
14749.887764150,0,1
14749.887800116,0,0
14750.893877350,0,1
14750.896290366,0,0
14751.903891776,0,1
14751.906305042,0,0
14752.913906262,0,1
14752.916319530,0,0
14753.923920748,0,1
14753.926334014,0,0
14754.933935282,0,1
14754.936348550,0,0
14755.943949746,0,1
14755.946363012,0,0
14756.953964208,0,1
14756.956377474,0,0
14757.963978728,0,1
14757.966391994,0,0
14758.973993220,0,1
14758.976406486,0,0
14759.984007686,0,1
14759.985277288,1,1
14759.987909102,0,1
14759.987944950,0,0
14760.994022230,0,1
14760.996435248,0,0
14762.004036642,0,1
14762.006449908,0,0
14763.014051152,0,1
14763.016464418,0,0
14764.024065620,0,1
14764.026478886,0,0
14765.034080146,0,1
14765.036493414,0,0
14766.044094648,0,1
14766.046507914,0,0
14767.054109132,0,1
14767.056522398,0,0
14768.064123606,0,1
14768.066536872,0,0
14769.074138148,0,1
14769.076551416,0,0
14770.084152642,0,1
14770.085422198,1,1
14770.088053662,0,1
14770.088089908,0,0
14771.094167068,0,1
14771.096580334,0,0
14772.104181534,0,1
14772.106594800,0,0
14773.114196008,0,1
14773.116609274,0,0
14774.124210518,0,1
14774.126623786,0,0
14775.134225064,0,1
14775.136638332,0,0
14776.144239460,0,1
14776.146652726,0,0
14777.154254000,0,1
14777.156667266,0,0
14778.164268522,0,1
14778.166681788,0,0
14779.174283018,0,1
14779.176696284,0,0
14780.184297510,0,1
14780.185567206,1,1
14780.188198790,0,1
14780.188234776,0,0
14781.194312178,0,1
14781.196725194,0,0
14782.204326660,0,1
14782.206739676,0,0
14783.214341038,0,1
14783.216754304,0,0
14784.224355534,0,1
14784.226768800,0,0
14785.234370058,0,1
14785.236783324,0,0
14786.244384556,0,1
14786.246797822,0,0
14787.254399082,0,1
14787.256812348,0,0
14788.264413524,0,1
14788.266826790,0,0
14789.274428050,0,1
14789.276841316,0,0
14790.284442538,0,1
14790.285712076,1,1
14790.288343826,0,1
14790.288379554,0,0
14791.294456968,0,1
14791.296870234,0,0
14792.304471456,0,1
14792.306884722,0,0
14793.314485974,0,1
14793.316899240,0,0
14794.324500454,0,1
14794.326913720,0,0
14795.334514948,0,1
14795.336928214,0,0
14796.344529476,0,1
14796.346942744,0,0
14797.354543914,0,1
14797.356957180,0,0
14798.364558414,0,1
14798.366971680,0,0
14799.374572954,0,1
14799.376986222,0,0
14800.384587426,0,1
14800.385857018,1,1
14800.388488662,0,1
14800.388524690,0,0
14801.394601946,0,1
14801.397014962,0,0
14802.404616326,0,1
14802.407029592,0,0
14803.414630796,0,1
14803.417044062,0,0
14804.424645374,0,1
14804.427058640,0,0
14805.434659868,0,1
14805.437073136,0,0
14806.444674284,0,1
14806.447087550,0,0
14807.454688854,0,1
14807.457102120,0,0
14808.464703368,0,1
14808.467116636,0,0
14809.474717804,0,1
14809.477131070,0,0
14810.484732314,0,1
14810.486001870,1,1
14810.488633624,0,1
14810.488669580,0,0
14811.494746718,0,1
14811.497159984,0,0
14812.504761238,0,1
14812.507174506,0,0
14813.514775726,0,1
14813.517188992,0,0
14814.524790194,0,1
14814.527203460,0,0
14815.534804700,0,1
14815.537217968,0,0
14816.544819198,0,1
14816.547232466,0,0
14817.554833702,0,1
14817.557246718,0,0
14818.564848222,0,1
14818.567261238,0,0
14819.574862718,0,1
14819.577275734,0,0
14820.584877170,0,1
14820.586146818,1,1
14820.588778730,0,1
14820.588814436,0,0
14821.594891576,0,1
14821.597304842,0,0
14822.604906104,0,1
14822.607319370,0,0
14823.614920602,0,1
14823.617333868,0,0
14824.624935086,0,1
14824.627348354,0,0
14825.634949636,0,1
14825.637362902,0,0
14826.644964066,0,1
14826.647377332,0,0
14827.654978546,0,1
14827.657391812,0,0
14828.664993088,0,1
14828.667406104,0,0
14829.675007542,0,1
14829.677420558,0,0
14830.685022068,0,1
14830.686291716,1,1
14830.688923478,0,1
14830.688959332,0,0
14831.695036492,0,1
14831.697449760,0,0
14832.705050982,0,1
14832.707464250,0,0
14833.715065464,0,1
14833.717478730,0,0
14834.725079984,0,1
14834.727493250,0,0
14835.735094448,0,1
14835.737507714,0,0
14836.745108950,0,1
14836.747522216,0,0
14837.755123422,0,1
14837.757536688,0,0
14838.765137926,0,1
14838.767550942,0,0
14839.775152426,0,1
14839.777565442,0,0
14840.785166890,0,1
14840.786436618,1,1
14840.789068048,0,1
14840.789104156,0,0
14841.795181580,0,1
14841.797594596,0,0
14842.805196002,0,1
14842.807609268,0,0
14843.815210454,0,1
14843.817623720,0,0
14844.825224916,0,1
14844.827638182,0,0
14845.835239458,0,1
14845.837652724,0,0
14846.845253950,0,1
14846.847667216,0,0
14847.855268392,0,1
14847.857681658,0,0
14848.865282900,0,1
14848.867696166,0,0
14849.875297394,0,1
14849.876567042,1,1
14849.879198756,0,1
14849.879234660,0,0
14850.885311876,0,1
14850.887725142,0,0
14851.895326352,0,1
14851.897739618,0,0
14852.905340814,0,1
14852.907754080,0,0
14853.915355322,0,1
14853.917768588,0,0
14854.925369790,0,1
14854.927782806,0,0
14855.935384330,0,1
14855.937797346,0,0
14856.945398810,0,1
14856.947811828,0,0
14857.955413280,0,1
14857.957826298,0,0
14858.965427756,0,1
14858.967840772,0,0
14859.975442288,0,1
14859.976711890,1,1
14859.979343936,0,1
14859.979379554,0,0
14860.985456716,0,1
14860.987869984,0,0
14861.995471220,0,1
14861.997884486,0,0
14863.005485716,0,1
14863.007898982,0,0
14864.015500194,0,1
14864.017913462,0,0
14865.025514696,0,1
14865.027927962,0,0
14866.035529210,0,1
14866.037942476,0,0
14867.045543640,0,1
14867.047956908,0,0
14868.055558186,0,1
14868.057971202,0,0
14869.065572648,0,1
14869.067985664,0,0
14870.075587102,0,1
14870.076856818,1,1
14870.079488474,0,1
14870.079524618,0,0
14871.085601748,0,1
14871.088014764,0,0
14872.095616164,0,1
14872.098029432,0,0
14873.105630698,0,1
14873.108043966,0,0
14874.115645176,0,1
14874.118058442,0,0
14875.125659632,0,1
14875.128072898,0,0
14876.135674152,0,1
14876.138087418,0,0
14877.145688636,0,1
14877.148101902,0,0
14878.155703132,0,1
14878.158116398,0,0
14879.165717678,0,1
14879.168130944,0,0
14880.175732092,0,1
14880.177001712,1,1
14880.179633548,0,1
14880.179669356,0,0
14881.185746530,0,1
14881.188159798,0,0
14882.195761086,0,1
14882.198174352,0,0
14883.205775506,0,1
14883.208188772,0,0
14884.215790022,0,1
14884.218203290,0,0
14885.225804496,0,1
14885.228217764,0,0
14886.235819022,0,1
14886.238232288,0,0
14887.245833494,0,1
14887.248246762,0,0
14888.255847986,0,1
14888.258261252,0,0
14889.265862464,0,1
14889.268275730,0,0
14890.275877008,0,1
14890.277146564,1,1
14890.279778728,0,1
14890.279814274,0,0
14891.285891452,0,1
14891.288304468,0,0
14892.295905908,0,1
14892.298319174,0,0
14893.305920338,0,1
14893.308333604,0,0
14894.315934940,0,1
14894.318348206,0,0
14895.325949384,0,1
14895.328362650,0,0
14896.335963834,0,1
14896.338377102,0,0
14897.345978332,0,1
14897.348391598,0,0
14898.355992818,0,1
14898.358406084,0,0
14899.366007326,0,1
14899.368420592,0,0
14900.376021870,0,1
14900.377291518,1,1
14900.379922962,0,1
14900.379959136,0,0
14901.386036368,0,1
14901.388449384,0,0
14902.396050786,0,1
14902.398464052,0,0
14903.406065230,0,1
14903.408478498,0,0
14904.416079730,0,1
14904.418492996,0,0
14905.426094216,0,1
14905.428507484,0,0
14906.436108740,0,1
14906.438522006,0,0
14907.446123230,0,1
14907.448536496,0,0
14908.456137704,0,1
14908.458550970,0,0
14909.466152156,0,1
14909.468565422,0,0
14910.476166690,0,1
14910.477436332,1,1
14910.480067992,0,1
14910.480103954,0,0
14911.486181162,0,1
14911.488594178,0,0
14912.496195596,0,1
14912.498608862,0,0
14913.506210114,0,1
14913.508623380,0,0
14914.516224602,0,1
14914.518637868,0,0
14915.526239118,0,1
14915.528652384,0,0
14916.536253624,0,1
14916.538666890,0,0
14917.546268038,0,1
14917.548681304,0,0
14918.556282522,0,1
14918.558695788,0,0
14919.566297056,0,1
14919.568710322,0,0
14920.576311544,0,1
14920.577581318,1,1
14920.580212878,0,1
14920.580249060,0,0
14921.586326138,0,1
14921.588739404,0,0
14922.596340626,0,1
14922.598753892,0,0
14923.606355078,0,1
14923.608768344,0,0
14924.616369620,0,1
14924.618782886,0,0
14925.626384120,0,1
14925.628797136,0,0
14926.636398522,0,1
14926.638811538,0,0
14927.646413060,0,1
14927.648826076,0,0
14928.656427524,0,1
14928.658840542,0,0
14929.666442024,0,1
14929.668855042,0,0
14930.676456534,0,1
14930.677726134,1,1
14930.680357436,0,1
14930.680393800,0,0
14931.686471046,0,1
14931.688884064,0,0
14932.696485444,0,1
14932.698898710,0,0
14933.706499910,0,1
14933.708913176,0,0
14934.716514438,0,1
14934.718927704,0,0
14935.726528940,0,1
14935.728942208,0,0
14936.736543410,0,1
14936.738956678,0,0
14937.746557952,0,1
14937.748971218,0,0
14938.756572420,0,1
14938.758985686,0,0
14939.766586902,0,1
14939.769000170,0,0
14940.776601390,0,1
14940.777871024,1,1
14940.780502664,0,1
14940.780538656,0,0
14941.786615794,0,1
14941.789029060,0,0
14942.796630324,0,1
14942.799043590,0,0
14943.806644830,0,1
14943.809058096,0,0
14944.816659338,0,1
14944.819072604,0,0
14945.826673768,0,1
14945.829087036,0,0
14946.836688268,0,1
14946.839101534,0,0
14947.846702776,0,1
14947.849116042,0,0
14948.856717258,0,1
14948.859130524,0,0
14949.866731740,0,1
14949.868001430,1,1
14949.870632956,0,1
14949.870669004,0,0
14950.876746370,0,1
14950.879159386,0,0
14951.886760806,0,1
14951.889174072,0,0
14952.896775260,0,1
14952.899188526,0,0
14953.906789786,0,1
14953.909203050,0,0
14954.916804300,0,1
14954.919217566,0,0
14955.926818750,0,1
14955.929232018,0,0
14956.936833278,0,1
14956.939246544,0,0
14957.946847754,0,1
14957.949261022,0,0
14958.956862262,0,1
14958.959275528,0,0
14959.966876728,0,1
14959.968146348,1,1
14959.970777996,0,1
14959.970813992,0,0
14960.976891256,0,1
14960.979304272,0,0
14961.986905668,0,1
14961.989318936,0,0
14962.996920198,0,1
14962.999333464,0,0
14964.006934682,0,1
14964.009347950,0,0
14965.016949122,0,1
14965.019362388,0,0
14966.026963632,0,1
14966.029376898,0,0
14967.036978150,0,1
14967.039391416,0,0
14968.046992652,0,1
14968.049405918,0,0
14969.057007110,0,1
14969.059420378,0,0
14970.067021608,0,1
14970.068291246,1,1
14970.070923542,0,1
14970.070958874,0,0
14971.077036046,0,1
14971.079449312,0,0
14972.087050540,0,1
14972.089463806,0,0
14973.097065012,0,1
14973.099478278,0,0
14974.107079544,0,1
14974.109492810,0,0
14975.117093996,0,1
14975.119507262,0,0
14976.127108508,0,1
14976.129521774,0,0
14977.137123002,0,1
14977.139536268,0,0
14978.147137450,0,1
14978.149550716,0,0
14979.157152014,0,1
14979.159565280,0,0
14980.167166526,0,1
14980.168436188,1,1
14980.171067884,0,1
14980.171103792,0,0
14981.177180996,0,1
14981.179594012,0,0
14982.187195386,0,1
14982.189608652,0,0
14983.197209878,0,1
14983.199623144,0,0
14984.207224370,0,1
14984.209637638,0,0
14985.217238862,0,1
14985.219652130,0,0
14986.227253338,0,1
14986.229666606,0,0
14987.237267836,0,1
14987.239681102,0,0
14988.247282314,0,1
14988.249695580,0,0
14989.257296800,0,1
14989.259710068,0,0
14990.267311278,0,1
14990.268581076,1,1
14990.271212786,0,1
14990.271248794,0,0
14991.277326086,0,1
14991.279739104,0,0
14992.287340482,0,1
14992.289753748,0,0
14993.297355006,0,1
14993.299768272,0,0
14994.307369490,0,1
14994.309782756,0,0
14995.317383948,0,1
14995.319797214,0,0
14996.327398492,0,1
14996.329811758,0,0
14997.337412974,0,1
14997.339826240,0,0
14998.347427476,0,1
14998.349840744,0,0
14999.357441986,0,1
14999.359855254,0,0
15000.367456456,0,1
15000.368725922,1,1
15000.371357560,0,1
15000.371393722,0,0
15001.377470808,0,1
15001.379883824,0,0
15002.387485280,0,1
15002.389898546,0,0
15003.397499760,0,1
15003.399913026,0,0
15004.407514258,0,1
15004.409927524,0,0
15005.417528704,0,1
15005.419941972,0,0
15006.427543208,0,1
15006.429956474,0,0
15007.437557732,0,1
15007.439971000,0,0
15008.447572174,0,1
15008.449985440,0,0
15009.457586710,0,1
15009.459999978,0,0
15010.467601182,0,1
15010.468870844,1,1
15010.471502758,0,1
15010.471538448,0,0
15011.477615576,0,1
15011.480028844,0,0
15012.487630096,0,1
15012.490043362,0,0
15013.497644588,0,1
15013.500057854,0,0
15014.507659100,0,1
15014.510072366,0,0
15015.517673582,0,1
15015.520086848,0,0
15016.527688064,0,1
15016.530101330,0,0
15017.537702568,0,1
15017.540115834,0,0
15018.547717034,0,1
15018.550130300,0,0
15019.557731548,0,1
15019.560144816,0,0
15020.567746078,0,1
15020.569015714,1,1
15020.571647700,0,1
15020.571683342,0,0
15021.577760548,0,1
15021.580173564,0,0
15022.587774978,0,1
15022.590188244,0,0
15023.597789434,0,1
15023.600202702,0,0
15024.607803972,0,1
15024.610217238,0,0
15025.617818492,0,1
15025.620231760,0,0
15026.627832936,0,1
15026.630246204,0,0
15027.637847432,0,1
15027.640260698,0,0
15028.647861910,0,1
15028.650275176,0,0
15029.657876430,0,1
15029.660289698,0,0
15030.667890922,0,1
15030.669160634,1,1
15030.671792762,0,1
15030.671828438,0,0
15031.677905504,0,1
15031.680318772,0,0
15032.687919974,0,1
15032.690333240,0,0
15033.697934462,0,1
15033.700347730,0,0
15034.707948960,0,1
15034.710362226,0,0
15035.717963462,0,1
15035.720376728,0,0
15036.727977942,0,1
15036.730391210,0,0
15037.737992416,0,1
15037.740405682,0,0
15038.748006894,0,1
15038.750420160,0,0
15039.758021434,0,1
15039.760434700,0,0
15040.768035884,0,1
15040.769305490,1,1
15040.771937366,0,1
15040.771973150,0,0
15041.778050376,0,1
15041.780463394,0,0
15042.788064878,0,1
15042.790478144,0,0
15043.798079298,0,1
15043.800492564,0,0
15044.808093774,0,1
15044.810507040,0,0
15045.818108274,0,1
15045.820521540,0,0
15046.828122788,0,1
15046.830536054,0,0
15047.838137248,0,1
15047.840550514,0,0
15048.848151808,0,1
15048.850565074,0,0
15049.858166274,0,1
15049.859435840,1,1
15049.862067234,0,1
15049.862103540,0,0
15050.868180780,0,1
15050.870593796,0,0
15051.878195206,0,1
15051.880608472,0,0
15052.888209678,0,1
15052.890622944,0,0
15053.898224200,0,1
15053.900637466,0,0
15054.908238670,0,1
15054.910651936,0,0
15055.918253138,0,1
15055.920666404,0,0
15056.928267672,0,1
15056.930680938,0,0
15057.938282114,0,1
15057.940695380,0,0
15058.948296638,0,1
15058.950709904,0,0
15059.958311120,0,1
15059.959580734,1,1
15059.962212412,0,1
15059.962248386,0,0
15060.968325632,0,1
15060.970738650,0,0
15061.978340078,0,1
15061.980753344,0,0
15062.988354582,0,1
15062.990767848,0,0
15063.998369102,0,1
15064.000782370,0,0
15065.008383534,0,1
15065.010796550,0,0
15066.018398062,0,1
15066.020811080,0,0
15067.028412506,0,1
15067.030825522,0,0
15068.038427070,0,1
15068.040840088,0,0
15069.048441460,0,1
15069.050854476,0,0
15070.058456018,0,1
15070.059725562,1,1
15070.062357858,0,1
15070.062393034,0,0
15071.068470388,0,1
15071.070883654,0,0
15072.078484878,0,1
15072.080898144,0,0
15073.088499362,0,1
15073.090912630,0,0
15074.098513872,0,1
15074.100927138,0,0
15075.108528358,0,1
15075.110941624,0,0
15076.118542862,0,1
15076.120955880,0,0
15077.128557344,0,1
15077.130970360,0,0
15078.138571864,0,1
15078.140984880,0,0
15079.148586352,0,1
15079.150999370,0,0
15080.158600850,0,1
15080.159870440,1,1
15080.162502326,0,1
15080.162538114,0,0
15081.168615292,0,1
15081.171028560,0,0
15082.178629730,0,1
15082.181042998,0,0
15083.188644252,0,1
15083.191057518,0,0
15084.198658730,0,1
15084.201071998,0,0
15085.208673200,0,1
15085.211086466,0,0
15086.218687762,0,1
15086.221101028,0,0
15087.228702206,0,1
15087.231115472,0,0
15088.238716694,0,1
15088.241129710,0,0
15089.248731180,0,1
15089.251144196,0,0
15090.258745696,0,1
15090.260015306,1,1
15090.262647222,0,1
15090.262682962,0,0
15091.268760104,0,1
15091.271173370,0,0
15092.278774608,0,1
15092.281187874,0,0
15093.288789042,0,1
15093.291202308,0,0
15094.298803590,0,1
15094.301216858,0,0
15095.308818048,0,1
15095.311231316,0,0
15096.318832524,0,1
15096.321245792,0,0
15097.328847016,0,1
15097.331260282,0,0
15098.338861492,0,1
15098.341274510,0,0
15099.348876006,0,1
15099.351289022,0,0
15100.358890480,0,1
15100.360160048,1,1
15100.362791930,0,1
15100.362827744,0,0
15101.368904932,0,1
15101.371318198,0,0
15102.378919400,0,1
15102.381332668,0,0
15103.388933914,0,1
15103.391347182,0,0
15104.398948374,0,1
15104.401361640,0,0
15105.408962922,0,1
15105.411376188,0,0
15106.418977364,0,1
15106.421390632,0,0
15107.428991824,0,1
15107.431404840,0,0
15108.439006328,0,1
15108.441419344,0,0
15109.449020842,0,1
15109.451433860,0,0
15110.459035294,0,1
15110.460304958,1,1
15110.462936648,0,1
15110.462972560,0,0
15111.469049874,0,1
15111.471463140,0,0
15112.479064328,0,1
15112.481477594,0,0
15113.489078834,0,1
15113.491492100,0,0
15114.499093324,0,1
15114.501506590,0,0
15115.509107822,0,1
15115.511521088,0,0
15116.519122322,0,1
15116.521535588,0,0
15117.529136798,0,1
15117.531549814,0,0
15118.539151294,0,1
15118.541564312,0,0
15119.549165772,0,1
15119.551578788,0,0
15120.559180266,0,1
15120.560449792,1,1
15120.563081594,0,1
15120.563117280,0,0
15121.569194590,0,1
15121.571607858,0,0
15122.579209070,0,1
15122.581622336,0,0
15123.589223542,0,1
15123.591636808,0,0
15124.599238000,0,1
15124.601651266,0,0
15125.609252480,0,1
15125.611665746,0,0
15126.619266988,0,1
15126.621680006,0,0
15127.629281460,0,1
15127.631694476,0,0
15128.639295960,0,1
15128.641708976,0,0
15129.649310458,0,1
15129.651723476,0,0
15130.659324938,0,1
15130.660594554,1,1
15130.663226188,0,1
15130.663262204,0,0
15131.669339410,0,1
15131.671752676,0,0
15132.679353838,0,1
15132.681767104,0,0
15133.689368330,0,1
15133.691781596,0,0
15134.699382830,0,1
15134.701796096,0,0
15135.709397316,0,1
15135.711810334,0,0
15136.719411866,0,1
15136.721824884,0,0
15137.729426362,0,1
15137.731839378,0,0
15138.739440844,0,1
15138.741853860,0,0
15139.749455270,0,1
15139.751868536,0,0
15140.759469744,0,1
15140.760739526,1,1
15140.763370864,0,1
15140.763407258,0,0
15141.769484250,0,1
15141.771897516,0,0
15142.779498728,0,1
15142.781911994,0,0
15143.789513248,0,1
15143.791926514,0,0
15144.799527744,0,1
15144.801941010,0,0
15145.809542206,0,1
15145.811955472,0,0
15146.819556728,0,1
15146.821969996,0,0
15147.829571190,0,1
15147.831984206,0,0
15148.839585682,0,1
15148.841998700,0,0
15149.849600186,0,1
15149.850869786,1,1
15149.853501830,0,1
15149.853537452,0,0
15150.859614604,0,1
15150.862027870,0,0
15151.869629054,0,1
15151.872042320,0,0
15152.879643588,0,1
15152.882056854,0,0
15153.889658078,0,1
15153.892071346,0,0
15154.899672514,0,1
15154.902085780,0,0
15155.909687062,0,1
15155.912100080,0,0
15156.919701534,0,1
15156.922114550,0,0
15157.929716012,0,1
15157.932129028,0,0
15158.939730498,0,1
15158.942143514,0,0
15159.949744968,0,1
15159.951014668,1,1
15159.953646866,0,1
15159.953682484,0,0
15160.959759566,0,1
15160.962172832,0,0
15161.969773974,0,1
15161.972187240,0,0
15162.979788512,0,1
15162.982201780,0,0
15163.989802958,0,1
15163.992216226,0,0
15164.999817512,0,1
15165.002230778,0,0
15166.009832000,0,1
15166.012245266,0,0
15167.019846492,0,1
15167.022259760,0,0
15168.029860956,0,1
15168.032274222,0,0
15169.039875420,0,1
15169.042288438,0,0
15170.049889926,0,1
15170.051159510,1,1
15170.053791344,0,1
15170.053827192,0,0
15171.059904406,0,1
15171.062317422,0,0
15172.069918820,0,1
15172.072332086,0,0
15173.079933330,0,1
15173.082346596,0,0
15174.089947796,0,1
15174.092361062,0,0
15175.099962314,0,1
15175.102375580,0,0
15176.109976784,0,1
15176.112390050,0,0
15177.119991284,0,1
15177.122404550,0,0
15178.130005770,0,1
15178.132419036,0,0
15179.140020274,0,1
15179.142433292,0,0
15180.150034760,0,1
15180.151304344,1,1
15180.153936642,0,1
15180.153972026,0,0
15181.160049184,0,1
15181.162462450,0,0
15182.170063654,0,1
15182.172476920,0,0
15183.180078140,0,1
15183.182491406,0,0
15184.190092620,0,1
15184.192505886,0,0
15185.200107118,0,1
15185.202520384,0,0
15186.210121652,0,1
15186.212534918,0,0
15187.220136072,0,1
15187.222549338,0,0
15188.230150604,0,1
15188.232563870,0,0
15189.240165058,0,1
15189.242578074,0,0
15190.250179586,0,1
15190.251449236,1,1
15190.254080694,0,1
15190.254116852,0,0
15191.260193974,0,1
15191.262607240,0,0
15192.270208486,0,1
15192.272621752,0,0
15193.280222974,0,1
15193.282636240,0,0
15194.290237414,0,1
15194.292650680,0,0
15195.300251934,0,1
15195.302665200,0,0
15196.310266416,0,1
15196.312679432,0,0
15197.320280892,0,1
15197.322693910,0,0
15198.330295454,0,1
15198.332708472,0,0
15199.340309904,0,1
15199.342722920,0,0
15200.350324340,0,1
15200.351594024,1,1
15200.354225566,0,1
15200.354261606,0,0
15201.360338972,0,1
15201.362751988,0,0
15202.370353466,0,1
15202.372766732,0,0
15203.380367936,0,1
15203.382781202,0,0
15204.390382380,0,1
15204.392795646,0,0
15205.400396866,0,1
15205.402810132,0,0
15206.410411364,0,1
15206.412824632,0,0
15207.420425874,0,1
15207.422838890,0,0
15208.430440366,0,1
15208.432853382,0,0
15209.440454834,0,1
15209.442867850,0,0
15210.450469360,0,1
15210.451738864,1,1
15210.454370584,0,1
15210.454406626,0,0
15211.460483656,0,1
15211.462896922,0,0
15212.470498096,0,1
15212.472911362,0,0
15213.480512602,0,1
15213.482925868,0,0
15214.490527118,0,1
15214.492940384,0,0
15215.500541592,0,1
15215.502954858,0,0
15216.510556104,0,1
15216.512969370,0,0
15217.520570610,0,1
15217.522983878,0,0
15218.530585044,0,1
15218.532998310,0,0
15219.540599590,0,1
15219.543012606,0,0
15220.550614066,0,1
15220.551883686,1,1
15220.554515580,0,1
15220.554551330,0,0
15221.560628440,0,1
15221.563041706,0,0
15222.570642974,0,1
15222.573056240,0,0
15223.580657474,0,1
15223.583070740,0,0
15224.590671952,0,1
15224.593085218,0,0
15225.600686414,0,1
15225.603099680,0,0
15226.610700878,0,1
15226.613114144,0,0
15227.620715414,0,1
15227.623128680,0,0
15228.630729838,0,1
15228.633142854,0,0
15229.640744412,0,1
15229.643157428,0,0
15230.650758882,0,1
15230.652028498,1,1
15230.654660206,0,1
15230.654696146,0,0
15231.660773314,0,1
15231.663186580,0,0
15232.670787786,0,1
15232.673201052,0,0
15233.680802266,0,1
15233.683215532,0,0
15234.690816746,0,1
15234.693230012,0,0
15235.700831232,0,1
15235.703244498,0,0
15236.710845734,0,1
15236.713259000,0,0
15237.720860220,0,1
15237.723273488,0,0
15238.730874678,0,1
15238.733287694,0,0
15239.740889184,0,1
15239.743302200,0,0
15240.750903682,0,1
15240.752173372,1,1
15240.754805056,0,1
15240.754840948,0,0
15241.760918230,0,1
15241.763331496,0,0
15242.770932726,0,1
15242.773345992,0,0
15243.780947226,0,1
15243.783360492,0,0
15244.790961738,0,1
15244.793375004,0,0
15245.800976194,0,1
15245.803389460,0,0
15246.810990696,0,1
15246.813403964,0,0
15247.821005146,0,1
15247.823418164,0,0
15248.831019606,0,1
15248.833432622,0,0
15249.841034100,0,1
15249.843447116,0,0
15250.851048630,0,1
15250.852318174,1,1
15250.854950156,0,1
15250.854985646,0,0
15251.861063076,0,1
15251.863476342,0,0
15252.871077582,0,1
15252.873490848,0,0
15253.881092066,0,1
15253.883505332,0,0
15254.891106490,0,1
15254.893519756,0,0
15255.901121000,0,1
15255.903534266,0,0
15256.911135482,0,1
15256.913548748,0,0
15257.921149964,0,1
15257.923562982,0,0
15258.931164476,0,1
15258.933577494,0,0
15259.941178976,0,1
15259.942448554,1,1
15259.945080368,0,1
15259.945116242,0,0
15260.951193372,0,1
15260.953606638,0,0
15261.961207920,0,1
15261.963621186,0,0
15262.971222372,0,1
15262.973635640,0,0
15263.981236824,0,1
15263.983650090,0,0
15264.991251290,0,1
15264.993664558,0,0
15266.001265828,0,1
15266.003679096,0,0
15267.011280296,0,1
15267.013693562,0,0
15268.021294782,0,1
15268.023707798,0,0
15269.031309262,0,1
15269.033722278,0,0
15270.041323786,0,1
15270.042593314,1,1
15270.045225342,0,1
15270.045261050,0,0
15271.051338174,0,1
15271.053751442,0,0
15272.061352678,0,1
15272.063765944,0,0
15273.071367166,0,1
15273.073780432,0,0
15274.081381712,0,1
15274.083794978,0,0
15275.091396158,0,1
15275.093809426,0,0
15276.101410640,0,1
15276.103823906,0,0
15277.111425144,0,1
15277.113838160,0,0
15278.121439640,0,1
15278.123852656,0,0
15279.131454142,0,1
15279.133867158,0,0
15280.141468610,0,1
15280.142738180,1,1
15280.145370444,0,1
15280.145405876,0,0
15281.151483040,0,1
15281.153896306,0,0
15282.161497504,0,1
15282.163910770,0,0
15283.171512020,0,1
15283.173925286,0,0
15284.181526506,0,1
15284.183939772,0,0
15285.191541024,0,1
15285.193954290,0,0
15286.201555464,0,1
15286.203968480,0,0
15287.211569962,0,1
15287.213982980,0,0
15288.221584456,0,1
15288.223997474,0,0
15289.231598928,0,1
15289.234011944,0,0
15290.241613458,0,1
15290.242883000,1,1
15290.245514898,0,1
15290.245550724,0,0
15291.251627872,0,1
15291.254041138,0,0
15292.261642362,0,1
15292.264055628,0,0
15293.271656858,0,1
15293.274070124,0,0
15294.281671328,0,1
15294.284084596,0,0
15295.291685784,0,1
15295.294099050,0,0
15296.301700312,0,1
15296.304113580,0,0
15297.311714786,0,1
15297.314127802,0,0
15298.321729300,0,1
15298.324142316,0,0
15299.331743726,0,1
15299.334156742,0,0
15300.341758222,0,1
15300.343027748,1,1
15300.345659404,0,1
15300.345695236,0,0
15301.351772580,0,1
15301.354185846,0,0
15302.361787060,0,1
15302.364200326,0,0
15303.371801546,0,1
15303.374214812,0,0
15304.381816022,0,1
15304.384229290,0,0
15305.391830458,0,1
15305.394243724,0,0
15306.401844986,0,1
15306.404258004,0,0
15307.411859422,0,1
15307.414272438,0,0
15308.421873942,0,1
15308.424286960,0,0
15309.431888428,0,1
15309.434301444,0,0
15310.441902920,0,1
15310.443172604,1,1
15310.445804530,0,1
15310.445840184,0,0
15311.451917474,0,1
15311.454330740,0,0
15312.461931948,0,1
15312.464345214,0,0
15313.471946408,0,1
15313.474359674,0,0
15314.481960906,0,1
15314.484374172,0,0
15315.491975432,0,1
15315.494388698,0,0
15316.501989922,0,1
15316.504403188,0,0
15317.512004380,0,1
15317.514417648,0,0
15318.522018870,0,1
15318.524431886,0,0
15319.532033324,0,1
15319.534446342,0,0
15320.542047864,0,1
15320.543317378,1,1
15320.545949346,0,1
15320.545985130,0,0
15321.552062126,0,1
15321.554475392,0,0
15322.562076606,0,1
15322.564489874,0,0
15323.572091076,0,1
15323.574504342,0,0
15324.582105624,0,1
15324.584518890,0,0
15325.592120060,0,1
15325.594533076,0,0
15326.602134562,0,1
15326.604547578,0,0
15327.612149080,0,1
15327.614562098,0,0
15328.622163508,0,1
15328.624576524,0,0
15329.632177964,0,1
15329.634591230,0,0
15330.642192484,0,1
15330.643462204,1,1
15330.646094316,0,1
15330.646130000,0,0
15331.652206986,0,1
15331.654620252,0,0
15332.662221500,0,1
15332.664634766,0,0
15333.672235906,0,1
15333.674649172,0,0
15334.682250444,0,1
15334.684663712,0,0
15335.692264944,0,1
15335.694677960,0,0
15336.702279416,0,1
15336.704692434,0,0
15337.712293926,0,1
15337.714706942,0,0
15338.722308368,0,1
15338.724721386,0,0
15339.732322878,0,1
15339.734735894,0,0
15340.742337326,0,1
15340.743607026,1,1
15340.746238726,0,1
15340.746274842,0,0
15341.752351852,0,1
15341.754765118,0,0
15342.762366356,0,1
15342.764779622,0,0
15343.772380826,0,1
15343.774794094,0,0
15344.782395352,0,1
15344.784808618,0,0
15345.792409784,0,1
15345.794823052,0,0
15346.802424284,0,1
15346.804837300,0,0
15347.812438796,0,1
15347.814851812,0,0
15348.822453250,0,1
15348.824866268,0,0
15349.832467678,0,1
15349.834880944,0,0
15350.842482172,0,1
15350.843751786,1,1
15350.846383390,0,1
15350.846419438,0,0
15351.852496636,0,1
15351.854909902,0,0
15352.862511098,0,1
15352.864924364,0,0
15353.872525620,0,1
15353.874938886,0,0
15354.882540072,0,1
15354.884953340,0,0
15355.892554590,0,1
15355.894967606,0,0
15356.902569026,0,1
15356.904982042,0,0
15357.912583556,0,1
15357.914996572,0,0
15358.922598018,0,1
15358.925011034,0,0
15359.932612478,0,1
15359.933882160,1,1
15359.936514412,0,1
15359.936549742,0,0
15360.942627088,0,1
15360.945040356,0,0
15361.952641520,0,1
15361.955054788,0,0
15362.962656010,0,1
15362.965069276,0,0
15363.972670514,0,1
15363.975083780,0,0
15364.982684986,0,1
15364.985098254,0,0
15365.992699460,0,1
15365.995112478,0,0
15367.002713962,0,1
15367.005126978,0,0
15368.012728448,0,1
15368.015141464,0,0
15369.022742940,0,1
15369.025155956,0,0
15370.032757426,0,1
15370.034026992,1,1
15370.036658666,0,1
15370.036694690,0,0
15371.042771830,0,1
15371.045185096,0,0
15372.052786294,0,1
15372.055199560,0,0
15373.062800856,0,1
15373.065214122,0,0
15374.072815310,0,1
15374.075228576,0,0
15375.082829800,0,1
15375.085243066,0,0
15376.092844328,0,1
15376.095257344,0,0
15377.102858730,0,1
15377.105271746,0,0
15378.112873252,0,1
15378.115286268,0,0
15379.122887718,0,1
15379.125300734,0,0
15380.132902186,0,1
15380.134171804,1,1
15380.136803556,0,1
15380.136839452,0,0
15381.142916680,0,1
15381.145329696,0,0
15382.152931126,0,1
15382.155344392,0,0
15383.162945624,0,1
15383.165358890,0,0
15384.172960078,0,1
15384.175373344,0,0
15385.182974558,0,1
15385.185387824,0,0
15386.192989042,0,1
15386.195402308,0,0
15387.203003566,0,1
15387.205416834,0,0
15388.213018028,0,1
15388.215431294,0,0
15389.223032552,0,1
15389.225445568,0,0
15390.233047012,0,1
15390.234316596,1,1
15390.236948532,0,1
15390.236984278,0,0
15391.243061388,0,1
15391.245474656,0,0
15392.253075906,0,1
15392.255489174,0,0
15393.263090372,0,1
15393.265503638,0,0
15394.273104848,0,1
15394.275518114,0,0
15395.283119328,0,1
15395.285532594,0,0
15396.293133852,0,1
15396.295546868,0,0
15397.303148344,0,1
15397.305561360,0,0
15398.313162828,0,1
15398.315575844,0,0
15399.323177304,0,1
15399.325590320,0,0
15400.333191788,0,1
15400.334461430,1,1
15400.337093502,0,1
15400.337129054,0,0
15401.343206216,0,1
15401.345619482,0,0
15402.353220706,0,1
15402.355633972,0,0
15403.363235158,0,1
15403.365648426,0,0
15404.373249656,0,1
15404.375662922,0,0
15405.383264164,0,1
15405.385677430,0,0
15406.393278648,0,1
15406.395691914,0,0
15407.403293146,0,1
15407.405706414,0,0
15408.413307600,0,1
15408.415720866,0,0
15409.423322102,0,1
15409.425735120,0,0
15410.433336564,0,1
15410.434606192,1,1
15410.437237604,0,1
15410.437273828,0,0
15411.443351000,0,1
15411.445764266,0,0
15412.453365468,0,1
15412.455778736,0,0
15413.463379962,0,1
15413.465793228,0,0
15414.473394434,0,1
15414.475807700,0,0
15415.483408956,0,1
15415.485822224,0,0
15416.493423420,0,1
15416.495836688,0,0
15417.503437916,0,1
15417.505850932,0,0
15418.513452424,0,1
15418.515865442,0,0
15419.523466860,0,1
15419.525879878,0,0
15420.533481390,0,1
15420.534750928,1,1
15420.537382478,0,1
15420.537418656,0,0
15421.543495796,0,1
15421.545909062,0,0
15422.553510282,0,1
15422.555923548,0,0
15423.563524756,0,1
15423.565938022,0,0
15424.573539240,0,1
15424.575952506,0,0
15425.583553772,0,1
15425.585967038,0,0
15426.593568230,0,1
15426.595981496,0,0
15427.603582744,0,1
15427.605995760,0,0
15428.613597218,0,1
15428.616010234,0,0
15429.623611658,0,1
15429.626024676,0,0
15430.633626200,0,1
15430.634895800,1,1
15430.637527818,0,1
15430.637563464,0,0
15431.643640608,0,1
15431.646053874,0,0
15432.653655088,0,1
15432.656068354,0,0
15433.663669598,0,1
15433.666082864,0,0
15434.673684042,0,1
15434.676097310,0,0
15435.683698524,0,1
15435.686111790,0,0
15436.693713052,0,1
15436.696126318,0,0
15437.703727498,0,1
15437.706140516,0,0
15438.713741994,0,1
15438.716155010,0,0
15439.723756502,0,1
15439.726169518,0,0
15440.733770986,0,1
15440.735040562,1,1
15440.737672878,0,1
15440.737708252,0,0
15441.743785372,0,1
15441.746198640,0,0
15442.753799874,0,1
15442.756213140,0,0
15443.763814326,0,1
15443.766227592,0,0
15444.773828882,0,1
15444.776242148,0,0
15445.783843302,0,1
15445.786256568,0,0
15446.793857792,0,1
15446.796270808,0,0
15447.803872280,0,1
15447.806285296,0,0
15448.813886774,0,1
15448.816299790,0,0
15449.823901280,0,1
15449.826314296,0,0
15450.833915736,0,1
15450.835185464,1,1
15450.837817618,0,1
15450.837853250,0,0
15451.843930314,0,1
15451.846343580,0,0
15452.853944834,0,1
15452.856358100,0,0
15453.863959276,0,1
15453.866372542,0,0
15454.873973786,0,1
15454.876387052,0,0
15455.883988250,0,1
15455.886401516,0,0
15456.894002750,0,1
15456.896416018,0,0
15457.904017212,0,1
15457.906430480,0,0
15458.914031738,0,1
15458.916444754,0,0
15459.924046222,0,1
15459.925315744,1,1
15459.927947738,0,1
15459.927983486,0,0
15460.934060518,0,1
15460.936473784,0,0
15461.944074984,0,1
15461.946488250,0,0
15462.954089484,0,1
15462.956502750,0,0
15463.964103962,0,1
15463.966517228,0,0
15464.974118468,0,1
15464.976531734,0,0
15465.984132934,0,1
15465.986545952,0,0
15466.994147396,0,1
15466.996560412,0,0
15468.004161900,0,1
15468.006574918,0,0
15469.014176386,0,1
15469.016589402,0,0
15470.024190928,0,1
15470.025460578,1,1
15470.028092346,0,1
15470.028128194,0,0
15471.034205266,0,1
15471.036618532,0,0
15472.044219814,0,1
15472.046633080,0,0
15473.054234238,0,1
15473.056647504,0,0
15474.064248760,0,1
15474.066662028,0,0
15475.074263264,0,1
15475.076676530,0,0
15476.084277760,0,1
15476.086690776,0,0
15477.094292234,0,1
15477.096705250,0,0
15478.104306708,0,1
15478.106719726,0,0
15479.114321220,0,1
15479.116734236,0,0
15480.124335732,0,1
15480.125605342,1,1
15480.128237112,0,1
15480.128272998,0,0
15481.134350134,0,1
15481.136763400,0,0
15482.144364622,0,1
15482.146777888,0,0
15483.154379042,0,1
15483.156792308,0,0
15484.164393610,0,1
15484.166806878,0,0
15485.174408066,0,1
15485.176821334,0,0
15486.184422528,0,1
15486.186835544,0,0
15487.194437024,0,1
15487.196850040,0,0
15488.204451514,0,1
15488.206864532,0,0
15489.214466022,0,1
15489.216879040,0,0
15490.224480472,0,1
15490.225750144,1,1
15490.228381620,0,1
15490.228417738,0,0
15491.234495068,0,1
15491.236908336,0,0
15492.244509508,0,1
15492.246922776,0,0
15493.254524026,0,1
15493.256937042,0,0
15494.264538524,0,1
15494.266951542,0,0
15495.274552974,0,1
15495.276965990,0,0
15496.284567502,0,1
15496.286980518,0,0
15497.294581964,0,1
15497.296994982,0,0
15498.304596470,0,1
15498.307009486,0,0
15499.314610932,0,1
15499.317023948,0,0
15500.324625450,0,1
15500.325894922,1,1
15500.328526874,0,1
15500.328562716,0,0
15501.334639710,0,1
15501.337052976,0,0
15502.344654242,0,1
15502.347067508,0,0
15503.354668722,0,1
15503.357081990,0,0
15504.364683208,0,1
15504.367096476,0,0
15505.374697678,0,1
15505.377110944,0,0
15506.384712138,0,1
15506.387125154,0,0
15507.394726624,0,1
15507.397139640,0,0
15508.404741122,0,1
15508.407154140,0,0
15509.414755638,0,1
15509.417168654,0,0
15510.424770090,0,1
15510.426039780,1,1
15510.428671632,0,1
15510.428707356,0,0
15511.434784660,0,1
15511.437197926,0,0
15512.444799148,0,1
15512.447212414,0,0
15513.454813646,0,1
15513.457226912,0,0
15514.464828128,0,1
15514.467241394,0,0
15515.474842592,0,1
15515.477255858,0,0
15516.484857042,0,1
15516.487270310,0,0
15517.494871600,0,1
15517.497284616,0,0
15518.504886066,0,1
15518.507299082,0,0
15519.514900536,0,1
15519.517313554,0,0
15520.524915028,0,1
15520.526184556,1,1
15520.528816508,0,1
15520.528852294,0,0
15521.534929322,0,1
15521.537342590,0,0
15522.544943834,0,1
15522.547357100,0,0
15523.554958250,0,1
15523.557371516,0,0
15524.564972778,0,1
15524.567386044,0,0
15525.574987222,0,1
15525.577400490,0,0
15526.585001722,0,1
15526.587414738,0,0
15527.595016230,0,1
15527.597429246,0,0
15528.605030706,0,1
15528.607443722,0,0
15529.615045216,0,1
15529.617458232,0,0
15530.625059658,0,1
15530.626329384,1,1
15530.628961158,0,1
15530.628996922,0,0
15531.635074224,0,1
15531.637487490,0,0
15532.645088696,0,1
15532.647501962,0,0
15533.655103190,0,1
15533.657516456,0,0
15534.665117686,0,1
15534.667530952,0,0
15535.675132214,0,1
15535.677545480,0,0
15536.685146696,0,1
15536.687559712,0,0
15537.695161176,0,1
15537.697574192,0,0
15538.705175618,0,1
15538.707588634,0,0
15539.715190152,0,1
15539.717603170,0,0
15540.725204588,0,1
15540.726474150,1,1
15540.729106510,0,1
15540.729141852,0,0
15541.735219032,0,1
15541.737632300,0,0
15542.745233550,0,1
15542.747646816,0,0
15543.755247984,0,1
15543.757661250,0,0
15544.765262460,0,1
15544.767675726,0,0
15545.775276994,0,1
15545.777690260,0,0
15546.785291474,0,1
15546.787704740,0,0
15547.795305952,0,1
15547.797719218,0,0
15548.805320440,0,1
15548.807733456,0,0
15549.815334938,0,1
15549.817747956,0,0
15550.825349356,0,1
15550.826618968,1,1
15550.829250614,0,1
15550.829286622,0,0
15551.835363828,0,1
15551.837777094,0,0
15552.845378298,0,1
15552.847791564,0,0
15553.855392784,0,1
15553.857806050,0,0
15554.865407304,0,1
15554.867820572,0,0
15555.875421776,0,1
15555.877835042,0,0
15556.885436244,0,1
15556.887849510,0,0
15557.895450704,0,1
15557.897863720,0,0
15558.905465172,0,1
15558.907878188,0,0
15559.915479690,0,1
15559.916749282,1,1
15559.919381014,0,1
15559.919416954,0,0
15560.925494112,0,1
15560.927907378,0,0
15561.935508588,0,1
15561.937921854,0,0
15562.945523144,0,1
15562.947936410,0,0
15563.955537558,0,1
15563.957950576,0,0
15564.965552026,0,1
15564.967965042,0,0
15565.975566564,0,1
15565.977979580,0,0
15566.985581024,0,1
15566.987994040,0,0
15567.995595498,0,1
15567.998008514,0,0
15569.005610036,0,1
15569.008023052,0,0
15570.015624532,0,1
15570.016894094,1,1
15570.019525766,0,1
15570.019561798,0,0
15571.025638888,0,1
15571.028052154,0,0
15572.035653358,0,1
15572.038066626,0,0
15573.045667882,0,1
15573.048081150,0,0
15574.055682412,0,1
15574.058095678,0,0
15575.065696818,0,1
15575.068110084,0,0
15576.075711386,0,1
15576.078124404,0,0
15577.085725834,0,1
15577.088138850,0,0
15578.095740332,0,1
15578.098153348,0,0
15579.105754790,0,1
15579.108167806,0,0
15580.115769254,0,1
15580.117038856,1,1
15580.119670772,0,1
15580.119706520,0,0
15581.125783720,0,1
15581.128196988,0,0
15582.135798160,0,1
15582.138211428,0,0
15583.145812694,0,1
15583.148225960,0,0
15584.155827168,0,1
15584.158240434,0,0
15585.165841656,0,1
15585.168254922,0,0
15586.175856096,0,1
15586.178269362,0,0
15587.185870638,0,1
15587.188283904,0,0
15588.195885124,0,1
15588.198298140,0,0
15589.205899526,0,1
15589.208312542,0,0
15590.215914068,0,1
15590.217183668,1,1
15590.219815480,0,1
15590.219851334,0,0
15591.225928504,0,1
15591.228341770,0,0
15592.235942944,0,1
15592.238356212,0,0
15593.245957494,0,1
15593.248370762,0,0
15594.255971950,0,1
15594.258385216,0,0
15595.265986420,0,1
15595.268399686,0,0
15596.276000912,0,1
15596.278413928,0,0
15597.286015364,0,1
15597.288428380,0,0
15598.296029888,0,1
15598.298442904,0,0
15599.306044310,0,1
15599.308457326,0,0
15600.316058854,0,1
15600.317328464,1,1
15600.319960472,0,1
15600.319996120,0,0
15601.326073232,0,1
15601.328486498,0,0
15602.336087780,0,1
15602.338501046,0,0
15603.346102226,0,1
15603.348515494,0,0
15604.356116726,0,1
15604.358529992,0,0
15605.366131172,0,1
15605.368544440,0,0
15606.376145702,0,1
15606.378558970,0,0
15607.386160168,0,1
15607.388573434,0,0
15608.396174646,0,1
15608.398587664,0,0
15609.406189158,0,1
15609.408602174,0,0
15610.416203620,0,1
15610.417473252,1,1
15610.420104954,0,1
15610.420140886,0,0
15611.426218028,0,1
15611.428631294,0,0
15612.436232514,0,1
15612.438645780,0,0
15613.446246996,0,1
15613.448660262,0,0
15614.456261500,0,1
15614.458674768,0,0
15615.466276004,0,1
15615.468689270,0,0
15616.476290430,0,1
15616.478703446,0,0
15617.486304944,0,1
15617.488717960,0,0
15618.496319456,0,1
15618.498732472,0,0
15619.506333912,0,1
15619.508746930,0,0
15620.516348404,0,1
15620.517618056,1,1
15620.520249926,0,1
15620.520285670,0,0
15621.526362788,0,1
15621.528776056,0,0
15622.536377262,0,1
15622.538790528,0,0
15623.546391772,0,1
15623.548805038,0,0
15624.556406284,0,1
15624.558819550,0,0
15625.566420768,0,1
15625.568834034,0,0
15626.576435216,0,1
15626.578848232,0,0
15627.586449750,0,1
15627.588862766,0,0
15628.596464206,0,1
15628.598877222,0,0
15629.606478728,0,1
15629.608891744,0,0
15630.616493148,0,1
15630.617762798,1,1
15630.620394504,0,1
15630.620430414,0,0
15631.626507598,0,1
15631.628920866,0,0
15632.636522056,0,1
15632.638935322,0,0
15633.646536596,0,1
15633.648949864,0,0
15634.656551056,0,1
15634.658964074,0,0
15635.666565516,0,1
15635.668978532,0,0
15636.676580024,0,1
15636.678993040,0,0
15637.686594470,0,1
15637.689007486,0,0
15638.696608952,0,1
15638.699022218,0,0
15639.706623402,0,1
15639.709036670,0,0
15640.716637880,0,1
15640.717907684,1,1
15640.720539484,0,1
15640.720575146,0,0
15641.726652526,0,1
15641.729065792,0,0
15642.736667014,0,1
15642.739080280,0,0
15643.746681588,0,1
15643.749094854,0,0
15644.756695990,0,1
15644.759109256,0,0
15645.766710470,0,1
15645.769123736,0,0
15646.776724946,0,1
15646.779138212,0,0
15647.786739462,0,1
15647.789152728,0,0
15648.796753930,0,1
15648.799167196,0,0
15649.806768420,0,1
15649.809181438,0,0
15650.816782924,0,1
15650.818052458,1,1
15650.820684166,0,1
15650.820720188,0,0
15651.826797240,0,1
15651.829210506,0,0
15652.836811710,0,1
15652.839224976,0,0
15653.846826194,0,1
15653.849239462,0,0
15654.856840678,0,1
15654.859253944,0,0
15655.866855174,0,1
15655.869268440,0,0
15656.876869598,0,1
15656.879282866,0,0
15657.886884092,0,1
15657.889297108,0,0
15658.896898634,0,1
15658.899311650,0,0
15659.906913106,0,1
15659.908182700,1,1
15659.910814290,0,1
15659.910850372,0,0
15660.916927472,0,1
15660.919340738,0,0
15661.926941976,0,1
15661.929355244,0,0
15662.936956498,0,1
15662.939369766,0,0
15663.946970970,0,1
15663.949384236,0,0
15664.956985436,0,1
15664.959398704,0,0
15665.966999910,0,1
15665.969412926,0,0
15666.977014392,0,1
15666.979427408,0,0
15667.987028844,0,1
15667.989441862,0,0
15668.997043384,0,1
15668.999456402,0,0
15670.007057890,0,1
15670.008327508,1,1
15670.010959682,0,1
15670.010995156,0,0
15671.017072278,0,1
15671.019485544,0,0
15672.027086742,0,1
15672.029500010,0,0
15673.037101240,0,1
15673.039514508,0,0
15674.047115698,0,1
15674.049528964,0,0
15675.057130202,0,1
15675.059543468,0,0
15676.067144694,0,1
15676.069557710,0,0
15677.077159208,0,1
15677.079572224,0,0
15678.087173678,0,1
15678.089586694,0,0
15679.097188118,0,1
15679.099601136,0,0
15680.107202660,0,1
15680.108472306,1,1
15680.111104096,0,1
15680.111139926,0,0
15681.117217040,0,1
15681.119630306,0,0
15682.127231556,0,1
15682.129644822,0,0
15683.137246056,0,1
15683.139659322,0,0
15684.147260506,0,1
15684.149673772,0,0
15685.157274962,0,1
15685.159688228,0,0
15686.167289492,0,1
15686.169702758,0,0
15687.177303948,0,1
15687.179716964,0,0
15688.187318410,0,1
15688.189731426,0,0
15689.197332956,0,1
15689.199745972,0,0
15690.207347422,0,1
15690.208617120,1,1
15690.211248776,0,1
15690.211284938,0,0
15691.217361924,0,1
15691.219775190,0,0
15692.227376482,0,1
15692.229789748,0,0
15693.237390890,0,1
15693.239804156,0,0
15694.247405416,0,1
15694.249818682,0,0
15695.257419880,0,1
15695.259833146,0,0
15696.267434344,0,1
15696.269847612,0,0
15697.277448838,0,1
15697.279862104,0,0
15698.287463334,0,1
15698.289876600,0,0
15699.297477824,0,1
15699.299890840,0,0
15700.307492284,0,1
15700.308761904,1,1
15700.311393504,0,1
15700.311429550,0,0
15701.317506724,0,1
15701.319919990,0,0
15702.327521224,0,1
15702.329934490,0,0
15703.337535682,0,1
15703.339948950,0,0
15704.347550134,0,1
15704.349963400,0,0
15705.357564684,0,1
15705.359977700,0,0
15706.367579110,0,1
15706.369992126,0,0
15707.377593646,0,1
15707.380006664,0,0
15708.387608120,0,1
15708.390021136,0,0
15709.397622580,0,1
15709.400035596,0,0
15710.407637060,0,1
15710.408906632,1,1
15710.411538476,0,1
15710.411574324,0,0
15711.417651522,0,1
15711.420064788,0,0
15712.427666004,0,1
15712.430079270,0,0
15713.437680454,0,1
15713.440093720,0,0
15714.447694938,0,1
15714.450108204,0,0
15715.457709446,0,1
15715.460122712,0,0
15716.467723884,0,1
15716.470137150,0,0
15717.477738362,0,1
15717.480151628,0,0
15718.487752856,0,1
15718.490166122,0,0
15719.497767388,0,1
15719.500180654,0,0
15720.507781868,0,1
15720.509051438,1,1
15720.511682792,0,1
15720.511719134,0,0
15721.517796236,0,1
15721.520209502,0,0
15722.527810716,0,1
15722.530223982,0,0
15723.537825198,0,1
15723.540238464,0,0
15724.547839738,0,1
15724.550253004,0,0
15725.557854166,0,1
15725.560267432,0,0
15726.567868664,0,1
15726.570281680,0,0
15727.577883156,0,1
15727.580296172,0,0
15728.587897676,0,1
15728.590310692,0,0
15729.597912150,0,1
15729.600325168,0,0
15730.607926644,0,1
15730.609196172,1,1
15730.611827732,0,1
15730.611863910,0,0
15731.617941028,0,1
15731.620354296,0,0
15732.627955534,0,1
15732.630368800,0,0
15733.637970006,0,1
15733.640383272,0,0
15734.647984440,0,1
15734.650397708,0,0
15735.657998966,0,1
15735.660412234,0,0
15736.668013436,0,1
15736.670426702,0,0
15737.678027960,0,1
15737.680440976,0,0
15738.688042426,0,1
15738.690455442,0,0
15739.698056946,0,1
15739.700469964,0,0
15740.708071432,0,1
15740.709341020,1,1
15740.711972472,0,1
15740.712008696,0,0
15741.718085818,0,1
15741.720499084,0,0
15742.728100300,0,1
15742.730513566,0,0
15743.738114834,0,1
15743.740528100,0,0
15744.748129244,0,1
15744.750542512,0,0
15745.758143770,0,1
15745.760557036,0,0
15746.768158252,0,1
15746.770571518,0,0
15747.778172748,0,1
15747.780586014,0,0
15748.788187234,0,1
15748.790600252,0,0
15749.798201676,0,1
15749.800614692,0,0
15750.808216216,0,1
15750.809485810,1,1
15750.812117636,0,1
15750.812153482,0,0
15751.818230602,0,1
15751.820643868,0,0
15752.828245122,0,1
15752.830658388,0,0
15753.838259620,0,1
15753.840672886,0,0
15754.848274072,0,1
15754.850687338,0,0
15755.858288528,0,1
15755.860701794,0,0
15756.868303042,0,1
15756.870716310,0,0
15757.878317558,0,1
15757.880730824,0,0
15758.888332042,0,1
15758.890745060,0,0
15759.898346470,0,1
15759.899616152,1,1
15759.902247996,0,1
15759.902283736,0,0
15760.908361062,0,1
15760.910774328,0,0
15761.918375518,0,1
15761.920788786,0,0
15762.928390020,0,1
15762.930803286,0,0
15763.938404494,0,1
15763.940817760,0,0
15764.948418976,0,1
15764.950832244,0,0
15765.958433446,0,1
15765.960846712,0,0
15766.968447926,0,1
15766.970861192,0,0
15767.978462434,0,1
15767.980875700,0,0
15768.988476914,0,1
15768.990890180,0,0
15769.998491424,0,1
15769.999760902,1,1
15770.002392404,0,1
15770.002428690,0,0
15771.008505712,0,1
15771.010918978,0,0
15772.018520222,0,1
15772.020933490,0,0
15773.028534686,0,1
15773.030947952,0,0
15774.038549158,0,1
15774.040962426,0,0
15775.048563650,0,1
15775.050976916,0,0
15776.058578132,0,1
15776.060991148,0,0
15777.068592672,0,1
15777.071005688,0,0
15778.078607110,0,1
15778.081020128,0,0
15779.088621524,0,1
15779.091034790,0,0
15780.098636024,0,1
15780.099905660,1,1
15780.102537670,0,1
15780.102573290,0,0
15781.108650436,0,1
15781.111063704,0,0
15782.118664914,0,1
15782.121078180,0,0
15783.128679474,0,1
15783.131092740,0,0
15784.138693922,0,1
15784.141107188,0,0
15785.148708394,0,1
15785.151121410,0,0
15786.158722910,0,1
15786.161135926,0,0
15787.168737386,0,1
15787.171150404,0,0
15788.178751874,0,1
15788.181164890,0,0
15789.188766342,0,1
15789.191179360,0,0
15790.198780790,0,1
15790.200050520,1,1
15790.202682156,0,1
15790.202718304,0,0
15791.208795318,0,1
15791.211208584,0,0
15792.218809794,0,1
15792.221223060,0,0
15793.228824324,0,1
15793.231237590,0,0
15794.238838784,0,1
15794.241252050,0,0
15795.248853266,0,1
15795.251266534,0,0
15796.258867736,0,1
15796.261280752,0,0
15797.268882236,0,1
15797.271295252,0,0
15798.278896724,0,1
15798.281309742,0,0
15799.288911202,0,1
15799.291324218,0,0
15800.298925736,0,1
15800.300195304,1,1
15800.302827048,0,1
15800.302863002,0,0
15801.308940124,0,1
15801.311353390,0,0
15802.318954586,0,1
15802.321367852,0,0
15803.328969090,0,1
15803.331382356,0,0
15804.338983570,0,1
15804.341396836,0,0
15805.348998086,0,1
15805.351411352,0,0
15806.359012516,0,1
15806.361425534,0,0
15807.369027034,0,1
15807.371440050,0,0
15808.379041526,0,1
15808.381454542,0,0
15809.389056038,0,1
15809.391469056,0,0
15810.399070490,0,1
15810.400340108,1,1
15810.402971974,0,1
15810.403007756,0,0
15811.409084910,0,1
15811.411498176,0,0
15812.419099422,0,1
15812.421512688,0,0
15813.429113926,0,1
15813.431527192,0,0
15814.439128414,0,1
15814.441541682,0,0
15815.449142882,0,1
15815.451556148,0,0
15816.459157358,0,1
15816.461570376,0,0
15817.469171890,0,1
15817.471584906,0,0
15818.479186328,0,1
15818.481599344,0,0
15819.489200840,0,1
15819.491613856,0,0
15820.499215360,0,1
15820.500484902,1,1
15820.503117206,0,1
15820.503152626,0,0
15821.509229736,0,1
15821.511643002,0,0
15822.519244250,0,1
15822.521657518,0,0
15823.529258716,0,1
15823.531671982,0,0
15824.539273244,0,1
15824.541686510,0,0
15825.549287684,0,1
15825.551700950,0,0
15826.559302202,0,1
15826.561715218,0,0
15827.569316672,0,1
15827.571729688,0,0
15828.579331164,0,1
15828.581744180,0,0
15829.589345652,0,1
15829.591758668,0,0
15830.599360074,0,1
15830.600629650,1,1
15830.603261376,0,1
15830.603297340,0,0
15831.609374556,0,1
15831.611787824,0,0
15832.619389008,0,1
15832.621802274,0,0
15833.629403552,0,1
15833.631816818,0,0
15834.639417998,0,1
15834.641831264,0,0
15835.649432488,0,1
15835.651845754,0,0
15836.659446982,0,1
15836.661859998,0,0
15837.669461516,0,1
15837.671874532,0,0
15838.679475952,0,1
15838.681888968,0,0
15839.689490434,0,1
15839.691903450,0,0
15840.699504906,0,1
15840.700774478,1,1
15840.703406142,0,1
15840.703442172,0,0
15841.709519328,0,1
15841.711932594,0,0
15842.719533844,0,1
15842.721947110,0,0
15843.729548290,0,1
15843.731961556,0,0
15844.739562794,0,1
15844.741976060,0,0
15845.749577272,0,1
15845.751990290,0,0
15846.759591740,0,1
15846.762004756,0,0
15847.769606280,0,1
15847.772019296,0,0
15848.779620692,0,1
15848.782033958,0,0
15849.789635186,0,1
15849.792048452,0,0
15850.799649646,0,1
15850.800919192,1,1
15850.803550866,0,1
15850.803586912,0,0
15851.809663958,0,1
15851.812077224,0,0
15852.819678488,0,1
15852.822091754,0,0
15853.829692978,0,1
15853.832106244,0,0
15854.839707426,0,1
15854.842120444,0,0
15855.849721954,0,1
15855.852134970,0,0
15856.859736394,0,1
15856.862149410,0,0
15857.869750882,0,1
15857.872163898,0,0
15858.879765326,0,1
15858.882178592,0,0
15859.889779788,0,1
15859.891049582,1,1
15859.893681130,0,1
15859.893717054,0,0
15860.899794480,0,1
15860.902207746,0,0
15861.909808982,0,1
15861.912222250,0,0
15862.919823426,0,1
15862.922236692,0,0
15863.929837942,0,1
15863.932251208,0,0
15864.939852438,0,1
15864.942265704,0,0
15865.949866890,0,1
15865.952280156,0,0
15866.959881400,0,1
15866.962294416,0,0
15867.969895838,0,1
15867.972308856,0,0
15868.979910374,0,1
15868.982323390,0,0
15869.989924828,0,1
15869.991194324,1,1
15869.993826526,0,1
15869.993862094,0,0
15870.999939146,0,1
15871.002352414,0,0
15872.009953628,0,1
15872.012366896,0,0
15873.019968148,0,1
15873.022381414,0,0
15874.029982654,0,1
15874.032395920,0,0
15875.039997072,0,1
15875.042410088,0,0
15876.050011596,0,1
15876.052424612,0,0
15877.060026100,0,1
15877.062439118,0,0
15878.070040552,0,1
15878.072453568,0,0
15879.080054996,0,1
15879.082468262,0,0
15880.090069472,0,1
15880.091339130,1,1
15880.093970866,0,1
15880.094006738,0,0
15881.100083926,0,1
15881.102497192,0,0
15882.110098414,0,1
15882.112511680,0,0
15883.120112852,0,1
15883.122526118,0,0
15884.130127326,0,1
15884.132540342,0,0
15885.140141866,0,1
15885.142554884,0,0
15886.150156346,0,1
15886.152569362,0,0
15887.160170828,0,1
15887.162583846,0,0
15888.170185310,0,1
15888.172598576,0,0
15889.180199728,0,1
15889.182612994,0,0
15890.190214224,0,1
15890.191483920,1,1
15890.194115878,0,1
15890.194151488,0,0
15891.200228782,0,1
15891.202642048,0,0
15892.210243290,0,1
15892.212656556,0,0
15893.220257766,0,1
15893.222671032,0,0
15894.230272254,0,1
15894.232685270,0,0
15895.240286768,0,1
15895.242699784,0,0
15896.250301212,0,1
15896.252714230,0,0
15897.260315762,0,1
15897.262728778,0,0
15898.270330182,0,1
15898.272743198,0,0
15899.280344642,0,1
15899.282757908,0,0
15900.290359088,0,1
15900.291628660,1,1
15900.294259888,0,1
15900.294296354,0,0
15901.300373578,0,1
15901.302786844,0,0
15902.310388056,0,1
15902.312801322,0,0
15903.320402496,0,1
15903.322815762,0,0
15904.330417022,0,1
15904.332830038,0,0
15905.340431476,0,1
15905.342844494,0,0
15906.350445932,0,1
15906.352858948,0,0
15907.360460488,0,1
15907.362873504,0,0
15908.370474926,0,1
15908.372888192,0,0
15909.380489426,0,1
15909.382902692,0,0
15910.390503918,0,1
15910.391773484,1,1
15910.394404998,0,1
15910.394441184,0,0
15911.400518320,0,1
15911.402931588,0,0
15912.410532798,0,1
15912.412946064,0,0
15913.420547304,0,1
15913.422960570,0,0
15914.430561738,0,1
15914.432974754,0,0
15915.440576278,0,1
15915.442989294,0,0
15916.450590724,0,1
15916.453003740,0,0
15917.460605234,0,1
15917.463018252,0,0
15918.470619634,0,1
15918.473032900,0,0
15919.480634154,0,1
15919.483047422,0,0
15920.490648626,0,1
15920.491918288,1,1
15920.494549978,0,1
15920.494585892,0,0
15921.500663090,0,1
15921.503076358,0,0
15922.510677526,0,1
15922.513090794,0,0
15923.520692058,0,1
15923.523105324,0,0
15924.530706540,0,1
15924.533119558,0,0
15925.540721036,0,1
15925.543134052,0,0
15926.550735554,0,1
15926.553148570,0,0
15927.560749962,0,1
15927.563163228,0,0
15928.570764432,0,1
15928.573177698,0,0
15929.580778966,0,1
15929.583192232,0,0
15930.590793436,0,1
15930.592063168,1,1
15930.594694876,0,1
15930.594730952,0,0
15931.600807950,0,1
15931.603221218,0,0
15932.610822442,0,1
15932.613235708,0,0
15933.620836934,0,1
15933.623250202,0,0
15934.630851418,0,1
15934.633264684,0,0
15935.640865904,0,1
15935.643278920,0,0
15936.650880446,0,1
15936.653293464,0,0
15937.660894860,0,1
15937.663307876,0,0
15938.670909356,0,1
15938.673322372,0,0
15939.680923866,0,1
15939.683336884,0,0
15940.690938308,0,1
15940.692207938,1,1
15940.694839498,0,1
15940.694875574,0,0
15941.700952744,0,1
15941.703366010,0,0
15942.710967204,0,1
15942.713380470,0,0
15943.720981718,0,1
15943.723394984,0,0
15944.730996178,0,1
15944.733409194,0,0
15945.741010674,0,1
15945.743423692,0,0
15946.751025186,0,1
15946.753438202,0,0
15947.761039608,0,1
15947.763452874,0,0
15948.771054084,0,1
15948.773467350,0,0
15949.781068560,0,1
15949.783481826,0,0
15950.791083054,0,1
15950.792352684,1,1
15950.794984282,0,1
15950.795020320,0,0
15951.801097510,0,1
15951.803510776,0,0
15952.811112002,0,1
15952.813525270,0,0
15953.821126488,0,1
15953.823539754,0,0
15954.831140900,0,1
15954.833553916,0,0
15955.841155458,0,1
15955.843568472,0,0
15956.851169946,0,1
15956.853582964,0,0
15957.861184424,0,1
15957.863597442,0,0
15958.871198868,0,1
15958.873612134,0,0
15959.881213364,0,1
15959.882483106,1,1
15959.885114674,0,1
15959.885150878,0,0
15960.891227910,0,1
15960.893641178,0,0
15961.901242348,0,1
15961.903655614,0,0
15962.911256892,0,1
15962.913670158,0,0
15963.921271350,0,1
15963.923684616,0,0
15964.931285868,0,1
15964.933698884,0,0
15965.941300332,0,1
15965.943713348,0,0
15966.951314836,0,1
15966.953727854,0,0
15967.961329290,0,1
15967.963742306,0,0
15968.971343732,0,1
15968.973756998,0,0
15969.981358252,0,1
15969.982627818,1,1
15969.985259660,0,1
15969.985295518,0,0
15970.991372626,0,1
15970.993785894,0,0
15972.001387170,0,1
15972.003800436,0,0
15973.011401650,0,1
15973.013814916,0,0
15974.021416106,0,1
15974.023829124,0,0
15975.031430572,0,1
15975.033843588,0,0
15976.041445086,0,1
15976.043858102,0,0
15977.051459566,0,1
15977.053872584,0,0
15978.061473986,0,1
15978.063887252,0,0
15979.071488482,0,1
15979.073901748,0,0
15980.081503012,0,1
15980.082772676,1,1
15980.085404520,0,1
15980.085440278,0,0
15981.091517494,0,1
15981.093930760,0,0
15982.101532050,0,1
15982.103945318,0,0
15983.111546468,0,1
15983.113959734,0,0
15984.121560998,0,1
15984.123974264,0,0
15985.131575498,0,1
15985.133988514,0,0
15986.141589976,0,1
15986.144002992,0,0
15987.151604432,0,1
15987.154017448,0,0
15988.161618884,0,1
15988.164031900,0,0
15989.171633316,0,1
15989.174046582,0,0
15990.181647844,0,1
15990.182917470,1,1
15990.185549194,0,1
15990.185585110,0,0
15991.191662258,0,1
15991.194075526,0,0
15992.201676772,0,1
15992.204089788,0,0
15993.211691240,0,1
15993.214104258,0,0
15994.221705704,0,1
15994.224118720,0,0
15995.231720208,0,1
15995.234133224,0,0
15996.241734688,0,1
15996.244147704,0,0
15997.251749126,0,1
15997.254162392,0,0
15998.261763634,0,1
15998.264176900,0,0
15999.271778108,0,1
15999.274191374,0,0
16000.281792592,0,1
16000.283062288,1,1
16000.285693878,0,1
16000.285729858,0,0
16001.291807154,0,1
16001.294220422,0,0
16002.301821674,0,1
16002.304234942,0,0
16003.311836100,0,1
16003.314249366,0,0
16004.321850600,0,1
16004.324263866,0,0
16005.331865108,0,1
16005.334278374,0,0
16006.341879612,0,1
16006.344292630,0,0
16007.351894086,0,1
16007.354307104,0,0
16008.361908542,0,1
16008.364321558,0,0
16009.371923076,0,1
16009.374336094,0,0
16010.381937496,0,1
16010.383207070,1,1
16010.385838522,0,1
16010.385874762,0,0
16011.391951968,0,1
16011.394365236,0,0
16012.401966460,0,1
16012.404379726,0,0
16013.411980958,0,1
16013.414394224,0,0
16014.421995404,0,1
16014.424408670,0,0
16015.432009894,0,1
16015.434422910,0,0
16016.442024378,0,1
16016.444437394,0,0
16017.452038890,0,1
16017.454451906,0,0
16018.462053346,0,1
16018.464466362,0,0
16019.472067844,0,1
16019.474480860,0,0
16020.482082284,0,1
16020.483351814,1,1
16020.485983324,0,1
16020.486019548,0,0
16021.492096536,0,1
16021.494509802,0,0
16022.502111072,0,1
16022.504524338,0,0
16023.512125532,0,1
16023.514538798,0,0
16024.522140048,0,1
16024.524553066,0,0
16025.532154512,0,1
16025.534567528,0,0
16026.542169012,0,1
16026.544582028,0,0
16027.552183524,0,1
16027.554596540,0,0
16028.562197946,0,1
16028.564611212,0,0
16029.572212430,0,1
16029.574625698,0,0
16030.582226928,0,1
16030.583496622,1,1
16030.586128104,0,1
16030.586164194,0,0
16031.592241496,0,1
16031.594654764,0,0
16032.602255900,0,1
16032.604669166,0,0
16033.612270390,0,1
16033.614683656,0,0
16034.622284902,0,1
16034.624698170,0,0
16035.632299414,0,1
16035.634712430,0,0
16036.642313894,0,1
16036.644726910,0,0
16037.652328394,0,1
16037.654741410,0,0
16038.662342824,0,1
16038.664755840,0,0
16039.672357328,0,1
16039.674770344,0,0
16040.682371746,0,1
16040.683641406,1,1
16040.686273528,0,1
16040.686309010,0,0
16041.692386308,0,1
16041.694799574,0,0
16042.702400772,0,1
16042.704814040,0,0
16043.712415260,0,1
16043.714828526,0,0
16044.722429758,0,1
16044.724843024,0,0
16045.732444270,0,1
16045.734857286,0,0
16046.742458728,0,1
16046.744871744,0,0
16047.752473274,0,1
16047.754886290,0,0
16048.762487722,0,1
16048.764900738,0,0
16049.772502194,0,1
16049.774915212,0,0
16050.782516640,0,1
16050.783786206,1,1
16050.786418276,0,1
16050.786453906,0,0
16051.792531084,0,1
16051.794944350,0,0
16052.802545510,0,1
16052.804958776,0,0
16053.812560038,0,1
16053.814973304,0,0
16054.822574506,0,1
16054.824987774,0,0
16055.832588992,0,1
16055.835002010,0,0
16056.842603512,0,1
16056.845016528,0,0
16057.852618002,0,1
16057.855031018,0,0
16058.862632452,0,1
16058.865045468,0,0
16059.872646982,0,1
16059.873916490,1,1
16059.876548508,0,1
16059.876584248,0,0
16060.882661254,0,1
16060.885074522,0,0
16061.892675730,0,1
16061.895088996,0,0
16062.902690226,0,1
16062.905103494,0,0
16063.912704718,0,1
16063.915117734,0,0
16064.922719228,0,1
16064.925132244,0,0
16065.932733646,0,1
16065.935146914,0,0
16066.942748102,0,1
16066.945161368,0,0
16067.952762612,0,1
16067.955175880,0,0
16068.962777100,0,1
16068.965190118,0,0
16069.972791572,0,1
16069.974061344,1,1
16069.976693100,0,1
16069.976729088,0,0
16070.982806134,0,1
16070.985219402,0,0
16071.992820648,0,1
16071.995233914,0,0
16073.002835128,0,1
16073.005248394,0,0
16074.012849578,0,1
16074.015262844,0,0
16075.022864062,0,1
16075.025277078,0,0
16076.032878532,0,1
16076.035291548,0,0
16077.042893080,0,1
16077.045306096,0,0
16078.052907548,0,1
16078.055320566,0,0
16079.062921950,0,1
16079.065335216,0,0
16080.072936468,0,1
16080.074206158,1,1
16080.076838118,0,1
16080.076873732,0,0
16081.082950992,0,1
16081.085364260,0,0
16082.092965476,0,1
16082.095378744,0,0
16083.102979986,0,1
16083.105393254,0,0
16084.112994440,0,1
16084.115407456,0,0
16085.123008946,0,1
16085.125421962,0,0
16086.133023408,0,1
16086.135436424,0,0
16087.143037958,0,1
16087.145450974,0,0
16088.153052366,0,1
16088.155465384,0,0
16089.163066848,0,1
16089.165480114,0,0
16090.173081322,0,1
16090.174350944,1,1
16090.176982834,0,1
16090.177018588,0,0
16091.183095744,0,1
16091.185509010,0,0
16092.193110258,0,1
16092.195523524,0,0
16093.203124696,0,1
16093.205537962,0,0
16094.213139232,0,1
16094.215552248,0,0
16095.223153704,0,1
16095.225566720,0,0
16096.233168144,0,1
16096.235581160,0,0
16097.243182664,0,1
16097.245595680,0,0
16098.253197066,0,1
16098.255610334,0,0
16099.263211608,0,1
16099.265624874,0,0
16100.273226088,0,1
16100.274495728,1,1
16100.277127142,0,1
16100.277163354,0,0
16101.283240500,0,1
16101.285653768,0,0
16102.293255016,0,1
16102.295668282,0,0
16103.303269474,0,1
16103.305682740,0,0
16104.313283960,0,1
16104.315697226,0,0
16105.323298430,0,1
16105.325711446,0,0
16106.333312930,0,1
16106.335725948,0,0
16107.343327436,0,1
16107.345740454,0,0
16108.353341892,0,1
16108.355754908,0,0
16109.363356400,0,1
16109.365769416,0,0
16110.373370832,0,1
16110.374640484,1,1
16110.377272560,0,1
16110.377308096,0,0
16111.383385290,0,1
16111.385798558,0,0
16112.393399728,0,1
16112.395812994,0,0
16113.403414224,0,1
16113.405827490,0,0
16114.413428736,0,1
16114.415841752,0,0
16115.423443214,0,1
16115.425856230,0,0
16116.433457684,0,1
16116.435870700,0,0
16117.443472214,0,1
16117.445885230,0,0
16118.453486624,0,1
16118.455899890,0,0
16119.463501056,0,1
16119.465914322,0,0
16120.473515644,0,1
16120.474785338,1,1
16120.477417310,0,1
16120.477452908,0,0
16121.483530124,0,1
16121.485943390,0,0
16122.493544642,0,1
16122.495957908,0,0
16123.503559114,0,1
16123.505972382,0,0
16124.513573602,0,1
16124.515986618,0,0
16125.523588098,0,1
16125.526001114,0,0
16126.533602584,0,1
16126.536015600,0,0
16127.543617080,0,1
16127.546030096,0,0
16128.553631514,0,1
16128.556044780,0,0
16129.563645968,0,1
16129.566059236,0,0
16130.573660472,0,1
16130.574930114,1,1
16130.577561802,0,1
16130.577597738,0,0
16131.583674902,0,1
16131.586088170,0,0
16132.593689422,0,1
16132.596102690,0,0
16133.603703900,0,1
16133.606117166,0,0
16134.613718336,0,1
16134.616131352,0,0
16135.623732856,0,1
16135.626145872,0,0
16136.633747274,0,1
16136.636160540,0,0
16137.643761732,0,1
16137.646175000,0,0
16138.653776252,0,1
16138.656189518,0,0
16139.663790748,0,1
16139.666203764,0,0
16140.673805198,0,1
16140.675074884,1,1
16140.677706474,0,1
16140.677742464,0,0
16141.683819758,0,1
16141.686233024,0,0
16142.693834258,0,1
16142.696247524,0,0
16143.703848782,0,1
16143.706262048,0,0
16144.713863246,0,1
16144.716276512,0,0
16145.723877730,0,1
16145.726290996,0,0
16146.733892264,0,1
16146.736305282,0,0
16147.743906696,0,1
16147.746319714,0,0
16148.753921184,0,1
16148.756334200,0,0
16149.763935692,0,1
16149.766348708,0,0
16150.773950182,0,1
16150.775219752,1,1
16150.777851834,0,1
16150.777887448,0,0
16151.783964700,0,1
16151.786377966,0,0
16152.793979240,0,1
16152.796392508,0,0
16153.803993688,0,1
16153.806406956,0,0
16154.814008178,0,1
16154.816421444,0,0
16155.824022678,0,1
16155.826435946,0,0
16156.834037166,0,1
16156.836450432,0,0
16157.844051648,0,1
16157.846464664,0,0
16158.854066106,0,1
16158.856479122,0,0
16159.864080580,0,1
16159.865349950,1,1
16159.867981296,0,1
16159.868017594,0,0
16160.874094770,0,1
16160.876508038,0,0
16161.884109288,0,1
16161.886522554,0,0
16162.894123766,0,1
16162.896537034,0,0
16163.904138256,0,1
16163.906551272,0,0
16164.914152724,0,1
16164.916565740,0,0
16165.924167218,0,1
16165.926580234,0,0
16166.934181706,0,1
16166.936594722,0,0
16167.944196140,0,1
16167.946609406,0,0
16168.954210632,0,1
16168.956623898,0,0
16169.964225060,0,1
16169.965494758,1,1
16169.968126992,0,1
16169.968162326,0,0
16170.974239656,0,1
16170.976652922,0,0
16171.984254150,0,1
16171.986667414,0,0
16172.994268640,0,1
16172.996681908,0,0
16174.004283140,0,1
16174.006696406,0,0
16175.014297608,0,1
16175.016710624,0,0
16176.024312040,0,1
16176.026725056,0,0
16177.034326564,0,1
16177.036739580,0,0
16178.044341078,0,1
16178.046754094,0,0
16179.054355488,0,1
16179.056768754,0,0
16180.064369940,0,1
16180.065639472,1,1
16180.068271070,0,1
16180.068307206,0,0
16181.074384428,0,1
16181.076797694,0,0
16182.084398852,0,1
16182.086812118,0,0
16183.094413342,0,1
16183.096826608,0,0
16184.104427850,0,1
16184.106841116,0,0
16185.114442372,0,1
16185.116855388,0,0
16186.124456836,0,1
16186.126869852,0,0
16187.134471296,0,1
16187.136884314,0,0
16188.144485800,0,1
16188.146898818,0,0
16189.154500190,0,1
16189.156913456,0,0
16190.164514698,0,1
16190.165784276,1,1
16190.168416010,0,1
16190.168451964,0,0
16191.174529102,0,1
16191.176942368,0,0
16192.184543624,0,1
16192.186956890,0,0
16193.194558134,0,1
16193.196971402,0,0
16194.204572574,0,1
16194.206985842,0,0
16195.214587114,0,1
16195.217000130,0,0
16196.224601524,0,1
16196.227014540,0,0
16197.234616034,0,1
16197.237029050,0,0
16198.244630502,0,1
16198.247043518,0,0
16199.254644940,0,1
16199.257058206,0,0
16200.264659402,0,1
16200.265929076,1,1
16200.268560808,0,1
16200.268596668,0,0
16201.274673970,0,1
16201.277087236,0,0
16202.284688452,0,1
16202.287101718,0,0
16203.294702946,0,1
16203.297116214,0,0
16204.304717454,0,1
16204.307130720,0,0
16205.314731950,0,1
16205.317144966,0,0
16206.324746432,0,1
16206.327159448,0,0
16207.334760898,0,1
16207.337174164,0,0
16208.344775316,0,1
16208.347188584,0,0
16209.354789864,0,1
16209.357203130,0,0
16210.364804324,0,1
16210.366073800,1,1
16210.368705494,0,1
16210.368741590,0,0
16211.374818650,0,1
16211.377231918,0,0
16212.384833100,0,1
16212.387246366,0,0
16213.394847578,0,1
16213.397260844,0,0
16214.404862096,0,1
16214.407275114,0,0
16215.414876596,0,1
16215.417289612,0,0
16216.424891076,0,1
16216.427304092,0,0
16217.434905544,0,1
16217.437318562,0,0
16218.444919984,0,1
16218.447333250,0,0
16219.454934480,0,1
16219.457347748,0,0
16220.464948970,0,1
16220.466218620,1,1
16220.468850822,0,1
16220.468886234,0,0
16221.474963344,0,1
16221.477376610,0,0
16222.484977854,0,1
16222.487391120,0,0
16223.494992344,0,1
16223.497405360,0,0
16224.505006810,0,1
16224.507419826,0,0
16225.515021360,0,1
16225.517434376,0,0
16226.525035786,0,1
16226.527448804,0,0
16227.535050198,0,1
16227.537463464,0,0
16228.545064750,0,1
16228.547478018,0,0
16229.555079184,0,1
16229.557492202,0,0
16230.565093702,0,1
16230.566363416,1,1
16230.568995240,0,1
16230.569030968,0,0
16231.575108216,0,1
16231.577521482,0,0
16232.585122688,0,1
16232.587535954,0,0
16233.595137230,0,1
16233.597550246,0,0
16234.605151746,0,1
16234.607564762,0,0
16235.615166186,0,1
16235.617579204,0,0
16236.625180626,0,1
16236.627593892,0,0
16237.635195106,0,1
16237.637608372,0,0
16238.645209574,0,1
16238.647622842,0,0
16239.655224114,0,1
16239.657637132,0,0
16240.665238552,0,1
16240.666508084,1,1
16240.669140392,0,1
16240.669175818,0,0
16241.675252866,0,1
16241.677666132,0,0
16242.685267338,0,1
16242.687680606,0,0
16243.695281790,0,1
16243.697694808,0,0
16244.705296350,0,1
16244.707709366,0,0
16245.715310784,0,1
16245.717723800,0,0
16246.725325260,0,1
16246.727738278,0,0
16247.735339728,0,1
16247.737752996,0,0
16248.745354188,0,1
16248.747767454,0,0
16249.755368700,0,1
16249.757781716,0,0
16250.765383180,0,1
16250.766652912,1,1
16250.769284588,0,1
16250.769320694,0,0
16251.775397696,0,1
16251.777810964,0,0
16252.785412180,0,1
16252.787825446,0,0
16253.795426686,0,1
16253.797839702,0,0
16254.805441194,0,1
16254.807854212,0,0
16255.815455688,0,1
16255.817868706,0,0
16256.825470180,0,1
16256.827883198,0,0
16257.835484574,0,1
16257.837897840,0,0
16258.845499062,0,1
16258.847912330,0,0
16259.855513556,0,1
16259.857926572,0,0
16260.865528004,0,1
16260.866797706,1,1
16260.869429886,0,1
16260.869465520,0,0
16261.875542622,0,1
16261.877955888,0,0
16262.885557058,0,1
16262.887970324,0,0
16263.895571596,0,1
16263.897984862,0,0
16264.905586020,0,1
16264.907999038,0,0
16265.915600526,0,1
16265.918013542,0,0
16266.925615028,0,1
16266.928028044,0,0
16267.935629486,0,1
16267.938042504,0,0
16268.945643888,0,1
16268.948057154,0,0
16269.955658430,0,1
16269.956928010,1,1
16269.959559568,0,1
16269.959595694,0,0
16270.965672812,0,1
16270.968086078,0,0
16271.975687326,0,1
16271.978100592,0,0
16272.985701830,0,1
16272.988115096,0,0
16273.995716276,0,1
16273.998129292,0,0
16275.005730772,0,1
16275.008143788,0,0
16276.015745238,0,1
16276.018158254,0,0
16277.025759664,0,1
16277.028172930,0,0
16278.035774184,0,1
16278.038187450,0,0
16279.045788608,0,1
16279.048201624,0,0
16280.055803132,0,1
16280.057072770,1,1
16280.059704532,0,1
16280.059740398,0,0
16281.065817566,0,1
16281.068230832,0,0
16282.075832068,0,1
16282.078245336,0,0
16283.085846494,0,1
16283.088259510,0,0
16284.095861056,0,1
16284.098274072,0,0
16285.105875520,0,1
16285.108288538,0,0
16286.115889964,0,1
16286.118302980,0,0
16287.125904432,0,1
16287.128317698,0,0
16288.135918882,0,1
16288.138332148,0,0
16289.145933364,0,1
16289.148346380,0,0
16290.155947864,0,1
16290.157217538,1,1
16290.159849310,0,1
16290.159885130,0,0
16291.165962418,0,1
16291.168375686,0,0
16292.175976894,0,1
16292.178390162,0,0
16293.185991402,0,1
16293.188404670,0,0
16294.196005864,0,1
16294.198418880,0,0
16295.206020372,0,1
16295.208433388,0,0
16296.216034834,0,1
16296.218447852,0,0
16297.226049304,0,1
16297.228462320,0,0
16298.236063798,0,1
16298.238476814,0,0
16299.246078230,0,1
16299.248491496,0,0
16300.256092728,0,1
16300.257362220,1,1
16300.259994022,0,1
16300.260029994,0,0
16301.266107026,0,1
16301.268520292,0,0
16302.276121476,0,1
16302.278534742,0,0
16303.286135980,0,1
16303.288549246,0,0
16304.296150434,0,1
16304.298563450,0,0
16305.306164964,0,1
16305.308577982,0,0
16306.316179450,0,1
16306.318592466,0,0
16307.326193888,0,1
16307.328607156,0,0
16308.336208332,0,1
16308.338621600,0,0
16309.346222782,0,1
16309.348636048,0,0
16310.356237306,0,1
16310.357507000,1,1
16310.360138440,0,1
16310.360174572,0,0
16311.366251812,0,1
16311.368665078,0,0
16312.376266308,0,1
16312.378679574,0,0
16313.386280860,0,1
16313.388694128,0,0
16314.396295300,0,1
16314.398708316,0,0
16315.406309764,0,1
16315.408722780,0,0
16316.416324270,0,1
16316.418737286,0,0
16317.426338780,0,1
16317.428751796,0,0
16318.436353216,0,1
16318.438766482,0,0
16319.446367666,0,1
16319.448780932,0,0
16320.456382132,0,1
16320.457651766,1,1
16320.460284006,0,1
16320.460319398,0,0
16321.466396570,0,1
16321.468809838,0,0
16322.476411062,0,1
16322.478824328,0,0
16323.486425592,0,1
16323.488838858,0,0
16324.496439998,0,1
16324.498853264,0,0
16325.506454528,0,1
16325.508867544,0,0
16326.516469020,0,1
16326.518882038,0,0
16327.526483460,0,1
16327.528896476,0,0
16328.536498004,0,1
16328.538911020,0,0
16329.546512408,0,1
16329.548925676,0,0
16330.556526904,0,1
16330.557796442,1,1
16330.560427864,0,1
16330.560463920,0,0
16331.566541320,0,1
16331.568954586,0,0
16332.576555802,0,1
16332.578969068,0,0
16333.586570252,0,1
16333.588983518,0,0
16334.596584788,0,1
16334.598997804,0,0
16335.606599246,0,1
16335.609012262,0,0
16336.616613704,0,1
16336.619026720,0,0
16337.626628152,0,1
16337.629041420,0,0
16338.636642618,0,1
16338.639055884,0,0
16339.646657118,0,1
16339.649070386,0,0
16340.656671616,0,1
16340.657941266,1,1
16340.660573156,0,1
16340.660608882,0,0
16341.666686044,0,1
16341.669099312,0,0
16342.676700488,0,1
16342.679113754,0,0
16343.686714956,0,1
16343.689127974,0,0
16344.696729496,0,1
16344.699142512,0,0
16345.706743968,0,1
16345.709156984,0,0
16346.716758348,0,1
16346.719171614,0,0
16347.726772884,0,1
16347.729186150,0,0
16348.736787366,0,1
16348.739200632,0,0
16349.746801814,0,1
16349.749214830,0,0
16350.756816308,0,1
16350.758085960,1,1
16350.760717712,0,1
16350.760753572,0,0
16351.766830760,0,1
16351.769244026,0,0
16352.776845242,0,1
16352.779258258,0,0
16353.786859732,0,1
16353.789272748,0,0
16354.796874154,0,1
16354.799287170,0,0
16355.806888596,0,1
16355.809301862,0,0
16356.816903096,0,1
16356.819316362,0,0
16357.826917626,0,1
16357.829330892,0,0
16358.836932058,0,1
16358.839345074,0,0
16359.846946522,0,1
16359.849359540,0,0
16360.856961018,0,1
16360.858230734,1,1
16360.860862248,0,1
16360.860898534,0,0
16361.866975564,0,1
16361.869388832,0,0
16362.876990066,0,1
16362.879403332,0,0
16363.887004582,0,1
16363.889417848,0,0
16364.897019078,0,1
16364.899432094,0,0
16365.907033534,0,1
16365.909446552,0,0
16366.917047984,0,1
16366.919461002,0,0
16367.927062518,0,1
16367.929475536,0,0
16368.937076940,0,1
16368.939490208,0,0
16369.947091380,0,1
16369.948361042,1,1
16369.950992886,0,1
16369.951028646,0,0
16370.957105798,0,1
16370.959519066,0,0
16371.967120282,0,1
16371.969533548,0,0
16372.977134770,0,1
16372.979547786,0,0
16373.987149290,0,1
16373.989562306,0,0
16374.997163782,0,1
16374.999576798,0,0
16376.007178272,0,1
16376.009591288,0,0
16377.017192674,0,1
16377.019605940,0,0
16378.027207128,0,1
16378.029620394,0,0
16379.037221618,0,1
16379.039634634,0,0
16380.047236134,0,1
16380.048505720,1,1
16380.051137662,0,1
16380.051173400,0,0
16381.057250522,0,1
16381.059663788,0,0
16382.067264972,0,1
16382.069678238,0,0
16383.077279494,0,1
16383.079692762,0,0
16384.087293942,0,1
16384.089706960,0,0
16385.097308478,0,1
16385.099721494,0,0
16386.107322944,0,1
16386.109735962,0,0
16387.117337414,0,1
16387.119750430,0,0
16388.127351854,0,1
16388.129765122,0,0
16389.137366328,0,1
16389.139779594,0,0
16390.147380794,0,1
16390.148650498,1,1
16390.151282556,0,1
16390.151318060,0,0
16391.157395366,0,1
16391.159808634,0,0
16392.167409854,0,1
16392.169823120,0,0
16393.177424306,0,1
16393.179837574,0,0
16394.187438826,0,1
16394.189851842,0,0
16395.197453318,0,1
16395.199866334,0,0
16396.207467796,0,1
16396.209880814,0,0
16397.217482240,0,1
16397.219895256,0,0
16398.227496702,0,1
16398.229909970,0,0
16399.237511178,0,1
16399.239924446,0,0
16400.247525652,0,1
16400.248795198,1,1
16400.251426992,0,1
16400.251462918,0,0
16401.257540040,0,1
16401.259953306,0,0
16402.267554518,0,1
16402.269967784,0,0
16403.277569070,0,1
16403.279982338,0,0
16404.287583538,0,1
16404.289996554,0,0
16405.297597990,0,1
16405.300011006,0,0
16406.307612496,0,1
16406.310025512,0,0
16407.317626964,0,1
16407.320039980,0,0
16408.327641380,0,1
16408.330054646,0,0
16409.337655892,0,1
16409.340069158,0,0
16410.347670364,0,1
16410.348940004,1,1
16410.351571432,0,1
16410.351607630,0,0
16411.357684814,0,1
16411.360098080,0,0
16412.367699312,0,1
16412.370112578,0,0
16413.377713744,0,1
16413.380127010,0,0
16414.387728242,0,1
16414.390141258,0,0
16415.397742676,0,1
16415.400155692,0,0
16416.407757226,0,1
16416.410170242,0,0
16417.417771696,0,1
16417.420184712,0,0
16418.427786158,0,1
16418.430199424,0,0
16419.437800614,0,1
16419.440213882,0,0
16420.447815082,0,1
16420.449084664,1,1
16420.451716990,0,1
16420.451752348,0,0
16421.457829486,0,1
16421.460242752,0,0
16422.467844006,0,1
16422.470257272,0,0
16423.477858472,0,1
16423.480271490,0,0
16424.487872970,0,1
16424.490285988,0,0
16425.497887450,0,1
16425.500300468,0,0
16426.507901848,0,1
16426.510315116,0,0
16427.517916314,0,1
16427.520329580,0,0
16428.527930802,0,1
16428.530344070,0,0
16429.537945326,0,1
16429.540358344,0,0
16430.547959796,0,1
16430.549229426,1,1
16430.551861194,0,1
16430.551897062,0,0
16431.557974256,0,1
16431.560387522,0,0
16432.567988726,0,1
16432.570401994,0,0
16433.578003210,0,1
16433.580416476,0,0
16434.588017680,0,1
16434.590430696,0,0
16435.598032176,0,1
16435.600445194,0,0
16436.608046628,0,1
16436.610459644,0,0
16437.618061114,0,1
16437.620474130,0,0
16438.628075488,0,1
16438.630488756,0,0
16439.638090040,0,1
16439.640503306,0,0
16440.648104518,0,1
16440.649374188,1,1
16440.652005662,0,1
16440.652041784,0,0
16441.658119036,0,1
16441.660532302,0,0
16442.668133560,0,1
16442.670546826,0,0
16443.678147996,0,1
16443.680561262,0,0
16444.688162470,0,1
16444.690575486,0,0
16445.698176996,0,1
16445.700590012,0,0
16446.708191474,0,1
16446.710604492,0,0
16447.718205962,0,1
16447.720618978,0,0
16448.728220394,0,1
16448.730633660,0,0
16449.738234856,0,1
16449.740648122,0,0
16450.748249328,0,1
16450.749518892,1,1
16450.752150578,0,1
16450.752186592,0,0
16451.758263762,0,1
16451.760677028,0,0
16452.768278284,0,1
16452.770691550,0,0
16453.778292766,0,1
16453.780706032,0,0
16454.788307216,0,1
16454.790720234,0,0
16455.798321706,0,1
16455.800734724,0,0
16456.808336166,0,1
16456.810749182,0,0
16457.818350690,0,1
16457.820763706,0,0
16458.828365100,0,1
16458.830778368,0,0
16459.838379538,0,1
16459.840792804,0,0
16460.848394066,0,1
16460.849663672,1,1
16460.852295010,0,1
16460.852331332,0,0
16461.858408416,0,1
16461.860821684,0,0
16462.868422960,0,1
16462.870836226,0,0
16463.878437410,0,1
16463.880850676,0,0
16464.888451954,0,1
16464.890864972,0,0
16465.898466348,0,1
16465.900879366,0,0
16466.908480910,0,1
16466.910893926,0,0
16467.918495338,0,1
16467.920908354,0,0
16468.928509772,0,1
16468.930923038,0,0
16469.938524274,0,1
16469.939793954,1,1
16469.942425914,0,1
16469.942461540,0,0
16470.948538812,0,1
16470.950952078,0,0
16471.958553260,0,1
16471.960966526,0,0
16472.968567774,0,1
16472.970981042,0,0
16473.978582256,0,1
16473.980995272,0,0
16474.988596776,0,1
16474.991009792,0,0
16475.998611240,0,1
16476.001024258,0,0
16477.008625702,0,1
16477.011038718,0,0
16478.018640146,0,1
16478.021053412,0,0
16479.028654620,0,1
16479.031067886,0,0
16480.038669096,0,1
16480.039938678,1,1
16480.042570386,0,1
16480.042606362,0,0
16481.048683528,0,1
16481.051096794,0,0
16482.058697986,0,1
16482.061111252,0,0
16483.068712522,0,1
16483.071125788,0,0
16484.078726950,0,1
16484.081139966,0,0
16485.088741428,0,1
16485.091154446,0,0
16486.098755934,0,1
16486.101168950,0,0
16487.108770418,0,1
16487.111183434,0,0
16488.118784840,0,1
16488.121198106,0,0
16489.128799280,0,1
16489.131212548,0,0
16490.138813768,0,1
16490.140083444,1,1
16490.142715382,0,1
16490.142751034,0,0
16491.148828366,0,1
16491.151241632,0,0
16492.158842816,0,1
16492.161256082,0,0
16493.168857342,0,1
16493.171270608,0,0
16494.178871776,0,1
16494.181284792,0,0
16495.188886328,0,1
16495.191299344,0,0
16496.198900790,0,1
16496.201313806,0,0
16497.208915224,0,1
16497.211328490,0,0
16498.218929650,0,1
16498.221342916,0,0
16499.228944136,0,1
16499.231357402,0,0
16500.238958656,0,1
16500.240228228,1,1
16500.242859774,0,1
16500.242895922,0,0
16501.248973056,0,1
16501.251386322,0,0
16502.258987510,0,1
16502.261400776,0,0
16503.269002044,0,1
16503.271415312,0,0
16504.279016564,0,1
16504.281429830,0,0
16505.289031012,0,1
16505.291444028,0,0
16506.299045460,0,1
16506.301458476,0,0
16507.309059966,0,1
16507.311472982,0,0
16508.319074506,0,1
16508.321487524,0,0
16509.329088880,0,1
16509.331502146,0,0
16510.339103314,0,1
16510.340372934,1,1
16510.343004670,0,1
16510.343040580,0,0
16511.349117816,0,1
16511.351531082,0,0
16512.359132296,0,1
16512.361545562,0,0
16513.369146746,0,1
16513.371560014,0,0
16514.379161266,0,1
16514.381574282,0,0
16515.389175728,0,1
16515.391588744,0,0
16516.399190186,0,1
16516.401603202,0,0
16517.409204648,0,1
16517.411617664,0,0
16518.419219164,0,1
16518.421632182,0,0
16519.429233544,0,1
16519.431646810,0,0
16520.439248092,0,1
16520.440517692,1,1
16520.443149508,0,1
16520.443185358,0,0
16521.449262488,0,1
16521.451675754,0,0
16522.459276978,0,1
16522.461690244,0,0
16523.469291448,0,1
16523.471704714,0,0
16524.479305918,0,1
16524.481718934,0,0
16525.489320408,0,1
16525.491733424,0,0
16526.499334936,0,1
16526.501747954,0,0
16527.509349328,0,1
16527.511762594,0,0
16528.519363768,0,1
16528.521777034,0,0
16529.529378288,0,1
16529.531791556,0,0
16530.539392768,0,1
16530.540662426,1,1
16530.543294188,0,1
16530.543330034,0,0
16531.549407182,0,1
16531.551820450,0,0
16532.559421688,0,1
16532.561834956,0,0
16533.569436142,0,1
16533.571849408,0,0
16534.579450604,0,1
16534.581863620,0,0
16535.589465118,0,1
16535.591878136,0,0
16536.599479576,0,1
16536.601892592,0,0
16537.609494090,0,1
16537.611907106,0,0
16538.619508496,0,1
16538.621921762,0,0
16539.629522966,0,1
16539.631936232,0,0
16540.639537452,0,1
16540.640807148,1,1
16540.643438622,0,1
16540.643474966,0,0
16541.649552024,0,1
16541.651965290,0,0
16542.659566464,0,1
16542.661979732,0,0
16543.669580952,0,1
16543.671994218,0,0
16544.679595432,0,1
16544.682008698,0,0
16545.689609934,0,1
16545.692022950,0,0
16546.699624390,0,1
16546.702037406,0,0
16547.709638870,0,1
16547.712051888,0,0
16548.719653370,0,1
16548.722066386,0,0
16549.729667774,0,1
16549.732081040,0,0
16550.739682276,0,1
16550.740951874,1,1
16550.743583154,0,1
16550.743619540,0,0
16551.749696724,0,1
16551.752109990,0,0
16552.759711186,0,1
16552.762124452,0,0
16553.769725656,0,1
16553.772138924,0,0
16554.779740180,0,1
16554.782153196,0,0
16555.789754638,0,1
16555.792167654,0,0
16556.799769118,0,1
16556.802182134,0,0
16557.809783624,0,1
16557.812196640,0,0
16558.819798056,0,1
16558.822211322,0,0
16559.829812522,0,1
16559.832225788,0,0
16560.839826992,0,1
16560.841096614,1,1
16560.843728260,0,1
16560.843764258,0,0
16561.849841392,0,1
16561.852254658,0,0
16562.859855908,0,1
16562.862269174,0,0
16563.869870376,0,1
16563.872283642,0,0
16564.879884850,0,1
16564.882297868,0,0
16565.889899342,0,1
16565.892312360,0,0
16566.899913760,0,1
16566.902327028,0,0
16567.909928224,0,1
16567.912341490,0,0
16568.919942702,0,1
16568.922355968,0,0
16569.929957240,0,1
16569.931226826,1,1
16569.933858640,0,1
16569.933894506,0,0
16570.939971628,0,1
16570.942384894,0,0
16571.949986140,0,1
16571.952399406,0,0
16572.960000618,0,1
16572.962413634,0,0
16573.970015072,0,1
16573.972428088,0,0
16574.980029546,0,1
16574.982442562,0,0
16575.990044034,0,1
16575.992457050,0,0
16577.000058482,0,1
16577.002471748,0,0
16578.010072960,0,1
16578.012486226,0,0
16579.020087440,0,1
16579.022500456,0,0
16580.030101960,0,1
16580.031371644,1,1
16580.034003274,0,1
16580.034039226,0,0
16581.040116478,0,1
16581.042529744,0,0
16582.050130924,0,1
16582.052544190,0,0
16583.060145446,0,1
16583.062558712,0,0
16584.070159930,0,1
16584.072572946,0,0
16585.080174422,0,1
16585.082587438,0,0
16586.090188858,0,1
16586.092601876,0,0
16587.100203386,0,1
16587.102616404,0,0
16588.110217790,0,1
16588.112631056,0,0
16589.120232272,0,1
16589.122645540,0,0
16590.130246790,0,1
16590.131516348,1,1
16590.134148042,0,1
16590.134184056,0,0
16591.140261140,0,1
16591.142674406,0,0
16592.150275670,0,1
16592.152688936,0,0
16593.160290138,0,1
16593.162703404,0,0
16594.170304642,0,1
16594.172717660,0,0
16595.180319098,0,1
16595.182732114,0,0
16596.190333598,0,1
16596.192746614,0,0
16597.200348056,0,1
16597.202761074,0,0
16598.210362478,0,1
16598.212775744,0,0
16599.220376928,0,1
16599.222790194,0,0
16600.230391390,0,1
16600.231661092,1,1
16600.234292904,0,1
16600.234328906,0,0
16601.240405998,0,1
16601.242819264,0,0
16602.250420476,0,1
16602.252833742,0,0
16603.260434936,0,1
16603.262848202,0,0
16604.270449398,0,1
16604.272862666,0,0
16605.280463894,0,1
16605.282876912,0,0
16606.290478386,0,1
16606.292891402,0,0
16607.300492884,0,1
16607.302905902,0,0
16608.310507360,0,1
16608.312920376,0,0
16609.320521768,0,1
16609.322935034,0,0
16610.330536294,0,1
16610.331805762,1,1
16610.334437482,0,1
16610.334473310,0,0
16611.340550548,0,1
16611.342963814,0,0
16612.350565028,0,1
16612.352978294,0,0
16613.360579504,0,1
16613.362992770,0,0
16614.370593978,0,1
16614.373006994,0,0
16615.380608432,0,1
16615.383021448,0,0
16616.390622930,0,1
16616.393035946,0,0
16617.400637414,0,1
16617.403050432,0,0
16618.410651858,0,1
16618.413065124,0,0
16619.420666356,0,1
16619.423079622,0,0
16620.430680772,0,1
16620.431950516,1,1
16620.434582464,0,1
16620.434618286,0,0
16621.440695338,0,1
16621.443108604,0,0
16622.450709814,0,1
16622.453123080,0,0
16623.460724298,0,1
16623.463137566,0,0
16624.470738784,0,1
16624.473151800,0,0
16625.480753264,0,1
16625.483166280,0,0
16626.490767768,0,1
16626.493180784,0,0
16627.500782270,0,1
16627.503195288,0,0
16628.510796658,0,1
16628.513209926,0,0
16629.520811112,0,1
16629.523224380,0,0
16630.530825580,0,1
16630.532095278,1,1
16630.534726964,0,1
16630.534763094,0,0
16631.540840230,0,1
16631.543253496,0,0
16632.550854682,0,1
16632.553267948,0,0
16633.560869176,0,1
16633.563282442,0,0
16634.570883618,0,1
16634.573296884,0,0
16635.580898070,0,1
16635.583311086,0,0
16636.590912572,0,1
16636.593325588,0,0
16637.600927060,0,1
16637.603340076,0,0
16638.610941500,0,1
16638.613354766,0,0
16639.620955992,0,1
16639.623369258,0,0
16640.630970444,0,1
16640.632239978,1,1
16640.634872184,0,1
16640.634907460,0,0
16641.640984790,0,1
16641.643398056,0,0
16642.650999234,0,1
16642.653412500,0,0
16643.661013688,0,1
16643.663426956,0,0
16644.671028172,0,1
16644.673441190,0,0
16645.681042684,0,1
16645.683455700,0,0
16646.691057116,0,1
16646.693470134,0,0
16647.701071626,0,1
16647.703484642,0,0
16648.711086078,0,1
16648.713499344,0,0
16649.721100510,0,1
16649.723513778,0,0
16650.731115040,0,1
16650.732384706,1,1
16650.735016300,0,1
16650.735052306,0,0
16651.741129566,0,1
16651.743542834,0,0
16652.751144064,0,1
16652.753557330,0,0
16653.761158492,0,1
16653.763571758,0,0
16654.771172984,0,1
16654.773586250,0,0
16655.781187484,0,1
16655.783600500,0,0
16655.842501088,1,0
16655.843241132,0,0
16655.844225890,1,0
16655.844841776,0,0
16656.791201946,0,1
16656.793614964,0,0
16657.801216450,0,1
16657.803629468,0,0
16658.811230914,0,1
16658.813643930,0,0
16659.821245296,0,1
16659.823658562,0,0
16660.831259812,0,1
16660.832529386,1,1
16660.835161262,0,1
16660.835197076,0,0
16661.841274208,0,1
16661.843687474,0,0
16662.851288720,0,1
16662.853701986,0,0
16663.861303162,0,1
16663.863716428,0,0
16664.871317704,0,1
16664.873730720,0,0
16665.881332194,0,1
16665.883745212,0,0
16666.891346654,0,1
16666.893759670,0,0
16667.901361112,0,1
16667.903774130,0,0
16668.911375568,0,1
16668.913788834,0,0
16669.921390050,0,1
16669.922659576,1,1
16669.925291210,0,1
16669.925327314,0,0
16670.931404282,0,1
16670.933817548,0,0
16671.941418786,0,1
16671.943832052,0,0
16672.951433314,0,1
16672.953846332,0,0
16673.961447752,0,1
16673.963860770,0,0
16674.971462244,0,1
16674.973875260,0,0
16675.981476658,0,1
16675.983889924,0,0
16676.991491152,0,1
16676.993904418,0,0
16678.001505632,0,1
16678.003918898,0,0
16679.011520120,0,1
16679.013933138,0,0
16680.021534578,0,1
16680.022804376,1,1
16680.025435704,0,1
16680.025471844,0,0
16681.031549230,0,1
16681.033962496,0,0
16682.041563734,0,1
16682.043977000,0,0
16683.051578246,0,1
16683.053991512,0,0
16684.061592698,0,1
16684.064005714,0,0
16685.071607142,0,1
16685.074020158,0,0
16686.081621656,0,1
16686.084034672,0,0
16687.091636054,0,1
16687.094049320,0,0
16688.101650540,0,1
16688.104063806,0,0
16689.111665054,0,1
16689.114078320,0,0
16690.121679514,0,1
16690.122949044,1,1
16690.125581298,0,1
16690.125616530,0,0
16691.131693780,0,1
16691.134107046,0,0
16692.141708288,0,1
16692.144121554,0,0
16693.151722762,0,1
16693.154136028,0,0
16694.161737244,0,1
16694.164150260,0,0
16695.171751716,0,1
16695.174164732,0,0
16696.181766248,0,1
16696.184179266,0,0
16697.191780654,0,1
16697.194193670,0,0
16698.201795090,0,1
16698.204208358,0,0
16699.211809600,0,1
16699.214222866,0,0
16700.221824086,0,1
16700.223093794,1,1
16700.225725836,0,1
16700.225761602,0,0
16701.231838604,0,1
16701.234251870,0,0
16702.241853102,0,1
16702.244266368,0,0
16703.251867556,0,1
16703.254280822,0,0
16704.261882050,0,1
16704.264295068,0,0
16705.271896548,0,1
16705.274309564,0,0
16706.281911004,0,1
16706.284324020,0,0
16707.291925516,0,1
16707.294338532,0,0
16708.301939928,0,1
16708.304353194,0,0
16709.311954392,0,1
16709.314367660,0,0
16710.321968908,0,1
16710.323238496,1,1
16710.325870704,0,1
16710.325906172,0,0
16711.331983340,0,1
16711.334396606,0,0
16712.341997832,0,1
16712.344410850,0,0
16713.352012268,0,1
16713.354425284,0,0
16714.362026758,0,1
16714.364439774,0,0
16715.372041208,0,1
16715.374454476,0,0
16716.382055676,0,1
16716.384468942,0,0
16717.392070172,0,1
16717.394483190,0,0
16718.402084628,0,1
16718.404497644,0,0
16719.412099128,0,1
16719.414512144,0,0
16720.422113610,0,1
16720.423383104,1,1
16720.426014962,0,1
16720.426050624,0,0
16721.432127876,0,1
16721.434541142,0,0
16722.442142362,0,1
16722.444555628,0,0
16723.452156878,0,1
16723.454569896,0,0
16724.462171362,0,1
16724.464584380,0,0
16725.472185792,0,1
16725.474598808,0,0
16726.482200242,0,1
16726.484613508,0,0
16727.492214676,0,1
16727.494627942,0,0
16728.502229196,0,1
16728.504642462,0,0
16729.512243666,0,1
16729.514656684,0,0
16730.522258112,0,1
16730.523527872,1,1
16730.526159572,0,1
16730.526195628,0,0
16731.532272692,0,1
16731.534685958,0,0
16732.542287186,0,1
16732.544700452,0,0
16733.552301632,0,1
16733.554714648,0,0
16734.562316124,0,1
16734.564729142,0,0
16735.572330606,0,1
16735.574743622,0,0
16736.582345006,0,1
16736.584758274,0,0
16737.592359516,0,1
16737.594772782,0,0
16738.602373978,0,1
16738.604787244,0,0
16739.612388464,0,1
16739.614801482,0,0
16740.622402950,0,1
16740.623672502,1,1
16740.626304014,0,1
16740.626340216,0,0
16741.632417396,0,1
16741.634830662,0,0
16742.642431828,0,1
16742.644845096,0,0
16743.652446328,0,1
16743.654859344,0,0
16744.662460830,0,1
16744.664873846,0,0
16745.672475302,0,1
16745.674888320,0,0
16746.682489708,0,1
16746.684902974,0,0
16747.692504188,0,1
16747.694917454,0,0
16748.702518654,0,1
16748.704931922,0,0
16749.712533180,0,1
16749.714946198,0,0
16750.722547610,0,1
16750.723817314,1,1
16750.726448998,0,1
16750.726485126,0,0
16751.732562204,0,1
16751.734975470,0,0
16752.742576702,0,1
16752.744989968,0,0
16753.752591112,0,1
16753.755004380,0,0
16754.762605588,0,1
16754.765018854,0,0
16755.772620132,0,1
16755.775033148,0,0
16756.782634542,0,1
16756.785047560,0,0
16757.792649024,0,1
16757.795062040,0,0
16758.802663552,0,1
16758.805076570,0,0
16759.812677920,0,1
16759.815091186,0,0
16760.822692432,0,1
16760.823961954,1,1
16760.826593418,0,1
16760.826629698,0,0
16761.832706680,0,1
16761.835119946,0,0
16762.842721206,0,1
16762.845134472,0,0
16763.852735686,0,1
16763.855148702,0,0
16764.862750130,0,1
16764.865163146,0,0
16765.872764612,0,1
16765.875177630,0,0
16766.882779096,0,1
16766.885192362,0,0
16767.892793482,0,1
16767.895206748,0,0
16768.902807990,0,1
16768.905221006,0,0
16769.912822518,0,1
16769.914092244,1,1
16769.916724020,0,1
16769.916760034,0,0
16770.922836996,0,1
16770.925250262,0,0
16771.932851486,0,1
16771.935264752,0,0
16772.942865962,0,1
16772.945279230,0,0
16773.952880478,0,1
16773.955293494,0,0
16774.962894954,0,1
16774.965307972,0,0
16775.972909400,0,1
16775.975322418,0,0
16776.982923940,0,1
16776.985336956,0,0
16777.992938322,0,1
16777.995351590,0,0
16779.002952808,0,1
16779.005366076,0,0
16780.012967260,0,1
16780.014236904,1,1
16780.016868728,0,1
16780.016904526,0,0
16781.022981684,0,1
16781.025394950,0,0
16782.032996174,0,1
16782.035409440,0,0
16783.043010652,0,1
16783.045423668,0,0
16784.053025192,0,1
16784.055438210,0,0
16785.063039600,0,1
16785.065452866,0,0
16786.073054108,0,1
16786.075467374,0,0
16787.083068534,0,1
16787.085481800,0,0
16788.093083008,0,1
16788.095496024,0,0
16789.103097496,0,1
16789.105510512,0,0
16790.113111998,0,1
16790.114381556,1,1
16790.117013698,0,1
16790.117049012,0,0
16791.123126402,0,1
16791.125539670,0,0
16792.133140836,0,1
16792.135554102,0,0
16793.143155382,0,1
16793.145568398,0,0
16794.153169852,0,1
16794.155582868,0,0
16795.163184314,0,1
16795.165597330,0,0
16796.173198774,0,1
16796.175611790,0,0
16797.183213214,0,1
16797.185626480,0,0
16798.193227666,0,1
16798.195640932,0,0
16799.203242198,0,1
16799.205655214,0,0
16800.213256636,0,1
16800.214526326,1,1
16800.217157888,0,1
16800.217193902,0,0
16801.223271178,0,1
16801.225684444,0,0
16802.233285630,0,1
16802.235698896,0,0
16803.243300160,0,1
16803.245713428,0,0
16804.253314646,0,1
16804.255727912,0,0
16805.263329106,0,1
16805.265742122,0,0
16806.273343584,0,1
16806.275756600,0,0
16807.283358052,0,1
16807.285771068,0,0
16808.293372532,0,1
16808.295785548,0,0
16809.303386946,0,1
16809.305800212,0,0
16810.313401450,0,1
16810.314670990,1,1
16810.317302808,0,1
16810.317338466,0,0
16811.323415874,0,1
16811.325829142,0,0
16812.333430374,0,1
16812.335843642,0,0
16813.343444812,0,1
16813.345858078,0,0
16814.353459274,0,1
16814.355872290,0,0
16815.363473788,0,1
16815.365886804,0,0
16816.373488224,0,1
16816.375901240,0,0
16817.383502718,0,1
16817.385915736,0,0
16818.393517154,0,1
16818.395930422,0,0
16819.403531618,0,1
16819.405944886,0,0
16820.413546148,0,1
16820.414815710,1,1
16820.417447446,0,1
16820.417483414,0,0
16821.423560502,0,1
16821.425973768,0,0
16822.433574964,0,1
16822.435988232,0,0
16823.443589456,0,1
16823.446002722,0,0
16824.453603982,0,1
16824.456016998,0,0
16825.463618428,0,1
16825.466031444,0,0
16826.473632928,0,1
16826.476045944,0,0
16827.483647438,0,1
16827.486060454,0,0
16828.493661818,0,1
16828.496075084,0,0
16829.503676256,0,1
16829.506089522,0,0
16830.513690754,0,1
16830.514960344,1,1
16830.517591920,0,1
16830.517628020,0,0
16831.523705178,0,1
16831.526118444,0,0
16832.533719664,0,1
16832.536132930,0,0
16833.543734156,0,1
16833.546147172,0,0
16834.553748664,0,1
16834.556161680,0,0
16835.563763086,0,1
16835.566176102,0,0
16836.573777594,0,1
16836.576190612,0,0
16837.583792032,0,1
16837.586205298,0,0
16838.593806490,0,1
16838.596219758,0,0
16839.603820970,0,1
16839.606233986,0,0
16840.613835446,0,1
16840.615105046,1,1
16840.617737176,0,1
16840.617772712,0,0
16841.623849834,0,1
16841.626263100,0,0
16842.633864374,0,1
16842.636277638,0,0
16843.643878854,0,1
16843.646292120,0,0
16844.653893304,0,1
16844.656306320,0,0
16845.663907768,0,1
16845.666320784,0,0
16846.673922296,0,1
16846.676335312,0,0
16847.683936712,0,1
16847.686349730,0,0
16848.693951162,0,1
16848.696364428,0,0
16849.703965632,0,1
16849.706378898,0,0
16850.713980152,0,1
16850.715249822,1,1
16850.717882064,0,1
16850.717917416,0,0
16851.723994642,0,1
16851.726407908,0,0
16852.734009140,0,1
16852.736422406,0,0
16853.744023584,0,1
16853.746436852,0,0
16854.754038074,0,1
16854.756451090,0,0
16855.764052632,0,1
16855.766465648,0,0
16856.774067030,0,1
16856.776480296,0,0
16857.784081548,0,1
16857.786494816,0,0
16858.794096006,0,1
16858.796509272,0,0
16859.804110468,0,1
16859.806523484,0,0
16860.814124980,0,1
16860.815394482,1,1
16860.818025946,0,1
16860.818062244,0,0
16861.824139252,0,1
16861.826552518,0,0
16862.834153746,0,1
16862.836567014,0,0
16863.844168182,0,1
16863.846581200,0,0
16864.854182708,0,1
16864.856595724,0,0
16865.864197154,0,1
16865.866610172,0,0
16866.874211638,0,1
16866.876624654,0,0
16867.884226084,0,1
16867.886639350,0,0
16868.894240562,0,1
16868.896653828,0,0
16869.904255028,0,1
16869.905524690,1,1
16869.908156376,0,1
16869.908192292,0,0
16870.914269572,0,1
16870.916682838,0,0
16871.924284016,0,1
16871.926697282,0,0
16872.934298518,0,1
16872.936711784,0,0
16873.944312964,0,1
16873.946725980,0,0
16874.954327468,0,1
16874.956740484,0,0
16875.964341932,0,1
16875.966754948,0,0
16876.974356490,0,1
16876.976769506,0,0
16877.984370860,0,1
16877.986784126,0,0
16878.994385354,0,1
16878.996798620,0,0
16880.004399832,0,1
16880.005669380,1,1
16880.008301176,0,1
16880.008336848,0,0
16881.014414228,0,1
16881.016827494,0,0
16882.024428706,0,1
16882.026841972,0,0
16883.034443190,0,1
16883.036856206,0,0
16884.044457682,0,1
16884.046870698,0,0
16885.054472148,0,1
16885.056885164,0,0
16886.064486586,0,1
16886.066899852,0,0
16887.074501036,0,1
16887.076914302,0,0
16888.084515550,0,1
16888.086928816,0,0
16889.094530028,0,1
16889.096943046,0,0
16890.104544544,0,1
16890.105814086,1,1
16890.108446080,0,1
16890.108481810,0,0
16891.114558928,0,1
16891.116972194,0,0
16892.124573376,0,1
16892.126986642,0,0
16893.134587890,0,1
16893.137000906,0,0
16894.144602372,0,1
16894.147015388,0,0
16895.154616832,0,1
16895.157029848,0,0
16896.164631206,0,1
16896.167044472,0,0
16897.174645748,0,1
16897.177059014,0,0
16898.184660152,0,1
16898.187073418,0,0
16899.194674700,0,1
16899.197087718,0,0
16900.204689146,0,1
16900.205958756,1,1
16900.208590508,0,1
16900.208626412,0,0
16901.214703594,0,1
16901.217116862,0,0
16902.224718042,0,1
16902.227131310,0,0
16903.234732522,0,1
16903.237145538,0,0
16904.244746998,0,1
16904.247160016,0,0
16905.254761476,0,1
16905.257174494,0,0
16906.264775896,0,1
16906.267189162,0,0
16907.274790374,0,1
16907.277203640,0,0
16908.284804832,0,1
16908.287218100,0,0
16909.294819314,0,1
16909.297232330,0,0
16910.304833832,0,1
16910.306103416,1,1
16910.308735122,0,1
16910.308771096,0,0
16911.314848196,0,1
16911.317261462,0,0
16912.324862716,0,1
16912.327275982,0,0
16913.334877200,0,1
16913.337290218,0,0
16914.344891624,0,1
16914.347304640,0,0
16915.354906128,0,1
16915.357319144,0,0
16916.364920614,0,1
16916.367333630,0,0
16917.374935016,0,1
16917.377348282,0,0
16918.384949506,0,1
16918.387362772,0,0
16919.394964008,0,1
16919.397377024,0,0
16920.404978446,0,1
16920.406248140,1,1
16920.408879678,0,1
16920.408915712,0,0
16921.414993004,0,1
16921.417406270,0,0
16922.425007470,0,1
16922.427420736,0,0
16923.435021984,0,1
16923.437435250,0,0
16924.445036416,0,1
16924.447449434,0,0
16925.455050934,0,1
16925.457463950,0,0
16926.465065396,0,1
16926.467478412,0,0
16927.475079840,0,1
16927.477493106,0,0
16928.485094306,0,1
16928.487507572,0,0
16929.495108806,0,1
16929.497521822,0,0
16930.505123246,0,1
16930.506392834,1,1
16930.509024258,0,1
16930.509060512,0,0
16931.515137740,0,1
16931.517551006,0,0
16932.525152164,0,1
16932.527565430,0,0
16933.535166654,0,1
16933.537579672,0,0
16934.545181112,0,1
16934.547594128,0,0
16935.555195582,0,1
16935.557608598,0,0
16936.565210102,0,1
16936.567623118,0,0
16937.575224488,0,1
16937.577637754,0,0
16938.585238990,0,1
16938.587652256,0,0
16939.595253428,0,1
16939.597666444,0,0
16940.605267944,0,1
16940.606537518,1,1
16940.609169262,0,1
16940.609205210,0,0
16941.615282394,0,1
16941.617695660,0,0
16942.625296830,0,1
16942.627710096,0,0
16943.635311300,0,1
16943.637724566,0,0
16944.645325798,0,1
16944.647738814,0,0
16945.655340248,0,1
16945.657753266,0,0
16946.665354752,0,1
16946.667767768,0,0
16947.675369258,0,1
16947.677782274,0,0
16948.685383698,0,1
16948.687796964,0,0
16949.695398150,0,1
16949.697811416,0,0
16950.705412608,0,1
16950.706682188,1,1
16950.709314488,0,1
16950.709349874,0,0
16951.715427108,0,1
16951.717840376,0,0
16952.725441614,0,1
16952.727854880,0,0
16953.735456090,0,1
16953.737869356,0,0
16954.745470604,0,1
16954.747883620,0,0
16955.755485052,0,1
16955.757898070,0,0
16956.765499520,0,1
16956.767912538,0,0
16957.775513990,0,1
16957.777927008,0,0
16958.785528448,0,1
16958.787941714,0,0
16959.795542916,0,1
16959.797956182,0,0
16960.805557396,0,1
16960.806826852,1,1
16960.809458458,0,1
16960.809494662,0,0
16961.815571684,0,1
16961.817984950,0,0
16962.825586130,0,1
16962.827999396,0,0
16963.835600602,0,1
16963.838013620,0,0
16964.845615086,0,1
16964.848028104,0,0
16965.855629604,0,1
16965.858042620,0,0
16966.865644068,0,1
16966.868057084,0,0
16967.875658454,0,1
16967.878071720,0,0
16968.885672966,0,1
16968.888086232,0,0
16969.895687450,0,1
16969.896957102,1,1
16969.899588850,0,1
16969.899624716,0,0
16970.905701842,0,1
16970.908115108,0,0
16971.915716308,0,1
16971.918129574,0,0
16972.925730786,0,1
16972.928143804,0,0
16973.935745250,0,1
16973.938158266,0,0
16974.945759766,0,1
16974.948172782,0,0
16975.955774246,0,1
16975.958187262,0,0
16976.965788680,0,1
16976.968201946,0,0
16977.975803122,0,1
16977.978216390,0,0
16978.985817646,0,1
16978.988230664,0,0
16979.995832048,0,1
16979.997101746,1,1
16979.999733554,0,1
16979.999769562,0,0
16981.005846622,0,1
16981.008259888,0,0
16982.015861128,0,1
16982.018274394,0,0
16983.025875594,0,1
16983.028288860,0,0
16984.035890048,0,1
16984.038303064,0,0
16985.045904528,0,1
16985.048317546,0,0
16986.055919020,0,1
16986.058332036,0,0
16987.065933522,0,1
16987.068346538,0,0
16988.075947904,0,1
16988.078361170,0,0
16989.085962374,0,1
16989.088375640,0,0
16990.095976826,0,1
16990.097246444,1,1
16990.099878512,0,1
16990.099914092,0,0
16991.105991288,0,1
16991.108404554,0,0
16992.116005708,0,1
16992.118418974,0,0
16993.126020236,0,1
16993.128433504,0,0
16994.136034718,0,1
16994.138447734,0,0
16995.146049146,0,1
16995.148462162,0,0
16996.156063622,0,1
16996.158476638,0,0
16997.166078118,0,1
16997.168491134,0,0
16998.176092536,0,1
16998.178505802,0,0
16999.186107006,0,1
16999.188520272,0,0
17000.196121470,0,1
17000.197391124,1,1
17000.200022614,0,1
17000.200058736,0,0
17001.206135924,0,1
17001.208549192,0,0
17002.216150374,0,1
17002.218563640,0,0
17003.226164868,0,1
17003.228577884,0,0
17004.236179352,0,1
17004.238592368,0,0
17005.246193862,0,1
17005.248606878,0,0
17006.256208292,0,1
17006.258621308,0,0
17007.266222724,0,1
17007.268635988,0,0
17008.276237234,0,1
17008.278650500,0,0
17009.286251686,0,1
17009.288664702,0,0
17010.296266128,0,1
17010.297535816,1,1
17010.300167978,0,1
17010.300203394,0,0
17011.306280706,0,1
17011.308693972,0,0
17012.316295194,0,1
17012.318708462,0,0
17013.326309642,0,1
17013.328722908,0,0
17014.336324134,0,1
17014.338737150,0,0
17015.346338616,0,1
17015.348751632,0,0
17016.356353106,0,1
17016.358766122,0,0
17017.366367580,0,1
17017.368780596,0,0
17018.376381998,0,1
17018.378795266,0,0
17019.386396472,0,1
17019.388809738,0,0
17020.396410976,0,1
17020.397680444,1,1
17020.400312336,0,1
17020.400348242,0,0
17021.406425208,0,1
17021.408838474,0,0
17022.416439740,0,1
17022.418853006,0,0
17023.426454208,0,1
17023.428867224,0,0
17024.436468658,0,1
17024.438881674,0,0
17025.446483126,0,1
17025.448896142,0,0
17026.456497580,0,1
17026.458910598,0,0
17027.466512068,0,1
17027.468925334,0,0
17028.476526516,0,1
17028.478939784,0,0
17029.486541002,0,1
17029.488954018,0,0
17030.496555452,0,1
17030.497825108,1,1
17030.500457018,0,1
17030.500492718,0,0
17031.506569912,0,1
17031.508983178,0,0
17032.516584348,0,1
17032.518997614,0,0
17033.526598838,0,1
17033.529011854,0,0
17034.536613298,0,1
17034.539026314,0,0
17035.546627814,0,1
17035.549040832,0,0
17036.556642182,0,1
17036.559055448,0,0
17037.566656728,0,1
17037.569069994,0,0
17038.576671184,0,1
17038.579084200,0,0
17039.586685630,0,1
17039.589098646,0,0
17040.596700072,0,1
17040.597969810,1,1
17040.600601556,0,1
17040.600637588,0,0
17041.606714668,0,1
17041.609127934,0,0
17042.616729120,0,1
17042.619142386,0,0
17043.626743604,0,1
17043.629156870,0,0
17044.636758058,0,1
17044.639171074,0,0
17045.646772574,0,1
17045.649185592,0,0
17046.656787058,0,1
17046.659200076,0,0
17047.666801496,0,1
17047.669214514,0,0
17048.676815948,0,1
17048.679229214,0,0
17049.686830424,0,1
17049.689243690,0,0
17050.696844840,0,1
17050.698114454,1,1
17050.700746138,0,1
17050.700782106,0,0
17051.706859318,0,1
17051.709272584,0,0
17052.716873764,0,1
17052.719287030,0,0
17053.726888240,0,1
17053.729301508,0,0
17054.736902692,0,1
17054.739315708,0,0
17055.746917172,0,1
17055.749330190,0,0
17056.756931638,0,1
17056.759344656,0,0
17057.766946178,0,1
17057.769359194,0,0
17058.776960568,0,1
17058.779373834,0,0
17059.786975084,0,1
17059.789388350,0,0
17060.796989550,0,1
17060.798259184,1,1
17060.800890752,0,1
17060.800926816,0,0
17061.807003940,0,1
17061.809417206,0,0
17062.817018392,0,1
17062.819431658,0,0
17063.827032930,0,1
17063.829445948,0,0
17064.837047412,0,1
17064.839460430,0,0
17065.847061884,0,1
17065.849474900,0,0
17066.857076350,0,1
17066.859489368,0,0
17067.867090728,0,1
17067.869503994,0,0
17068.877105268,0,1
17068.879518534,0,0
17069.887119746,0,1
17069.888389352,1,1
17069.891021122,0,1
17069.891057012,0,0
17070.897134098,0,1
17070.899547364,0,0
17071.907148628,0,1
17071.909561644,0,0
17072.917163120,0,1
17072.919576136,0,0
17073.927177562,0,1
17073.929590578,0,0
17074.937191994,0,1
17074.939605260,0,0
17075.947206472,0,1
17075.949619738,0,0
17076.957220984,0,1
17076.959634250,0,0
17077.967235458,0,1
17077.969648474,0,0
17078.977249888,0,1
17078.979662904,0,0
17079.987264382,0,1
17079.988534066,1,1
17079.991165560,0,1
17079.991201648,0,0
17080.997278930,0,1
17080.999692198,0,0
17082.007293420,0,1
17082.009706688,0,0
17083.017307870,0,1
17083.019721136,0,0
17084.027322372,0,1
17084.029735388,0,0
17085.037336846,0,1
17085.039749862,0,0
17086.047351294,0,1
17086.049764310,0,0
17087.057365736,0,1
17087.059779002,0,0
17088.067380226,0,1
17088.069793492,0,0
17089.077394660,0,1
17089.079807926,0,0
17090.087409158,0,1
17090.088678740,1,1
17090.091311004,0,1
17090.091346424,0,0
17091.097423556,0,1
17091.099836822,0,0
17092.107438076,0,1
17092.109851344,0,0
17093.117452500,0,1
17093.119865516,0,0
17094.127466982,0,1
17094.129880000,0,0
17095.137481468,0,1
17095.139894484,0,0
17096.147495976,0,1
17096.149908992,0,0
17097.157510364,0,1
17097.159923630,0,0
17098.167524856,0,1
17098.169938122,0,0
17099.177539342,0,1
17099.179952358,0,0
17100.187553816,0,1
17100.188823370,1,1
17100.191455356,0,1
17100.191491080,0,0
17101.197568190,0,1
17101.199981454,0,0
17102.207582676,0,1
17102.209995942,0,0
17103.217597204,0,1
17103.220010470,0,0
17104.227611624,0,1
17104.230024640,0,0
17105.237626144,0,1
17105.240039160,0,0
17106.247640620,0,1
17106.250053636,0,0
17107.257655136,0,1
17107.260068152,0,0
17108.267669470,0,1
17108.270082734,0,0
17109.277684006,0,1
17109.280097274,0,0
17110.287698418,0,1
17110.288968102,1,1
17110.291599776,0,1
17110.291635684,0,0
17111.297713016,0,1
17111.300126282,0,0
17112.307727486,0,1
17112.310140752,0,0
17113.317741956,0,1
17113.320155222,0,0
17114.327756464,0,1
17114.330169480,0,0
17115.337770896,0,1
17115.340183912,0,0
17116.347785390,0,1
17116.350198406,0,0
17117.357799848,0,1
17117.360212864,0,0
17118.367814346,0,1
17118.370227364,0,0
17119.377828758,0,1
17119.380242024,0,0
17120.387843236,0,1
17120.389112770,1,1
17120.391744624,0,1
17120.391780250,0,0
17121.397857624,0,1
17121.400270890,0,0
17122.407872132,0,1
17122.410285398,0,0
17123.417886582,0,1
17123.420299850,0,0
17124.427901098,0,1
17124.430314116,0,0
17125.437915600,0,1
17125.440328616,0,0
17126.447930068,0,1
17126.450343086,0,0
17127.457944472,0,1
17127.460357738,0,0
17128.467958948,0,1
17128.470372214,0,0
17129.477973426,0,1
17129.480386694,0,0
17130.487987876,0,1
17130.489257486,1,1
17130.491889228,0,1
17130.491925142,0,0
17131.498002316,0,1
17131.500415582,0,0
17132.508016784,0,1
17132.510430052,0,0
17133.518031224,0,1
17133.520444490,0,0
17134.528045780,0,1
17134.530458796,0,0
17135.538060256,0,1
17135.540473274,0,0
17136.548074678,0,1
17136.550487694,0,0
17137.558089192,0,1
17137.560502208,0,0
17138.568103604,0,1
17138.570516872,0,0
17139.578118116,0,1
17139.580531384,0,0
17140.588132534,0,1
17140.589402118,1,1
17140.592033848,0,1
17140.592069798,0,0
17141.598146974,0,1
17141.600560242,0,0
17142.608161446,0,1
17142.610574712,0,0
17143.618175942,0,1
17143.620588958,0,0
17144.628190410,0,1
17144.630603428,0,0
17145.638204894,0,1
17145.640617912,0,0
17146.648219322,0,1
17146.650632588,0,0
17147.658233798,0,1
17147.660647064,0,0
17148.668248272,0,1
17148.670661538,0,0
17149.678262766,0,1
17149.680675782,0,0
17150.688277222,0,1
17150.689546806,1,1
17150.692178522,0,1
17150.692214488,0,0
17151.698291678,0,1
17151.700704944,0,0
17152.708306104,0,1
17152.710719370,0,0
17153.718320626,0,1
17153.720733894,0,0
17154.728335092,0,1
17154.730748108,0,0
17155.738349572,0,1
17155.740762590,0,0
17156.748364012,0,1
17156.750777028,0,0
17157.758378504,0,1
17157.760791520,0,0
17158.768392924,0,1
17158.770806190,0,0
17159.778407414,0,1
17159.780820680,0,0
17160.788421858,0,1
17160.789691520,1,1
17160.792323248,0,1
17160.792359122,0,0
17161.798436326,0,1
17161.800849592,0,0
17162.808450804,0,1
17162.810864070,0,0
17163.818465246,0,1
17163.820878262,0,0
17164.828479674,0,1
17164.830892692,0,0
17165.838494244,0,1
17165.840907260,0,0
17166.848508674,0,1
17166.850921690,0,0
17167.858523126,0,1
17167.860936392,0,0
17168.868537606,0,1
17168.870950872,0,0
17169.878552022,0,1
17169.879821708,1,1
17169.882452984,0,1
17169.882489288,0,0
17170.888566716,0,1
17170.890979984,0,0
17171.898581178,0,1
17171.900994444,0,0
17172.908595660,0,1
17172.911008926,0,0
17173.918610144,0,1
17173.921023412,0,0
17174.928624644,0,1
17174.931037662,0,0
17175.938639086,0,1
17175.941052104,0,0
17176.948653568,0,1
17176.951066584,0,0
17177.958668080,0,1
17177.961081096,0,0
17178.968682466,0,1
17178.971095732,0,0
17179.978696942,0,1
17179.979966388,1,1
17179.982598010,0,1
17179.982633958,0,0
17180.988711270,0,1
17180.991124536,0,0
17181.998725706,0,1
17182.001138974,0,0
17183.008740224,0,1
17183.011153490,0,0
17184.018754682,0,1
17184.021167698,0,0
17185.028769148,0,1
17185.031182164,0,0
17186.038783646,0,1
17186.041196664,0,0
17187.048798098,0,1
17187.051211114,0,0
17188.058812540,0,1
17188.061225806,0,0
17189.068827038,0,1
17189.071240306,0,0
17190.078841470,0,1
17190.080111056,1,1
17190.082743184,0,1
17190.082778736,0,0
17191.088855886,0,1
17191.091269152,0,0
17192.098870390,0,1
17192.101283656,0,0
17193.108884818,0,1
17193.111297834,0,0
17194.118899350,0,1
17194.121312366,0,0
17195.128913822,0,1
17195.131326838,0,0
17196.138928298,0,1
17196.141341314,0,0
17197.148942748,0,1
17197.151356014,0,0
17198.158957154,0,1
17198.161370420,0,0
17199.168971666,0,1
17199.171384682,0,0
17200.178986162,0,1
17200.180255712,1,1
17200.182887054,0,1
17200.182923178,0,0
17201.189000570,0,1
17201.191413838,0,0
17202.199015044,0,1
17202.201428310,0,0
17203.209029520,0,1
17203.211442536,0,0
17204.219044028,0,1
17204.221457044,0,0
17205.229058514,0,1
17205.231471532,0,0
17206.239072974,0,1
17206.241485990,0,0
17207.249087386,0,1
17207.251500652,0,0
17208.259101876,0,1
17208.261515142,0,0
17209.269116326,0,1
17209.271529342,0,0
17210.279130796,0,1
17210.280400460,1,1
17210.283032116,0,1
17210.283068062,0,0
17211.289145222,0,1
17211.291558488,0,0
17212.299159700,0,1
17212.301572966,0,0
17213.309174160,0,1
17213.311587176,0,0
17214.319188632,0,1
17214.321601650,0,0
17215.329203134,0,1
17215.331616150,0,0
17216.339217544,0,1
17216.341630810,0,0
17217.349232032,0,1
17217.351645300,0,0
17218.359246474,0,1
17218.361659490,0,0
17219.369260984,0,1
17219.371674002,0,0
17220.379275472,0,1
17220.380545088,1,1
17220.383176966,0,1
17220.383212736,0,0
17221.389290008,0,1
17221.391703274,0,0
17222.399304496,0,1
17222.401717762,0,0
17223.409318954,0,1
17223.411732220,0,0
17224.419333428,0,1
17224.421746444,0,0
17225.429347916,0,1
17225.431760934,0,0
17226.439362398,0,1
17226.441775414,0,0
17227.449376904,0,1
17227.451789920,0,0
17228.459391302,0,1
17228.461804570,0,0
17229.469405760,0,1
17229.471819026,0,0
17230.479420226,0,1
17230.480689726,1,1
17230.483321668,0,1
17230.483357240,0,0
17231.489434562,0,1
17231.491847828,0,0
17232.499448984,0,1
17232.501862252,0,0
17233.509463436,0,1
17233.511876452,0,0
17234.519477978,0,1
17234.521890994,0,0
17235.529492466,0,1
17235.531905482,0,0
17236.539506882,0,1
17236.541919898,0,0
17237.549521340,0,1
17237.551934606,0,0
17238.559535802,0,1
17238.561949070,0,0
17239.569550296,0,1
17239.571963314,0,0
17240.579564810,0,1
17240.580834364,1,1
17240.583466344,0,1
17240.583502076,0,0
17241.589579164,0,1
17241.591992430,0,0
17242.599593638,0,1
17242.602006906,0,0
17243.609608168,0,1
17243.612021184,0,0
17244.619622620,0,1
17244.622035636,0,0
17245.629637092,0,1
17245.632050110,0,0
17246.639651584,0,1
17246.642064602,0,0
17247.649665982,0,1
17247.652079248,0,0
17248.659680484,0,1
17248.662093750,0,0
17249.669694940,0,1
17249.672107956,0,0
17250.679709404,0,1
17250.680979028,1,1
17250.683611380,0,1
17250.683646670,0,0
17251.689723834,0,1
17251.692137100,0,0
17252.699738318,0,1
17252.702151586,0,0
17253.709752820,0,1
17253.712165838,0,0
17254.719767236,0,1
17254.722180252,0,0
17255.729781634,0,1
17255.732194900,0,0
17256.739796140,0,1
17256.742209406,0,0
17257.749810638,0,1
17257.752223654,0,0
17258.759825074,0,1
17258.762238090,0,0
17259.769839576,0,1
17259.772252592,0,0
17260.779854016,0,1
17260.781123800,1,1
17260.783755340,0,1
17260.783791532,0,0
17261.789868670,0,1
17261.792281936,0,0
17262.799883158,0,1
17262.802296426,0,0
17263.809897606,0,1
17263.812310872,0,0
17264.819912098,0,1
17264.822325116,0,0
17265.829926568,0,1
17265.832339584,0,0
17266.839941022,0,1
17266.842354038,0,0
17267.849955440,0,1
17267.852368708,0,0
17268.859969948,0,1
17268.862383216,0,0
17269.869984422,0,1
17269.872397688,0,0
17270.879998892,0,1
17270.881268446,1,1
17270.883900222,0,1
17270.883936158,0,0
17271.890013284,0,1
17271.892426550,0,0
17272.900027780,0,1
17272.902441046,0,0
17273.910042212,0,1
17273.912455478,0,0
17274.920056760,0,1
17274.922469776,0,0
17275.930071194,0,1
17275.932484212,0,0
17276.940085708,0,1
17276.942498724,0,0
17277.950100104,0,1
17277.952513370,0,0
17278.960114646,0,1
17278.962527912,0,0
17279.970129078,0,1
17279.971398706,1,1
17279.974030654,0,1
17279.974066344,0,0
17280.980143486,0,1
17280.982556752,0,0
17281.990158014,0,1
17281.992571280,0,0
17283.000172426,0,1
17283.002585694,0,0
17284.010186886,0,1
17284.012599904,0,0
17285.020201380,0,1
17285.022614398,0,0
17286.030215866,0,1
17286.032628882,0,0
17287.040230284,0,1
17287.042643550,0,0
17288.050244810,0,1
17288.052657826,0,0
17289.060259224,0,1
17289.062672242,0,0
17290.070273784,0,1
17290.071543342,1,1
17290.074175090,0,1
17290.074210798,0,0
17291.080288184,0,1
17291.082701452,0,0
17292.090302626,0,1
17292.092715894,0,0
17293.100317132,0,1
17293.102730398,0,0
17294.110331564,0,1
17294.112744580,0,0
17295.120346050,0,1
17295.122759066,0,0
17296.130360572,0,1
17296.132773588,0,0
17297.140374990,0,1
17297.142788256,0,0
17298.150389422,0,1
17298.152802688,0,0
17299.160403882,0,1
17299.162817148,0,0
17300.170418360,0,1
17300.171688076,1,1
17300.174320270,0,1
17300.174355624,0,0
17301.180432934,0,1
17301.182846200,0,0
17302.190447448,0,1
17302.192860716,0,0
17303.200461852,0,1
17303.202875120,0,0
17304.210476342,0,1
17304.212889358,0,0
17305.220490874,0,1
17305.222903892,0,0
17305.281804374,1,0
17305.282544412,0,0
17305.283529176,1,0
17305.284144694,0,0
17306.230505346,0,1
17306.232918362,0,0
17307.240519712,0,1
17307.242932978,0,0
17308.250534204,0,1
17308.252947470,0,0
17309.260548724,0,1
17309.262961990,0,0
17310.270563224,0,1
17310.271832704,1,1
17310.274464224,0,1
17310.274500490,0,0
17311.280577476,0,1
17311.282990742,0,0
17312.290591978,0,1
17312.293005244,0,0
17313.300606440,0,1
17313.303019706,0,0
17314.310620926,0,1
17314.313033942,0,0
17315.320635410,0,1
17315.323048426,0,0
17316.330649888,0,1
17316.333062904,0,0
17317.340664278,0,1
17317.343077546,0,0
17318.350678752,0,1
17318.353092018,0,0
17319.360693280,0,1
17319.363106546,0,0
17320.370707756,0,1
17320.371977376,1,1
17320.374609306,0,1
17320.374645022,0,0
17321.380722212,0,1
17321.383135480,0,0
17322.390736694,0,1
17322.393149960,0,0
17323.400751090,0,1
17323.403164358,0,0
17324.410765616,0,1
17324.413178632,0,0
17325.420780080,0,1
17325.423193096,0,0
17326.430794562,0,1
17326.433207578,0,0
17327.440808978,0,1
17327.443222244,0,0
17328.450823460,0,1
17328.453236726,0,0
17329.460837922,0,1
17329.463251188,0,0
17330.470852392,0,1
17330.472122094,1,1
17330.474754122,0,1
17330.474789908,0,0
17331.480866914,0,1
17331.483280182,0,0
17332.490881400,0,1
17332.493294666,0,0
17333.500895916,0,1
17333.503309182,0,0
17334.510910424,0,1
17334.513323442,0,0
17335.520924852,0,1
17335.523337868,0,0
17336.530939332,0,1
17336.533352348,0,0
17337.540953832,0,1
17337.543366848,0,0
17338.550968248,0,1
17338.553381514,0,0
17339.560982694,0,1
17339.563395962,0,0
17340.570997198,0,1
17340.572266762,1,1
17340.574899022,0,1
17340.574934464,0,0
17341.581011582,0,1
17341.583424850,0,0
17342.591026106,0,1
17342.593439372,0,0
17343.601040566,0,1
17343.603453584,0,0
17344.611055054,0,1
17344.613468072,0,0
17345.621069528,0,1
17345.623482544,0,0
17346.631084026,0,1
17346.633497042,0,0
17347.641098410,0,1
17347.643511676,0,0
17348.651112872,0,1
17348.653526138,0,0
17349.661127376,0,1
17349.663540392,0,0
17350.671141840,0,1
17350.672411476,1,1
17350.675042790,0,1
17350.675079106,0,0
17351.681156286,0,1
17351.683569554,0,0
17352.691170780,0,1
17352.693584046,0,0
17353.701185260,0,1
17353.703598276,0,0
17354.711199744,0,1
17354.713612760,0,0
17355.721214212,0,1
17355.723627228,0,0
17356.731228690,0,1
17356.733641706,0,0
17357.741243088,0,1
17357.743656356,0,0
17358.751257574,0,1
17358.753670840,0,0
17359.761272082,0,1
17359.763685098,0,0
17360.771286538,0,1
17360.772556102,1,1
17360.775187928,0,1
17360.775223804,0,0
17361.781300996,0,1
17361.783714264,0,0
17362.791315490,0,1
17362.793728756,0,0
17363.801329916,0,1
17363.803742932,0,0
17364.811344394,0,1
17364.813757410,0,0
17365.821358898,0,1
17365.823771914,0,0
17366.831373338,0,1
17366.833786354,0,0
17367.841387780,0,1
17367.843801046,0,0
17368.851402232,0,1
17368.853815498,0,0
17369.861416710,0,1
17369.863829726,0,0
17370.871431194,0,1
17370.872700760,1,1
17370.875332474,0,1
17370.875368460,0,0
17371.881445628,0,1
17371.883858894,0,0
17372.891460094,0,1
17372.893873360,0,0
17373.901474582,0,1
17373.903887598,0,0
17374.911489062,0,1
17374.913902078,0,0
17375.921503544,0,1
17375.923916562,0,0
17376.931518004,0,1
17376.933931022,0,0
17377.941532386,0,1
17377.943945652,0,0
17378.951546882,0,1
17378.953960150,0,0
17379.961561378,0,1
17379.962830990,1,1
17379.965462512,0,1
17379.965498642,0,0
17380.971575824,0,1
17380.973989090,0,0
17381.981590312,0,1
17381.984003578,0,0
17382.991604768,0,1
17382.994017786,0,0
17384.001619228,0,1
17384.004032244,0,0
17385.011633744,0,1
17385.014046760,0,0
17386.021648136,0,1
17386.024061402,0,0
17387.031662618,0,1
17387.034075884,0,0
17388.041677078,0,1
17388.044090094,0,0
17389.051691534,0,1
17389.054104550,0,0
17390.061706070,0,1
17390.062975692,1,1
17390.065607360,0,1
17390.065643336,0,0
17391.071720524,0,1
17391.074133790,0,0
17392.081734914,0,1
17392.084148180,0,0
17393.091749410,0,1
17393.094162426,0,0
17394.101763874,0,1
17394.104176890,0,0
17395.111778364,0,1
17395.114191380,0,0
17396.121792836,0,1
17396.124205852,0,0
17397.131807292,0,1
17397.134220558,0,0
17398.141821732,0,1
17398.144235000,0,0
17399.151836256,0,1
17399.154249272,0,0
17400.161850720,0,1
17400.163120338,1,1
17400.165752056,0,1
17400.165787986,0,0
17401.171865148,0,1
17401.174278414,0,0
17402.181879590,0,1
17402.184292858,0,0
17403.191894084,0,1
17403.194307102,0,0
17404.201908576,0,1
17404.204321592,0,0
17405.211923022,0,1
17405.214336040,0,0
17405.273236774,1,0
17405.273976662,0,0
17405.274961578,1,0
17405.275577302,0,0
17406.221937460,0,1
17406.224350726,0,0
17407.231951942,0,1
17407.234365208,0,0
17408.241966430,0,1
17408.244379696,0,0
17409.251980890,0,1
17409.254393908,0,0
17410.261995380,0,1
17410.263265030,1,1
17410.265897180,0,1
17410.265932646,0,0
17411.272009782,0,1
17411.274423048,0,0
17412.282024250,0,1
17412.284437518,0,0
17413.292038708,0,1
17413.294451724,0,0
17414.302053222,0,1
17414.304466238,0,0
17415.312067680,0,1
17415.314480698,0,0
17416.322082114,0,1
17416.324495380,0,0
17417.332096590,0,1
17417.334509856,0,0
17418.342111072,0,1
17418.344524088,0,0
17419.352125540,0,1
17419.354538556,0,0
17420.362139992,0,1
17420.363409724,1,1
17420.366041318,0,1
17420.366077508,0,0
17421.372154560,0,1
17421.374567828,0,0
17422.382169010,0,1
17422.384582278,0,0
17423.392183544,0,1
17423.394596560,0,0
17424.402198000,0,1
17424.404611016,0,0
17425.412212494,0,1
17425.414625510,0,0
17426.422226906,0,1
17426.424640172,0,0
17427.432241378,0,1
17427.434654644,0,0
17428.442255842,0,1
17428.444669108,0,0
17429.452270362,0,1
17429.454683378,0,0
17430.462284838,0,1
17430.463554376,1,1
17430.466186234,0,1
17430.466221854,0,0
17431.472299262,0,1
17431.474712528,0,0
17432.482313704,0,1
17432.484726720,0,0
17433.492328216,0,1
17433.494741232,0,0
17434.502342702,0,1
17434.504755718,0,0
17435.512357074,0,1
17435.514770342,0,0
17436.522371618,0,1
17436.524784886,0,0
17437.532386064,0,1
17437.534799332,0,0
17438.542400512,0,1
17438.544813528,0,0
17439.552414980,0,1
17439.554827996,0,0
17440.562429508,0,1
17440.563698960,1,1
17440.566331110,0,1
17440.566366774,0,0
17441.572443824,0,1
17441.574857090,0,0
17442.582458272,0,1
17442.584871540,0,0
17443.592472746,0,1
17443.594885762,0,0
17444.602487258,0,1
17444.604900274,0,0
17445.612501724,0,1
17445.614914740,0,0
17446.622516104,0,1
17446.624929370,0,0
17447.632530610,0,1
17447.634943876,0,0
17448.642545090,0,1
17448.644958108,0,0
17449.652559528,0,1
17449.654972544,0,0
17450.662574074,0,1
17450.663843718,1,1
17450.666475734,0,1
17450.666511340,0,0
17451.672588470,0,1
17451.675001736,0,0
17452.682602970,0,1
17452.685016236,0,0
17453.692617424,0,1
17453.695030442,0,0
17454.702631896,0,1
17454.705044914,0,0
17455.712646382,0,1
17455.715059400,0,0
17456.722660812,0,1
17456.725074080,0,0
17457.732675296,0,1
17457.735088562,0,0
17458.742689738,0,1
17458.745102754,0,0
17459.752704264,0,1
17459.755117280,0,0
17460.762718738,0,1
17460.763988338,1,1
17460.766620106,0,1
17460.766656004,0,0
17461.772733140,0,1
17461.775146406,0,0
17462.782747608,0,1
17462.785160874,0,0
17463.792762102,0,1
17463.795175118,0,0
17464.802776590,0,1
17464.805189606,0,0
17465.812791024,0,1
17465.815204040,0,0
17466.822805450,0,1
17466.825218716,0,0
17467.832819964,0,1
17467.835233232,0,0
17468.842834378,0,1
17468.845247394,0,0
17469.852848882,0,1
17469.855261898,0,0
17470.862863364,0,1
17470.864132996,1,1
17470.866764858,0,1
17470.866800630,0,0
17471.872877750,0,1
17471.875291018,0,0
17472.882892242,0,1
17472.885305508,0,0
17473.892906722,0,1
17473.895319740,0,0
17474.902921200,0,1
17474.905334216,0,0
17475.912935654,0,1
17475.915348672,0,0
17476.922950068,0,1
17476.925363334,0,0
17477.932964582,0,1
17477.935377850,0,0
17478.942979054,0,1
17478.945392070,0,0
17479.952993508,0,1
17479.954263146,1,1
17479.956894870,0,1
17479.956930774,0,0
17480.963007916,0,1
17480.965421182,0,0
17481.973022404,0,1
17481.975435670,0,0
17482.983036870,0,1
17482.985449888,0,0
17483.993051414,0,1
17483.995464430,0,0
17485.003065862,0,1
17485.005478878,0,0
17486.013080298,0,1
17486.015493564,0,0
17487.023094710,0,1
17487.025507978,0,0
17488.033109156,0,1
17488.035522174,0,0
17489.043123664,0,1
17489.045536682,0,0
17490.053138126,0,1
17490.054407874,1,1
17490.057039622,0,1
17490.057075642,0,0
17491.063152692,0,1
17491.065565958,0,0
17492.073167150,0,1
17492.075580418,0,0
17493.083181632,0,1
17493.085594648,0,0
17494.093196108,0,1
17494.095609126,0,0
17495.103210610,0,1
17495.105623626,0,0
17496.113225068,0,1
17496.115638084,0,0
17497.123239498,0,1
17497.125652764,0,0
17498.133253914,0,1
17498.135667180,0,0
17499.143268430,0,1
17499.145681446,0,0
17500.153282902,0,1
17500.154552504,1,1
17500.157184170,0,1
17500.157220168,0,0
17501.163297302,0,1
17501.165710568,0,0
17502.173311752,0,1
17502.175725018,0,0
17503.183326298,0,1
17503.185739314,0,0
17504.193340766,0,1
17504.195753784,0,0
17505.203355190,0,1
17505.205768456,0,0
17506.213369680,0,1
17506.215782946,0,0
17507.223384142,0,1
17507.225797158,0,0
17508.233398590,0,1
17508.235811606,0,0
17509.243412984,0,1
17509.245826252,0,0
17510.253427454,0,1
17510.254697074,1,1
17510.257328758,0,1
17510.257364720,0,0
17511.263441898,0,1
17511.265855164,0,0
17512.273456356,0,1
17512.275869622,0,0
17513.283470862,0,1
17513.285883878,0,0
17514.293485320,0,1
17514.295898336,0,0
17515.303499782,0,1
17515.305912800,0,0
17516.313514190,0,1
17516.315927456,0,0
17517.323528710,0,1
17517.325941978,0,0
17518.333543148,0,1
17518.335956164,0,0
17519.343557644,0,1
17519.345970660,0,0
17520.353572034,0,1
17520.354841750,1,1
17520.357473524,0,1
17520.357509550,0,0
17521.363586596,0,1
17521.365999862,0,0
17522.373601010,0,1
17522.376014276,0,0
17523.383615514,0,1
17523.386028530,0,0
17524.393630032,0,1
17524.396043048,0,0
17525.403644448,0,1
17525.406057464,0,0
17526.413658970,0,1
17526.416071988,0,0
17527.423673294,0,1
17527.426086560,0,0
17528.433687804,0,1
17528.436101070,0,0
17529.443702326,0,1
17529.446115342,0,0
17530.453716746,0,1
17530.454986358,1,1
17530.457618296,0,1
17530.457654012,0,0
17531.463731162,0,1
17531.466144428,0,0
17532.473745628,0,1
17532.476158894,0,0
17533.483760176,0,1
17533.486173192,0,0
17534.493774626,0,1
17534.496187642,0,0
17535.503789126,0,1
17535.506202144,0,0
17536.513803586,0,1
17536.516216602,0,0
17537.523817978,0,1
17537.526231244,0,0
17538.533832442,0,1
17538.536245708,0,0
17539.543846904,0,1
17539.546259920,0,0
17540.553861420,0,1
17540.555130974,1,1
17540.557762834,0,1
17540.557798686,0,0
17541.563875792,0,1
17541.566289058,0,0
17542.573890266,0,1
17542.576303532,0,0
17543.583904760,0,1
17543.586317776,0,0
17544.593919246,0,1
17544.596332262,0,0
17545.603933740,0,1
17545.606346756,0,0
17546.613948176,0,1
17546.616361194,0,0
17547.623962586,0,1
17547.626375852,0,0
17548.633977042,0,1
17548.636390308,0,0
17549.643991522,0,1
17549.646404538,0,0
17550.654005978,0,1
17550.655275578,1,1
17550.657907794,0,1
17550.657943244,0,0
17551.664020390,0,1
17551.666433656,0,0
17552.674034870,0,1
17552.676448136,0,0
17553.684049372,0,1
17553.686462388,0,0
17554.694063826,0,1
17554.696476842,0,0
17555.704078330,0,1
17555.706491348,0,0
17556.714092834,0,1
17556.716505850,0,0
17557.724107228,0,1
17557.726520494,0,0
17558.734121686,0,1
17558.736534952,0,0
17559.744136186,0,1
17559.746549202,0,0
17560.754150616,0,1
17560.755420116,1,1
17560.758052282,0,1
17560.758087882,0,0
17561.764164910,0,1
17561.766578178,0,0
17562.774179398,0,1
17562.776592666,0,0
17563.784193856,0,1
17563.786606872,0,0
17564.794208348,0,1
17564.796621366,0,0
17565.804222854,0,1
17565.806635870,0,0
17566.814237208,0,1
17566.816650474,0,0
17567.824251684,0,1
17567.826664952,0,0
17568.834266192,0,1
17568.836679208,0,0
17569.844280648,0,1
17569.846693664,0,0
17570.854295114,0,1
17570.855564764,1,1
17570.858196542,0,1
17570.858232380,0,0
17571.864309622,0,1
17571.866722890,0,0
17572.874324116,0,1
17572.876737384,0,0
17573.884338574,0,1
17573.886751592,0,0
17574.894353100,0,1
17574.896766116,0,0
17575.904367590,0,1
17575.906780606,0,0
17576.914381956,0,1
17576.916795222,0,0
17577.924396480,0,1
17577.926809496,0,0
17578.934410972,0,1
17578.936823988,0,0
17579.944425434,0,1
17579.945694838,1,1
17579.948326898,0,1
17579.948362450,0,0
17580.954439608,0,1
17580.956852874,0,0
17581.964454048,0,1
17581.966867316,0,0
17582.974468518,0,1
17582.976881534,0,0
17583.984483046,0,1
17583.986896062,0,0
17584.994497442,0,1
17584.996910708,0,0
17586.004511860,0,1
17586.006925128,0,0
17587.014526330,0,1
17587.016939346,0,0
17588.024540842,0,1
17588.026953858,0,0
17589.034555210,0,1
17589.036968476,0,0
17590.044569656,0,1
17590.045839486,1,1
17590.048471110,0,1
17590.048507172,0,0
17591.054584378,0,1
17591.056997646,0,0
17592.064598834,0,1
17592.067012100,0,0
17593.074613348,0,1
17593.077026364,0,0
17594.084627798,0,1
17594.087040814,0,0
17595.094642256,0,1
17595.097055272,0,0
17596.104656704,0,1
17596.107069970,0,0
17597.114671208,0,1
17597.117084474,0,0
17598.124685640,0,1
17598.127098656,0,0
17599.134700134,0,1
17599.137113150,0,0
17600.144714554,0,1
17600.145984102,1,1
17600.148615750,0,1
17600.148651818,0,0
17601.154728986,0,1
17601.157142252,0,0
17602.164743448,0,1
17602.167156716,0,0
17603.174757994,0,1
17603.177171012,0,0
17604.184772396,0,1
17604.187185412,0,0
17605.194786818,0,1
17605.197200084,0,0
17606.204801290,0,1
17606.207214556,0,0
17607.214815782,0,1
17607.217229048,0,0
17608.224830262,0,1
17608.227243280,0,0
17609.234844694,0,1
17609.237257710,0,0
17610.244859160,0,1
17610.246128734,1,1
17610.248760544,0,1
17610.248796426,0,0
17611.254873562,0,1
17611.257286830,0,0
17612.264888034,0,1
17612.267301300,0,0
17613.274902498,0,1
17613.277315516,0,0
17614.284916944,0,1
17614.287329962,0,0
17615.294931414,0,1
17615.297344680,0,0
17616.304945880,0,1
17616.307359146,0,0
17617.314960358,0,1
17617.317373374,0,0
17618.324974772,0,1
17618.327387790,0,0
17619.334989310,0,1
17619.337402328,0,0
17620.345003688,0,1
17620.346273298,1,1
17620.348904990,0,1
17620.348940954,0,0
17621.355018104,0,1
17621.357431370,0,0
17622.365032566,0,1
17622.367445832,0,0
17623.375047076,0,1
17623.377460092,0,0
17624.385061506,0,1
17624.387474522,0,0
17625.395075966,0,1
17625.397489232,0,0
17626.405090402,0,1
17626.407503668,0,0
17627.415104828,0,1
17627.417517844,0,0
17628.425119348,0,1
17628.427532366,0,0
17629.435133744,0,1
17629.437547010,0,0
17630.445148208,0,1
17630.446417938,1,1
17630.449049812,0,1
17630.449085724,0,0
17631.455162770,0,1
17631.457576036,0,0
17632.465177244,0,1
17632.467590510,0,0
17633.475191714,0,1
17633.477604732,0,0
17634.485206166,0,1
17634.487619182,0,0
17635.495220596,0,1
17635.497633864,0,0
17636.505235036,0,1
17636.507648302,0,0
17637.515249568,0,1
17637.517662584,0,0
17638.525264010,0,1
17638.527677026,0,0
17639.535278472,0,1
17639.537691488,0,0
17640.545292888,0,1
17640.546562552,1,1
17640.549193954,0,1
17640.549230154,0,0
17641.555307300,0,1
17641.557720566,0,0
17642.565321834,0,1
17642.567735100,0,0
17643.575336264,0,1
17643.577749282,0,0
17644.585350688,0,1
17644.587763704,0,0
17645.595365088,0,1
17645.597778354,0,0
17646.605379550,0,1
17646.607792816,0,0
17647.615394042,0,1
17647.617807310,0,0
17648.625408534,0,1
17648.627821552,0,0
17649.635423024,0,1
17649.637836040,0,0
17650.645437436,0,1
17650.646707176,1,1
17650.649338590,0,1
17650.649374952,0,0
17651.655451978,0,1
17651.657865246,0,0
17652.665466438,0,1
17652.667879704,0,0
17653.675480924,0,1
17653.677893940,0,0
17654.685495422,0,1
17654.687908438,0,0
17655.695509754,0,1
17655.697923022,0,0
17656.705524278,0,1
17656.707937546,0,0
17657.715538730,0,1
17657.717951746,0,0
17658.725553184,0,1
17658.727966200,0,0
17659.735567720,0,1
17659.737980736,0,0
17660.745582130,0,1
17660.746851788,1,1
17660.749483772,0,1
17660.749519396,0,0
17661.755596656,0,1
17661.758009922,0,0
17662.765611090,0,1
17662.768024358,0,0
17663.775625578,0,1
17663.778038844,0,0
17664.785640032,0,1
17664.788053048,0,0
17665.795654526,0,1
17665.798067544,0,0
17666.805669002,0,1
17666.808082020,0,0
17667.815683430,0,1
17667.818096696,0,0
17668.825697866,0,1
17668.828111132,0,0
17669.835712362,0,1
17669.838125628,0,0
17670.845726828,0,1
17670.846996366,1,1
17670.849628310,0,1
17670.849664094,0,0
17671.855741128,0,1
17671.858154394,0,0
17672.865755618,0,1
17672.868168886,0,0
17673.875770064,0,1
17673.878183080,0,0
17674.885784508,0,1
17674.888197524,0,0
17675.895798922,0,1
17675.898212188,0,0
17676.905813378,0,1
17676.908226644,0,0
17677.915827886,0,1
17677.918240902,0,0
17678.925842380,0,1
17678.928255396,0,0
17679.935856808,0,1
17679.937126430,1,1
17679.939758206,0,1
17679.939794074,0,0
17680.945871266,0,1
17680.948284532,0,0
17681.955885650,0,1
17681.958298916,0,0
17682.965900162,0,1
17682.968313178,0,0
17683.975914680,0,1
17683.978327696,0,0
17684.985929060,0,1
17684.988342326,0,0
17685.995943542,0,1
17685.998356808,0,0
17687.005957996,0,1
17687.008371012,0,0
17688.015972488,0,1
17688.018385506,0,0
17689.025986958,0,1
17689.028399974,0,0
17690.036001408,0,1
17690.037271088,1,1
17690.039902876,0,1
17690.039938672,0,0
17691.046015864,0,1
17691.048429130,0,0
17692.056030372,0,1
17692.058443638,0,0
17693.066044850,0,1
17693.068457866,0,0
17694.076059346,0,1
17694.078472362,0,0
17695.086073764,0,1
17695.088486780,0,0
17696.096088192,0,1
17696.098501460,0,0
17697.106102668,0,1
17697.108515934,0,0
17698.116117120,0,1
17698.118530136,0,0
17699.126131616,0,1
17699.128544632,0,0
17700.136146098,0,1
17700.137415610,1,1
17700.140046988,0,1
17700.140083364,0,0
17701.146160348,0,1
17701.148573614,0,0
17702.156174836,0,1
17702.158588102,0,0
17703.166189312,0,1
17703.168602330,0,0
17704.176203796,0,1
17704.178616814,0,0
17705.186218226,0,1
17705.188631492,0,0
17706.196232630,0,1
17706.198645896,0,0
17707.206247112,0,1
17707.208660378,0,0
17708.216261608,0,1
17708.218674626,0,0
17709.226276046,0,1
17709.228689062,0,0
17710.236290492,0,1
17710.237560270,1,1
17710.240192514,0,1
17710.240227758,0,0
17711.246305010,0,1
17711.248718276,0,0
17712.256319476,0,1
17712.258732742,0,0
17713.266333940,0,1
17713.268746956,0,0
17714.276348440,0,1
17714.278761458,0,0
17715.286362846,0,1
17715.288776114,0,0
17716.296377294,0,1
17716.298790562,0,0
17717.306391750,0,1
17717.308805016,0,0
17718.316406238,0,1
17718.318819254,0,0
17719.326420692,0,1
17719.328833708,0,0
17720.336435134,0,1
17720.337704842,1,1
17720.340336922,0,1
17720.340372650,0,0
17721.346449664,0,1
17721.348862930,0,0
17722.356464148,0,1
17722.358877414,0,0
17723.366478604,0,1
17723.368891620,0,0
17724.376493114,0,1
17724.378906130,0,0
17725.386507482,0,1
17725.388920748,0,0
17726.396521992,0,1
17726.398935260,0,0
17727.406536444,0,1
17727.408949462,0,0
17728.416550906,0,1
17728.418963922,0,0
17729.426565392,0,1
17729.428978408,0,0
17730.436579794,0,1
17730.437849394,1,1
17730.440481056,0,1
17730.440517060,0,0
17731.446594178,0,1
17731.449007446,0,0
17732.456608644,0,1
17732.459021910,0,0
17733.466623162,0,1
17733.469036178,0,0
17734.476637592,0,1
17734.479050608,0,0
17735.486652026,0,1
17735.489065292,0,0
17736.496666524,0,1
17736.499079792,0,0
17737.506680958,0,1
17737.509094224,0,0
17738.516695414,0,1
17738.519108430,0,0
17739.526709926,0,1
17739.529122944,0,0
17740.536724294,0,1
17740.537994090,1,1
17740.540626046,0,1
17740.540661560,0,0
17741.546738970,0,1
17741.549152236,0,0
17742.556753478,0,1
17742.559166744,0,0
17743.566767872,0,1
17743.569180888,0,0
17744.576782424,0,1
17744.579195440,0,0
17745.586796886,0,1
17745.589209904,0,0
17746.596811250,0,1
17746.599224516,0,0
17747.606825708,0,1
17747.609238974,0,0
17748.616840204,0,1
17748.619253470,0,0
17749.626854638,0,1
17749.629267656,0,0
17750.636869212,0,1
17750.638138660,1,1
17750.640770532,0,1
17750.640806228,0,0
17751.646883428,0,1
17751.649296694,0,0
17752.656897944,0,1
17752.659311212,0,0
17753.666912378,0,1
17753.669325394,0,0
17754.676926830,0,1
17754.679339846,0,0
17755.686941278,0,1
17755.689354294,0,0
17756.696955692,0,1
17756.699368958,0,0
17757.706970176,0,1
17757.709383444,0,0
17758.716984654,0,1
17758.719397920,0,0
17759.726999212,0,1
17759.729412228,0,0
17760.737013600,0,1
17760.738283328,1,1
17760.740915062,0,1
17760.740950866,0,0
17761.747028106,0,1
17761.749441372,0,0
17762.757042644,0,1
17762.759455910,0,0
17763.767057106,0,1
17763.769470372,0,0
17764.777071580,0,1
17764.779484598,0,0
17765.787086018,0,1
17765.789499034,0,0
17766.797100498,0,1
17766.799513514,0,0
17767.807114890,0,1
17767.809528158,0,0
17768.817129354,0,1
17768.819542620,0,0
17769.827143906,0,1
17769.829557174,0,0
17770.837158332,0,1
17770.838427902,1,1
17770.841059586,0,1
17770.841095598,0,0
17771.847172698,0,1
17771.849585964,0,0
17772.857187188,0,1
17772.859600454,0,0
17773.867201686,0,1
17773.869614704,0,0
17774.877216138,0,1
17774.879629154,0,0
17775.887230640,0,1
17775.889643658,0,0
17776.897245082,0,1
17776.899658100,0,0
17777.907259460,0,1
17777.909672726,0,0
17778.917273934,0,1
17778.919687200,0,0
17779.927288418,0,1
17779.928558056,1,1
17779.931189796,0,1
17779.931225684,0,0
17780.937302862,0,1
17780.939716130,0,0
17781.947317306,0,1
17781.949730574,0,0
17782.957331774,0,1
17782.959745040,0,0
17783.967346248,0,1
17783.969759264,0,0
17784.977360736,0,1
17784.979773752,0,0
17785.987375182,0,1
17785.989788198,0,0
17786.997389694,0,1
17786.999802710,0,0
17788.007404086,0,1
17788.009817352,0,0
17789.017418576,0,1
17789.019831844,0,0
17790.027432976,0,1
17790.028702662,1,1
17790.031334202,0,1
17790.031370242,0,0
17791.037447520,0,1
17791.039860786,0,0
17792.047462002,0,1
17792.049875270,0,0
17793.057476468,0,1
17793.059889736,0,0
17794.067490942,0,1
17794.069903958,0,0
17795.077505448,0,1
17795.079918464,0,0
17796.087519832,0,1
17796.089933098,0,0
17797.097534322,0,1
17797.099947588,0,0
17798.107548754,0,1
17798.109962022,0,0
17799.117563258,0,1
17799.119976276,0,0
17800.127577722,0,1
17800.128847160,1,1
17800.131479102,0,1
17800.131514738,0,0
17801.137591988,0,1
17801.140005254,0,0
17802.147606488,0,1
17802.150019756,0,0
17803.157620982,0,1
17803.160033998,0,0
17804.167635458,0,1
17804.170048474,0,0
17805.177649934,0,1
17805.180062950,0,0
17806.187664364,0,1
17806.190077382,0,0
17807.197678782,0,1
17807.200092048,0,0
17808.207693206,0,1
17808.210106472,0,0
17809.217707690,0,1
17809.220120706,0,0
17810.227722150,0,1
17810.228991782,1,1
17810.231623746,0,1
17810.231659416,0,0
17811.237736608,0,1
17811.240149874,0,0
17812.247751078,0,1
17812.250164344,0,0
17813.257765554,0,1
17813.260178820,0,0
17814.267780020,0,1
17814.270193038,0,0
17815.277794466,0,1
17815.280207482,0,0
17816.287808962,0,1
17816.290221978,0,0
17817.297823360,0,1
17817.300236626,0,0
17818.307837830,0,1
17818.310251096,0,0
17819.317852290,0,1
17819.320265556,0,0
17820.327866778,0,1
17820.329136326,1,1
17820.331767622,0,1
17820.331804044,0,0
17821.337881164,0,1
17821.340294430,0,0
17822.347895642,0,1
17822.350308908,0,0
17823.357910140,0,1
17823.360323156,0,0
17824.367924580,0,1
17824.370337596,0,0
17825.377939082,0,1
17825.380352098,0,0
17826.387953454,0,1
17826.390366720,0,0
17827.397967978,0,1
17827.400381246,0,0
17828.407982420,0,1
17828.410395436,0,0
17829.417996900,0,1
17829.420409916,0,0
17830.428011338,0,1
17830.429280942,1,1
17830.431912412,0,1
17830.431948604,0,0
17831.438025750,0,1
17831.440439016,0,0
17832.448040230,0,1
17832.450453496,0,0
17833.458054706,0,1
17833.460467722,0,0
17834.468069178,0,1
17834.470482194,0,0
17835.478083644,0,1
17835.480496660,0,0
17836.488098082,0,1
17836.490511348,0,0
17837.498112550,0,1
17837.500525816,0,0
17838.508126974,0,1
17838.510540240,0,0
17839.518141484,0,1
17839.520554500,0,0
17840.528155944,0,1
17840.529425474,1,1
17840.532057234,0,1
17840.532092958,0,0
17841.538170240,0,1
17841.540583506,0,0
17842.548184676,0,1
17842.550597942,0,0
17843.558199174,0,1
17843.560612190,0,0
17844.568213616,0,1
17844.570626634,0,0
17845.578228064,0,1
17845.580641330,0,0
17846.588242514,0,1
17846.590655780,0,0
17847.598257002,0,1
17847.600670018,0,0
17848.608271446,0,1
17848.610684462,0,0
17849.618285920,0,1
17849.620698936,0,0
17850.628300318,0,1
17850.629570060,1,1
17850.632202342,0,1
17850.632237834,0,0
17851.638314842,0,1
17851.640728110,0,0
17852.648329336,0,1
17852.650742602,0,0
17853.658343858,0,1
17853.660756876,0,0
17854.668358296,0,1
17854.670771312,0,0
17855.678372666,0,1
17855.680785932,0,0
17856.688387198,0,1
17856.690800466,0,0
17857.698401660,0,1
17857.700814926,0,0
17858.708416078,0,1
17858.710829094,0,0
17859.718430608,0,1
17859.720843624,0,0
17860.728444962,0,1
17860.729714642,1,1
17860.732346482,0,1
17860.732382228,0,0
17861.738459546,0,1
17861.740872812,0,0
17862.748473994,0,1
17862.750887260,0,0
17863.758488416,0,1
17863.760901432,0,0
17864.768502920,0,1
17864.770915938,0,0
17865.778517442,0,1
17865.780930458,0,0
17866.788531820,0,1
17866.790945088,0,0
17867.798546314,0,1
17867.800959330,0,0
17868.808560780,0,1
17868.810973796,0,0
17869.818575196,0,1
17869.820988464,0,0
17870.828589616,0,1
17870.829859172,1,1
17870.832491070,0,1
17870.832526882,0,0
17871.838604068,0,1
17871.841017336,0,0
17872.848618522,0,1
17872.851031788,0,0
17873.858632984,0,1
17873.861046000,0,0
17874.868647508,0,1
17874.871060524,0,0
17875.878661872,0,1
17875.881075138,0,0
17876.888676358,0,1
17876.891089626,0,0
17877.898690812,0,1
17877.901103828,0,0
17878.908705260,0,1
17878.911118276,0,0
17879.918719704,0,1
17879.919989386,1,1
17879.922620764,0,1
17879.922656970,0,0
17880.928734262,0,1
17880.931147528,0,0
17881.938748684,0,1
17881.941161950,0,0
17882.948763166,0,1
17882.951176184,0,0
17883.958777660,0,1
17883.961190678,0,0
17884.968792056,0,1
17884.971205072,0,0
17885.978806532,0,1
17885.981219798,0,0
17886.988821020,0,1
17886.991234286,0,0
17887.998835456,0,1
17888.001248474,0,0
17889.008849924,0,1
17889.011262940,0,0
17890.018864382,0,1
17890.020133918,1,1
17890.022765658,0,1
17890.022801648,0,0
17891.028878690,0,1
17891.031291956,0,0
17892.038893146,0,1
17892.041306414,0,0
17893.048907636,0,1
17893.051320652,0,0
17894.058922132,0,1
17894.061335148,0,0
17895.068936544,0,1
17895.071349810,0,0
17896.078950972,0,1
17896.081364238,0,0
17897.088965466,0,1
17897.091378482,0,0
17898.098979950,0,1
17898.101392966,0,0
17899.108994384,0,1
17899.111407402,0,0
17900.119008812,0,1
17900.120278570,1,1
17900.122910418,0,1
17900.122946328,0,0
17901.129023326,0,1
17901.131436594,0,0
17902.139037844,0,1
17902.141451112,0,0
17903.149052302,0,1
17903.151465318,0,0
17904.159066750,0,1
17904.161479768,0,0
17905.169081206,0,1
17905.171494474,0,0
17906.179095668,0,1
17906.181508934,0,0
17907.189110136,0,1
17907.191523402,0,0
17908.199124586,0,1
17908.201537602,0,0
17909.209139070,0,1
17909.211552086,0,0
17910.219153502,0,1
17910.220423112,1,1
17910.223055478,0,1
17910.223090766,0,0
17911.229167890,0,1
17911.231581156,0,0
17912.239182306,0,1
17912.241595574,0,0
17913.249196820,0,1
17913.251609836,0,0
17914.259211332,0,1
17914.261624348,0,0
17915.269225664,0,1
17915.271638930,0,0
17916.279240154,0,1
17916.281653422,0,0
17917.289254606,0,1
17917.291667624,0,0
17918.299269126,0,1
17918.301682144,0,0
17919.309283562,0,1
17919.311696578,0,0
17920.319298008,0,1
17920.320567686,1,1
17920.323199344,0,1
17920.323235272,0,0
17921.329312532,0,1
17921.331725798,0,0
17922.339327026,0,1
17922.341740292,0,0
17923.349341506,0,1
17923.351754522,0,0
17924.359355936,0,1
17924.361768952,0,0
17925.369370386,0,1
17925.371783402,0,0
17926.379384818,0,1
17926.381798086,0,0
17927.389399294,0,1
17927.391812562,0,0
17928.399413764,0,1
17928.401827032,0,0
17929.409428224,0,1
17929.411841240,0,0
17930.419442722,0,1
17930.420712320,1,1
17930.423344216,0,1
17930.423379988,0,0
17931.429457132,0,1
17931.431870398,0,0
17932.439471564,0,1
17932.441884830,0,0
17933.449486046,0,1
17933.451899064,0,0
17934.459500568,0,1
17934.461913586,0,0
17935.469514980,0,1
17935.471927998,0,0
17936.479529432,0,1
17936.481942698,0,0
17937.489543902,0,1
17937.491957168,0,0
17938.499558378,0,1
17938.501971394,0,0
17939.509572852,0,1
17939.511985870,0,0
17940.519587254,0,1
17940.520856836,1,1
17940.523488578,0,1
17940.523524520,0,0
17941.529601688,0,1
17941.532014954,0,0
17942.539616126,0,1
17942.542029392,0,0
17943.549630614,0,1
17943.552043630,0,0
17944.559645068,0,1
17944.562058084,0,0
17945.569659498,0,1
17945.572072764,0,0
17946.579673974,0,1
17946.582087240,0,0
17947.589688456,0,1
17947.592101472,0,0
17948.599702926,0,1
17948.602115942,0,0
17949.609717378,0,1
17949.612130394,0,0
17950.619731796,0,1
17950.621001484,1,1
17950.623633348,0,1
17950.623669062,0,0
17951.629746314,0,1
17951.632159580,0,0
17952.639760768,0,1
17952.642174034,0,0
17953.649775286,0,1
17953.652188302,0,0
17954.659789724,0,1
17954.662202740,0,0
17955.669804240,0,1
17955.672217256,0,0
17956.679818598,0,1
17956.682231864,0,0
17957.689833060,0,1
17957.692246326,0,0
17958.699847578,0,1
17958.702260594,0,0
17959.709862026,0,1
17959.712275042,0,0
17960.719876494,0,1
17960.721145992,1,1
17960.723778052,0,1
17960.723813760,0,0
17961.729890918,0,1
17961.732304184,0,0
17962.739905350,0,1
17962.742318618,0,0
17963.749919836,0,1
17963.752332854,0,0
17964.759934312,0,1
17964.762347328,0,0
17965.769948774,0,1
17965.772361790,0,0
17966.779963184,0,1
17966.782376450,0,0
17967.789977690,0,1
17967.792390958,0,0
17968.799992100,0,1
17968.802405116,0,0
17969.810006602,0,1
17969.812419618,0,0
17970.820021070,0,1
17970.821290580,1,1
17970.823922428,0,1
17970.823958336,0,0
17971.830035300,0,1
17971.832448566,0,0
17972.840049784,0,1
17972.842463050,0,0
17973.850064302,0,1
17973.852477318,0,0
17974.860078748,0,1
17974.862491764,0,0
17975.870093142,0,1
17975.872506408,0,0
17976.880107596,0,1
17976.882520862,0,0
17977.890122100,0,1
17977.892535118,0,0
17978.900136522,0,1
17978.902549538,0,0
17979.910151008,0,1
17979.911420760,1,1
17979.914052424,0,1
17979.914088524,0,0
17980.920165564,0,1
17980.922578830,0,0
17981.930180050,0,1
17981.932593316,0,0
17982.940194464,0,1
17982.942607480,0,0
17983.950208982,0,1
17983.952621998,0,0
17984.960223382,0,1
17984.962636648,0,0
17985.970237872,0,1
17985.972651140,0,0
17986.980252340,0,1
17986.982665608,0,0
17987.990266734,0,1
17987.992679750,0,0
17989.000281252,0,1
17989.002694270,0,0
17990.010295702,0,1
17990.011565290,1,1
17990.014197086,0,1
17990.014232968,0,0
17991.020310108,0,1
17991.022723374,0,0
17992.030324548,0,1
17992.032737814,0,0
17993.040339034,0,1
17993.042752050,0,0
17994.050353508,0,1
17994.052766526,0,0
17995.060367892,0,1
17995.062781158,0,0
17996.070382324,0,1
17996.072795592,0,0
17997.080396824,0,1
17997.082810092,0,0
17998.090411336,0,1
17998.092824352,0,0
17999.100425742,0,1
17999.102838758,0,0
18000.110440222,0,1
18000.111709878,1,1
18000.114341784,0,1
18000.114377488,0,0
18001.120454594,0,1
18001.122867862,0,0
18002.130469016,0,1
18002.132882284,0,0
18003.140483510,0,1
18003.142896526,0,0
18004.150498008,0,1
18004.152911024,0,0
18005.160512398,0,1
18005.162925666,0,0
18006.170526870,0,1
18006.172940136,0,0
18007.180541362,0,1
18007.182954378,0,0
18008.190555850,0,1
18008.192968868,0,0
18009.200570224,0,1
18009.202983490,0,0
18010.210584752,0,1
18010.211854424,1,1
18010.214486308,0,1
18010.214522016,0,0
18011.220599242,0,1
18011.223012508,0,0
18012.230613684,0,1
18012.233026950,0,0
18013.240628232,0,1
18013.243041248,0,0
18014.250642622,0,1
18014.253055888,0,0
18015.260657102,0,1
18015.263070368,0,0
18016.270671592,0,1
18016.273084610,0,0
18017.280686016,0,1
18017.283099034,0,0
18018.290700450,0,1
18018.293113716,0,0
18019.300714930,0,1
18019.303128196,0,0
18020.310729358,0,1
18020.311999072,1,1
18020.314630412,0,1
18020.314666874,0,0
18021.320743908,0,1
18021.323157174,0,0
18022.330758334,0,1
18022.333171600,0,0
18023.340772854,0,1
18023.343185870,0,0
18024.350787310,0,1
18024.353200326,0,0
18025.360801756,0,1
18025.363214772,0,0
18026.370816216,0,1
18026.373229484,0,0
18027.380830630,0,1
18027.383243898,0,0
18028.390845178,0,1
18028.393258194,0,0
18029.400859580,0,1
18029.403272596,0,0
18030.410874082,0,1
18030.412143626,1,1
18030.414775830,0,1
18030.414811348,0,0
18031.420888500,0,1
18031.423301766,0,0
18032.430902952,0,1
18032.433316220,0,0
18033.440917466,0,1
18033.443330482,0,0
18034.450931930,0,1
18034.453344948,0,0
18035.460946304,0,1
18035.463359572,0,0
18036.470960798,0,1
18036.473374064,0,0
18037.480975230,0,1
18037.483388496,0,0
18038.490989726,0,1
18038.493402744,0,0
18039.501004192,0,1
18039.503417208,0,0
18040.511018594,0,1
18040.512288188,1,1
18040.514919874,0,1
18040.514955860,0,0
18041.521033002,0,1
18041.523446268,0,0
18042.531047490,0,1
18042.533460756,0,0
18043.541062000,0,1
18043.543475016,0,0
18044.551076484,0,1
18044.553489500,0,0
18045.561090860,0,1
18045.563504128,0,0
18046.571105356,0,1
18046.573518624,0,0
18047.581119792,0,1
18047.583532810,0,0
18048.591134264,0,1
18048.593547282,0,0
18049.601148736,0,1
18049.603561754,0,0
18050.611163164,0,1
18050.612432792,1,1
18050.615064346,0,1
18050.615100430,0,0
18051.621177592,0,1
18051.623590860,0,0
18052.631192026,0,1
18052.633605294,0,0
18053.641206512,0,1
18053.643619528,0,0
18054.651220998,0,1
18054.653634014,0,0
18055.661235474,0,1
18055.663648492,0,0
18056.671249874,0,1
18056.673663142,0,0
18057.681264334,0,1
18057.683677600,0,0
18058.691278818,0,1
18058.693691834,0,0
18059.701293264,0,1
18059.703706280,0,0
18060.711307742,0,1
18060.712577326,1,1
18060.715209224,0,1
18060.715245008,0,0
18061.721322148,0,1
18061.723735414,0,0
18062.731336688,0,1
18062.733749954,0,0
18063.741351076,0,1
18063.743764092,0,0
18064.751365556,0,1
18064.753778572,0,0
18065.761379956,0,1
18065.763793222,0,0
18066.771394462,0,1
18066.773807728,0,0
18067.781408926,0,1
18067.783821942,0,0
18068.791423426,0,1
18068.793836442,0,0
18069.801437892,0,1
18069.803850910,0,0
18070.811452310,0,1
18070.812721912,1,1
18070.815354182,0,1
18070.815389574,0,0
18071.821466666,0,1
18071.823879934,0,0
18072.831481170,0,1
18072.833894436,0,0
18073.841495650,0,1
18073.843908666,0,0
18074.851510090,0,1
18074.853923108,0,0
18075.861524500,0,1
18075.863937766,0,0
18076.871538988,0,1
18076.873952254,0,0
18077.881553452,0,1
18077.883966468,0,0
18078.891567912,0,1
18078.893980930,0,0
18079.901582390,0,1
18079.902852030,1,1
18079.905483384,0,1
18079.905519656,0,0
18080.911596806,0,1
18080.914010072,0,0
18081.921611294,0,1
18081.924024562,0,0
18082.931625704,0,1
18082.934038722,0,0
18083.941640168,0,1
18083.944053184,0,0
18084.951654626,0,1
18084.954067894,0,0
18085.961669084,0,1
18085.964082102,0,0
18086.971683586,0,1
18086.974096602,0,0
18087.981698042,0,1
18087.984111058,0,0
18088.991712472,0,1
18088.994125738,0,0
18090.001726962,0,1
18090.002996638,1,1
18090.005628126,0,1
18090.005664228,0,0
18091.011741496,0,1
18091.014154762,0,0
18092.021755922,0,1
18092.024169188,0,0
18093.031770370,0,1
18093.034183386,0,0
18094.041784856,0,1
18094.044197874,0,0
18095.051799314,0,1
18095.054212580,0,0
18096.061813754,0,1
18096.064227020,0,0
18097.071828208,0,1
18097.074241476,0,0
18098.081842668,0,1
18098.084255686,0,0
18099.091857150,0,1
18099.094270166,0,0
18100.101871536,0,1
18100.103141148,1,1
18100.105772844,0,1
18100.105808802,0,0
18101.111885992,0,1
18101.114299258,0,0
18102.121900410,0,1
18102.124313676,0,0
18103.131914866,0,1
18103.134327882,0,0
18104.141929396,0,1
18104.144342412,0,0
18105.151943784,0,1
18105.154357050,0,0
18106.161958236,0,1
18106.164371502,0,0
18107.171972740,0,1
18107.174385756,0,0
18108.181987202,0,1
18108.184400220,0,0
18109.192001630,0,1
18109.194414896,0,0
18110.202016088,0,1
18110.203285698,1,1
18110.205917068,0,1
18110.205953354,0,0
18111.212030490,0,1
18111.214443756,0,0
18112.222044974,0,1
18112.224458242,0,0
18113.232059458,0,1
18113.234472476,0,0
18114.242073870,0,1
18114.244486886,0,0
18115.252088308,0,1
18115.254501576,0,0
18116.262102746,0,1
18116.264516014,0,0
18117.272117252,0,1
18117.274530268,0,0
18118.282131740,0,1
18118.284544758,0,0
18119.292146074,0,1
18119.294559340,0,0
18120.302160570,0,1
18120.303430298,1,1
18120.306062574,0,1
18120.306098084,0,0
18121.312175162,0,1
18121.314588430,0,0
18122.322189566,0,1
18122.324602832,0,0
18123.332204056,0,1
18123.334617072,0,0
18124.342218508,0,1
18124.344631524,0,0
18125.352232912,0,1
18125.354646180,0,0
18126.362247422,0,1
18126.364660688,0,0
18127.372261858,0,1
18127.374674874,0,0
18128.382276336,0,1
18128.384689354,0,0
18129.392290792,0,1
18129.394703808,0,0
18130.402305218,0,1
18130.403574850,1,1
18130.406206630,0,1
18130.406242484,0,0
18131.412319610,0,1
18131.414732878,0,0
18132.422334096,0,1
18132.424747362,0,0
18133.432348532,0,1
18133.434761548,0,0
18134.442363068,0,1
18134.444776086,0,0
18135.452377430,0,1
18135.454790698,0,0
18136.462391884,0,1
18136.464805150,0,0
18137.472406374,0,1
18137.474819390,0,0
18138.482420874,0,1
18138.484833892,0,0
18139.492435336,0,1
18139.494848354,0,0
18140.502449704,0,1
18140.503719460,1,1
18140.506351212,0,1
18140.506387220,0,0
18141.512464234,0,1
18141.514877502,0,0
18142.522478748,0,1
18142.524892014,0,0
18143.532493172,0,1
18143.534906188,0,0
18144.542507720,0,1
18144.544920738,0,0
18145.552522066,0,1
18145.554935334,0,0
18146.562536546,0,1
18146.564949812,0,0
18147.572550996,0,1
18147.574964264,0,0
18148.582565480,0,1
18148.584978496,0,0
18149.592579912,0,1
18149.594992928,0,0
18150.602594312,0,1
18150.603863942,1,1
18150.606495694,0,1
18150.606531578,0,0
18151.612608768,0,1
18151.615022036,0,0
18152.622623206,0,1
18152.625036472,0,0
18153.632637746,0,1
18153.635050762,0,0
18154.642652144,0,1
18154.645065160,0,0
18155.652666580,0,1
18155.655079846,0,0
18156.662681070,0,1
18156.665094338,0,0
18157.672695512,0,1
18157.675108780,0,0
18158.682709978,0,1
18158.685122994,0,0
18159.692724448,0,1
18159.695137716,0,0
18160.702738874,0,1
18160.704008482,1,1
18160.706640276,0,1
18160.706676138,0,0
18161.712753242,0,1
18161.715166508,0,0
18162.722767756,0,1
18162.725181022,0,0
18163.732782264,0,1
18163.735195280,0,0
18164.742796664,0,1
18164.745209680,0,0
18165.752811118,0,1
18165.755224386,0,0
18166.762825582,0,1
18166.765238848,0,0
18167.772840016,0,1
18167.775253032,0,0
18168.782854492,0,1
18168.785267508,0,0
18169.792868948,0,1
18169.795281964,0,0
18170.802883398,0,1
18170.804153048,1,1
18170.806784936,0,1
18170.806820664,0,0
18171.812897792,0,1
18171.815311058,0,0
18172.822912276,0,1
18172.825325544,0,0
18173.832926730,0,1
18173.835339746,0,0
18174.842941198,0,1
18174.845354214,0,0
18175.852955600,0,1
18175.855368866,0,0
18176.862970078,0,1
18176.865383344,0,0
18177.872984512,0,1
18177.875397528,0,0
18178.882998964,0,1
18178.885411980,0,0
18179.893013442,0,1
18179.894283064,1,1
18179.896914840,0,1
18179.896950706,0,0
18180.903027782,0,1
18180.905441050,0,0
18181.913042302,0,1
18181.915455568,0,0
18182.923056778,0,1
18182.925469794,0,0
18183.933071198,0,1
18183.935484216,0,0
18184.943085572,0,1
18184.945498838,0,0
18185.953100102,0,1
18185.955513368,0,0
18186.963114552,0,1
18186.965527570,0,0
18187.973129016,0,1
18187.975542032,0,0
18188.983143452,0,1
18188.985556718,0,0
18189.993157890,0,1
18189.994427714,1,1
18189.997059360,0,1
18189.997095406,0,0
18191.003172560,0,1
18191.005585828,0,0
18192.013186974,0,1
18192.015600240,0,0
18193.023201466,0,1
18193.025614482,0,0
18194.033215962,0,1
18194.035628978,0,0
18195.043230424,0,1
18195.045643442,0,0
18196.053244872,0,1
18196.055658138,0,0
18197.063259282,0,1
18197.065672548,0,0
18198.073273726,0,1
18198.075686742,0,0
18199.083288252,0,1
18199.085701268,0,0
18200.093302678,0,1
18200.094572224,1,1
18200.097204088,0,1
18200.097239944,0,0
18201.103317088,0,1
18201.105730354,0,0
18202.113331598,0,1
18202.115744864,0,0
18203.123346036,0,1
18203.125759052,0,0
18204.133360544,0,1
18204.135773560,0,0
18205.143374940,0,1
18205.145788206,0,0
18206.153389420,0,1
18206.155802686,0,0
18207.163403890,0,1
18207.165817156,0,0
18208.173418324,0,1
18208.175831340,0,0
18209.183432818,0,1
18209.185845834,0,0
18210.193447182,0,1
18210.194716736,1,1
18210.197348804,0,1
18210.197384448,0,0
18211.203461606,0,1
18211.205874872,0,0
18212.213476100,0,1
18212.215889366,0,0
18213.223490522,0,1
18213.225903540,0,0
18214.233504982,0,1
18214.235917998,0,0
18215.243519412,0,1
18215.245932678,0,0
18216.253533882,0,1
18216.255947150,0,0
18217.263548352,0,1
18217.265961618,0,0
18218.273562856,0,1
18218.275975872,0,0
18219.283577308,0,1
18219.285990324,0,0
18220.293591712,0,1
18220.294861390,1,1
18220.297493176,0,1
18220.297528978,0,0
18221.303606224,0,1
18221.306019490,0,0
18222.313620696,0,1
18222.316033962,0,0
18223.323635180,0,1
18223.326048198,0,0
18224.333649660,0,1
18224.336062676,0,0
18225.343664036,0,1
18225.346077302,0,0
18226.353678526,0,1
18226.356091792,0,0
18227.363692960,0,1
18227.366106226,0,0
18228.373707430,0,1
18228.376120448,0,0
18229.383721938,0,1
18229.386134954,0,0
18230.393736308,0,1
18230.395005878,1,1
18230.397637628,0,1
18230.397673574,0,0
18231.403750716,0,1
18231.406163984,0,0
18232.413765228,0,1
18232.416178244,0,0
18233.423779648,0,1
18233.426192664,0,0
18234.433794062,0,1
18234.436207330,0,0
18235.443808554,0,1
18235.446221822,0,0
18236.453822998,0,1
18236.456236016,0,0
18237.463837484,0,1
18237.466250502,0,0
18238.473851946,0,1
18238.476264962,0,0
18239.483866312,0,1
18239.486279578,0,0
18240.493880858,0,1
18240.495150444,1,1
18240.497782234,0,1
18240.497818124,0,0
18241.503895236,0,1
18241.506308502,0,0
18242.513909680,0,1
18242.516322946,0,0
18243.523924178,0,1
18243.526337196,0,0
18244.533938652,0,1
18244.536351670,0,0
18245.543953012,0,1
18245.546366280,0,0
18246.553967464,0,1
18246.556380730,0,0
18247.563981966,0,1
18247.566395232,0,0
18248.573996410,0,1
18248.576409426,0,0
18249.584010926,0,1
18249.586423942,0,0
18250.594025358,0,1
18250.595294938,1,1
18250.597926808,0,1
18250.597962622,0,0
18251.604039770,0,1
18251.606453036,0,0
18252.614054202,0,1
18252.616467470,0,0
18253.624068628,0,1
18253.626481644,0,0
18254.634083080,0,1
18254.636496098,0,0
18255.644097558,0,1
18255.646510824,0,0
18256.654111948,0,1
18256.656525216,0,0
18257.664126512,0,1
18257.666539780,0,0
18258.674140966,0,1
18258.676553984,0,0
18259.684155374,0,1
18259.686568392,0,0
18260.694169778,0,1
18260.695439464,1,1
18260.698071654,0,1
18260.698107044,0,0
18261.704184348,0,1
18261.706597614,0,0
18262.714198802,0,1
18262.716612068,0,0
18263.724213254,0,1
18263.726626272,0,0
18264.734227756,0,1
18264.736640772,0,0
18265.744242192,0,1
18265.746655208,0,0
18266.754256586,0,1
18266.756669854,0,0
18267.764271024,0,1
18267.766684290,0,0
18268.774285540,0,1
18268.776698806,0,0
18269.784300012,0,1
18269.786713028,0,0
18270.794314488,0,1
18270.795584032,1,1
18270.798215876,0,1
18270.798251754,0,0
18271.804328694,0,1
18271.806741960,0,0
18272.814343212,0,1
18272.816756228,0,0
18273.824357638,0,1
18273.826770654,0,0
18274.834372156,0,1
18274.836785174,0,0
18275.844386520,0,1
18275.846799786,0,0
18276.854400996,0,1
18276.856814264,0,0
18277.864415484,0,1
18277.866828502,0,0
18278.874429968,0,1
18278.876842984,0,0
18279.884444358,0,1
18279.886857624,0,0
18280.894458842,0,1
18280.895728542,1,1
18280.898360552,0,1
18280.898396358,0,0
18281.904473376,0,1
18281.906886642,0,0
18282.914487810,0,1
18282.916901076,0,0
18283.924502274,0,1
18283.926915292,0,0
18284.934516768,0,1
18284.936929784,0,0
18285.944531138,0,1
18285.946944404,0,0
18286.954545632,0,1
18286.956958898,0,0
18287.964560080,0,1
18287.966973096,0,0
18288.974574558,0,1
18288.976987576,0,0
18289.984588944,0,1
18289.985858654,1,1
18289.988490708,0,1
18289.988526460,0,0
18290.994603470,0,1
18290.997016738,0,0
18292.004617938,0,1
18292.007031204,0,0
18293.014632422,0,1
18293.017045440,0,0
18294.024646828,0,1
18294.027059846,0,0
18295.034661258,0,1
18295.037074526,0,0
18296.044675772,0,1
18296.047089038,0,0
18297.054690208,0,1
18297.057103474,0,0
18298.064704702,0,1
18298.067117718,0,0
18299.074719142,0,1
18299.077132158,0,0
18300.084733556,0,1
18300.086003094,1,1
18300.088634852,0,1
18300.088670822,0,0
18301.094747998,0,1
18301.097161264,0,0
18302.104762420,0,1
18302.107175686,0,0
18303.114776902,0,1
18303.117189918,0,0
18304.124791308,0,1
18304.127204574,0,0
18305.134805796,0,1
18305.137219062,0,0
18306.144820272,0,1
18306.147233288,0,0
18307.154834760,0,1
18307.157247776,0,0
18308.164849104,0,1
18308.167262370,0,0
18309.174863618,0,1
18309.177276886,0,0
18310.184878056,0,1
18310.186147706,1,1
18310.188779098,0,1
18310.188815322,0,0
18311.194892458,0,1
18311.197305726,0,0
18312.204906932,0,1
18312.207320198,0,0
18313.214921372,0,1
18313.217334388,0,0
18314.224935866,0,1
18314.227348882,0,0
18315.234950222,0,1
18315.237363490,0,0
18316.244964688,0,1
18316.247377954,0,0
18317.254979148,0,1
18317.257392164,0,0
18318.264993682,0,1
18318.267406698,0,0
18319.275008084,0,1
18319.277421350,0,0
18320.285022534,0,1
18320.286292158,1,1
18320.288923798,0,1
18320.288959800,0,0
18321.295036936,0,1
18321.297450202,0,0
18322.305051354,0,1
18322.307464620,0,0
18323.315065844,0,1
18323.317478862,0,0
18324.325080332,0,1
18324.327493348,0,0
18325.335094736,0,1
18325.337508002,0,0
18326.345109180,0,1
18326.347522444,0,0
18327.355123642,0,1
18327.357536658,0,0
18328.365138106,0,1
18328.367551122,0,0
18329.375152576,0,1
18329.377565842,0,0
18330.385167020,0,1
18330.386436726,1,1
18330.389068866,0,1
18330.389104534,0,0
18331.395181504,0,1
18331.397594770,0,0
18332.405196018,0,1
18332.407609284,0,0
18333.415210500,0,1
18333.417623516,0,0
18334.425224968,0,1
18334.427637984,0,0
18335.435239342,0,1
18335.437652608,0,0
18336.445253778,0,1
18336.447667044,0,0
18337.455268280,0,1
18337.457681546,0,0
18338.465282786,0,1
18338.467695804,0,0
18339.475297166,0,1
18339.477710184,0,0
18340.485311554,0,1
18340.486581272,1,1
18340.489212822,0,1
18340.489249068,0,0
18341.495326140,0,1
18341.497739408,0,0
18342.505340612,0,1
18342.507753878,0,0
18343.515355048,0,1
18343.517768064,0,0
18344.525369518,0,1
18344.527782534,0,0
18345.535383912,0,1
18345.537797178,0,0
18346.545398386,0,1
18346.547811652,0,0
18347.555412878,0,1
18347.557826144,0,0
18348.565427318,0,1
18348.567840336,0,0
18349.575441758,0,1
18349.577854774,0,0
18350.585456216,0,1
18350.586725700,1,1
18350.589357836,0,1
18350.589393482,0,0
18351.595470438,0,1
18351.597883706,0,0
18352.605484952,0,1
18352.607898220,0,0
18353.615499416,0,1
18353.617912434,0,0
18354.625513882,0,1
18354.627926898,0,0
18355.635528264,0,1
18355.637941530,0,0
18356.645542708,0,1
18356.647955974,0,0
18357.655557190,0,1
18357.657970208,0,0
18358.665571690,0,1
18358.667984706,0,0
18359.675586120,0,1
18359.677999136,0,0
18360.685600548,0,1
18360.686870316,1,1
18360.689502580,0,1
18360.689537814,0,0
18361.695615074,0,1
18361.698028342,0,0
18362.705629538,0,1
18362.708042804,0,0
18363.715644028,0,1
18363.718057044,0,0
18364.725658442,0,1
18364.728071460,0,0
18365.735672858,0,1
18365.738086124,0,0
18366.745687346,0,1
18366.748100612,0,0
18367.755701742,0,1
18367.758114758,0,0
18368.765716240,0,1
18368.768129256,0,0
18369.775730686,0,1
18369.778143704,0,0
18370.785745134,0,1
18370.787014790,1,1
18370.789646538,0,1
18370.789682400,0,0
18371.795759544,0,1
18371.798172810,0,0
18372.805773996,0,1
18372.808187262,0,0
18373.815788440,0,1
18373.818201456,0,0
18374.825802888,0,1
18374.828215904,0,0
18375.835817320,0,1
18375.838230588,0,0
18376.845831802,0,1
18376.848244818,0,0
18377.855846222,0,1
18377.858259238,0,0
18378.865860652,0,1
18378.868273920,0,0
18379.875875086,0,1
18379.878288352,0,0
18380.885889574,0,1
18380.887159300,1,1
18380.889791104,0,1
18380.889827090,0,0
18381.895904132,0,1
18381.898317400,0,0
18382.905918600,0,1
18382.908331868,0,0
18383.915933052,0,1
18383.918346068,0,0
18384.925947490,0,1
18384.928360508,0,0
18385.935961886,0,1
18385.938375154,0,0
18386.945976354,0,1
18386.948389620,0,0
18387.955990834,0,1
18387.958403852,0,0
18388.966005282,0,1
18388.968418300,0,0
18389.976019782,0,1
18389.977289332,1,1
18389.979921654,0,1
18389.979957048,0,0
18390.986034128,0,1
18390.988447396,0,0
18391.996048648,0,1
18391.998461914,0,0
18393.006063088,0,1
18393.008476104,0,0
18394.016077532,0,1
18394.018490550,0,0
18395.026091962,0,1
18395.028505228,0,0
18396.036106400,0,1
18396.038519666,0,0
18397.046120846,0,1
18397.048534112,0,0
18398.056135292,0,1
18398.058548310,0,0
18399.066149768,0,1
18399.068562784,0,0
18400.076164214,0,1
18400.077433774,1,1
18400.080065660,0,1
18400.080101478,0,0
18401.086178604,0,1
18401.088591872,0,0
18402.096193030,0,1
18402.098606298,0,0
18403.106207498,0,1
18403.108620516,0,0
18404.116221984,0,1
18404.118635000,0,0
18405.126236396,0,1
18405.128649664,0,0
18406.136250840,0,1
18406.138664108,0,0
18407.146265278,0,1
18407.148678546,0,0
18408.156279744,0,1
18408.158692762,0,0
18409.166294218,0,1
18409.168707234,0,0
18410.176308650,0,1
18410.177578348,1,1
18410.180210078,0,1
18410.180246166,0,0
18411.186323142,0,1
18411.188736410,0,0
18412.196337646,0,1
18412.198750912,0,0
18413.206352132,0,1
18413.208765148,0,0
18414.216366536,0,1
18414.218779554,0,0
18415.226380964,0,1
18415.228794230,0,0
18416.236395414,0,1
18416.238808682,0,0
18417.246409876,0,1
18417.248823142,0,0
18418.256424344,0,1
18418.258837360,0,0
18419.266438778,0,1
18419.268851796,0,0
18420.276453198,0,1
18420.277722786,1,1
18420.280355062,0,1
18420.280390464,0,0
18421.286467594,0,1
18421.288880860,0,0
18422.296482070,0,1
18422.298895336,0,0
18423.306496530,0,1
18423.308909548,0,0
18424.316510944,0,1
18424.318923962,0,0
18425.326525340,0,1
18425.328938606,0,0
18426.336539852,0,1
18426.338953120,0,0
18427.346554264,0,1
18427.348967280,0,0
18428.356568780,0,1
18428.358981798,0,0
18429.366583152,0,1
18429.368996420,0,0
18430.376597618,0,1
18430.377867254,1,1
18430.380499180,0,1
18430.380534884,0,0
18431.386612008,0,1
18431.389025274,0,0
18432.396626458,0,1
18432.399039724,0,0
18433.406640952,0,1
18433.409053968,0,0
18434.416655416,0,1
18434.419068432,0,0
18435.426669772,0,1
18435.429083040,0,0
18436.436684272,0,1
18436.439097538,0,0
18437.446698758,0,1
18437.449112024,0,0
18438.456713180,0,1
18438.459126196,0,0
18439.466727650,0,1
18439.469140666,0,0
18440.476742042,0,1
18440.478011744,1,1
18440.480643386,0,1
18440.480679558,0,0
18441.486756610,0,1
18441.489169876,0,0
18442.496771032,0,1
18442.499184298,0,0
18443.506785524,0,1
18443.509198540,0,0
18444.516799996,0,1
18444.519213014,0,0
18445.526814340,0,1
18445.529227606,0,0
18446.536828786,0,1
18446.539242052,0,0
18447.546843258,0,1
18447.549256524,0,0
18448.556857748,0,1
18448.559270764,0,0
18449.566872160,0,1
18449.569285428,0,0
18450.576886648,0,1
18450.578156258,1,1
18450.580788182,0,1
18450.580823914,0,0
18451.586901040,0,1
18451.589314306,0,0
18452.596915468,0,1
18452.599328734,0,0
18453.606929950,0,1
18453.609342968,0,0
18454.616944422,0,1
18454.619357440,0,0
18455.626958812,0,1
18455.629372078,0,0
18456.636973274,0,1
18456.639386540,0,0
18457.646987716,0,1
18457.649400982,0,0
18458.657002168,0,1
18458.659415184,0,0
18459.667016664,0,1
18459.669429680,0,0
18460.677031062,0,1
18460.678300744,1,1
18460.680932504,0,1
18460.680968328,0,0
18461.687045594,0,1
18461.689458860,0,0
18462.697060054,0,1
18462.699473320,0,0
18463.707074480,0,1
18463.709487496,0,0
18464.717088980,0,1
18464.719501998,0,0
18465.727103364,0,1
18465.729516632,0,0
18466.737117806,0,1
18466.739531072,0,0
18467.747132238,0,1
18467.749545504,0,0
18468.757146770,0,1
18468.759559786,0,0
18469.767161200,0,1
18469.769574216,0,0
18470.777175570,0,1
18470.778445136,1,1
18470.781076640,0,1
18470.781112836,0,0
18471.787189998,0,1
18471.789603264,0,0
18472.797204400,0,1
18472.799617666,0,0
18473.807218910,0,1
18473.809631926,0,0
18474.817233356,0,1
18474.819646372,0,0
18475.827247810,0,1
18475.829661078,0,0
18476.837262234,0,1
18476.839675500,0,0
18477.847276708,0,1
18477.849689724,0,0
18478.857291148,0,1
18478.859704164,0,0
18479.867305610,0,1
18479.869718626,0,0
18480.877319984,0,1
18480.878589654,1,1
18480.881221096,0,1
18480.881257250,0,0
18481.887334536,0,1
18481.889747802,0,0
18482.897349054,0,1
18482.899762322,0,0
18483.907363470,0,1
18483.909776486,0,0
18484.917377952,0,1
18484.919790968,0,0
18485.927392384,0,1
18485.929805402,0,0
18486.937406776,0,1
18486.939820042,0,0
18487.947421270,0,1
18487.949834536,0,0
18488.957435728,0,1
18488.959848744,0,0
18489.967450176,0,1
18489.968719672,1,1
18489.971351098,0,1
18489.971387440,0,0
18490.977464456,0,1
18490.979877722,0,0
18491.987478900,0,1
18491.989892168,0,0
18492.997493360,0,1
18492.999906376,0,0
18494.007507824,0,1
18494.009920840,0,0
18495.017522210,0,1
18495.019935478,0,0
18496.027536660,0,1
18496.029949926,0,0
18497.037551194,0,1
18497.039964210,0,0
18498.047565622,0,1
18498.049978638,0,0
18499.057580014,0,1
18499.059993282,0,0
18500.067594486,0,1
18500.068864192,1,1
18500.071495942,0,1
18500.071532002,0,0
18501.077608986,0,1
18501.080022252,0,0
18502.087623490,0,1
18502.090036756,0,0
18503.097637916,0,1
18503.100050932,0,0
18504.107652374,0,1
18504.110065390,0,0
18505.117666812,0,1
18505.120080078,0,0
18506.127681228,0,1
18506.130094494,0,0
18507.137695700,0,1
18507.140108966,0,0
18508.147710170,0,1
18508.150123186,0,0
18509.157724656,0,1
18509.160137672,0,0
18510.167739070,0,1
18510.169008628,1,1
18510.171640268,0,1
18510.171676336,0,0
18511.177753448,0,1
18511.180166714,0,0
18512.187767872,0,1
18512.190181140,0,0
18513.197782336,0,1
18513.200195352,0,0
18514.207796800,0,1
18514.210209816,0,0
18515.217811202,0,1
18515.220224468,0,0
18516.227825680,0,1
18516.230238946,0,0
18517.237840104,0,1
18517.240253370,0,0
18518.247854618,0,1
18518.250267634,0,0
18519.257869018,0,1
18519.260282034,0,0
18520.267883472,0,1
18520.269153078,1,1
18520.271784742,0,1
18520.271820738,0,0
18521.277897872,0,1
18521.280311138,0,0
18522.287912338,0,1
18522.290325354,0,0
18523.297926796,0,1
18523.300339812,0,0
18524.307941204,0,1
18524.310354470,0,0
18525.317955628,0,1
18525.320368894,0,0
18526.327970098,0,1
18526.330383114,0,0
18527.337984608,0,1
18527.340397624,0,0
18528.347999016,0,1
18528.350412282,0,0
18529.358013398,0,1
18529.360426666,0,0
18530.368027862,0,1
18530.369297520,1,1
18530.371929326,0,1
18530.371965128,0,0
18531.378042294,0,1
18531.380455560,0,0
18532.388056744,0,1
18532.390470010,0,0
18533.398071176,0,1
18533.400484192,0,0
18534.408085644,0,1
18534.410498660,0,0
18535.418100062,0,1
18535.420513328,0,0
18536.428114530,0,1
18536.430527796,0,0
18537.438129024,0,1
18537.440542040,0,0
18538.448143474,0,1
18538.450556490,0,0
18539.458157840,0,1
18539.460571106,0,0
18540.468172300,0,1
18540.469441958,1,1
18540.472073738,0,1
18540.472109566,0,0
18541.478186708,0,1
18541.480599974,0,0
18542.488201120,0,1
18542.490614136,0,0
18543.498215618,0,1
18543.500628634,0,0
18544.508230032,0,1
18544.510643298,0,0
18545.518244504,0,1
18545.520657770,0,0
18546.528258962,0,1
18546.530671978,0,0
18547.538273418,0,1
18547.540686434,0,0
18548.548287800,0,1
18548.550701068,0,0
18549.558302244,0,1
18549.560715510,0,0
18550.568316726,0,1
18550.569586454,1,1
18550.572218084,0,1
18550.572253992,0,0
18551.578331290,0,1
18551.580744558,0,0
18552.588345706,0,1
18552.590758972,0,0
18553.598360152,0,1
18553.600773168,0,0
18554.608374668,0,1
18554.610787684,0,0
18555.618389034,0,1
18555.620802300,0,0
18556.628403500,0,1
18556.630816766,0,0
18557.638417952,0,1
18557.640830968,0,0
18558.648432404,0,1
18558.650845420,0,0
18559.658446776,0,1
18559.660860042,0,0
18560.668461274,0,1
18560.669730876,1,1
18560.672362566,0,1
18560.672398540,0,0
18561.678475654,0,1
18561.680888922,0,0
18562.688490102,0,1
18562.690903118,0,0
18563.698504620,0,1
18563.700917636,0,0
18564.708518944,0,1
18564.710932210,0,0
18565.718533448,0,1
18565.720946716,0,0
18566.728547870,0,1
18566.730960888,0,0
18567.738562368,0,1
18567.740975384,0,0
18568.748576726,0,1
18568.750989992,0,0
18569.758591202,0,1
18569.761004470,0,0
18570.768605652,0,1
18570.769875310,1,1
18570.772507150,0,1
18570.772542918,0,0
18571.778620110,0,1
18571.781033376,0,0
18572.788634514,0,1
18572.791047780,0,0
18573.798648998,0,1
18573.801062016,0,0
18574.808663456,0,1
18574.811076472,0,0
18575.818677872,0,1
18575.821091138,0,0
18576.828692300,0,1
18576.831105566,0,0
18577.838706768,0,1
18577.841119786,0,0
18578.848721188,0,1
18578.851134206,0,0
18579.858735654,0,1
18579.861148922,0,0
18580.868750082,0,1
18580.870019786,1,1
18580.872651516,0,1
18580.872687596,0,0
18581.878764622,0,1
18581.881177888,0,0
18582.888779122,0,1
18582.891192388,0,0
18583.898793564,0,1
18583.901206580,0,0
18584.908808008,0,1
18584.911221024,0,0
18585.918822428,0,1
18585.921235696,0,0
18586.928836858,0,1
18586.931250126,0,0
18587.938851308,0,1
18587.941264324,0,0
18588.948865774,0,1
18588.951278790,0,0
18589.958880160,0,1
18589.960149770,1,1
18589.962781528,0,1
18589.962817426,0,0
18590.968894556,0,1
18590.971307822,0,0
18591.978908984,0,1
18591.981322000,0,0
18592.988923496,0,1
18592.991336512,0,0
18593.998937920,0,1
18594.001350936,0,0
18595.008952366,0,1
18595.011365384,0,0
18596.018966824,0,1
18596.021379842,0,0
18597.028981268,0,1
18597.031394284,0,0
18598.038995706,0,1
18598.041408972,0,0
18599.049010114,0,1
18599.051423130,0,0
18600.059024576,0,1
18600.060294288,1,1
18600.062926090,0,1
18600.062961842,0,0
18601.069039122,0,1
18601.071452390,0,0
18602.079053614,0,1
18602.081466880,0,0
18603.089068030,0,1
18603.091481046,0,0
18604.099082520,0,1
18604.101495536,0,0
18605.109096880,0,1
18605.111510148,0,0
18606.119111322,0,1
18606.121524588,0,0
18607.129125794,0,1
18607.131538810,0,0
18608.139140288,0,1
18608.141553306,0,0
18609.149154740,0,1
18609.151567758,0,0
18610.159169092,0,1
18610.160438682,1,1
18610.163070344,0,1
18610.163106358,0,0
18611.169183490,0,1
18611.171596756,0,0
18612.179197998,0,1
18612.181611264,0,0
18613.189212440,0,1
18613.191625458,0,0
18614.199226872,0,1
18614.201639890,0,0
18615.209241280,0,1
18615.211654548,0,0
18616.219255730,0,1
18616.221668996,0,0
18617.229270234,0,1
18617.231683250,0,0
18618.239284644,0,1
18618.241697660,0,0
18619.249299128,0,1
18619.251712146,0,0
18620.259313544,0,1
18620.260583152,1,1
18620.263214722,0,1
18620.263250810,0,0
18621.269327930,0,1
18621.271741196,0,0
18622.279342406,0,1
18622.281755672,0,0
18623.289356826,0,1
18623.291769844,0,0
18624.299371338,0,1
18624.301784356,0,0
18625.309385686,0,1
18625.311798952,0,0
18626.319400132,0,1
18626.321813398,0,0
18627.329414604,0,1
18627.331827620,0,0
18628.339429072,0,1
18628.341842088,0,0
18629.349443544,0,1
18629.351856560,0,0
18630.359457938,0,1
18630.360727618,1,1
18630.363359592,0,1
18630.363395204,0,0
18631.369472468,0,1
18631.371885734,0,0
18632.379486896,0,1
18632.381900162,0,0
18633.389501372,0,1
18633.391914388,0,0
18634.399515800,0,1
18634.401928816,0,0
18635.409530170,0,1
18635.411943436,0,0
18636.419544702,0,1
18636.421957968,0,0
18637.429559154,0,1
18637.431972170,0,0
18638.439573574,0,1
18638.441986590,0,0
18639.449588020,0,1
18639.452001038,0,0
18640.459602472,0,1
18640.460871988,1,1
18640.463503706,0,1
18640.463539488,0,0
18641.469616726,0,1
18641.472029992,0,0
18642.479631128,0,1
18642.482044394,0,0
18643.489645594,0,1
18643.492058610,0,0
18644.499660082,0,1
18644.502073098,0,0
18645.509674464,0,1
18645.512087730,0,0
18646.519688916,0,1
18646.522102182,0,0
18647.529703424,0,1
18647.532116440,0,0
18648.539717872,0,1
18648.542130890,0,0
18649.549732264,0,1
18649.552145532,0,0
18650.559746740,0,1
18650.561016522,1,1
18650.563648160,0,1
18650.563684256,0,0
18651.569761188,0,1
18651.572174454,0,0
18652.579775702,0,1
18652.582188968,0,0
18653.589790158,0,1
18653.592203174,0,0
18654.599804592,0,1
18654.602217610,0,0
18655.609819030,0,1
18655.612232296,0,0
18656.619833452,0,1
18656.622246718,0,0
18657.629847936,0,1
18657.632260952,0,0
18658.639862392,0,1
18658.642275408,0,0
18659.649876800,0,1
18659.652289816,0,0
18660.659891214,0,1
18660.661160944,1,1
18660.663792654,0,1
18660.663828730,0,0
18661.669905728,0,1
18661.672318994,0,0
18662.679920192,0,1
18662.682333458,0,0
18663.689934640,0,1
18663.692347656,0,0
18664.699949146,0,1
18664.702362164,0,0
18665.709963482,0,1
18665.712376748,0,0
18666.719977940,0,1
18666.722391206,0,0
18667.729992452,0,1
18667.732405470,0,0
18668.740006828,0,1
18668.742420094,0,0
18669.750021306,0,1
18669.752434574,0,0
18670.760035744,0,1
18670.761305406,1,1
18670.763936986,0,1
18670.763973010,0,0
18671.770050178,0,1
18671.772463444,0,0
18672.780064592,0,1
18672.782477858,0,0
18673.790079072,0,1
18673.792492088,0,0
18674.800093488,0,1
18674.802506504,0,0
18675.810107944,0,1
18675.812521210,0,0
18676.820122342,0,1
18676.822535608,0,0
18677.830136802,0,1
18677.832549818,0,0
18678.840151300,0,1
18678.842564316,0,0
18679.850165740,0,1
18679.852578756,0,0
18680.860180118,0,1
18680.861449810,1,1
18680.864082114,0,1
18680.864117384,0,0
18681.870194684,0,1
18681.872607948,0,0
18682.880209084,0,1
18682.882622350,0,0
18683.890223540,0,1
18683.892636556,0,0
18684.900238022,0,1
18684.902651040,0,0
18685.910252394,0,1
18685.912665660,0,0
18686.920266932,0,1
18686.922680198,0,0
18687.930281290,0,1
18687.932694306,0,0
18688.940295810,0,1
18688.942708826,0,0
18689.950310214,0,1
18689.951579742,1,1
18689.954211144,0,1
18689.954247480,0,0
18690.960324514,0,1
18690.962737782,0,0
18691.970338980,0,1
18691.972752246,0,0
18692.980353396,0,1
18692.982766414,0,0
18693.990367892,0,1
18693.992780910,0,0
18695.000382324,0,1
18695.002795592,0,0
18696.010396712,0,1
18696.012809978,0,0
18697.020411226,0,1
18697.022824242,0,0
18698.030425622,0,1
18698.032838640,0,0
18699.040440024,0,1
18699.042853290,0,0
18700.050454522,0,1
18700.051724224,1,1
18700.054355816,0,1
18700.054392038,0,0
18701.060468992,0,1
18701.062882258,0,0
18702.070483486,0,1
18702.072896752,0,0
18703.080497958,0,1
18703.082910974,0,0
18704.090512424,0,1
18704.092925440,0,0
18705.100526766,0,1
18705.102940032,0,0
18706.110541220,0,1
18706.112954486,0,0
18707.120555700,0,1
18707.122968966,0,0
18708.130570190,0,1
18708.132983208,0,0
18709.140584618,0,1
18709.142997634,0,0
18710.150599034,0,1
18710.151868564,1,1
18710.154500348,0,1
18710.154536300,0,0
18711.160613292,0,1
18711.163026558,0,0
18712.170627756,0,1
18712.173040772,0,0
18713.180642216,0,1
18713.183055232,0,0
18714.190656600,0,1
18714.193069866,0,0
18715.200671074,0,1
18715.203084342,0,0
18716.210685522,0,1
18716.213098538,0,0
18717.220699958,0,1
18717.223112976,0,0
18718.230714340,0,1
18718.233127606,0,0
18719.240728826,0,1
18719.243142094,0,0
18720.250743248,0,1
18720.252013078,1,1
18720.254645030,0,1
18720.254680764,0,0
18721.260757880,0,1
18721.263171146,0,0
18722.270772340,0,1
18722.273185608,0,0
18723.280786840,0,1
18723.283199856,0,0
18724.290801262,0,1
18724.293214278,0,0
18725.300815780,0,1
18725.303228796,0,0
18726.310830120,0,1
18726.313243386,0,0
18727.320844586,0,1
18727.323257852,0,0
18728.330859082,0,1
18728.333272348,0,0
18729.340873546,0,1
18729.343286562,0,0
18730.350887966,0,1
18730.352157484,1,1
18730.354789490,0,1
18730.354825230,0,0
18731.360902260,0,1
18731.363315526,0,0
18732.370916684,0,1
18732.373329950,0,0
18733.380931184,0,1
18733.383344200,0,0
18734.390945584,0,1
18734.393358602,0,0
18735.400959978,0,1
18735.403373244,0,0
18736.410974444,0,1
18736.413387710,0,0
18737.420988904,0,1
18737.423401922,0,0
18738.431003374,0,1
18738.433416392,0,0
18739.441017826,0,1
18739.443430842,0,0
18740.451032212,0,1
18740.452301860,1,1
18740.454933416,0,1
18740.454969478,0,0
18741.461046682,0,1
18741.463459948,0,0
18742.471061116,0,1
18742.473474382,0,0
18743.481075554,0,1
18743.483488570,0,0
18744.491090018,0,1
18744.493503034,0,0
18745.501104416,0,1
18745.503517682,0,0
18746.511118878,0,1
18746.513532144,0,0
18747.521133266,0,1
18747.523546282,0,0
18748.531147722,0,1
18748.533560740,0,0
18749.541162120,0,1
18749.543575386,0,0
18750.551176640,0,1
18750.552446372,1,1
18750.555078728,0,1
18750.555114156,0,0
18751.561191096,0,1
18751.563604364,0,0
18752.571205554,0,1
18752.573618822,0,0
18753.581220068,0,1
18753.583633086,0,0
18754.591234530,0,1
18754.593647546,0,0
18755.601248900,0,1
18755.603662166,0,0
18756.611263310,0,1
18756.613676576,0,0
18757.621277796,0,1
18757.623690814,0,0
18758.631292244,0,1
18758.633705262,0,0
18759.641306706,0,1
18759.643719722,0,0
18760.651321082,0,1
18760.652590720,1,1
18760.655222512,0,1
18760.655258348,0,0
18761.661335492,0,1
18761.663748758,0,0
18762.671349922,0,1
18762.673763190,0,0
18763.681364444,0,1
18763.683777460,0,0
18764.691378854,0,1
18764.693791870,0,0
18765.701393274,0,1
18765.703806540,0,0
18766.711407710,0,1
18766.713820976,0,0
18767.721422164,0,1
18767.723835180,0,0
18768.731436598,0,1
18768.733849616,0,0
18769.741450986,0,1
18769.743864252,0,0
18770.751465448,0,1
18770.752735150,1,1
18770.755367506,0,1
18770.755402964,0,0
18771.761479934,0,1
18771.763893200,0,0
18772.771494448,0,1
18772.773907714,0,0
18773.781508882,0,1
18773.783921900,0,0
18774.791523334,0,1
18774.793936352,0,0
18775.801537828,0,1
18775.803950844,0,0
18776.811552150,0,1
18776.813965416,0,0
18777.821566642,0,1
18777.823979908,0,0
18778.831581074,0,1
18778.833994092,0,0
18779.841595548,0,1
18779.844008564,0,0
18780.851609930,0,1
18780.852879592,1,1
18780.855511896,0,1
18780.855547196,0,0
18781.861624452,0,1
18781.864037718,0,0
18782.871638900,0,1
18782.874052166,0,0
18783.881653380,0,1
18783.884066396,0,0
18784.891667812,0,1
18784.894080830,0,0
18785.901682330,0,1
18785.904095346,0,0
18786.911696678,0,1
18786.914109944,0,0
18787.921711198,0,1
18787.924124466,0,0
18788.931725580,0,1
18788.934138596,0,0
18789.941740046,0,1
18789.943009570,1,1
18789.945641204,0,1
18789.945677312,0,0
18790.951754368,0,1
18790.954167636,0,0
18791.961768776,0,1
18791.964182042,0,0
18792.971783254,0,1
18792.974196270,0,0
18793.981797676,0,1
18793.984210692,0,0
18794.991812102,0,1
18794.994225118,0,0
18796.001826542,0,1
18796.004239808,0,0
18797.011840974,0,1
18797.014254240,0,0
18798.021855426,0,1
18798.024268444,0,0
18799.031869916,0,1
18799.034282932,0,0
18800.041884320,0,1
18800.043154014,1,1
18800.045785678,0,1
18800.045821836,0,0
18801.051898854,0,1
18801.054312120,0,0
18802.061913318,0,1
18802.064326584,0,0
18803.071927742,0,1
18803.074340758,0,0
18804.081942254,0,1
18804.084355270,0,0
18805.091956630,0,1
18805.094369896,0,0
18806.101971062,0,1
18806.104384328,0,0
18807.111985528,0,1
18807.114398794,0,0
18808.121999968,0,1
18808.124412984,0,0
18809.132014448,0,1
18809.134427464,0,0
18810.142028804,0,1
18810.143298426,1,1
18810.145930922,0,1
18810.145966070,0,0
18811.152043212,0,1
18811.154456478,0,0
18812.162057698,0,1
18812.164470964,0,0
18813.172072138,0,1
18813.174485154,0,0
18814.182086546,0,1
18814.184499812,0,0
18815.192100964,0,1
18815.194514232,0,0
18816.202115454,0,1
18816.204528720,0,0
18817.212129868,0,1
18817.214542886,0,0
18818.222144336,0,1
18818.224557352,0,0
18819.232158738,0,1
18819.234572004,0,0
18820.242173174,0,1
18820.243442842,1,1
18820.246074470,0,1
18820.246110440,0,0
18821.252187576,0,1
18821.254600842,0,0
18822.262202066,0,1
18822.264615332,0,0
18823.272216468,0,1
18823.274629484,0,0
18824.282230952,0,1
18824.284643968,0,0
18825.292245414,0,1
18825.294658430,0,0
18826.302259796,0,1
18826.304673062,0,0
18827.312274300,0,1
18827.314687566,0,0
18828.322288734,0,1
18828.324701752,0,0
18829.332303124,0,1
18829.334716140,0,0
18830.342317648,0,1
18830.343587216,1,1
18830.346218954,0,1
18830.346254914,0,0
18831.352331956,0,1
18831.354745222,0,0
18832.362346472,0,1
18832.364759738,0,0
18833.372360914,0,1
18833.374773930,0,0
18834.382375356,0,1
18834.384788374,0,0
18835.392389722,0,1
18835.394802988,0,0
18836.402404216,0,1
18836.404817482,0,0
18837.412418652,0,1
18837.414831918,0,0
18838.422433078,0,1
18838.424846094,0,0
18839.432447562,0,1
18839.434860578,0,0
18840.442461956,0,1
18840.443731706,1,1
18840.446363206,0,1
18840.446399470,0,0
18841.452476472,0,1
18841.454889738,0,0
18842.462490932,0,1
18842.464904200,0,0
18843.472505374,0,1
18843.474918390,0,0
18844.482519836,0,1
18844.484932852,0,0
18845.492534312,0,1
18845.494947328,0,0
18846.502548662,0,1
18846.504961928,0,0
18847.512563154,0,1
18847.514976420,0,0
18848.522577584,0,1
18848.524990850,0,0
18849.532592008,0,1
18849.535005024,0,0
18850.542606450,0,1
18850.543876076,1,1
18850.546507864,0,1
18850.546543716,0,0
18851.552620876,0,1
18851.555034144,0,0
18852.562635308,0,1
18852.565048574,0,0
18853.572649774,0,1
18853.575062790,0,0
18854.582664228,0,1
18854.585077244,0,0
18855.592678714,0,1
18855.595091730,0,0
18856.602693074,0,1
18856.605106342,0,0
18857.612707530,0,1
18857.615120796,0,0
18858.622721976,0,1
18858.625134992,0,0
18859.632736466,0,1
18859.635149484,0,0
18860.642750886,0,1
18860.644020502,1,1
18860.646651844,0,1
18860.646688150,0,0
18861.652765324,0,1
18861.655178592,0,0
18862.662779772,0,1
18862.665193038,0,0
18863.672794238,0,1
18863.675207254,0,0
18864.682808632,0,1
18864.685221650,0,0
18865.692823086,0,1
18865.695236352,0,0
18866.702837514,0,1
18866.705250780,0,0
18867.712851988,0,1
18867.715265254,0,0
18868.722866366,0,1
18868.725279384,0,0
18869.732880842,0,1
18869.735293858,0,0
18870.742895226,0,1
18870.744164922,1,1
18870.746797102,0,1
18870.746832492,0,0
18871.752909748,0,1
18871.755323014,0,0
18872.762924192,0,1
18872.765337458,0,0
18873.772938714,0,1
18873.775351730,0,0
18874.782953132,0,1
18874.785366150,0,0
18875.792967584,0,1
18875.795380600,0,0
18876.802981992,0,1
18876.805395008,0,0
18877.812996386,0,1
18877.815409654,0,0
18878.823010874,0,1
18878.825424140,0,0
18879.833025322,0,1
18879.835438340,0,0
18880.843039768,0,1
18880.844309298,1,1
18880.846940922,0,1
18880.846977034,0,0
18881.853054052,0,1
18881.855467320,0,0
18882.863068448,0,1
18882.865481716,0,0
18883.873082898,0,1
18883.875495914,0,0
18884.883097376,0,1
18884.885510392,0,0
18885.893111834,0,1
18885.895525100,0,0
18886.903126226,0,1
18886.905539242,0,0
18887.913140730,0,1
18887.915553746,0,0
18888.923155156,0,1
18888.925568172,0,0
18889.933169508,0,1
18889.934439270,1,1
18889.937070878,0,1
18889.937107024,0,0
18890.943184016,0,1
18890.945597282,0,0
18891.953198540,0,1
18891.955611808,0,0
18892.963212946,0,1
18892.965625962,0,0
18893.973227396,0,1
18893.975640412,0,0
18894.983241880,0,1
18894.985654896,0,0
18895.993256236,0,1
18895.995669502,0,0
18897.003270728,0,1
18897.005683994,0,0
18898.013285146,0,1
18898.015698164,0,0
18899.023299586,0,1
18899.025712604,0,0
18900.033314078,0,1
18900.034583658,1,1
18900.037215410,0,1
18900.037251342,0,0
18901.043328410,0,1
18901.045741678,0,0
18902.053342878,0,1
18902.055756144,0,0
18903.063357354,0,1
18903.065770370,0,0
18904.073371822,0,1
18904.075784840,0,0
18905.083386222,0,1
18905.085799238,0,0
18906.093400636,0,1
18906.095813902,0,0
18907.103415124,0,1
18907.105828390,0,0
18908.113429574,0,1
18908.115842840,0,0
18909.123444050,0,1
18909.125857066,0,0
18910.133458500,0,1
18910.134728122,1,1
18910.137360048,0,1
18910.137395764,0,0
18911.143472862,0,1
18911.145886128,0,0
18912.153487282,0,1
18912.155900548,0,0
18913.163501772,0,1
18913.165914788,0,0
18914.173516230,0,1
18914.175929246,0,0
18915.183530646,0,1
18915.185943664,0,0
18916.193545044,0,1
18916.195958310,0,0
18917.203559484,0,1
18917.205972752,0,0
18918.213573934,0,1
18918.215987200,0,0
18919.223588424,0,1
18919.226001440,0,0
18920.233602822,0,1
18920.234872464,1,1
18920.237504702,0,1
18920.237540088,0,0
18921.243617206,0,1
18921.246030472,0,0
18922.253631706,0,1
18922.256044972,0,0
18923.263646118,0,1
18923.266059134,0,0
18924.273660610,0,1
18924.276073626,0,0
18925.283675024,0,1
18925.286088040,0,0
18926.293689416,0,1
18926.296102684,0,0
18927.303703884,0,1
18927.306117152,0,0
18928.313718350,0,1
18928.316131366,0,0
18929.323732828,0,1
18929.326145844,0,0
18930.333747222,0,1
18930.335016896,1,1
18930.337648492,0,1
18930.337684488,0,0
18931.343761788,0,1
18931.346175056,0,0
18932.353776194,0,1
18932.356189462,0,0
18933.363790668,0,1
18933.366203686,0,0
18934.373805092,0,1
18934.376218108,0,0
18935.383819498,0,1
18935.386232514,0,0
18936.393834008,0,1
18936.396247024,0,0
18937.403848420,0,1
18937.406261686,0,0
18938.413862828,0,1
18938.416276096,0,0
18939.423877298,0,1
18939.426290314,0,0
18940.433891732,0,1
18940.435161266,1,1
18940.437793486,0,1
18940.437828998,0,0
18941.443906146,0,1
18941.446319412,0,0
18942.453920584,0,1
18942.456333850,0,0
18943.463935048,0,1
18943.466348066,0,0
18944.473949476,0,1
18944.476362494,0,0
18945.483963904,0,1
18945.486376920,0,0
18946.493978412,0,1
18946.496391430,0,0
18947.503992782,0,1
18947.506406048,0,0
18948.514007234,0,1
18948.516420500,0,0
18949.524021676,0,1
18949.526434692,0,0
18950.534036134,0,1
18950.535305666,1,1
18950.537937494,0,1
18950.537973398,0,0
18951.544050512,0,1
18951.546463778,0,0
18952.554064974,0,1
18952.556478242,0,0
18953.564079432,0,1
18953.566492448,0,0
18954.574093840,0,1
18954.576506856,0,0
18955.584108336,0,1
18955.586521352,0,0
18956.594122674,0,1
18956.596535942,0,0
18957.604137142,0,1
18957.606550410,0,0
18958.614151668,0,1
18958.616564686,0,0
18959.624166094,0,1
18959.626579110,0,0
18960.634180480,0,1
18960.635450142,1,1
18960.638081856,0,1
18960.638117746,0,0
18961.644194960,0,1
18961.646608228,0,0
18962.654209440,0,1
18962.656622708,0,0
18963.664223850,0,1
18963.666637116,0,0
18964.674238312,0,1
18964.676651328,0,0
18965.684252774,0,1
18965.686665790,0,0
18966.694267192,0,1
18966.696680208,0,0
18967.704281674,0,1
18967.706694690,0,0
18968.714296074,0,1
18968.716709340,0,0
18969.724310472,0,1
18969.726723738,0,0
18970.734324960,0,1
18970.735594496,1,1
18970.738226768,0,1
18970.738262224,0,0
18971.744339222,0,1
18971.746752488,0,0
18972.754353678,0,1
18972.756766946,0,0
18973.764368124,0,1
18973.766781142,0,0
18974.774382584,0,1
18974.776795600,0,0
18975.784397038,0,1
18975.786810054,0,0
18976.794411392,0,1
18976.796824660,0,0
18977.804425842,0,1
18977.806839108,0,0
18978.814440322,0,1
18978.816853590,0,0
18979.824454760,0,1
18979.826867776,0,0
18980.834469198,0,1
18980.835738822,1,1
18980.838370460,0,1
18980.838406464,0,0
18981.844483602,0,1
18981.846896868,0,0
18982.854498062,0,1
18982.856911328,0,0
18983.864512528,0,1
18983.866925544,0,0
18984.874526940,0,1
18984.876939956,0,0
18985.884541420,0,1
18985.886954438,0,0
18986.894555744,0,1
18986.896969010,0,0
18987.904570242,0,1
18987.906983510,0,0
18988.914584702,0,1
18988.916997968,0,0
18989.924599192,0,1
18989.925868812,1,1
18989.928500610,0,1
18989.928536458,0,0
18990.934613522,0,1
18990.937026788,0,0
18991.944628002,0,1
18991.947041268,0,0
18992.954642450,0,1
18992.957055466,0,0
18993.964656848,0,1
18993.967069864,0,0
18994.974671290,0,1
18994.977084306,0,0
18995.984685712,0,1
18995.987098978,0,0
18996.045999352,1,0
18996.046739346,0,0
18996.047724154,1,0
18996.048339886,0,0
18996.994700174,0,1
18996.997113440,0,0
18998.004714630,0,1
18998.007127898,0,0
18999.014729038,0,1
18999.017142054,0,0
19000.024743504,0,1
19000.026013126,1,1
19000.028645002,0,1
19000.028680768,0,0
19001.034757914,0,1
19001.037171180,0,0
19002.044772350,0,1
19002.047185616,0,0
19003.054786802,0,1
19003.057199818,0,0
19004.064801216,0,1
19004.067214232,0,0
19005.074815712,0,1
19005.077228728,0,0
19006.084830074,0,1
19006.087243340,0,0
19007.094844528,0,1
19007.097257794,0,0
19008.104858944,0,1
19008.107272210,0,0
19009.114873448,0,1
19009.117286464,0,0
19010.124887896,0,1
19010.126157554,1,1
19010.128788958,0,1
19010.128825162,0,0
19011.134902268,0,1
19011.137315534,0,0
19012.144916704,0,1
19012.147329970,0,0
19013.154931180,0,1
19013.157344198,0,0
19014.164945592,0,1
19014.167358608,0,0
19015.174959954,0,1
19015.177373220,0,0
19016.184974476,0,1
19016.187387742,0,0
19017.194988914,0,1
19017.197402180,0,0
19018.205003316,0,1
19018.207416332,0,0
19019.215017792,0,1
19019.217430808,0,0
19020.225032158,0,1
19020.226301858,1,1
19020.228933600,0,1
19020.228969672,0,0
19021.235046700,0,1
19021.237459966,0,0
19022.245061112,0,1
19022.247474378,0,0
19023.255075590,0,1
19023.257488606,0,0
19024.265090054,0,1
19024.267503070,0,0
19025.275104502,0,1
19025.277517518,0,0
19026.285118850,0,1
19026.287532118,0,0
19027.295133324,0,1
19027.297546590,0,0
19028.305147760,0,1
19028.307560776,0,0
19029.315162248,0,1
19029.317575264,0,0
19030.325176616,0,1
19030.326446288,1,1
19030.329077958,0,1
19030.329113880,0,0
19031.335191140,0,1
19031.337604408,0,0
19032.345205572,0,1
19032.347618838,0,0
19033.355220044,0,1
19033.357633060,0,0
19034.365234452,0,1
19034.367647468,0,0
19035.375248914,0,1
19035.377661930,0,0
19036.385263296,0,1
19036.387676562,0,0
19037.395277720,0,1
19037.397690986,0,0
19038.405292232,0,1
19038.407705498,0,0
19039.415306668,0,1
19039.417719684,0,0
19040.425321124,0,1
19040.426590658,1,1
19040.429222494,0,1
19040.429258388,0,0
19041.435335378,0,1
19041.437748644,0,0
19042.445349824,0,1
19042.447763090,0,0
19043.455364282,0,1
19043.457777298,0,0
19044.465378736,0,1
19044.467791752,0,0
19045.475393124,0,1
19045.477806392,0,0
19046.485407576,0,1
19046.487820842,0,0
19047.495422028,0,1
19047.497835046,0,0
19048.505436450,0,1
19048.507849466,0,0
19049.515450874,0,1
19049.517863892,0,0
19050.525465282,0,1
19050.526734996,1,1
19050.529366732,0,1
19050.529402798,0,0
19051.535479812,0,1
19051.537893080,0,0
19052.545494264,0,1
19052.547907530,0,0
19053.555508712,0,1
19053.557921728,0,0
19054.565523128,0,1
19054.567936144,0,0
19055.575537592,0,1
19055.577950610,0,0
19056.585551962,0,1
19056.587965230,0,0
19057.595566438,0,1
19057.597979704,0,0
19058.605580866,0,1
19058.607994132,0,0
19059.615595320,0,1
19059.618008336,0,0
19060.625609762,0,1
19060.626879360,1,1
19060.629510716,0,1
19060.629547028,0,0
19061.635624144,0,1
19061.638037410,0,0
19062.645638618,0,1
19062.648051886,0,0
19063.655653046,0,1
19063.658066062,0,0
19064.665667460,0,1
19064.668080476,0,0
19065.675681940,0,1
19065.678094958,0,0
19066.685696336,0,1
19066.688109604,0,0
19067.695710796,0,1
19067.698124062,0,0
19068.705725206,0,1
19068.708138472,0,0
19069.715739650,0,1
19069.718152666,0,0
19070.725754094,0,1
19070.727023746,1,1
19070.729655778,0,1
19070.729691360,0,0
19071.735768496,0,1
19071.738181762,0,0
19072.745782950,0,1
19072.748196216,0,0
19073.755797430,0,1
19073.758210446,0,0
19074.765811848,0,1
19074.768224864,0,0
19075.775826314,0,1
19075.778239330,0,0
19076.785840706,0,1
19076.788253972,0,0
19077.795855136,0,1
19077.798268402,0,0
19078.805869580,0,1
19078.808282848,0,0
19079.815884008,0,1
19079.818297024,0,0
19080.825898500,0,1
19080.827168188,1,1
19080.829799970,0,1
19080.829835766,0,0
19081.835912980,0,1
19081.838326246,0,0
19082.845927454,0,1
19082.848340720,0,0
19083.855941914,0,1
19083.858355180,0,0
19084.865956350,0,1
19084.868369366,0,0
19085.875970768,0,1
19085.878383784,0,0
19086.885985228,0,1
19086.888398246,0,0
19087.895999622,0,1
19087.898412890,0,0
19088.906014036,0,1
19088.908427304,0,0
19089.916028510,0,1
19089.917298026,1,1
19089.919929618,0,1
19089.919965776,0,0
19090.926042738,0,1
19090.928456006,0,0
19091.936057226,0,1
19091.938470492,0,0
19092.946071720,0,1
19092.948484736,0,0
19093.956086112,0,1
19093.958499128,0,0
19094.966100578,0,1
19094.968513596,0,0
19095.976114950,0,1
19095.978528216,0,0
19096.986129400,0,1
19096.988542666,0,0
19097.996143828,0,1
19097.998557096,0,0
19099.006158280,0,1
19099.008571296,0,0
19100.016172734,0,1
19100.017442454,1,1
19100.020073760,0,1
19100.020110248,0,0
19101.026187272,0,1
19101.028600538,0,0
19102.036201684,0,1
19102.038614950,0,0
19103.046216164,0,1
19103.048629180,0,0
19104.056230592,0,1
19104.058643608,0,0
19105.066244996,0,1
19105.068658262,0,0
19106.076259422,0,1
19106.078672688,0,0
19107.086273886,0,1
19107.088687152,0,0
19108.096288320,0,1
19108.098701336,0,0
19109.106302758,0,1
19109.108715774,0,0
19110.116317254,0,1
19110.117586724,1,1
19110.120218450,0,1
19110.120254520,0,0
19111.126331454,0,1
19111.128744720,0,0
19112.136345894,0,1
19112.138759160,0,0
19113.146360374,0,1
19113.148773390,0,0
19114.156374860,0,1
19114.158787876,0,0
19115.166389220,0,1
19115.168802486,0,0
19116.176403678,0,1
19116.178816944,0,0
19117.186418170,0,1
19117.188831436,0,0
19118.196432572,0,1
19118.198845588,0,0
19119.206447000,0,1
19119.208860016,0,0
19120.216461362,0,1
19120.217731078,1,1
19120.220362386,0,1
19120.220398878,0,0
19121.226475904,0,1
19121.228889170,0,0
19122.236490384,0,1
19122.238903650,0,0
19123.246504804,0,1
19123.248917820,0,0
19124.256519236,0,1
19124.258932252,0,0
19125.266533690,0,1
19125.268946706,0,0
19126.276548060,0,1
19126.278961326,0,0
19127.286562554,0,1
19127.288975822,0,0
19128.296576942,0,1
19128.298990208,0,0
19129.306591416,0,1
19129.309004432,0,0
19130.316605876,0,1
19130.317875444,1,1
19130.320507064,0,1
19130.320543142,0,0
19131.326620240,0,1
19131.329033506,0,0
19132.336634690,0,1
19132.339047956,0,0
19133.346649128,0,1
19133.349062144,0,0
19134.356663612,0,1
19134.359076630,0,0
19135.366678028,0,1
19135.369091044,0,0
19136.376692382,0,1
19136.379105650,0,0
19137.386706898,0,1
19137.389120164,0,0
19138.396721348,0,1
19138.399134614,0,0
19139.406735766,0,1
19139.409148784,0,0
19140.416750200,0,1
19140.418019802,1,1
19140.420651468,0,1
19140.420687466,0,0
19141.426764552,0,1
19141.429177818,0,0
19142.436779016,0,1
19142.439192282,0,0
19143.446793510,0,1
19143.449206528,0,0
19144.456807930,0,1
19144.459220946,0,0
19145.466822366,0,1
19145.469235382,0,0
19146.476836752,0,1
19146.479250020,0,0
19147.486851244,0,1
19147.489264512,0,0
19148.496865672,0,1
19148.499278940,0,0
19149.506880150,0,1
19149.509293168,0,0
19150.516894606,0,1
19150.518164214,1,1
19150.520795720,0,1
19150.520831870,0,0
19151.526908992,0,1
19151.529322258,0,0
19152.536923400,0,1
19152.539336666,0,0
19153.546937822,0,1
19153.549350840,0,0
19154.556952324,0,1
19154.559365340,0,0
19155.566966778,0,1
19155.569379794,0,0
19156.576981134,0,1
19156.579394402,0,0
19157.586995590,0,1
19157.589408856,0,0
19158.597010028,0,1
19158.599423294,0,0
19159.607024482,0,1
19159.609437498,0,0
19160.617038906,0,1
19160.618308542,1,1
19160.620940870,0,1
19160.620976172,0,0
19161.627053316,0,1
19161.629466582,0,0
19162.637067746,0,1
19162.639481014,0,0
19163.647082190,0,1
19163.649495206,0,0
19164.657096634,0,1
19164.659509652,0,0
19165.667111012,0,1
19165.669524278,0,0
19166.677125446,0,1
19166.679538714,0,0
19167.687139964,0,1
19167.689553230,0,0
19168.697154370,0,1
19168.699567386,0,0
19169.707168800,0,1
19169.709581816,0,0
19170.717183200,0,1
19170.718452822,1,1
19170.721084714,0,1
19170.721120464,0,0
19171.727197690,0,1
19171.729610956,0,0
19172.737212142,0,1
19172.739625408,0,0
19173.747226654,0,1
19173.749639670,0,0
19174.757241060,0,1
19174.759654078,0,0
19175.767255464,0,1
19175.769668730,0,0
19176.777269924,0,1
19176.779683192,0,0
19177.787284338,0,1
19177.789697606,0,0
19178.797298772,0,1
19178.799711790,0,0
19179.807313260,0,1
19179.809726276,0,0
19180.817327714,0,1
19180.818597210,1,1
19180.821228918,0,1
19180.821264980,0,0
19181.827342004,0,1
19181.829755270,0,0
19182.837356468,0,1
19182.839769734,0,0
19183.847370904,0,1
19183.849783922,0,0
19184.857385342,0,1
19184.859798358,0,0
19185.867399694,0,1
19185.869812960,0,0
19186.877414136,0,1
19186.879827404,0,0
19187.887428618,0,1
19187.889841634,0,0
19188.897443076,0,1
19188.899856094,0,0
19189.907457522,0,1
19189.908727100,1,1
19189.911358832,0,1
19189.911394786,0,0
19190.917471924,0,1
19190.919885190,0,0
19191.927486376,0,1
19191.929899642,0,0
19192.937500806,0,1
19192.939913822,0,0
19193.947515266,0,1
19193.949928282,0,0
19194.957529718,0,1
19194.959942734,0,0
19195.967544080,0,1
19195.969957346,0,0
19196.977558484,0,1
19196.979971750,0,0
19197.987572920,0,1
19197.989985936,0,0
19198.997587382,0,1
19199.000000398,0,0
19200.007601868,0,1
19200.008871478,1,1
19200.011503598,0,1
19200.011539134,0,0
19201.017616264,0,1
19201.020029530,0,0
19202.027630680,0,1
19202.030043946,0,0
19203.037645158,0,1
19203.040058174,0,0
19204.047659550,0,1
19204.050072566,0,0
19205.057673958,0,1
19205.060087224,0,0
19206.067688422,0,1
19206.070101690,0,0
19207.077702862,0,1
19207.080116130,0,0
19208.087717308,0,1
19208.090130324,0,0
19209.097731786,0,1
19209.100144802,0,0
19210.107746126,0,1
19210.109015814,1,1
19210.111647542,0,1
19210.111683390,0,0
19211.117760638,0,1
19211.120173904,0,0
19212.127775088,0,1
19212.130188354,0,0
19213.137789568,0,1
19213.140202586,0,0
19214.147803998,0,1
19214.150217014,0,0
19215.157818456,0,1
19215.160231474,0,0
19216.167832844,0,1
19216.170246112,0,0
19217.177847244,0,1
19217.180260512,0,0
19218.187861714,0,1
19218.190274730,0,0
19219.197876182,0,1
19219.200289198,0,0
19220.207890630,0,1
19220.209160192,1,1
19220.211791986,0,1
19220.211827896,0,0
19221.217904976,0,1
19221.220318242,0,0
19222.227919488,0,1
19222.230332756,0,0
19223.237933900,0,1
19223.240346916,0,0
19224.247948310,0,1
19224.250361326,0,0
19225.257962762,0,1
19225.260375778,0,0
19226.267977144,0,1
19226.270390410,0,0
19227.277991594,0,1
19227.280404862,0,0
19228.288006082,0,1
19228.290419100,0,0
19229.298020564,0,1
19229.300433580,0,0
19230.308034918,0,1
19230.309304464,1,1
19230.311936806,0,1
19230.311972184,0,0
19231.318049352,0,1
19231.320462618,0,0
19232.328063814,0,1
19232.330477080,0,0
19233.338078244,0,1
19233.340491260,0,0
19234.348092692,0,1
19234.350505708,0,0
19235.358107130,0,1
19235.360520146,0,0
19236.368121494,0,1
19236.370534760,0,0
19237.378135940,0,1
19237.380549206,0,0
19238.388150406,0,1
19238.390563422,0,0
19239.398164842,0,1
19239.400577858,0,0
19240.408179292,0,1
19240.409448772,1,1
19240.412080448,0,1
19240.412116558,0,0
19241.418193536,0,1
19241.420606802,0,0
19242.428208016,0,1
19242.430621284,0,0
19243.438222456,0,1
19243.440635472,0,0
19244.448236894,0,1
19244.450649912,0,0
19245.458251266,0,1
19245.460664532,0,0
19246.468265710,0,1
19246.470678976,0,0
19247.478280166,0,1
19247.480693184,0,0
19248.488294552,0,1
19248.490707818,0,0
19249.498309016,0,1
19249.500722284,0,0
19250.508323494,0,1
19250.509593144,1,1
19250.512224916,0,1
19250.512260758,0,0
19251.518337876,0,1
19251.520751142,0,0
19252.528352294,0,1
19252.530765560,0,0
19253.538366728,0,1
19253.540779744,0,0
19254.548381160,0,1
19254.550794176,0,0
19255.558395604,0,1
19255.560808872,0,0
19256.568410018,0,1
19256.570823284,0,0
19257.578424432,0,1
19257.580837448,0,0
19258.588438920,0,1
19258.590851936,0,0
19259.598453302,0,1
19259.600866568,0,0
19260.608467718,0,1
19260.609737494,1,1
19260.612369398,0,1
19260.612405234,0,0
19261.618482272,0,1
19261.620895538,0,0
19262.628496748,0,1
19262.630910014,0,0
19263.638511160,0,1
19263.640924178,0,0
19264.648525600,0,1
19264.650938618,0,0
19265.658540032,0,1
19265.660953298,0,0
19266.668554446,0,1
19266.670967712,0,0
19267.678568892,0,1
19267.680982160,0,0
19268.688583342,0,1
19268.690996358,0,0
19269.698597788,0,1
19269.701010806,0,0
19270.708612196,0,1
19270.709881870,1,1
19270.712513248,0,1
19270.712549462,0,0
19271.718626702,0,1
19271.721039970,0,0
19272.728641150,0,1
19272.731054416,0,0
19273.738655616,0,1
19273.741068632,0,0
19274.748670064,0,1
19274.751083080,0,0
19275.758684488,0,1
19275.761097504,0,0
19276.768698878,0,1
19276.771112144,0,0
19277.778713342,0,1
19277.781126608,0,0
19278.788727784,0,1
19278.791140800,0,0
19279.798742224,0,1
19279.801155240,0,0
19280.808756656,0,1
19280.810026270,1,1
19280.812658264,0,1
19280.812693920,0,0
19281.818771068,0,1
19281.821184334,0,0
19282.828785542,0,1
19282.831198810,0,0
19283.838799938,0,1
19283.841212954,0,0
19284.848814392,0,1
19284.851227408,0,0
19285.858828826,0,1
19285.861241842,0,0
19286.868843210,0,1
19286.871256478,0,0
19287.878857676,0,1
19287.881270942,0,0
19288.888872106,0,1
19288.891285124,0,0
19289.898886550,0,1
19289.901299566,0,0
19290.908901006,0,1
19290.910170584,1,1
19290.912802310,0,1
19290.912838272,0,0
19291.918915398,0,1
19291.921328664,0,0
19292.928929808,0,1
19292.931343074,0,0
19293.938944280,0,1
19293.941357296,0,0
19294.948958712,0,1
19294.951371728,0,0
19295.958973174,0,1
19295.961386190,0,0
19296.968987582,0,1
19296.971400848,0,0
19297.979002006,0,1
19297.981415272,0,0
19298.989016492,0,1
19298.991429510,0,0
19299.999030960,0,1
19300.000300440,1,1
19300.002932390,0,1
19300.002968226,0,0
19301.009045160,0,1
19301.011458428,0,0
19302.019059590,0,1
19302.021472856,0,0
19303.029074038,0,1
19303.031487056,0,0
19304.039088514,0,1
19304.041501532,0,0
19305.049102872,0,1
19305.051516138,0,0
19306.059117338,0,1
19306.061530604,0,0
19307.069131782,0,1
19307.071544798,0,0
19308.079146298,0,1
19308.081559314,0,0
19309.089160632,0,1
19309.091573898,0,0
19310.099175090,0,1
19310.100444750,1,1
19310.103076566,0,1
19310.103112356,0,0
19311.109189504,0,1
19311.111602770,0,0
19312.119203942,0,1
19312.121617208,0,0
19313.129218382,0,1
19313.131631398,0,0
19314.139232796,0,1
19314.141645814,0,0
19315.149247168,0,1
19315.151660436,0,0
19316.159261642,0,1
19316.161674908,0,0
19317.169276138,0,1
19317.171689154,0,0
19318.179290530,0,1
19318.181703548,0,0
19319.189304954,0,1
19319.191718220,0,0
19320.199319400,0,1
19320.200589118,1,1
19320.203221334,0,1
19320.203256916,0,0
19321.209333916,0,1
19321.211747182,0,0
19322.219348328,0,1
19322.221761346,0,0
19323.229362790,0,1
19323.231775806,0,0
19324.239377212,0,1
19324.241790478,0,0
19325.249391630,0,1
19325.251804898,0,0
19326.259406114,0,1
19326.261819130,0,0
19327.269420548,0,1
19327.271833564,0,0
19328.279435014,0,1
19328.281848032,0,0
19329.289449372,0,1
19329.291862640,0,0
19330.299463846,0,1
19330.300733454,1,1
19330.303365158,0,1
19330.303401110,0,0
19331.309478224,0,1
19331.311891490,0,0
19332.319492664,0,1
19332.321905930,0,0
19333.329507096,0,1
19333.331920112,0,0
19334.339521556,0,1
19334.341934574,0,0
19335.349535976,0,1
19335.351949242,0,0
19336.359550404,0,1
19336.361963670,0,0
19337.369564796,0,1
19337.371978062,0,0
19338.379579262,0,1
19338.381992278,0,0
19339.389593716,0,1
19339.392006734,0,0
19340.399608120,0,1
19340.400877736,1,1
19340.403509800,0,1
19340.403545386,0,0
19341.409622500,0,1
19341.412035766,0,0
19342.419636970,0,1
19342.422050236,0,0
19343.429651380,0,1
19343.432064398,0,0
19344.439665886,0,1
19344.442078902,0,0
19345.449680196,0,1
19345.452093464,0,0
19346.459694644,0,1
19346.462107910,0,0
19347.469709106,0,1
19347.472122122,0,0
19348.479723560,0,1
19348.482136578,0,0
19349.489737978,0,1
19349.492151244,0,0
19350.499752358,0,1
19350.501022094,1,1
19350.503653730,0,1
19350.503689874,0,0
19351.509766894,0,1
19351.512180160,0,0
19352.519781382,0,1
19352.522194648,0,0
19353.529795828,0,1
19353.532208844,0,0
19354.539810248,0,1
19354.542223264,0,0
19355.549824614,0,1
19355.552237880,0,0
19356.559839106,0,1
19356.562252372,0,0
19357.569853538,0,1
19357.572266554,0,0
19358.579867992,0,1
19358.582281008,0,0
19359.589882360,0,1
19359.592295626,0,0
19360.599896802,0,1
19360.601166402,1,1
19360.603798168,0,1
19360.603834068,0,0
19361.609911188,0,1
19361.612324454,0,0
19362.619925670,0,1
19362.622338936,0,0
19363.629940082,0,1
19363.632353098,0,0
19364.639954552,0,1
19364.642367568,0,0
19365.649968916,0,1
19365.652382182,0,0
19366.659983322,0,1
19366.662396588,0,0
19367.669997752,0,1
19367.672410768,0,0
19368.680012276,0,1
19368.682425292,0,0
19369.690026616,0,1
19369.692439882,0,0
19370.700041056,0,1
19370.701310762,1,1
19370.703942472,0,1
19370.703978572,0,0
19371.710055574,0,1
19371.712468842,0,0
19372.720070048,0,1
19372.722483314,0,0
19373.730084428,0,1
19373.732497444,0,0
19374.740098918,0,1
19374.742511934,0,0
19375.750113304,0,1
19375.752526572,0,0
19376.760127740,0,1
19376.762541006,0,0
19377.770142172,0,1
19377.772555190,0,0
19378.780156660,0,1
19378.782569676,0,0
19379.790170990,0,1
19379.792584258,0,0
19380.800185468,0,1
19380.801455106,1,1
19380.804086756,0,1
19380.804122734,0,0
19381.810199854,0,1
19381.812613122,0,0
19382.820214256,0,1
19382.822627522,0,0
19383.830228770,0,1
19383.832641786,0,0
19384.840243174,0,1
19384.842656190,0,0
19385.850257522,0,1
19385.852670790,0,0
19386.860272016,0,1
19386.862685282,0,0
19387.870286464,0,1
19387.872699482,0,0
19388.880300916,0,1
19388.882713934,0,0
19389.890315312,0,1
19389.892728328,0,0
19390.900329740,0,1
19390.901599410,1,1
19390.904231230,0,1
19390.904267004,0,0
19391.910344242,0,1
19391.912757508,0,0
19392.920358706,0,1
19392.922771974,0,0
19393.930373128,0,1
19393.932786144,0,0
19394.940387498,0,1
19394.942800766,0,0
19395.950401926,0,1
19395.952815192,0,0
19396.960416414,0,1
19396.962829680,0,0
19397.970430804,0,1
19397.972843822,0,0
19398.980445264,0,1
19398.982858282,0,0
19399.990459708,0,1
19399.991729292,1,1
19399.994361212,0,1
19399.994396972,0,0
19401.000474088,0,1
19401.002887356,0,0
19402.010488536,0,1
19402.012901802,0,0
19403.020502958,0,1
19403.022915974,0,0
19404.030517366,0,1
19404.032930382,0,0
19405.040531738,0,1
19405.042945004,0,0
19406.050546266,0,1
19406.052959534,0,0
19407.060560666,0,1
19407.062973682,0,0
19408.070575106,0,1
19408.072988122,0,0
19409.080589586,0,1
19409.083002604,0,0
19410.090603938,0,1
19410.091873610,1,1
19410.094505238,0,1
19410.094541204,0,0
19411.100618464,0,1
19411.103031730,0,0
19412.110632900,0,1
19412.113046166,0,0
19413.120647344,0,1
19413.123060362,0,0
19414.130661774,0,1
19414.133074792,0,0
19415.140676218,0,1
19415.143089234,0,0
19416.150690554,0,1
19416.153103822,0,0
19417.160705082,0,1
19417.163118348,0,0
19418.170719498,0,1
19418.173132514,0,0
19419.180733900,0,1
19419.183146916,0,0
19420.190748350,0,1
19420.192017940,1,1
19420.194649808,0,1
19420.194685616,0,0
19421.200762714,0,1
19421.203175980,0,0
19422.210777208,0,1
19422.213190474,0,0
19423.220791664,0,1
19423.223204680,0,0
19424.230806046,0,1
19424.233219064,0,0
19425.240820528,0,1
19425.243233544,0,0
19426.250834872,0,1
19426.253248138,0,0
19427.260849316,0,1
19427.263262582,0,0
19428.270863762,0,1
19428.273277028,0,0
19429.280878234,0,1
19429.283291250,0,0
19430.290892668,0,1
19430.292162198,1,1
19430.294794012,0,1
19430.294829934,0,0
19431.300907086,0,1
19431.303320352,0,0
19432.310921488,0,1
19432.313334754,0,0
19433.320935950,0,1
19433.323348966,0,0
19434.330950414,0,1
19434.333363430,0,0
19435.340964820,0,1
19435.343377838,0,0
19436.350979216,0,1
19436.353392482,0,0
19437.360993634,0,1
19437.363406900,0,0
19438.371008090,0,1
19438.373421108,0,0
19439.381022558,0,1
19439.383435574,0,0
19440.391036976,0,1
19440.392306556,1,1
19440.394938424,0,1
19440.394974240,0,0
19441.401051362,0,1
19441.403464628,0,0
19442.411065812,0,1
19442.413479080,0,0
19443.421080210,0,1
19443.423493226,0,0
19444.431094694,0,1
19444.433507710,0,0
19445.441109134,0,1
19445.443522150,0,0
19446.451123522,0,1
19446.453536790,0,0
19447.461137966,0,1
19447.463551232,0,0
19448.471152446,0,1
19448.473565714,0,0
19449.481166826,0,1
19449.483579842,0,0
19450.491181264,0,1
19450.492450830,1,1
19450.495082572,0,1
19450.495118528,0,0
19451.501195686,0,1
19451.503608952,0,0
19452.511210110,0,1
19452.513623378,0,0
19453.521224566,0,1
19453.523637584,0,0
19454.531238990,0,1
19454.533652008,0,0
19455.541253406,0,1
19455.543666424,0,0
19456.551267830,0,1
19456.553681096,0,0
19457.561282278,0,1
19457.563695544,0,0
19458.571296718,0,1
19458.573709734,0,0
19459.581311120,0,1
19459.583724136,0,0
19460.591325628,0,1
19460.592595110,1,1
19460.595226940,0,1
19460.595262894,0,0
19461.601339856,0,1
19461.603753122,0,0
19462.611354254,0,1
19462.613767520,0,0
19463.621368728,0,1
19463.623781744,0,0
19464.631383148,0,1
19464.633796166,0,0
19465.641397536,0,1
19465.643810802,0,0
19466.651411990,0,1
19466.653825004,0,0
19467.661426402,0,1
19467.663839420,0,0
19468.671440856,0,1
19468.673853872,0,0
19469.681455234,0,1
19469.683868500,0,0
19470.691469714,0,1
19470.692739456,1,1
19470.695371158,0,1
19470.695407230,0,0
19471.701484206,0,1
19471.703897472,0,0
19472.711498690,0,1
19472.713911956,0,0
19473.721513112,0,1
19473.723926128,0,0
19474.731527550,0,1
19474.733940568,0,0
19475.741541962,0,1
19475.743954978,0,0
19476.751556390,0,1
19476.753969658,0,0
19477.761570778,0,1
19477.763984046,0,0
19478.771585204,0,1
19478.773998220,0,0
19479.781599660,0,1
19479.784012678,0,0
19480.791614046,0,1
19480.792883718,1,1
19480.795515604,0,1
19480.795551312,0,0
19481.801628568,0,1
19481.804041834,0,0
19482.811643018,0,1
19482.814056284,0,0
19483.821657452,0,1
19483.824070468,0,0
19484.831671888,0,1
19484.834084906,0,0
19485.841686284,0,1
19485.844099300,0,0
19486.851700672,0,1
19486.854113940,0,0
19487.861715150,0,1
19487.864128416,0,0
19488.871729610,0,1
19488.874142876,0,0
19489.881744028,0,1
19489.884157044,0,0
19490.891758476,0,1
19490.893028042,1,1
19490.895660016,0,1
19490.895695742,0,0
19491.901772832,0,1
19491.904186100,0,0
19492.911787262,0,1
19492.914200530,0,0
19493.921801702,0,1
19493.924214720,0,0
19494.931816128,0,1
19494.934229144,0,0
19495.941830564,0,1
19495.944243580,0,0
19496.951844968,0,1
19496.954258236,0,0
19497.961859392,0,1
19497.964272658,0,0
19498.971873858,0,1
19498.974286876,0,0
19499.981888252,0,1
19499.983157870,1,1
19499.985790012,0,1
19499.985825518,0,0
19500.991902692,0,1
19500.994315958,0,0
19502.001917114,0,1
19502.004330380,0,0
19503.011931568,0,1
19503.014344584,0,0
19504.021945990,0,1
19504.024359006,0,0
19505.031960420,0,1
19505.034373436,0,0
19506.041974818,0,1
19506.044388084,0,0
19507.051989260,0,1
19507.054402526,0,0
19508.062003662,0,1
19508.064416678,0,0
19509.072018090,0,1
19509.074431106,0,0
19510.082032600,0,1
19510.083302108,1,1
19510.085934246,0,1
19510.085969866,0,0
19511.092046850,0,1
19511.094460116,0,0
19512.102061282,0,1
19512.104474548,0,0
19513.112075732,0,1
19513.114488750,0,0
19514.122090186,0,1
19514.124503202,0,0
19515.132104548,0,1
19515.134517814,0,0
19516.142118958,0,1
19516.144532226,0,0
19517.152133462,0,1
19517.154546478,0,0
19518.162147886,0,1
19518.164560902,0,0
19519.172162326,0,1
19519.174575342,0,0
19520.182176670,0,1
19520.183446460,1,1
19520.186078028,0,1
19520.186113936,0,0
19521.192191348,0,1
19521.194604614,0,0
19522.202205710,0,1
19522.204618978,0,0
19523.212220254,0,1
19523.214633270,0,0
19524.222234656,0,1
19524.224647674,0,0
19525.232249070,0,1
19525.234662086,0,0
19526.242263512,0,1
19526.244676780,0,0
19527.252277944,0,1
19527.254691210,0,0
19528.262292336,0,1
19528.264705602,0,0
19529.272306816,0,1
19529.274719832,0,0
19530.282321282,0,1
19530.283590682,1,1
19530.286220338,0,1
19530.286220344,1,1
19530.286220360,0,1
19530.286220366,1,1
19530.286221674,0,1
19530.286221682,1,1
19530.286221832,0,1
19530.286221840,1,1
19530.286221852,0,1
19530.286221864,1,1
19530.286222626,0,1
19530.286258298,0,0
19531.292335338,0,1
19531.294748606,0,0
19532.302349840,0,1
19532.304763106,0,0
19533.312364252,0,1
19533.314777270,0,0
19534.322378670,0,1
19534.324791688,0,0
19535.332393038,0,1
19535.334806304,0,0
19536.342407516,0,1
19536.344820784,0,0
19537.352421944,0,1
19537.354834960,0,0
19538.362436372,0,1
19538.364849388,0,0
19539.372450786,0,1
19539.374864052,0,0
19540.382465224,0,1
19540.383735046,1,1
19540.386367048,0,1
19540.386402740,0,0
19541.392479850,0,1
19541.394893116,0,0
19542.402494266,0,1
19542.404907532,0,0
19543.412508746,0,1
19543.414921762,0,0
19544.422523190,0,1
19544.424936206,0,0
19545.432537614,0,1
19545.434950632,0,0
19546.442552096,0,1
19546.444965112,0,0
19547.452566488,0,1
19547.454979754,0,0
19548.462580930,0,1
19548.464994196,0,0
19549.472595320,0,1
19549.475008336,0,0
19550.482609718,0,1
19550.483879300,1,1
19550.486511372,0,1
19550.486546984,0,0
19551.492624126,0,1
19551.495037394,0,0
19552.502638556,0,1
19552.505051824,0,0
19553.512652996,0,1
19553.515066012,0,0
19554.522667476,0,1
19554.525080492,0,0
19555.532681902,0,1
19555.535094920,0,0
19556.542696328,0,1
19556.545109594,0,0
19557.552710750,0,1
19557.555124016,0,0
19558.562725204,0,1
19558.565138472,0,0
19559.572739662,0,1
19559.575152678,0,0
19560.582754086,0,1
19560.584023652,1,1
19560.586655826,0,1
19560.586691352,0,0
19561.592768446,0,1
19561.595181714,0,0
19562.602782848,0,1
19562.605196114,0,0
19563.612797300,0,1
19563.615210316,0,0
19564.622811732,0,1
19564.625224748,0,0
19565.632826192,0,1
19565.635239210,0,0
19566.642840548,0,1
19566.645253814,0,0
19567.652854992,0,1
19567.655268258,0,0
19568.662869434,0,1
19568.665282452,0,0
19569.672883924,0,1
19569.675296940,0,0
19570.682898304,0,1
19570.684167918,1,1
19570.686799966,0,1
19570.686835570,0,0
19571.692912684,0,1
19571.695325950,0,0
19572.702927184,0,1
19572.705340450,0,0
19573.712941584,0,1
19573.715354600,0,0
19574.722956032,0,1
19574.725369050,0,0
19575.732970466,0,1
19575.735383482,0,0
19576.742984870,0,1
19576.745398138,0,0
19577.752999296,0,1
19577.755412562,0,0
19578.763013724,0,1
19578.765426740,0,0
19579.773028164,0,1
19579.775441180,0,0
19580.783042644,0,1
19580.784312232,1,1
19580.786943786,0,1
19580.786979908,0,0
19581.793056986,0,1
19581.795470252,0,0
19582.803071466,0,1
19582.805484732,0,0
19583.813085862,0,1
19583.815498878,0,0
19584.823100320,0,1
19584.825513336,0,0
19585.833114772,0,1
19585.835527788,0,0
19586.843129122,0,1
19586.845542390,0,0
19587.853143602,0,1
19587.855556868,0,0
19588.863158028,0,1
19588.865571044,0,0
19589.873172504,0,1
19589.875585520,0,0
19590.883186902,0,1
19590.884456542,1,1
19590.887088454,0,1
19590.887124166,0,0
19591.893201286,0,1
19591.895614552,0,0
19592.903215748,0,1
19592.905629016,0,0
19593.913230160,0,1
19593.915643178,0,0
19594.923244586,0,1
19594.925657602,0,0
19595.933259004,0,1
19595.935672020,0,0
19596.943273444,0,1
19596.945686462,0,0
19597.953287798,0,1
19597.955701066,0,0
19598.963302250,0,1
19598.965715516,0,0
19599.973316742,0,1
19599.974586390,1,1
19599.977218106,0,1
19599.977254008,0,0
19600.983331112,0,1
19600.985744378,0,0
19601.993345564,0,1
19601.995758830,0,0
19603.003359970,0,1
19603.005772986,0,0
19604.013374438,0,1
19604.015787456,0,0
19605.023388784,0,1
19605.025802052,0,0
19606.033403262,0,1
19606.035816528,0,0
19607.043417678,0,1
19607.045830944,0,0
19608.053432114,0,1
19608.055845130,0,0
19609.063446578,0,1
19609.065859594,0,0
19610.073460954,0,1
19610.074730706,1,1
19610.077362318,0,1
19610.077398470,0,0
19611.083475456,0,1
19611.085888722,0,0
19612.093489896,0,1
19612.095902912,0,0
19613.103504354,0,1
19613.105917372,0,0
19614.113518794,0,1
19614.115931810,0,0
19615.123533234,0,1
19615.125946252,0,0
19616.133547606,0,1
19616.135960872,0,0
19617.143562060,0,1
19617.145975326,0,0
19618.153576480,0,1
19618.155989748,0,0
19619.163590912,0,1
19619.166003926,0,0
19620.173605332,0,1
19620.174874924,1,1
19620.177506874,0,1
19620.177542598,0,0
19621.183619728,0,1
19621.186032994,0,0
19622.193634196,0,1
19622.196047462,0,0
19623.203648622,0,1
19623.206061638,0,0
19624.213663054,0,1
19624.216076070,0,0
19625.223677496,0,1
19625.226090512,0,0
19626.233691864,0,1
19626.236105130,0,0
19627.243706312,0,1
19627.246119578,0,0
19628.253720706,0,1
19628.256133974,0,0
19629.263735160,0,1
19629.266148178,0,0
19630.273749598,0,1
19630.275019250,1,1
19630.277650722,0,1
19630.277686862,0,0
19631.283764012,0,1
19631.286177280,0,0
19632.293778460,0,1
19632.296191726,0,0
19633.303792904,0,1
19633.306205922,0,0
19634.313807338,0,1
19634.316220354,0,0
19635.323821784,0,1
19635.326234802,0,0
19636.333836086,0,1
19636.336249352,0,0
19637.343850596,0,1
19637.346263862,0,0
19638.353865014,0,1
19638.356278280,0,0
19639.363879472,0,1
19639.366292490,0,0
19640.373893882,0,1
19640.375163484,1,1
19640.377795296,0,1
19640.377831148,0,0
19641.383908250,0,1
19641.386321518,0,0
19642.393922700,0,1
19642.396335966,0,0
19643.403937158,0,1
19643.406350174,0,0
19644.413951594,0,1
19644.416364610,0,0
19645.423966032,0,1
19645.426379048,0,0
19646.433980404,0,1
19646.436393672,0,0
19647.443994826,0,1
19647.446408094,0,0
19648.454009312,0,1
19648.456422578,0,0
19649.464023720,0,1
19649.466436736,0,0
19650.474038138,0,1
19650.475307704,1,1
19650.477939390,0,1
19650.477975404,0,0
19651.484052530,0,1
19651.486465796,0,0
19652.494066942,0,1
19652.496480208,0,0
19653.504081386,0,1
19653.506494404,0,0
19654.514095886,0,1
19654.516508902,0,0
19655.524110262,0,1
19655.526523278,0,0
19656.534124652,0,1
19656.536537918,0,0
19657.544139104,0,1
19657.546552372,0,0
19658.554153528,0,1
19658.556566794,0,0
19659.564167980,0,1
19659.566580996,0,0
19660.574182394,0,1
19660.575452080,1,1
19660.578084462,0,1
19660.578119658,0,0
19661.584196912,0,1
19661.586610180,0,0
19662.594211368,0,1
19662.596624636,0,0
19663.604225776,0,1
19663.606639044,0,0
19664.614240194,0,1
19664.616653212,0,0
19665.624254706,0,1
19665.626667722,0,0
19666.634269072,0,1
19666.636682088,0,0
19667.644283446,0,1
19667.646696712,0,0
19668.654297876,0,1
19668.656711142,0,0
19669.664312390,0,1
19669.666725658,0,0
19670.674326782,0,1
19670.675596334,1,1
19670.678227970,0,1
19670.678264048,0,0
19671.684341188,0,1
19671.686754454,0,0
19672.694355610,0,1
19672.696768876,0,0
19673.704370038,0,1
19673.706783306,0,0
19674.714384494,0,1
19674.716797510,0,0
19675.724398938,0,1
19675.726811954,0,0
19676.734413344,0,1
19676.736826360,0,0
19677.744427750,0,1
19677.746841016,0,0
19678.754442234,0,1
19678.756855500,0,0
19679.764456602,0,1
19679.766869868,0,0
19680.774471032,0,1
19680.775740650,1,1
19680.778372264,0,1
19680.778408298,0,0
19681.784485464,0,1
19681.786898732,0,0
19682.794499876,0,1
19682.796912894,0,0
19683.804514310,0,1
19683.806927326,0,0
19684.814528788,0,1
19684.816941804,0,0
19685.824543106,0,1
19685.826956372,0,0
19686.834557594,0,1
19686.836970860,0,0
19687.844572044,0,1
19687.846985310,0,0
19688.854586506,0,1
19688.856999522,0,0
19689.864600934,0,1
19689.867013950,0,0
19690.874615380,0,1
19690.875884876,1,1
19690.878516574,0,1
19690.878552646,0,0
19691.884629632,0,1
19691.887042900,0,0
19692.894644052,0,1
19692.897057318,0,0
19693.904658496,0,1
19693.907071512,0,0
19694.914672900,0,1
19694.917085916,0,0
19695.924687390,0,1
19695.927100408,0,0
19696.934701718,0,1
19696.937114986,0,0
19697.944716202,0,1
19697.947129468,0,0
19698.954730682,0,1
19698.957143696,0,0
19699.964745078,0,1
19699.966014706,1,1
19699.968646232,0,1
19699.968682342,0,0
19700.974759434,0,1
19700.977172700,0,0
19701.984773902,0,1
19701.987187168,0,0
19702.994788304,0,1
19702.997201320,0,0
19704.004802780,0,1
19704.007215796,0,0
19705.014817206,0,1
19705.017230222,0,0
19706.024831584,0,1
19706.027244852,0,0
19707.034845992,0,1
19707.037259260,0,0
19708.044860458,0,1
19708.047273474,0,0
19709.054874890,0,1
19709.057287906,0,0
19710.064889316,0,1
19710.066159084,1,1
19710.068791154,0,1
19710.068826830,0,0
19711.074903796,0,1
19711.077317062,0,0
19712.084918236,0,1
19712.087331502,0,0
19713.094932734,0,1
19713.097345750,0,0
19714.104947136,0,1
19714.107360152,0,0
19715.114961598,0,1
19715.117374614,0,0
19716.124976014,0,1
19716.127389032,0,0
19717.134990402,0,1
19717.137403668,0,0
19718.145004830,0,1
19718.147418096,0,0
19719.155019266,0,1
19719.157432282,0,0
19720.165033710,0,1
19720.166303282,1,1
19720.168935324,0,1
19720.168970976,0,0
19721.175048126,0,1
19721.177461392,0,0
19722.185062560,0,1
19722.187475826,0,0
19723.195076932,0,1
19723.197489948,0,0
19724.205091432,0,1
19724.207504450,0,0
19725.215105838,0,1
19725.217518854,0,0
19726.225120298,0,1
19726.227533316,0,0
19727.235134648,0,1
19727.237547914,0,0
19728.245149112,0,1
19728.247562378,0,0
19729.255163510,0,1
19729.257576526,0,0
19730.265178000,0,1
19730.266447626,1,1
19730.269079292,0,1
19730.269115266,0,0
19731.275192390,0,1
19731.277605656,0,0
19732.285206804,0,1
19732.287620070,0,0
19733.295221220,0,1
19733.297634236,0,0
19734.305235666,0,1
19734.307648682,0,0
19735.315250082,0,1
19735.317663098,0,0
19736.325264558,0,1
19736.327677574,0,0
19737.335278870,0,1
19737.337692138,0,0
19738.345293338,0,1
19738.347706604,0,0
19739.355307798,0,1
19739.357720814,0,0
19740.365322230,0,1
19740.366591858,1,1
19740.369223440,0,1
19740.369259496,0,0
19741.375336602,0,1
19741.377749868,0,0
19742.385351002,0,1
19742.387764270,0,0
19743.395365464,0,1
19743.397778480,0,0
19744.405379970,0,1
19744.407792986,0,0
19745.415394352,0,1
19745.417807368,0,0
19746.425408716,0,1
19746.427821982,0,0
19747.435423214,0,1
19747.437836482,0,0
19748.445437622,0,1
19748.447850640,0,0
19749.455452078,0,1
19749.457865094,0,0
19750.465466506,0,1
19750.466736142,1,1
19750.469367510,0,1
19750.469403770,0,0
19751.475480858,0,1
19751.477894124,0,0
19752.485495316,0,1
19752.487908582,0,0
19753.495509746,0,1
19753.497922764,0,0
19754.505524176,0,1
19754.507937192,0,0
19755.515538588,0,1
19755.517951854,0,0
19756.525553000,0,1
19756.527966266,0,0
19757.535567478,0,1
19757.537980496,0,0
19758.545581942,0,1
19758.547994960,0,0
19759.555596322,0,1
19759.558009588,0,0
19760.565610690,0,1
19760.566880404,1,1
19760.569512438,0,1
19760.569548206,0,0
19761.575625226,0,1
19761.578038494,0,0
19762.585639640,0,1
19762.588052906,0,0
19763.595654116,0,1
19763.598067132,0,0
19764.605668512,0,1
19764.608081528,0,0
19765.615682942,0,1
19765.618095958,0,0
19766.625697344,0,1
19766.628110610,0,0
19767.635711816,0,1
19767.638125082,0,0
19768.645726236,0,1
19768.648139504,0,0
19769.655740692,0,1
19769.658153708,0,0
19770.665755088,0,1
19770.667024720,1,1
19770.669656634,0,1
19770.669692352,0,0
19771.675769466,0,1
19771.678182732,0,0
19772.685783940,0,1
19772.688197206,0,0
19773.695798394,0,1
19773.698211660,0,0
19774.705812808,0,1
19774.708225824,0,0
19775.715827240,0,1
19775.718240256,0,0
19776.725841694,0,1
19776.728254710,0,0
19777.735856062,0,1
19777.738269330,0,0
19778.745870500,0,1
19778.748283766,0,0
19779.755884956,0,1
19779.758298222,0,0
19780.765899418,0,1
19780.767169022,1,1
19780.769800932,0,1
19780.769836684,0,0
19781.775913770,0,1
19781.778327036,0,0
19782.785928202,0,1
19782.788341468,0,0
19783.795942630,0,1
19783.798355898,0,0
19784.805957056,0,1
19784.808370072,0,0
19785.815971558,0,1
19785.818384574,0,0
19786.825986020,0,1
19786.828399038,0,0
19787.836000350,0,1
19787.838413618,0,0
19788.846014826,0,1
19788.848428092,0,0
19789.856029252,0,1
19789.858442518,0,0
19790.866043650,0,1
19790.867313268,1,1
19790.869945134,0,1
19790.869980914,0,0
19791.876058066,0,1
19791.878471332,0,0
19792.886072504,0,1
19792.888485770,0,0
19793.896086924,0,1
19793.898499940,0,0
19794.906101364,0,1
19794.908514382,0,0
19795.916115770,0,1
19795.918528786,0,0
19796.926130194,0,1
19796.928543460,0,0
19797.936144650,0,1
19797.938557916,0,0
19798.946159042,0,1
19798.948572308,0,0
19799.956173520,0,1
19799.957443092,1,1
19799.960074528,0,1
19799.960110786,0,0
19800.966187872,0,1
19800.968601138,0,0
19801.976202316,0,1
19801.978615584,0,0
19802.986216748,0,1
19802.988629766,0,0
19803.996231244,0,1
19803.998644262,0,0
19805.006245684,0,1
19805.008658700,0,0
19806.016260064,0,1
19806.018673330,0,0
19807.026274494,0,1
19807.028687760,0,0
19808.036288908,0,1
19808.038702174,0,0
19809.046303342,0,1
19809.048716358,0,0
19810.056317766,0,1
19810.057587352,1,1
19810.060219202,0,1
19810.060255032,0,0
19811.066332186,0,1
19811.068745452,0,0
19812.076346616,0,1
19812.078759884,0,0
19813.086361032,0,1
19813.088774048,0,0
19814.096375498,0,1
19814.098788514,0,0
19815.106389904,0,1
19815.108802920,0,0
19816.116404322,0,1
19816.118817588,0,0
19817.126418768,0,1
19817.128832034,0,0
19818.136433204,0,1
19818.138846470,0,0
19819.146447654,0,1
19819.148860670,0,0
19820.156462084,0,1
19820.157731594,1,1
19820.160363602,0,1
19820.160399100,0,0
19821.166476362,0,1
19821.168889630,0,0
19822.176490732,0,1
19822.178903998,0,0
19823.186505196,0,1
19823.188918212,0,0
19824.196519620,0,1
19824.198932638,0,0
19825.206534016,0,1
19825.208947282,0,0
19826.216548516,0,1
19826.218961784,0,0
19827.226562892,0,1
19827.228976158,0,0
19828.236577368,0,1
19828.238990384,0,0
19829.246591762,0,1
19829.249005028,0,0
19830.256606172,0,1
19830.257875926,1,1
19830.260507342,0,1
19830.260543688,0,0
19831.266620668,0,1
19831.269033934,0,0
19832.276635112,0,1
19832.279048378,0,0
19833.286649572,0,1
19833.289062588,0,0
19834.296664050,0,1
19834.299077066,0,0
19835.306678494,0,1
19835.309091510,0,0
19836.316692880,0,1
19836.319106146,0,0
19837.326707260,0,1
19837.329120526,0,0
19838.336721734,0,1
19838.339134750,0,0
19839.346736170,0,1
19839.349149186,0,0
19840.356750584,0,1
19840.358020138,1,1
19840.360651556,0,1
19840.360687598,0,0
19841.366765006,0,1
19841.369178272,0,0
19842.376779414,0,1
19842.379192680,0,0
19843.386793882,0,1
19843.389206898,0,0
19844.396808310,0,1
19844.399221326,0,0
19845.406822670,0,1
19845.409235936,0,0
19846.416837112,0,1
19846.419250380,0,0
19847.426851534,0,1
19847.429264800,0,0
19848.436865992,0,1
19848.439279010,0,0
19849.446880424,0,1
19849.449293440,0,0
19850.456894812,0,1
19850.458164422,1,1
19850.460796142,0,1
19850.460832076,0,0
19851.466909170,0,1
19851.469322436,0,0
19852.476923646,0,1
19852.479336912,0,0
19853.486938082,0,1
19853.489351098,0,0
19854.496952526,0,1
19854.499365542,0,0
19855.506966892,0,1
19855.509380158,0,0
19856.516981362,0,1
19856.519394630,0,0
19857.526995752,0,1
19857.529408768,0,0
19858.537010180,0,1
19858.539423198,0,0
19859.547024648,0,1
19859.549437666,0,0
19860.557039016,0,1
19860.558308608,1,1
19860.560940290,0,1
19860.560976282,0,0
19861.567053420,0,1
19861.569466686,0,0
19862.577067858,0,1
19862.579481124,0,0
19863.587082258,0,1
19863.589495274,0,0
19864.597096758,0,1
19864.599509776,0,0
19865.607111108,0,1
19865.609524376,0,0
19866.617125508,0,1
19866.619538774,0,0
19867.627139944,0,1
19867.629552962,0,0
19868.637154464,0,1
19868.639567480,0,0
19869.647168792,0,1
19869.649582058,0,0
19870.657183252,0,1
19870.658452866,1,1
19870.661084422,0,1
19870.661120516,0,0
19871.667197642,0,1
19871.669610910,0,0
19872.677212036,0,1
19872.679625302,0,0
19873.687226472,0,1
19873.689639490,0,0
19874.697240934,0,1
19874.699653950,0,0
19875.707255298,0,1
19875.709668562,0,0
19876.717269782,0,1
19876.719683048,0,0
19877.727284222,0,1
19877.729697238,0,0
19878.737298644,0,1
19878.739711660,0,0
19879.747312998,0,1
19879.749726264,0,0
19880.757327420,0,1
19880.758597190,1,1
19880.761229240,0,1
19880.761264936,0,0
19881.767341984,0,1
19881.769755250,0,0
19882.777356398,0,1
19882.779769664,0,0
19883.787370836,0,1
19883.789783854,0,0
19884.797385314,0,1
19884.799798330,0,0
19885.807399640,0,1
19885.809812906,0,0
19886.817414102,0,1
19886.819827370,0,0
19887.827428506,0,1
19887.829841524,0,0
19888.837442990,0,1
19888.839856008,0,0
19889.847457318,0,1
19889.849870584,0,0
19890.857471802,0,1
19890.858741340,1,1
19890.861373642,0,1
19890.861409068,0,0
19891.867486200,0,1
19891.869899466,0,0
19892.877500612,0,1
19892.879913878,0,0
19893.887515056,0,1
19893.889928072,0,0
19894.897529496,0,1
19894.899942512,0,0
19895.907543842,0,1
19895.909957108,0,0
19896.917558286,0,1
19896.919971552,0,0
19897.927572750,0,1
19897.929985766,0,0
19898.937587152,0,1
19898.940000170,0,0
19899.947601538,0,1
19899.948871222,1,1
19899.951502960,0,1
19899.951538804,0,0
19900.957616176,0,1
19900.960029444,0,0
19901.967630634,0,1
19901.970043650,0,0
19902.977645104,0,1
19902.980058122,0,0
19903.987659556,0,1
19903.990072572,0,0
19904.997673886,0,1
19905.000087152,0,0
19906.007688352,0,1
19906.010101620,0,0
19907.017702738,0,1
19907.020115754,0,0
19908.027717190,0,1
19908.030130206,0,0
19909.037731678,0,1
19909.040144694,0,0
19910.047746016,0,1
19910.049015452,1,1
19910.051647114,0,1
19910.051683032,0,0
19911.057760278,0,1
19911.060173544,0,0
19912.067774712,0,1
19912.070187978,0,0
19913.077789174,0,1
19913.080202190,0,0
19914.087803576,0,1
19914.090216592,0,0
19915.097817978,0,1
19915.100231244,0,0
19916.107832376,0,1
19916.110245642,0,0
19917.117846838,0,1
19917.120259856,0,0
19918.127861298,0,1
19918.130274316,0,0
19919.137875678,0,1
19919.140288944,0,0
19920.147890132,0,1
19920.149159762,1,1
19920.151791476,0,1
19920.151827398,0,0
19921.157904532,0,1
19921.160317798,0,0
19922.167918960,0,1
19922.170332226,0,0
19923.177933388,0,1
19923.180346404,0,0
19924.187947856,0,1
19924.190360874,0,0
19925.197962212,0,1
19925.200375480,0,0
19926.207976618,0,1
19926.210389884,0,0
19927.217991056,0,1
19927.220404074,0,0
19928.228005516,0,1
19928.230418532,0,0
19929.238019866,0,1
19929.240433134,0,0
19930.248034312,0,1
19930.249304010,1,1
19930.251936288,0,1
19930.251971578,0,0
19931.258048816,0,1
19931.260462082,0,0
19932.268063240,0,1
19932.270476506,0,0
19933.278077728,0,1
19933.280490744,0,0
19934.288092096,0,1
19934.290505112,0,0
19935.298106528,0,1
19935.300519796,0,0
19936.308120940,0,1
19936.310534206,0,0
19937.318135410,0,1
19937.320548426,0,0
19938.328149850,0,1
19938.330562868,0,0
19939.338164274,0,1
19939.340577290,0,0
19940.348178664,0,1
19940.349448156,1,1
19940.352080052,0,1
19940.352115678,0,0
19941.358192892,0,1
19941.360606158,0,0
19942.368207324,0,1
19942.370620590,0,0
19943.378221792,0,1
19943.380634808,0,0
19944.388236242,0,1
19944.390649258,0,0
19945.398250598,0,1
19945.400663864,0,0
19946.408265036,0,1
19946.410678302,0,0
19947.418279420,0,1
19947.420692436,0,0
19948.428293894,0,1
19948.430706910,0,0
19949.438308308,0,1
19949.440721574,0,0
19950.448322706,0,1
19950.449592440,1,1
19950.452224624,0,1
19950.452259972,0,0
19951.458337248,0,1
19951.460750516,0,0
19952.468351662,0,1
19952.470764930,0,0
19953.478366118,0,1
19953.480779136,0,0
19954.488380522,0,1
19954.490793538,0,0
19955.498394940,0,1
19955.500808206,0,0
19956.508409366,0,1
19956.510822634,0,0
19957.518423808,0,1
19957.520836824,0,0
19958.528438222,0,1
19958.530851240,0,0
19959.538452656,0,1
19959.540865672,0,0
19960.548467068,0,1
19960.549736724,1,1
19960.552368468,0,1
19960.552404334,0,0
19961.558481410,0,1
19961.560894676,0,0
19962.568495876,0,1
19962.570909142,0,0
19963.578510304,0,1
19963.580923322,0,0
19964.588524752,0,1
19964.590937768,0,0
19965.598539140,0,1
19965.600952406,0,0
19966.608553590,0,1
19966.610966856,0,0
19967.618568002,0,1
19967.620981018,0,0
19968.628582432,0,1
19968.630995450,0,0
19969.638596828,0,1
19969.641010096,0,0
19970.648611288,0,1
19970.649880964,1,1
19970.652512724,0,1
19970.652548552,0,0
19971.658625710,0,1
19971.661038976,0,0
19972.668640190,0,1
19972.671053456,0,0
19973.678654646,0,1
19973.681067662,0,0
19974.688669036,0,1
19974.691082304,0,0
19975.698683438,0,1
19975.701096704,0,0
19976.708697906,0,1
19976.711110922,0,0
19977.718712350,0,1
19977.721125366,0,0
19978.728726724,0,1
19978.731139992,0,0
19979.738741146,0,1
19979.741154412,0,0
19980.748755574,0,1
19980.750025130,1,1
19980.752656722,0,1
19980.752692590,0,0
19981.758769992,0,1
19981.761183258,0,0
19982.768784428,0,1
19982.771197444,0,0
19983.778798866,0,1
19983.781211882,0,0
19984.788813252,0,1
19984.791226518,0,0
19985.798827680,0,1
19985.801240946,0,0
19986.808842114,0,1
19986.811255130,0,0
19987.818856528,0,1
19987.821269546,0,0
19988.828870944,0,1
19988.831284210,0,0
19989.838885344,0,1
19989.841298610,0,0
19990.848899760,0,1
19990.850169354,1,1
19990.852801256,0,1
19990.852837026,0,0
19991.858914158,0,1
19991.861327424,0,0
19992.868928612,0,1
19992.871341878,0,0
19993.878943056,0,1
19993.881356074,0,0
19994.888957486,0,1
19994.891370504,0,0
19995.898971902,0,1
19995.901385168,0,0
19996.908986308,0,1
19996.911399574,0,0
19997.919000768,0,1
19997.921413784,0,0
19998.929015192,0,1
19998.931428208,0,0
19999.939029568,0,1
19999.940299228,1,1
19999.942931124,0,1
19999.942966834,0,0
20000.949044072,0,1
20000.951457340,0,0
20001.959058488,0,1
20001.961471754,0,0
20002.969072946,0,1
20002.971485962,0,0
20003.979087376,0,1
20003.981500392,0,0
20004.989101730,0,1
20004.991514998,0,0
20005.999116154,0,1
20006.001529422,0,0
20007.009130586,0,1
20007.011543602,0,0
20008.019145024,0,1
20008.021558040,0,0
20009.029159506,0,1
20009.031572522,0,0
20010.039173850,0,1
20010.040443440,1,1
20010.043075398,0,1
20010.043111116,0,0
20011.049188252,0,1
20011.051601520,0,0
20012.059202652,0,1
20012.061615920,0,0
20013.069217146,0,1
20013.071630162,0,0
20014.079231562,0,1
20014.081644578,0,0
20015.089245952,0,1
20015.091659220,0,0
20016.099260380,0,1
20016.101673646,0,0
20017.109274826,0,1
20017.111687842,0,0
20018.119289278,0,1
20018.121702294,0,0
20019.129303652,0,1
20019.131716920,0,0
20020.139318030,0,1
20020.140587672,1,1
20020.143219920,0,1
20020.143255294,0,0
20021.149332414,0,1
20021.151745680,0,0
20022.159346868,0,1
20022.161760134,0,0
20023.169361338,0,1
20023.171774354,0,0
20024.179375720,0,1
20024.181788736,0,0
20025.189390112,0,1
20025.191803380,0,0
20026.199404550,0,1
20026.201817816,0,0
20027.209418984,0,1
20027.211832000,0,0
20028.219433474,0,1
20028.221846490,0,0
20029.229447860,0,1
20029.231860876,0,0
20030.239462284,0,1
20030.240731838,1,1
20030.243364042,0,1
20030.243399548,0,0
20031.249476670,0,1
20031.251889936,0,0
20032.259491070,0,1
20032.261904336,0,0
20033.269505520,0,1
20033.271918536,0,0
20034.279519964,0,1
20034.281932982,0,0
20035.289534352,0,1
20035.291947620,0,0
20036.299548748,0,1
20036.301962014,0,0
20037.309563190,0,1
20037.311976208,0,0
20038.319577658,0,1
20038.321990674,0,0
20039.329592002,0,1
20039.332005268,0,0
20040.339606466,0,1
20040.340876108,1,1
20040.343508044,0,1
20040.343543732,0,0
20041.349620820,0,1
20041.352034086,0,0
20042.359635256,0,1
20042.362048272,0,0
20043.369649706,0,1
20043.372062724,0,0
20044.379664152,0,1
20044.382077168,0,0
20045.389678504,0,1
20045.392091772,0,0
20046.399692940,0,1
20046.402106206,0,0
20047.409707406,0,1
20047.412120422,0,0
20048.419721764,0,1
20048.422135030,0,0
20049.429736240,0,1
20049.432149256,0,0
20050.439750680,0,1
20050.441020310,1,1
20050.443652104,0,1
20050.443687946,0,0
20051.449765024,0,1
20051.452178290,0,0
20052.459779500,0,1
20052.462192516,0,0
20053.469793940,0,1
20053.472206956,0,0
20054.479808272,0,1
20054.482221540,0,0
20055.489822714,0,1
20055.492235980,0,0
20056.499837202,0,1
20056.502250218,0,0
20057.509851610,0,1
20057.512264628,0,0
20058.519865972,0,1
20058.522279238,0,0
20059.529880422,0,1
20059.532293690,0,0
20060.539894872,0,1
20060.541164496,1,1
20060.543796078,0,1
20060.543832136,0,0
20061.549909204,0,1
20061.552322470,0,0
20062.559923654,0,1
20062.562336670,0,0
20063.569938056,0,1
20063.572351072,0,0
20064.579952472,0,1
20064.582365738,0,0
20065.589966928,0,1
20065.592380194,0,0
20066.599981362,0,1
20066.602394380,0,0
20067.609995794,0,1
20067.612408810,0,0
20068.620010148,0,1
20068.622423414,0,0
20069.630024586,0,1
20069.632437852,0,0
20070.640039004,0,1
20070.641308758,1,1
20070.643940450,0,1
20070.643976520,0,0
20071.650053540,0,1
20071.652466806,0,0
20072.660067922,0,1
20072.662481188,0,0
20073.670082404,0,1
20073.672495420,0,0
20074.680096844,0,1
20074.682509860,0,0
20075.690111200,0,1
20075.692524468,0,0
20076.700125648,0,1
20076.702538914,0,0
20077.710140052,0,1
20077.712553070,0,0
20078.720154540,0,1
20078.722567556,0,0
20079.730168940,0,1
20079.732582206,0,0
20080.740183354,0,1
20080.741452956,1,1
20080.744084514,0,1
20080.744120620,0,0
20081.750197708,0,1
20081.752610974,0,0
20082.760212198,0,1
20082.762625214,0,0
20083.770226612,0,1
20083.772639628,0,0
20084.780240944,0,1
20084.782654210,0,0
20085.790255388,0,1
20085.792668654,0,0
20086.800269816,0,1
20086.802682834,0,0
20087.810284280,0,1
20087.812697296,0,0
20088.820298662,0,1
20088.822711930,0,0
20089.830313090,0,1
20089.832726356,0,0
20090.840327552,0,1
20090.841597216,1,1
20090.844228904,0,1
20090.844264818,0,0
20091.850341848,0,1
20091.852755114,0,0
20092.860356330,0,1
20092.862769348,0,0
20093.870370742,0,1
20093.872783758,0,0
20094.880385124,0,1
20094.882798390,0,0
20095.890399568,0,1
20095.892812834,0,0
20096.900414048,0,1
20096.902827066,0,0
20097.910428436,0,1
20097.912841452,0,0
20098.920442848,0,1
20098.922856112,0,0
20099.930457278,0,1
20099.931726966,1,1
20099.934358664,0,1
20099.934394544,0,0
20100.940471788,0,1
20100.942885054,0,0
20101.950486172,0,1
20101.952899440,0,0
20102.960500682,0,1
20102.962913700,0,0
20103.970515132,0,1
20103.972928148,0,0
20104.980529458,0,1
20104.982942726,0,0
20105.990543908,0,1
20105.992957176,0,0
20107.000558334,0,1
20107.002971350,0,0
20108.010572782,0,1
20108.012985798,0,0
20109.020587128,0,1
20109.023000394,0,0
20110.030601588,0,1
20110.031871280,1,1
20110.034503194,0,1
20110.034538854,0,0
20111.040616066,0,1
20111.043029334,0,0
20112.050630484,0,1
20112.053043752,0,0
20113.060644980,0,1
20113.063057996,0,0
20114.070659370,0,1
20114.073072386,0,0
20115.080673772,0,1
20115.083087038,0,0
20116.090688218,0,1
20116.093101484,0,0
20117.100702648,0,1
20117.103115664,0,0
20118.110717076,0,1
20118.113130092,0,0
20119.120731486,0,1
20119.123144502,0,0
20120.130745902,0,1
20120.132015464,1,1
20120.134647290,0,1
20120.134683166,0,0
20121.140760292,0,1
20121.143173558,0,0
20122.150774752,0,1
20122.153188018,0,0
20123.160789132,0,1
20123.163202148,0,0
20124.170803556,0,1
20124.173216572,0,0
20125.180817954,0,1
20125.183231220,0,0
20126.190832362,0,1
20126.193245630,0,0
20127.200846812,0,1
20127.203259828,0,0
20128.210861264,0,1
20128.213274280,0,0
20129.220875710,0,1
20129.223288726,0,0
20130.230890050,0,1
20130.232159586,1,1
20130.234791178,0,1
20130.234827314,0,0
20131.240904344,0,1
20131.243317612,0,0
20132.250918762,0,1
20132.253332030,0,0
20133.260933188,0,1
20133.263346204,0,0
20134.270947606,0,1
20134.273360622,0,0
20135.280961958,0,1
20135.283375224,0,0
20136.290976456,0,1
20136.293389724,0,0
20137.300990842,0,1
20137.303403858,0,0
20138.311005294,0,1
20138.313418310,0,0
20139.321019648,0,1
20139.323432914,0,0
20140.331034088,0,1
20140.332303900,1,1
20140.334935800,0,1
20140.334971604,0,0
20141.341048758,0,1
20141.343462024,0,0
20142.351063134,0,1
20142.353476400,0,0
20143.361077630,0,1
20143.363490646,0,0
20144.371092032,0,1
20144.373505050,0,0
20145.381106446,0,1
20145.383519462,0,0
20146.391120824,0,1
20146.393534092,0,0
20147.401135300,0,1
20147.403548568,0,0
20148.411149720,0,1
20148.413562736,0,0
20149.421164140,0,1
20149.423577156,0,0
20150.431178610,0,1
20150.432448080,1,1
20150.435080078,0,1
20150.435115876,0,0
20151.441192858,0,1
20151.443606126,0,0
20152.451207260,0,1
20152.453620526,0,0
20153.461221704,0,1
20153.463634720,0,0
20154.471236124,0,1
20154.473649140,0,0
20155.481250558,0,1
20155.483663824,0,0
20156.491264982,0,1
20156.493678248,0,0
20157.501279362,0,1
20157.503692378,0,0
20158.511293832,0,1
20158.513706848,0,0
20159.521308200,0,1
20159.523721466,0,0
20160.531322652,0,1
20160.532592316,1,1
20160.535223908,0,1
20160.535259918,0,0
20161.541336986,0,1
20161.543750254,0,0
20162.551351426,0,1
20162.553764692,0,0
20163.561365912,0,1
20163.563778928,0,0
20164.571380342,0,1
20164.573793360,0,0
20165.581394672,0,1
20165.583807938,0,0
20166.591409126,0,1
20166.593822392,0,0
20167.601423550,0,1
20167.603836566,0,0
20168.611437974,0,1
20168.613850990,0,0
20169.621452350,0,1
20169.623865618,0,0
20170.631466804,0,1
20170.632736522,1,1
20170.635368340,0,1
20170.635404320,0,0
20171.641481258,0,1
20171.643894526,0,0
20172.651495680,0,1
20172.653908946,0,0
20173.661510190,0,1
20173.663923206,0,0
20174.671524612,0,1
20174.673937630,0,0
20175.681538984,0,1
20175.683952250,0,0
20176.691553434,0,1
20176.693966700,0,0
20177.701567852,0,1
20177.703981118,0,0
20178.711582248,0,1
20178.713995264,0,0
20179.721596688,0,1
20179.724009704,0,0
20180.731611058,0,1
20180.732880652,1,1
20180.735512894,0,1
20180.735548324,0,0
20181.741625420,0,1
20181.744038688,0,0
20182.751639870,0,1
20182.754053138,0,0
20183.761654292,0,1
20183.764067308,0,0
20184.771668758,0,1
20184.774081774,0,0
20185.781683148,0,1
20185.784096414,0,0
20186.791697594,0,1
20186.794110862,0,0
20187.801712042,0,1
20187.804125060,0,0
20188.811726370,0,1
20188.814139388,0,0
20189.821740772,0,1
20189.824154038,0,0
20190.831755268,0,1
20190.833024926,1,1
20190.835656880,0,1
20190.835692532,0,0
20191.841769646,0,1
20191.844182912,0,0
20192.851784062,0,1
20192.854197080,0,0
20193.861798420,0,1
20193.864211686,0,0
20194.871812874,0,1
20194.874226140,0,0
20195.881827296,0,1
20195.884240312,0,0
20196.891841734,0,1
20196.894254750,0,0
20197.901856108,0,1
20197.904269374,0,0
20198.911870526,0,1
20198.914283792,0,0
20199.921885008,0,1
20199.923154668,1,1
20199.925787002,0,1
20199.925822272,0,0
20200.931899332,0,1
20200.934312598,0,0
20201.941913822,0,1
20201.944326838,0,0
20202.951928226,0,1
20202.954341244,0,0
20203.961942690,0,1
20203.964355706,0,0
20204.971957042,0,1
20204.974370310,0,0
20205.981971486,0,1
20205.984384502,0,0
20206.991985916,0,1
20206.994398934,0,0
20208.002000250,0,1
20208.004413518,0,0
20209.012014678,0,1
20209.014427946,0,0
20210.022029174,0,1
20210.023298938,1,1
20210.025930622,0,1
20210.025966690,0,0
20211.032043612,0,1
20211.034456878,0,0
20212.042058082,0,1
20212.044471350,0,0
20213.052072528,0,1
20213.054485544,0,0
20214.062086950,0,1
20214.064499966,0,0
20215.072101300,0,1
20215.074514566,0,0
20216.082115776,0,1
20216.084529044,0,0
20217.092130168,0,1
20217.094543434,0,0
20218.102144602,0,1
20218.104557618,0,0
20219.112159060,0,1
20219.114572076,0,0
20220.122173432,0,1
20220.123443152,1,1
20220.126075250,0,1
20220.126110948,0,0
20221.132187942,0,1
20221.134601208,0,0
20222.142202370,0,1
20222.144615636,0,0
20223.152216788,0,1
20223.154629804,0,0
20224.162231220,0,1
20224.164644236,0,0
20225.172245608,0,1
20225.174658874,0,0
20226.182260054,0,1
20226.184673320,0,0
20227.192274460,0,1
20227.194687476,0,0
20228.202288902,0,1
20228.204701918,0,0
20229.212303294,0,1
20229.214716560,0,0
20230.222317718,0,1
20230.223587336,1,1
20230.226219592,0,1
20230.226254982,0,0
20231.232332104,0,1
20231.234745372,0,0
20232.242346558,0,1
20232.244759826,0,0
20233.252360944,0,1
20233.254773960,0,0
20234.262375416,0,1
20234.264788432,0,0
20235.272389836,0,1
20235.274803102,0,0
20236.282404236,0,1
20236.284817502,0,0
20237.292418702,0,1
20237.294831718,0,0
20238.302433106,0,1
20238.304846124,0,0
20239.312447538,0,1
20239.314860554,0,0
20240.322461926,0,1
20240.323731578,1,1
20240.326363194,0,1
20240.326399190,0,0
20241.332476292,0,1
20241.334889558,0,0
20242.342490716,0,1
20242.344903984,0,0
20243.352505176,0,1
20243.354918192,0,0
20244.362519636,0,1
20244.364932652,0,0
20245.372533968,0,1
20245.374947234,0,0
20246.382548426,0,1
20246.384961692,0,0
20247.392562872,0,1
20247.394975890,0,0
20248.402577260,0,1
20248.404990278,0,0
20249.412591696,0,1
20249.415004712,0,0
20250.422606108,0,1
20250.423875730,1,1
20250.426507630,0,1
20250.426543374,0,0
20251.432620528,0,1
20251.435033794,0,0
20252.442634880,0,1
20252.445048148,0,0
20253.452649374,0,1
20253.455062390,0,0
20254.462663786,0,1
20254.465076802,0,0
20255.472678138,0,1
20255.475091404,0,0
20256.482692594,0,1
20256.485105860,0,0
20257.492707064,0,1
20257.495120080,0,0
20258.502721486,0,1
20258.505134502,0,0
20259.512735830,0,1
20259.515149096,0,0
20260.522750290,0,1
20260.524020044,1,1
20260.526651886,0,1
20260.526687806,0,0
20261.532764788,0,1
20261.535178056,0,0
20262.542779256,0,1
20262.545192522,0,0
20263.552793672,0,1
20263.555206690,0,0
20264.562808088,0,1
20264.565221104,0,0
20265.572822484,0,1
20265.575235750,0,0
20266.582836944,0,1
20266.585249960,0,0
20267.592851374,0,1
20267.595264390,0,0
20268.602865708,0,1
20268.605278974,0,0
20269.612880190,0,1
20269.615293458,0,0
20270.622894570,0,1
20270.624164198,1,1
20270.626795914,0,1
20270.626831836,0,0
20271.632908984,0,1
20271.635322252,0,0
20272.642923358,0,1
20272.645336624,0,0
20273.652937816,0,1
20273.655350832,0,0
20274.662952248,0,1
20274.665365264,0,0
20275.672966652,0,1
20275.675379918,0,0
20276.682981086,0,1
20276.685394352,0,0
20277.692995524,0,1
20277.695408540,0,0
20278.703009968,0,1
20278.705422986,0,0
20279.713024400,0,1
20279.715437416,0,0
20280.723038772,0,1
20280.724308428,1,1
20280.726940170,0,1
20280.726976036,0,0
20281.733053130,0,1
20281.735466396,0,0
20282.743067580,0,1
20282.745480846,0,0
20283.753081996,0,1
20283.755495014,0,0
20284.763096424,0,1
20284.765509440,0,0
20285.773110834,0,1
20285.775524100,0,0
20286.783125232,0,1
20286.785538498,0,0
20287.793139660,0,1
20287.795552678,0,0
20288.803154114,0,1
20288.805567132,0,0
20289.813168612,0,1
20289.815581628,0,0
20290.823182978,0,1
20290.824452668,1,1
20290.827084566,0,1
20290.827120244,0,0
20291.833197486,0,1
20291.835610752,0,0
20292.843211890,0,1
20292.845625158,0,0
20293.853226316,0,1
20293.855639332,0,0
20294.863240786,0,1
20294.865653802,0,0
20295.873255144,0,1
20295.875668410,0,0
20296.883269598,0,1
20296.885682864,0,0
20297.893284032,0,1
20297.895697050,0,0
20298.903298448,0,1
20298.905711464,0,0
20299.913312886,0,1
20299.915725902,0,0
20300.923327266,0,1
20300.924596838,1,1
20300.927228512,0,1
20300.927264532,0,0
20301.933341618,0,1
20301.935754886,0,0
20302.943356080,0,1
20302.945769346,0,0
20303.953370512,0,1
20303.955783528,0,0
20304.963384972,0,1
20304.965797988,0,0
20305.973399370,0,1
20305.975812636,0,0
20306.983413724,0,1
20306.985826990,0,0
20307.993428220,0,1
20307.995841236,0,0
20309.003442628,0,1
20309.005855644,0,0
20310.013457008,0,1
20310.014726684,1,1
20310.017358108,0,1
20310.017394272,0,0
20311.023471530,0,1
20311.025884796,0,0
20312.033485984,0,1
20312.035899250,0,0
20313.043500362,0,1
20313.045913378,0,0
20314.053514784,0,1
20314.055927802,0,0
20315.063529152,0,1
20315.065942420,0,0
20316.073543618,0,1
20316.075956884,0,0
20317.083558088,0,1
20317.085971106,0,0
20318.093572468,0,1
20318.095985484,0,0
20319.103586924,0,1
20319.105999940,0,0
20320.113601316,0,1
20320.114870840,1,1
20320.117502632,0,1
20320.117538582,0,0
20321.123615558,0,1
20321.126028824,0,0
20322.133629984,0,1
20322.136043252,0,0
20323.143644404,0,1
20323.146057422,0,0
20324.153658852,0,1
20324.156071868,0,0
20325.163673290,0,1
20325.166086558,0,0
20326.173687690,0,1
20326.176100956,0,0
20327.183702132,0,1
20327.186115150,0,0
20328.193716544,0,1
20328.196129560,0,0
20329.203730948,0,1
20329.206144214,0,0
20330.213745358,0,1
20330.215015124,1,1
20330.217646724,0,1
20330.217682874,0,0
20331.223759880,0,1
20331.226173146,0,0
20332.233774330,0,1
20332.236187596,0,0
20333.243788718,0,1
20333.246201734,0,0
20334.253803172,0,1
20334.256216188,0,0
20335.263817542,0,1
20335.266230808,0,0
20336.273831982,0,1
20336.276245248,0,0
20337.283846446,0,1
20337.286259462,0,0
20338.293860750,0,1
20338.296274018,0,0
20339.303875264,0,1
20339.306288530,0,0
20340.313889662,0,1
20340.315159286,1,1
20340.317790868,0,1
20340.317826928,0,0
20341.323904088,0,1
20341.326317354,0,0
20342.333918452,0,1
20342.336331718,0,0
20343.343932964,0,1
20343.346345982,0,0
20344.353947382,0,1
20344.356360398,0,0
20345.363961684,0,1
20345.366374952,0,0
20346.373976154,0,1
20346.376389420,0,0
20347.383990556,0,1
20347.386403574,0,0
20348.394005020,0,1
20348.396418038,0,0
20349.404019400,0,1
20349.406432666,0,0
20350.414033810,0,1
20350.415303464,1,1
20350.417934780,0,1
20350.417971074,0,0
20351.424048234,0,1
20351.426461500,0,0
20352.434062690,0,1
20352.436475956,0,0
20353.444077112,0,1
20353.446490130,0,0
20354.454091510,0,1
20354.456504526,0,0
20355.464105870,0,1
20355.466519136,0,0
20356.474120294,0,1
20356.476533562,0,0
20357.484134794,0,1
20357.486547810,0,0
20358.494149242,0,1
20358.496562258,0,0
20359.504163542,0,1
20359.506576810,0,0
20360.514178016,0,1
20360.515447714,1,1
20360.518079732,0,1
20360.518115532,0,0
20361.524192512,0,1
20361.526605778,0,0
20362.534206936,0,1
20362.536620202,0,0
20363.544221340,0,1
20363.546634358,0,0
20364.554235844,0,1
20364.556648860,0,0
20365.564250166,0,1
20365.566663434,0,0
20366.574264612,0,1
20366.576677880,0,0
20367.584279056,0,1
20367.586692074,0,0
20368.594293478,0,1
20368.596706494,0,0
20369.604307924,0,1
20369.606720942,0,0
20370.614322226,0,1
20370.615591814,1,1
20370.618223440,0,1
20370.618259492,0,0
20371.624336616,0,1
20371.626749882,0,0
20372.634351088,0,1
20372.636764354,0,0
20373.644365536,0,1
20373.646778552,0,0
20374.654379978,0,1
20374.656792996,0,0
20375.664394376,0,1
20375.666807642,0,0
20376.674408780,0,1
20376.676822048,0,0
20377.684423228,0,1
20377.686836244,0,0
20378.694437648,0,1
20378.696850664,0,0
20379.704451990,0,1
20379.706865258,0,0
20380.714466466,0,1
20380.715736028,1,1
20380.718367732,0,1
20380.718403730,0,0
20381.724480840,0,1
20381.726894106,0,0
20382.734495212,0,1
20382.736908478,0,0
20383.744509674,0,1
20383.746922690,0,0
20384.754524106,0,1
20384.756937122,0,0
20385.764538490,0,1
20385.766951756,0,0
20386.774552952,0,1
20386.776966218,0,0
20387.784567414,0,1
20387.786980432,0,0
20388.794581818,0,1
20388.796994836,0,0
20389.804596194,0,1
20389.807009462,0,0
20390.814610630,0,1
20390.815880170,1,1
20390.818512104,0,1
20390.818547646,0,0
20391.824625008,0,1
20391.827038274,0,0
20392.834639394,0,1
20392.837052410,0,0
20393.844653866,0,1
20393.847066884,0,0
20394.854668214,0,1
20394.857081480,0,0
20395.864682654,0,1
20395.867095920,0,0
20396.874697104,0,1
20396.877110120,0,0
20397.884711518,0,1
20397.887124534,0,0
20398.894725952,0,1
20398.897139220,0,0
20399.904740342,0,1
20399.907153608,0,0
20400.914754774,0,1
20400.916024332,1,1
20400.918656436,0,1
20400.918692038,0,0
20401.924769136,0,1
20401.927182402,0,0
20402.934783560,0,1
20402.937196576,0,0
20403.944797976,0,1
20403.947210992,0,0
20404.954812466,0,1
20404.957225482,0,0
20405.964826854,0,1
20405.967240120,0,0
20406.974841258,0,1
20406.977254526,0,0
20407.984855706,0,1
20407.987268722,0,0
20408.994870114,0,1
20408.997283130,0,0
20410.004884548,0,1
20410.006154148,1,1
20410.008785812,0,1
20410.008821812,0,0
20411.014898860,0,1
20411.017312126,0,0
20412.024913346,0,1
20412.027326364,0,0
20413.034927670,0,1
20413.037340936,0,0
20414.044942162,0,1
20414.047355428,0,0
20415.054956568,0,1
20415.057369586,0,0
20416.064970992,0,1
20416.067384008,0,0
20417.074985340,0,1
20417.077398608,0,0
20418.084999832,0,1
20418.087413098,0,0
20419.095014270,0,1
20419.097427284,0,0
20420.105028704,0,1
20420.106298296,1,1
20420.108930008,0,1
20420.108965970,0,0
20421.115043082,0,1
20421.117456348,0,0
20422.125057502,0,1
20422.127470518,0,0
20423.135071974,0,1
20423.137484990,0,0
20424.145086278,0,1
20424.147499546,0,0
20425.155100722,0,1
20425.157513990,0,0
20426.165115198,0,1
20426.167528214,0,0
20427.175129628,0,1
20427.177542644,0,0
20428.185144026,0,1
20428.187557292,0,0
20429.195158446,0,1
20429.197571712,0,0
20430.205172844,0,1
20430.206442498,1,1
20430.209074172,0,1
20430.209110110,0,0
20431.215187256,0,1
20431.217600522,0,0
20432.225201712,0,1
20432.227614730,0,0
20433.235216118,0,1
20433.237629134,0,0
20434.245230482,0,1
20434.247643748,0,0
20435.255244926,0,1
20435.257658192,0,0
20436.265259308,0,1
20436.267672324,0,0
20437.275273744,0,1
20437.277686760,0,0
20438.285288146,0,1
20438.287701414,0,0
20439.295302570,0,1
20439.297715838,0,0
20440.305316990,0,1
20440.306586710,1,1
20440.309218562,0,1
20440.309254506,0,0
20441.315331494,0,1
20441.317744760,0,0
20442.325345922,0,1
20442.327758938,0,0
20443.335360388,0,1
20443.337773404,0,0
20444.345374770,0,1
20444.347788036,0,0
20445.355389206,0,1
20445.357802472,0,0
20446.365403578,0,1
20446.367816596,0,0
20447.375418044,0,1
20447.377831062,0,0
20448.385432370,0,1
20448.387845636,0,0
20449.395446872,0,1
20449.397860138,0,0
20450.405461320,0,1
20450.406730962,1,1
20450.409362558,0,1
20450.409398586,0,0
20451.415475696,0,1
20451.417888962,0,0
20452.425490108,0,1
20452.427903124,0,0
20453.435504546,0,1
20453.437917564,0,0
20454.445518884,0,1
20454.447932152,0,0
20455.455533378,0,1
20455.457946646,0,0
20456.465547776,0,1
20456.467960792,0,0
20457.475562250,0,1
20457.477975268,0,0
20458.485576576,0,1
20458.487989842,0,0
20459.495591034,0,1
20459.498004302,0,0
20460.505605474,0,1
20460.506875126,1,1
20460.509507298,0,1
20460.509542740,0,0
20461.515619798,0,1
20461.518033064,0,0
20462.525634256,0,1
20462.528047272,0,0
20463.535648760,0,1
20463.538061778,0,0
20464.545663096,0,1
20464.548076362,0,0
20465.555677534,0,1
20465.558090800,0,0
20466.565691932,0,1
20466.568104948,0,0
20467.575706376,0,1
20467.578119392,0,0
20468.585720776,0,1
20468.588134042,0,0
20469.595735140,0,1
20469.598148406,0,0
20470.605749600,0,1
20470.607019298,1,1
20470.609650900,0,1
20470.609687114,0,0
20471.615764124,0,1
20471.618177392,0,0
20472.625778522,0,1
20472.628191790,0,0
20473.635793034,0,1
20473.638206050,0,0
20474.645807438,0,1
20474.648220454,0,0
20475.655821814,0,1
20475.658235080,0,0
20476.665836230,0,1
20476.668249498,0,0
20477.675850680,0,1
20477.678263696,0,0
20478.685865094,0,1
20478.688278110,0,0
20479.695879472,0,1
20479.698292738,0,0
20480.705893918,0,1
20480.707163498,1,1
20480.709795538,0,1
20480.709831184,0,0
20481.715908302,0,1
20481.718321568,0,0
20482.725922728,0,1
20482.728335994,0,0
20483.735937126,0,1
20483.738350142,0,0
20484.745951546,0,1
20484.748364812,0,0
20485.755965988,0,1
20485.758379004,0,0
20486.765980424,0,1
20486.768393440,0,0
20487.775994884,0,1
20487.778407900,0,0
20488.786009178,0,1
20488.788422444,0,0
20489.796023648,0,1
20489.798436664,0,0
20490.806038078,0,1
20490.807307688,1,1
20490.809939746,0,1
20490.809975342,0,0
20491.816052452,0,1
20491.818465720,0,0
20492.826066926,0,1
20492.828480192,0,0
20493.836081338,0,1
20493.838494354,0,0
20494.846095736,0,1
20494.848508754,0,0
20495.856110116,0,1
20495.858523384,0,0
20496.866124560,0,1
20496.868537826,0,0
20497.876138978,0,1
20497.878551994,0,0
20498.886153450,0,1
20498.888566466,0,0
20499.896167814,0,1
20499.898581082,0,0
20500.906182236,0,1
20500.907451922,1,1
20500.910083828,0,1
20500.910119500,0,0
20501.916196710,0,1
20501.918609976,0,0
20502.926211164,0,1
20502.928624430,0,0
20503.936225642,0,1
20503.938638660,0,0
20504.946240042,0,1
20504.948653058,0,0
20505.956254410,0,1
20505.958667676,0,0
20506.966268828,0,1
20506.968682096,0,0
20507.976283246,0,1
20507.978696264,0,0
20508.986297716,0,1
20508.988710732,0,0
20509.996312154,0,1
20509.997581662,1,1
20510.000213632,0,1
20510.000249420,0,0
20511.006326414,0,1
20511.008739682,0,0
20512.016340854,0,1
20512.018754120,0,0
20513.026355270,0,1
20513.028768286,0,0
20514.036369716,0,1
20514.038782734,0,0
20515.046384052,0,1
20515.048797318,0,0
20516.056398570,0,1
20516.058811836,0,0
20517.066412970,0,1
20517.068825988,0,0
20518.076427354,0,1
20518.078840370,0,0
20519.086441766,0,1
20519.088855032,0,0
20520.096456150,0,1
20520.097725878,1,1
20520.100357712,0,1
20520.100393666,0,0
20521.106470672,0,1
20521.108883940,0,0
20522.116485100,0,1
20522.118898368,0,0
20523.126499550,0,1
20523.128912566,0,0
20524.136513932,0,1
20524.138926948,0,0
20525.146528328,0,1
20525.148941596,0,0
20526.156542766,0,1
20526.158956032,0,0
20527.166557208,0,1
20527.168970224,0,0
20528.176571644,0,1
20528.178984660,0,0
20529.186586040,0,1
20529.188999308,0,0
20530.196600484,0,1
20530.197870098,1,1
20530.200501610,0,1
20530.200537748,0,0
20531.206614808,0,1
20531.209028074,0,0
20532.216629292,0,1
20532.219042560,0,0
20533.226643662,0,1
20533.229056678,0,0
20534.236658118,0,1
20534.239071134,0,0
20535.246672496,0,1
20535.249085762,0,0
20536.256686930,0,1
20536.259100198,0,0
20537.266701366,0,1
20537.269114384,0,0
20538.276715826,0,1
20538.279128842,0,0
20539.286730190,0,1
20539.289143458,0,0
20540.296744630,0,1
20540.298014272,1,1
20540.300645626,0,1
20540.300681896,0,0
20541.306758984,0,1
20541.309172250,0,0
20542.316773408,0,1
20542.319186676,0,0
20543.326787856,0,1
20543.329200872,0,0
20544.336802320,0,1
20544.339215338,0,0
20545.346816670,0,1
20545.349229936,0,0
20546.356831116,0,1
20546.359244382,0,0
20547.366845536,0,1
20547.369258552,0,0
20548.376859976,0,1
20548.379272992,0,0
20549.386874294,0,1
20549.389287562,0,0
20550.396888748,0,1
20550.398158470,1,1
20550.400790164,0,1
20550.400826264,0,0
20551.406903240,0,1
20551.409316506,0,0
20552.416917692,0,1
20552.419330958,0,0
20553.426932122,0,1
20553.429345138,0,0
20554.436946546,0,1
20554.439359562,0,0
20555.446960938,0,1
20555.449374204,0,0
20556.456975340,0,1
20556.459388608,0,0
20557.466989818,0,1
20557.469402836,0,0
20558.477004182,0,1
20558.479417450,0,0
20559.487018614,0,1
20559.489431880,0,0
20560.497033006,0,1
20560.498302632,1,1
20560.500934428,0,1
20560.500970270,0,0
20561.507047436,0,1
20561.509460702,0,0
20562.517061884,0,1
20562.519475150,0,0
20563.527076272,0,1
20563.529489288,0,0
20564.537090708,0,1
20564.539503724,0,0
20565.547105104,0,1
20565.549518372,0,0
20566.557119544,0,1
20566.559532810,0,0
20567.567133982,0,1
20567.569547000,0,0
20568.577148390,0,1
20568.579561406,0,0
20569.587162778,0,1
20569.589576046,0,0
20570.597177206,0,1
20570.598446924,1,1
20570.601078838,0,1
20570.601114722,0,0
20571.607191732,0,1
20571.609605000,0,0
20572.617206168,0,1
20572.619619434,0,0
20573.627220606,0,1
20573.629633622,0,0
20574.637234994,0,1
20574.639648010,0,0
20575.647249432,0,1
20575.649662698,0,0
20576.657263836,0,1
20576.659677102,0,0
20577.667278224,0,1
20577.669691492,0,0
20578.677292664,0,1
20578.679705680,0,0
20579.687307108,0,1
20579.689720124,0,0
20580.697321532,0,1
20580.698591114,1,1
20580.701223006,0,1
20580.701258798,0,0
20581.707335898,0,1
20581.709749166,0,0
20582.717350268,0,1
20582.719763534,0,0
20583.727364718,0,1
20583.729777734,0,0
20584.737379192,0,1
20584.739792210,0,0
20585.747393522,0,1
20585.749806788,0,0
20586.757407976,0,1
20586.759821242,0,0
20587.767422450,0,1
20587.769835466,0,0
20588.777436858,0,1
20588.779849874,0,0
20589.787451248,0,1
20589.789864516,0,0
20590.797465680,0,1
20590.798735244,1,1
20590.801367296,0,1
20590.801402946,0,0
20591.807480058,0,1
20591.809893326,0,0
20592.817494460,0,1
20592.819907728,0,0
20593.827508898,0,1
20593.829921914,0,0
20594.837523312,0,1
20594.839936330,0,0
20595.847537692,0,1
20595.849950960,0,0
20596.857552154,0,1
20596.859965420,0,0
20597.867566578,0,1
20597.869979596,0,0
20598.877581032,0,1
20598.879994048,0,0
20599.887595460,0,1
20599.890008476,0,0
20600.897609806,0,1
20600.898879510,1,1
20600.901511638,0,1
20600.901547320,0,0
20601.907624340,0,1
20601.910037606,0,0
20602.917638762,0,1
20602.920052028,0,0
20603.927653204,0,1
20603.930066220,0,0
20604.937667634,0,1
20604.940080650,0,0
20605.947682034,0,1
20605.950095300,0,0
20606.957696456,0,1
20606.960109722,0,0
20607.967710902,0,1
20607.970123918,0,0
20608.977725300,0,1
20608.980138316,0,0
20609.987739732,0,1
20609.989009168,1,1
20609.991640840,0,1
20609.991676746,0,0
20610.997753988,0,1
20611.000167256,0,0
20612.007768430,0,1
20612.010181696,0,0
20613.017782862,0,1
20613.020195878,0,0
20614.027797282,0,1
20614.030210300,0,0
20615.037811634,0,1
20615.040224900,0,0
20616.047826110,0,1
20616.050239378,0,0
20617.057840538,0,1
20617.060253556,0,0
20618.067855000,0,1
20618.070268016,0,0
20619.077869330,0,1
20619.080282596,0,0
20620.087883766,0,1
20620.089153456,1,1
20620.091785198,0,1
20620.091821032,0,0
20621.097898432,0,1
20621.100311698,0,0
20622.107912828,0,1
20622.110326094,0,0
20623.117927288,0,1
20623.120340306,0,0
20624.127941670,0,1
20624.130354686,0,0
20625.137956104,0,1
20625.140369120,0,0
20626.147970546,0,1
20626.150383812,0,0
20627.157984892,0,1
20627.160398158,0,0
20628.167999360,0,1
20628.170412626,0,0
20629.178013764,0,1
20629.180426782,0,0
20630.188028166,0,1
20630.189297578,1,1
20630.191929254,0,1
20630.191965180,0,0
20631.198042468,0,1
20631.200455734,0,0
20632.208056854,0,1
20632.210470120,0,0
20633.218071310,0,1
20633.220484326,0,0
20634.228085736,0,1
20634.230498752,0,0
20635.238100086,0,1
20635.240513354,0,0
20636.248114506,0,1
20636.250527772,0,0
20637.258128990,0,1
20637.260542008,0,0
20638.268143434,0,1
20638.270556450,0,0
20639.278157788,0,1
20639.280571054,0,0
20640.288172210,0,1
20640.289441814,1,1
20640.292073586,0,1
20640.292109476,0,0
20641.298186690,0,1
20641.300599956,0,0
20642.308201128,0,1
20642.310614394,0,0
20643.318215562,0,1
20643.320628578,0,0
20644.328229958,0,1
20644.330642974,0,0
20645.338244348,0,1
20645.340657614,0,0
20646.348258774,0,1
20646.350672042,0,0
20647.358273210,0,1
20647.360686478,0,0
20648.368287700,0,1
20648.370700716,0,0
20649.378302072,0,1
20649.380715088,0,0
20650.388316490,0,1
20650.389586044,1,1
20650.392217732,0,1
20650.392253504,0,0
20651.398330874,0,1
20651.400744140,0,0
20652.408345250,0,1
20652.410758516,0,0
20653.418359720,0,1
20653.420772736,0,0
20654.428374182,0,1
20654.430787198,0,0
20655.438388522,0,1
20655.440801790,0,0
20656.448402924,0,1
20656.450816192,0,0
20657.458417362,0,1
20657.460830378,0,0
20658.468431802,0,1
20658.470844818,0,0
20659.478446184,0,1
20659.480859450,0,0
20660.488460610,0,1
20660.489730068,1,1
20660.492361598,0,1
20660.492397876,0,0
20661.498474818,0,1
20661.500888086,0,0
20662.508489296,0,1
20662.510902312,0,0
20663.518503722,0,1
20663.520916738,0,0
20664.528518122,0,1
20664.530931390,0,0
20665.538532506,0,1
20665.540945772,0,0
20666.548546956,0,1
20666.550959972,0,0
20667.558561418,0,1
20667.560974436,0,0
20668.568575796,0,1
20668.570989064,0,0
20669.578590170,0,1
20669.581003436,0,0
20670.588604636,0,1
20670.589874324,1,1
20670.592505602,0,1
20670.592541902,0,0
20671.598619178,0,1
20671.601032444,0,0
20672.608633594,0,1
20672.611046860,0,0
20673.618647968,0,1
20673.621060984,0,0
20674.628662478,0,1
20674.631075494,0,0
20675.638676802,0,1
20675.641090068,0,0
20676.648691282,0,1
20676.651104550,0,0
20677.658705640,0,1
20677.661118656,0,0
20678.668720096,0,1
20678.671133112,0,0
20679.678734470,0,1
20679.681147736,0,0
20680.688748932,0,1
20680.690018546,1,1
20680.692650626,0,1
20680.692686198,0,0
20681.698763380,0,1
20681.701176646,0,0
20682.708777812,0,1
20682.711191078,0,0
20683.718792228,0,1
20683.721205244,0,0
20684.728806692,0,1
20684.731219708,0,0
20685.738821052,0,1
20685.741234318,0,0
20686.748835516,0,1
20686.751248782,0,0
20687.758849902,0,1
20687.761262918,0,0
20688.768864350,0,1
20688.771277366,0,0
20689.778878738,0,1
20689.781292004,0,0
20690.788893142,0,1
20690.790162782,1,1
20690.792794418,0,1
20690.792830408,0,0
20691.798907528,0,1
20691.801320796,0,0
20692.808921974,0,1
20692.811335240,0,0
20693.818936396,0,1
20693.821349412,0,0
20694.828950824,0,1
20694.831363840,0,0
20695.838965232,0,1
20695.841378498,0,0
20696.848979612,0,1
20696.851392878,0,0
20697.858994080,0,1
20697.861407096,0,0
20698.869008480,0,1
20698.871421496,0,0
20699.879022916,0,1
20699.881435932,0,0
20700.889037288,0,1
20700.890306984,1,1
20700.892938582,0,1
20700.892974554,0,0
20701.899051786,0,1
20701.901465052,0,0
20702.909066236,0,1
20702.911479502,0,0
20703.919080696,0,1
20703.921493714,0,0
20704.929095004,0,1
20704.931508270,0,0
20705.939109454,0,1
20705.941522470,0,0
20706.949123908,0,1
20706.951536926,0,0
20707.959138340,0,1
20707.961551358,0,0
20708.969152700,0,1
20708.971565966,0,0
20709.979167096,0,1
20709.980436690,1,1
20709.983068314,0,1
20709.983104360,0,0
20710.989181496,0,1
20710.991594762,0,0
20711.999195972,0,1
20712.001609238,0,0
20713.009210382,0,1
20713.011623400,0,0
20714.019224798,0,1
20714.021637814,0,0
20715.029239162,0,1
20715.031652430,0,0
20716.039253608,0,1
20716.041666874,0,0
20717.049268008,0,1
20717.051681026,0,0
20718.059282500,0,1
20718.061695516,0,0
20719.069296904,0,1
20719.071709920,0,0
20720.079311272,0,1
20720.080580918,1,1
20720.083212738,0,1
20720.083248538,0,0
20721.089325598,0,1
20721.091738864,0,0
20722.099340064,0,1
20722.101753330,0,0
20723.109354460,0,1
20723.111767476,0,0
20724.119368948,0,1
20724.121781964,0,0
20725.129383286,0,1
20725.131796552,0,0
20726.139397690,0,1
20726.141810958,0,0
20727.149412178,0,1
20727.151825194,0,0
20728.159426582,0,1
20728.161839598,0,0
20729.169440934,0,1
20729.171854200,0,0
20730.179455364,0,1
20730.180725032,1,1
20730.183356760,0,1
20730.183392630,0,0
20731.189469758,0,1
20731.191883024,0,0
20732.199484154,0,1
20732.201897420,0,0
20733.209498634,0,1
20733.211911650,0,0
20734.219513074,0,1
20734.221926090,0,0
20735.229527408,0,1
20735.231940674,0,0
20736.239541850,0,1
20736.241955116,0,0
20737.249556322,0,1
20737.251969338,0,0
20738.259570702,0,1
20738.261983718,0,0
20739.269585092,0,1
20739.271998358,0,0
20740.279599504,0,1
20740.280869288,1,1
20740.283500926,0,1
20740.283537020,0,0
20741.289614020,0,1
20741.292027288,0,0
20742.299628448,0,1
20742.302041714,0,0
20743.309642860,0,1
20743.312055876,0,0
20744.319657314,0,1
20744.322070330,0,0
20745.329671736,0,1
20745.332084752,0,0
20746.339686086,0,1
20746.342099354,0,0
20747.349700518,0,1
20747.352113784,0,0
20748.359714966,0,1
20748.362127982,0,0
20749.369729398,0,1
20749.372142416,0,0
20750.379743852,0,1
20750.381013462,1,1
20750.383645296,0,1
20750.383681118,0,0
20751.389758344,0,1
20751.392171610,0,0
20752.399772762,0,1
20752.402186030,0,0
20753.409787178,0,1
20753.412200196,0,0
20754.419801602,0,1
20754.422214618,0,0
20755.429816074,0,1
20755.432229092,0,0
20756.439830472,0,1
20756.442243738,0,0
20757.449844872,0,1
20757.452258138,0,0
20758.459859336,0,1
20758.462272602,0,0
20759.469873724,0,1
20759.472286740,0,0
20760.479888198,0,1
20760.481157580,1,1
20760.483788918,0,1
20760.483825212,0,0
20761.489902288,0,1
20761.492315554,0,0
20762.499916718,0,1
20762.502329986,0,0
20763.509931186,0,1
20763.512344204,0,0
20764.519945560,0,1
20764.522358576,0,0
20765.529959940,0,1
20765.532373206,0,0
20766.539974372,0,1
20766.542387638,0,0
20767.549988806,0,1
20767.552401824,0,0
20768.560003210,0,1
20768.562416226,0,0
20769.570017660,0,1
20769.572430926,0,0
20770.580032040,0,1
20770.581301802,1,1
20770.583933924,0,1
20770.583969554,0,0
20771.590046540,0,1
20771.592459806,0,0
20772.600060966,0,1
20772.602474232,0,0
20773.610075384,0,1
20773.612488400,0,0
20774.620089838,0,1
20774.622502856,0,0
20775.630104218,0,1
20775.632517486,0,0
20776.640118692,0,1
20776.642531708,0,0
20777.650133128,0,1
20777.652546146,0,0
20778.660147448,0,1
20778.662560716,0,0
20779.670161906,0,1
20779.672575172,0,0
20780.680176358,0,1
20780.681445900,1,1
20780.684077694,0,1
20780.684113374,0,0
20781.690190712,0,1
20781.692603978,0,0
20782.700205140,0,1
20782.702618406,0,0
20783.710219616,0,1
20783.712632632,0,0
20784.720234046,0,1
20784.722647062,0,0
20785.730248406,0,1
20785.732661674,0,0
20786.740262820,0,1
20786.742676086,0,0
20787.750277292,0,1
20787.752690308,0,0
20788.760291696,0,1
20788.762704712,0,0
20789.770306068,0,1
20789.772719334,0,0
20790.780320458,0,1
20790.781590144,1,1
20790.784221876,0,1
20790.784257724,0,0
20791.790334962,0,1
20791.792748228,0,0
20792.800349422,0,1
20792.802762688,0,0
20793.810363860,0,1
20793.812776876,0,0
20794.820378262,0,1
20794.822791278,0,0
20795.830392656,0,1
20795.832805922,0,0
20796.840407110,0,1
20796.842820376,0,0
20797.850421504,0,1
20797.852834522,0,0
20798.860435982,0,1
20798.862848998,0,0
20799.870450386,0,1
20799.872863404,0,0
20800.880464764,0,1
20800.881734306,1,1
20800.884366430,0,1
20800.884402030,0,0
20801.890479156,0,1
20801.892892422,0,0
20802.900493556,0,1
20802.902906822,0,0
20803.910507976,0,1
20803.912920992,0,0
20804.920522426,0,1
20804.922935442,0,0
20805.930536772,0,1
20805.932950038,0,0
20805.991850564,1,0
20805.992590698,0,0
20805.993575428,1,0
20805.994191748,0,0
20806.940551200,0,1
20806.942964468,0,0
20807.950565664,0,1
20807.952978680,0,0
20808.960580110,0,1
20808.962993126,0,0
20809.970594532,0,1
20809.971864072,1,1
20809.974496192,0,1
20809.974531548,0,0
20810.980608910,0,1
20810.983022176,0,0
20811.990623302,0,1
20811.993036568,0,0
20813.000637742,0,1
20813.003050760,0,0
20814.010652208,0,1
20814.013065224,0,0
20815.020666582,0,1
20815.023079848,0,0
20816.030680940,0,1
20816.033094206,0,0
20817.040695424,0,1
20817.043108690,0,0
20818.050709882,0,1
20818.053122898,0,0
20819.060724266,0,1
20819.063137284,0,0
20820.070738636,0,1
20820.072008238,1,1
20820.074639630,0,1
20820.074675900,0,0
20821.080753038,0,1
20821.083166304,0,0
20822.090767502,0,1
20822.093180768,0,0
20823.100781890,0,1
20823.103194906,0,0
20824.110796318,0,1
20824.113209334,0,0
20825.120810692,0,1
20825.123223960,0,0
20826.130825176,0,1
20826.133238442,0,0
20827.140839592,0,1
20827.143252608,0,0
20828.150854042,0,1
20828.153267060,0,0
20829.160868416,0,1
20829.163281684,0,0
20830.170882796,0,1
20830.172152382,1,1
20830.174783928,0,1
20830.174820060,0,0
20831.180897180,0,1
20831.183310446,0,0
20832.190911598,0,1
20832.193324616,0,0
20833.200926024,0,1
20833.203339040,0,0
20834.210940438,0,1
20834.213353704,0,0
20835.220954830,0,1
20835.223368098,0,0
20836.230969212,0,1
20836.233382228,0,0
20837.240983734,0,1
20837.243396750,0,0
20838.250998078,0,1
20838.253411344,0,0
20839.261012494,0,1
20839.263425762,0,0
20840.271026908,0,1
20840.272296586,1,1
20840.274928370,0,1
20840.274964174,0,0
20841.281041460,0,1
20841.283454728,0,0
20842.291055860,0,1
20842.293469126,0,0
20843.301070282,0,1
20843.303483298,0,0
20844.311084730,0,1
20844.313497746,0,0
20845.321099118,0,1
20845.323512384,0,0
20846.331113528,0,1
20846.333526794,0,0
20847.341127938,0,1
20847.343541204,0,0
20848.351142412,0,1
20848.353555428,0,0
20849.361156782,0,1
20849.363570050,0,0
20850.371171176,0,1
20850.372440710,1,1
20850.375072418,0,1
20850.375108442,0,0
20851.381185558,0,1
20851.383598824,0,0
20852.391200000,0,1
20852.393613266,0,0
20853.401214418,0,1
20853.403627436,0,0
20854.411228886,0,1
20854.413641902,0,0
20855.421243234,0,1
20855.423656500,0,0
20856.431257620,0,1
20856.433670886,0,0
20857.441272088,0,1
20857.443685104,0,0
20858.451286512,0,1
20858.453699528,0,0
20859.461300858,0,1
20859.463714124,0,0
20860.471315310,0,1
20860.472584870,1,1
20860.475216630,0,1
20860.475252576,0,0
20861.481329692,0,1
20861.483742958,0,0
20862.491344126,0,1
20862.493757394,0,0
20863.501358554,0,1
20863.503771570,0,0
20864.511372958,0,1
20864.513785976,0,0
20865.521387336,0,1
20865.523800602,0,0
20866.531401758,0,1
20866.533815026,0,0
20867.541416206,0,1
20867.543829222,0,0
20868.551430672,0,1
20868.553843688,0,0
20869.561445014,0,1
20869.563858280,0,0
20870.571459450,0,1
20870.572729068,1,1
20870.575360800,0,1
20870.575396716,0,0
20871.581473822,0,1
20871.583887088,0,0
20872.591488256,0,1
20872.593901272,0,0
20873.601502710,0,1
20873.603915726,0,0
20874.611517078,0,1
20874.613930344,0,0
20875.621531466,0,1
20875.623944732,0,0
20875.682845040,1,0
20875.683584874,0,0
20875.684569906,1,0
20875.685186066,0,0
20876.631545922,0,1
20876.633958940,0,0
20877.641560318,0,1
20877.643973334,0,0
20878.651574668,0,1
20878.653987936,0,0
20879.661589156,0,1
20879.664002422,0,0
20880.671603586,0,1
20880.672873194,1,1
20880.675504610,0,1
20880.675540850,0,0
20881.681617932,0,1
20881.684031200,0,0
20882.691632408,0,1
20882.694045424,0,0
20883.701646768,0,1
20883.704059784,0,0
20884.711661186,0,1
20884.714074452,0,0
20885.721675602,0,1
20885.724088868,0,0
20886.731690046,0,1
20886.734103062,0,0
20887.741704472,0,1
20887.744117488,0,0
20888.751718852,0,1
20888.754132120,0,0
20889.761733256,0,1
20889.764146522,0,0
20890.771747694,0,1
20890.773017384,1,1
20890.775649022,0,1
20890.775684960,0,0
20891.781762204,0,1
20891.784175470,0,0
20892.791776670,0,1
20892.794189936,0,0
20893.801791096,0,1
20893.804204114,0,0
20894.811805466,0,1
20894.814218484,0,0
20895.821819912,0,1
20895.824233180,0,0
20896.831834288,0,1
20896.834247554,0,0
20897.841848732,0,1
20897.844261748,0,0
20898.851863166,0,1
20898.854276182,0,0
20899.861877534,0,1
20899.864290800,0,0
20900.871891988,0,1
20900.873161478,1,1
20900.875793188,0,1
20900.875829254,0,0
20901.881906210,0,1
20901.884319476,0,0
20902.891920652,0,1
20902.894333668,0,0
20903.901935084,0,1
20903.904348100,0,0
20904.911949450,0,1
20904.914362716,0,0
20905.921963912,0,1
20905.924377178,0,0
20906.931978310,0,1
20906.934391326,0,0
20907.941992730,0,1
20907.944405746,0,0
20908.952007094,0,1
20908.954420360,0,0
20909.962021556,0,1
20909.963291222,1,1
20909.965922978,0,1
20909.965958820,0,0
20910.972036070,0,1
20910.974449336,0,0
20911.982050474,0,1
20911.984463492,0,0
20912.992064940,0,1
20912.994477956,0,0
20914.002079342,0,1
20914.004492358,0,0
20915.012093654,0,1
20915.014506920,0,0
20916.022108114,0,1
20916.024521382,0,0
20917.032122540,0,1
20917.034535556,0,0
20918.042137022,0,1
20918.044550040,0,0
20919.052151382,0,1
20919.054564648,0,0
20920.062165804,0,1
20920.063435406,1,1
20920.066067256,0,1
20920.066103070,0,0
20921.072180178,0,1
20921.074593446,0,0
20922.082194628,0,1
20922.084607646,0,0
20923.092208970,0,1
20923.094622236,0,0
20924.102223398,0,1
20924.104636664,0,0
20925.112237832,0,1
20925.114650848,0,0
20926.122252254,0,1
20926.124665272,0,0
20927.132266664,0,1
20927.134679930,0,0
20928.142281094,0,1
20928.144694362,0,0
20929.152295506,0,1
20929.154708524,0,0
20930.162309972,0,1
20930.163579570,1,1
20930.166210926,0,1
20930.166247236,0,0
20931.172324382,0,1
20931.174737648,0,0
20932.182338756,0,1
20932.184751772,0,0
20933.192353212,0,1
20933.194766228,0,0
20934.202367550,0,1
20934.204780818,0,0
20935.212381982,0,1
20935.214795250,0,0
20936.222396430,0,1
20936.224809446,0,0
20937.232410876,0,1
20937.234823894,0,0
20938.242425232,0,1
20938.244838500,0,0
20939.252439704,0,1
20939.254852970,0,0
20940.262454076,0,1
20940.263723728,1,1
20940.266355810,0,1
20940.266391342,0,0
20941.272468452,0,1
20941.274881718,0,0
20942.282482922,0,1
20942.284895938,0,0
20943.292497344,0,1
20943.294910360,0,0
20944.302511708,0,1
20944.304924974,0,0
20945.312526152,0,1
20945.314939418,0,0
20946.322540594,0,1
20946.324953610,0,0
20947.332555024,0,1
20947.334968040,0,0
20948.342569384,0,1
20948.344982652,0,0
20949.352583820,0,1
20949.354997086,0,0
20950.362598254,0,1
20950.363867894,1,1
20950.366499642,0,1
20950.366535520,0,0
20951.372612644,0,1
20951.375025910,0,0
20952.382627098,0,1
20952.385040114,0,0
20953.392641490,0,1
20953.395054506,0,0
20954.402655846,0,1
20954.405069112,0,0
20955.412670272,0,1
20955.415083540,0,0
20956.422684752,0,1
20956.425097768,0,0
20957.432699160,0,1
20957.435112176,0,0
20958.442713504,0,1
20958.445126772,0,0
20959.452727932,0,1
20959.455141200,0,0
20960.462742368,0,1
20960.464012168,1,1
20960.466643992,0,1
20960.466679634,0,0
20961.472757010,0,1
20961.475170276,0,0
20962.482771426,0,1
20962.485184692,0,0
20963.492785890,0,1
20963.495198906,0,0
20964.502800292,0,1
20964.505213308,0,0
20965.512814684,0,1
20965.515227950,0,0
20966.522829136,0,1
20966.525242402,0,0
20967.532843592,0,1
20967.535256610,0,0
20968.542858002,0,1
20968.545271020,0,0
20969.552872422,0,1
20969.555285438,0,0
20970.562886830,0,1
20970.564156298,1,1
20970.566788230,0,1
20970.566824096,0,0
20971.572901056,0,1
20971.575314322,0,0
20972.582915470,0,1
20972.585328486,0,0
20973.592929956,0,1
20973.595342974,0,0
20974.602944310,0,1
20974.605357578,0,0
20975.612958766,0,1
20975.615372032,0,0
20976.622973142,0,1
20976.625386158,0,0
20977.632987598,0,1
20977.635400616,0,0
20978.643001960,0,1
20978.645415228,0,0
20979.653016430,0,1
20979.655429696,0,0
20980.663030824,0,1
20980.664300520,1,1
20980.666932570,0,1
20980.666968090,0,0
20981.673045326,0,1
20981.675458594,0,0
20982.683059760,0,1
20982.685473026,0,0
20983.693074194,0,1
20983.695487210,0,0
20984.703088610,0,1
20984.705501628,0,0
20985.713103062,0,1
20985.715516328,0,0
20986.723117470,0,1
20986.725530736,0,0
20987.733131856,0,1
20987.735544874,0,0
20988.743146306,0,1
20988.745559324,0,0
20989.753160772,0,1
20989.755573788,0,0
20990.763175118,0,1
20990.764444684,1,1
20990.767076682,0,1
20990.767112382,0,0
20991.773189492,0,1
20991.775602758,0,0
20992.783203932,0,1
20992.785617198,0,0
20993.793218358,0,1
20993.795631374,0,0
20994.803232756,0,1
20994.805645772,0,0
20995.813247212,0,1
20995.815660230,0,0
20996.823261594,0,1
20996.825674610,0,0
20997.833276058,0,1
20997.835689074,0,0
20998.843290454,0,1
20998.845703720,0,0
20999.853304868,0,1
20999.855718136,0,0
21000.863319264,0,1
21000.864588816,1,1
21000.867220672,0,1
21000.867256530,0,0
21001.873333652,0,1
21001.875746918,0,0
21002.883348084,0,1
21002.885761352,0,0
21003.893362532,0,1
21003.895775548,0,0
21004.903376966,0,1
21004.905789984,0,0
21005.913391334,0,1
21005.915804600,0,0
21006.923405776,0,1
21006.925819044,0,0
21007.933420262,0,1
21007.935833278,0,0
21008.943434630,0,1
21008.945847648,0,0
21009.953448996,0,1
21009.954718638,1,1
21009.957351022,0,1
21009.957386262,0,0
21010.963463416,0,1
21010.965876682,0,0
21011.973477816,0,1
21011.975891082,0,0
21012.983492234,0,1
21012.985905250,0,0
21013.993506678,0,1
21013.995919694,0,0
21015.003521080,0,1
21015.005934346,0,0
21016.013535528,0,1
21016.015948794,0,0
21017.023549932,0,1
21017.025962948,0,0
21018.033564372,0,1
21018.035977388,0,0
21019.043578742,0,1
21019.045992010,0,0
21020.053593228,0,1
21020.054862750,1,1
21020.057494196,0,1
21020.057530494,0,0
21021.063607414,0,1
21021.066020680,0,0
21022.073621884,0,1
21022.076034902,0,0
21023.083636286,0,1
21023.086049302,0,0
21024.093650690,0,1
21024.096063956,0,0
21025.103665096,0,1
21025.106078362,0,0
21026.113679532,0,1
21026.116092548,0,0
21027.123693962,0,1
21027.126106978,0,0
21028.133708322,0,1
21028.136121588,0,0
21029.143722808,0,1
21029.146136074,0,0
21030.153737228,0,1
21030.155006990,1,1
21030.157638594,0,1
21030.157674744,0,0
21031.163751764,0,1
21031.166165032,0,0
21032.173766108,0,1
21032.176179374,0,0
21033.183780584,0,1
21033.186193600,0,0
21034.193795010,0,1
21034.196208026,0,0
21035.203809380,0,1
21035.206222646,0,0
21036.213823822,0,1
21036.216237088,0,0
21037.223838294,0,1
21037.226251310,0,0
21038.233852724,0,1
21038.236265740,0,0
21039.243867116,0,1
21039.246280382,0,0
21040.253881496,0,1
21040.255151120,1,1
21040.257783354,0,1
21040.257818760,0,0
21041.263895886,0,1
21041.266309152,0,0
21042.273910318,0,1
21042.276323334,0,0
21043.283924782,0,1
21043.286337798,0,0
21044.293939120,0,1
21044.296352386,0,0
21045.303953618,0,1
21045.306366634,0,0
21046.313967992,0,1
21046.316381008,0,0
21047.323982390,0,1
21047.326395656,0,0
21048.333996840,0,1
21048.336410106,0,0
21049.344011254,0,1
21049.346424270,0,0
21050.354025750,0,1
21050.355295332,1,1
21050.357927510,0,1
21050.357963016,0,0
21051.364040048,0,1
21051.366453314,0,0
21052.374054540,0,1
21052.376467556,0,0
21053.384068912,0,1
21053.386481930,0,0
21054.394083308,0,1
21054.396496576,0,0
21055.404097786,0,1
21055.406511052,0,0
21056.414112218,0,1
21056.416525234,0,0
21057.424126634,0,1
21057.426539650,0,0
21058.434141044,0,1
21058.436554312,0,0
21059.444155440,0,1
21059.446568706,0,0
21060.454169894,0,1
21060.455439506,1,1
21060.458071044,0,1
21060.458107160,0,0
21061.464184226,0,1
21061.466597494,0,0
21062.474198704,0,1
21062.476611720,0,0
21063.484213162,0,1
21063.486626178,0,0
21064.494227494,0,1
21064.496640760,0,0
21065.504241918,0,1
21065.506654936,0,0
21066.514256406,0,1
21066.516669422,0,0
21067.524270714,0,1
21067.526683980,0,0
21068.534285190,0,1
21068.536698456,0,0
21069.544299622,0,1
21069.546712640,0,0
21070.554313972,0,1
21070.555583656,1,1
21070.558215310,0,1
21070.558251236,0,0
21071.564328524,0,1
21071.566741790,0,0
21072.574342908,0,1
21072.576755924,0,0
21073.584357374,0,1
21073.586770392,0,0
21074.594371750,0,1
21074.596785016,0,0
21075.604386138,0,1
21075.606799404,0,0
21076.614400624,0,1
21076.616813640,0,0
21077.624415052,0,1
21077.626828068,0,0
21078.634429378,0,1
21078.636842644,0,0
21079.644443866,0,1
21079.646856882,0,0
21080.654458286,0,1
21080.655727822,1,1
21080.658359838,0,1
21080.658395550,0,0
21081.664472616,0,1
21081.666885882,0,0
21082.674487022,0,1
21082.676900038,0,0
21083.684501488,0,1
21083.686914506,0,0
21084.694515930,0,1
21084.696929196,0,0
21085.704530300,0,1
21085.706943566,0,0
21086.714544738,0,1
21086.716957754,0,0
21087.724559214,0,1
21087.726972230,0,0
21088.734573544,0,1
21088.736986810,0,0
21089.744587984,0,1
21089.747001002,0,0
21090.754602424,0,1
21090.755871984,1,1
21090.758503638,0,1
21090.758539688,0,0
21091.764616802,0,1
21091.767030068,0,0
21092.774631238,0,1
21092.777044254,0,0
21093.784645716,0,1
21093.787058732,0,0
21094.794660074,0,1
21094.797073342,0,0
21095.804674480,0,1
21095.807087746,0,0
21096.814688960,0,1
21096.817101976,0,0
21097.824703350,0,1
21097.827116366,0,0
21098.834717744,0,1
21098.837131010,0,0
21099.844732166,0,1
21099.847145182,0,0
21100.854746602,0,1
21100.856016200,1,1
21100.858648478,0,1
21100.858683868,0,0
21101.864761106,0,1
21101.867174374,0,0
21102.874775526,0,1
21102.877188794,0,0
21103.884789988,0,1
21103.887203004,0,0
21104.894804402,0,1
21104.897217420,0,0
21105.904818768,0,1
21105.907232036,0,0
21106.914833172,0,1
21106.917246438,0,0
21107.924847662,0,1
21107.927260680,0,0
21108.934862104,0,1
21108.937275120,0,0
21109.944876432,0,1
21109.946145874,1,1
21109.948777318,0,1
21109.948813446,0,0
21110.954890662,0,1
21110.957303928,0,0
21111.964905126,0,1
21111.967318142,0,0
21112.974919570,0,1
21112.977332588,0,0
21113.984933956,0,1
21113.987347224,0,0
21114.994948340,0,1
21114.997361606,0,0
21116.004962790,0,1
21116.007375806,0,0
21117.014977224,0,1
21117.017390240,0,0
21118.024991576,0,1
21118.027404844,0,0
21119.035006040,0,1
21119.037419056,0,0
21120.045020468,0,1
21120.046290050,1,1
21120.048921440,0,1
21120.048957732,0,0
21121.055034880,0,1
21121.057448146,0,0
21122.065049280,0,1
21122.067462296,0,0
21123.075063726,0,1
21123.077476742,0,0
21124.085078066,0,1
21124.087491334,0,0
21125.095092506,0,1
21125.097505772,0,0
21126.105106994,0,1
21126.107520012,0,0
21127.115121368,0,1
21127.117534384,0,0
21128.125135742,0,1
21128.127549010,0,0
21129.135150166,0,1
21129.137563182,0,0
21130.145164638,0,1
21130.146434192,1,1
21130.149065788,0,1
21130.149101652,0,0
21131.155178968,0,1
21131.157592236,0,0
21132.165193456,0,1
21132.167606472,0,0
21133.175207834,0,1
21133.177620852,0,0
21134.185222216,0,1
21134.187635482,0,0
21135.195236644,0,1
21135.197649912,0,0
21136.205251094,0,1
21136.207664112,0,0
21137.215265528,0,1
21137.217678544,0,0
21138.225279892,0,1
21138.227693158,0,0
21139.235294328,0,1
21139.237707346,0,0
21140.245308796,0,1
21140.246578348,1,1
21140.249210118,0,1
21140.249245810,0,0
21141.255323156,0,1
21141.257736422,0,0
21142.265337590,0,1
21142.267750608,0,0
21143.275351960,0,1
21143.277765226,0,0
21144.285366378,0,1
21144.287779644,0,0
21145.295380818,0,1
21145.297793834,0,0
21146.305395266,0,1
21146.307808284,0,0
21147.315409616,0,1
21147.317822882,0,0
21148.325424074,0,1
21148.327837090,0,0
21149.335438438,0,1
21149.337851456,0,0
21150.345452816,0,1
21150.346722490,1,1
21150.349354258,0,1
21150.349390082,0,0
21151.355467354,0,1
21151.357880620,0,0
21152.365481744,0,1
21152.367894760,0,0
21153.375496190,0,1
21153.377909208,0,0
21154.385510556,0,1
21154.387923822,0,0
21155.395525040,0,1
21155.397938306,0,0
21156.405539490,0,1
21156.407952506,0,0
21157.415553916,0,1
21157.417966934,0,0
21158.425568276,0,1
21158.427981542,0,0
21159.435582710,0,1
21159.437995726,0,0
21160.445597114,0,1
21160.446866592,1,1
21160.449498480,0,1
21160.449534380,0,0
21161.455611358,0,1
21161.458024624,0,0
21162.465625792,0,1
21162.468038808,0,0
21163.475640254,0,1
21163.478053270,0,0
21164.485654598,0,1
21164.488067864,0,0
21165.495669044,0,1
21165.498082060,0,0
21166.505683496,0,1
21166.508096514,0,0
21167.515697816,0,1
21167.518111082,0,0
21168.525712304,0,1
21168.528125570,0,0
21169.535726712,0,1
21169.538139728,0,0
21170.545741086,0,1
21170.547010826,1,1
21170.549642448,0,1
21170.549678600,0,0
21171.555755604,0,1
21171.558168870,0,0
21172.565770010,0,1
21172.568183028,0,0
21173.575784450,0,1
21173.578197468,0,0
21174.585798824,0,1
21174.588212090,0,0
21175.595813262,0,1
21175.598226528,0,0
21176.605827688,0,1
21176.608240704,0,0
21177.615842070,0,1
21177.618255336,0,0
21178.625856468,0,1
21178.628269734,0,0
21179.635870970,0,1
21179.638283986,0,0
21180.645885330,0,1
21180.647154956,1,1
21180.649787310,0,1
21180.649822596,0,0
21181.655899754,0,1
21181.658313020,0,0
21182.665914164,0,1
21182.668327180,0,0
21183.675928586,0,1
21183.678341600,0,0
21184.685942956,0,1
21184.688356222,0,0
21185.695957378,0,1
21185.698370394,0,0
21186.705971866,0,1
21186.708384882,0,0
21187.715986232,0,1
21187.718399498,0,0
21188.726000610,0,1
21188.728413626,0,0
21189.736015068,0,1
21189.738428086,0,0
21190.746029404,0,1
21190.747299046,1,1
21190.749930700,0,1
21190.749966670,0,0
21191.756043758,0,1
21191.758457024,0,0
21192.766058208,0,1
21192.768471226,0,0
21193.776072614,0,1
21193.778485630,0,0
21194.786086990,0,1
21194.788500258,0,0
21195.796101472,0,1
21195.798514488,0,0
21196.806115860,0,1
21196.808528876,0,0
21197.816130250,0,1
21197.818543516,0,0
21198.826144680,0,1
21198.828557948,0,0
21199.836159082,0,1
21199.838572098,0,0
21200.846173508,0,1
21200.847443204,1,1
21200.850075126,0,1
21200.850110774,0,0
21201.856188014,0,1
21201.858601282,0,0
21202.866202410,0,1
21202.868615426,0,0
21203.876216850,0,1
21203.878629866,0,0
21204.886231234,0,1
21204.888644500,0,0
21205.896245628,0,1
21205.898658894,0,0
21206.906260080,0,1
21206.908673096,0,0
21207.916274448,0,1
21207.918687714,0,0
21208.926288844,0,1
21208.928702110,0,0
21209.936303272,0,1
21209.937572878,1,1
21209.940204914,0,1
21209.940240538,0,0
21210.946317670,0,1
21210.948730936,0,0
21211.956332078,0,1
21211.958745094,0,0
21212.966346552,0,1
21212.968759570,0,0
21213.976360920,0,1
21213.978774188,0,0
21214.986375352,0,1
21214.988788370,0,0
21215.996389720,0,1
21215.998802988,0,0
21217.006404186,0,1
21217.008817452,0,0
21218.016418552,0,1
21218.018831570,0,0
21219.026432984,0,1
21219.028846000,0,0
21220.036447354,0,1
21220.037717082,1,1
21220.040348636,0,1
21220.040384870,0,0
21221.046461852,0,1
21221.048875118,0,0
21222.056476286,0,1
21222.058889304,0,0
21223.066490740,0,1
21223.068903758,0,0
21224.076505052,0,1
21224.078918318,0,0
21225.086519516,0,1
21225.088932782,0,0
21226.096533938,0,1
21226.098946954,0,0
21227.106548422,0,1
21227.108961438,0,0
21228.116562788,0,1
21228.118976054,0,0
21229.126577174,0,1
21229.128990190,0,0
21230.136591660,0,1
21230.137861230,1,1
21230.140493082,0,1
21230.140528924,0,0
21231.146605998,0,1
21231.149019266,0,0
21232.156620416,0,1
21232.159033432,0,0
21233.166634846,0,1
21233.169047862,0,0
21234.176649206,0,1
21234.179062472,0,0
21235.186663668,0,1
21235.189076684,0,0
21236.196678056,0,1
21236.199091072,0,0
21237.206692458,0,1
21237.209105726,0,0
21238.216706858,0,1
21238.219120126,0,0
21239.226721306,0,1
21239.229134322,0,0
21240.236735706,0,1
21240.238005260,1,1
21240.240636916,0,1
21240.240672970,0,0
21241.246750186,0,1
21241.249163454,0,0
21242.256764648,0,1
21242.259177914,0,0
21243.266779104,0,1
21243.269192120,0,0
21244.276793546,0,1
21244.279206562,0,0
21245.286807888,0,1
21245.289221154,0,0
21246.296822358,0,1
21246.299235624,0,0
21247.306836724,0,1
21247.309249740,0,0
21248.316851176,0,1
21248.319264194,0,0
21249.326865496,0,1
21249.329278762,0,0
21250.336879934,0,1
21250.338149488,1,1
21250.340781334,0,1
21250.340816948,0,0
21251.346894318,0,1
21251.349307584,0,0
21252.356908794,0,1
21252.359321810,0,0
21253.366923246,0,1
21253.369336264,0,0
21254.376937646,0,1
21254.379350662,0,0
21255.386952024,0,1
21255.389365290,0,0
21256.396966446,0,1
21256.399379464,0,0
21257.406980854,0,1
21257.409393870,0,0
21258.416995236,0,1
21258.419408502,0,0
21259.427009674,0,1
21259.429422940,0,0
21260.437024106,0,1
21260.438293554,1,1
21260.440925812,0,1
21260.440961370,0,0
21261.447038370,0,1
21261.449451636,0,0
21262.457052758,0,1
21262.459465776,0,0
21263.467067202,0,1
21263.469480218,0,0
21264.477081570,0,1
21264.479494836,0,0
21265.487096024,0,1
21265.489509290,0,0
21266.497110402,0,1
21266.499523418,0,0
21267.507124840,0,1
21267.509537858,0,0
21268.517139212,0,1
21268.519552480,0,0
21269.527153678,0,1
21269.529566696,0,0
21270.537168114,0,1
21270.538437738,1,1
21270.541069742,0,1
21270.541105380,0,0
21271.547182474,0,1
21271.549595740,0,0
21272.557196916,0,1
21272.559609932,0,0
21273.567211338,0,1
21273.569624356,0,0
21274.577225672,0,1
21274.579638938,0,0
21275.587240146,0,1
21275.589653414,0,0
21276.597254576,0,1
21276.599667594,0,0
21277.607268994,0,1
21277.609682010,0,0
21278.617283362,0,1
21278.619696628,0,0
21279.627297784,0,1
21279.629711052,0,0
21280.637312188,0,1
21280.638581836,1,1
21280.641213898,0,1
21280.641249454,0,0
21281.647326588,0,1
21281.649739856,0,0
21282.657341006,0,1
21282.659754022,0,0
21283.667355402,0,1
21283.669768418,0,0
21284.677369794,0,1
21284.679783060,0,0
21285.687384218,0,1
21285.689797484,0,0
21286.697398618,0,1
21286.699811636,0,0
21287.707413064,0,1
21287.709826082,0,0
21288.717427478,0,1
21288.719840746,0,0
21289.727441928,0,1
21289.729854946,0,0
21290.737456252,0,1
21290.738725848,1,1
21290.741358126,0,1
21290.741393516,0,0
21291.747470630,0,1
21291.749883896,0,0
21292.757485074,0,1
21292.759898090,0,0
21293.767499564,0,1
21293.769912582,0,0
21294.777513906,0,1
21294.779927172,0,0
21295.787528358,0,1
21295.789941626,0,0
21296.797542788,0,1
21296.799955804,0,0
21297.807557128,0,1
21297.809970394,0,0
21298.817571538,0,1
21298.819984804,0,0
21299.827585992,0,1
21299.829999010,0,0
21300.837600410,0,1
21300.838870004,1,1
21300.841502092,0,1
21300.841537676,0,0
21301.847614780,0,1
21301.850028048,0,0
21302.857629162,0,1
21302.860042178,0,0
21303.867643662,0,1
21303.870056678,0,0
21304.877657996,0,1
21304.880071262,0,0
21305.887672452,0,1
21305.890085468,0,0
21306.897686850,0,1
21306.900099868,0,0
21307.907701228,0,1
21307.910114494,0,0
21308.917715646,0,1
21308.920128912,0,0
21309.927730096,0,1
21309.930143112,0,0
21310.937744464,0,1
21310.939014096,1,1
21310.941645842,0,1
21310.941681728,0,0
21311.947758864,0,1
21311.950172130,0,0
21312.957773260,0,1
21312.960186276,0,0
21313.967787710,0,1
21313.970200726,0,0
21314.977802046,0,1
21314.980215312,0,0
21315.987816454,0,1
21315.990229470,0,0
21316.997830950,0,1
21317.000243966,0,0
21318.007845264,0,1
21318.010258530,0,0
21319.017859752,0,1
21319.020272768,0,0
21320.027874144,0,1
21320.029143874,1,1
21320.031775634,0,1
21320.031811410,0,0
21321.037888614,0,1
21321.040301880,0,0
21322.047903048,0,1
21322.050316066,0,0
21323.057917488,0,1
21323.060330504,0,0
21324.067931890,0,1
21324.070345156,0,0
21325.077946302,0,1
21325.080359318,0,0
21326.087960720,0,1
21326.090373736,0,0
21327.097975066,0,1
21327.100388334,0,0
21328.107989518,0,1
21328.110402534,0,0
21329.118003962,0,1
21329.120416978,0,0
21330.128018308,0,1
21330.129287918,1,1
21330.131919970,0,1
21330.131955574,0,0
21331.138032712,0,1
21331.140445978,0,0
21332.148047100,0,1
21332.150460116,0,0
21333.158061558,0,1
21333.160474576,0,0
21334.168075974,0,1
21334.170489240,0,0
21335.178090320,0,1
21335.180503336,0,0
21336.188104766,0,1
21336.190517784,0,0
21337.198119128,0,1
21337.200532394,0,0
21338.208133582,0,1
21338.210546598,0,0
21339.218148014,0,1
21339.220561030,0,0
21340.228162360,0,1
21340.229432068,1,1
21340.232063918,0,1
21340.232099874,0,0
21341.238176834,0,1
21341.240590102,0,0
21342.248191312,0,1
21342.250604330,0,0
21343.258205704,0,1
21343.260618722,0,0
21344.268220076,0,1
21344.270633342,0,0
21345.278234458,0,1
21345.280647726,0,0
21346.288248898,0,1
21346.290661914,0,0
21347.298263310,0,1
21347.300676576,0,0
21348.308277758,0,1
21348.310691026,0,0
21349.318292184,0,1
21349.320705200,0,0
21350.328306580,0,1
21350.329576140,1,1
21350.332208116,0,1
21350.332243844,0,0
21351.338320948,0,1
21351.340734216,0,0
21352.348335398,0,1
21352.350748414,0,0
21353.358349776,0,1
21353.360762792,0,0
21354.368364196,0,1
21354.370777462,0,0
21355.378378572,0,1
21355.380791588,0,0
21356.388393074,0,1
21356.390806090,0,0
21357.398407364,0,1
21357.400820632,0,0
21358.408421816,0,1
21358.410835084,0,0
21359.418436232,0,1
21359.420849250,0,0
21360.428450692,0,1
21360.429720208,1,1
21360.432351976,0,1
21360.432387958,0,0
21361.438464926,0,1
21361.440878192,0,0
21362.448479360,0,1
21362.450892376,0,0
21363.458493700,0,1
21363.460906966,0,0
21364.468508132,0,1
21364.470921148,0,0
21365.478522562,0,1
21365.480935578,0,0
21366.488536974,0,1
21366.490950240,0,0
21367.498551348,0,1
21367.500964364,0,0
21368.508565774,0,1
21368.510978790,0,0
21369.518580154,0,1
21369.520993420,0,0
21370.528594588,0,1
21370.529864328,1,1
21370.532496406,0,1
21370.532532104,0,0
21371.538609094,0,1
21371.541022362,0,0
21372.548623498,0,1
21372.551036514,0,0
21373.558637954,0,1
21373.561050970,0,0
21374.568652288,0,1
21374.571065554,0,0
21375.578666698,0,1
21375.581079716,0,0
21376.588681176,0,1
21376.591094192,0,0
21377.598695498,0,1
21377.601108764,0,0
21378.608709962,0,1
21378.611123230,0,0
21379.618724360,0,1
21379.621137378,0,0
21380.628738778,0,1
21380.630008362,1,1
21380.632640072,0,1
21380.632676044,0,0
21381.638753198,0,1
21381.641166464,0,0
21382.648767624,0,1
21382.651180640,0,0
21383.658782016,0,1
21383.661195032,0,0
21384.668796382,0,1
21384.671209648,0,0
21385.678810816,0,1
21385.681223832,0,0
21386.688825216,0,1
21386.691238232,0,0
21387.698839580,0,1
21387.701252846,0,0
21388.708853992,0,1
21388.711267258,0,0
21389.718868430,0,1
21389.721281446,0,0
21390.728882860,0,1
21390.730152500,1,1
21390.732784304,0,1
21390.732820126,0,0
21391.738897256,0,1
21391.741310522,0,0
21392.748911632,0,1
21392.751324648,0,0
21393.758926090,0,1
21393.761339106,0,0
21394.768940460,0,1
21394.771353726,0,0
21395.778954890,0,1
21395.781368156,0,0
21396.788969294,0,1
21396.791382310,0,0
21397.798983722,0,1
21397.801396738,0,0
21398.808998056,0,1
21398.811411322,0,0
21399.819012496,0,1
21399.821425512,0,0
21400.829026946,0,1
21400.830296544,1,1
21400.832928070,0,1
21400.832964212,0,0
21401.839041272,0,1
21401.841454538,0,0
21402.849055742,0,1
21402.851468758,0,0
21403.859070128,0,1
21403.861483144,0,0
21404.869084520,0,1
21404.871497788,0,0
21405.879098958,0,1
21405.881511974,0,0
21406.889113338,0,1
21406.891526354,0,0
21407.899127774,0,1
21407.901541040,0,0
21408.909142212,0,1
21408.911555480,0,0
21409.919156602,0,1
21409.921569618,0,0
21410.929170932,0,1
21410.930440614,1,1
21410.933072132,0,1
21410.933108198,0,0
21411.939185442,0,1
21411.941598708,0,0
21412.949199872,0,1
21412.951612888,0,0
21413.959214320,0,1
21413.961627336,0,0
21414.969228674,0,1
21414.971641940,0,0
21415.979243100,0,1
21415.981656366,0,0
21416.989257532,0,1
21416.991670548,0,0
21417.999271920,0,1
21418.001684936,0,0
21419.009286350,0,1
21419.011699616,0,0
21420.019300752,0,1
21420.020570314,1,1
21420.023202072,0,1
21420.023238018,0,0
21421.029315130,0,1
21421.031728396,0,0
21422.039329556,0,1
21422.041742572,0,0
21423.049343974,0,1
21423.051756992,0,0
21424.059358366,0,1
21424.061771632,0,0
21425.069372790,0,1
21425.071785806,0,0
21426.079387198,0,1
21426.081800216,0,0
21427.089401574,0,1
21427.091814842,0,0
21428.099415998,0,1
21428.101829264,0,0
21429.109430384,0,1
21429.111843402,0,0
21430.119444760,0,1
21430.120714354,1,1
21430.123346260,0,1
21430.123382026,0,0
21431.129459198,0,1
21431.131872466,0,0
21432.139473596,0,1
21432.141886612,0,0
21433.149488026,0,1
21433.151901044,0,0
21434.159502428,0,1
21434.161915694,0,0
21435.169516868,0,1
21435.171930134,0,0
21436.179531264,0,1
21436.181944280,0,0
21437.189545672,0,1
21437.191958938,0,0
21438.199560068,0,1
21438.201973084,0,0
21439.209574480,0,1
21439.211987498,0,0
21440.219588846,0,1
21440.220858486,1,1
21440.223490222,0,1
21440.223526112,0,0
21441.229603256,0,1
21441.232016522,0,0
21442.239617638,0,1
21442.242030654,0,0
21443.249632082,0,1
21443.252045098,0,0
21444.259646418,0,1
21444.262059684,0,0
21445.269660896,0,1
21445.272074162,0,0
21446.279675290,0,1
21446.282088306,0,0
21447.289689700,0,1
21447.292102716,0,0
21448.299704086,0,1
21448.302117352,0,0
21449.309718484,0,1
21449.312131500,0,0
21450.319732984,0,1
21450.321002512,1,1
21450.323634538,0,1
21450.323669998,0,0
21451.329747208,0,1
21451.332160474,0,0
21452.339761590,0,1
21452.342174606,0,0
21453.349776066,0,1
21453.352189082,0,0
21454.359790434,0,1
21454.362203700,0,0
21455.369804864,0,1
21455.372217880,0,0
21456.379819288,0,1
21456.382232306,0,0
21457.389833600,0,1
21457.392246866,0,0
21458.399848058,0,1
21458.402261076,0,0
21459.409862498,0,1
21459.412275512,0,0
21460.419876816,0,1
21460.421146630,1,1
21460.423778716,0,1
21460.423814332,0,0
21461.429891464,0,1
21461.432304730,0,0
21462.439905890,0,1
21462.442318906,0,0
21463.449920310,0,1
21463.452333328,0,0
21464.459934690,0,1
21464.462347956,0,0
21465.469949096,0,1
21465.472362362,0,0
21466.479963542,0,1
21466.482376558,0,0
21467.489977982,0,1
21467.492391000,0,0
21468.499992326,0,1
21468.502405592,0,0
21469.510006784,0,1
21469.512419800,0,0
21470.520021218,0,1
21470.521290690,1,1
21470.523922644,0,1
21470.523958234,0,0
21471.530035396,0,1
21471.532448664,0,0
21472.540049902,0,1
21472.542462918,0,0
21473.550064306,0,1
21473.552477322,0,0
21474.560078666,0,1
21474.562491932,0,0
21475.570093046,0,1
21475.572506062,0,0
21476.580107506,0,1
21476.582520522,0,0
21477.590121886,0,1
21477.592535152,0,0
21478.600136318,0,1
21478.602549584,0,0
21479.610150732,0,1
21479.612563750,0,0
21480.620165064,0,1
21480.621434774,1,1
21480.624066290,0,1
21480.624102580,0,0
21481.630179628,0,1
21481.632592894,0,0
21482.640194004,0,1
21482.642607022,0,0
21483.650208490,0,1
21483.652621506,0,0
21484.660222826,0,1
21484.662636092,0,0
21485.670237244,0,1
21485.672650510,0,0
21486.680251700,0,1
21486.682664716,0,0
21487.690266090,0,1
21487.692679356,0,0
21488.700280430,0,1
21488.702693696,0,0
21489.710294894,0,1
21489.712707912,0,0
21490.720309290,0,1
21490.721578794,1,1
21490.724210758,0,1
21490.724246556,0,0
21491.730323580,0,1
21491.732736846,0,0
21492.740338000,0,1
21492.742751016,0,0
21493.750352390,0,1
21493.752765406,0,0
21494.760366782,0,1
21494.762780048,0,0
21495.770381212,0,1
21495.772794228,0,0
21496.780395662,0,1
21496.782808680,0,0
21497.790410024,0,1
21497.792823290,0,0
21498.800424460,0,1
21498.802837476,0,0
21499.810438806,0,1
21499.812852074,0,0
21500.820453188,0,1
21500.821722916,1,1
21500.824354608,0,1
21500.824390702,0,0
21501.830467750,0,1
21501.832881016,0,0
21502.840482146,0,1
21502.842895162,0,0
21503.850496556,0,1
21503.852909572,0,0
21504.860510962,0,1
21504.862924230,0,0
21505.870525354,0,1
21505.872938370,0,0
21506.880539808,0,1
21506.882952824,0,0
21507.890554184,0,1
21507.892967452,0,0
21508.900568610,0,1
21508.902981626,0,0
21509.910583042,0,1
21509.912996058,0,0
21510.920597380,0,1
21510.921867066,1,1
21510.924499216,0,1
21510.924534646,0,0
21511.930611870,0,1
21511.933025136,0,0
21512.940626344,0,1
21512.943039362,0,0
21513.950640734,0,1
21513.953053750,0,0
21514.960655120,0,1
21514.963068386,0,0
21515.970669546,0,1
21515.973082562,0,0
21516.980683976,0,1
21516.983096992,0,0
21517.990698340,0,1
21517.993111606,0,0
21519.000712752,0,1
21519.003126018,0,0
21520.010727178,0,1
21520.011996710,1,1
21520.014628330,0,1
21520.014664444,0,0
21521.020741420,0,1
21521.023154686,0,0
21522.030755868,0,1
21522.033168884,0,0
21523.040770278,0,1
21523.043183296,0,0
21524.050784666,0,1
21524.053197932,0,0
21525.060799090,0,1
21525.063212108,0,0
21526.070813522,0,1
21526.073226538,0,0
21527.080827872,0,1
21527.083241138,0,0
21528.090842314,0,1
21528.093255330,0,0
21529.100856694,0,1
21529.103269710,0,0
21530.110871086,0,1
21530.112140856,1,1
21530.114772376,0,1
21530.114808352,0,0
21531.120885544,0,1
21531.123298810,0,0
21532.130900028,0,1
21532.133313044,0,0
21533.140914434,0,1
21533.143327450,0,0
21534.150928814,0,1
21534.153342080,0,0
21535.160943232,0,1
21535.163356498,0,0
21536.170957680,0,1
21536.173370696,0,0
21537.180972112,0,1
21537.183385130,0,0
21538.190986460,0,1
21538.193399726,0,0
21539.201000874,0,1
21539.203413890,0,0
21540.211015316,0,1
21540.212284876,1,1
21540.214916872,0,1
21540.214952582,0,0
21541.221029684,0,1
21541.223442950,0,0
21542.231044100,0,1
21542.233457116,0,0
21543.241058542,0,1
21543.243471558,0,0
21544.251072894,0,1
21544.253486160,0,0
21545.261087356,0,1
21545.263500374,0,0
21546.271101776,0,1
21546.273514792,0,0
21547.281116118,0,1
21547.283529384,0,0
21548.291130528,0,1
21548.293543544,0,0
21549.301144966,0,1
21549.303557982,0,0
21550.311159296,0,1
21550.312428992,1,1
21550.315060718,0,1
21550.315096812,0,0
21551.321173788,0,1
21551.323587054,0,0
21552.331188242,0,1
21552.333601258,0,0
21553.341202640,0,1
21553.343615656,0,0
21554.351217048,0,1
21554.353630314,0,0
21555.361231414,0,1
21555.363644682,0,0
21556.371245884,0,1
21556.373658900,0,0
21557.381260288,0,1
21557.383673304,0,0
21558.391274688,0,1
21558.393687954,0,0
21559.401289086,0,1
21559.403702104,0,0
21560.411303528,0,1
21560.412573082,1,1
21560.415205168,0,1
21560.415240544,0,0
21561.421317882,0,1
21561.423731148,0,0
21562.431332316,0,1
21562.433745332,0,0
21563.441346760,0,1
21563.443759778,0,0
21564.451361124,0,1
21564.453774392,0,0
21565.461375582,0,1
21565.463788598,0,0
21566.471389966,0,1
21566.473802984,0,0
21567.481404322,0,1
21567.483817590,0,0
21568.491418718,0,1
21568.493831984,0,0
21569.501433178,0,1
21569.503846196,0,0
21570.511447614,0,1
21570.512717136,1,1
21570.515349490,0,1
21570.515384630,0,0
21571.521461868,0,1
21571.523875136,0,0
21572.531476296,0,1
21572.533889314,0,0
21573.541490682,0,1
21573.543903698,0,0
21574.551505074,0,1
21574.553918340,0,0
21575.561519512,0,1
21575.563932778,0,0
21576.571533882,0,1
21576.573946898,0,0
21577.581548286,0,1
21577.583961552,0,0
21578.591562662,0,1
21578.593975928,0,0
21579.601577112,0,1
21579.603990128,0,0
21580.611591582,0,1
21580.612861254,1,1
21580.615492918,0,1
21580.615528848,0,0
21581.621606046,0,1
21581.624019312,0,0
21582.631620456,0,1
21582.634033472,0,0
21583.641634890,0,1
21583.644047908,0,0
21584.651649274,0,1
21584.654062542,0,0
21585.661663704,0,1
21585.664076720,0,0
21586.671678128,0,1
21586.674091146,0,0
21587.681692528,0,1
21587.684105794,0,0
21588.691706886,0,1
21588.694119902,0,0
21589.701721370,0,1
21589.704134386,0,0
21590.711735712,0,1
21590.713005344,1,1
21590.715637546,0,1
21590.715672978,0,0
21591.721750032,0,1
21591.724163300,0,0
21592.731764438,0,1
21592.734177454,0,0
21593.741778920,0,1
21593.744191936,0,0
21594.751793238,0,1
21594.754206504,0,0
21595.761807728,0,1
21595.764220744,0,0
21596.771822142,0,1
21596.774235158,0,0
21597.781836464,0,1
21597.784249730,0,0
21598.791850880,0,1
21598.794263896,0,0
21599.801865334,0,1
21599.804278352,0,0
21600.811879678,0,1
21600.813149406,1,1
21600.815780978,0,1
21600.815817194,0,0
21600.822886400,0,0
