time_s,node,asn,src,err_ns
30.712520583,child7,3030,frame,-49344
30.724010705,child8,3030,frame,-55970
30.735202328,child9,3030,frame,-74986
30.736499536,child10,3030,frame,-102584
30.75478549,child2,3030,frame,-44826
30.763429988,child1,3030,frame,-33826
30.768576862000003,child3,3030,frame,-39121
30.780309734,child4,3030,frame,-63220
30.781792066999998,child5,3030,frame,-62093
30.801487687,child6,3030,frame,-1586
40.820362099,child7,4040,frame,-125
40.828865264,child8,4040,frame,2
40.841153136,child10,4040,frame,-250
40.842249511,child9,4040,frame,-205
40.857072674,child2,4040,frame,-125
40.867291087999995,child1,4040,frame,-251
40.874912503,child3,4040,frame,27
40.882541543,child4,4040,frame,47
40.889013542,child5,4040,frame,169
40.904464913000005,child6,4040,frame,-79
50.921495617,child7,5050,frame,36
50.935184822000004,child8,5050,frame,18
50.944043695,child9,5050,frame,12
50.944501695,child10,5050,frame,35
50.96631519,child2,5050,frame,0
50.969955022,child1,5050,frame,144
50.977744937000004,child3,5050,frame,-75
50.991959142,child5,5050,frame,-68
50.992366808999996,child4,5050,frame,58
51.006081264,child6,5050,frame,40
61.012639471,child6,6060,frame,-115
61.027274092,child7,6060,frame,24
61.038607256000006,child8,6060,frame,12
61.048877421,child9,6060,frame,134
61.050315628999996,child10,6060,frame,-83
61.072958415,child2,6060,frame,18
61.074648373,child1,6060,frame,33
61.081661038,child3,6060,frame,11
61.09379791,child5,6060,frame,19
61.097692493000004,child4,6060,frame,39
71.11894827900001,child6,7070,frame,163
71.13204773400001,child7,7070,frame,1
71.14161756499999,child8,7070,frame,26
71.152817188,child9,7070,frame,39
71.154439437,child10,7070,frame,125
71.17778434899999,child1,7070,frame,25
71.177968807,child2,7070,frame,14
71.187363013,child3,7070,frame,134
71.196710553,child5,7070,frame,31
71.20478613399999,child4,7070,frame,279
81.221009547,child6,8080,frame,5
81.235277418,child7,8080,frame,18
81.24538849899999,child8,8080,frame,129
81.258184496,child9,8080,frame,12
81.259658621,child10,8080,frame,38
81.280913033,child1,8080,frame,163
81.282212699,child2,8080,frame,136
81.290057031,child3,8080,frame,45
81.297556237,child5,8080,frame,132
81.30906777599999,child4,8080,frame,37
91.312293442,child4,9090,frame,-96
91.32111452299999,child6,9090,frame,-120
91.339427019,child7,9090,frame,-66
91.349546475,child8,9090,frame,-125
91.363048388,child9,9090,frame,-221
91.365170388,child10,9090,frame,-93
91.382148634,child1,9090,frame,-195
91.389280841,child2,9090,frame,-93
91.39766758900001,child3,9090,frame,-212
91.402790462,child5,9090,frame,-202
101.41363221,child4,10100,frame,169
101.422791207,child6,10100,frame,147
101.444407911,child7,10100,frame,25
101.453121575,child8,10100,frame,1
101.468082947,child9,10100,frame,60
101.471894363,child10,10100,frame,-80
101.483495527,child1,10100,frame,146
101.491761191,child2,10100,frame,2
101.504367772,child5,10100,frame,140
101.506169938,child3,10100,frame,256
110.507529338,child5,11009,frame,-126
110.51011383699999,child3,11009,frame,-1
110.513753336,child4,11009,frame,41
110.523177417,child6,11009,frame,-78
110.54970824399999,child7,11009,frame,-107
110.558042617,child8,11009,frame,46
110.571198573,child9,11009,frame,44
110.57752057100001,child10,11009,frame,32
110.589570527,child1,11009,frame,5
110.59575610899999,child2,11009,frame,30
120.60941552199999,child5,12019,frame,127
120.61375839600001,child3,12019,frame,34
120.619204811,child4,12019,frame,144
120.628622226,child6,12019,frame,16
120.653847595,child7,12019,frame,166
120.66354759299999,child8,12019,frame,56
120.67649979800001,child9,12019,frame,58
120.681817297,child10,12019,frame,128
120.69718500100001,child1,12019,frame,-117
120.700493084,child2,12019,frame,-76
130.701175584,child2,13029,frame,4
130.713934206,child5,13029,frame,-109
130.71852808,child3,13029,frame,-97
130.723398245,child4,13029,frame,-90
130.737381908,child6,13029,frame,9
130.755795571,child7,13029,frame,-193
130.769683068,child8,13029,frame,-124
130.780785565,child9,13029,frame,-91
130.782800565,child10,13029,frame,-88
130.800296769,child1,13029,frame,-2
140.80304655999998,child1,14039,frame,131
140.806872642,child2,14039,frame,1
140.820365431,child5,14039,frame,128
140.82406201299997,child3,14039,frame,29
140.827897929,child4,14039,frame,34
140.843718592,child6,14039,frame,28
140.86047263,child7,14039,frame,164
140.878588792,child8,14039,frame,183
140.884553166,child10,14039,frame,50
140.885802207,child9,14039,frame,42
150.905642744,child1,15049,frame,-72
150.908793993,child2,15049,frame,45
150.923231531,child5,15049,frame,-73
150.928656405,child3,15049,frame,20
150.932749863,child4,15049,frame,18
150.948446859,child6,15049,frame,55
150.96184993900002,child7,15049,frame,-102
150.980990768,child8,15049,frame,-73
150.987576266,child9,15049,frame,33
150.993694265,child10,15049,frame,35
161.009861553,child2,16059,frame,59
161.010842011,child1,16059,frame,-2
161.025718674,child5,16059,frame,-2
161.036232005,child3,16059,frame,29
161.039781546,child4,16059,frame,-90
161.051438626,child6,16059,frame,-124
161.068232039,child7,16059,frame,19
161.08405786900002,child8,16059,frame,42
161.093085992,child9,16059,frame,53
161.097806949,child10,16059,frame,-84
171.114068528,child2,17069,frame,4
171.114862653,child1,17069,frame,15
171.126621025,child5,17069,frame,13
171.137119148,child3,17069,frame,27
171.143055146,child4,17069,frame,167
171.15092002,child6,17069,frame,141
171.16963218200002,child7,17069,frame,39
171.18994063600002,child8,17069,frame,50
171.19726355,child9,17069,frame,51
171.201684591,child10,17069,frame,40
181.203898382,child9,18079,frame,-106
181.204177757,child10,18079,frame,-80
181.21286008799999,child1,18079,frame,54
181.214774671,child2,18079,frame,-70
181.22994754299998,child5,18079,frame,53
181.24141429,child3,18079,frame,-191
181.24586037199998,child4,18079,frame,-123
181.257658203,child6,18079,frame,-78
181.27600524,child7,18079,frame,11
181.294091278,child8,18079,frame,-78
191.308069066,child10,19089,frame,45
191.309065441,child9,19089,frame,-108
191.31413414800002,child1,19089,frame,-125
191.321008688,child2,19089,frame,46
191.33266918500001,child5,19089,frame,-110
191.344533391,child3,19089,frame,170
191.34893943100002,child4,19089,frame,-81
191.36350555299998,child6,19089,frame,-117
191.384204715,child7,19089,frame,-94
191.39549154600002,child8,19089,frame,-90
201.41073412499998,child9,20099,frame,51
201.41438187400001,child10,20099,frame,42
201.419567331,child1,20099,frame,141
201.424692455,child2,20099,frame,-1
201.43539149400002,child5,20099,frame,60
201.448571283,child3,20099,frame,23
201.451609991,child4,20099,frame,36
201.46890848700002,child6,20099,frame,13
201.487575857,child7,20099,frame,139
201.498689521,child8,20099,frame,48
210.49569921399998,child7,21008,frame,46
210.502796337,child8,21008,frame,51
210.516764084,child9,21008,frame,123
210.517634708,child10,21008,frame,-81
210.523256957,child1,21008,frame,-72
210.529397997,child2,21008,frame,19
210.539916287,child5,21008,frame,-120
210.554442491,child3,21008,frame,-74
210.55697007400002,child4,21008,frame,4
210.570980279,child6,21008,frame,57
220.600376689,child7,22018,frame,49
220.610471687,child8,22018,frame,-98
220.62075380899998,child9,22018,frame,-98
220.626409933,child1,22018,frame,54
220.626471391,child10,22018,frame,175
220.635416681,child2,22018,frame,30
220.64354501199998,child5,22018,frame,6
220.65939905000002,child3,22018,frame,21
220.661589841,child4,22018,frame,-90
220.671406089,child6,22018,frame,8
230.712669038,child7,23028,frame,-110
230.71769849499998,child8,23028,frame,58
230.72947090899999,child9,23028,frame,25
230.72954703399998,child1,23028,frame,0
230.736381532,child10,23028,frame,-90
230.743631822,child2,23028,frame,-82
230.75101607000002,child5,23028,frame,-104
230.76489952499998,child3,23028,frame,-105
230.771190607,child4,23028,frame,50
230.772460399,child6,23028,frame,28
240.817957971,child7,24038,frame,15
240.82373205300001,child8,24038,frame,1
240.832526051,child1,24038,frame,-116
240.834425842,child9,24038,frame,43
240.84165850699998,child10,24038,frame,32
240.85054646400002,child2,24038,frame,55
240.85753054499997,child5,24038,frame,156
240.86784400099998,child3,24038,frame,37
240.874616916,child4,24038,frame,-75
240.88001704,child6,24038,frame,-108
250.919844572,child7,25048,frame,59
250.93216561100002,child8,25048,frame,50
250.936137568,child1,25048,frame,6
250.938562026,child9,25048,frame,42
250.947616232,child10,25048,frame,37
250.955550147,child2,25048,frame,-68
250.967124603,child5,25048,frame,-111
250.975893767,child3,25048,frame,161
250.9784736,child4,25048,frame,-74
250.98696038999998,child6,25048,frame,16
261.02324709,child7,26058,frame,-119
261.039268877,child8,26058,frame,-74
261.041103835,child1,26058,frame,6
261.041963835,child9,26058,frame,-83
261.052408416,child10,26058,frame,-92
261.060584164,child2,26058,frame,45
261.068599329,child5,26058,frame,-78
261.082112826,child3,26058,frame,-104
261.085834867,child4,26058,frame,20
261.089314907,child6,26058,frame,33
271.128156982,child7,27068,frame,4
271.144963561,child1,27068,frame,14
271.14729368499997,child8,27068,frame,132
271.148343102,child9,27068,frame,25
271.15553839200004,child10,27068,frame,35
271.166917514,child2,27068,frame,51
271.17583321999996,child5,27068,frame,51
271.188103468,child3,27068,frame,12
271.189151967,child6,27068,frame,24
271.189928259,child4,27068,frame,11
281.197765257,child4,28078,frame,24
281.234202832,child7,28078,frame,7
281.245799454,child1,28078,frame,-127
281.250996453,child9,28078,frame,27
281.253882202,child8,28078,frame,-98
281.26184545,child10,28078,frame,35
281.27066361500005,child2,28078,frame,-77
281.280558488,child5,28078,frame,-87
281.29085161,child3,28078,frame,28
281.29152761,child6,28078,frame,9
291.295359942,child3,29088,frame,28
291.297274817,child6,29088,frame,8
291.30234019100004,child4,29088,frame,12
291.336489891,child7,29088,frame,146
291.348510013,child1,29088,frame,154
291.356583553,child9,29088,frame,28
291.35683342799996,child8,29088,frame,-2
291.366304759,child10,29088,frame,35
291.378699506,child2,29088,frame,57
291.38502838,child5,29088,frame,124
301.401000084,child3,30098,frame,-108
301.401736042,child6,30098,frame,-94
301.4060025,child4,30098,frame,-111
301.44199274100004,child7,30098,frame,-74
301.453270072,child1,30098,frame,-120
301.460021404,child8,30098,frame,-77
301.462558361,child9,30098,frame,18
301.470282318,child10,30098,frame,-125
301.48507664799996,child2,30098,frame,-92
301.492231229,child5,30098,frame,-88
310.491003588,child2,31007,frame,158
310.495765962,child5,31007,frame,49
310.503842793,child3,31007,frame,58
310.507877584,child6,31007,frame,175
310.5119975,child4,31007,frame,40
310.546070533,child7,31007,frame,36
310.556966906,child1,31007,frame,31
310.562054488,child8,31007,frame,158
310.564527821,child9,31007,frame,-215
310.575169277,child10,31007,frame,46
320.59504348,child2,32017,frame,-209
320.59834093800004,child5,32017,frame,-87
320.60863656000004,child3,32017,frame,12
320.610775602,child6,32017,frame,-97
320.616066225,child4,32017,frame,-99
320.649072509,child7,32017,frame,-75
320.660449965,child1,32017,frame,30
320.66866542099996,child9,32017,frame,176
320.669821796,child8,32017,frame,-198
320.68087912699997,child10,32017,frame,-88
330.694686665,child2,33027,frame,-72
330.704719371,child5,33027,frame,24
330.71069462,child3,33027,frame,-112
330.713610577,child6,33027,frame,-117
330.721515576,child4,33027,frame,36
330.75298023500005,child7,33027,frame,-110
330.765551524,child1,33027,frame,-109
330.771902939,child8,33027,frame,58
330.775883438,child9,33027,frame,-91
330.785108311,child10,33027,frame,50
340.78977555899996,child10,34037,frame,-76
340.802487181,child2,34037,frame,137
340.812496221,child5,34037,frame,60
340.814200345,child3,34037,frame,44
340.815976262,child6,34037,frame,25
340.823024552,child4,34037,frame,-99
340.858205877,child7,34037,frame,19
340.869611749,child1,34037,frame,157
340.877558206,child8,34037,frame,59
340.877669664,child9,34037,frame,33
350.894774701,child10,35047,frame,-75
350.903307449,child2,35047,frame,1
350.915515363,child6,35047,frame,24
350.919348904,child3,35047,frame,29
350.920694695,child5,35047,frame,-80
350.92810306900003,child4,35047,frame,43
350.96211568599995,child7,35047,frame,23
350.9735516,child1,35047,frame,-109
350.98243072300005,child8,35047,frame,-2
350.984511472,child9,35047,frame,37
360.98784018,child8,36057,frame,-67
360.988698763,child9,36057,frame,-91
360.99770084399995,child10,36057,frame,173
361.007198717,child2,36057,frame,-71
361.020507339,child6,36057,frame,25
361.021716297,child3,36057,frame,-97
361.02982058599997,child5,36057,frame,-2
361.035067044,child4,36057,frame,-2
361.068467536,child7,36057,frame,3
361.07419815900005,child1,36057,frame,32
371.091842197,child8,37067,frame,58
371.091895072,child9,37067,frame,51
371.102202361,child10,37067,frame,53
371.109862234,child2,37067,frame,12
371.13012698,child3,37067,frame,45
371.134100104,child6,37067,frame,-101
371.13585606199996,child5,37067,frame,54
371.137704811,child4,37067,frame,-74
371.175789011,child1,37067,frame,-92
371.175905844,child7,37067,frame,-102
381.196247006,child8,38077,frame,8
381.196516506,child9,38077,frame,-93
381.20766942,child10,38077,frame,-72
381.21624533399995,child2,38077,frame,19
381.234169913,child3,38077,frame,44
381.241391328,child5,38077,frame,-126
381.24167953700004,child4,38077,frame,4
381.24234053699996,child6,38077,frame,41
381.277049695,child1,38077,frame,45
381.27815506999997,child7,38077,frame,55
391.299574523,child8,39087,frame,-82
391.300713106,child9,39087,frame,130
391.31143202,child10,39087,frame,174
391.32067106,child2,39087,frame,9
391.33721805600004,child3,39087,frame,28
391.345937054,child5,39087,frame,149
391.346555054,child4,39087,frame,59
391.34738976200003,child6,39087,frame,44
391.383275587,child7,39087,frame,27
391.38552767,child1,39087,frame,29
401.387141127,child7,40097,frame,48
401.393156793,child1,40097,frame,-95
401.40313679,child8,40097,frame,10
401.40409908199996,child9,40097,frame,-97
401.414399746,child10,40097,frame,-216
401.42479107699995,child2,40097,frame,10
401.440805032,child3,40097,frame,31
401.449727404,child4,40097,frame,-1
401.450468154,child6,40097,frame,-83
401.452279862,child5,40097,frame,-67
410.48941892000005,child7,41006,frame,34
410.497040002,child1,41006,frame,169
410.50549975,child8,41006,frame,51
410.507173833,child9,41006,frame,50
410.518075705,child10,41006,frame,170
410.530451911,child2,41006,frame,35
410.546770407,child3,41006,frame,-67
410.551067239,child4,41006,frame,129
410.554648947,child6,41006,frame,146
410.558075446,child5,41006,frame,55
420.595292729,child7,42016,frame,-102
420.60038981099996,child1,42016,frame,-111
420.607959559,child8,42016,frame,-74
420.611010183,child9,42016,frame,-79
420.62732822099997,child10,42016,frame,-108
420.635924927,child2,42016,frame,-70
420.650750466,child3,42016,frame,-96
420.65285109,child4,42016,frame,-81
420.65963921400004,child6,42016,frame,-233
420.66365887899997,child5,42016,frame,-71
430.69784678800005,child7,43026,frame,20
430.70660032700005,child1,43026,frame,45
430.712537784,child8,43026,frame,4
430.717397033,child9,43026,frame,58
430.73020707200004,child10,43026,frame,37
430.736926612,child2,43026,frame,124
430.753903025,child4,43026,frame,42
430.755253066,child3,43026,frame,44
430.764663439,child6,43026,frame,48
430.76746939699996,child5,43026,frame,131
440.80178367999997,child7,44036,frame,-87
440.81044072000003,child1,44036,frame,-95
440.81611351,child8,44036,frame,23
440.822546134,child9,44036,frame,58
440.835664839,child10,44036,frame,-105
440.842040171,child2,44036,frame,-121
440.858731417,child3,44036,frame,45
440.861820708,child4,44036,frame,-82
440.868153581,child6,44036,frame,49
440.874436705,child5,44036,frame,-80
450.881066036,child5,45046,frame,179
450.903765698,child7,45046,frame,178
450.913244071,child1,45046,frame,45
450.921066069,child8,45046,frame,58
450.929440025,child9,45046,frame,25
450.940399481,child10,45046,frame,50
450.946781813,child2,45046,frame,134
450.959880435,child3,45046,frame,28
450.967404266,child4,45046,frame,8
450.97125984900003,child6,45046,frame,48
460.982109888,child5,46056,frame,179
461.007984132,child7,46056,frame,4
461.017879588,child1,46056,frame,157
461.02147067,child8,46056,frame,139
461.033022084,child9,46056,frame,46
461.04702983100003,child10,46056,frame,50
461.05138133,child2,46056,frame,57
461.063665952,child3,46056,frame,29
461.071296909,child6,46056,frame,158
461.074542533,child4,46056,frame,43
471.081038489,child4,47066,frame,35
471.087573405,child5,47066,frame,-65
471.112381857,child7,47066,frame,23
471.12001423,child1,47066,frame,-109
471.126651437,child8,47066,frame,-82
471.139580851,child9,47066,frame,26
471.15076364000004,child10,47066,frame,35
471.158599555,child2,47066,frame,30
471.164990928,child3,47066,frame,28
471.176756217,child6,47066,frame,-109
481.185255798,child6,48076,frame,177
481.18798154800004,child4,48076,frame,34
481.192080713,child5,48076,frame,13
481.21941899899997,child7,48076,frame,3
481.222175665,child1,48076,frame,32
481.22832420500004,child8,48076,frame,42
481.24533678399996,child9,48076,frame,34
481.257867698,child10,48076,frame,32
481.265955988,child2,48076,frame,43
481.271935778,child3,48076,frame,29
491.288944566,child4,49086,frame,-96
491.296166814,child5,49086,frame,-127
491.299070813,child6,49086,frame,-124
491.322951558,child7,49086,frame,-227
491.32521305700004,child1,49086,frame,-109
491.33265138900003,child8,49086,frame,-73
491.351394843,child9,49086,frame,-123
491.36417459,child10,49086,frame,-105
491.37216163,child2,49086,frame,-93
491.377752212,child3,49086,frame,28
501.379042461,child2,50096,frame,-98
501.381074544,child3,50096,frame,17
501.39273933299995,child4,50096,frame,-73
501.403239039,child5,50096,frame,140
501.407318746,child6,50096,frame,29
501.425803159,child7,50096,frame,286
501.436318281,child1,50096,frame,46
501.437261656,child8,50096,frame,173
501.452800236,child9,50096,frame,161
501.46976994000005,child10,50096,frame,52
510.474653839,child10,51005,frame,156
510.481458212,child2,51005,frame,139
510.485379336,child3,51005,frame,29
510.49657175,child4,51005,frame,131
510.504494707,child5,51005,frame,49
510.511362455,child6,51005,frame,42
510.532435534,child7,51005,frame,-101
510.538408365,child1,51005,frame,158
510.54485290599996,child8,51005,frame,4
510.557982153,child9,51005,frame,19
520.579546231,child10,52015,frame,-107
520.589357728,child2,52015,frame,-85
520.590084895,child3,52015,frame,59
520.599805143,child4,52015,frame,-83
520.616059056,child5,52015,frame,0
520.617166764,child6,52015,frame,55
520.639447175,child7,52015,frame,3
520.641611758,child1,52015,frame,-109
520.650315964,child8,52015,frame,-96
520.663780211,child9,52015,frame,-121
530.669765084,child9,53025,frame,126
530.686416456,child10,53025,frame,19
530.691473454,child2,53025,frame,32
530.692987037,child3,53025,frame,51
530.704499743,child4,53025,frame,123
530.721614156,child6,53025,frame,47
530.723138739,child5,53025,frame,26
530.741697193,child7,53025,frame,7
530.7485984829999,child1,53025,frame,158
530.75498369,child8,53025,frame,19
540.776785018,child9,54035,frame,4
540.793311222,child10,54035,frame,1
540.7961882220001,child2,54035,frame,23
540.800274471,child3,54035,frame,-207
540.810312302,child4,54035,frame,-96
540.82551584,child6,54035,frame,-86
540.827927839,child5,54035,frame,-90
540.8439590849999,child7,54035,frame,23
540.8526012499999,child1,54035,frame,-127
540.858394249,child8,54035,frame,-105
550.8833224929999,child9,55045,frame,3
550.89999853,child10,55045,frame,21
550.9001090300001,child2,55045,frame,43
550.906522571,child3,55045,frame,129
550.9155263600001,child4,55045,frame,-83
550.931388481,child5,55045,frame,-1
550.931667731,child6,55045,frame,0
550.9485761440001,child7,55045,frame,3
550.958787517,child1,55045,frame,155
550.963198099,child8,55045,frame,125
560.98805501,child9,56055,frame,3
561.0025566310001,child10,56055,frame,-104
561.005851422,child2,56055,frame,-85
561.0117680039999,child3,56055,frame,-74
561.022676168,child4,56055,frame,59
561.035127874,child6,56055,frame,48
561.038462623,child5,56055,frame,-73
561.056138577,child7,56055,frame,23
561.061572159,child1,56055,frame,-127
561.0652902,child8,56055,frame,20
571.0955015679999,child9,57065,frame,-77
571.104774357,child10,57065,frame,34
571.111561564,child2,57065,frame,39
571.1188469790001,child3,57065,frame,-66
571.129111852,child4,57065,frame,58
571.1388814740001,child6,57065,frame,-113
571.143879098,child5,57065,frame,-2
571.1589318030001,child7,57065,frame,3
571.163413385,child1,57065,frame,14
571.168951301,child8,57065,frame,-106
581.1754129660001,child8,58075,frame,-86
581.1988198769999,child9,58075,frame,-67
581.208702041,child10,58075,frame,19
581.213688623,child2,58075,frame,42
581.22086683,child3,58075,frame,5
581.236307368,child4,58075,frame,-81
581.239948951,child6,58075,frame,-71
581.246854282,child5,58075,frame,0
581.2636299029999,child7,58075,frame,-70
581.266134653,child1,58075,frame,-2
591.279567733,child8,59085,frame,50
591.304130227,child9,59085,frame,20
591.3177707660001,child10,59085,frame,-106
591.318080224,child2,59085,frame,-100
591.324962972,child3,59085,frame,4
591.339115261,child4,59085,frame,42
591.339831011,child6,59085,frame,1
591.3549442569999,child5,59085,frame,-190
591.369260004,child1,59085,frame,-2
591.3702376279999,child7,59085,frame,-96
601.3729245860001,child1,60095,frame,14
601.375787502,child7,60095,frame,13
601.385235458,child8,60095,frame,3
601.4092687030001,child9,60095,frame,-105
601.420374908,child10,60095,frame,32
601.422299158,child2,60095,frame,51
601.430146698,child3,60095,frame,-116
601.4440934859999,child4,60095,frame,-72
601.450876318,child6,60095,frame,6
601.4590846489999,child5,60095,frame,27
610.4806389610001,child1,61004,frame,1
610.481082794,child7,61004,frame,44
610.4896206249999,child8,61004,frame,152
610.512947703,child9,61004,frame,15
610.521505035,child10,61004,frame,33
610.525801117,child2,61004,frame,50
610.535985489,child3,61004,frame,183
610.5473008619999,child4,61004,frame,-102
610.559207651,child6,61004,frame,56
610.561126442,child5,61004,frame,28
620.564445233,child6,62014,frame,17
620.56725694,child5,62014,frame,-88
620.584181478,child7,62014,frame,-114
620.58436777,child1,62014,frame,-109
620.593718767,child8,62014,frame,-98
620.617889054,child9,62014,frame,35
620.627578176,child10,62014,frame,-89
620.629506426,child2,62014,frame,-92
620.642830839,child3,62014,frame,-106
620.655633128,child4,62014,frame,20
630.668297542,child6,63024,frame,8
630.6707342909999,child5,63024,frame,45
630.688585912,child1,63024,frame,141
630.6901742030001,child7,63024,frame,47
630.698792659,child8,63024,frame,-82
630.719861738,child9,63024,frame,34
630.7342326099999,child10,63024,frame,50
630.736523901,child2,63024,frame,49
630.7452446899999,child3,63024,frame,13
630.758155896,child4,63024,frame,13
640.7653708940001,child4,64034,frame,4
640.772504642,child6,64034,frame,-116
640.780258724,child5,64034,frame,-79
640.793218596,child7,64034,frame,28
640.7937461370001,child1,64034,frame,-109
640.8034129680001,child8,64034,frame,51
640.82337413,child9,64034,frame,17
640.838415752,child10,64034,frame,-75
640.8392972930001,child2,64034,frame,-94
640.8514732069999,child3,64034,frame,-97
650.873955618,child4,65044,frame,12
650.87486266,child6,65044,frame,32
650.8864389900001,child5,65044,frame,9
650.896879363,child7,65044,frame,-79
650.899199696,child1,65044,frame,16
650.910765568,child8,65044,frame,-75
650.928036022,child9,65044,frame,37
650.9435014769999,child2,65044,frame,-74
650.94637781,child10,65044,frame,50
650.9571488070001,child3,65044,frame,37
660.9748644279999,child4,66054,frame,21
660.979709677,child6,66054,frame,-89
660.9968714639999,child5,66054,frame,-66
660.999994172,child1,66054,frame,-109
661.001539422,child7,66054,frame,44
661.0201973759999,child8,66054,frame,130
661.029745165,child9,66054,frame,-99
661.0514534099999,child2,66054,frame,1
661.0527525760001,child10,66054,frame,32
661.059795741,child3,66054,frame,28
671.0619950739999,child3,67064,frame,29
671.08107207,child4,67064,frame,-113
671.085081652,child6,67064,frame,25
671.099449399,child1,67064,frame,49
671.101064648,child5,67064,frame,14
671.1117353120001,child7,67064,frame,55
671.1235912679999,child8,67064,frame,-98
671.133943849,child9,67064,frame,35
671.156450219,child2,67064,frame,8
671.1616107589999,child10,67064,frame,52
681.163640634,child2,68074,frame,47
681.1688349660001,child10,68074,frame,-88
681.1739210889999,child3,68074,frame,-97
681.187343961,child4,68074,frame,36
681.190664086,child6,68074,frame,-101
681.20667354,child5,68074,frame,0
681.2126143300001,child1,68074,frame,-95
681.2203506200001,child7,68074,frame,-86
681.227377952,child8,68074,frame,-82
681.2411099489999,child9,68074,frame,-108
691.272592441,child2,69084,frame,4
691.2764709400001,child3,69084,frame,29
691.2771374820001,child10,69084,frame,-75
691.294916811,child6,69084,frame,166
691.295052144,child4,69084,frame,46
691.313428723,child5,69084,frame,131
691.3201143050001,child1,69084,frame,170
691.3241940539999,child7,69084,frame,35
691.330547886,child8,69084,frame,133
691.345465591,child9,69084,frame,162
701.375339209,child2,70094,frame,13
701.382230916,child3,70094,frame,47
701.3827085400001,child10,70094,frame,128
701.39373033,child6,70094,frame,29
701.3992454529999,child4,70094,frame,15
701.4219326150001,child5,70094,frame,-127
701.424686322,child1,70094,frame,-95
701.429728321,child7,70094,frame,-69
701.440383652,child8,70094,frame,-69
701.4487689829999,child9,70094,frame,-105
710.454747424,child9,71003,frame,47
710.4816648340001,child2,71003,frame,15
710.484429167,child3,71003,frame,-67
710.4866784579999,child10,71003,frame,-88
710.494740581,child6,71003,frame,7
710.5058909530001,child4,71003,frame,26
710.527427407,child5,71003,frame,1
710.5285437809999,child1,71003,frame,30
710.535213321,child7,71003,frame,173
710.544674986,child8,71003,frame,40
720.5601095239999,child9,72013,frame,17
720.585901143,child2,72013,frame,11
720.586611268,child3,72013,frame,45
720.592623933,child10,72013,frame,40
720.601445222,child6,72013,frame,33
720.607485721,child4,72013,frame,13
720.633584548,child1,72013,frame,45
720.635226965,child5,72013,frame,32
720.6364135480001,child7,72013,frame,39
720.64866292,child8,72013,frame,1
730.6662737490001,child9,73023,frame,34
730.691721118,child3,73023,frame,-98
730.6944548260001,child2,73023,frame,2
730.699830283,child10,73023,frame,-80
730.711189322,child6,73023,frame,-109
730.713408613,child4,73023,frame,12
730.738678524,child1,73023,frame,-95
730.740673023,child5,73023,frame,6
730.745623564,child7,73023,frame,-106
730.750600146,child8,73023,frame,-75
740.772269349,child9,74033,frame,-90
740.7982260509999,child3,74033,frame,45
740.8015717589999,child2,74033,frame,40
740.805135091,child10,74033,frame,123
740.818447088,child4,74033,frame,137
740.8203461710001,child6,74033,frame,33
740.842061541,child5,74033,frame,6
740.842157041,child1,74033,frame,170
740.851163414,child7,74033,frame,164
740.8535543720001,child8,74033,frame,175
750.857549412,child8,75043,frame,0
750.858391954,child7,75043,frame,-104
750.8809576149999,child9,75043,frame,16
750.9047333599999,child3,75043,frame,169
750.904878401,child2,75043,frame,-75
750.913647732,child10,75043,frame,50
750.921644939,child6,75043,frame,36
750.92241773,child4,75043,frame,-66
750.943318184,child1,75043,frame,14
750.948040599,child5,75043,frame,-1
760.956445681,child5,76053,frame,-1
760.962488138,child8,76053,frame,35
760.96486497,child7,76053,frame,19
760.991661089,child9,76053,frame,38
761.010520585,child2,76053,frame,58
761.010714668,child3,76053,frame,-96
761.019533833,child10,76053,frame,49
761.0231874570001,child6,76053,frame,16
761.026571123,child4,76053,frame,51
761.045410618,child1,76053,frame,16
771.059444406,child5,77063,frame,-1
771.0638614469999,child8,77063,frame,37
771.071148612,child7,77063,frame,23
771.096868731,child9,77063,frame,-106
771.11662156,child2,77063,frame,-69
771.119298059,child3,77063,frame,28
771.127531891,child6,77063,frame,1
771.1279629320001,child10,77063,frame,-90
771.134764097,child4,77063,frame,-83
771.146203553,child1,77063,frame,-125
781.1567026749999,child1,78073,frame,32
781.163892215,child5,78073,frame,32
781.169612422,child8,78073,frame,-98
781.176216087,child7,78073,frame,-122
781.202706415,child9,78073,frame,175
781.220721327,child3,78073,frame,-96
781.221367244,child2,78073,frame,48
781.232645658,child6,78073,frame,16
781.2365512399999,child10,78073,frame,-108
781.2406058219999,child4,78073,frame,8
791.2597640260001,child1,79083,frame,16
791.268606316,child5,79083,frame,59
791.2739572730001,child8,79083,frame,27
791.280946396,child7,79083,frame,23
791.30903114,child9,79083,frame,2
791.3241090939999,child3,79083,frame,44
791.326564135,child2,79083,frame,58
791.336015925,child6,79083,frame,17
791.3376176749999,child10,79083,frame,249
791.348288797,child4,79083,frame,177
801.364876835,child1,80093,frame,33
801.375342124,child5,80093,frame,50
801.381520581,child8,80093,frame,43
801.387538496,child7,80093,frame,146
801.417382322,child9,80093,frame,22
801.427339153,child3,80093,frame,32
801.432686277,child2,80093,frame,-73
801.439521734,child6,80093,frame,13
801.442745858,child10,80093,frame,-104
801.454998272,child4,80093,frame,29
810.44948259,child10,81002,frame,-95
810.461977254,child4,81002,frame,-85
810.467879586,child1,81002,frame,-1
810.4797990830001,child5,81002,frame,-82
810.4880944140001,child8,81002,frame,6
810.493474288,child7,81002,frame,-88
810.521559865,child9,81002,frame,-92
810.529426404,child3,81002,frame,58
810.538306444,child2,81002,frame,7
810.5452509419999,child6,81002,frame,55
820.552433816,child10,82012,frame,35
820.5685811870001,child4,82012,frame,153
820.5710113529999,child1,82012,frame,0
820.5888923900001,child5,82012,frame,54
820.593488098,child8,82012,frame,3
820.59891168,child7,82012,frame,4
820.626509923,child9,82012,frame,160
820.63422788,child3,82012,frame,12
820.6442852939999,child2,82012,frame,58
820.64596846,child6,82012,frame,56
830.6503826679999,child6,83022,frame,-123
830.650851376,child2,83022,frame,-193
830.6592594159999,child10,83022,frame,42
830.676448037,child4,83022,frame,-230
830.677710661,child1,83022,frame,-91
830.6955444490001,child5,83022,frame,-80
830.6977111570001,child8,83022,frame,-88
830.703448739,child7,83022,frame,38
830.737356231,child9,83022,frame,-203
830.738668939,child3,83022,frame,-112
840.747035937,child3,84032,frame,44
840.75577131,child2,84032,frame,134
840.761867683,child6,84032,frame,125
840.7628596,child10,84032,frame,41
840.78119422,child1,84032,frame,28
840.7815319700001,child4,84032,frame,160
840.801201549,child8,84032,frame,27
840.803541798,child5,84032,frame,8
840.807449839,child7,84032,frame,23
840.839179165,child9,84032,frame,28
850.8505926619999,child3,85042,frame,-97
850.8621507849999,child2,85042,frame,-79
850.867145033,child6,85042,frame,-203
850.8687647,child10,85042,frame,-101
850.881847405,child1,85042,frame,-95
850.889956445,child4,85042,frame,-106
850.906256608,child8,85042,frame,-99
850.9074977319999,child7,85042,frame,-121
850.9094538989999,child5,85042,frame,51
850.943357974,child9,85042,frame,-98
860.948768014,child9,86052,frame,27
860.9574112619999,child3,86052,frame,44
860.970413342,child10,86052,frame,45
860.972278675,child2,86052,frame,3
860.975061966,child6,86052,frame,133
860.9864769640001,child1,86052,frame,155
860.997485753,child4,86052,frame,-87
861.0112205,child5,86052,frame,44
861.011693958,child8,86052,frame,125
861.0153125820001,child7,86052,frame,39
871.054158739,child9,87062,frame,25
871.062252113,child3,87062,frame,-96
871.076128734,child2,87062,frame,134
871.078204442,child10,87062,frame,-98
871.0816813580001,child6,87062,frame,-69
871.0938763549999,child1,87062,frame,14
871.104205395,child4,87062,frame,152
871.114789934,child8,87062,frame,19
871.117733641,child5,87062,frame,37
871.122021015,child7,87062,frame,3
881.159628347,child9,88072,frame,42
881.1668200949999,child3,88072,frame,44
881.177554259,child2,88072,frame,-123
881.1823453000001,child10,88072,frame,3
881.184777549,child6,88072,frame,0
881.2022027950001,child1,88072,frame,-111
881.207239336,child4,88072,frame,-97
881.220475749,child8,88072,frame,-105
881.220735291,child5,88072,frame,37
881.228901039,child7,88072,frame,-102
891.264139871,child9,89082,frame,-82
891.272482661,child3,89082,frame,45
891.283375534,child2,89082,frame,55
891.287966032,child10,89082,frame,57
891.291899573,child6,89082,frame,1
891.308227694,child1,89082,frame,157
891.312535027,child4,89082,frame,-83
891.324249066,child8,89082,frame,54
891.32848719,child5,89082,frame,38
891.330773981,child7,89082,frame,160
901.367028396,child9,90092,frame,44
901.380038768,child3,90092,frame,47
901.390899307,child2,90092,frame,4
901.394884806,child10,90092,frame,42
901.396966306,child6,90092,frame,23
901.414836427,child1,90092,frame,-111
901.41969805,child4,90092,frame,46
901.428090882,child8,90092,frame,-91
901.431586256,child5,90092,frame,38
901.43660913,child7,90092,frame,25
910.4393272440001,child7,91001,frame,20
910.47096832,child9,91001,frame,50
910.489228982,child3,91001,frame,10
910.494698939,child2,91001,frame,165
910.499447813,child6,91001,frame,36
910.5042506450001,child10,91001,frame,20
910.5179761009999,child1,91001,frame,155
910.524981057,child4,91001,frame,11
910.5322410140001,child5,91001,frame,145
910.533807805,child8,91001,frame,34
920.545018518,child7,92011,frame,-102
920.577938594,child9,92011,frame,35
920.5923427150001,child3,92011,frame,36
920.5994877969999,child2,92011,frame,-111
920.606103504,child6,92011,frame,13
920.610943336,child10,92011,frame,-80
920.620708542,child1,92011,frame,-125
920.632255581,child4,92011,frame,-88
920.6360716219999,child8,92011,frame,-70
920.6375407050001,child5,92011,frame,-74
930.63888042,child4,93021,frame,129
930.640616461,child5,93021,frame,53
930.641713086,child8,93021,frame,50
930.65046875,child7,93021,frame,39
930.6812449519999,child9,93021,frame,34
930.6976174060001,child3,93021,frame,37
930.703327572,child2,93021,frame,59
930.708835237,child6,93021,frame,8
930.718852318,child10,93021,frame,124
930.7240894,child1,93021,frame,141
940.744985527,child8,94031,frame,34
940.745506485,child4,94031,frame,-2
940.74649111,child5,94031,frame,44
940.753308984,child7,94031,frame,128
940.783079393,child9,94031,frame,127
940.801139431,child3,94031,frame,20
940.8092718869999,child6,94031,frame,48
940.809607595,child2,94031,frame,165
940.8232909669999,child10,94031,frame,-92
940.825244759,child1,94031,frame,47
950.851039051,child5,95041,frame,38
950.852689134,child4,95041,frame,-91
950.854848759,child8,95041,frame,0
950.859857674,child7,95041,frame,-118
950.888012293,child9,95041,frame,-120
950.907079621,child3,95041,frame,21
950.9107977040001,child6,95041,frame,54
950.9148162859999,child2,95041,frame,-1
950.925771159,child1,95041,frame,54
950.928528741,child10,95041,frame,50
960.955144992,child4,96051,frame,-120
960.95655545,child5,96051,frame,28
960.964175824,child7,96051,frame,128
960.9645842819999,child8,96051,frame,-74
960.9897101509999,child9,96051,frame,145
961.011189104,child3,96051,frame,3
961.018562019,child6,96051,frame,-84
961.0195031860001,child2,96051,frame,-99
961.035790599,child10,96051,frame,35
961.038095473,child1,96051,frame,2
971.0421938960001,child1,97061,frame,-97
971.0609208909999,child4,97061,frame,12
971.063478932,child5,97061,frame,-86
971.069306848,child7,97061,frame,-71
971.073590555,child8,97061,frame,5
971.097562008,child9,97061,frame,3
971.116616212,child3,97061,frame,5
971.122236835,child2,97061,frame,144
971.123075877,child6,97061,frame,-79
971.137985373,child10,97061,frame,9
981.146103754,child10,98071,frame,29
981.14834817,child1,98071,frame,52
981.16349675,child4,98071,frame,-121
981.170992081,child5,98071,frame,26
981.174998205,child7,98071,frame,13
981.178382704,child8,98071,frame,59
981.201451366,child9,98071,frame,-92
981.222649819,child3,98071,frame,4
981.2270173600001,child6,98071,frame,55
981.227678526,child2,98071,frame,0
991.249173737,child10,99081,frame,28
991.251783736,child1,99081,frame,29
991.268142107,child4,99081,frame,29
991.274317272,child5,99081,frame,22
991.281702354,child8,99081,frame,42
991.286370936,child7,99081,frame,184
991.308651139,child9,99081,frame,59
991.3267732600001,child3,99081,frame,5
991.329677301,child6,99081,frame,131
991.332579467,child2,99081,frame,38
1001.3527572200001,child10,100091,frame,-99
1001.356457052,child1,100091,frame,-88
1001.374680214,child4,100091,frame,-96
1001.377022131,child5,100091,frame,29
1001.3883279199999,child8,100091,frame,-67
1001.38835967,child7,100091,frame,-73
1001.414560038,child9,100091,frame,-73
1001.434022617,child3,100091,frame,0
1001.434424034,child6,100091,frame,-91
1001.437927366,child2,100091,frame,-1
1010.437326856,child3,101000,frame,155
1010.438473689,child6,101000,frame,28
1010.4440302300001,child2,101000,frame,143
1010.457699476,child10,101000,frame,24
1010.461008559,child1,101000,frame,37
1010.475915847,child4,101000,frame,-76
1010.4824435959999,child5,101000,frame,21
1010.493961593,child8,101000,frame,151
1010.4980603,child7,101000,frame,46
1010.516426004,child9,101000,frame,137
1020.541033506,child3,102010,frame,-206
1020.541887839,child6,102010,frame,-86
1020.547685129,child2,102010,frame,-119
1020.562463751,child10,102010,frame,34
1020.565708708,child1,102010,frame,-89
1020.5822397039999,child4,102010,frame,-121
1020.586510412,child5,102010,frame,-112
1020.596933909,child8,102010,frame,-223
1020.606448741,child7,102010,frame,-86
1020.620275904,child9,102010,frame,-101
1030.646418947,child3,103020,frame,130
1030.646969988,child6,103020,frame,55
1030.650490571,child2,103020,frame,50
1030.6657869,child1,103020,frame,53
1030.666401109,child10,103020,frame,1
1030.687645812,child4,103020,frame,-76
1030.692562686,child5,103020,frame,154
1030.703621725,child8,103020,frame,139
1030.7094821819999,child7,103020,frame,42
1030.724363553,child9,103020,frame,128
1040.747721763,child3,104030,frame,51
1040.7505332629999,child6,104030,frame,55
1040.754350262,child2,104030,frame,39
1040.766353134,child1,104030,frame,176
1040.7697274250002,child10,104030,frame,21
1040.7919200029999,child4,104030,frame,45
1040.795512294,child5,104030,frame,30
1040.805703292,child8,104030,frame,43
1040.812887623,child7,104030,frame,39
1040.829219578,child9,104030,frame,35
1050.8381195410002,child9,105040,frame,-102
1050.852264204,child3,105040,frame,43
1050.855234245,child6,105040,frame,-85
1050.860520702,child2,105040,frame,16
1050.8714063250002,child1,105040,frame,-93
1050.874858741,child10,105040,frame,21
1050.8950463610001,child4,105040,frame,-213
1050.903301401,child5,105040,frame,-114
1050.910473982,child8,105040,frame,26
1050.9182884810002,child7,105040,frame,25
1060.9416084410002,child9,106050,frame,178
1060.955908187,child6,106050,frame,39
1060.961058144,child3,106050,frame,-89
1060.965716643,child2,106050,frame,131
1060.972912558,child1,106050,frame,30
1060.979878598,child10,106050,frame,19
1060.9996493019999,child4,106050,frame,138
1061.0107633829998,child5,106050,frame,138
1061.014437965,child8,106050,frame,39
1061.022396047,child7,106050,frame,31
1071.041064258,child9,107060,frame,17
1071.055981796,child6,107060,frame,39
1071.064848461,child3,107060,frame,42
1071.075218958,child2,107060,frame,-123
1071.079149249,child1,107060,frame,-94
1071.086185122,child10,107060,frame,18
1071.1077128260001,child4,107060,frame,-127
1071.116145532,child5,107060,frame,59
1071.119580948,child8,107060,frame,-106
1071.125507363,child7,107060,frame,-103
1081.144251574,child9,108070,frame,18
1081.161368029,child6,108070,frame,5
1081.170970068,child3,108070,frame,36
1081.179760316,child2,108070,frame,16
1081.1826421070002,child1,108070,frame,171
1081.1938078960002,child10,108070,frame,144
1081.212875767,child4,108070,frame,30
1081.220140598,child5,108070,frame,-72
1081.223515264,child8,108070,frame,34
1081.2286670550002,child7,108070,frame,34
1091.2326924360002,child7,109080,frame,163
1091.250231515,child9,109080,frame,48
1091.2685910110001,child6,109080,frame,-86
1091.274783342,child3,109080,frame,28
1091.282585466,child2,109080,frame,8
1091.2877438809999,child1,109080,frame,-91
1091.2993082950002,child10,109080,frame,31
1091.318220999,child4,109080,frame,-96
1091.3276800800002,child5,109080,frame,139
1091.328434955,child8,109080,frame,39
1101.3340948769999,child8,110090,frame,-91
1101.338691751,child7,110090,frame,-120
1101.353915539,child9,110090,frame,6
1101.376631826,child6,110090,frame,53
1101.3773307010001,child3,110090,frame,40
1101.387508532,child2,110090,frame,3
1101.394533322,child1,110090,frame,-97
1101.406589569,child10,110090,frame,-80
1101.4198873990001,child4,110090,frame,-80
1101.4312179380001,child5,110090,frame,-82
1111.432247445,child5,111100,frame,35
1111.440393318,child7,111100,frame,24
1111.440708443,child8,111100,frame,35
1111.4581631469998,child9,111100,frame,52
1111.480403434,child6,111100,frame,37
1111.481008225,child3,111100,frame,8
1111.4888475569999,child2,111100,frame,130
1111.49800693,child1,111100,frame,155
1111.514357717,child10,111100,frame,51
1111.527189714,child4,111100,frame,-117
1120.533781036,child5,112009,frame,-71
1120.534787286,child4,112009,frame,-124
1120.5446722,child8,112009,frame,-114
1120.546183533,child7,112009,frame,-100
1120.559012488,child9,112009,frame,11
1120.584414441,child3,112009,frame,-75
1120.585299899,child6,112009,frame,-229
1120.5943112300001,child2,112009,frame,-93
1120.600572437,child1,112009,frame,-228
1120.618899266,child10,112009,frame,-81
1130.6251200220001,child10,113019,frame,49
1130.639652143,child5,113019,frame,52
1130.6397563100002,child4,113019,frame,40
1130.6499327660001,child8,113019,frame,167
1130.654524223,child7,113019,frame,39
1130.662943221,child9,113019,frame,31
1130.687698549,child3,113019,frame,153
1130.688860132,child6,113019,frame,258
1130.696793588,child2,113019,frame,45
1130.702849837,child1,113019,frame,123
1140.729268129,child10,114029,frame,42
1140.741046293,child5,114029,frame,-97
1140.7464318339998,child4,114029,frame,-103
1140.75456904,child8,114029,frame,-205
1140.759499122,child7,114029,frame,36
1140.766821162,child9,114029,frame,-99
1140.7901847399999,child6,114029,frame,-218
1140.791752365,child3,114029,frame,-238
1140.799836488,child2,114029,frame,-69
1140.804932945,child1,114029,frame,-88
1150.831631904,child10,115039,frame,-110
1150.845821484,child5,115039,frame,51
1150.8533983159998,child4,115039,frame,-1
1150.857896732,child8,115039,frame,58
1150.865436938,child7,115039,frame,-106
1150.872884395,child9,115039,frame,49
1150.89506389,child6,115039,frame,0
1150.895902806,child3,115039,frame,153
1150.90776222,child2,115039,frame,16
1150.916450885,child1,115039,frame,-73
1160.92403739,child1,116049,frame,52
1160.938383553,child10,116049,frame,44
1160.9517420079999,child5,116049,frame,131
1160.957746757,child4,116049,frame,0
1160.964243297,child8,116049,frame,42
1160.969783213,child7,116049,frame,163
1160.976529711,child9,116049,frame,41
1160.998478289,child6,116049,frame,134
1161.004094996,child3,116049,frame,12
1161.012969911,child2,116049,frame,0
1171.029100872,child1,117059,frame,6
1171.04617416,child10,117059,frame,-75
1171.0545832829998,child5,117059,frame,-98
1171.067076947,child4,117059,frame,-110
1171.0705481539999,child8,117059,frame,-2
1171.0734684870001,child7,117059,frame,-122
1171.081289319,child9,117059,frame,16
1171.101178272,child6,117059,frame,-112
1171.112329436,child3,117059,frame,-113
1171.118336018,child2,117059,frame,45
1181.122927899,child2,118069,frame,56
1181.1353645210002,child1,118069,frame,125
1181.150030768,child10,118069,frame,128
1181.159831224,child5,118069,frame,51
1181.167781056,child4,118069,frame,156
1181.1735487629999,child8,118069,frame,51
1181.1790298029998,child7,118069,frame,179
1181.18447326,child9,118069,frame,34
1181.200824506,child6,118069,frame,125
1181.215241336,child3,118069,frame,152
1191.224869549,child3,119079,frame,12
1191.2292482980001,child2,119079,frame,47
1191.238530963,child1,119079,frame,-87
1191.253802626,child10,119079,frame,42
1191.265371707,child5,119079,frame,-89
1191.274427371,child4,119079,frame,-109
1191.274705079,child8,119079,frame,34
1191.2848219940001,child7,119079,frame,-104
1191.2863082850001,child9,119079,frame,25
1191.307041697,child6,119079,frame,-69
1201.329989907,child3,120089,frame,-113
1201.3350358219998,child2,120089,frame,-89
1201.3456452369999,child1,120089,frame,8
1201.360186233,child10,120089,frame,41
1201.3685364399998,child5,120089,frame,176
1201.3769145210001,child4,120089,frame,-82
1201.3826287279999,child8,120089,frame,55
1201.385499561,child7,120089,frame,19
1201.392763434,child9,120089,frame,150
1201.411372596,child6,120089,frame,133
1211.4326295980002,child3,121099,frame,266
1211.439236597,child2,121099,frame,55
1211.447611011,child1,121099,frame,48
1211.4645186330001,child10,121099,frame,26
1211.474446922,child5,121099,frame,22
1211.482695295,child4,121099,frame,29
1211.486962252,child7,121099,frame,147
1211.4891198770001,child8,121099,frame,17
1211.495481167,child9,121099,frame,50
1211.51906437,child6,121099,frame,-95
1220.522695025,child6,122008,frame,-76
1220.538145397,child3,122008,frame,-88
1220.545454312,child2,122008,frame,32
1220.548767478,child1,122008,frame,-66
1220.5694636810001,child10,122008,frame,-113
1220.579492054,child5,122008,frame,-74
1220.587023427,child4,122008,frame,-101
1220.588734927,child7,122008,frame,-114
1220.5939068,child8,122008,frame,-106
1220.597928924,child9,122008,frame,-101
1230.6261845499998,child6,123018,frame,179
1230.638888214,child3,123018,frame,42
1230.648547711,child2,123018,frame,38
1230.650274378,child1,123018,frame,54
1230.672824247,child10,123018,frame,170
1230.6821815790001,child5,123018,frame,19
1230.6918717849999,child4,123018,frame,-78
1230.692755909,child7,123018,frame,147
1230.698810241,child8,123018,frame,39
1230.7003303660001,child9,123018,frame,56
1240.7309420739998,child6,124028,frame,-92
1240.743724363,child3,124028,frame,-74
1240.752237444,child2,124028,frame,13
1240.75833336,child1,124028,frame,-87
1240.779518605,child10,124028,frame,-115
1240.784304604,child5,124028,frame,18
1240.795866351,child4,124028,frame,0
1240.795951892,child7,124028,frame,-216
1240.801591433,child8,124028,frame,19
1240.803978391,child9,124028,frame,48
1250.836883265,child6,125038,frame,54
1250.847734596,child3,125038,frame,183
1250.858651052,child2,125038,frame,24
1250.867145675,child1,125038,frame,10
1250.880689838,child10,125038,frame,151
1250.888277336,child5,125038,frame,28
1250.8990717499998,child7,125038,frame,156
1250.901789042,child4,125038,frame,10
1250.904097208,child8,125038,frame,20
1250.90817404,child9,125038,frame,22
1260.9435920800001,child6,126048,frame,-73
1260.951879287,child3,126048,frame,-105
1260.966234784,child2,126048,frame,23
1260.970254324,child1,126048,frame,-72
1260.985850904,child10,126048,frame,-69
1260.991752736,child5,126048,frame,-112
1261.0041949410002,child7,126048,frame,-84
1261.0070514410002,child4,126048,frame,-125
1261.0078390659999,child8,126048,frame,-94
1261.01067644,child9,126048,frame,-217
1271.018937028,child9,127058,frame,181
1271.047027313,child6,127058,frame,55
1271.056679353,child3,127058,frame,42
1271.072045933,child2,127058,frame,4
1271.073626557,child1,127058,frame,139
1271.092373053,child10,127058,frame,10
1271.093200136,child5,127058,frame,28
1271.1063938,child7,127058,frame,22
1271.1088700910002,child4,127058,frame,40
1271.115147964,child8,127058,frame,27
1281.116206388,child4,128068,frame,-93
1281.12173922,child8,128068,frame,-80
1281.1252217610001,child9,128068,frame,15
1281.152555004,child6,128068,frame,-85
1281.160867794,child3,128068,frame,35
1281.176171332,child2,128068,frame,26
1281.178748248,child1,128068,frame,-73
1281.19781566,child10,128068,frame,-70
1281.1990780770002,child5,128068,frame,30
1281.21216524,child7,128068,frame,7
1291.2159381220001,child7,129078,frame,-76
1291.219899079,child4,129078,frame,-83
1291.2221500780001,child8,129078,frame,42
1291.230021702,child9,129078,frame,43
1291.2548083210002,child6,129078,frame,126
1291.269271067,child3,129078,frame,-116
1291.277456899,child2,129078,frame,6
1291.283893439,child1,129078,frame,-65
1291.303538643,child10,129078,frame,21
1291.3063842249999,child5,129078,frame,25
1301.323152229,child7,130088,frame,155
1301.324531562,child4,130088,frame,21
1301.325004978,child8,130088,frame,43
1301.332964226,child9,130088,frame,39
1301.355838638,child6,130088,frame,-87
1301.373116134,child3,130088,frame,176
1301.382661756,child2,130088,frame,7
1301.3879880880002,child1,130088,frame,139
1301.406973376,child10,130088,frame,145
1301.4082854170001,child5,130088,frame,27
1311.416684297,child5,131098,frame,13
1311.427640961,child7,131098,frame,-81
1311.432283502,child4,131098,frame,-127
1311.433303002,child8,131098,frame,-83
1311.4380733340001,child9,131098,frame,-103
1311.457320788,child6,131098,frame,38
1311.476817117,child3,131098,frame,-109
1311.488231739,child2,131098,frame,-76
1311.4906949469998,child1,131098,frame,-72
1311.512766566,child10,131098,frame,-76
1320.5165918050002,child10,132007,frame,142
1320.520420888,child5,132007,frame,-99
1320.5306920100002,child7,132007,frame,-80
1320.535177968,child8,132007,frame,27
1320.5395085080002,child4,132007,frame,-73
1320.5422693409998,child9,132007,frame,47
1320.5622702530002,child6,132007,frame,34
1320.579378624,child3,132007,frame,9
1320.5902696209998,child1,132007,frame,10
1320.594176954,child2,132007,frame,124
1330.625670579,child10,133017,frame,-84
1330.625832704,child5,133017,frame,28
1330.637378451,child7,133017,frame,57
1330.641854741,child8,133017,frame,43
1330.6458489069998,child9,133017,frame,-90
1330.645948074,child4,133017,frame,33
1330.6675721519998,child6,133017,frame,-85
1330.6887875640002,child3,133017,frame,19
1330.694906146,child1,133017,frame,-2
1330.7007990610002,child2,133017,frame,-126
1340.729770186,child10,134027,frame,47
1340.734791727,child5,134027,frame,28
1340.740850184,child7,134027,frame,23
1340.749277848,child8,134027,frame,-65
1340.750149223,child9,134027,frame,48
1340.7540018470002,child4,134027,frame,40
1340.768448386,child6,134027,frame,55
1340.7953943789998,child3,134027,frame,-90
1340.800429295,child1,134027,frame,0
1340.804975877,child2,134027,frame,59
1350.8105415080001,child2,135037,frame,135
1350.833986294,child10,135037,frame,175
1350.840535834,child7,135037,frame,12
1350.8444595419999,child5,135037,frame,30
1350.852905456,child8,135037,frame,167
1350.85737783,child9,135037,frame,17
1350.861067579,child4,135037,frame,-93
1350.8732672019999,child6,135037,frame,-65
1350.898837071,child3,135037,frame,159
1350.9019339870001,child1,135037,frame,55
1360.908793075,child1,136047,frame,-1
1360.913531741,child2,136047,frame,-71
1360.935752236,child10,136047,frame,-223
1360.946694775,child7,136047,frame,57
1360.952773024,child5,136047,frame,11
1360.956330106,child8,136047,frame,-99
1360.959510147,child9,136047,frame,15
1360.966954645,child4,136047,frame,-68
1360.978313268,child6,136047,frame,54
1361.003814678,child3,136047,frame,-105
1371.0118636,child3,137057,frame,159
1371.0124301829999,child1,137057,frame,-71
1371.018531765,child2,137057,frame,-1
1371.0431299680001,child10,137057,frame,166
1371.0536985899998,child7,137057,frame,7
1371.061040547,child5,137057,frame,12
1371.0614513389999,child9,137057,frame,158
1371.0650142959998,child8,137057,frame,47
1371.070157795,child4,137057,frame,1
1371.083509292,child6,137057,frame,41
1381.116511749,child1,138067,frame,10
1381.118602166,child3,138067,frame,-121
1381.119861457,child2,138067,frame,44
1381.150569492,child10,138067,frame,-108
1381.161288697,child7,138067,frame,-83
1381.1665139880001,child9,138067,frame,16
1381.1687076960002,child5,138067,frame,12
1381.170412487,child4,138067,frame,2
1381.1721368199999,child8,138067,frame,26
1381.189454107,child6,138067,frame,-79
1391.219825899,child2,139077,frame,-69
1391.222601982,child1,139077,frame,6
1391.2234541480002,child3,139077,frame,159
1391.257420557,child10,139077,frame,40
1391.2683338880001,child7,139077,frame,146
1391.271368179,child5,139077,frame,138
1391.272957928,child8,139077,frame,28
1391.273667595,child9,139077,frame,18
1391.2758870530001,child4,139077,frame,29
1391.29289784,child6,139077,frame,48
1401.324478298,child1,140087,frame,123
1401.325239423,child2,140087,frame,54
1401.3282832559998,child3,140087,frame,3
1401.358158582,child10,140087,frame,133
1401.3736716199999,child7,140087,frame,42
1401.374609287,child5,140087,frame,-66
1401.380242077,child8,140087,frame,31
1401.38046916,child9,140087,frame,46
1401.384966701,child4,140087,frame,3
1401.3979482809998,child6,140087,frame,46
1411.426366282,child1,141097,frame,-79
1411.431627781,child2,141097,frame,-2
1411.434233072,child3,141097,frame,0
1411.4665178559999,child10,141097,frame,-105
1411.4784332699999,child7,141097,frame,-84
1411.478982645,child5,141097,frame,8
1411.4865714759999,child9,141097,frame,-66
1411.486954726,child8,141097,frame,9
1411.4892641000001,child4,141097,frame,-65
1411.499021182,child6,141097,frame,0
1420.500937129,child6,142006,frame,127
1420.529676289,child1,142006,frame,56
1420.5360483289999,child2,142006,frame,138
1420.54038412,child3,142006,frame,-1
1420.568639155,child10,142006,frame,157
1420.580290694,child5,142006,frame,128
1420.580830444,child7,142006,frame,60
1420.588379525,child9,142006,frame,148
1420.589209984,child8,142006,frame,60
1420.593356566,child4,142006,frame,-80
1430.599114863,child4,143016,frame,-91
1430.606905486,child6,143016,frame,-209
1430.6370953540002,child1,143016,frame,-80
1430.6425231029998,child2,143016,frame,-95
1430.642670645,child3,143016,frame,-95
1430.669866305,child10,143016,frame,-249
1430.689143092,child7,143016,frame,-80
1430.691559883,child5,143016,frame,-92
1430.694323674,child8,143016,frame,-118
1430.694872091,child9,143016,frame,-219
1440.7002110550002,child9,144026,frame,163
1440.7007396800002,child4,144026,frame,41
1440.70222743,child5,144026,frame,43
1440.7103822610002,child6,144026,frame,165
1440.74257967,child1,144026,frame,123
1440.7468619190001,child3,144026,frame,136
1440.749397544,child2,144026,frame,179
1440.7727002880001,child10,144026,frame,173
1440.794798908,child7,144026,frame,52
1440.797996866,child8,144026,frame,144
1450.803630246,child7,145036,frame,-91
1450.805170121,child8,145036,frame,-120
1450.806975912,child4,145036,frame,-90
1450.80784737,child9,145036,frame,-94
1450.809539453,child5,145036,frame,-90
1450.81542491,child6,145036,frame,-101
1450.847116695,child1,145036,frame,-81
1450.850802652,child3,145036,frame,-83
1450.8543409430001,child2,145036,frame,-121
1450.8791880620001,child10,145036,frame,-124
1460.906107563,child7,146046,frame,123
1460.91071927,child8,146046,frame,3
1460.9111256029998,child4,146046,frame,-76
1460.911592353,child9,146046,frame,-69
1460.915615019,child5,146046,frame,42
1460.918491893,child6,146046,frame,-85
1460.9516308860002,child1,146046,frame,45
1460.952907594,child3,146046,frame,4
1460.960359217,child2,146046,frame,32
1460.981703295,child10,146046,frame,33
1471.0083791710001,child7,147056,frame,17
1471.01435592,child9,147056,frame,1
1471.016278003,child8,147056,frame,4
1471.018064919,child5,147056,frame,53
1471.0195707100002,child6,147056,frame,164
1471.01964496,child4,147056,frame,128
1471.0529173270002,child1,147056,frame,38
1471.0578557009999,child3,147056,frame,50
1471.065896074,child2,147056,frame,30
1471.086103528,child10,147056,frame,124
1481.11453107,child7,148066,frame,-80
1481.1190445270001,child8,148066,frame,21
1481.122175652,child9,148066,frame,46
1481.122606527,child4,148066,frame,-2
1481.1227948179999,child6,148066,frame,-101
1481.1244809010002,child5,148066,frame,-85
1481.157880435,child1,148066,frame,31
1481.164003434,child3,148066,frame,-67
1481.169501807,child2,148066,frame,14
1481.193726177,child10,148066,frame,-121
1491.218256303,child7,149076,frame,59
1491.223273343,child8,149076,frame,3
1491.22587026,child6,149076,frame,-86
1491.227124968,child4,149076,frame,-102
1491.229097509,child9,149076,frame,0
1491.232600966,child5,149076,frame,42
1491.263094876,child1,149076,frame,37
1491.269560999,child3,149076,frame,128
1491.276627539,child2,149076,frame,59
1491.298712743,child10,149076,frame,157
1501.301752999,child10,150086,frame,-124
1501.3229557020002,child7,150086,frame,25
1501.327791743,child8,150086,frame,3
1501.330089534,child4,150086,frame,-107
1501.332790825,child6,150086,frame,5
1501.336391199,child9,150086,frame,-70
1501.33909499,child5,150086,frame,-91
1501.3625681100002,child1,150086,frame,-101
1501.37656569,child3,150086,frame,-75
1501.381276689,child2,150086,frame,-124
1511.407910981,child10,151096,frame,34
1511.432073934,child7,151096,frame,46
1511.433423684,child8,151096,frame,27
1511.4366820159998,child4,151096,frame,29
1511.4395424319998,child6,151096,frame,3
1511.439759224,child9,151096,frame,22
1511.443514348,child5,151096,frame,-2
1511.464887301,child1,151096,frame,39
1511.480765631,child3,151096,frame,57
1511.484410755,child2,151096,frame,28
1520.5125883629998,child10,152005,frame,15
1520.538725982,child8,152005,frame,46
1520.53901169,child7,152005,frame,39
1520.5411994400001,child4,152005,frame,46
1520.541911481,child6,152005,frame,153
1520.543144106,child9,152005,frame,137
1520.546519814,child5,152005,frame,131
1520.566622976,child1,152005,frame,32
1520.5870040539999,child3,152005,frame,39
1520.589079012,child2,152005,frame,47
1530.595088643,child3,153015,frame,48
1530.5957423930001,child2,153015,frame,24
1530.619989304,child10,153015,frame,-1
1530.642574257,child7,153015,frame,-95
1530.64268259,child6,153015,frame,-203
1530.6440992560001,child8,153015,frame,-121
1530.645572381,child4,153015,frame,-98
1530.646747506,child9,153015,frame,1
1530.648668214,child5,153015,frame,-2
1530.6737547490002,child1,153015,frame,30
1540.698792042,child3,154025,frame,14
1540.699648209,child2,154025,frame,130
1540.723200203,child10,154025,frame,4
1540.7421115319999,child6,154025,frame,0
1540.74595774,child7,154025,frame,134
1540.7499246139998,child8,154025,frame,22
1540.751097363,child9,154025,frame,-69
1540.75140853,child4,154025,frame,34
1540.75289128,child5,154025,frame,33
1540.777197482,child1,154025,frame,33
1550.8048914,child3,155035,frame,-99
1550.8049606079999,child2,155035,frame,-73
1550.8275291860002,child10,155035,frame,4
1550.843707432,child6,155035,frame,56
1550.851428639,child7,155035,frame,-103
1550.854878971,child8,155035,frame,4
1550.855847346,child9,155035,frame,37
1550.856923346,child5,155035,frame,-92
1550.857566596,child4,155035,frame,-99
1550.879209341,child1,155035,frame,-112
1560.907622299,child2,156045,frame,-81
1560.907951091,child3,156045,frame,42
1560.9302782940001,child10,156045,frame,17
1560.947306123,child6,156045,frame,8
1560.955164413,child7,156045,frame,17
1560.958405621,child8,156045,frame,3
1560.958790829,child5,156045,frame,50
1560.9622580369999,child9,156045,frame,-75
1560.963827495,child4,156045,frame,-66
1560.984469115,child1,156045,frame,29
1571.0133509480002,child2,157055,frame,133
1571.014096073,child3,157055,frame,26
1571.0346094430001,child10,157055,frame,125
1571.058372605,child6,157055,frame,1
1571.060405021,child7,157055,frame,22
1571.061396187,child8,157055,frame,23
1571.0632456449998,child5,157055,frame,36
1571.067539144,child4,157055,frame,137
1571.068970185,child9,157055,frame,125
1571.086287015,child1,157055,frame,28
1581.118340389,child2,158065,frame,-2
1581.1209399719999,child3,158065,frame,34
1581.137456552,child10,158065,frame,1
1581.163503546,child6,158065,frame,54
1581.163599129,child8,158065,frame,-122
1581.1683000439998,child7,158065,frame,-103
1581.172498335,child4,158065,frame,-198
1581.173087918,child5,158065,frame,34
1581.173587751,child9,158065,frame,-78
1581.1911250809999,child1,158065,frame,-96
1591.194138212,child1,159075,frame,28
1591.221787456,child2,159075,frame,-82
1591.2260858710001,child3,159075,frame,18
1591.242085951,child10,159075,frame,-95
1591.264942196,child8,159075,frame,162
1591.264983404,child6,159075,frame,5
1591.273416735,child7,159075,frame,143
1591.27358336,child4,159075,frame,148
1591.275411985,child5,159075,frame,-87
1591.2784314009998,child9,159075,frame,155
1601.2948210710001,child1,160085,frame,154
1601.3255836469998,child2,160085,frame,37
1601.331057229,child3,160085,frame,18
1601.345363101,child10,160085,frame,59
1601.3697117620002,child6,160085,frame,-77
1601.3733337610001,child8,160085,frame,-121
1601.377070177,child7,160085,frame,22
1601.378686843,child5,160085,frame,24
1601.380530967,child4,160085,frame,-67
1601.387181216,child9,160085,frame,26
1611.399262178,child1,161095,frame,13
1611.430113546,child2,161095,frame,51
1611.436330753,child3,161095,frame,18
1611.447404667,child10,161095,frame,51
1611.475124577,child6,161095,frame,138
1611.4791046599998,child8,161095,frame,150
1611.4836807,child7,161095,frame,5
1611.484627075,child4,161095,frame,15
1611.4851104919999,child5,161095,frame,160
1611.491458282,child9,161095,frame,37
1620.4870551889999,child5,162004,frame,-92
1620.487771481,child7,162004,frame,-89
1620.491806563,child4,162004,frame,26
1620.49277673,child9,162004,frame,3
1620.498970728,child1,162004,frame,-103
1620.537704177,child2,162004,frame,36
1620.543407759,child3,162004,frame,19
1620.554439882,child10,162004,frame,-69
1620.580512876,child6,162004,frame,-230
1620.580831751,child8,162004,frame,0
1630.586561548,child6,163014,frame,251
1630.58770809,child8,163014,frame,-66
1630.5912074219998,child7,163014,frame,18
1630.593047963,child5,163014,frame,28
1630.593682421,child4,163014,frame,-113
1630.595310838,child9,163014,frame,-66
1630.604407586,child1,163014,frame,30
1630.6408521600001,child2,163014,frame,36
1630.64811445,child3,163014,frame,141
1630.659813323,child10,163014,frame,48
1640.690705323,child6,164024,frame,40
1640.692978155,child8,164024,frame,128
1640.6966637379999,child7,164024,frame,147
1640.697000738,child5,164024,frame,12
1640.700293237,child4,164024,frame,143
1640.703144403,child9,164024,frame,149
1640.707976069,child1,164024,frame,141
1640.746537101,child2,164024,frame,38
1640.755452974,child3,164024,frame,-78
1640.7649070969999,child10,164024,frame,41
1650.792051431,child6,165034,frame,-93
1650.7956527219999,child8,165034,frame,-120
1650.8003493039998,child7,165034,frame,4
1650.801331887,child5,165034,frame,11
1650.804431136,child4,165034,frame,-66
1650.807666594,child9,165034,frame,-70
1650.814288801,child1,165034,frame,-126
1650.8554889159998,child2,165034,frame,22
1650.861288415,child3,165034,frame,-89
1650.867969538,child10,165034,frame,32
1660.8896472489998,child6,166044,frame,165
1660.8994399550002,child8,166044,frame,128
1660.9065153699999,child5,166044,frame,30
1660.9070624530002,child7,166044,frame,49
1660.908971453,child4,166044,frame,20
1660.9120354929998,child9,166044,frame,8
1660.917395867,child1,166044,frame,16
1660.96173969,child2,166044,frame,29
1660.962296232,child3,166044,frame,127
1660.969646647,child10,166044,frame,23
1670.994728106,child6,167054,frame,-101
1671.004357937,child8,167054,frame,-91
1671.011592852,child5,167054,frame,-116
1671.012341394,child4,167054,frame,-192
1671.013387227,child7,167054,frame,-206
1671.018481392,child9,167054,frame,-88
1671.02049835,child1,167054,frame,-109
1671.06615134,child3,167054,frame,-75
1671.0680425480002,child2,167054,frame,-120
1671.075809504,child10,167054,frame,-92
1681.099405214,child6,168064,frame,-73
1681.106229796,child8,168064,frame,15
1681.117094543,child7,168064,frame,127
1681.1173934180001,child4,168064,frame,38
1681.119941876,child5,168064,frame,12
1681.123856125,child9,168064,frame,16
1681.125914666,child1,168064,frame,14
1681.171390447,child3,168064,frame,56
1681.1756751550001,child2,168064,frame,22
1681.18063282,child10,168064,frame,33
1691.185263451,child10,169074,frame,157
1691.20925907,child8,169074,frame,42
1691.2107044450001,child6,169074,frame,156
1691.219930151,child4,169074,frame,173
1691.221365234,child7,169074,frame,6
1691.223891442,child5,169074,frame,261
1691.2270040249998,child1,169074,frame,28
1691.23115394,child9,169074,frame,265
1691.27403543,child3,169074,frame,50
1691.2789195960002,child2,169074,frame,147
1701.290077559,child10,170084,frame,-108
1701.313539636,child8,170084,frame,5
1701.319051594,child6,170084,frame,-100
1701.321930135,child4,170084,frame,-114
1701.325573759,child7,170084,frame,4
1701.3285033,child1,170084,frame,29
1701.331124882,child5,170084,frame,-191
1701.338221422,child9,170084,frame,-203
1701.377790663,child3,170084,frame,41
1701.383499579,child2,170084,frame,-74
1711.3878662509999,child2,171094,frame,14
1711.392969625,child10,171094,frame,17
1711.418468952,child8,171094,frame,-77
1711.420535077,child6,171094,frame,-120
1711.4287273250002,child4,171094,frame,-95
1711.433019241,child7,171094,frame,36
1711.4358679480001,child5,171094,frame,24
1711.438261364,child1,171094,frame,13
1711.443154447,child9,171094,frame,50
1711.4794562719999,child3,171094,frame,-91
1720.4828325100002,child3,172003,frame,-2
1720.492865466,child2,172003,frame,8
1720.495593091,child10,172003,frame,-107
1720.5233960839998,child8,172003,frame,39
1720.524252459,child6,172003,frame,154
1720.532380457,child4,172003,frame,47
1720.5366591650002,child5,172003,frame,24
1720.5373219560001,child7,172003,frame,-111
1720.544306079,child9,172003,frame,30
1720.545983329,child1,172003,frame,-103
1730.583692244,child3,173013,frame,49
1730.599677574,child2,173013,frame,14
1730.602855781,child10,173013,frame,159
1730.628862525,child8,173013,frame,58
1730.630649983,child6,173013,frame,31
1730.640275189,child4,173013,frame,-81
1730.6419541470002,child7,173013,frame,57
1730.642837022,child5,173013,frame,0
1730.647657104,child9,173013,frame,0
1730.651082395,child1,173013,frame,169
1740.690766893,child3,174023,frame,31
1740.70844868,child10,174023,frame,19
1740.7089356800002,child2,174023,frame,58
1740.732666133,child8,174023,frame,53
1740.733719924,child6,174023,frame,-109
1740.7438615049998,child4,174023,frame,50
1740.748222963,child7,174023,frame,131
1740.749791504,child5,174023,frame,1
1740.7508873370002,child9,174023,frame,56
1740.756223003,child1,174023,frame,-111
1750.7962962499998,child3,175033,frame,38
1750.81128383,child10,175033,frame,-109
1750.815719954,child2,175033,frame,7
1750.836448991,child8,175033,frame,-82
1750.837191449,child6,175033,frame,47
1750.848050571,child4,175033,frame,51
1750.8528376539998,child5,175033,frame,3
1750.8536810290002,child7,175033,frame,-85
1750.855761778,child9,175033,frame,-97
1750.8580129440002,child1,175033,frame,28
1760.900738941,child3,176043,frame,6
1760.9135940630001,child10,176043,frame,141
1760.919574479,child2,176043,frame,52
1760.9400074740001,child8,176043,frame,59
1760.942296348,child6,176043,frame,32
1760.953556054,child4,176043,frame,-98
1760.955074554,child5,176043,frame,-74
1760.9566344280001,child7,176043,frame,45
1760.958285178,child9,176043,frame,48
1760.9651587179999,child1,176043,frame,16
1771.011069339,child3,177053,frame,-100
1771.0164367549999,child10,177053,frame,-125
1771.025499294,child2,177053,frame,-223
1771.043836832,child8,177053,frame,-91
1771.047671331,child6,177053,frame,-89
1771.057472328,child5,177053,frame,58
1771.059356411,child7,177053,frame,-92
1771.0618788689999,child4,177053,frame,-82
1771.064182077,child9,177053,frame,38
1771.071557409,child1,177053,frame,-110
1781.115653614,child3,178063,frame,-83
1781.122939362,child10,178063,frame,-110
1781.132220151,child2,178063,frame,23
1781.1487153980001,child6,178063,frame,-78
1781.148977939,child8,178063,frame,-76
1781.1592707700001,child5,178063,frame,-87
1781.165218477,child7,178063,frame,-65
1781.1659126850002,child4,178063,frame,14
1781.1697774759998,child9,178063,frame,0
1781.171038142,child1,178063,frame,-94
1791.219627888,child3,179073,frame,-194
1791.22662747,child10,179073,frame,-91
1791.233809926,child2,179073,frame,-112
1791.2537964639998,child6,179073,frame,-79
1791.2557516709999,child8,179073,frame,-110
1791.265478169,child5,179073,frame,-242
1791.2707931260002,child4,179073,frame,-226
1791.271329959,child7,179073,frame,-119
1791.273697292,child1,179073,frame,-79
1791.274211417,child9,179073,frame,-103
1801.2761609650001,child7,180083,frame,-115
1801.2811892969999,child1,180083,frame,-108
1801.2840000469998,child9,180083,frame,-196
1801.321492205,child3,180083,frame,10
1801.332901452,child10,180083,frame,-74
1801.341842533,child2,180083,frame,-95
1801.358866738,child6,180083,frame,-77
1801.3626189039999,child8,180083,frame,-122
1801.37198436,child5,180083,frame,44
1801.374822942,child4,180083,frame,-97
1811.378854782,child4,181093,frame,-71
1811.384156781,child7,181093,frame,-92
1811.3869357380001,child1,181093,frame,6
1811.38856428,child9,181093,frame,21
1811.4239534380001,child3,181093,frame,-114
1811.438926101,child10,181093,frame,-77
1811.445888391,child2,181093,frame,-99
1811.467152636,child8,181093,frame,-99
1811.467339261,child6,181093,frame,-112
1811.475780551,child5,181093,frame,-81
1820.468494667,child6,182002,frame,-110
1820.473617874,child8,182002,frame,-74
1820.481793331,child4,182002,frame,-119
1820.483089997,child5,182002,frame,-112
1820.4876321630002,child7,182002,frame,-66
1820.490988079,child1,182002,frame,-112
1820.4941004109999,child9,182002,frame,-85
1820.5308706110002,child3,182002,frame,-91
1820.543802358,child10,182002,frame,-95
1820.552485148,child2,182002,frame,-73
1830.571534525,child6,183012,frame,-77
1830.5802962730002,child8,183012,frame,12
1830.584705606,child5,183012,frame,20
1830.5908188120002,child4,183012,frame,-96
1830.5910093539999,child1,183012,frame,-68
1830.5924462290002,child7,183012,frame,22
1830.601605977,child9,183012,frame,42
1830.637711385,child3,183012,frame,-67
1830.648899716,child10,183012,frame,-84
1830.655485506,child2,183012,frame,22
1840.675715008,child6,184022,frame,9
1840.687328964,child8,184022,frame,12
1840.691712796,child5,184022,frame,-79
1840.696120045,child1,184022,frame,-1
1840.698404044,child4,184022,frame,-127
1840.698870128,child7,184022,frame,-122
1840.7091309169998,child9,184022,frame,-93
1840.743075742,child3,184022,frame,20
1840.756848531,child10,184022,frame,-77
1840.759429489,child2,184022,frame,-113
1850.768354744,child2,185032,frame,2
1850.7812466569999,child6,185032,frame,-100
1850.792592905,child8,185032,frame,-78
1850.802412152,child1,185032,frame,-111
1850.802507777,child5,185032,frame,-83
1850.80474086,child4,185032,frame,22
1850.80579536,child7,185032,frame,55
1850.817812524,child9,185032,frame,55
1850.847407933,child3,185032,frame,32
1850.862831222,child10,185032,frame,133
1860.870667018,child2,186042,frame,-71
1860.870724768,child10,186042,frame,12
1860.886307681,child6,186042,frame,-2
1860.89404493,child8,186042,frame,-81
1860.907783843,child1,186042,frame,156
1860.9091002179998,child5,186042,frame,10
1860.9116762590002,child4,186042,frame,-96
1860.916114216,child7,186042,frame,51
1860.921045132,child9,186042,frame,46
1860.951778291,child3,186042,frame,15
1870.9748857929999,child10,187052,frame,-114
1870.976097751,child2,187052,frame,139
1870.9907953719999,child6,187052,frame,49
1870.999941079,child8,187052,frame,184
1871.0130145340001,child1,187052,frame,-111
1871.013437034,child5,187052,frame,13
1871.014585159,child4,187052,frame,123
1871.023098448,child7,187052,frame,-91
1871.0246701150002,child9,187052,frame,3
1871.0535624,child3,187052,frame,34
1881.077587818,child10,188062,frame,150
1881.081362442,child2,188062,frame,169
1881.094911272,child6,188062,frame,174
1881.103053687,child8,188062,frame,55
1881.1125044350001,child1,188062,frame,31
1881.119719141,child4,188062,frame,41
1881.120394891,child5,188062,frame,60
1881.127629473,child7,188062,frame,124
1881.128511764,child9,188062,frame,125
1881.157955757,child3,188062,frame,20
1891.185208008,child2,189072,frame,-210
1891.185677633,child10,189072,frame,10
1891.194107839,child6,189072,frame,-92
1891.207175336,child8,189072,frame,-97
1891.2141387509998,child1,189072,frame,24
1891.22721779,child5,189072,frame,4
1891.227341165,child4,189072,frame,-68
1891.229400998,child7,189072,frame,26
1891.234742871,child9,189072,frame,-93
1891.261906282,child3,189072,frame,26
1901.29124466,child2,190082,frame,125
1901.293454284,child10,190082,frame,10
1901.295035117,child6,190082,frame,41
1901.314030363,child8,190082,frame,54
1901.319258986,child1,190082,frame,33
1901.331180859,child5,190082,frame,148
1901.332483275,child7,190082,frame,39
1901.332611733,child4,190082,frame,53
1901.3417671900002,child9,190082,frame,30
1901.364118684,child3,190082,frame,20
1911.372359584,child3,191092,frame,10
1911.394607537,child2,191092,frame,44
1911.395216079,child10,191092,frame,-78
1911.39815262,child6,191092,frame,-95
1911.418547115,child8,191092,frame,24
1911.4300930709999,child1,191092,frame,21
1911.436591902,child4,191092,frame,-80
1911.4379084020002,child7,191092,frame,-113
1911.4381492349999,child5,191092,frame,-82
1911.44563565,child9,191092,frame,36
1920.474306526,child3,192001,frame,0
1920.498879854,child2,192001,frame,13
1920.501621853,child10,192001,frame,137
1920.506160144,child6,192001,frame,133
1920.520806348,child8,192001,frame,6
1920.529790763,child1,192001,frame,12
1920.538996178,child5,192001,frame,5
1920.539316803,child4,192001,frame,50
1920.541990177,child7,192001,frame,4
1920.548768467,child9,192001,frame,10
1930.581919236,child3,193011,frame,-122
1930.601612856,child2,193011,frame,30
1930.606714938,child10,193011,frame,-82
1930.6079621049998,child6,193011,frame,-101
1930.62875585,child8,193011,frame,-79
1930.634106849,child1,193011,frame,-109
1930.642605847,child5,193011,frame,-74
1930.645747846,child4,193011,frame,-87
1930.647789887,child7,193011,frame,18
1930.6554273020001,child9,193011,frame,23
1940.689496571,child3,194021,frame,145
1940.706290483,child2,194021,frame,22
1940.714100315,child6,194021,frame,26
1940.714777232,child10,194021,frame,1
1940.733247019,child8,194021,frame,27
1940.7396367669999,child1,194021,frame,17
1940.7465403489998,child5,194021,frame,-72
1940.749554307,child7,194021,frame,39
1940.753285514,child4,194021,frame,53
1940.757653097,child9,194021,frame,6
1950.762502705,child9,195031,frame,148
1950.762758747,child4,195031,frame,37
1950.794491031,child3,195031,frame,0
1950.81205386,child2,195031,frame,-74
1950.815458901,child6,195031,frame,37
1950.819989692,child10,195031,frame,3
1950.8384042710002,child8,195031,frame,13
1950.8447415199998,child1,195031,frame,32
1950.851074726,child5,195031,frame,59
1950.8534829760001,child7,195031,frame,38
1960.860163501,child7,196041,frame,-122
1960.8702670819998,child4,196041,frame,-204
1960.87178929,child9,196041,frame,-249
1960.897204534,child3,196041,frame,-124
1960.913903363,child2,196041,frame,24
1960.9186396540001,child6,196041,frame,-108
1960.920723237,child10,196041,frame,-76
1960.944507315,child8,196041,frame,-81
1960.949833938,child1,196041,frame,17
1960.956673937,child5,196041,frame,-74
1970.964396628,child5,197051,frame,22
1970.965360753,child7,197051,frame,46
1970.976079667,child4,197051,frame,140
1970.980051833,child9,197051,frame,164
1971.004000619,child3,197051,frame,123
1971.019317574,child2,197051,frame,38
1971.024606864,child10,197051,frame,55
1971.025694864,child6,197051,frame,174
1971.0499261080001,child8,197051,frame,45
1971.051943816,child1,197051,frame,33
1981.066382339,child5,198061,frame,-121
1981.0734897129998,child7,198061,frame,-97
1981.080311253,child4,198061,frame,-70
1981.080790878,child9,198061,frame,-72
1981.110806787,child3,198061,frame,4
1981.124981159,child2,198061,frame,-119
1981.131358241,child10,198061,frame,4
1981.1323074910001,child6,198061,frame,-108
1981.1512213610001,child1,198061,frame,-110
1981.153844777,child8,198061,frame,27
1991.171244675,child5,199071,frame,36
1991.178279507,child7,199071,frame,124
1991.186544213,child9,199071,frame,140
1991.186780088,child4,199071,frame,9
1991.213674248,child3,199071,frame,3
1991.232601619,child2,199071,frame,12
1991.234356535,child10,199071,frame,4
1991.235731285,child6,199071,frame,33
1991.258091446,child8,199071,frame,-77
1991.2585587800002,child1,199071,frame,30
2001.261661764,child8,200081,frame,168
2001.279298718,child5,200081,frame,154
2001.282402801,child7,200081,frame,34
2001.289063299,child9,200081,frame,0
2001.2922047979998,child4,200081,frame,18
2001.317171709,child3,200081,frame,4
2001.334640622,child2,200081,frame,157
2001.338851329,child6,200081,frame,17
2001.3411038289998,child10,200081,frame,57
2001.3613194069999,child1,200081,frame,31
2011.366099933,child1,201091,frame,29
2011.368360932,child8,201091,frame,-99
2011.384624137,child5,201091,frame,-111
2011.384738762,child7,201091,frame,14
2011.3961539670001,child9,201091,frame,-127
2011.3971794249999,child4,201091,frame,6
2011.422627545,child3,201091,frame,2
2011.4383967909998,child2,201091,frame,-112
2011.439892332,child6,201091,frame,-95
2011.443760998,child10,201091,frame,2
2020.469056208,child1,202000,frame,11
2020.4720520399999,child8,202000,frame,25
2020.4876325779999,child5,202000,frame,28
2020.48834312,child7,202000,frame,49
2020.5034139499999,child9,202000,frame,158
2020.5043980330001,child4,202000,frame,-68
2020.527021611,child3,202000,frame,49
2020.538433567,child6,202000,frame,126
2020.541662483,child2,202000,frame,123
2020.548844481,child10,202000,frame,2
2030.553848506,child10,203010,frame,-86
2030.567756461,child1,203010,frame,-112
2030.577433334,child8,203010,frame,-98
2030.592558539,child7,203010,frame,-114
2030.5972830380001,child5,203010,frame,-95
2030.607635827,child9,203010,frame,-195
2030.610856368,child4,203010,frame,15
2030.629277239,child3,203010,frame,-68
2030.63923257,child6,203010,frame,-109
2030.646231443,child2,203010,frame,-234
2040.652949968,child2,204020,frame,163
2040.6589402999998,child10,204020,frame,129
2040.673793172,child1,204020,frame,31
2040.6795293789999,child8,204020,frame,45
2040.697400041,child7,204020,frame,47
2040.7013399149998,child5,204020,frame,35
2040.713227121,child9,204020,frame,32
2040.713263454,child4,204020,frame,22
2040.733463616,child3,204020,frame,4
2040.744678947,child6,204020,frame,54
2050.755051346,child6,205030,frame,-108
2050.75664047,child2,205030,frame,-103
2050.765074719,child10,205030,frame,43
2050.780454923,child1,205030,frame,-95
2050.785704589,child8,205030,frame,47
2050.801345668,child5,205030,frame,27
2050.802554127,child7,205030,frame,10
2050.8175811650003,child9,205030,frame,125
2050.818092998,child4,205030,frame,0
2050.836958577,child3,205030,frame,-75
2060.860085556,child2,206040,frame,145
2060.866367222,child6,206040,frame,174
2060.8729622200003,child10,206040,frame,41
2060.883565009,child1,206040,frame,174
2060.896178423,child8,206040,frame,153
2060.904640254,child5,206040,frame,28
2060.910356003,child7,206040,frame,31
2060.921421751,child4,206040,frame,14
2060.929087415,child9,206040,frame,45
2060.943362745,child3,206040,frame,133
2070.9621276430003,child2,207050,frame,258
2070.9674266409997,child6,207050,frame,142
2070.974944723,child10,207050,frame,157
2070.982978388,child1,207050,frame,141
2071.001346133,child8,207050,frame,29
2071.009114507,child5,207050,frame,264
2071.014958755,child7,207050,frame,137
2071.026655544,child4,207050,frame,132
2071.034349001,child9,207050,frame,172
2071.049716247,child3,207050,frame,181
2081.05666473,child3,208060,frame,14
2081.0671515609997,child2,208060,frame,-87
2081.070898894,child6,208060,frame,2
2081.079030684,child10,208060,frame,9
2081.086520682,child1,208060,frame,126
2081.107354052,child8,208060,frame,58
2081.115617425,child5,208060,frame,-81
2081.118791383,child7,208060,frame,49
2081.134148171,child4,208060,frame,-71
2081.140032878,child9,208060,frame,38
2091.160355233,child3,209070,frame,151
2091.170579189,child2,209070,frame,123
2091.174008771,child6,209070,frame,2
2091.1886173099997,child10,209070,frame,9
2091.191570809,child1,209070,frame,48
2091.211654096,child8,209070,frame,5
2091.217450928,child5,209070,frame,147
2091.22359926,child7,209070,frame,124
2091.23829909,child4,209070,frame,125
2091.246494505,child9,209070,frame,32
2101.264098777,child3,210080,frame,2
2101.279567773,child2,210080,frame,11
2101.2807083979997,child6,210080,frame,173
2101.2968643530003,child10,210080,frame,46
2101.300017352,child1,210080,frame,57
2101.316291432,child8,210080,frame,130
2101.323589763,child5,210080,frame,34
2101.329840845,child7,210080,frame,25
2101.342025467,child4,210080,frame,3
2101.347571758,child9,210080,frame,51
2111.370197154,child3,211090,frame,3
2111.384299651,child2,211090,frame,37
2111.38538115,child6,211090,frame,-70
2111.399081022,child10,211090,frame,51
2111.4091001869997,child1,211090,frame,30
2111.421541934,child8,211090,frame,33
2111.4281859320004,child5,211090,frame,28
2111.43627218,child7,211090,frame,41
2111.443502345,child4,211090,frame,-88
2111.452041177,child9,211090,frame,13
2121.457357452,child9,212100,frame,44
2121.472248823,child3,212100,frame,50
2121.4862624869997,child2,212100,frame,185
2121.4907761530003,child6,212100,frame,153
2121.501525525,child10,212100,frame,152
2121.508884815,child1,212100,frame,131
2121.5264626440003,child8,212100,frame,134
2121.533134768,child5,212100,frame,6
2121.541291266,child7,212100,frame,59
2121.549712097,child4,212100,frame,171
2130.545434022,child7,213009,frame,-219
2130.557214644,child4,213009,frame,-104
2130.5606558520003,child9,213009,frame,15
2130.577065515,child3,213009,frame,-85
2130.587447721,child2,213009,frame,-225
2130.590858845,child6,213009,frame,-76
2130.607378424,child10,213009,frame,-98
2130.614190506,child1,213009,frame,-75
2130.634365793,child8,213009,frame,-193
2130.639847125,child5,213009,frame,13
2140.651994524,child7,214019,frame,376
2140.661584397,child4,214019,frame,29
2140.666722437,child9,214019,frame,13
2140.682209434,child3,214019,frame,151
2140.689960765,child6,214019,frame,54
2140.6942935139996,child2,214019,frame,171
2140.712364968,child10,214019,frame,17
2140.719321883,child1,214019,frame,-96
2140.740455795,child5,214019,frame,50
2140.74120567,child8,214019,frame,128
2150.7461464450002,child5,215029,frame,-89
2150.747081778,child8,215029,frame,-67
2150.7562517349998,child7,215029,frame,-97
2150.766893565,child4,215029,frame,-104
2150.773173106,child9,215029,frame,22
2150.787830977,child3,215029,frame,-117
2150.789215352,child6,215029,frame,-69
2150.801065308,child2,215029,frame,-97
2150.817811679,child10,215029,frame,8
2150.823286177,child1,215029,frame,44
2160.849961281,child5,216039,frame,21
2160.8512570310004,child8,216039,frame,15
2160.861766612,child7,216039,frame,-80
2160.869356776,child4,216039,frame,45
2160.875845692,child9,216039,frame,30
2160.889392439,child3,216039,frame,34
2160.8945323959997,child6,216039,frame,8
2160.904024852,child2,216039,frame,-2
2160.923722222,child10,216039,frame,-1
2160.923930722,child1,216039,frame,-81
2170.952271825,child8,217049,frame,58
2170.956664324,child5,217049,frame,49
2170.964916447,child7,217049,frame,157
2170.97415607,child4,217049,frame,30
2170.977629778,child9,217049,frame,23
2170.995110066,child3,217049,frame,23
2171.005267313,child6,217049,frame,126
2171.0101497289997,child2,217049,frame,151
2171.026838308,child1,217049,frame,123
2171.0274495999997,child10,217049,frame,134
2181.059077411,child8,218059,frame,-83
2181.0624302849997,child5,218059,frame,51
2181.069960991,child7,218059,frame,-88
2181.074720907,child4,218059,frame,-88
2181.083233155,child9,218059,frame,-66
2181.1008184429998,child3,218059,frame,31
2181.105923858,child6,218059,frame,-87
2181.118108647,child2,218059,frame,-94
2181.132465727,child10,218059,frame,-75
2181.137788309,child1,218059,frame,-81
2191.160022289,child8,219069,frame,140
2191.170160828,child5,219069,frame,-83
2191.175966868,child7,219069,frame,150
2191.1807962420003,child4,219069,frame,47
2191.185756699,child9,219069,frame,22
2191.208261236,child3,219069,frame,5
2191.209340819,child6,219069,frame,1
2191.2229799819997,child2,219069,frame,36
2191.239864854,child10,219069,frame,-70
2191.2402331030003,child1,219069,frame,55
2201.245217754,child10,220079,frame,1
2201.263444791,child8,220079,frame,-209
2201.2728924969997,child5,220079,frame,52
2201.2776447879996,child7,220079,frame,-229
2201.284300745,child4,220079,frame,-92
2201.292616743,child9,220079,frame,14
2201.31096553,child6,220079,frame,5
2201.313800905,child3,220079,frame,-107
2201.322450694,child2,220079,frame,28
2201.3414110229996,child1,220079,frame,-79
2211.352242755,child10,221089,frame,15
2211.368261252,child8,221089,frame,37
2211.3790076660002,child5,221089,frame,-83
2211.381321665,child7,221089,frame,50
2211.392240621,child4,221089,frame,18
2211.396918078,child9,221089,frame,15
2211.415526157,child3,221089,frame,33
2211.416179407,child6,221089,frame,-125
2211.4284677789997,child2,221089,frame,26
2211.444905609,child1,221089,frame,133
2221.449327093,child1,222099,frame,-77
2221.453680133,child10,222099,frame,48
2221.473825462,child8,222099,frame,57
2221.48345221,child5,222099,frame,133
2221.4862404590003,child7,222099,frame,59
2221.49825329,child4,222099,frame,53
2221.50371008,child9,222099,frame,57
2221.520832576,child3,222099,frame,144
2221.521686743,child6,222099,frame,132
2221.536758198,child2,222099,frame,13
2230.5416099950003,child2,223008,frame,28
2230.555784742,child1,223008,frame,51
2230.5572909499997,child10,223008,frame,16
2230.5784882780003,child8,223008,frame,53
2230.590685651,child7,223008,frame,14
2230.590932317,child5,223008,frame,59
2230.603039731,child4,223008,frame,50
2230.608568396,child9,223008,frame,-69
2230.626767892,child6,223008,frame,42
2230.6306486,child3,223008,frame,-99
2240.646511622,child2,224018,frame,-66
2240.661574661,child1,224018,frame,47
2240.664559077,child10,224018,frame,57
2240.686466696,child8,224018,frame,5
2240.693617986,child5,224018,frame,-100
2240.6980316940003,child7,224018,frame,17
2240.709280525,child4,224018,frame,-88
2240.71527894,child9,224018,frame,15
2240.729408103,child6,224018,frame,-79
2240.732112728,child3,224018,frame,18
2250.73573192,child3,225028,frame,17
2250.75032625,child2,225028,frame,15
2250.7614371219997,child1,225028,frame,-95
2250.7720842860003,child10,225028,frame,-78
2250.78762895,child8,225028,frame,-75
2250.795968906,child5,225028,frame,35
2250.8031191540003,child7,225028,frame,21
2250.809114486,child4,225028,frame,54
2250.8211504,child9,225028,frame,14
2250.830900065,child6,225028,frame,56
2260.8436405879997,child3,226038,frame,142
2260.857492168,child2,226038,frame,153
2260.862037459,child1,226038,frame,10
2260.881164079,child10,226038,frame,7
2260.894480201,child8,226038,frame,128
2260.8964794510002,child5,226038,frame,35
2260.905598574,child7,226038,frame,16
2260.9119799060004,child4,226038,frame,-72
2260.924440069,child9,226038,frame,59
2260.9303701510003,child6,226038,frame,125
2270.949815298,child3,227048,frame,1
2270.9632310449997,child2,227048,frame,-67
2270.969151794,child1,227048,frame,45
2270.9867290810002,child10,227048,frame,126
2270.998000954,child5,227048,frame,34
2270.998908412,child8,227048,frame,-65
2271.009890159,child7,227048,frame,146
2271.0161254500003,child4,227048,frame,53
2271.029195155,child9,227048,frame,-2
2271.0311239459998,child6,227048,frame,-86
2281.0384865120004,child9,228058,frame,123
2281.041090887,child6,228058,frame,172
2281.055276009,child3,228058,frame,125
2281.066477506,child2,228058,frame,176
2281.076636337,child1,228058,frame,168
2281.091817334,child10,228058,frame,39
2281.103016289,child5,228058,frame,163
2281.1061153719997,child8,228058,frame,253
2281.11509937,child7,228058,frame,18
2281.123460076,child4,228058,frame,179
2291.143504515,child9,229068,frame,171
2291.1462813059998,child6,229068,frame,43
2291.161468094,child3,229068,frame,155
2291.169324967,child2,229068,frame,45
2291.180938048,child1,229068,frame,139
2291.1955794190003,child10,229068,frame,13
2291.207414208,child5,229068,frame,2
2291.2118489160002,child8,229068,frame,9
2291.216799539,child7,229068,frame,32
2291.226108204,child4,229068,frame,21
2301.248365684,child9,230078,frame,2
2301.253009474,child6,230078,frame,126
2301.2661927629997,child3,230078,frame,-75
2301.272705511,child2,230078,frame,36
2301.284083092,child1,230078,frame,-120
2301.3054514620003,child10,230078,frame,151
2301.3134730019997,child5,230078,frame,48
2301.3204824169998,child8,230078,frame,23
2301.322449791,child7,230078,frame,44
2301.327492499,child4,230078,frame,16
2311.353990227,child6,231088,frame,54
2311.3541211859997,child9,231088,frame,23
2311.3696225149997,child3,231088,frame,150
2311.3800277630003,child2,231088,frame,151
2311.387608469,child1,231088,frame,131
2311.412286005,child10,231088,frame,132
2311.415929755,child5,231088,frame,175
2311.4252947940004,child8,231088,frame,127
2311.425374461,child7,231088,frame,149
2311.431614668,child4,231088,frame,17
2321.454648689,child6,232098,frame,-79
2321.461017354,child9,232098,frame,4
2321.478407058,child3,232098,frame,-75
2321.486193681,child2,232098,frame,-200
2321.491043472,child1,232098,frame,53
2321.51406905,child10,232098,frame,-76
2321.522478423,child5,232098,frame,-95
2321.5290262549997,child7,232098,frame,-108
2321.531006879,child8,232098,frame,-77
2321.5363785450004,child4,232098,frame,-91
2330.529905595,child5,233007,frame,46
2330.530498137,child7,233007,frame,45
2330.53577326,child8,233007,frame,3
2330.540899093,child4,233007,frame,138
2330.558592797,child6,233007,frame,26
2330.566109712,child9,233007,frame,38
2330.5795982090003,child3,233007,frame,5
2330.5924622889997,child2,233007,frame,146
2330.594097747,child1,233007,frame,57
2330.6185677,child10,233007,frame,146
2340.635067056,child5,234017,frame,-97
2340.636371305,child7,234017,frame,12
2340.641394846,child8,234017,frame,-92
2340.646058636,child4,234017,frame,-126
2340.6636541320004,child6,234017,frame,30
2340.671720214,child9,234017,frame,-78
2340.684999961,child3,234017,frame,-86
2340.695468083,child2,234017,frame,-74
2340.698845416,child1,234017,frame,-105
2340.724622368,child10,234017,frame,-228
2350.7294153519997,child10,235027,frame,38
2350.740090599,child5,235027,frame,142
2350.7416315990004,child7,235027,frame,2
2350.7466088899996,child8,235027,frame,49
2350.748236931,child4,235027,frame,123
2350.768680801,child6,235027,frame,31
2350.773891217,child9,235027,frame,52
2350.789663463,child3,235027,frame,56
2350.797044628,child2,235027,frame,49
2350.799576169,child1,235027,frame,146
2360.8343147709998,child10,236037,frame,21
2360.844695727,child5,236037,frame,-71
2360.848783017,child7,236037,frame,-71
2360.848816017,child8,236037,frame,45
2360.851161142,child4,236037,frame,-80
2360.87245147,child6,236037,frame,-118
2360.877848136,child9,236037,frame,36
2360.893418215,child3,236037,frame,39
2360.900657505,child1,236037,frame,-251
2360.9019442139997,child2,236037,frame,44
2370.93831444,child10,237047,frame,32
2370.950534812,child5,237047,frame,135
2370.9534511449997,child8,237047,frame,41
2370.953578811,child7,237047,frame,12
2370.957281852,child4,237047,frame,7
2370.9719093490003,child6,237047,frame,48
2370.9848666790003,child9,237047,frame,37
2370.996611135,child3,237047,frame,-86
2371.002195133,child1,237047,frame,163
2371.008890049,child2,237047,frame,-74
2381.045918358,child10,238057,frame,23
2381.056652606,child5,238057,frame,-199
2381.056885897,child7,238057,frame,56
2381.0577894390003,child8,238057,frame,-74
2381.063860687,child4,238057,frame,6
2381.071350102,child6,238057,frame,23
2381.090684973,child9,238057,frame,-99
2381.101929512,child3,238057,frame,1
2381.1118137599997,child2,238057,frame,183
2381.1128756340004,child1,238057,frame,-95
2391.150158152,child10,239067,frame,-96
2391.159749525,child7,239067,frame,3
2391.1626512330004,child8,239067,frame,42
2391.163062483,child5,239067,frame,10
2391.170929272,child4,239067,frame,6
2391.17400498,child6,239067,frame,-95
2391.194327725,child9,239067,frame,53
2391.2093643470002,child3,239067,frame,53
2391.212724429,child1,239067,frame,40
2391.21723997,child2,239067,frame,-107
2401.255085113,child10,240077,frame,55
2401.26649436,child8,240077,frame,49
2401.266622402,child7,240077,frame,1
2401.2690967760004,child5,240077,frame,169
2401.271664109,child4,240077,frame,7
2401.282762981,child6,240077,frame,47
2401.297647728,child9,240077,frame,44
2401.3148943909996,child3,240077,frame,124
2401.315511474,child1,240077,frame,28
2401.321778014,child2,240077,frame,-1
2411.359265573,child10,241087,frame,38
2411.373064612,child8,241087,frame,-74
2411.373521653,child5,241087,frame,-71
2411.373913778,child7,241087,frame,4
2411.3786795270003,child4,241087,frame,-71
2411.385895401,child6,241087,frame,30
2411.404253438,child9,241087,frame,36
2411.420298768,child3,241087,frame,38
2411.420583309,child1,241087,frame,27
2411.423953183,child2,241087,frame,34
2421.463290367,child10,242097,frame,32
2421.474555365,child8,242097,frame,40
2421.476725198,child5,242097,frame,5
2421.4819041960004,child7,242097,frame,7
2421.4829948630004,child4,242097,frame,34
2421.48985657,child6,242097,frame,-95
2421.506968899,child9,242097,frame,17
2421.5208280620004,child3,242097,frame,13
2421.525319186,child1,242097,frame,30
2421.526410603,child2,242097,frame,44
2430.523722861,child3,243006,frame,-85
2430.5297403179998,child1,243006,frame,-96
2430.531743734,child2,243006,frame,-102
2430.568911725,child10,243006,frame,50
2430.5760090569997,child8,243006,frame,25
2430.578938515,child5,243006,frame,-106
2430.585956596,child4,243006,frame,0
2430.5862203879997,child7,243006,frame,29
2430.593263303,child6,243006,frame,33
2430.610138757,child9,243006,frame,20
2440.628117405,child3,244016,frame,-94
2440.6288379879998,child1,244016,frame,44
2440.6365914030002,child2,244016,frame,-82
2440.673233019,child10,244016,frame,-109
2440.6821149340003,child8,244016,frame,-82
2440.685705266,child5,244016,frame,18
2440.688619516,child7,244016,frame,3
2440.691250348,child4,244016,frame,14
2440.69644418,child6,244016,frame,46
2440.711313844,child9,244016,frame,-105
2450.729824532,child3,245026,frame,173
2450.730422532,child1,245026,frame,12
2450.7401392379998,child2,245026,frame,183
2450.780128563,child10,245026,frame,155
2450.786448311,child8,245026,frame,166
2450.790754143,child5,245026,frame,10
2450.7921397259997,child7,245026,frame,165
2450.7971601,child4,245026,frame,7
2450.800483725,child6,245026,frame,31
2450.816893179,child9,245026,frame,144
2460.823478704,child9,246036,frame,-226
2460.834734868,child3,246036,frame,-235
2460.844747407,child1,246036,frame,28
2460.84603874,child2,246036,frame,-116
2460.882619315,child10,246036,frame,-110
2460.8902007300003,child8,246036,frame,-99
2460.897033604,child7,246036,frame,-215
2460.899197061,child4,246036,frame,-119
2460.900545811,child5,246036,frame,-81
2460.905182518,child6,246036,frame,-74
2470.928586873,child9,247046,frame,161
2470.944061911,child3,247046,frame,165
2470.949136701,child2,247046,frame,124
2470.952303909,child1,247046,frame,12
2470.987049151,child10,247046,frame,30
2470.996279107,child8,247046,frame,45
2471.001812606,child7,247046,frame,47
2471.0030238560003,child4,247046,frame,21
2471.003877814,child5,247046,frame,16
2471.009271062,child6,247046,frame,171
2481.03528375,child9,248056,frame,-105
2481.050183829,child3,248056,frame,-103
2481.0553222030003,child1,248056,frame,-112
2481.0572043690004,child2,248056,frame,35
2481.089630945,child10,248056,frame,14
2481.100414026,child8,248056,frame,25
2481.1061876500003,child7,248056,frame,58
2481.106994816,child4,248056,frame,22
2481.111843565,child5,248056,frame,17
2481.114762023,child6,248056,frame,-109
2491.137965169,child9,249066,frame,37
2491.153553915,child3,249066,frame,48
2491.1574152480002,child1,249066,frame,-95
2491.159817706,child2,249066,frame,-98
2491.194195073,child10,249066,frame,-66
2491.20410057,child8,249066,frame,-82
2491.2113973190003,child4,249066,frame,-104
2491.21186886,child7,249066,frame,-76
2491.213783693,child5,249066,frame,34
2491.215790734,child6,249066,frame,30
2501.241682796,child9,250076,frame,18
2501.258923292,child1,250076,frame,46
2501.259214751,child3,250076,frame,47
2501.270791581,child2,250076,frame,25
2501.298817158,child10,250076,frame,24
2501.308418156,child8,250076,frame,150
2501.314133113,child7,250076,frame,38
2501.315296904,child6,250076,frame,31
2501.316652321,child4,250076,frame,154
2501.317409196,child5,250076,frame,26
2511.323086804,child5,251086,frame,27
2511.3469162150004,child9,251086,frame,37
2511.3650968360002,child3,251086,frame,-79
2511.365575169,child1,251086,frame,46
2511.3730609169997,child2,251086,frame,45
2511.406375826,child10,251086,frame,23
2511.413675366,child8,251086,frame,-115
2511.418289449,child7,251086,frame,-73
2511.4199639900003,child6,251086,frame,15
2511.420776698,child4,251086,frame,-108
2521.4242011819997,child7,252096,frame,-82
2521.426367557,child4,252096,frame,-94
2521.430749681,child5,252096,frame,-93
2521.455077383,child9,252096,frame,36
2521.468839963,child1,252096,frame,-75
2521.469577588,child3,252096,frame,47
2521.478166128,child2,252096,frame,28
2521.512414287,child10,252096,frame,-99
2521.51982841,child8,252096,frame,42
2521.520758326,child6,252096,frame,-111
2530.5151085009998,child10,253005,frame,55
2530.523235958,child8,253005,frame,10
2530.52920329,child4,253005,frame,44
2530.529459498,child7,253005,frame,50
2530.531153789,child6,253005,frame,19
2530.5366035380002,child5,253005,frame,51
2530.558561116,child9,253005,frame,3
2530.569842989,child1,253005,frame,-86
2530.573342571,child3,253005,frame,-91
2530.57943482,child2,253005,frame,9
2540.618800046,child10,254015,frame,38
2540.625367877,child8,254015,frame,26
2540.62908046,child7,254015,frame,8
2540.633114792,child4,254015,frame,3
2540.635656708,child6,254015,frame,30
2540.641932832,child5,254015,frame,149
2540.661255827,child9,254015,frame,37
2540.669279742,child1,254015,frame,266
2540.679593282,child3,254015,frame,126
2540.686778363,child2,254015,frame,-96
2550.724363798,child10,255025,frame,-120
2550.7269176719997,child8,255025,frame,-98
2550.733402671,child7,255025,frame,129
2550.7383063360003,child6,255025,frame,36
2550.738412836,child4,255025,frame,-88
2550.750369167,child5,255025,frame,-67
2550.768151663,child9,255025,frame,4
2550.772017328,child1,255025,frame,-89
2550.7864091170004,child3,255025,frame,23
2550.79175274,child2,255025,frame,27
2560.832261257,child8,256035,frame,25
2560.832544841,child10,256035,frame,40
2560.839530131,child7,256035,frame,-69
2560.8413417969996,child6,256035,frame,-95
2560.8431310879996,child4,256035,frame,53
2560.858871001,child5,256035,frame,3
2560.876954414,child9,256035,frame,-105
2560.87708608,child1,256035,frame,52
2560.891734619,child3,256035,frame,40
2560.895877034,child2,256035,frame,35
2570.938175843,child8,257045,frame,25
2570.9401755510003,child10,257045,frame,40
2570.945079924,child7,257045,frame,-70
2570.946117633,child6,257045,frame,-95
2570.946404549,child4,257045,frame,-71
2570.965305795,child5,257045,frame,-123
2570.980814083,child1,257045,frame,-89
2570.982603833,child9,257045,frame,21
2571.001080578,child3,257045,frame,-102
2571.002136745,child2,257045,frame,-108
2581.044837095,child8,258055,frame,-96
2581.047266677,child10,258055,frame,30
2581.05043726,child4,258055,frame,53
2581.050492177,child7,258055,frame,12
2581.051593843,child6,258055,frame,47
2581.067346673,child5,258055,frame,161
2581.082029753,child9,258055,frame,127
2581.085321419,child1,258055,frame,36
2581.1075463720003,child2,258055,frame,37
2581.110789663,child3,258055,frame,165
2591.115811396,child3,259065,frame,-228
2591.150459597,child8,259065,frame,42
2591.152553638,child10,259065,frame,-94
2591.154159512,child7,259065,frame,1
2591.157299637,child4,259065,frame,-119
2591.158230136,child6,259065,frame,46
2591.170471884,child5,259065,frame,-125
2591.190094921,child1,259065,frame,-89
2591.190587296,child9,259065,frame,-120
2591.211342249,child2,259065,frame,35
2601.215775983,child2,260075,frame,160
2601.218433566,child3,260075,frame,165
2601.2577703479997,child10,260075,frame,46
2601.259547806,child8,260075,frame,150
2601.260067514,child6,260075,frame,47
2601.2622880970002,child7,260075,frame,137
2601.262622722,child4,260075,frame,141
2601.2813181340002,child5,260075,frame,141
2601.2930261730003,child9,260075,frame,145
2601.296239548,child1,260075,frame,52
2611.320988152,child2,261085,frame,-124
2611.325444859,child3,261085,frame,-102
2611.359765809,child10,261085,frame,30
2611.3640706,child8,261085,frame,-96
2611.364360892,child6,261085,frame,-95
2611.3684297659997,child4,261085,frame,-197
2611.368658141,child7,261085,frame,-203
2611.38619122,child5,261085,frame,-200
2611.397024967,child9,261085,frame,-121
2611.401279258,child1,261085,frame,37
2621.423744529,child2,262095,frame,36
2621.431957402,child3,262095,frame,-100
2621.46380877,child6,262095,frame,0
2621.4679093940003,child10,262095,frame,17
2621.468547686,child8,262095,frame,25
2621.4703608940004,child4,262095,frame,21
2621.4751440590003,child7,262095,frame,-2
2621.4925920970004,child5,262095,frame,139
2621.501442928,child9,262095,frame,1
2621.5028474690002,child1,262095,frame,22
2630.5050657680003,child9,263004,frame,20
2630.5315879279997,child2,263004,frame,36
2630.537070427,child3,263004,frame,172
2630.5641789620004,child6,263004,frame,-104
2630.572249002,child10,263004,frame,1
2630.5735479190002,child8,263004,frame,25
2630.5761620430003,child4,263004,frame,18
2630.580316625,child7,263004,frame,54
2630.5962709130004,child5,263004,frame,-85
2630.6022683290003,child1,263004,frame,59
2640.6111766030003,child9,264014,frame,20
2640.639282221,child3,264014,frame,-93
2640.6403011380003,child2,264014,frame,1
2640.673091297,child6,264014,frame,153
2640.677822671,child10,264014,frame,23
2640.6815729620002,child8,264014,frame,-96
2640.682467545,child4,264014,frame,-91
2640.687909502,child7,264014,frame,9
2640.701395207,child5,264014,frame,143
2640.705580914,child1,264014,frame,-95
2650.707260524,child5,265024,frame,-104
2650.7117491060003,child1,265024,frame,46
2650.717209147,child9,265024,frame,50
2650.7454318070004,child2,265024,frame,21
2650.749616847,child3,265024,frame,172
2650.780141674,child10,265024,frame,22
2650.7844331310002,child8,265024,frame,25
2650.785801006,child6,265024,frame,-78
2650.79083313,child4,265024,frame,40
2650.794710212,child7,265024,frame,20
2660.808427569,child5,266034,frame,1
2660.816661483,child1,266034,frame,-95
2660.819500858,child9,266034,frame,-126
2660.852004808,child2,266034,frame,3
2660.86022264,child3,266034,frame,-109
2660.886265509,child10,266034,frame,-103
2660.889094925,child8,266034,frame,-82
2660.8908719250003,child6,266034,frame,46
2660.896948881,child4,266034,frame,30
2660.9002679220002,child7,266034,frame,-71
2670.9046158230003,child7,267044,frame,145
2670.911710529,child5,267044,frame,18
2670.918959403,child1,267044,frame,126
2670.923297235,child9,267044,frame,154
2670.961658018,child2,267044,frame,3
2670.965108975,child3,267044,frame,47
2670.992167428,child10,267044,frame,38
2670.9926681360002,child8,267044,frame,151
2670.9929587190004,child6,267044,frame,47
2671.0030601750004,child4,267044,frame,39
2681.008804825,child4,268054,frame,-102
2681.0115271160003,child7,268054,frame,-123
2681.016280698,child5,268054,frame,2
2681.021351239,child1,268054,frame,-230
2681.029964612,child9,268054,frame,-67
2681.0648237709997,child2,268054,frame,-78
2681.068799561,child3,268054,frame,-109
2681.094202347,child10,268054,frame,5
2681.095332805,child6,268054,frame,-79
2681.096181847,child8,268054,frame,-116
2691.110002536,child4,269064,frame,54
2691.118589493,child7,269064,frame,141
2691.1214578669997,child5,269064,frame,144
2691.126552699,child1,269064,frame,177
2691.135380822,child9,269064,frame,20
2691.1720391890003,child2,269064,frame,29
2691.174574355,child3,269064,frame,47
2691.198233891,child8,269064,frame,59
2691.198859891,child6,269064,frame,124
2691.200543016,child10,269064,frame,24
2701.205910666,child8,270074,frame,25
2701.213995372,child4,270074,frame,30
2701.222947745,child7,270074,frame,-66
2701.225934994,child5,270074,frame,59
2701.23020216,child1,270074,frame,-89
2701.239042491,child9,270074,frame,50
2701.274827233,child3,270074,frame,31
2701.2759223159997,child2,270074,frame,136
2701.301656602,child6,270074,frame,-68
2701.303808268,child10,270074,frame,25
2711.306815919,child6,271084,frame,-79
2711.309420043,child10,271084,frame,21
2711.312736709,child8,271084,frame,-100
2711.320395916,child4,271084,frame,32
2711.327164956,child5,271084,frame,-78
2711.328238581,child7,271084,frame,46
2711.3340827879997,child1,271084,frame,52
2711.3467186599996,child9,271084,frame,-66
2711.37922036,child2,271084,frame,-67
2711.381659818,child3,271084,frame,15
2721.412311338,child6,272094,frame,-82
2721.414401587,child10,272094,frame,19
2721.4204842110003,child8,272094,frame,58
2721.423905377,child4,272094,frame,-96
2721.433533166,child5,272094,frame,42
2721.4357894990003,child7,272094,frame,2
2721.436451499,child1,272094,frame,-72
2721.4511606200003,child9,272094,frame,4
2721.485334487,child2,272094,frame,-76
2721.4908572359996,child3,272094,frame,-93
2730.514359988,child6,273003,frame,179
2730.516253612,child10,273003,frame,48
2730.523002527,child8,273003,frame,24
2730.5287258589997,child4,273003,frame,25
2730.535537941,child1,273003,frame,0
2730.537199357,child5,273003,frame,142
2730.539495732,child7,273003,frame,23
2730.554312479,child9,273003,frame,51
2730.591517928,child2,273003,frame,29
2730.593803761,child3,273003,frame,51
2740.597473703,child2,274013,frame,11
2740.598833828,child3,274013,frame,28
2740.616499741,child6,274013,frame,-212
2740.6196075320004,child10,274013,frame,-111
2740.629181446,child8,274013,frame,26
2740.6334763199998,child4,274013,frame,32
2740.6423387759996,child5,274013,frame,17
2740.643961526,child1,274013,frame,-2
2740.6449396509997,child7,274013,frame,58
2740.6602543139998,child9,274013,frame,5
2750.704982955,child2,275023,frame,-70
2750.706704954,child3,275023,frame,-94
2750.717554244,child6,275023,frame,9
2750.721753909,child10,275023,frame,-65
2750.734463073,child8,275023,frame,-96
2750.736787364,child4,275023,frame,-199
2750.749943653,child5,275023,frame,-114
2750.7507496529997,child1,275023,frame,-73
2750.752077986,child7,275023,frame,-102
2750.7637698579997,child9,275023,frame,-73
2760.808906166,child2,276033,frame,21
2760.811466582,child3,276033,frame,48
2760.825657162,child6,276033,frame,140
2760.826549995,child10,276033,frame,23
2760.8397312839998,child4,276033,frame,124
2760.839964325,child8,276033,frame,41
2760.854857322,child1,276033,frame,140
2760.855754405,child7,276033,frame,4
2760.857536529,child5,276033,frame,17
2760.866695361,child9,276033,frame,12
2770.912740876,child3,277043,frame,31
2770.914961168,child2,277043,frame,11
2770.930084331,child6,277043,frame,-70
2770.931718247,child10,277043,frame,23
2770.9452096190003,child8,277043,frame,43
2770.948164118,child4,277043,frame,-86
2770.9538440339998,child1,277043,frame,-87
2770.962455782,child7,277043,frame,50
2770.96397649,child5,277043,frame,28
2770.9674631969997,child9,277043,frame,5
2781.0176099200003,child3,278053,frame,32
2781.021223336,child2,278053,frame,11
2781.032350875,child10,278053,frame,22
2781.033594667,child6,278053,frame,141
2781.0495192880003,child8,278053,frame,25
2781.053595412,child4,278053,frame,54
2781.055391953,child1,278053,frame,8
2781.066580617,child7,278053,frame,-86
2781.0672838670002,child5,278053,frame,15
2781.072278449,child9,278053,frame,48
2791.1200130059997,child3,279063,frame,-94
2791.124109755,child2,279063,frame,9
2791.135268919,child10,279063,frame,23
2791.136332461,child6,279063,frame,-114
2791.151802291,child8,279063,frame,25
2791.158754497,child4,279063,frame,-72
2791.158880372,child1,279063,frame,124
2791.171109078,child7,279063,frame,58
2791.1731878269998,child5,279063,frame,19
2791.1777979930002,child9,279063,frame,130
2801.22375505,child3,280073,frame,48
2801.226038425,child2,280073,frame,21
2801.2369100469996,child6,280073,frame,126
2801.2388515889998,child10,280073,frame,21
2801.258579209,child8,280073,frame,-98
2801.263610041,child4,280073,frame,8
2801.263637125,child1,280073,frame,9
2801.275141622,child5,280073,frame,1
2801.277968621,child7,280073,frame,-85
2801.2801791210004,child9,280073,frame,-81
2811.3246197199996,child3,281083,frame,31
2811.329718969,child2,281083,frame,-114
2811.343122716,child6,281083,frame,-87
2811.348520756,child10,281083,frame,5
2811.36128642,child8,281083,frame,26
2811.366760127,child4,281083,frame,-1
2811.368367793,child1,281083,frame,44
2811.38193829,child5,281083,frame,-123
2811.3856100400003,child7,281083,frame,4
2811.386003956,child9,281083,frame,-74
2821.4291738479997,child2,282093,frame,153
2821.431082347,child3,282093,frame,33
2821.4483065510003,child6,282093,frame,131
2821.454612175,child10,282093,frame,153
2821.4677886299996,child1,282093,frame,37
2821.468719505,child8,282093,frame,150
2821.472116421,child4,282093,frame,131
2821.4869424589997,child5,282093,frame,47
2821.489144792,child9,282093,frame,173
2821.492960749,child7,282093,frame,132
2830.4935638810002,child9,283002,frame,-77
2830.497724589,child5,283002,frame,58
2830.4983499219998,child7,283002,frame,21
2830.533575081,child2,283002,frame,11
2830.53726133,child3,283002,frame,51
2830.551566826,child6,283002,frame,19
2830.558542283,child10,283002,frame,-95
2830.5703341549997,child1,283002,frame,42
2830.572951946,child4,283002,frame,-74
2830.5741464459998,child8,283002,frame,-96
2840.597193551,child9,284012,frame,43
2840.6002643829997,child7,284012,frame,49
2840.604411882,child5,284012,frame,-241
2840.639807332,child2,284012,frame,3
2840.6438373309998,child3,284012,frame,14
2840.6566348290003,child6,284012,frame,-102
2840.662252036,child10,284012,frame,-2
2840.6777848240004,child8,284012,frame,9
2840.67813474,child4,284012,frame,49
2840.678615823,child1,284012,frame,-113
2850.698634637,child9,285022,frame,-88
2850.706052677,child7,285022,frame,-102
2850.7122488,child5,285022,frame,38
2850.746095001,child3,285022,frame,-112
2850.746915917,child2,285022,frame,2
2850.755718124,child6,285022,frame,-78
2850.7654474960004,child10,285022,frame,-125
2850.782549826,child8,285022,frame,9
2850.782655659,child4,285022,frame,-68
2850.786296783,child1,285022,frame,-89
2860.789419142,child1,286032,frame,161
2860.8011895980003,child9,286032,frame,150
2860.80878118,child7,286032,frame,59
2860.818085219,child5,286032,frame,42
2860.8533202109998,child2,286032,frame,-77
2860.853780669,child3,286032,frame,137
2860.855194544,child6,286032,frame,171
2860.868598791,child10,286032,frame,139
2860.886968328,child8,286032,frame,29
2860.888163328,child4,286032,frame,12
2870.891708312,child4,287042,frame,-1
2870.89245127,child1,287042,frame,-113
2870.8947758940003,child8,287042,frame,-116
2870.9080846,child9,287042,frame,-96
2870.9140839320003,child7,287042,frame,-103
2870.924719304,child5,287042,frame,-83
2870.958131588,child6,287042,frame,-86
2870.9581698380002,child3,287042,frame,-110
2870.959512129,child2,287042,frame,13
2870.973646335,child10,287042,frame,0
2880.9941352309997,child4,288052,frame,54
2880.9970233559998,child8,288052,frame,151
2880.997483397,child1,288052,frame,161
2881.010517686,child9,288052,frame,51
2881.018023476,child7,288052,frame,59
2881.027195974,child5,288052,frame,58
2881.0592667160004,child2,288052,frame,136
2881.0646930069997,child3,288052,frame,141
2881.0663672560004,child6,288052,frame,51
2881.074306838,child10,288052,frame,44
2891.100307191,child1,289062,frame,-111
2891.101156025,child4,289062,frame,-79
2891.102304066,child8,289062,frame,13
2891.1143596049997,child9,289062,frame,161
2891.1225392700003,child7,289062,frame,40
2891.131233684,child5,289062,frame,12
2891.163937593,child2,289062,frame,-67
2891.168887134,child3,289062,frame,0
2891.1770523819996,child6,289062,frame,38
2891.18044159,child10,289062,frame,-70
2901.203008944,child4,290072,frame,53
2901.2053201520002,child1,290072,frame,30
2901.211068484,child8,290072,frame,-70
2901.220048232,child9,290072,frame,-201
2901.227004855,child7,290072,frame,-109
2901.2362806449996,child5,290072,frame,46
2901.2681245960002,child2,290072,frame,-94
2901.271458012,child3,290072,frame,-124
2901.284746925,child6,290072,frame,-101
2901.2872085910003,child10,290072,frame,-1
2911.290778909,child10,291082,frame,15
2911.303191739,child1,291082,frame,30
2911.307978196,child4,291082,frame,0
2911.318167069,child8,291082,frame,35
2911.322807985,child9,291082,frame,43
2911.327750025,child7,291082,frame,58
2911.340190606,child5,291082,frame,50
2911.376026764,child2,291082,frame,138
2911.3766630560003,child3,291082,frame,15
2911.389171261,child6,291082,frame,46
2921.3964179110003,child10,292092,frame,2
2921.408080908,child1,292092,frame,-93
2921.41319774,child4,292092,frame,-72
2921.4201514889996,child8,292092,frame,1
2921.428737987,child9,292092,frame,30
2921.432752611,child7,292092,frame,36
2921.445067483,child5,292092,frame,-72
2921.479302558,child2,292092,frame,-65
2921.4829956820004,child3,292092,frame,19
2921.491003806,child6,292092,frame,-79
2930.486556396,child2,293001,frame,19
2930.48668298,child3,293001,frame,38
2930.490882562,child6,293001,frame,33
2930.500168518,child10,293001,frame,34
2930.5140075980003,child1,293001,frame,169
2930.519476681,child4,293001,frame,57
2930.527494845,child8,293001,frame,4
2930.535341177,child9,293001,frame,33
2930.540980717,child7,293001,frame,35
2930.551444381,child5,293001,frame,5
2940.591016106,child3,294011,frame,-124
2940.5918466059998,child2,294011,frame,49
2940.593668189,child6,294011,frame,-95
2940.6020893950003,child10,294011,frame,-79
2940.6227310990002,child1,294011,frame,-126
2940.6264806400004,child4,294011,frame,-71
2940.6369440959998,child8,294011,frame,-106
2940.637981637,child9,294011,frame,-68
2940.647327968,child7,294011,frame,-102
2940.6558360080003,child5,294011,frame,-84
2950.6927845660002,child3,295021,frame,154
2950.698052565,child6,295021,frame,126
2950.698999357,child2,295021,frame,-77
2950.709885104,child10,295021,frame,51
2950.724953142,child1,295021,frame,47
2950.733762474,child4,295021,frame,2
2950.743045138,child9,295021,frame,35
2950.744050055,child8,295021,frame,17
2950.753718761,child7,295021,frame,-67
2950.7573325930002,child5,295021,frame,138
2960.7948993600003,child3,296031,frame,-2
2960.802361858,child2,296031,frame,58
2960.806243357,child6,296031,frame,38
2960.81580123,child10,296031,frame,1
2960.823946312,child1,296031,frame,12
2960.833637351,child4,296031,frame,3
2960.847254848,child8,296031,frame,2
2960.8485470560004,child9,296031,frame,-105
2960.859613512,child7,296031,frame,182
2960.86062097,child5,296031,frame,-93
2970.8983249030002,child3,297041,frame,13
2970.9064315260002,child2,297041,frame,-77
2970.90730311,child6,297041,frame,-67
2970.922658648,child10,297041,frame,7
2970.9263831050002,child1,297041,frame,-97
2970.936051978,child4,297041,frame,27
2970.953377307,child9,297041,frame,160
2970.955056057,child8,297041,frame,35
2970.963636097,child5,297041,frame,47
2970.963737763,child7,297041,frame,-103
2981.00171478,child3,298051,frame,58
2981.007417779,child6,298051,frame,55
2981.011540986,child2,298051,frame,130
2981.026375691,child10,298051,frame,60
2981.030016898,child1,298051,frame,153
2981.039598271,child4,298051,frame,-1
2981.0593795170003,child8,298051,frame,17
2981.061989474,child9,298051,frame,-106
2981.066268682,child5,298051,frame,42
2981.066800182,child7,298051,frame,59
2991.106141156,child3,299061,frame,-70
2991.107816489,child6,299061,frame,-87
2991.116728071,child2,299061,frame,-84
2991.1283905259997,child10,299061,frame,-71
2991.1342001499997,child1,299061,frame,-238
2991.143862564,child4,299061,frame,-118
2991.163106185,child8,299061,frame,9
2991.170332225,child5,299061,frame,-84
2991.171913641,child9,299061,frame,-97
2991.180065764,child7,299061,frame,23
3001.189639829,child7,300071,frame,43
3001.2052289920002,child3,300071,frame,1
3001.209469325,child6,300071,frame,55
3001.220849364,child2,300071,frame,3
3001.2320993189996,child10,300071,frame,-1
3001.234353861,child1,300071,frame,169
3001.2494721900002,child4,300071,frame,149
3001.268572644,child8,300071,frame,-96
3001.278359017,child5,300071,frame,59
3001.2785771,child9,300071,frame,169
3011.28304825,child5,301081,frame,58
3011.284267583,child9,301081,frame,27
3011.294045914,child7,301081,frame,40
3011.3101765769998,child3,301081,frame,125
3011.3144432430004,child6,301081,frame,38
3011.328023489,child2,301081,frame,40
3011.3349239460003,child10,301081,frame,44
3011.338470904,child1,301081,frame,12
3011.3530094,child4,301081,frame,-1
3011.372999479,child8,301081,frame,151
3021.3877822090003,child9,302091,frame,-113
3021.3884167089996,child5,302091,frame,-89
3021.3973339570002,child7,302091,frame,-103
3021.415134536,child6,302091,frame,-87
3021.415478203,child3,302091,frame,-200
3021.4386339059997,child10,302091,frame,-2
3021.438960739,child2,302091,frame,-71
3021.441557114,child1,302091,frame,-95
3021.4586484849997,child4,302091,frame,-119
3021.4751841059997,child8,302091,frame,-99
3030.478962028,child8,303000,frame,10
3030.4917429829998,child5,303000,frame,2
3030.495110899,child9,303000,frame,41
3030.5027828139996,child7,303000,frame,18
3030.51886556,child3,303000,frame,143
3030.5208528519997,child6,303000,frame,151
3030.54077268,child2,303000,frame,144
3030.542936013,child10,303000,frame,-104
3030.547002721,child1,303000,frame,42
3030.5609043840004,child4,303000,frame,2
3040.579977155,child8,304010,frame,10
3040.596319235,child9,304010,frame,35
3040.6006100249997,child5,304010,frame,50
3040.606614691,child7,304010,frame,9
3040.6215356459998,child3,304010,frame,-70
3040.6248213530002,child6,304010,frame,-220
3040.64490639,child2,304010,frame,-83
3040.6499391390003,child10,304010,frame,7
3040.651743764,child1,304010,frame,-95
3040.665850052,child4,304010,frame,16
3050.686734281,child8,305020,frame,152
3050.6992576529997,child9,305020,frame,21
3050.709520109,child5,305020,frame,33
3050.712992192,child7,305020,frame,42
3050.724341564,child3,305020,frame,0
3050.7300012289998,child6,305020,frame,142
3050.7524269739997,child2,305020,frame,39
3050.752630849,child1,305020,frame,171
3050.7532264740003,child10,305020,frame,131
3050.7685868040003,child4,305020,frame,140
3060.774071578,child4,306030,frame,-123
3060.795467323,child8,306030,frame,-69
3060.805653154,child9,306030,frame,17
3060.8153278600003,child5,306030,frame,35
3060.820930484,child7,306030,frame,9
3060.832865564,child3,306030,frame,126
3060.835359231,child6,306030,frame,39
3060.8572673920003,child2,306030,frame,42
3060.8579213919998,child1,306030,frame,-111
3060.8593501419996,child10,306030,frame,-72
3070.8775020380003,child4,307040,frame,-107
3070.8986610750003,child8,307040,frame,1
3070.9091641970003,child9,307040,frame,-104
3070.9213496949997,child5,307040,frame,-74
3070.927403568,child7,307040,frame,-98
3070.9368218990003,child3,307040,frame,-198
3070.938600816,child6,307040,frame,-87
3070.961256394,child2,307040,frame,-76
3070.961628435,child1,307040,frame,-79
3070.964311768,child10,307040,frame,7
3080.985590705,child4,308050,frame,35
3080.9989881600004,child8,308050,frame,19
3081.014425907,child9,308050,frame,19
3081.02462328,child5,308050,frame,32
3081.0312721950004,child7,308050,frame,41
3081.039505859,child3,308050,frame,5
3081.043559483,child6,308050,frame,39
3081.0649604369996,child2,308050,frame,50
3081.067620436,child1,308050,frame,172
3081.072013144,child10,308050,frame,44
3091.0812997499997,child10,309060,frame,-69
3091.097288247,child4,309060,frame,31
3091.105953453,child8,309060,frame,-78
3091.123018532,child9,309060,frame,36
3091.1309255300002,child5,309060,frame,-94
3091.1368524870004,child7,309060,frame,-103
3091.1482727350003,child6,309060,frame,-87
3091.149866401,child3,309060,frame,131
3091.169477688,child2,309060,frame,23
3091.172388479,child1,309060,frame,-222
3101.1784159619997,child2,310070,frame,-208
3101.189186043,child10,310070,frame,6
3101.202868206,child4,310070,frame,-94
3101.211808746,child8,310070,frame,-115
3101.228939742,child9,310070,frame,-107
3101.235079574,child5,310070,frame,51
3101.243531405,child7,310070,frame,59
3101.247699779,child6,310070,frame,55
3101.2541447780004,child3,310070,frame,-75
3101.2718200229997,child1,310070,frame,60
3111.278923297,child1,311080,frame,169
3111.2853182540002,child2,311080,frame,182
3111.2985588340002,child10,311080,frame,131
3111.310772915,child4,311080,frame,156
3111.316266414,child8,311080,frame,154
3111.336222659,child9,311080,frame,161
3111.342932908,child5,311080,frame,158
3111.3488481140002,child7,311080,frame,22
3111.350443781,child6,311080,frame,38
3111.362086028,child3,311080,frame,55
3121.382073216,child1,312090,frame,-95
3121.389545506,child2,312090,frame,-73
3121.4084995010003,child10,312090,frame,-208
3121.4184837489997,child4,312090,frame,-110
3121.420760415,child8,312090,frame,-69
3121.44263716,child9,312090,frame,-104
3121.450937616,child5,312090,frame,-236
3121.453914491,child6,312090,frame,-116
3121.455541532,child7,312090,frame,-84
3121.472307278,child3,312090,frame,-123
3131.476560719,child3,313100,frame,11
3131.490826299,child1,313100,frame,-95
3131.493746965,child2,313100,frame,-92
3131.5132935859997,child10,313100,frame,2
3131.526858333,child4,313100,frame,29
3131.531162373,child8,313100,frame,19
3131.552995952,child9,313100,frame,-89
3131.555147826,child5,313100,frame,125
3131.555388451,child6,313100,frame,43
3131.5638444909996,child7,313100,frame,36
3140.569657162,child7,314009,frame,36
3140.580286118,child3,314009,frame,156
3140.589535408,child1,314009,frame,133
3140.5977830730003,child2,314009,frame,146
3140.6162542770003,child10,314009,frame,31
3140.6325349400004,child4,314009,frame,30
3140.638301397,child8,314009,frame,17
3140.656700851,child9,314009,frame,162
3140.66106635,child6,314009,frame,40
3140.6615397250002,child5,314009,frame,2
3150.664981499,child5,315019,frame,40
3150.666125749,child6,315019,frame,54
3150.674509122,child7,315019,frame,38
3150.685501828,child3,315019,frame,9
3150.691263118,child1,315019,frame,35
3150.6999530330004,child2,315019,frame,-68
3150.7229763190003,child10,315019,frame,134
3150.736462983,child4,315019,frame,31
3150.744520939,child8,315019,frame,9
3150.7608217270003,child9,315019,frame,-89
3160.7690120009997,child6,316029,frame,-86
3160.770009501,child5,316029,frame,-99
3160.7707903339997,child9,316029,frame,36
3160.780149332,child7,316029,frame,-81
3160.793176912,child3,316029,frame,-78
3160.798024869,child1,316029,frame,-105
3160.806951825,child2,316029,frame,40
3160.831907403,child10,316029,frame,-70
3160.840467526,child4,316029,frame,-109
3160.853051815,child8,316029,frame,-98
3170.871976294,child6,317039,frame,54
3170.875313585,child5,317039,frame,42
3170.877215251,child9,317039,frame,35
3170.89109804,child7,317039,frame,58
3170.8979471629996,child3,317039,frame,-70
3170.900132121,child1,317039,frame,54
3170.91167216,child2,317039,frame,59
3170.938297987,child10,317039,frame,7
3170.948532735,child4,317039,frame,158
3170.959038816,child8,317039,frame,150
3180.9755599620003,child5,318049,frame,25
3180.976447004,child6,318049,frame,39
3180.985126294,child9,318049,frame,19
3180.996881207,child7,318049,frame,23
3180.998418499,child3,318049,frame,15
3181.004253456,child1,318049,frame,-103
3181.0155115370003,child2,318049,frame,-67
3181.043241572,child10,318049,frame,-1
3181.0594512760003,child8,318049,frame,-123
3181.060874026,child4,318049,frame,-108
3191.0652500919996,child8,319059,frame,19
3191.0796639220002,child6,319059,frame,-87
3191.0808205470003,child5,319059,frame,-206
3191.0949501689997,child9,319059,frame,-106
3191.1022887090003,child7,319059,frame,-82
3191.104031167,child3,319059,frame,6
3191.1053296249997,child1,319059,frame,38
3191.117779747,child2,319059,frame,41
3191.145979365,child10,319059,frame,0
3191.1642477779997,child4,319059,frame,-215
3201.17057401,child4,320069,frame,251
3201.173695551,child8,320069,frame,142
3201.184990382,child6,320069,frame,55
3201.1896249640004,child5,320069,frame,259
3201.198212337,child9,320069,frame,178
3201.204779002,child1,320069,frame,179
3201.207094668,child7,320069,frame,165
3201.209829626,child3,320069,frame,138
3201.223350623,child2,320069,frame,40
3201.247775284,child10,320069,frame,138
3211.273797303,child4,321079,frame,-102
3211.281097593,child8,321079,frame,-194
3211.2912792989996,child6,321079,frame,-74
3211.294714132,child5,321079,frame,-110
3211.3051782129996,child9,321079,frame,-106
3211.3104833780003,child7,321079,frame,-98
3211.315576335,child1,321079,frame,-86
3211.3165248349997,child3,321079,frame,-81
3211.328790666,child2,321079,frame,-81
3211.355855451,child10,321079,frame,-105
3221.379743888,child4,322089,frame,-86
3221.390164677,child8,322089,frame,162
3221.392337802,child6,322089,frame,46
3221.403298882,child5,322089,frame,42
3221.4101693810003,child9,322089,frame,128
3221.417853837,child7,322089,frame,-85
3221.418461712,child3,322089,frame,34
3221.426607835,child1,322089,frame,-105
3221.437276458,child2,322089,frame,42
3221.461507869,child10,322089,frame,-77
3231.469647767,child10,323099,frame,58
3231.4839763890004,child4,323099,frame,54
3231.4918660539997,child6,323099,frame,46
3231.493997387,child8,323099,frame,-123
3231.5111272999998,child5,323099,frame,-88
3231.516106507,child9,323099,frame,-105
3231.52314538,child7,323099,frame,37
3231.527668629,child3,323099,frame,3
3231.530498212,child1,323099,frame,45
3231.5409878759997,child2,323099,frame,-74
3240.574284916,child10,324008,frame,34
3240.589767038,child4,324008,frame,37
3240.5963244110003,child8,324008,frame,17
3240.598289744,child6,324008,frame,33
3240.615316907,child5,324008,frame,19
3240.622126364,child9,324008,frame,27
3240.6282326540004,child7,324008,frame,33
3240.631849278,child1,324008,frame,57
3240.6324755699998,child3,324008,frame,24
3240.6432811500003,child2,324008,frame,51
3250.6764642099997,child10,325018,frame,-71
3250.6961071640003,child4,325018,frame,39
3250.703507454,child6,325018,frame,30
3250.707251828,child8,325018,frame,20
3250.71995845,child5,325018,frame,184
3250.730244156,child9,325018,frame,21
3250.732667114,child7,325018,frame,23
3250.735953738,child1,325018,frame,28
3250.737619821,child3,325018,frame,55
3250.746406485,child2,325018,frame,50
3260.787652501,child10,326028,frame,-1
3260.805332206,child4,326028,frame,-70
3260.812631829,child8,326028,frame,18
3260.81398962,child6,326028,frame,-94
3260.826832659,child5,326028,frame,-101
3260.834668199,child9,326028,frame,1
3260.835137074,child7,326028,frame,-81
3260.8394341139997,child1,326028,frame,28
3260.8446278630004,child3,326028,frame,-86
3260.852128903,child2,326028,frame,49
3270.892848669,child10,327038,frame,44
3270.9081825410003,child4,327038,frame,-69
3270.919133746,child6,327038,frame,46
3270.920850496,child8,327038,frame,1
3270.9339488260002,child5,327038,frame,163
3270.940272783,child9,327038,frame,21
3270.941232783,child7,327038,frame,163
3270.944096324,child1,327038,frame,-113
3270.9494916559997,child3,327038,frame,47
3270.957080654,child2,327038,frame,-109
3280.964757261,child2,328048,frame,51
3280.997903462,child10,328048,frame,56
3281.010519209,child4,328048,frame,41
3281.024074123,child8,328048,frame,21
3281.024271039,child6,328048,frame,31
3281.0367646619998,child5,328048,frame,-68
3281.042897202,child9,328048,frame,3
3281.0476802010003,child1,328048,frame,27
3281.0498360330002,child7,328048,frame,-97
3281.056448782,child3,328048,frame,39
3291.0622622230003,child3,329058,frame,47
3291.068106805,child2,329058,frame,50
3291.099711589,child10,329058,frame,2
3291.11613371,child4,329058,frame,3
3291.125225042,child6,329058,frame,30
3291.126673708,child8,329058,frame,17
3291.142812038,child5,329058,frame,26
3291.150391161,child1,329058,frame,44
3291.151333494,child9,329058,frame,20
3291.153314493,child7,329058,frame,56
3301.169422599,child3,330068,frame,-94
3301.178889721,child2,330068,frame,33
3301.207519215,child10,330068,frame,52
3301.2228047529998,child4,330068,frame,12
3301.2254622940004,child6,330068,frame,-90
3301.2309329180002,child8,330068,frame,-114
3301.2451297479997,child5,330068,frame,134
3301.255895829,child1,330068,frame,30
3301.256926495,child9,330068,frame,-76
3301.25731412,child7,330068,frame,23
3311.261302186,child9,331078,frame,27
3311.261493644,child7,331078,frame,-98
3311.265060977,child1,331078,frame,-111
3311.270139976,child3,331078,frame,44
3311.284721139,child2,331078,frame,-109
3311.314284132,child10,331078,frame,-87
3311.328527212,child4,331078,frame,-203
3311.330905878,child6,331078,frame,31
3311.339454626,child8,331078,frame,26
3311.351048082,child5,331078,frame,-113
3321.358546898,child5,332088,frame,54
3321.366493312,child1,332088,frame,30
3321.368391812,child9,332088,frame,13
3321.3724608939997,child7,332088,frame,23
3321.377493268,child3,332088,frame,-88
3321.389005391,child2,332088,frame,36
3321.4207019670002,child10,332088,frame,54
3321.434587713,child4,332088,frame,18
3321.438125796,child6,332088,frame,-95
3321.443186086,child8,332088,frame,9
3331.463481482,child5,333098,frame,44
3331.469310147,child1,333098,frame,-93
3331.471031355,child9,333098,frame,-113
3331.478295729,child3,333098,frame,46
3331.478776812,child7,333098,frame,40
3331.492708517,child2,333098,frame,37
3331.523827093,child10,333098,frame,-75
3331.538133382,child4,333098,frame,21
3331.539638715,child6,333098,frame,-79
3331.548880254,child8,333098,frame,27
3340.553675843,child8,334007,frame,-114
3340.5681627980002,child5,334007,frame,25
3340.57126788,child1,334007,frame,58
3340.5785975870003,child9,334007,frame,141
3340.581937378,child7,334007,frame,2
3340.582247586,child3,334007,frame,54
3340.5977308740003,child2,334007,frame,-88
3340.6310413660003,child10,334007,frame,1
3340.640364448,child6,334007,frame,47
3340.642610239,child4,334007,frame,10
3350.6606759680003,child8,335017,frame,25
3350.6768106729996,child5,335017,frame,-92
3350.678047756,child1,335017,frame,46
3350.68446438,child9,335017,frame,13
3350.687144087,child3,335017,frame,-94
3350.6886325869996,child7,335017,frame,-98
3350.7025639169997,child2,335017,frame,51
3350.736959951,child10,335017,frame,48
3350.741418116,child6,335017,frame,46
3350.749176323,child4,335017,frame,23
3360.7543302219997,child4,336027,frame,-107
3360.76535122,child8,336027,frame,43
3360.78000505,child5,336027,frame,-69
3360.781098508,child1,336027,frame,-95
3360.790835589,child3,336027,frame,47
3360.7918623799997,child9,336027,frame,-114
3360.794592963,child7,336027,frame,57
3360.8060023770004,child2,336027,frame,-91
3360.840694786,child10,336027,frame,-79
3360.8445147009998,child6,336027,frame,-78
3370.861304431,child4,337037,frame,164
3370.8671618050003,child8,337037,frame,25
3370.883598343,child5,337037,frame,11
3370.884611634,child1,337037,frame,127
3370.8955507570004,child9,337037,frame,28
3370.897121756,child3,337037,frame,47
3370.897744423,child7,337037,frame,22
3370.909517004,child2,337037,frame,49
3370.945130662,child10,337037,frame,0
3370.9483799530003,child6,337037,frame,124
3380.9527793939997,child10,338047,frame,123
3380.955501102,child6,338047,frame,10
3380.966583099,child4,338047,frame,-101
3380.972400181,child8,338047,frame,26
3380.9857785120003,child1,338047,frame,-89
3380.9902673439997,child5,338047,frame,55
3380.998537217,child9,338047,frame,10
3381.0005753,child3,338047,frame,47
3381.0006042160003,child7,338047,frame,44
3381.016792338,child2,338047,frame,32
3391.058618062,child10,339057,frame,54
3391.062820853,child6,339057,frame,-78
3391.0715266419998,child4,339057,frame,42
3391.078790432,child8,339057,frame,29
3391.0913517629997,child1,339057,frame,52
3391.098521136,child5,339057,frame,125
3391.10335976,child3,339057,frame,-94
3391.1037453430004,child9,339057,frame,145
3391.104278718,child7,339057,frame,-103
3391.123368922,child2,339057,frame,51
3401.164820521,child10,340067,frame,-87
3401.1678453950003,child6,340067,frame,124
3401.178283226,child4,340067,frame,19
3401.182628309,child8,340067,frame,9
3401.198466055,child1,340067,frame,35
3401.204150387,child5,340067,frame,-92
3401.207495261,child7,340067,frame,44
3401.209547344,child9,340067,frame,-121
3401.211341635,child3,340067,frame,47
3401.226420465,child2,340067,frame,34
3411.2687616059998,child6,341077,frame,-86
3411.272257814,child10,341077,frame,36
3411.285275769,child4,341077,frame,36
3411.2865506020003,child8,341077,frame,27
3411.311130096,child1,341077,frame,36
3411.311551513,child5,341077,frame,174
3411.313386971,child3,341077,frame,31
3411.315310637,child7,341077,frame,40
3411.316504303,child9,341077,frame,20
3411.330139925,child2,341077,frame,33
3421.371984358,child6,342087,frame,38
3421.3767324819996,child10,342087,frame,40
3421.389091354,child8,342087,frame,9
3421.38983302,child4,342087,frame,16
3421.415842973,child1,342087,frame,-105
3421.4169356390003,child5,342087,frame,-217
3421.4185029719997,child3,342087,frame,31
3421.420575805,child7,342087,frame,24
3421.420889346,child9,342087,frame,49
3421.433078302,child2,342087,frame,16
3431.476353984,child6,343097,frame,38
3431.4844056489997,child10,343097,frame,33
3431.492460814,child8,343097,frame,-69
3431.496225896,child4,343097,frame,-111
3431.521297765,child1,343097,frame,37
3431.522799598,child5,343097,frame,140
3431.52427014,child3,343097,frame,32
3431.525598764,child7,343097,frame,-87
3431.5281135550003,child9,343097,frame,12
3431.536469637,child2,343097,frame,20
3440.5815581740003,child6,344006,frame,26
3440.5891484639997,child10,344006,frame,7
3440.59361363,child8,344006,frame,22
3440.6032815860003,child4,344006,frame,10
3440.6223343730003,child1,344006,frame,175
3440.627553497,child5,344006,frame,9
3440.6299093300004,child3,344006,frame,-100
3440.630717871,child7,344006,frame,126
3440.632360954,child9,344006,frame,20
3440.6408121609998,child2,344006,frame,-85
3450.6426775190002,child2,345016,frame,127
3450.684641176,child6,345016,frame,-101
3450.6935106739998,child10,345016,frame,-103
3450.700815089,child8,345016,frame,-124
3450.708237421,child4,345016,frame,15
3450.7256694999996,child1,345016,frame,-121
3450.734712206,child5,345016,frame,-103
3450.7374878309997,child3,345016,frame,30
3450.738158539,child7,345016,frame,-98
3450.738657622,child9,345016,frame,-67
3460.741707855,child7,346026,frame,24
3460.742770272,child3,346026,frame,-94
3460.745924813,child9,346026,frame,49
3460.7498307280002,child2,346026,frame,-121
3460.785736803,child6,346026,frame,46
3460.7972566340004,child10,346026,frame,29
3460.801931341,child8,346026,frame,18
3460.818027254,child4,346026,frame,-93
3460.8309441260003,child1,346026,frame,30
3460.837570083,child5,346026,frame,-92
3470.841796149,child5,347036,frame,49
3470.847777815,child3,347036,frame,47
3470.848786648,child7,347036,frame,-82
3470.850996189,child2,347036,frame,19
3470.853008563,child9,347036,frame,-66
3470.885454431,child6,347036,frame,-67
3470.903390677,child10,347036,frame,21
3470.906377426,child8,347036,frame,-90
3470.922480881,child4,347036,frame,32
3470.933679795,child1,347036,frame,-112
3480.946521567,child5,348046,frame,56
3480.954489357,child3,348046,frame,31
3480.9550675650003,child7,348046,frame,41
3480.957680981,child2,348046,frame,17
3480.95793944,child9,348046,frame,145
3480.988923099,child6,348046,frame,39
3481.0086617200004,child10,348046,frame,39
3481.013095469,child8,348046,frame,158
3481.025759799,child4,348046,frame,32
3481.034834963,child1,348046,frame,155
3491.043669695,child1,349056,frame,-111
3491.0483621939998,child5,349056,frame,-67
3491.060855025,child3,349056,frame,31
3491.063562649,child7,349056,frame,22
3491.064598899,child2,349056,frame,1
3491.066877398,child9,349056,frame,-75
3491.092365851,child6,349056,frame,46
3491.113415846,child8,349056,frame,-108
3491.1148280119996,child10,349056,frame,24
3491.130293134,child4,349056,frame,-94
3501.151206696,child5,350066,frame,133
3501.1529958620004,child1,350066,frame,48
3501.1659471089997,child3,350066,frame,-94
3501.167172359,child7,350066,frame,44
3501.169308233,child2,350066,frame,20
3501.1700947329996,child9,350066,frame,-84
3501.201173393,child6,350066,frame,-94
3501.216400556,child8,350066,frame,53
3501.220300305,child10,350066,frame,-103
3501.231455219,child4,350066,frame,51
3511.255801114,child5,351076,frame,-94
3511.256071822,child1,351076,frame,-113
3511.2687856939997,child7,351076,frame,22
3511.270184736,child3,351076,frame,47
3511.2750093180002,child9,351076,frame,11
3511.275943943,child2,351076,frame,19
3511.308049935,child6,351076,frame,46
3511.320221182,child8,351076,frame,33
3511.3252798060003,child10,351076,frame,38
3511.3353987210003,child4,351076,frame,-76
3521.358903366,child1,352086,frame,28
3521.3592856990003,child5,352086,frame,-69
3521.375058654,child3,352086,frame,-78
3521.377300403,child7,352086,frame,28
3521.378724903,child9,352086,frame,13
3521.3845173180002,child2,352086,frame,17
3521.414893228,child6,352086,frame,-79
3521.4281748500002,child8,352086,frame,-82
3521.431791599,child10,352086,frame,-88
3521.439969889,child4,352086,frame,5
3531.4473014540004,child4,353096,frame,53
3531.463461075,child1,353096,frame,44
3531.4648527,child5,353096,frame,130
3531.478591947,child3,353096,frame,172
3531.483086988,child7,353096,frame,20
3531.487104445,child9,353096,frame,12
3531.491133111,child2,353096,frame,49
3531.519275313,child6,353096,frame,124
3531.532310393,child8,353096,frame,41
3531.534855684,child10,353096,frame,175
3540.5380482729997,child8,354005,frame,149
3540.543818605,child10,354005,frame,37
3540.554287352,child4,354005,frame,30
3540.567104808,child5,354005,frame,-107
3540.568505099,child1,354005,frame,43
3540.581181138,child3,354005,frame,57
3540.589940969,child7,354005,frame,8
3540.5928640939997,child9,354005,frame,57
3540.592935552,child2,354005,frame,33
3540.623020545,child6,354005,frame,26
3550.6450846899997,child8,355015,frame,-116
3550.65150998,child10,355015,frame,-109
3550.65874252,child4,355015,frame,-85
3550.673208892,child1,355015,frame,-97
3550.674836433,child5,355015,frame,4
3550.683806598,child3,355015,frame,-66
3550.69103943,child7,355015,frame,-118
3550.696502262,child2,355015,frame,-68
3550.698722011,child9,355015,frame,4
3550.728969546,child6,355015,frame,-86
3560.750054192,child8,356025,frame,29
3560.7533634819997,child10,356025,frame,29
3560.761856439,child4,356025,frame,-69
3560.774424186,child1,356025,frame,28
3560.778454435,child5,356025,frame,-71
3560.790527182,child3,356025,frame,22
3560.794795973,child7,356025,frame,28
3560.802819471,child2,356025,frame,3
3560.803665346,child9,356025,frame,-192
3560.834045005,child6,356025,frame,-67
3570.854770068,child8,357035,frame,-100
3570.8618009,child10,357035,frame,-95
3570.866392565,child4,357035,frame,-116
3570.87380373,child1,357035,frame,-81
3570.884939311,child5,357035,frame,-117
3570.8945633499998,child3,357035,frame,-102
3570.903885723,child7,357035,frame,27
3570.9098146799997,child9,357035,frame,161
3570.910203305,child2,357035,frame,-77
3570.933503175,child6,357035,frame,-71
3580.958956403,child8,358045,frame,43
3580.966249359,child10,358045,frame,46
3580.9709341079997,child4,358045,frame,142
3580.9768476900003,child1,358045,frame,-81
3580.988732604,child5,358045,frame,18
3581.0000776849997,child3,358045,frame,-86
3581.008124641,child7,358045,frame,-117
3581.0135793480003,child2,358045,frame,9
3581.017351723,child9,358045,frame,-68
3581.030998094,child6,358045,frame,133
3591.065411237,child8,359055,frame,25
3591.070104861,child10,359055,frame,-95
3591.0767516510004,child4,359055,frame,10
3591.084397108,child1,359055,frame,124
3591.093933522,child5,359055,frame,33
3591.102423103,child3,359055,frame,39
3591.1093836849996,child7,359055,frame,43
3591.120112099,child2,359055,frame,136
3591.123673932,child9,359055,frame,136
3591.133762555,child6,359055,frame,-79
3601.1432659939996,child6,360065,frame,1
3601.169491697,child8,360065,frame,-99
3601.177634112,child10,360065,frame,28
3601.184566902,child4,360065,frame,-124
3601.1876291930002,child1,360065,frame,-88
3601.2045613970004,child5,360065,frame,27
3601.2062026470003,child3,360065,frame,39
3601.213895728,child7,360065,frame,24
3601.2278439750003,child2,360065,frame,-68
3601.228351725,child9,360065,frame,-66
3611.248008121,child6,361075,frame,54
3611.270562866,child8,361075,frame,45
3611.283169488,child10,361075,frame,31
3611.2902438190004,child4,361075,frame,19
3611.2912245280004,child1,361075,frame,54
3611.310934481,child3,361075,frame,23
3611.313243522,child5,361075,frame,35
3611.3147981469997,child7,361075,frame,42
3611.329945519,child2,361075,frame,-77
3611.333046185,child9,361075,frame,4
3621.3358808340004,child9,362085,frame,49
3621.336279001,child2,362085,frame,17
3621.356721705,child6,362085,frame,0
3621.375605034,child8,362085,frame,-100
3621.389141072,child10,362085,frame,48
3621.39690007,child1,362085,frame,-71
3621.3974116540003,child4,362085,frame,28
3621.417088482,child3,362085,frame,-86
3621.417568649,child5,362085,frame,-93
3621.422031815,child7,362085,frame,-84
3631.439764794,child9,363095,frame,4
3631.4398219610002,child2,363095,frame,20
3631.461786873,child6,363095,frame,24
3631.479605285,child8,363095,frame,56
3631.492074407,child10,363095,frame,50
3631.497961031,child1,363095,frame,152
3631.5054124870003,child4,363095,frame,-76
3631.5236897749996,child5,363095,frame,34
3631.525401941,child3,363095,frame,57
3631.528122149,child7,363095,frame,37
3640.524942114,child5,364004,frame,130
3640.5289196549998,child7,364004,frame,19
3640.530531613,child3,364004,frame,8
3640.541373902,child2,364004,frame,16
3640.5483700669997,child9,364004,frame,13
3640.5621999809996,child6,364004,frame,27
3640.584764767,child8,364004,frame,57
3640.5941167230003,child10,364004,frame,5
3640.601394138,child1,364004,frame,39
3640.607050137,child4,364004,frame,55
3650.629061324,child5,365014,frame,18
3650.6323416570003,child7,365014,frame,23
3650.636363989,child3,365014,frame,52
3650.6469182369997,child2,365014,frame,12
3650.655976568,child9,365014,frame,42
3650.667200315,child6,365014,frame,3
3650.691444393,child8,365014,frame,41
3650.7011664320003,child10,365014,frame,-87
3650.705551015,child1,365014,frame,-125
3650.715073971,child4,365014,frame,45
3660.735712533,child7,366024,frame,43
3660.737351325,child5,366024,frame,2
3660.743556281,child3,366024,frame,37
3660.752627279,child2,366024,frame,128
3660.760099819,child9,366024,frame,33
3660.770888817,child6,366024,frame,39
3660.797144352,child8,366024,frame,151
3660.8030323089997,child1,366024,frame,177
3660.811063641,child10,366024,frame,163
3660.821485097,child4,366024,frame,9
3670.825946163,child4,367034,frame,-99
3670.841308868,child7,367034,frame,8
3670.841817451,child5,367034,frame,-106
3670.8503327410003,child3,367034,frame,21
3670.859940238,child2,367034,frame,-201
3670.863025946,child9,367034,frame,-90
3670.873840777,child6,367034,frame,-79
3670.901773062,child8,367034,frame,-222
3670.912944143,child1,367034,frame,-105
3670.914305934,child10,367034,frame,-121
3680.9335216219997,child4,368044,frame,40
3680.945030953,child7,368044,frame,28
3680.9452792859997,child5,368044,frame,16
3680.953121659,child3,368044,frame,3
3680.964218032,child2,368044,frame,132
3680.968018822,child9,368044,frame,59
3680.976031196,child6,368044,frame,47
3681.0079600209997,child8,368044,frame,167
3681.0169442690003,child10,368044,frame,24
3681.024393434,child1,368044,frame,44
3691.0291006260004,child1,369054,frame,28
3691.036116832,child4,369054,frame,150
3691.0492914959996,child7,369054,frame,-100
3691.049679537,child5,369054,frame,-109
3691.0576728690003,child3,369054,frame,23
3691.0670172,child2,369054,frame,5
3691.0707713660004,child9,369054,frame,42
3691.075988448,child6,369054,frame,38
3691.1145385219997,child8,369054,frame,-98
3691.122880562,child10,369054,frame,22
3701.1259489199997,child10,370064,frame,-104
3701.131833336,child1,370064,frame,-97
3701.143208583,child4,370064,frame,-116
3701.1530567470004,child7,370064,frame,23
3701.153738539,child5,370064,frame,34
3701.162462287,child3,370064,frame,23
3701.1700228269997,child2,370064,frame,-68
3701.176251034,child6,370064,frame,-86
3701.1775762,child9,370064,frame,35
3701.220380399,child8,370064,frame,150
3711.229337797,child8,371074,frame,-70
3711.230906838,child10,371074,frame,38
3711.233723921,child1,371074,frame,-97
3711.252781917,child4,371074,frame,26
3711.255133624,child7,371074,frame,27
3711.258818207,child5,371074,frame,17
3711.269415996,child3,371074,frame,-118
3711.275040453,child2,371074,frame,2
3711.278085786,child6,371074,frame,2
3711.282625868,child9,371074,frame,-110
3721.332781049,child8,372084,frame,-106
3721.3349365070003,child10,372084,frame,38
3721.3389057140002,child1,372084,frame,54
3721.358562209,child4,372084,frame,11
3721.362344959,child7,372084,frame,8
3721.3654351659998,child5,372084,frame,19
3721.373237789,child3,372084,frame,23
3721.380958621,child2,372084,frame,-78
3721.3855453280003,child9,372084,frame,42
3721.3867160359996,child6,372084,frame,46
3731.436719675,child8,373094,frame,143
3731.44351034,child10,373094,frame,34
3731.444413048,child1,373094,frame,-73
3731.465346419,child4,373094,frame,-111
3731.470616084,child5,373094,frame,-79
3731.470923167,child7,373094,frame,24
3731.476337874,child3,373094,frame,18
3731.484068164,child2,373094,frame,13
3731.4889426629998,child9,373094,frame,37
3731.4954602870002,child6,373094,frame,43
3740.543036907,child8,374003,frame,3
3740.544937573,child1,374003,frame,59
3740.549407739,child10,374003,frame,36
3740.569181193,child4,374003,frame,130
3740.571832109,child5,374003,frame,135
3740.575692233,child7,374003,frame,-75
3740.5795868990003,child3,374003,frame,-81
3740.585063731,child2,374003,frame,34
3740.591785854,child9,374003,frame,-96
3740.601560352,child6,374003,frame,-99
3750.645350451,child1,375013,frame,0
3750.647620742,child8,375013,frame,-90
3750.6542069489997,child10,375013,frame,-93
3750.672344569,child4,375013,frame,-105
3750.67578086,child5,375013,frame,32
3750.679958776,child7,375013,frame,36
3750.686611774,child3,375013,frame,31
3750.69136269,child2,375013,frame,7
3750.6967922299996,child9,375013,frame,51
3750.7013617290004,child6,375013,frame,54
3760.7469902440002,child1,376023,frame,-71
3760.750370119,child8,376023,frame,2
3760.7580067830004,child10,376023,frame,30
3760.7740636129997,child4,376023,frame,37
3760.779958237,child5,376023,frame,-107
3760.785552902,child7,376023,frame,32
3760.7904614010004,child3,376023,frame,31
3760.7948611499996,child2,376023,frame,130
3760.8050299809997,child9,376023,frame,34
3760.806277606,child6,376023,frame,-86
3770.852206329,child1,377033,frame,7
3770.853646912,child8,377033,frame,17
3770.863964284,child10,377033,frame,-95
3770.879623823,child4,377033,frame,17
3770.8822879050003,child5,377033,frame,33
3770.8875782789996,child7,377033,frame,16
3770.895825152,child3,377033,frame,-96
3770.9038388589997,child2,377033,frame,-123
3770.907794191,child9,377033,frame,-91
3770.9112632740002,child6,377033,frame,-71
3780.9575717469997,child1,378043,frame,158
3780.961877621,child8,378043,frame,21
3780.9645323279997,child10,378043,frame,45
3780.9837872410003,child4,378043,frame,-92
3780.985521949,child5,378043,frame,19
3780.991782031,child7,378043,frame,-106
3781.001123737,child3,378043,frame,44
3781.00653761,child2,378043,frame,19
3781.012044192,child9,378043,frame,51
3781.0146319,child6,378043,frame,133
3791.062556706,child1,379053,frame,-73
3791.067998497,child8,379053,frame,-108
3791.0708449960002,child10,379053,frame,30
3791.087389076,child4,379053,frame,-91
3791.091434825,child5,379053,frame,35
3791.097517823,child7,379053,frame,16
3791.105891863,child3,379053,frame,44
3791.109830445,child2,379053,frame,55
3791.114401069,child9,379053,frame,32
3791.1199722759998,child6,379053,frame,-79
3801.119617344,child2,380063,frame,4
3801.120804968,child9,380063,frame,35
3801.123405676,child6,380063,frame,12
3801.166738791,child1,380063,frame,52
3801.174571039,child8,380063,frame,43
3801.178000539,child10,380063,frame,12
3801.190063536,child4,380063,frame,173
3801.200569825,child5,380063,frame,16
3801.2019014909997,child7,380063,frame,35
3801.210736406,child3,380063,frame,11
3811.2216375119997,child2,381073,frame,-68
3811.2259750109997,child6,381073,frame,0
3811.2267851359998,child9,381073,frame,-91
3811.270870084,child1,381073,frame,-73
3811.275586125,child8,381073,frame,10
3811.283138707,child10,381073,frame,-93
3811.292208871,child4,381073,frame,-92
3811.303131035,child7,381073,frame,34
3811.304737868,child5,381073,frame,-110
3811.315836991,child3,381073,frame,-94
3821.3267132640003,child6,382083,frame,133
3821.329220638,child2,382083,frame,128
3821.33008318,child9,382083,frame,50
3821.3743352529996,child1,382083,frame,52
3821.378716752,child8,382083,frame,25
3821.389570958,child10,382083,frame,48
3821.396204873,child4,382083,frame,34
3821.40969512,child5,382083,frame,269
3821.410728494,child7,382083,frame,15
3821.417472159,child3,382083,frame,47
3831.4218698510003,child3,383093,frame,34
3831.426668433,child6,383093,frame,-79
3831.432034557,child2,383093,frame,34
3831.4386283880003,child9,383093,frame,17
3831.477973004,child1,383093,frame,53
3831.487294002,child8,383093,frame,43
3831.4909953760002,child10,383093,frame,175
3831.4997659160003,child4,383093,frame,45
3831.515082079,child7,383093,frame,22
3831.515704246,child5,383093,frame,-65
3840.5215265839997,child5,384002,frame,39
3840.522893625,child7,384002,frame,-75
3840.525962333,child3,384002,frame,-2
3840.535363247,child6,384002,frame,-78
3840.5354908309996,child2,384002,frame,-119
3840.543787204,child9,384002,frame,-79
3840.5811586950003,child1,384002,frame,-69
3840.592917192,child8,384002,frame,10
3840.595503358,child10,384002,frame,-71
3840.604884231,child4,384002,frame,3
3850.626036919,child5,385012,frame,3
3850.626314752,child7,385012,frame,35
3850.629822543,child3,385012,frame,38
3850.6368667489996,child6,385012,frame,124
3850.641179248,child2,385012,frame,10
3850.6474547049997,child9,385012,frame,-75
3850.682370989,child1,385012,frame,44
3850.698012569,child10,385012,frame,30
3850.700675693,child8,385012,frame,-116
3850.707068108,child4,385012,frame,-90
3860.712025008,child4,386022,frame,52
3860.7299711699998,child5,386022,frame,46
3860.733225294,child7,386022,frame,17
3860.733702836,child3,386022,frame,23
3860.7471660409997,child2,386022,frame,-211
3860.748001749,child6,386022,frame,-86
3860.7524515399996,child9,386022,frame,176
3860.7874738650003,child1,386022,frame,-89
3860.802982987,child8,386022,frame,43
3860.804428695,child10,386022,frame,-112
3870.8155739679996,child4,387032,frame,-73
3870.837404088,child5,387032,frame,-87
3870.837616796,child3,387032,frame,-102
3870.838100504,child7,387032,frame,-106
3870.8519890430002,child2,387032,frame,146
3870.853031126,child6,387032,frame,0
3870.856468208,child9,387032,frame,17
3870.898613198,child1,387032,frame,124
3870.90709228,child10,387032,frame,13
3870.909013779,child8,387032,frame,25
3880.913558679,child8,388042,frame,10
3880.916372262,child10,388042,frame,31
3880.922724552,child4,388042,frame,34
3880.939778798,child5,388042,frame,49
3880.9437495889997,child3,388042,frame,39
3880.943935047,child7,388042,frame,32
3880.955243003,child2,388042,frame,10
3880.95815246,child6,388042,frame,-70
3880.961022126,child9,388042,frame,-89
3881.001998117,child1,388042,frame,-87
3891.0170125970003,child8,389052,frame,29
3891.022640679,child10,389052,frame,30
3891.0291649690002,child4,389052,frame,48
3891.046670465,child5,389052,frame,40
3891.049442131,child3,389052,frame,36
3891.049684381,child7,389052,frame,15
3891.0636577110004,child6,389052,frame,19
3891.0676225439997,child2,389052,frame,136
3891.069233752,child9,389052,frame,50
3891.105130452,child1,389052,frame,54
3901.126412389,child8,390062,frame,134
3901.12817368,child10,390062,frame,14
3901.13585947,child4,390062,frame,158
3901.149166342,child5,390062,frame,17
3901.155261257,child7,390062,frame,36
3901.15712184,child3,390062,frame,21
3901.1694352130003,child2,390062,frame,31
3901.170935796,child6,390062,frame,125
3901.17445692,child9,390062,frame,160
3901.210158245,child1,390062,frame,38
3911.2170557269997,child1,391072,frame,-70
3911.233991473,child8,391072,frame,-194
3911.235142973,child10,391072,frame,-111
3911.242699971,child4,391072,frame,-107
3911.256665843,child5,391072,frame,-66
3911.2610815499997,child7,391072,frame,14
3911.2623364670003,child3,391072,frame,-104
3911.270746048,child6,391072,frame,-125
3911.2755671299997,child2,391072,frame,-66
3911.283411628,child9,391072,frame,-248
3921.319164812,child1,392082,frame,52
3921.3367041,child10,392082,frame,45
3921.3418850989997,child8,392082,frame,37
3921.350056764,child4,392082,frame,33
3921.357181804,child5,392082,frame,39
3921.3631747189997,child7,392082,frame,36
3921.370464676,child3,392082,frame,143
3921.3769993409996,child6,392082,frame,133
3921.382116965,child2,392082,frame,135
3921.389327713,child9,392082,frame,175
3931.422202564,child1,393092,frame,37
3931.441942268,child10,393092,frame,16
3931.450027849,child8,393092,frame,17
3931.45386714,child4,393092,frame,-96
3931.46879322,child7,393092,frame,4
3931.4697881780003,child5,393092,frame,-90
3931.480447592,child6,393092,frame,46
3931.481437634,child3,393092,frame,-107
3931.4851089249996,child2,393092,frame,-81
3931.495281506,child9,393092,frame,21
3940.522377714,child1,394001,frame,-76
3940.549881624,child10,394001,frame,134
3940.5516135410003,child8,394001,frame,128
3940.559181372,child4,394001,frame,3
3940.572349494,child7,394001,frame,8
3940.574462202,child5,394001,frame,143
3940.581473492,child6,394001,frame,40
3940.585726699,child3,394001,frame,185
3940.5895293239996,child2,394001,frame,58
3940.600995946,child9,394001,frame,-106
3950.6034628039997,child9,395011,frame,16
3950.626212674,child1,395011,frame,36
3950.655696876,child10,395011,frame,-117
3950.6568181250004,child8,395011,frame,-119
3950.663419957,child4,395011,frame,34
3950.676043538,child7,395011,frame,25
3950.67833637,child5,395011,frame,33
3950.682597536,child6,395011,frame,-87
3950.688358076,child3,395011,frame,-110
3950.6956231999998,child2,395011,frame,-108
3960.704777069,child9,396021,frame,35
3960.7331387709996,child1,396021,frame,44
3960.762995223,child10,396021,frame,21
3960.764537097,child8,396021,frame,2
3960.7720548459997,child4,396021,frame,-106
3960.783435635,child7,396021,frame,54
3960.784455593,child5,396021,frame,-107
3960.793766174,child6,396021,frame,47
3960.794954632,child3,396021,frame,-111
3960.7980339230003,child2,396021,frame,41
3970.805248428,child2,397031,frame,15
3970.808730386,child9,397031,frame,19
3970.8375864619998,child1,397031,frame,28
3970.867302914,child10,397031,frame,22
3970.867469581,child8,397031,frame,18
3970.877828787,child4,397031,frame,35
3970.888323034,child7,397031,frame,4
3970.8900138249996,child5,397031,frame,50
3970.8954183240003,child6,397031,frame,30
3970.901350864,child3,397031,frame,156
3980.907825078,child3,398041,frame,-235
3980.908145536,child2,398041,frame,-207
3980.9095374529998,child9,398041,frame,-106
3980.940637529,child1,398041,frame,-222
3980.973019521,child10,398041,frame,-103
3980.980200353,child8,398041,frame,-123
3980.9830568519997,child4,398041,frame,-89
3980.995481641,child5,398041,frame,-94
3980.995516266,child7,398041,frame,-204
3981.0018435979996,child6,398041,frame,-207
3991.005743479,child6,399051,frame,0
3991.009180603,child2,399051,frame,135
3991.010961478,child3,399051,frame,172
3991.015455185,child9,399051,frame,158
3991.0457555109997,child1,399051,frame,123
3991.081022545,child10,399051,frame,38
3991.085036836,child8,399051,frame,158
3991.0889646680002,child4,399051,frame,21
3991.097500833,child7,399051,frame,152
3991.099050249,child5,399051,frame,171
4001.1033686299997,child7,400061,frame,-71
4001.104096671,child5,400061,frame,-108
4001.104949213,child6,400061,frame,46
4001.112858919,child2,400061,frame,-76
4001.116360335,child3,400061,frame,-110
4001.120254293,child9,400061,frame,-121
4001.151230161,child1,400061,frame,-87
4001.1844826949996,child10,400061,frame,-121
4001.189773777,child8,400061,frame,-114
4001.1969649840003,child4,400061,frame,56
4011.206642821,child6,401071,frame,55
4011.2068961550003,child7,401071,frame,20
4011.21147007,child5,401071,frame,34
4011.2174699439997,child2,401071,frame,55
4011.223290776,child3,401071,frame,169
4011.223323359,child9,401071,frame,159
4011.254750727,child1,401071,frame,54
4011.289542136,child10,401071,frame,165
4011.2953943429998,child8,401071,frame,134
4011.3013784249997,child4,401071,frame,56
4021.3078922219997,child4,402081,frame,-84
4021.3106033040003,child7,402081,frame,17
4021.312839845,child6,402081,frame,-71
4021.315022053,child5,402081,frame,17
4021.324150385,child2,402081,frame,59
4021.326292884,child3,402081,frame,13
4021.330684091,child9,402081,frame,-106
4021.355540252,child1,402081,frame,-71
4021.392792911,child10,402081,frame,-104
4021.401695742,child8,402081,frame,-318
4031.4076919550002,child8,403091,frame,253
4031.414758995,child4,403091,frame,53
4031.417262787,child7,403091,frame,-126
4031.417894578,child6,403091,frame,7
4031.420024119,child5,403091,frame,-78
4031.430255867,child2,403091,frame,-2
4031.433597533,child3,403091,frame,-93
4031.438480198,child9,403091,frame,3
4031.456932319,child1,403091,frame,55
4031.497694852,child10,403091,frame,50
4040.502520877,child10,404000,frame,5
4040.509795292,child8,404000,frame,11
4040.518255999,child4,404000,frame,-100
4040.519987582,child6,404000,frame,-78
4040.5223675390002,child5,404000,frame,16
4040.524378039,child7,404000,frame,138
4040.535499995,child2,404000,frame,12
4040.536312203,child3,404000,frame,40
4040.5421333269996,child9,404000,frame,-93
4040.5605578219997,child1,404000,frame,2
4050.608098193,child10,405010,frame,38
4050.614901567,child8,405010,frame,-116
4050.6234850650003,child6,405010,frame,15
4050.627171689,child4,405010,frame,56
4050.627422022,child7,405010,frame,8
4050.628285855,child5,405010,frame,30
4050.6401842689997,child3,405010,frame,15
4050.641637435,child2,405010,frame,40
4050.643098185,child9,405010,frame,35
4050.664402472,child1,405010,frame,0
4060.71074476,child10,406020,frame,-87
4060.719354049,child8,406020,frame,45
4060.722514215,child6,406020,frame,42
4060.731789047,child4,406020,frame,-68
4060.73288438,child7,406020,frame,-98
4060.735753004,child5,406020,frame,-91
4060.7430050860003,child2,406020,frame,-68
4060.7441912520003,child3,406020,frame,-94
4060.749360459,child9,406020,frame,36
4060.76987783,child1,406020,frame,25
4070.814435534,child10,407030,frame,20
4070.822209241,child8,407030,frame,9
4070.823620532,child6,407030,frame,125
4070.8375473210003,child7,407030,frame,1
4070.838721112,child4,407030,frame,56
4070.84235307,child5,407030,frame,158
4070.848816777,child2,407030,frame,40
4070.8494936509996,child3,407030,frame,139
4070.857034025,child9,407030,frame,1
4070.873394146,child1,407030,frame,43
4080.916176143,child10,408040,frame,-85
4080.926062474,child8,408040,frame,43
4080.9327257639998,child6,408040,frame,-79
4080.944448053,child7,408040,frame,-90
4080.9448813860004,child4,408040,frame,-74
4080.950760593,child5,408040,frame,-92
4080.9509524269997,child2,408040,frame,-76
4080.954283092,child3,408040,frame,-110
4080.968621922,child9,408040,frame,-89
4080.975604088,child1,408040,frame,-73
4091.0205057509997,child10,409050,frame,38
4091.030639707,child8,409050,frame,9
4091.0457699529998,child6,409050,frame,-124
4091.048100786,child4,409050,frame,5
4091.0490089520003,child7,409050,frame,166
4091.053672243,child2,409050,frame,32
4091.056869659,child5,409050,frame,51
4091.0620236160003,child3,409050,frame,15
4091.0720210719996,child9,409050,frame,35
4091.081188695,child1,409050,frame,52
4101.121821776,child10,410060,frame,53
4101.135973648,child8,410060,frame,-99
4101.150073853,child7,410060,frame,-119
4101.155192643,child4,410060,frame,28
4101.156885976,child6,410060,frame,148
4101.161321683,child2,410060,frame,-76
4101.163079516,child5,410060,frame,-94
4101.165393141,child3,410060,frame,-94
4101.177513221,child9,410060,frame,50
4101.184928303,child1,410060,frame,-73
4111.227605508,child10,411070,frame,38
4111.24178438,child8,411070,frame,144
4111.251944669,child7,411070,frame,169
4111.258597043,child6,411070,frame,1
4111.260106084,child4,411070,frame,3
4111.266813374,child5,411070,frame,171
4111.2699380819995,child2,411070,frame,127
4111.270319874,child3,411070,frame,47
4111.281256996001,child9,411070,frame,18
4111.287311078,child1,411070,frame,52
4121.334467491,child10,412080,frame,-87
4121.345920155,child8,412080,frame,-116
4121.355444361,child7,412080,frame,-71
4121.362738192,child6,412080,frame,-1
4121.367949566,child4,412080,frame,-116
4121.370968524,child5,412080,frame,-108
4121.372892107001,child2,412080,frame,-77
4121.375720231,child3,412080,frame,31
4121.387763687,child9,412080,frame,35
4121.388603895,child1,412080,frame,-73
4131.43740814,child10,413090,frame,32
4131.445747888,child8,413090,frame,25
4131.458599636,child7,413090,frame,32
4131.463790134,child6,413090,frame,-116
4131.474823632,child5,413090,frame,-95
4131.475669757,child4,413090,frame,139
4131.476513298,child2,413090,frame,43
4131.483671338,child3,413090,frame,32
4131.488174837,child1,413090,frame,-1
4131.489022754,child9,413090,frame,21
4141.495688675,child9,414100,frame,20
4141.497721925,child1,414100,frame,123
4141.540243707,child10,414100,frame,177
4141.551650163,child8,414100,frame,27
4141.563661243,child7,414100,frame,-94
4141.5691258669995,child6,414100,frame,129
4141.579962239,child5,414100,frame,45
4141.581735156,child4,414100,frame,6
4141.582373864,child2,414100,frame,-2
4141.587192363,child3,414100,frame,32
4150.586753306,child2,415009,frame,12
4150.586829473,child4,415009,frame,-93
4150.587688015,child5,415009,frame,20
4150.589302973,child3,415009,frame,-99
4150.601039470001,child9,415009,frame,-110
4150.604826594,child1,415009,frame,-192
4150.645339751,child10,415009,frame,-69
4150.659074332,child8,415009,frame,10
4150.6688027459995,child7,415009,frame,-68
4150.670784496,child6,415009,frame,-85
4160.689818706001,child5,416019,frame,47
4160.691125831,child2,416019,frame,40
4160.692027289,child3,416019,frame,47
4160.6922834140005,child4,416019,frame,143
4160.70792391,child9,416019,frame,160
4160.708289285,child1,416019,frame,141
4160.745435319,child10,416019,frame,30
4160.765814272,child8,416019,frame,9
4160.771343979,child6,416019,frame,141
4160.772502271,child7,416019,frame,165
4170.791751898,child5,417029,frame,30
4170.793579731,child2,417029,frame,-83
4170.794637356,child3,417029,frame,31
4170.796079439,child4,417029,frame,-194
4170.809088727,child1,417029,frame,-71
4170.812118935,child9,417029,frame,3
4170.849684801,child10,417029,frame,-111
4170.870312797,child8,417029,frame,-96
4170.876069045,child6,417029,frame,-195
4170.877818212,child7,417029,frame,-71
4180.895957631,child5,418039,frame,33
4180.899145588,child4,418039,frame,143
4180.899424755,child3,418039,frame,30
4180.900808713,child2,418039,frame,57
4180.914511127,child1,418039,frame,132
4180.918291792,child9,418039,frame,-122
4180.952486993,child10,418039,frame,29
4180.975459113,child6,418039,frame,124
4180.975743113,child8,418039,frame,26
4180.98139407,child7,418039,frame,36
4190.999939822,child5,419049,frame,18
4191.005497946,child4,419049,frame,4
4191.005744446,child2,419049,frame,41
4191.006017987,child3,419049,frame,15
4191.020553942,child9,419049,frame,127
4191.0208442759995,child1,419049,frame,2
4191.056450726001,child10,419049,frame,155
4191.076538263,child6,419049,frame,1
4191.081731845,child8,419049,frame,134
4191.083036261,child7,419049,frame,-1
4201.086740934001,child8,420059,frame,-96
4201.087453059,child7,420059,frame,-89
4201.102044555,child5,420059,frame,-92
4201.109467887,child2,420059,frame,-93
4201.111586928,child4,420059,frame,-122
4201.113457761,child3,420059,frame,15
4201.123755509,child1,420059,frame,-74
4201.125021758,child9,420059,frame,3
4201.163553708,child10,420059,frame,-66
4201.183607327999,child6,420059,frame,-1
4211.194442499,child7,421069,frame,165
4211.196447207,child8,421069,frame,9
4211.208529829,child5,421069,frame,51
4211.210992204,child2,421069,frame,50
4211.217482702,child3,421069,frame,15
4211.219908785,child4,421069,frame,5
4211.226042409,child1,421069,frame,52
4211.230335824,child9,421069,frame,4
4211.270164315,child10,421069,frame,8
4211.287124436,child6,421069,frame,1
4221.290220526,child6,422079,frame,3
4221.297599691,child7,422079,frame,133
4221.305023939,child8,422079,frame,152
4221.311697812001,child5,422079,frame,15
4221.313944562,child2,422079,frame,49
4221.319548561,child3,422079,frame,15
4221.321895477,child4,422079,frame,37
4221.325571976,child1,422079,frame,44
4221.332999724,child9,422079,frame,3
4221.375428173,child10,422079,frame,6
4231.396609341,child6,423089,frame,125
4231.402888423,child7,423089,frame,-67
4231.406702464001,child8,423089,frame,-69
4231.417326252999,child2,423089,frame,41
4231.418599836,child5,423089,frame,16
4231.424469502,child3,423089,frame,15
4231.426795751,child4,423089,frame,18
4231.430996333001,child1,423089,frame,52
4231.435127666,child9,423089,frame,48
4231.480820197,child10,423089,frame,147
4241.491141160001,child10,424099,frame,-69
4241.499654866,child6,424099,frame,-87
4241.5103469470005,child7,424099,frame,37
4241.515644363,child8,424099,frame,2
4241.524057486,child2,424099,frame,-106
4241.527870318,child5,424099,frame,13
4241.530751067001,child3,424099,frame,1
4241.533390983001,child4,424099,frame,5
4241.539380024,child1,424099,frame,-103
4241.541400773,child9,424099,frame,-81
4250.5959475790005,child10,425008,frame,41
4250.6057668270005,child6,425008,frame,47
4250.6152730329995,child7,425008,frame,48
4250.619838199,child8,425008,frame,145
4250.627878614,child2,425008,frame,262
4250.634106029001,child3,425008,frame,137
4250.635055154001,child5,425008,frame,52
4250.638697820001,child4,425008,frame,53
4250.640857361,child1,425008,frame,57
4250.645977067999,child9,425008,frame,18
4260.6988113120005,child10,426018,frame,-81
4260.707471602001,child6,426018,frame,31
4260.721863723999,child7,426018,frame,-94
4260.723410182,child8,426018,frame,-91
4260.734685220999,child2,426018,frame,-116
4260.73820947,child5,426018,frame,9
4260.740530636001,child3,426018,frame,-80
4260.743406136,child1,426018,frame,-97
4260.74724051,child4,426018,frame,-68
4260.751038384,child9,426018,frame,3
4270.807291836,child10,427028,frame,35
4270.814187501001,child6,427028,frame,38
4270.82557104,child8,427028,frame,39
4270.828675914,child7,427028,frame,-68
4270.840078537,child2,427028,frame,7
4270.843821078,child3,427028,frame,54
4270.845145869,child5,427028,frame,-98
4270.8457082019995,child1,427028,frame,-74
4270.849861243,child4,427028,frame,18
4270.859693032,child9,427028,frame,33
4280.912238194,child10,428038,frame,-126
4280.916911775999,child6,428038,frame,-95
4280.932065106,child8,428038,frame,3
4280.935020604999,child7,428038,frame,1
4280.9474608519995,child2,428038,frame,27
4280.94968231,child1,428038,frame,-1
4280.950161685,child3,428038,frame,-80
4280.954272184001,child4,428038,frame,17
4280.954601101,child5,428038,frame,147
4280.967093348,child9,428038,frame,-67
4291.016117552,child10,429048,frame,6
4291.020005967,child6,429048,frame,-86
4291.0358427969995,child8,429048,frame,-92
4291.046410003,child7,429048,frame,-94
4291.05108871,child2,429048,frame,-116
4291.0529130429995,child1,429048,frame,54
4291.0573472920005,child3,429048,frame,-72
4291.058300834,child4,429048,frame,-123
4291.062455416,child5,429048,frame,-196
4291.074035497,child9,429048,frame,3
4301.08147621,child9,430058,frame,3
4301.118068076999,child10,430058,frame,6
4301.119462576,child6,430058,frame,171
4301.141528571,child8,430058,frame,40
4301.1518449860005,child7,430058,frame,137
4301.154980568,child1,430058,frame,-71
4301.155551818,child2,430058,frame,25
4301.162726441,child3,430058,frame,124
4301.1639988160005,child4,430058,frame,18
4301.166332524,child5,430058,frame,142
4311.185101568,child9,431068,frame,4
4311.2199983519995,child10,431068,frame,131
4311.220126227,child6,431068,frame,-81
4311.244763678999,child8,431068,frame,5
4311.252865761,child1,431068,frame,133
4311.253237010999,child7,431068,frame,54
4311.260129009,child2,431068,frame,7
4311.266768424,child3,431068,frame,-80
4311.26953859,child4,431068,frame,20
4311.270743298,child5,431068,frame,1
4321.287674676,child9,432078,frame,53
4321.326246959,child6,432078,frame,-79
4321.327642292001,child10,432078,frame,-120
4321.348288579,child8,432078,frame,42
4321.355155661,child1,432078,frame,-126
4321.35943666,child7,432078,frame,-67
4321.361242909,child2,432078,frame,27
4321.371351407,child3,432078,frame,-71
4321.373777657001,child5,432078,frame,-123
4321.374948031,child4,432078,frame,-106
4331.381133912,child4,433088,frame,54
4331.394531534001,child9,433088,frame,-67
4331.430697109,child6,433088,frame,46
4331.432597233,child10,433088,frame,60
4331.453245228,child8,433088,frame,-75
4331.461038476999,child1,433088,frame,150
4331.463486601,child2,433088,frame,9
4331.465926892,child7,433088,frame,9
4331.475991597999,child5,433088,frame,160
4331.479130889001,child3,433088,frame,124
4341.481276062,child5,434098,frame,-121
4341.4821123540005,child3,434098,frame,-124
4341.489543643,child4,434098,frame,37
4341.496427642,child9,434098,frame,4
4341.537912091,child10,434098,frame,12
4341.5402489240005,child6,434098,frame,46
4341.560375919,child8,434098,frame,-69
4341.566962417,child7,434098,frame,59
4341.567315126,child2,434098,frame,-89
4341.568117042,child1,434098,frame,-127
4350.573834818,child2,435007,frame,43
4350.587181606001,child5,435007,frame,57
4350.588423648,child3,435007,frame,36
4350.594751813,child4,435007,frame,-2
4350.59947502,child9,435007,frame,1
4350.641562719,child10,435007,frame,43
4350.641927344,child6,435007,frame,-92
4350.659806798,child8,435007,frame,59
4350.667845546,child1,435007,frame,16
4350.669583671,child7,435007,frame,-203
4360.671876427001,child7,436017,frame,125
4360.676286676,child2,436017,frame,33
4360.690378255999,child3,436017,frame,12
4360.694745172,child5,436017,frame,1
4360.700350503999,child4,436017,frame,-92
4360.703092545,child9,436017,frame,12
4360.748617826,child6,436017,frame,0
4360.7489652429995,child10,436017,frame,5
4360.7637683640005,child8,436017,frame,11
4360.770974821,child1,436017,frame,60
4370.771661203,child8,437027,frame,55
4370.772677161,child1,437027,frame,52
4370.778217868,child7,437027,frame,3
4370.779333617,child2,437027,frame,33
4370.794770281,child3,437027,frame,5
4370.799870903999,child5,437027,frame,18
4370.804976486999,child4,437027,frame,175
4370.806953486001,child9,437027,frame,3
4370.850462143,child6,437027,frame,54
4370.8564656,child10,437027,frame,-73
4380.876038894001,child8,438037,frame,42
4380.877284685,child1,438037,frame,52
4380.8817894759995,child2,438037,frame,-126
4380.8853183500005,child7,438037,frame,38
4380.899198722001,child3,438037,frame,42
4380.906111137,child5,438037,frame,-70
4380.907095053,child4,438037,frame,-107
4380.9133226349995,child9,438037,frame,-122
4380.955069709,child6,438037,frame,164
4380.962508874,child10,438037,frame,123
4390.9810934180005,child1,439047,frame,-89
4390.984620251,child8,439047,frame,-69
4390.988697541,child2,439047,frame,35
4390.99327479,child7,439047,frame,4
4391.004850828999,child3,439047,frame,7
4391.010047453,child4,439047,frame,34
4391.010976911,child5,439047,frame,35
4391.020001076,child9,439047,frame,145
4391.060700566,child6,439047,frame,-194
4391.068055273,child10,439047,frame,-80
4401.074901195,child10,440057,frame,50
4401.081131652,child1,440057,frame,59
4401.089734108,child8,440057,frame,49
4401.093372149,child2,440057,frame,158
4401.09624669,child7,440057,frame,134
4401.110608353,child3,440057,frame,-1
4401.113679228,child5,440057,frame,139
4401.119309518,child4,440057,frame,33
4401.12644835,child9,440057,frame,47
4401.165261548999,child6,440057,frame,179
4411.1811359270005,child10,441067,frame,-77
4411.184168468,child1,441067,frame,-89
4411.194614966001,child8,441067,frame,-78
4411.198870465,child2,441067,frame,-108
4411.202482631,child7,441067,frame,-95
4411.2156121279995,child3,441067,frame,53
4411.222676876,child5,441067,frame,-204
4411.225551042,child4,441067,frame,19
4411.236715415,child9,441067,frame,4
4411.267701782999,child6,441067,frame,-101
4421.285593368,child10,442077,frame,59
4421.287261243,child1,442077,frame,-1
4421.30166449,child8,442077,frame,6
4421.305127197,child2,442077,frame,15
4421.308981946,child7,442077,frame,-67
4421.320946777,child3,442077,frame,-1
4421.326448109,child5,442077,frame,151
4421.330657858,child4,442077,frame,19
4421.340756356,child9,442077,frame,-67
4421.368368433,child6,442077,frame,38
4431.39366135,child10,443087,frame,-72
4431.396465266,child1,443087,frame,46
4431.405581473,child8,443087,frame,41
4431.413745013,child2,443087,frame,20
4431.415686137,child7,443087,frame,55
4431.428704009,child3,443087,frame,-80
4431.433567466,child5,443087,frame,-70
4431.435889007001,child4,443087,frame,-105
4431.44566913,child9,443087,frame,3
4431.468910042,child6,443087,frame,39
4441.477728129999,child6,444097,frame,21
4441.498909291,child10,444097,frame,3
4441.501857749,child1,444097,frame,-85
4441.512692204999,child8,444097,frame,-67
4441.519825162,child2,444097,frame,21
4441.523431369,child7,444097,frame,-85
4441.532091284001,child3,444097,frame,58
4441.538394074,child5,444097,frame,24
4441.542912739999,child4,444097,frame,-93
4441.549649070999,child9,444097,frame,47
4450.58642359,child6,445006,frame,5
4450.604306586,child1,445006,frame,4
4450.605149336,child10,445006,frame,40
4450.617484458,child8,445006,frame,177
4450.626056873,child2,445006,frame,48
4450.627278414,child7,445006,frame,154
4450.63735887,child3,445006,frame,17
4450.641122661,child5,445006,frame,43
4450.643159619,child4,445006,frame,125
4450.656908657001,child9,445006,frame,12
4460.663580996,child9,446016,frame,-68
4460.693449404999,child6,446016,frame,-109
4460.7086372349995,child1,446016,frame,-2
4460.7117431100005,child10,446016,frame,-73
4460.72289444,child8,446016,frame,-216
4460.7296540219995,child7,446016,frame,-83
4460.732161313,child2,446016,frame,-126
4460.748392435,child4,446016,frame,-198
4460.749210309,child5,446016,frame,-126
4460.7493719760005,child3,446016,frame,-80
4470.770576228,child9,447026,frame,51
4470.793231181,child6,447026,frame,46
4470.814504426,child1,447026,frame,8
4470.817300426,child10,447026,frame,59
4470.828470923,child8,447026,frame,143
4470.83619688,child2,447026,frame,142
4470.838469712,child7,447026,frame,56
4470.850499585,child4,447026,frame,176
4470.853433917,child3,447026,frame,59
4470.85520525,child5,447026,frame,133
4480.879405293,child9,448036,frame,39
4480.89804183,child6,448036,frame,-90
4480.922637658,child10,448036,frame,1
4480.924834449,child1,448036,frame,17
4480.936325738,child8,448036,frame,-85
4480.943747487,child2,448036,frame,-124
4480.944166737,child7,448036,frame,-94
4480.9563147750005,child4,448036,frame,-92
4480.958747108,child5,448036,frame,-70
4480.961652899,child3,448036,frame,-74
4490.969977779,child3,449046,frame,185
4490.982463650999,child9,449046,frame,-66
4491.003478896,child6,449046,frame,47
4491.025373725,child1,449046,frame,6
4491.031203932001,child10,449046,frame,6
4491.047286886,child8,449046,frame,56
4491.048200303,child2,449046,frame,158
4491.051086469,child7,449046,frame,136
4491.061356758,child4,449046,frame,50
4491.063399383,child5,449046,frame,142
4501.069849138,child4,450056,frame,-75
4501.074231387,child3,450056,frame,-99
4501.075434095,child5,450056,frame,-84
4501.086494301,child9,450056,frame,3
4501.110740837,child6,450056,frame,-95
4501.124421459,child1,450056,frame,60
4501.137631330999,child10,450056,frame,59
4501.15407066,child2,450056,frame,-80
4501.156327243,child8,450056,frame,-68
4501.158562701,child7,450056,frame,31
4511.173940329,child4,451066,frame,127
4511.17882187,child3,451066,frame,54
4511.18242091,child5,451066,frame,19
4511.19158995,child9,451066,frame,57
4511.215779361,child6,451066,frame,172
4511.225710359,child1,451066,frame,-73
4511.247545354,child10,451066,frame,-2
4511.262491101001,child2,451066,frame,9
4511.262566476,child8,451066,frame,48
4511.263668267,child7,451066,frame,-91
4521.268270773,child7,452076,frame,30
4521.269633897,child2,452076,frame,9
4521.271463064,child8,452076,frame,-77
4521.279711812,child4,452076,frame,-83
4521.282469518999,child3,452076,frame,-89
4521.284440476999,child5,452076,frame,-72
4521.2969344739995,child9,452076,frame,33
4521.318720219,child6,452076,frame,-95
4521.333078633,child1,452076,frame,3
4521.354273336,child10,452076,frame,-72
4531.372187756,child7,453086,frame,-91
4531.372792505,child2,453086,frame,-116
4531.374470588,child8,453086,frame,-119
4531.386092419,child5,453086,frame,1
4531.3877152939995,child3,453086,frame,54
4531.3890439179995,child4,453086,frame,-83
4531.404030707,child9,453086,frame,-75
4531.422906244001,child6,453086,frame,47
4531.441417364999,child1,453086,frame,-127
4531.454684237,child10,453086,frame,-83
4541.475894322,child7,454096,frame,-1
4541.477772488,child8,454096,frame,25
4541.477835071,child2,454096,frame,135
4541.491967693,child3,454096,frame,-76
4541.493336443,child4,454096,frame,131
4541.494994901,child5,454096,frame,7
4541.509344231,child9,454096,frame,60
4541.524040894,child6,454096,frame,-80
4541.542934682,child1,454096,frame,14
4541.560953677,child10,454096,frame,13
4550.5674468689995,child10,455005,frame,167
4550.580842574999,child7,455005,frame,22
4550.581993074,child8,455005,frame,129
4550.583289824,child2,455005,frame,-98
4550.596734821,child4,455005,frame,0
4550.599277737,child3,455005,frame,142
4550.601468737,child5,455005,frame,30
4550.612207818,child9,455005,frame,60
4550.621818357,child6,455005,frame,158
4550.645055309999,child1,455005,frame,148
4560.679254142,child10,456015,frame,-197
4560.683326183,child8,456015,frame,-104
4560.686342432,child2,456015,frame,24
4560.686523349,child7,456015,frame,-67
4560.700533179,child5,456015,frame,-123
4560.702503637,child4,456015,frame,-74
4560.702532386999,child3,456015,frame,-87
4560.72048905,child9,456015,frame,-101
4560.722647382,child6,456015,frame,-94
4560.748066668,child1,456015,frame,-190
4570.782846874999,child10,457025,frame,14
4570.787560083,child7,457025,frame,38
4570.788174374,child8,457025,frame,9
4570.792459706,child2,457025,frame,-71
4570.805513245,child5,457025,frame,27
4570.806392869999,child3,457025,frame,37
4570.809857702,child4,457025,frame,53
4570.826445407,child9,457025,frame,-67
4570.829988573,child6,457025,frame,51
4570.853228401,child1,457025,frame,148
4580.888572816,child10,458035,frame,13
4580.890197982,child8,458035,frame,17
4580.893454732,child7,458035,frame,4
4580.896309981,child2,458035,frame,35
4580.9095320199995,child3,458035,frame,-72
4580.910790602999,child5,458035,frame,22
4580.918684059,child4,458035,frame,7
4580.933127139,child9,458035,frame,57
4580.941746136999,child6,458035,frame,-95
4580.953330300999,child1,458035,frame,-117
4590.958537181999,child1,459045,frame,29
4590.99471059,child10,459045,frame,147
4590.995445548,child8,459045,frame,29
4591.000383547,child7,459045,frame,-71
4591.001461047001,child2,459045,frame,25
4591.013533169001,child3,459045,frame,51
4591.020222584,child5,459045,frame,15
4591.025498042,child4,459045,frame,-84
4591.03904283,child9,459045,frame,-74
4591.0443965370005,child6,459045,frame,31
4601.061511748,child1,460055,frame,24
4601.0982091979995,child8,460055,frame,18
4601.103997405,child7,460055,frame,11
4601.1040954889995,child10,460055,frame,-75
4601.1065270300005,child2,460055,frame,25
4601.119815193,child3,460055,frame,-73
4601.1270991500005,child5,460055,frame,-107
4601.1316311069995,child4,460055,frame,2
4601.144744104,child9,460055,frame,47
4601.149515895,child6,460055,frame,46
4611.164316148,child1,461065,frame,-84
4611.200401807,child8,461065,frame,-98
4611.209104221,child10,461065,frame,8
4611.209696013,child7,461065,frame,143
4611.212518721,child2,461065,frame,7
4611.225270593,child3,461065,frame,51
4611.233100674,child5,461065,frame,25
4611.237691381,child4,461065,frame,-66
4611.249075586999,child9,461065,frame,4
4611.254536003,child6,461065,frame,-94
4621.258102009,child6,462075,frame,171
4621.273788672001,child1,462075,frame,146
4621.302897123,child8,462075,frame,134
4621.315383745,child7,462075,frame,38
4621.315772495,child2,462075,frame,137
4621.316379995,child10,462075,frame,123
4621.330566867,child3,462075,frame,52
4621.336131657,child5,462075,frame,168
4621.341582031,child4,462075,frame,181
4621.351696904,child9,462075,frame,58
4631.357404534,child9,463085,frame,-68
4631.362726658,child6,463085,frame,-109
4631.3775275299995,child1,463085,frame,-121
4631.407896148,child8,463085,frame,-70
4631.42140702,child10,463085,frame,-205
4631.422065811,child7,463085,frame,-75
4631.424398102,child2,463085,frame,-116
4631.43362085,child3,463085,frame,-108
4631.443619306,child5,463085,frame,-118
4631.448150513,child4,463085,frame,-75
4641.461001767,child9,464095,frame,58
4641.468235349001,child6,464095,frame,1
4641.478982763,child1,464095,frame,163
4641.51390913,child8,464095,frame,160
4641.523747378,child10,464095,frame,150
4641.524202419,child7,464095,frame,45
4641.530185751,child2,464095,frame,13
4641.539622624,child3,464095,frame,128
4641.546370497999,child5,464095,frame,28
4641.554145620999,child4,464095,frame,-1
4650.546825733,child5,465004,frame,49
4650.56097573,child4,465004,frame,-107
4650.563217271,child9,465004,frame,11
4650.570969352,child6,465004,frame,6
4650.5816017669995,child1,465004,frame,-118
4650.615240884001,child8,465004,frame,-73
4650.629809964,child10,465004,frame,27
4650.630972714001,child7,465004,frame,-91
4650.636566421001,child2,465004,frame,23
4650.645129959999,child3,465004,frame,10
4660.647479841,child3,466014,frame,-79
4660.650775507001,child5,466014,frame,9
4660.664329671,child4,466014,frame,10
4660.670030795,child6,466014,frame,-67
4660.670834294,child9,466014,frame,-75
4660.685615583,child1,466014,frame,29
4660.721700491,child8,466014,frame,-69
4660.734500322,child7,466014,frame,46
4660.73584553,child10,466014,frame,-82
4660.741265195,child2,466014,frame,0
4670.7471427,child2,467024,frame,1
4670.754034366,child5,467024,frame,134
4670.755298907,child3,467024,frame,45
4670.771394945,child6,467024,frame,164
4670.771855153,child4,467024,frame,138
4670.780136693,child9,467024,frame,129
4670.7928553149995,child1,467024,frame,13
4670.8259320160005,child8,467024,frame,19
4670.8379326799995,child7,467024,frame,58
4670.839329971,child10,467024,frame,36
4680.849134684,child2,468034,frame,46
4680.858408098,child5,468034,frame,-68
4680.862123139,child3,468034,frame,46
4680.874497135999,child6,468034,frame,-103
4680.877726927,child4,468034,frame,-72
4680.887291508,child9,468034,frame,-102
4680.892357341,child1,468034,frame,13
4680.93268079,child8,468034,frame,2
4680.943050246,child7,468034,frame,-85
4680.946247037,child10,468034,frame,-1
4690.95182325,child10,469044,frame,-73
4690.9573399989995,child2,469044,frame,-66
4690.9628274980005,child5,469044,frame,2
4690.965840706,child3,469044,frame,-96
4690.979603494,child6,469044,frame,-86
4690.980636994,child4,469044,frame,59
4690.989929575,child9,469044,frame,-66
4690.991865033,child1,469044,frame,12
4691.03370469,child8,469044,frame,1
4691.045788187,child7,469044,frame,31
4701.051924609,child7,470054,frame,-67
4701.056624108,child10,470054,frame,-2
4701.062328274001,child2,470054,frame,0
4701.069576855,child5,470054,frame,-79
4701.0713448550005,child3,470054,frame,45
4701.08523106,child4,470054,frame,-126
4701.08663981,child6,470054,frame,38
4701.092631808,child9,470054,frame,3
4701.096619682,child1,470054,frame,0
4701.138572464,child8,470054,frame,6
4711.156145425,child7,471064,frame,179
4711.159472675,child10,471064,frame,139
4711.169489880999,child2,471064,frame,17
4711.175873546,child5,471064,frame,134
4711.177461212,child3,471064,frame,45
4711.191750334,child6,471064,frame,55
4711.191898751,child4,471064,frame,18
4711.199070457,child9,471064,frame,136
4711.203004248,child1,471064,frame,15
4711.24418478,child8,471064,frame,1
4721.249401243999,child8,472074,frame,136
4721.264736032,child7,472074,frame,-83
4721.265204949,child10,472074,frame,-88
4721.275408029999,child2,472074,frame,46
4721.281302029,child5,472074,frame,-210
4721.286071986,child3,472074,frame,-97
4721.2947116919995,child4,472074,frame,10
4721.296802524999,child6,472074,frame,56
4721.30225094,child9,472074,frame,32
4721.307399856,child1,472074,frame,124
4731.351419311,child8,473084,frame,-70
4731.368059057,child10,473084,frame,43
4731.37032364,child7,473084,frame,-69
4731.380928012,child2,473084,frame,-66
4731.386148095,child5,473084,frame,127
4731.388135802,child3,473084,frame,51
4731.397734175001,child4,473084,frame,-113
4731.399589967,child6,473084,frame,-95
4731.4093340889995,child1,473084,frame,-126
4731.410570464001,child9,473084,frame,-75
4741.45546621,child8,474094,frame,-67
4741.4708254570005,child10,474094,frame,59
4741.472666082001,child7,474094,frame,36
4741.484064953999,child2,474094,frame,5
4741.494044409999,child5,474094,frame,8
4741.494319035,child3,474094,frame,48
4741.504898074,child4,474094,frame,139
4741.505091782,child6,474094,frame,43
4741.513924364,child1,474094,frame,19
4741.51537378,child9,474094,frame,-2
4750.561392420999,child8,475003,frame,13
4750.577332000999,child10,475003,frame,21
4750.579848792,child7,475003,frame,40
4750.584064666,child2,475003,frame,32
4750.596980747,child5,475003,frame,-97
4750.600058079,child3,475003,frame,-80
4750.607013453,child6,475003,frame,-106
4750.60973266,child4,475003,frame,-99
4750.619035117001,child1,475003,frame,-197
4750.620049116,child9,475003,frame,4
4760.669641862,child8,476013,frame,57
4760.682125651,child10,476013,frame,-82
4760.683654984,child7,476013,frame,38
4760.695417273,child2,476013,frame,46
4760.700676146,child3,476013,frame,46
4760.702148229,child5,476013,frame,14
4760.710139936,child6,476013,frame,124
4760.714190477,child4,476013,frame,151
4760.722836225,child9,476013,frame,48
4760.723763558,child1,476013,frame,273
4770.772794137,child8,477023,frame,-78
4770.787255091999,child10,477023,frame,53
4770.7882851330005,child7,477023,frame,-83
4770.797665173,child2,477023,frame,1
4770.805915171,child3,477023,frame,45
4770.808372378,child5,477023,frame,7
4770.813153377,child6,477023,frame,39
4770.814457585,child4,477023,frame,4
4770.8234704999995,child9,477023,frame,-200
4770.826869499,child1,477023,frame,-116
4780.878651452001,child8,478033,frame,11
4780.891945449001,child7,478033,frame,38
4780.893082074,child10,478033,frame,36
4780.901898905,child2,478033,frame,56
4780.912673403001,child3,478033,frame,31
4780.915265193999,child6,478033,frame,23
4780.915438236,child5,478033,frame,135
4780.91892386,child4,478033,frame,10
4780.9251978580005,child9,478033,frame,128
4780.925995983,child1,478033,frame,5
4790.987269893,child8,479043,frame,56
4790.993023933,child7,479043,frame,42
4790.9987418480005,child10,479043,frame,30
4791.009373846,child2,479043,frame,-76
4791.015000345,child6,479043,frame,24
4791.016031428,child3,479043,frame,29
4791.021499218,child5,479043,frame,-77
4791.02814755,child1,479043,frame,6
4791.028804425,child4,479043,frame,-66
4791.029684466,child9,479043,frame,50
4801.091077751001,child8,480053,frame,-78
4801.099569374,child7,480053,frame,-69
4801.106053247,child10,480053,frame,18
4801.112807787,child2,480053,frame,37
4801.117426745001,child3,480053,frame,30
4801.123512702,child6,480053,frame,-102
4801.126855784,child5,480053,frame,27
4801.127998909,child1,480053,frame,130
4801.135297864999,child9,480053,frame,40
4801.137163907,child4,480053,frame,6
4811.141055579,child4,481063,frame,5
4811.197371066,child8,481063,frame,29
4811.205164148,child7,481063,frame,38
4811.2133441040005,child10,481063,frame,-101
4811.221544394,child2,481063,frame,-68
4811.225626518,child3,481063,frame,-112
4811.228514184,child6,481063,frame,59
4811.231165559,child1,481063,frame,6
4811.234410225,child5,481063,frame,45
4811.23840039,child9,481063,frame,-66
4821.244508187,child9,482073,frame,-68
4821.245472144999,child4,482073,frame,-118
4821.300092383,child8,482073,frame,2
4821.311081422,child7,482073,frame,-83
4821.317558086999,child10,482073,frame,-90
4821.328466335,child3,482073,frame,31
4821.329262418,child2,482073,frame,-69
4821.335781000001,child1,482073,frame,-73
4821.337156083,child6,482073,frame,-101
4821.338191665999,child5,482073,frame,-71
4831.341187505001,child6,483083,frame,163
4831.347235504,child5,483083,frame,127
4831.347477587,child4,483083,frame,143
4831.349323962,child9,483083,frame,128
4831.403868116,child8,483083,frame,11
4831.415427655,child7,483083,frame,38
4831.425205443999,child10,483083,frame,178
4831.43069511,child3,483083,frame,30
4831.434721109,child2,483083,frame,127
4831.440612274,child1,483083,frame,-1
4841.4446979879995,child1,484093,frame,37
4841.447872613,child6,484093,frame,-243
4841.452425111001,child4,484093,frame,-71
4841.453219028,child9,484093,frame,-72
4841.4537463199995,child5,484093,frame,-89
4841.508265765,child8,484093,frame,-69
4841.52251172,child7,484093,frame,56
4841.529230594,child10,484093,frame,-91
4841.535797842,child3,484093,frame,-108
4841.539754675,child2,484093,frame,34
4850.531029662,child7,485002,frame,22
4850.5349089110005,child10,485002,frame,136
4850.540463952,child3,485002,frame,45
4850.544270326,child2,485002,frame,19
4850.549744616,child1,485002,frame,8
4850.551838449001,child6,485002,frame,158
4850.55575374,child4,485002,frame,-86
4850.559497739,child9,485002,frame,123
4850.560406447,child5,485002,frame,24
4850.612828727,child8,485002,frame,135
4860.636173478,child7,486012,frame,42
4860.638371769,child10,486012,frame,-103
4860.644504643,child3,486012,frame,31
4860.6498781420005,child2,486012,frame,49
4860.6511433079995,child1,486012,frame,46
4860.656585848,child6,486012,frame,30
4860.662462389,child4,486012,frame,26
4860.666091055,child9,486012,frame,-99
4860.667176596,child5,486012,frame,57
4860.72405025,child8,486012,frame,-122
4870.738984252999,child10,487022,frame,18
4870.743162752,child7,487022,frame,-85
4870.747684876,child3,487022,frame,-95
4870.749876834,child1,487022,frame,-87
4870.754100916,child2,487022,frame,-95
4870.757967582001,child6,487022,frame,-94
4870.767240788,child4,487022,frame,26
4870.769895038,child9,487022,frame,-75
4870.771157162,child5,487022,frame,-79
4870.827669691,child8,487022,frame,126
4880.833011113,child8,488032,frame,-69
4880.844620361,child10,488032,frame,-85
4880.846197152,child7,488032,frame,-87
4880.851006567001,child1,488032,frame,-79
4880.853470942,child3,488032,frame,46
4880.858197232,child2,488032,frame,-74
4880.861095357,child6,488032,frame,-79
4880.872540521,child4,488032,frame,-107
4880.875878561999,child5,488032,frame,46
4880.877419728,child9,488032,frame,128
4890.936753971,child8,489042,frame,-114
4890.947138802,child7,489042,frame,58
4890.948763384999,child10,489042,frame,52
4890.9549588,child1,489042,frame,7
4890.957110592,child3,489042,frame,45
4890.9634912149995,child2,489042,frame,126
4890.96462534,child6,489042,frame,47
4890.976720711999,child4,489042,frame,-90
4890.982110252,child9,489042,frame,-86
4890.985095043,child5,489042,frame,-85
4901.04425987,child8,490052,frame,135
4901.052813243,child7,490052,frame,164
4901.053094035,child10,490052,frame,37
4901.0620844489995,child3,490052,frame,-95
4901.0657007400005,child6,490052,frame,129
4901.067290573,child1,490052,frame,25
4901.070551906,child2,490052,frame,-85
4901.080312237,child4,490052,frame,50
4901.086732569,child9,490052,frame,57
4901.090043734,child5,490052,frame,55
4911.150492352001,child8,491062,frame,55
4911.156003726,child7,491062,frame,-224
4911.1577255170005,child10,491062,frame,21
4911.167168015,child3,491062,frame,170
4911.167334432001,child6,491062,frame,-103
4911.171742931,child1,491062,frame,60
4911.177631138,child2,491062,frame,23
4911.181336595,child4,491062,frame,36
4911.192796551,child9,491062,frame,-83
4911.196305092,child5,491062,frame,41
4921.254300752,child8,492072,frame,-119
4921.262466125,child10,492072,frame,-212
4921.264544166,child7,492072,frame,55
4921.270152122999,child6,492072,frame,55
4921.272089665001,child3,492072,frame,-96
4921.274478664,child1,492072,frame,-73
4921.28299337,child2,492072,frame,-75
4921.2846723699995,child4,492072,frame,53
4921.295971034,child9,492072,frame,4
4921.304531199,child5,492072,frame,3
4931.358574776999,child8,493082,frame,56
4931.365494483,child10,493082,frame,284
4931.367229441,child7,493082,frame,39
4931.373988773001,child1,493082,frame,5
4931.377486231,child6,493082,frame,22
4931.377511731,child3,493082,frame,30
4931.383854604001,child2,493082,frame,126
4931.38933052,child4,493082,frame,0
4931.40149885,child9,493082,frame,39
4931.408141765,child5,493082,frame,37
4941.4649141340005,child8,494092,frame,2
4941.472591757,child7,494092,frame,-71
4941.47293584,child10,494092,frame,-88
4941.479071131001,child1,494092,frame,7
4941.48027413,child3,494092,frame,32
4941.482602796999,child6,494092,frame,-87
4941.491601128,child2,494092,frame,-198
4941.49491271,child4,494092,frame,37
4941.508981416,child9,494092,frame,-119
4941.512512956,child5,494092,frame,-215
4950.574237303,child7,495001,frame,36
4950.574680427,child8,495001,frame,8
4950.578438135,child10,495001,frame,13
4950.581141801,child1,495001,frame,21
4950.584221009,child3,495001,frame,1
4950.589054091,child6,495001,frame,40
4950.59414834,child2,495001,frame,29
4950.60147013,child4,495001,frame,-2
4950.612362585,child9,495001,frame,26
4950.617687751,child5,495001,frame,169
4960.623535006,child9,496011,frame,3
4960.677234119,child7,496011,frame,58
4960.679464952001,child8,496011,frame,1
4960.680927576,child1,496011,frame,-119
4960.683078743,child10,496011,frame,-89
4960.6918842820005,child6,496011,frame,-87
4960.69372199,child3,496011,frame,-106
4960.700177197,child2,496011,frame,9
4960.705584363,child4,496011,frame,-83
4960.719719734,child5,496011,frame,-85
4970.724554782,child5,497021,frame,56
4970.728104197,child9,497021,frame,2
4970.782468935,child1,497021,frame,138
4970.782959977,child7,497021,frame,22
4970.7850585589995,child8,497021,frame,57
4970.786060018,child10,497021,frame,38
4970.795311807,child6,497021,frame,39
4970.799703848,child3,497021,frame,18
4970.800136264,child2,497021,frame,1
4970.810526804,child4,497021,frame,43
4980.829557514,child5,498031,frame,58
4980.832450514,child9,498031,frame,261
4980.885871126,child1,498031,frame,123
4980.889131709,child8,498031,frame,52
4980.889750083999,child7,498031,frame,42
4980.891271917,child10,498031,frame,35
4980.903607081,child6,498031,frame,163
4980.903711914,child3,498031,frame,162
4980.903983581,child2,498031,frame,124
4980.916489203,child4,498031,frame,26
4990.923929752,child4,499041,frame,26
4990.933972167,child5,499041,frame,-88
4990.938102124,child9,499041,frame,-76
4990.988820446,child1,499041,frame,-79
4990.991482486999,child8,499041,frame,-84
4990.997074569,child10,499041,frame,38
4990.997367026999,child7,499041,frame,-69
4991.006677317,child6,499041,frame,-74
4991.008257483,child2,499041,frame,59
4991.009395899,child3,499041,frame,-118
5001.033344779,child4,500051,frame,27
5001.035264779,child5,500051,frame,54
5001.042895152,child9,500051,frame,-74
5001.093293099,child1,500051,frame,-1
5001.096113307,child8,500051,frame,11
5001.100464056,child10,500051,frame,18
5001.101076221999,child7,500051,frame,22
5001.1097286369995,child6,500051,frame,-94
5001.1159251770005,child2,500051,frame,-70
5001.116754969,child3,500051,frame,37
5011.138528058,child4,501061,frame,-224
5011.140296432,child5,501061,frame,-202
5011.148078555,child9,501061,frame,-86
5011.197072835999,child1,501061,frame,-71
5011.200524918,child8,501061,frame,-86
5011.203180626,child7,501061,frame,-83
5011.2071615,child10,501061,frame,-117
5011.212814748999,child6,501061,frame,-79
5011.22167008,child3,501061,frame,-102
5011.221826205,child2,501061,frame,-69
5021.226140631,child2,502071,frame,124
5021.227298256,child3,502071,frame,37
5021.24052467,child4,502071,frame,177
5021.244738669,child5,502071,frame,17
5021.254608792,child9,502071,frame,137
5021.300049823,child1,502071,frame,125
5021.306174655,child8,502071,frame,57
5021.307201196,child7,502071,frame,38
5021.310015529,child10,502071,frame,52
5021.314274986,child6,502071,frame,125
5031.331259451,child2,503081,frame,42
5031.332424409,child3,503081,frame,162
5031.345966406,child4,503081,frame,37
5031.349727405,child5,503081,frame,56
5031.362397819,child9,503081,frame,42
5031.405101393,child1,503081,frame,0
5031.409655475,child7,503081,frame,42
5031.413123390999,child8,503081,frame,2
5031.413313891,child6,503081,frame,38
5031.413790724,child10,503081,frame,38
5041.433484522,child2,504091,frame,-88
5041.438376062,child3,504091,frame,-107
5041.451986434,child5,504091,frame,24
5041.4530743509995,child4,504091,frame,31
5041.464255723,child9,504091,frame,-90
5041.510154838001,child1,504091,frame,45
5041.517588169,child8,504091,frame,49
5041.518300419,child10,504091,frame,-92
5041.518586210999,child6,504091,frame,-87
5041.518994252,child7,504091,frame,-87
5050.521269324,child10,505000,frame,138
5050.521868782,child7,505000,frame,22
5050.522648699,child8,505000,frame,-80
5050.523916032001,child6,505000,frame,151
5050.534465779,child2,505000,frame,137
5050.540774694,child3,505000,frame,52
5050.554594566,child4,505000,frame,41
5050.555173649,child5,505000,frame,35
5050.5652383139995,child9,505000,frame,43
5050.612741095,child1,505000,frame,-89
5060.623978853,child8,506010,frame,11
5060.62620831,child7,506010,frame,-69
5060.628521602001,child10,506010,frame,-229
5060.638257474,child6,506010,frame,-102
5060.643828390001,child2,506010,frame,-118
5060.644364306,child3,506010,frame,-114
5060.65728397,child4,506010,frame,-112
5060.659697344,child5,506010,frame,0
5060.674228133001,child9,506010,frame,-91
5060.712866999001,child1,506010,frame,-82
5070.726652381,child8,507020,frame,126
5070.729123630999,child7,507020,frame,179
5070.733715713,child10,507020,frame,160
5070.74163017,child6,507020,frame,136
5070.747253584999,child2,507020,frame,48
5070.748778292999,child3,507020,frame,44
5070.762931956,child4,507020,frame,47
5070.7642267890005,child5,507020,frame,9
5070.781185369,child9,507020,frame,136
5070.817451986,child1,507020,frame,131
5080.829602618,child8,508030,frame,41
5080.8331432840005,child7,508030,frame,42
5080.834563201,child1,508030,frame,44
5080.8380752,child10,508030,frame,39
5080.844392448,child6,508030,frame,-95
5080.849533822,child3,508030,frame,27
5080.849559114,child2,508030,frame,49
5080.865796067999,child4,508030,frame,26
5080.870531692,child5,508030,frame,1
5080.887209605,child9,508030,frame,50
5090.931501897,child8,509040,frame,-73
5090.9392710619995,child1,509040,frame,-89
5090.94081852,child10,509040,frame,-89
5090.941493562,child7,509040,frame,-102
5090.948461852,child6,509040,frame,31
5090.95485085,child2,509040,frame,-93
5090.957262683,child3,509040,frame,-97
5090.968813889,child4,509040,frame,-98
5090.972945096,child5,509040,frame,10
5090.989661467,child9,509040,frame,-108
5101.039206967,child8,510050,frame,34
5101.043206549,child1,510050,frame,161
5101.045595797999,child10,510050,frame,163
5101.048968714,child7,510050,frame,166
5101.0502734639995,child6,510050,frame,14
5101.063608961,child2,510050,frame,15
5101.064527044,child3,510050,frame,259
5101.071381834,child4,510050,frame,135
5101.075231166999,child5,510050,frame,127
5101.094393871,child9,510050,frame,158
5111.142693787,child8,511060,frame,-76
5111.147902702,child1,511060,frame,-222
5111.150286743,child10,511060,frame,-104
5111.154285868,child7,511060,frame,-226
5111.156529325,child6,511060,frame,-103
5111.169066239,child2,511060,frame,40
5111.169940697,child3,511060,frame,-251
5111.176785779,child4,511060,frame,-115
5111.179522362,child5,511060,frame,-94
5111.198961066,child9,511060,frame,-99
5121.244337399,child8,512070,frame,42
5121.250940856001,child1,512070,frame,179
5121.2543314800005,child10,512070,frame,-88
5121.260077061999,child7,512070,frame,164
5121.264056395,child6,512070,frame,164
5121.272358559,child3,512070,frame,170
5121.275841267,child2,512070,frame,41
5121.281620349,child4,512070,frame,27
5121.282360932,child5,512070,frame,170
5121.297954637001,child9,512070,frame,42
5131.348740303,child8,513080,frame,164
5131.355780093,child1,513080,frame,-87
5131.358286717001,child10,513080,frame,286
5131.364528674,child7,513080,frame,26
5131.369135006,child6,513080,frame,7
5131.375572005,child3,513080,frame,15
5131.381020379,child2,513080,frame,-101
5131.3841691279995,child4,513080,frame,26
5131.388685335,child5,513080,frame,-101
5131.400497082,child9,513080,frame,133
5141.454987622,child8,514090,frame,-97
5141.459259621,child1,514090,frame,40
5141.460801538,child10,514090,frame,1
5141.467585619,child7,514090,frame,5
5141.469710202,child6,514090,frame,-85
5141.478614908,child3,514090,frame,17
5141.483984365999,child2,514090,frame,34
5141.487249531,child4,514090,frame,29
5141.489561198,child5,514090,frame,37
5141.504673069,child9,514090,frame,-112
5151.558826317,child8,515100,frame,16
5151.559209317,child1,515100,frame,24
5151.565325524,child10,515100,frame,-73
5151.570983648,child6,515100,frame,144
5151.575352814,child7,515100,frame,9
5151.5795724790005,child3,515100,frame,128
5151.588633352,child2,515100,frame,161
5151.590575727,child4,515100,frame,15
5151.596187809,child5,515100,frame,173
5151.611215305,child9,515100,frame,138
5160.613928334999,child9,516009,frame,-100
5160.660007033,child1,516009,frame,-81
5160.663195865,child8,516009,frame,-94
5160.670005947,child10,516009,frame,52
5160.674416696,child6,516009,frame,-120
5160.678301945,child7,516009,frame,-69
5160.6819250280005,child3,516009,frame,-227
5160.691755276001,child2,516009,frame,-72
5160.695695816,child4,516009,frame,-83
5160.700507482,child5,516009,frame,-201
5170.715777697,child9,517019,frame,125
5170.765877228,child1,517019,frame,46
5170.769955768001,child8,517019,frame,184
5170.774791101,child6,517019,frame,141
5170.774830059,child10,517019,frame,6
5170.783699764999,child7,517019,frame,34
5170.785966764999,child3,517019,frame,140
5170.7956868460005,child2,517019,frame,16
5170.801581844,child4,517019,frame,28
5170.805510552001,child5,517019,frame,146
5180.80851327,child5,518029,frame,-252
5180.819641434,child9,518029,frame,-201
5180.872756755,child1,518029,frame,-77
5180.875177837999,child8,518029,frame,-241
5180.878729212,child10,518029,frame,-198
5180.883123211001,child6,518029,frame,-251
5180.893515501,child7,518029,frame,-127
5180.893770792,child3,518029,frame,-80
5180.902191998999,child2,518029,frame,-107
5180.904959706,child4,518029,frame,-94
5190.9090898409995,child4,519039,frame,42
5190.914985173,child5,519039,frame,40
5190.922043545999,child9,519039,frame,151
5190.975873867001,child1,519039,frame,59
5190.977853534,child8,519039,frame,166
5190.982017741,child10,519039,frame,29
5190.986941532,child6,519039,frame,156
5190.996846613,child3,519039,frame,19
5190.998282154001,child7,519039,frame,50
5191.005265819,child2,519039,frame,33
5201.012936786,child4,520049,frame,27
5201.013887161,child2,520049,frame,31
5201.019021993,child5,520049,frame,149
5201.030644574,child9,520049,frame,-67
5201.078971729,child1,520049,frame,28
5201.082054604,child8,520049,frame,-97
5201.084712603,child10,520049,frame,183
5201.093327893,child6,520049,frame,-126
5201.100628849,child7,520049,frame,19
5201.102161682001,child3,520049,frame,51
5211.118010773001,child2,521059,frame,16
5211.118317939,child4,521059,frame,26
5211.1222872299995,child5,521059,frame,-102
5211.133119353,child9,521059,frame,46
5211.182064175,child1,521059,frame,-81
5211.1856274659995,child8,521059,frame,25
5211.189660756,child10,521059,frame,-212
5211.196413421,child6,521059,frame,31
5211.204747003,child7,521059,frame,14
5211.206139669001,child3,521059,frame,-67
5221.2104865950005,child7,522069,frame,34
5221.215255511,child3,522069,frame,50
5221.222208468001,child2,522069,frame,18
5221.223313801,child4,522069,frame,26
5221.23220109,child5,522069,frame,42
5221.235580715,child9,522069,frame,10
5221.285520119999,child1,522069,frame,44
5221.288818078,child8,522069,frame,57
5221.290567535,child10,522069,frame,156
5221.299846575001,child6,522069,frame,30
5231.315264915,child7,523079,frame,-111
5231.321739289,child3,523079,frame,-126
5231.325653246,child2,523079,frame,-108
5231.3302071200005,child4,523079,frame,-98
5231.340953743,child9,523079,frame,-68
5231.341513409,child5,523079,frame,21
5231.3873591910005,child1,523079,frame,-81
5231.393199814001,child8,523079,frame,-100
5231.3954442720005,child10,523079,frame,13
5231.404602437,child6,523079,frame,-90
5241.418136736,child7,524089,frame,50
5241.425279401,child3,524089,frame,29
5241.429253733,child2,524089,frame,172
5241.437855481,child4,524089,frame,167
5241.443354772,child9,524089,frame,18
5241.448398187001,child5,524089,frame,-84
5241.488258511,child1,524089,frame,60
5241.497522009,child8,524089,frame,40
5241.497570801,child10,524089,frame,6
5241.508022965,child6,524089,frame,172
5251.5113889330005,child6,525099,frame,-112
5251.521552056,child7,525099,frame,38
5251.530553012,child3,525099,frame,2
5251.531823637,child2,525099,frame,-121
5251.539918385,child4,525099,frame,14
5251.552626466,child9,525099,frame,-120
5251.552989841,child5,525099,frame,29
5251.590414957,child1,525099,frame,45
5251.601718954,child8,525099,frame,-82
5251.605214204001,child10,525099,frame,10
5260.605132151,child8,526008,frame,59
5260.610621608001,child10,526008,frame,-72
5260.613560107,child6,526008,frame,33
5260.627284604,child7,526008,frame,8
5260.634256769,child3,526008,frame,51
5260.637145852001,child2,526008,frame,129
5260.644616683,child4,526008,frame,-86
5260.656202056,child5,526008,frame,149
5260.656559639,child9,526008,frame,158
5260.692484797,child1,526008,frame,56
5270.710237137,child8,527018,frame,24
5270.716892511,child6,527018,frame,16
5270.72063526,child10,527018,frame,42
5270.732096257,child7,527018,frame,24
5270.7393318800005,child2,527018,frame,-116
5270.742200713,child3,527018,frame,7
5270.748186087,child4,527018,frame,14
5270.760051501,child5,527018,frame,-125
5270.763586875,child9,527018,frame,-68
5270.797608367,child1,527018,frame,-95
5280.816092207,child8,528028,frame,-66
5280.8174041229995,child6,528028,frame,30
5280.82287258,child10,528028,frame,54
5280.83950991,child7,528028,frame,6
5280.840882826001,child2,528028,frame,7
5280.843918325,child3,528028,frame,6
5280.857070781,child4,528028,frame,13
5280.864443821,child5,528028,frame,35
5280.867789695,child9,528028,frame,19
5280.89913523,child1,528028,frame,46
5290.904290989,child1,529038,frame,46
5290.915568903,child8,529038,frame,39
5290.924872275999,child6,529038,frame,16
5290.931689524,child10,529038,frame,5
5290.944847646,child2,529038,frame,26
5290.947695229001,child7,529038,frame,27
5290.949269145,child3,529038,frame,15
5290.963018392001,child4,529038,frame,13
5290.971111515,child5,529038,frame,30
5290.976364681,child9,529038,frame,9
5301.011649767001,child1,530048,frame,-95
5301.016987890001,child8,530048,frame,-84
5301.033093595,child6,530048,frame,-110
5301.035477594,child10,530048,frame,-82
5301.050334591,child2,530048,frame,24
5301.050512799,child7,530048,frame,7
5301.053663215001,child3,530048,frame,6
5301.067976295,child4,530048,frame,31
5301.075616835,child5,530048,frame,14
5301.079264418,child9,530048,frame,-1
5311.11670892,child1,531058,frame,126
5311.123128835,child8,531058,frame,138
5311.138695956,child6,531058,frame,48
5311.142506372,child10,531058,frame,131
5311.156317536,child2,531058,frame,25
5311.158086744,child7,531058,frame,26
5311.164501576,child3,531058,frame,12
5311.1748593229995,child4,531058,frame,-115
5311.177397823,child5,531058,frame,15
5311.183930238,child9,531058,frame,17
5321.220611157,child1,532068,frame,-106
5321.229416237999,child8,532068,frame,33
5321.2453962340005,child6,532068,frame,16
5321.246906984,child10,532068,frame,-198
5321.260781106,child2,532068,frame,-71
5321.266479563,child7,532068,frame,7
5321.267630396,child3,532068,frame,58
5321.277196102,child4,532068,frame,137
5321.284185392,child5,532068,frame,17
5321.289813849,child9,532068,frame,10
5331.322923185,child1,533078,frame,36
5331.3342831830005,child8,533078,frame,-74
5331.34871593,child6,533078,frame,30
5331.352926762,child10,533078,frame,13
5331.365530841999,child2,533078,frame,34
5331.371754466,child7,533078,frame,-71
5331.372852799001,child3,533078,frame,-74
5331.382446464,child4,533078,frame,-115
5331.387300296,child5,533078,frame,-107
5331.394450877,child9,533078,frame,10
5341.402452886,child9,534088,frame,-85
5341.421240132,child1,534088,frame,36
5341.438937961,child8,534088,frame,32
5341.452187875,child6,534088,frame,16
5341.456248291,child10,534088,frame,58
5341.4728509120005,child2,534088,frame,16
5341.4777149520005,child3,534088,frame,59
5341.48074766,child7,534088,frame,18
5341.491110616001,child4,534088,frame,26
5341.4942572400005,child5,534088,frame,14
5351.506137915,child9,535098,frame,21
5351.523485619,child1,535098,frame,-88
5351.5431699480005,child8,535098,frame,-92
5351.560504694,child6,535098,frame,-112
5351.562492735,child10,535098,frame,-127
5351.578636939999,child2,535098,frame,-222
5351.582185939,child3,535098,frame,-87
5351.583657022,child7,535098,frame,-191
5351.59277277,child4,535098,frame,-110
5351.602056726,child5,535098,frame,-99
5360.596377216,child4,536007,frame,54
5360.604893422,child5,536007,frame,133
5360.612152545999,child9,536007,frame,32
5360.630887667,child1,536007,frame,50
5360.65128862,child8,536007,frame,52
5360.665027117,child6,536007,frame,144
5360.667797783,child10,536007,frame,184
5360.683911988001,child2,536007,frame,57
5360.6884397369995,child7,536007,frame,153
5360.69077957,child3,536007,frame,36
5370.698448995,child7,537017,frame,6
5370.699048495,child3,537017,frame,-1
5370.703483702,child4,537017,frame,26
5370.711625617,child5,537017,frame,-110
5370.71830124,child9,537017,frame,9
5370.738199319,child1,537017,frame,36
5370.757120607,child8,537017,frame,-73
5370.770050812001,child6,537017,frame,-109
5370.774106186,child10,537017,frame,-119
5370.787685016,child2,537017,frame,41
5380.793800859,child2,538027,frame,-210
5380.804463106,child3,538027,frame,-2
5380.805227481,child7,538027,frame,-99
5380.8094727299995,child4,538027,frame,-99
5380.816333936999,child5,538027,frame,33
5380.823918019,child9,538027,frame,-70
5380.83941789,child1,538027,frame,-89
5380.862853718,child8,538027,frame,48
5380.873127256999,child6,538027,frame,30
5380.880702964,child10,538027,frame,20
5390.898702304,child2,539037,frame,259
5390.9101030930005,child3,539037,frame,-1
5390.914168507999,child4,539037,frame,45
5390.914973883,child7,539037,frame,40
5390.921387715,child5,539037,frame,49
5390.929150172,child9,539037,frame,18
5390.942734501999,child1,539037,frame,35
5390.9660955379995,child8,539037,frame,50
5390.973242037,child6,539037,frame,16
5390.985600825,child10,539037,frame,14
5401.000908666,child2,540047,frame,31
5401.017476829,child3,540047,frame,-2
5401.02026337,child4,540047,frame,28
5401.020819328,child7,540047,frame,147
5401.024425327,child5,540047,frame,30
5401.0351622,child9,540047,frame,143
5401.046324239,child1,540047,frame,46
5401.069287484001,child8,540047,frame,42
5401.073251649,child6,540047,frame,35
5401.085891563001,child10,540047,frame,154
5411.093851697,child10,541057,frame,-91
5411.108859485001,child2,541057,frame,40
5411.123961232,child3,541057,frame,7
5411.124607356,child7,541057,frame,-99
5411.125831231,child4,541057,frame,44
5411.131893188,child5,541057,frame,-96
5411.139325478,child9,541057,frame,2
5411.150575601,child1,541057,frame,-95
5411.1769221780005,child8,541057,frame,-86
5411.182381718,child6,541057,frame,15
5421.201785099,child10,542067,frame,0
5421.215944763,child2,542067,frame,41
5421.230654551,child7,542067,frame,14
5421.231079884,child3,542067,frame,-2
5421.233633634,child4,542067,frame,-79
5421.23749455,child5,542067,frame,33
5421.246818797,child9,542067,frame,-78
5421.254070837001,child1,542067,frame,46
5421.284959080001,child8,542067,frame,-2
5421.289122663,child6,542067,frame,16
5431.30529967,child10,543077,frame,5
5431.318022375,child2,543077,frame,-85
5431.3360124129995,child7,543077,frame,34
5431.336059704,child3,543077,frame,6
5431.33928812,child4,543077,frame,43
5431.343016036,child5,543077,frame,31
5431.355181742,child1,543077,frame,46
5431.355340533,child9,543077,frame,1
5431.389438024999,child8,543077,frame,48
5431.39061315,child6,543077,frame,15
5441.398179659,child8,544087,frame,33
5441.410165156,child10,544087,frame,-74
5441.424075194999,child2,544087,frame,132
5441.439423275,child7,544087,frame,8
5441.440398024,child3,544087,frame,59
5441.444810107,child4,544087,frame,26
5441.447335939,child5,544087,frame,16
5441.454826396,child1,544087,frame,-77
5441.458272562,child9,544087,frame,3
5441.493606929,child6,544087,frame,-125
5451.495327856,child6,545097,frame,29
5451.502395896,child8,545097,frame,-75
5451.513197685,child10,545097,frame,144
5451.529075723,child2,545097,frame,-113
5451.546501177,child3,545097,frame,-70
5451.547135594,child7,545097,frame,5
5451.550208051,child4,545097,frame,-96
5451.550905218,child5,545097,frame,47
5451.56354734,child9,545097,frame,5
5451.5654257979995,child1,545097,frame,44
5460.600906487,child6,546006,frame,5
5460.607046069,child8,546006,frame,38
5460.61846015,child10,546006,frame,-93
5460.632671605001,child2,546006,frame,-1
5460.648380268,child3,546006,frame,17
5460.653554017,child7,546006,frame,-113
5460.6541778499995,child4,546006,frame,5
5460.655553474,child5,546006,frame,-194
5460.668079097,child9,546006,frame,7
5460.671522887,child1,546006,frame,-68
5470.706071598,child6,547016,frame,-109
5470.712186805,child8,547016,frame,-92
5470.725691886,child10,547016,frame,-83
5470.738975591,child2,547016,frame,-80
5470.756063629001,child3,547016,frame,-126
5470.758608503,child5,547016,frame,39
5470.7591947109995,child4,547016,frame,-91
5470.759618795,child7,547016,frame,6
5470.772847583,child9,547016,frame,-193
5470.773595041001,child1,547016,frame,44
5480.811722585,child6,548026,frame,30
5480.812202835,child8,548026,frame,6
5480.828595956,child10,548026,frame,7
5480.845558119,child2,548026,frame,34
5480.861330156999,child7,548026,frame,27
5480.86291624,child3,548026,frame,139
5480.865380906,child4,548026,frame,51
5480.866362864,child5,548026,frame,39
5480.875867195,child9,548026,frame,144
5480.876294862001,child1,548026,frame,-81
5490.914570405,child6,549036,frame,-74
5490.916201238,child8,549036,frame,56
5490.9314039850005,child10,549036,frame,23
5490.949145689,child2,549036,frame,33
5490.961137935999,child7,549036,frame,22
5490.967831018,child3,549036,frame,-1
5490.969694851,child4,549036,frame,-75
5490.970114018,child5,549036,frame,-85
5490.979806224,child9,549036,frame,-108
5490.9799010570005,child1,549036,frame,-2
5500.985449815999,child9,550046,frame,142
5500.9870328160005,child1,550046,frame,52
5501.0152078090005,child6,550046,frame,172
5501.020645142,child8,550046,frame,57
5501.03386393,child10,550046,frame,14
5501.054602217,child2,550046,frame,32
5501.065939756,child7,550046,frame,27
5501.072831296,child3,550046,frame,-2
5501.073511629001,child5,550046,frame,165
5501.073905296,child4,550046,frame,3
5511.091521969,child9,551056,frame,-116
5511.092083594,child1,551056,frame,52
5511.115211464,child6,551056,frame,-95
5511.125642878,child8,551056,frame,-92
5511.138514083,child10,551056,frame,13
5511.158770537,child2,551056,frame,15
5511.172193992,child7,551056,frame,-101
5511.1768840330005,child3,551056,frame,-1
5511.178358158,child4,551056,frame,-1
5511.181574282,child5,551056,frame,41
5521.185684,child4,552066,frame,5
5521.187481583001,child5,552066,frame,-103
5521.193134123,child9,552066,frame,26
5521.194827831,child1,552066,frame,-74
5521.216795368,child6,552066,frame,47
5521.2290174479995,child8,552066,frame,48
5521.241644945,child10,552066,frame,-112
5521.261330024,child2,552066,frame,-107
5521.2770622709995,child7,552066,frame,23
5521.279490562,child3,552066,frame,-127
5531.291645653,child4,553076,frame,14
5531.294518944,child5,553076,frame,38
5531.295318402,child1,553076,frame,54
5531.300353318,child9,553076,frame,151
5531.321510854,child6,553076,frame,-95
5531.337177809,child8,553076,frame,2
5531.342821016,child10,553076,frame,146
5531.365492844,child2,553076,frame,174
5531.380922799,child3,553076,frame,148
5531.383032506999,child7,553076,frame,41
5541.387794433,child7,554086,frame,-102
5541.395035348,child4,554086,frame,-102
5541.397379098,child1,554086,frame,-71
5541.402780138,child5,554086,frame,-86
5541.405450304,child9,554086,frame,-71
5541.431559922999,child6,554086,frame,-78
5541.445162962,child8,554086,frame,-83
5541.446738877999,child10,554086,frame,-121
5541.467653164999,child2,554086,frame,-109
5541.482364453,child3,554086,frame,-65
5551.491379587001,child7,555096,frame,41
5551.501370501001,child4,555096,frame,23
5551.506256542,child5,555096,frame,31
5551.506801042,child1,555096,frame,55
5551.508013416,child9,555096,frame,22
5551.536918868,child6,555096,frame,140
5551.550058782,child10,555096,frame,153
5551.551131781,child8,555096,frame,180
5551.577601984,child2,555096,frame,136
5551.584931732,child3,555096,frame,8
5560.578019306,child2,556005,frame,-85
5560.590823969,child3,556005,frame,29
5560.594635177001,child7,556005,frame,133
5560.605510216,child4,556005,frame,33
5560.6079311739995,child5,556005,frame,134
5560.608991798999,child1,556005,frame,128
5560.612712548,child9,556005,frame,18
5560.6396005,child6,556005,frame,6
5560.655305246,child8,556005,frame,-76
5560.655842413,child10,556005,frame,-79
5570.682292417,child2,557015,frame,16
5570.695730456,child3,557015,frame,-76
5570.702807079,child7,557015,frame,-99
5570.710248785999,child4,557015,frame,-106
5570.712514534999,child5,557015,frame,-91
5570.71372016,child1,557015,frame,-95
5570.717686451,child9,557015,frame,-116
5570.74236982,child6,557015,frame,-86
5570.757332941999,child8,557015,frame,-92
5570.762483482001,child10,557015,frame,13
5580.788286194999,child2,558025,frame,-1
5580.802328649999,child3,558025,frame,14
5580.806548858,child7,558025,frame,164
5580.812662606,child4,558025,frame,153
5580.814202231,child5,558025,frame,13
5580.814804314,child1,558025,frame,37
5580.820551688,child9,558025,frame,55
5580.848448432001,child6,558025,frame,58
5580.863500595,child8,558025,frame,47
5580.865572719,child10,558025,frame,139
5590.89296214,child2,559035,frame,-107
5590.909285637,child3,559035,frame,15
5590.912412094,child7,559035,frame,7
5590.920422051,child5,559035,frame,30
5590.920518884001,child1,559035,frame,-69
5590.921852925,child4,559035,frame,-113
5590.928706424,child9,559035,frame,18
5590.9523219600005,child6,559035,frame,54
5590.966980457,child8,559035,frame,6
5590.971605622,child10,559035,frame,-65
5600.996566084999,child2,560045,frame,33
5601.012632582,child3,560045,frame,14
5601.017600831,child7,560045,frame,-114
5601.025392121001,child4,560045,frame,28
5601.025652496,child1,560045,frame,52
5601.029904495,child5,560045,frame,32
5601.0366965349995,child9,560045,frame,1
5601.057343697,child6,560045,frame,39
5601.073938443001,child8,560045,frame,42
5601.074926693,child10,560045,frame,4
5611.078648952,child8,561055,frame,56
5611.0808236600005,child10,561055,frame,-90
5611.099881864,child2,561055,frame,141
5611.120080109,child3,561055,frame,124
5611.120655608999,child7,561055,frame,6
5611.125529024999,child1,561055,frame,36
5611.133522273,child4,561055,frame,26
5611.134691481,child5,561055,frame,16
5611.139841938,child9,561055,frame,4
5611.1620351,child6,561055,frame,38
5621.18055369,child8,562065,frame,34
5621.191529312,child10,562065,frame,15
5621.209263391001,child2,562065,frame,-1
5621.222715388,child3,562065,frame,-127
5621.227177637,child1,562065,frame,36
5621.22806897,child7,562065,frame,151
5621.240274301,child4,562065,frame,29
5621.242820842,child5,562065,frame,15
5621.245472925,child9,562065,frame,17
5621.2637457539995,child6,562065,frame,-101
5631.283850801,child8,563075,frame,16
5631.294237841,child10,563075,frame,60
5631.318037002,child2,563075,frame,2
5631.326443749999,child3,563075,frame,132
5631.333298957,child1,563075,frame,20
5631.338879039,child7,563075,frame,-69
5631.342564246,child4,563075,frame,13
5631.348143828,child5,563075,frame,19
5631.349861578,child9,563075,frame,178
5631.365179491,child6,563075,frame,23
5641.388879955,child8,564085,frame,-74
5641.398936036,child10,564085,frame,5
5641.422875489,child2,564085,frame,17
5641.431948945,child3,564085,frame,-72
5641.440086485,child1,564085,frame,-106
5641.445444108,child4,564085,frame,14
5641.446084858,child7,564085,frame,-81
5641.455422606,child5,564085,frame,-190
5641.455837731,child9,564085,frame,-76
5641.4669063950005,child6,564085,frame,-74
5651.4938886909995,child8,565095,frame,-93
5651.507929896,child10,565095,frame,-67
5651.5287088919995,child2,565095,frame,-121
5651.538875722999,child3,565095,frame,2
5651.544044346,child1,565095,frame,-80
5651.549827095,child4,565095,frame,16
5651.552371260999,child7,565095,frame,23
5651.560190176,child9,565095,frame,-2
5651.561773342,child5,565095,frame,35
5651.569741549,child6,565095,frame,43
5660.572643869999,child6,566004,frame,17
5660.599080489001,child8,566004,frame,38
5660.609841486999,child10,566004,frame,171
5660.631236898999,child2,566004,frame,36
5660.643305604,child3,566004,frame,-97
5660.6456402700005,child1,566004,frame,57
5660.65257531,child4,566004,frame,21
5660.658348476,child7,566004,frame,43
5660.661774349999,child9,566004,frame,48
5660.665961766,child5,566004,frame,128
5670.668798066999,child5,567014,frame,7
5670.679622981,child6,567014,frame,30
5670.705130142,child8,567014,frame,176
5670.713106599001,child10,567014,frame,-65
5670.735145885,child2,567014,frame,17
5670.7467158829995,child3,567014,frame,129
5670.747098924,child1,567014,frame,44
5670.758435922,child4,567014,frame,-94
5670.763326671,child7,567014,frame,18
5670.76641417,child9,567014,frame,41
5680.768593263,child7,568024,frame,-2
5680.772139762,child5,568024,frame,9
5680.774046845,child9,568024,frame,-91
5680.7816522190005,child6,568024,frame,31
5680.810339587,child8,568024,frame,-117
5680.817751919,child10,568024,frame,42
5680.841540955,child2,568024,frame,125
5680.853617952001,child3,568024,frame,51
5680.853768452,child1,568024,frame,30
5680.862350324999,child4,568024,frame,12
5690.875402041001,child7,569034,frame,-122
5690.879989873,child5,569034,frame,-99
5690.883712039001,child9,569034,frame,41
5690.885357039,child6,569034,frame,-95
5690.914520115,child8,569034,frame,26
5690.92357403,child10,569034,frame,-71
5690.946477275,child2,569034,frame,-79
5690.957029147,child1,569034,frame,-95
5690.957131896999,child3,569034,frame,-82
5690.968843603,child4,569034,frame,-113
5700.978869861,child7,570044,frame,141
5700.979618153,child4,570044,frame,151
5700.984127777,child5,570044,frame,23
5700.988686776,child6,570044,frame,47
5700.989154942,child9,570044,frame,33
5701.01923706,child8,570044,frame,44
5701.027013934,child10,570044,frame,51
5701.050560178,child2,570044,frame,54
5701.060938426,child3,570044,frame,174
5701.062004342,child1,570044,frame,46
5711.084079598,child7,571054,frame,-127
5711.084147806,child5,571054,frame,-104
5711.085617431,child4,571054,frame,-112
5711.091616846,child9,571054,frame,-117
5711.0934318869995,child6,571054,frame,-95
5711.1257966719995,child8,571054,frame,25
5711.131367462,child10,571054,frame,-81
5711.151697998999,child2,571054,frame,-124
5711.160804997,child1,571054,frame,-80
5711.165129995999,child3,571054,frame,-96
5721.172464797,child3,572064,frame,-72
5721.1877738349995,child7,572064,frame,152
5721.188206251,child4,572064,frame,26
5721.191836584,child5,572064,frame,165
5721.197853832,child9,572064,frame,57
5721.198734791001,child6,572064,frame,47
5721.233066533,child8,572064,frame,-83
5721.235042032,child10,572064,frame,-65
5721.254088486,child2,572064,frame,141
5721.268934025,child1,572064,frame,143
5731.2744474090005,child3,573074,frame,53
5731.291668613,child7,573074,frame,-80
5731.295090154,child4,573074,frame,28
5731.298767112,child5,573074,frame,1
5731.301055944,child9,573074,frame,42
5731.30464511,child6,573074,frame,51
5731.335032187,child8,573074,frame,25
5731.339292394,child10,573074,frame,130
5731.35810164,child2,573074,frame,0
5731.370320595,child1,573074,frame,-89
5741.3781464369995,child1,574084,frame,-89
5741.379554645,child3,574084,frame,-80
5741.397708891,child7,574084,frame,11
5741.399250474,child4,574084,frame,-97
5741.40226964,child5,574084,frame,-106
5741.40469739,child9,574084,frame,-92
5741.406622139,child6,574084,frame,-95
5741.44000584,child8,574084,frame,9
5741.441680214,child10,574084,frame,-99
5741.4631057510005,child2,574084,frame,-95
5751.481802049,child1,575094,frame,178
5751.482715132,child3,575094,frame,42
5751.502614919001,child4,575094,frame,45
5751.502761377999,child7,575094,frame,14
5751.507116585,child6,575094,frame,46
5751.508853251,child5,575094,frame,26
5751.510290876,child9,575094,frame,32
5751.544316410001,child8,575094,frame,-97
5751.54454066,child10,575094,frame,138
5751.566827405,child2,575094,frame,60
5760.572906142,child2,576003,frame,-100
5760.584309681,child1,576003,frame,-76
5760.587674597,child3,576003,frame,23
5760.607388426,child6,576003,frame,-92
5760.607921092,child7,576003,frame,-75
5760.61222805,child4,576003,frame,-76
5760.616225382,child5,576003,frame,8
5760.619272131,child9,576003,frame,11
5760.646806375,child8,576003,frame,44
5760.648374208,child10,576003,frame,-92
5770.676469296,child2,577013,frame,-1
5770.689183668,child1,577013,frame,52
5770.691549917,child3,577013,frame,-72
5770.7138602449995,child6,577013,frame,125
5770.715621287,child7,577013,frame,24
5770.716794870001,child4,577013,frame,45
5770.720159911,child5,577013,frame,154
5770.723209285,child9,577013,frame,41
5770.753973236,child10,577013,frame,6
5770.755593736,child8,577013,frame,25
5780.761971203,child10,578023,frame,-66
5780.765023411001,child8,578023,frame,-82
5780.781468282,child2,578023,frame,10
5780.795834987,child3,578023,frame,53
5780.797837237001,child1,578023,frame,-89
5780.8169431490005,child6,578023,frame,-86
5780.823928772,child4,578023,frame,-94
5780.823975646999,child7,578023,frame,-72
5780.824415231,child5,578023,frame,-249
5780.829927979,child9,578023,frame,-84
5790.869902022,child10,579033,frame,138
5790.871932354999,child8,579033,frame,39
5790.886192852,child2,579033,frame,16
5790.89593685,child3,579033,frame,4
5790.9030237649995,child1,579033,frame,52
5790.924570302001,child6,579033,frame,54
5790.927695175999,child5,579033,frame,157
5790.928255551,child4,579033,frame,123
5790.9322723000005,child7,579033,frame,34
5790.933259383,child9,579033,frame,40
5800.976293967,child8,580043,frame,41
5800.978294675,child10,580043,frame,52
5800.992447672,child2,580043,frame,126
5801.00195992,child3,580043,frame,59
5801.004111002,child1,580043,frame,36
5801.027580954999,child6,580043,frame,39
5801.033134912,child5,580043,frame,1
5801.035235912,child4,580043,frame,-70
5801.038739578,child9,580043,frame,41
5801.040515286,child7,580043,frame,123
5811.080441704,child8,581053,frame,-81
5811.083872245,child10,581053,frame,-107
5811.094845117,child2,581053,frame,-79
5811.1072376560005,child1,581053,frame,-79
5811.108529197,child3,581053,frame,-82
5811.133119442,child6,581053,frame,-87
5811.139312982001,child5,581053,frame,33
5811.140431148,child4,581053,frame,51
5811.142107106,child9,581053,frame,-83
5811.145488689,child7,581053,frame,-106
5821.185334107,child10,582063,frame,0
5821.186831065,child8,582063,frame,42
5821.198364937,child2,582063,frame,-115
5821.207839185,child1,582063,frame,46
5821.213630101,child3,582063,frame,-66
5821.239412135999,child6,582063,frame,11
5821.241623803,child4,582063,frame,-74
5821.244658552,child5,582063,frame,-111
5821.247632426001,child9,582063,frame,-68
5821.2481143840005,child7,582063,frame,24
5831.287847428,child10,583073,frame,52
5831.29110451,child8,583073,frame,57
5831.302117383,child2,583073,frame,141
5831.311813797,child1,583073,frame,30
5831.317937629,child3,583073,frame,41
5831.341215082,child6,583073,frame,47
5831.345849581,child5,583073,frame,17
5831.351205663001,child4,583073,frame,-74
5831.351660038,child7,583073,frame,6
5831.354713746,child9,583073,frame,165
5841.363098796,child9,584083,frame,-84
5841.393420621999,child10,584083,frame,-66
5841.403424495001,child8,584083,frame,-100
5841.407164578,child2,584083,frame,-117
5841.418558825,child1,584083,frame,-80
5841.42621724,child3,584083,frame,-1
5841.446267819,child6,584083,frame,46
5841.452036859,child5,584083,frame,16
5841.458633357,child4,584083,frame,129
5841.461149232,child7,584083,frame,26
5851.466362866,child7,585093,frame,60
5851.466571491001,child4,585093,frame,45
5851.466752783,child9,585093,frame,51
5851.500512317,child10,585093,frame,58
5851.505481649,child8,585093,frame,40
5851.514428689,child2,585093,frame,183
5851.519649186999,child1,585093,frame,127
5851.532659476,child3,585093,frame,2
5851.55159618,child6,585093,frame,30
5851.553318305,child5,585093,frame,13
5860.558210167,child5,586002,frame,10
5860.571662831,child9,586002,frame,11
5860.571872581,child4,586002,frame,-1
5860.573488372,child7,586002,frame,-125
5860.6050011980005,child10,586002,frame,-93
5860.6115468220005,child8,586002,frame,45
5860.622864527,child2,586002,frame,-100
5860.62423961,child1,586002,frame,-93
5860.6366136490005,child3,586002,frame,30
5860.652714312,child6,586002,frame,-99
5870.660848613,child5,587012,frame,18
5870.6794639419995,child9,587012,frame,24
5870.679849483,child7,587012,frame,-2
5870.6811229410005,child4,587012,frame,34
5870.712870059,child10,587012,frame,51
5870.716492725,child8,587012,frame,-80
5870.724545806,child2,587012,frame,1
5870.73046093,child1,587012,frame,-87
5870.744909593,child3,587012,frame,-2
5870.751710799999,child6,587012,frame,-87
5880.755336018,child6,588022,frame,55
5880.766543224,child5,588022,frame,15
5880.783950012,child9,588022,frame,-84
5880.7855808859995,child7,588022,frame,19
5880.789319386,child4,588022,frame,43
5880.816026713,child10,588022,frame,-83
5880.823779544,child8,588022,frame,39
5880.829338501,child2,588022,frame,0
5880.835858042,child1,588022,frame,134
5880.850537122,child3,588022,frame,-126
5890.855371548,child3,589032,frame,272
5890.861320338,child6,589032,frame,54
5890.871943752,child5,589032,frame,13
5890.888548415,child7,589032,frame,32
5890.888855957,child9,589032,frame,183
5890.895387497,child4,589032,frame,30
5890.921557949,child10,589032,frame,141
5890.927379406,child8,589032,frame,59
5890.937119571,child2,589032,frame,-1
5890.9379829869995,child1,589032,frame,44
5900.958072368,child3,590042,frame,-205
5900.966820365999,child6,590042,frame,-68
5900.980042237999,child5,590042,frame,-109
5900.99340136,child9,590042,frame,-100
5900.994283818,child7,590042,frame,-2
5900.9998438170005,child4,590042,frame,30
5901.0246364780005,child10,590042,frame,-73
5901.032647684,child8,590042,frame,-100
5901.038802016,child1,590042,frame,-97
5901.043609640001,child2,590042,frame,-117
5911.065346146,child3,591052,frame,124
5911.0695071029995,child6,591052,frame,46
5911.084747890999,child5,591052,frame,141
5911.099779888001,child7,591052,frame,19
5911.100958346,child9,591052,frame,8
5911.103731886999,child4,591052,frame,13
5911.128508547999,child10,591052,frame,60
5911.138358171,child8,591052,frame,41
5911.145646002,child1,591052,frame,44
5911.149811460001,child2,591052,frame,134
5921.170750007,child6,592062,frame,-79
5921.173782382,child3,592062,frame,-74
5921.192098502,child5,592062,frame,-107
5921.204566416,child9,592062,frame,-84
5921.206856291,child4,592062,frame,16
5921.209289748,child7,592062,frame,-1
5921.234852826,child10,592062,frame,-66
5921.248984573,child8,592062,frame,-2
5921.252453905,child1,592062,frame,-81
5921.253008697,child2,592062,frame,-117
5931.257494123,child1,593072,frame,44
5931.260548456,child2,593072,frame,-72
5931.2741424529995,child3,593072,frame,-66
5931.275588327,child6,593072,frame,1
5931.293635073,child5,593072,frame,14
5931.30775957,child9,593072,frame,-83
5931.308917528,child4,593072,frame,-122
5931.312464027,child7,593072,frame,17
5931.339550854001,child10,593072,frame,-65
5931.351835268,child8,593072,frame,-93
5941.356296194001,child8,594082,frame,173
5941.36137911,child2,594082,frame,166
5941.3642049420005,child1,594082,frame,54
5941.378519898,child3,594082,frame,129
5941.380726605,child6,594082,frame,132
5941.398099018,child5,594082,frame,14
5941.40989389,child9,594082,frame,181
5941.411492557,child4,594082,frame,21
5941.417522555,child7,594082,frame,24
5941.44167655,child10,594082,frame,138
5951.45886839,child8,595092,frame,-75
5951.463707929999,child2,595092,frame,-238
5951.466223513,child1,595092,frame,-88
5951.481771301001,child3,595092,frame,-71
5951.483382092,child6,595092,frame,-204
5951.504821463,child5,595092,frame,-114
5951.5149962099995,child9,595092,frame,-89
5951.51656296,child4,595092,frame,-112
5951.525744791,child7,595092,frame,-73
5951.544843078,child10,595092,frame,-93
5960.551403857,child10,596001,frame,49
5960.564336229,child8,596001,frame,38
5960.569590353,child2,596001,frame,182
5960.570461603,child1,596001,frame,49
5960.587805016,child6,596001,frame,47
5960.588439306999,child3,596001,frame,143
5960.608045010999,child5,596001,frame,135
5960.618538217,child4,596001,frame,47
5960.621057508,child9,596001,frame,55
5960.630360798001,child7,596001,frame,4
5970.659402051,child10,597011,frame,-74
5970.670257716,child8,597011,frame,34
5970.672587632001,child2,597011,frame,27
5970.676544839001,child1,597011,frame,-79
5970.688809503,child3,597011,frame,-96
5970.6889147110005,child6,597011,frame,1
5970.716759163,child5,597011,frame,17
5970.724367037,child9,597011,frame,33
5970.725026661,child4,597011,frame,28
5970.736423867001,child7,597011,frame,124
5980.763243247,child10,598021,frame,13
5980.777352035,child8,598021,frame,-73
5980.778445993,child1,598021,frame,124
5980.7801914090005,child2,598021,frame,-101
5980.792066948,child6,598021,frame,7
5980.794265031,child3,598021,frame,6
5980.8198930670005,child5,598021,frame,-91
5980.829782815,child9,598021,frame,-76
5980.83064619,child4,598021,frame,-97
5980.843031312,child7,598021,frame,-123
5990.848159738,child7,599031,frame,124
5990.870859649,child10,599031,frame,131
5990.879499106,child1,599031,frame,38
5990.8820110219995,child8,599031,frame,33
5990.888724812,child2,599031,frame,150
5990.893057853,child6,599031,frame,20
5990.903425225,child3,599031,frame,-80
5990.924891345,child5,599031,frame,138
5990.935313551,child9,599031,frame,50
5990.936206134,child4,599031,frame,43
6000.953857349,child7,600041,frame,-122
6000.978691385,child10,600041,frame,-190
6000.984132342,child1,600041,frame,-87
6000.989996841,child8,600041,frame,50
6000.994157257,child2,600041,frame,-119
6000.995818048001,child6,600041,frame,8
6001.008258503,child3,600041,frame,7
6001.031295665,child5,600041,frame,14
6001.043467037,child4,600041,frame,-83
6001.043806829,child9,600041,frame,28
6011.0481457139995,child9,601051,frame,-91
6011.052097963,child4,601051,frame,-1
6011.057999128,child7,601051,frame,16
6011.083831663999,child10,601051,frame,183
6011.0913402450005,child1,601051,frame,-70
6011.092903578,child8,601051,frame,25
6011.098543119,child2,601051,frame,27
6011.102258076,child6,601051,frame,-125
6011.11334199,child3,601051,frame,-2
6011.138653026,child5,601051,frame,-124
6021.147374287,child5,602061,frame,16
6021.152835536001,child9,602061,frame,33
6021.153785826999,child4,602061,frame,-72
6021.165763533,child7,602061,frame,-2
6021.189836694,child10,602061,frame,-80
6021.1954878179995,child8,602061,frame,-117
6021.196364526,child1,602061,frame,52
6021.2041493570005,child2,602061,frame,16
6021.20635594,child6,602061,frame,16
6021.218506687999,child3,602061,frame,-72
6031.2514835679995,child5,603071,frame,15
6031.257153775,child9,603071,frame,49
6031.258695275001,child4,603071,frame,6
6031.268973980999,child7,603071,frame,19
6031.292015434,child10,603071,frame,7
6031.29976689,child8,603071,frame,59
6031.301225847999,child1,603071,frame,-73
6031.309432805,child2,603071,frame,33
6031.309745138,child6,603071,frame,32
6031.322363509999,child3,603071,frame,140
6041.3586877650005,child5,604081,frame,19
6041.362249180001,child9,604081,frame,16
6041.363376847,child4,604081,frame,16
6041.376375094001,child7,604081,frame,53
6041.398139797,child10,604081,frame,-2
6041.406367879,child1,604081,frame,52
6041.40713842,child8,604081,frame,25
6041.412898586001,child2,604081,frame,-80
6041.414478044,child6,604081,frame,133
6041.427305165999,child3,604081,frame,-72
6051.4611966289995,child5,605091,frame,11
6051.469166127,child9,605091,frame,-89
6051.469496209999,child4,605091,frame,-118
6051.480339666,child7,605091,frame,-124
6051.501880245,child10,605091,frame,2
6051.509818076,child1,605091,frame,-72
6051.515082782999,child2,605091,frame,28
6051.515241575,child8,605091,frame,-100
6051.517218907999,child6,605091,frame,-127
6051.528913072,child3,605091,frame,16
6060.566772429,child5,606000,frame,-69
6060.57004297,child9,606000,frame,11
6060.574617136,child4,606000,frame,39
6060.585625466,child7,606000,frame,126
6060.608707044,child10,606000,frame,39
6060.613894542999,child1,606000,frame,1
6060.6193648749995,child2,606000,frame,-1
6060.621245167,child8,606000,frame,0
6060.622171749999,child6,606000,frame,-1
6060.633440414001,child3,606000,frame,24
6070.637744926,child3,607010,frame,6
6070.6724002930005,child9,607010,frame,42
6070.6730331260005,child5,607010,frame,10
6070.678228875,child4,607010,frame,-104
6070.692701288,child7,607010,frame,-247
6070.714234366,child10,607010,frame,-73
6070.717427241,child1,607010,frame,5
6070.725305696999,child8,607010,frame,33
6070.726936114,child2,607010,frame,-2
6070.728380947,child6,607010,frame,17
6080.743473539001,child3,608020,frame,-1
6080.774914699,child9,608020,frame,23
6080.777581323,child5,608020,frame,23
6080.787255988,child4,608020,frame,169
6080.796477402,child7,608020,frame,155
6080.8174843140005,child10,608020,frame,183
6080.819801939,child1,608020,frame,139
6080.828306395,child8,608020,frame,32
6080.831230811,child2,608020,frame,160
6080.832231894001,child6,608020,frame,35
6090.837366072,child6,609030,frame,141
6090.8374324470005,child8,609030,frame,-72
6090.851817901999,child3,609030,frame,-2
6090.879745146,child9,609030,frame,42
6090.882201395,child5,609030,frame,24
6090.894974643001,child4,609030,frame,-105
6090.902374391,child7,609030,frame,-106
6090.920737303,child10,609030,frame,-94
6090.921264095,child1,609030,frame,-73
6090.9335040920005,child2,609030,frame,-125
6100.941271603,child8,610040,frame,47
6100.9419991859995,child6,610040,frame,-78
6100.942439395,child2,610040,frame,17
6100.957208557999,child3,610040,frame,-1
6100.984476552,child9,610040,frame,-100
6100.989098884001,child5,610040,frame,-99
6101.000388965001,child4,610040,frame,37
6101.004660464,child7,610040,frame,34
6101.023262334001,child10,610040,frame,-66
6101.024993251,child1,610040,frame,54
6111.041189135,child6,611050,frame,-71
6111.047045967,child2,611050,frame,-2
6111.047235842,child8,611050,frame,-74
6111.062662838,child3,611050,frame,53
6111.089214874,child9,611050,frame,41
6111.092511706001,child5,611050,frame,23
6111.107429703,child4,611050,frame,28
6111.107720411,child7,611050,frame,139
6111.125736573999,child1,611050,frame,54
6111.132350614,child10,611050,frame,60
6121.142150916,child6,612060,frame,0
6121.152981581,child2,612060,frame,19
6121.154137289,child8,612060,frame,48
6121.170107993,child3,612060,frame,-127
6121.1918571549995,child9,612060,frame,-101
6121.1972156950005,child5,612060,frame,21
6121.212720484,child4,612060,frame,-97
6121.218589399,child7,612060,frame,-106
6121.230030355,child1,612060,frame,-87
6121.237998436,child10,612060,frame,-73
6131.242624781001,child10,613070,frame,60
6131.2483593629995,child6,613070,frame,16
6131.25589332,child2,613070,frame,133
6131.259258611,child8,613070,frame,48
6131.275305564999,child3,613070,frame,132
6131.299270435,child9,613070,frame,57
6131.299551977,child5,613070,frame,24
6131.315357473,child4,613070,frame,47
6131.323285263,child7,613070,frame,23
6131.331982219001,child1,613070,frame,54
6141.340510647,child1,614080,frame,-70
6141.350515936,child10,614080,frame,51
6141.35692231,child6,614080,frame,0
6141.359436101,child2,614080,frame,-70
6141.363498225,child8,614080,frame,50
6141.38342972,child3,614080,frame,53
6141.403814716,child5,614080,frame,-101
6141.407919715,child9,614080,frame,42
6141.4211498370005,child4,614080,frame,-95
6141.429798335,child7,614080,frame,25
6151.445954635,child1,615090,frame,-80
6151.455939217,child10,615090,frame,-92
6151.4620742570005,child6,615090,frame,-109
6151.465378173,child2,615090,frame,-83
6151.470925005,child8,615090,frame,-100
6151.488855626,child3,615090,frame,-78
6151.505270789,child5,615090,frame,-95
6151.510602079,child9,615090,frame,-89
6151.531566241,child4,615090,frame,47
6151.535207573001,child7,615090,frame,-87
6161.551083958,child1,616100,frame,53
6161.561488622,child10,616100,frame,51
6161.569108579,child6,616100,frame,11
6161.569183829,child2,616100,frame,130
6161.573684286001,child8,616100,frame,41
6161.5973926550005,child3,616100,frame,55
6161.611141652,child5,616100,frame,0
6161.615720193,child9,616100,frame,159
6161.632428481,child4,616100,frame,32
6161.638042896,child7,616100,frame,131
6170.633659763,child4,617009,frame,-68
6170.63963522,child7,617009,frame,-114
6170.652785134,child1,617009,frame,8
6170.6670540469995,child10,617009,frame,-79
6170.670554546001,child6,617009,frame,0
6170.676074962001,child2,617009,frame,-85
6170.679855002,child8,617009,frame,-125
6170.700643497999,child3,617009,frame,-105
6170.716891118999,child5,617009,frame,-97
6170.7218716590005,child9,617009,frame,-66
6180.739498917999,child4,618019,frame,1
6180.745471167,child7,618019,frame,7
6180.750577624,child1,618019,frame,51
6180.771568661,child6,618019,frame,32
6180.772492452,child10,618019,frame,6
6180.780384284,child2,618019,frame,-1
6180.785602658,child8,618019,frame,47
6180.80564407,child3,618019,frame,41
6180.820223817,child5,618019,frame,7
6180.828083898001,child9,618019,frame,49
6190.832296702,child9,619029,frame,-92
6190.844766324,child4,619029,frame,-74
6190.8533822379995,child1,619029,frame,-73
6190.854043238,child7,619029,frame,25
6190.875130233,child6,619029,frame,24
6190.882314232,child10,619029,frame,59
6190.883834523,child2,619029,frame,46
6190.890676105,child8,619029,frame,-76
6190.9138701,child3,619029,frame,-72
6190.925656139,child5,619029,frame,1
6200.931403192,child5,620039,frame,135
6200.934964274001,child9,620039,frame,157
6200.9503665619995,child4,620039,frame,130
6200.960628143001,child1,620039,frame,131
6200.961481477,child7,620039,frame,148
6200.981748514,child6,620039,frame,16
6200.987801137,child10,620039,frame,60
6200.988610179,child2,620039,frame,55
6200.998244343001,child8,620039,frame,256
6201.019311005,child3,620039,frame,132
6211.034001348,child5,621049,frame,1
6211.04539747,child9,621049,frame,-107
6211.0538683019995,child4,621049,frame,45
6211.063567091001,child1,621049,frame,44
6211.067093215,child7,621049,frame,-114
6211.087528336,child6,621049,frame,141
6211.092600793,child10,621049,frame,44
6211.093887418,child2,621049,frame,-78
6211.103093039999,child8,621049,frame,-101
6211.125367909999,child3,621049,frame,37
6221.138574545,child5,622059,frame,-98
6221.149134668,child9,622059,frame,-92
6221.16032279,child4,622059,frame,-81
6221.168198872,child1,622059,frame,-81
6221.17081408,child7,622059,frame,24
6221.188953866999,child6,622059,frame,-125
6221.198285531999,child2,622059,frame,-117
6221.19940099,child10,622059,frame,-99
6221.209628154001,child8,622059,frame,-66
6221.228273775,child3,622059,frame,-80
6231.231261204,child3,623069,frame,123
6231.241209785,child5,623069,frame,15
6231.252321115,child9,623069,frame,174
6231.263809196,child4,623069,frame,44
6231.273617569001,child1,623069,frame,46
6231.274273110001,child7,623069,frame,131
6231.288095607,child6,623069,frame,16
6231.3046157280005,child2,623069,frame,-1
6231.3069220200005,child10,623069,frame,-1
6231.3129561430005,child8,623069,frame,55
6241.335590318,child3,624079,frame,-88
6241.347104773,child5,624079,frame,8
6241.358383146,child9,624079,frame,-125
6241.3664978940005,child4,624079,frame,-80
6241.378702016,child1,624079,frame,-95
6241.380094932,child7,624079,frame,-68
6241.387215806,child6,624079,frame,-106
6241.411816717,child10,624079,frame,-74
6241.412256675,child2,624079,frame,9
6241.41815959,child8,624079,frame,42
6251.44066514,child3,625089,frame,53
6251.451913262001,child5,625089,frame,9
6251.464154343,child9,625089,frame,174
6251.472601466,child4,625089,frame,59
6251.480189631,child1,625089,frame,46
6251.4830441720005,child7,625089,frame,-2
6251.500163375999,child6,625089,frame,142
6251.515803331,child10,625089,frame,131
6251.51830633,child2,625089,frame,149
6251.5214129959995,child8,625089,frame,56
6261.541961379,child3,626099,frame,34
6261.5555242929995,child5,626099,frame,-2
6261.569034415,child9,626099,frame,-104
6261.575830288,child4,626099,frame,45
6261.584051703,child1,626099,frame,-85
6261.588106411,child7,626099,frame,2
6261.607299073001,child6,626099,frame,-65
6261.622305986,child10,626099,frame,42
6261.623245278,child2,626099,frame,-127
6261.6281721099995,child8,626099,frame,-106
6270.6266582260005,child10,627008,frame,17
6270.626886392,child2,627008,frame,153
6270.632666599,child8,627008,frame,38
6270.647248138001,child3,627008,frame,7
6270.65870726,child5,627008,frame,38
6270.671823591,child9,627008,frame,60
6270.677250256,child4,627008,frame,-76
6270.685036171,child1,627008,frame,2
6270.691496503,child7,627008,frame,-89
6270.710315832001,child6,627008,frame,54
6280.728970174,child10,628018,frame,-89
6280.731175798,child2,628018,frame,-125
6280.7360623390005,child8,628018,frame,-91
6280.754245501001,child3,628018,frame,-106
6280.762323874001,child5,628018,frame,-114
6280.777542913,child9,628018,frame,-126
6280.785015911,child4,628018,frame,-86
6280.78975566,child1,628018,frame,46
6280.795491782999,child7,628018,frame,11
6280.817015654001,child6,628018,frame,-125
6290.831815662999,child10,629028,frame,-91
6290.839590078,child2,629028,frame,25
6290.845117702,child8,629028,frame,56
6290.85878549,child3,629028,frame,-82
6290.8666244470005,child5,629028,frame,148
6290.882090652,child9,629028,frame,50
6290.8907884830005,child4,629028,frame,0
6290.895195649,child1,629028,frame,10
6290.898688648001,child7,629028,frame,24
6290.923147934,child6,629028,frame,-109
6300.923159737999,child6,630038,frame,297
6300.935227736,child10,630038,frame,133
6300.946205691001,child2,630038,frame,124
6300.951138774,child8,630038,frame,39
6300.965545479,child3,630038,frame,59
6300.971801811001,child5,630038,frame,6
6300.984753308,child9,630038,frame,33
6300.994225014,child4,630038,frame,25
6300.995693055,child1,630038,frame,60
6301.00420447,child7,630038,frame,52
6311.029296644,child6,631048,frame,-250
6311.042005265999,child10,631048,frame,-206
6311.050873347001,child2,631048,frame,-201
6311.056762346,child8,631048,frame,-205
6311.068002885,child3,631048,frame,-100
6311.0764436750005,child5,631048,frame,-70
6311.08808913,child9,631048,frame,-108
6311.099541543999,child1,631048,frame,-207
6311.101487377,child4,631048,frame,-66
6311.109372625,child7,631048,frame,-122
6321.133129133,child6,632058,frame,49
6321.146136087999,child10,632058,frame,129
6321.1574873360005,child2,632058,frame,133
6321.1625810430005,child8,632058,frame,56
6321.176092581,child3,632058,frame,6
6321.184308496,child5,632058,frame,2
6321.194084076999,child9,632058,frame,50
6321.202976159,child1,632058,frame,138
6321.204475242,child4,632058,frame,13
6321.214859156001,child7,632058,frame,14
6331.238542247,child6,633068,frame,17
6331.251538535,child10,633068,frame,-81
6331.259954033,child2,633068,frame,-70
6331.266535907001,child8,633068,frame,135
6331.280030987,child3,633068,frame,124
6331.2898533180005,child5,633068,frame,1
6331.295865358,child9,633068,frame,13
6331.308132897,child4,633068,frame,5
6331.309588104999,child1,633068,frame,-73
6331.320774103,child7,633068,frame,27
6341.326924198,child7,634078,frame,24
6341.340591653,child6,634078,frame,31
6341.356379274001,child10,634078,frame,6
6341.364801231,child2,634078,frame,-1
6341.370109438,child8,634078,frame,-76
6341.384419143,child3,634078,frame,-72
6341.396075432,child5,634078,frame,19
6341.401735972,child9,634078,frame,50
6341.412452345,child1,634078,frame,6
6341.417876926999,child4,634078,frame,13
6351.423490272,child4,635088,frame,-105
6351.428634854,child7,635088,frame,7
6351.4384299349995,child6,635088,frame,25
6351.455404181,child10,635088,frame,58
6351.46866872,child2,635088,frame,3
6351.473734384999,child8,635088,frame,47
6351.489803382,child3,635088,frame,6
6351.497973504999,child5,635088,frame,-1
6351.507609127,child9,635088,frame,-92
6351.516519792,child1,635088,frame,60
6361.5278744689995,child4,636098,frame,31
6361.537842383,child7,636098,frame,-111
6361.546724006,child6,636098,frame,-97
6361.5578673790005,child10,636098,frame,-113
6361.574667208,child2,636098,frame,-106
6361.577309458,child8,636098,frame,-121
6361.594941162,child3,636098,frame,-114
6361.599683619,child5,636098,frame,4
6361.609789825,child9,636098,frame,-74
6361.615656324,child1,636098,frame,-197
6370.615590398,child1,637007,frame,154
6370.616650314,child9,637007,frame,179
6370.627748729,child4,637007,frame,28
6370.642745517,child7,637007,frame,126
6370.653115931,child6,637007,frame,14
6370.65892493,child10,637007,frame,124
6370.6800732169995,child2,637007,frame,161
6370.682989549,child8,637007,frame,59
6370.697149463,child3,637007,frame,175
6370.703363003,child5,637007,frame,156
6380.720696095,child1,638017,frame,7
6380.72203947,child9,638017,frame,-92
6380.730838135,child4,638017,frame,20
6380.745765131001,child7,638017,frame,-106
6380.761842836,child6,638017,frame,16
6380.762413294,child10,638017,frame,-2
6380.785038456001,child2,638017,frame,3
6380.78555633,child8,638017,frame,-69
6380.800752119,child3,638017,frame,-72
6380.805923991999,child5,638017,frame,-77
6390.825460417,child9,639027,frame,49
6390.82726975,child1,639027,frame,15
6390.836700039999,child4,639027,frame,23
6390.850673078,child7,639027,frame,23
6390.867111908,child10,639027,frame,13
6390.869905157,child6,639027,frame,47
6390.889126485999,child2,639027,frame,16
6390.892339611,child8,639027,frame,27
6390.903927941,child3,639027,frame,7
6390.910690565001,child5,639027,frame,56
6400.917455409,child5,640037,frame,-68
6400.929057907,child1,640037,frame,-71
6400.930214573,child9,640037,frame,-91
6400.942558779,child4,640037,frame,15
6400.958224399999,child7,640037,frame,26
6400.970939522,child10,640037,frame,-73
6400.972997938,child6,640037,frame,-109
6400.994367058,child2,640037,frame,-70
6401.0000343070005,child8,640037,frame,48
6401.007893305,child3,640037,frame,-66
6411.022197523,child5,641047,frame,-79
6411.033506146,child1,641047,frame,16
6411.033611646,child9,641047,frame,31
6411.0481369340005,child4,641047,frame,-110
6411.062271056,child7,641047,frame,23
6411.073409762,child6,641047,frame,52
6411.076242344,child10,641047,frame,13
6411.1025513800005,child2,641047,frame,124
6411.1036045460005,child8,641047,frame,-77
6411.111052336,child3,641047,frame,4
6421.117220014,child3,642057,frame,145
6421.126581637,child5,642057,frame,54
6421.134606552,child1,642057,frame,25
6421.1378381350005,child9,642057,frame,50
6421.154969839,child4,642057,frame,155
6421.168351669001,child7,642057,frame,-118
6421.174980793,child6,642057,frame,31
6421.182046125,child10,642057,frame,50
6421.2044841609995,child8,642057,frame,29
6421.209350785,child2,642057,frame,-68
6431.223870211,child3,643067,frame,-84
6431.232972293,child5,643067,frame,-77
6431.237112875,child1,643067,frame,6
6431.246910706001,child9,643067,frame,-76
6431.257300412,child4,643067,frame,-91
6431.274713866,child7,643067,frame,42
6431.279612449,child6,643067,frame,33
6431.289382905,child10,643067,frame,-1
6431.306311776,child8,643067,frame,1
6431.313300066,child2,643067,frame,0
6441.32070041,child2,644077,frame,1
6441.32733695,child3,644077,frame,6
6441.3364342820005,child5,644077,frame,55
6441.347572154001,child1,644077,frame,11
6441.351209195,child9,644077,frame,-76
6441.361766109,child4,644077,frame,13
6441.383616063,child7,644077,frame,22
6441.384664854,child6,644077,frame,31
6441.391080561,child10,644077,frame,6
6441.410708765,child8,644077,frame,9
6451.425219983001,child2,645087,frame,155
6451.432426523,child3,645087,frame,53
6451.441553062,child5,645087,frame,128
6451.448580935999,child1,645087,frame,52
6451.453591685,child9,645087,frame,157
6451.4673803059995,child4,645087,frame,138
6451.488271343001,child6,645087,frame,17
6451.488455718,child7,645087,frame,151
6451.498224299,child10,645087,frame,52
6451.514844003999,child8,645087,frame,138
6461.516538308,child8,646097,frame,-76
6461.52864668,child2,646097,frame,-82
6461.53796847,child3,646097,frame,128
6461.546591259,child5,646097,frame,-74
6461.54970055,child1,646097,frame,-1
6461.558874215,child9,646097,frame,-73
6461.576119044001,child4,646097,frame,-65
6461.590110833001,child7,646097,frame,-102
6461.591347666,child6,646097,frame,13
6461.602965122001,child10,646097,frame,-69
6470.608123028,child10,647006,frame,171
6470.622242983,child8,647006,frame,52
6470.635165938,child2,647006,frame,26
6470.642383937,child3,647006,frame,15
6470.651388643,child5,647006,frame,28
6470.653084142999,child1,647006,frame,8
6470.662022181999,child9,647006,frame,135
6470.682970261,child4,647006,frame,14
6470.692993342,child6,647006,frame,0
6470.693634425001,child7,647006,frame,57
6480.712311642001,child10,648016,frame,-206
6480.724132388999,child8,648016,frame,-127
6480.743411551,child2,648016,frame,47
6480.7463454670005,child3,648016,frame,-88
6480.755411298999,child1,648016,frame,-2
6480.75647909,child5,648016,frame,-70
6480.769330921,child9,648016,frame,-83
6480.786177542,child4,648016,frame,5
6480.7936686230005,child6,648016,frame,-109
6480.802583413,child7,648016,frame,16
6490.806437257999,child7,649026,frame,-127
6490.812685215,child10,649026,frame,42
6490.828840086,child8,649026,frame,126
6490.8513074150005,child2,649026,frame,-112
6490.8531140390005,child3,649026,frame,-88
6490.859550788,child5,649026,frame,55
6490.861888662001,child1,649026,frame,-73
6490.869327119,child9,649026,frame,24
6490.887182573,child4,649026,frame,5
6490.901060737,child6,649026,frame,16
6500.911981872,child7,650036,frame,159
6500.914998413,child10,650036,frame,54
6500.935403492,child8,650036,frame,-66
6500.953970404,child3,650036,frame,170
6500.957287528,child2,650036,frame,55
6500.967038943,child1,650036,frame,-65
6500.968240734,child5,650036,frame,-85
6500.975325524,child9,650036,frame,41
6500.99167452,child4,650036,frame,-74
6501.004143393,child6,650036,frame,35
6511.018394236,child7,651046,frame,-81
6511.021049652,child10,651046,frame,-74
6511.040159106,child8,651046,frame,-78
6511.056255685,child3,651046,frame,-213
6511.064101225,child2,651046,frame,39
6511.070965389999,child1,651046,frame,131
6511.072984930999,child5,651046,frame,11
6511.079947763,child9,651046,frame,-84
6511.093250342999,child4,651046,frame,12
6511.105641216,child6,651046,frame,17
6521.109840018999,child6,652056,frame,140
6521.1213156,child7,652056,frame,136
6521.125767099,child10,652056,frame,123
6521.144205136,child8,652056,frame,181
6521.162821673999,child3,652056,frame,176
6521.167980755999,child2,652056,frame,31
6521.175320171001,child5,652056,frame,46
6521.178312295,child1,652056,frame,54
6521.185575377,child9,652056,frame,167
6521.200029664999,child4,652056,frame,126
6531.216234633,child6,653066,frame,-124
6531.224246213999,child7,653066,frame,-194
6531.230913838,child10,653066,frame,-81
6531.247562459001,child8,653066,frame,-200
6531.269224079,child3,653066,frame,-98
6531.27111687,child2,653066,frame,6
6531.2828928260005,child5,653066,frame,-79
6531.283193242,child1,653066,frame,-79
6531.292499949,child9,653066,frame,-71
6531.305853612,child4,653066,frame,-79
6541.311110707,child4,654076,frame,7
6541.319547414,child6,654076,frame,15
6541.327436537001,child7,654076,frame,139
6541.338577326,child10,654076,frame,60
6541.351941823,child8,654076,frame,135
6541.372371484999,child3,654076,frame,168
6541.379426858,child2,654076,frame,39
6541.385546524,child1,654076,frame,0
6541.38789244,child5,654076,frame,134
6541.394319105,child9,654076,frame,34
6551.4152576550005,child4,655086,frame,1
6551.422622653,child6,655086,frame,17
6551.43412415,child7,655086,frame,-122
6551.444208273,child10,655086,frame,43
6551.454577771,child8,655086,frame,48
6551.4742951,child3,655086,frame,-90
6551.483209598,child2,655086,frame,-101
6551.485658764,child1,655086,frame,17
6551.493547512,child5,655086,frame,48
6551.497528886,child9,655086,frame,17
6561.522819351,child4,656096,frame,18
6561.526172476,child6,656096,frame,13
6561.537978431001,child7,656096,frame,131
6561.546589679,child10,656096,frame,-85
6561.559754051,child8,656096,frame,4
6561.577069172,child3,656096,frame,29
6561.590143378,child1,656096,frame,-1
6561.590186253,child2,656096,frame,36
6561.598154417,child5,656096,frame,-80
6561.603078374999,child9,656096,frame,28
6570.6012209069995,child5,657005,frame,148
6570.609739613999,child9,657005,frame,21
6570.625842777,child4,657005,frame,132
6570.630211734,child6,657005,frame,172
6570.643366148,child7,657005,frame,124
6570.651800604,child10,657005,frame,152
6570.663808143,child8,657005,frame,38
6570.68362568,child3,657005,frame,135
6570.693024762,child2,657005,frame,56
6570.6945822200005,child1,657005,frame,177
6580.699509147999,child1,658015,frame,-77
6580.707876979,child5,658015,frame,-75
6580.712794895,child9,658015,frame,9
6580.731462391001,child4,658015,frame,-206
6580.7328952240005,child6,658015,frame,-211
6580.7472441790005,child7,658015,frame,-103
6580.755522885001,child10,658015,frame,-97
6580.768947007001,child8,658015,frame,-86
6580.784864878,child3,658015,frame,-121
6580.796368167,child2,658015,frame,-109
6590.80346922,child1,659025,frame,28
6590.803527804001,child2,659025,frame,32
6590.814533843,child5,659025,frame,29
6590.8178053,child9,659025,frame,134
6590.832585464,child6,659025,frame,145
6590.8373225039995,child4,659025,frame,184
6590.848602585,child7,659025,frame,2
6590.862256332,child10,659025,frame,43
6590.8726936210005,child8,659025,frame,123
6590.887594576,child3,659025,frame,37
6600.910319834001,child1,660035,frame,-89
6600.911297667,child2,660035,frame,-111
6600.9173642490005,child5,660035,frame,-101
6600.921625748,child9,660035,frame,-208
6600.932632120001,child6,660035,frame,-204
6600.9373976609995,child4,660035,frame,-213
6600.9519895329995,child7,660035,frame,-69
6600.969173695,child10,660035,frame,28
6600.977071652,child8,660035,frame,-108
6600.994640815,child3,660035,frame,-119
6611.015145239,child2,661045,frame,50
6611.015395448,child1,661045,frame,52
6611.025918945,child5,661045,frame,-85
6611.026899112,child9,661045,frame,17
6611.039877109,child4,661045,frame,13
6611.040024942,child6,661045,frame,149
6611.054830022,child7,661045,frame,-1
6611.07709335,child10,661045,frame,-89
6611.082500474,child8,661045,frame,3
6611.094722555001,child3,661045,frame,37
6621.098985066001,child3,662055,frame,21
6621.119319187001,child1,662055,frame,-89
6621.122963311,child2,662055,frame,172
6621.128991809999,child5,662055,frame,165
6621.132893684,child9,662055,frame,52
6621.144895306,child4,662055,frame,129
6621.14912418,child6,662055,frame,-71
6621.1594539689995,child7,662055,frame,57
6621.183894672,child10,662055,frame,18
6621.185962755,child8,662055,frame,25
6631.2071420130005,child3,663065,frame,-88
6631.223491092001,child1,663065,frame,44
6631.232695756999,child2,663065,frame,-218
6631.236053256001,child5,663065,frame,-76
6631.23619759,child9,663065,frame,-124
6631.253281961,child4,663065,frame,-73
6631.256889042999,child6,663065,frame,-124
6631.265322875,child7,663065,frame,-80
6631.288044618999,child10,663065,frame,-86
6631.2891469529995,child8,663065,frame,33
6641.314754917999,child3,664075,frame,37
6641.322955999,child1,664075,frame,-88
6641.336689996,child2,664075,frame,154
6641.339949287,child9,664075,frame,142
6641.342039536999,child5,664075,frame,46
6641.355677783,child6,664075,frame,15
6641.356430700001,child4,664075,frame,59
6641.373682195999,child7,664075,frame,57
6641.391948316999,child10,664075,frame,178
6641.393549567,child8,664075,frame,-75
6651.400072953,child8,665085,frame,41
6651.421981948,child3,665085,frame,35
6651.422085948,child1,665085,frame,46
6651.439477527,child2,665085,frame,-91
6651.4474090250005,child9,665085,frame,-123
6651.449501942,child5,665085,frame,-95
6651.457495148,child6,665085,frame,17
6651.464642105,child4,665085,frame,-71
6651.481235267999,child7,665085,frame,-124
6651.4971471809995,child10,665085,frame,-105
6661.501956359,child10,666095,frame,50
6661.503815525,child8,666095,frame,41
6661.5279702279995,child3,666095,frame,47
6661.533268352,child1,666095,frame,-2
6661.540617142,child2,666095,frame,52
6661.54928414,child9,666095,frame,0
6661.557055138001,child5,666095,frame,59
6661.564089887,child6,666095,frame,54
6661.574009217999,child4,666095,frame,17
6661.583779507,child7,666095,frame,13
6670.607270951,child10,667004,frame,-107
6670.611477867,child8,667004,frame,-77
6670.631199112,child3,667004,frame,-73
6670.6393656519995,child1,667004,frame,-121
6670.645419484,child2,667004,frame,-114
6670.655547814999,child9,667004,frame,46
6670.6590834809995,child5,667004,frame,-102
6670.669189895,child6,667004,frame,42
6670.677748185,child4,667004,frame,1
6670.686571433001,child7,667004,frame,12
6680.694472319001,child7,668014,frame,131
6680.712543189999,child10,668014,frame,52
6680.719367563,child8,668014,frame,48
6680.732538893,child3,668014,frame,45
6680.7413561,child1,668014,frame,140
6680.753122555,child2,668014,frame,38
6680.760279387,child9,668014,frame,-91
6680.761626095,child5,668014,frame,126
6680.772665051,child6,668014,frame,-80
6680.784133382,child4,668014,frame,-111
6690.790661476,child4,669024,frame,133
6690.8027375149995,child7,669024,frame,3
6690.815625846,child10,669024,frame,159
6690.824665552,child8,669024,frame,33
6690.841198339999,child3,669024,frame,28
6690.846542546999,child1,669024,frame,54
6690.863928835,child2,669024,frame,39
6690.864810668,child9,669024,frame,150
6690.867662875,child5,669024,frame,58
6690.876146207,child6,669024,frame,140
6700.89663009,child4,670034,frame,-116
6700.906418838,child7,670034,frame,-79
6700.920937668,child10,670034,frame,-102
6700.927985166,child8,670034,frame,45
6700.943458246,child3,670034,frame,29
6700.949274828,child1,670034,frame,-72
6700.968565907,child2,670034,frame,-86
6700.971652698,child9,670034,frame,-71
6700.97695828,child5,670034,frame,-103
6700.981209237,child6,670034,frame,16
6711.002175245,child4,671044,frame,146
6711.013232493,child7,671044,frame,144
6711.022374241,child10,671044,frame,-89
6711.032753113,child8,671044,frame,24
6711.046337069,child3,671044,frame,29
6711.054699691999,child1,671044,frame,135
6711.071560271,child2,671044,frame,134
6711.075159311999,child9,671044,frame,25
6711.08336056,child5,671044,frame,54
6711.083845643,child6,671044,frame,8
6721.111165317,child4,672054,frame,-65
6721.118377815,child7,672054,frame,-195
6721.130634229,child10,672054,frame,-89
6721.138260686,child8,672054,frame,-207
6721.153973807,child3,672054,frame,-112
6721.161377722,child1,672054,frame,-206
6721.175431469,child2,672054,frame,-112
6721.178066343,child9,672054,frame,-116
6721.184603299999,child6,672054,frame,-71
6721.188012674,child5,672054,frame,-86
6731.193206852,child6,673064,frame,1
6731.216431347,child4,673064,frame,12
6731.220991346,child7,673064,frame,6
6731.233920718,child10,673064,frame,4
6731.2448798820005,child8,673064,frame,39
6731.259910171,child3,673064,frame,29
6731.261245545,child1,673064,frame,60
6731.280968749,child2,673064,frame,0
6731.282536248999,child9,673064,frame,42
6731.290052622,child5,673064,frame,-68
6741.292013675999,child5,674074,frame,180
6741.294592384001,child6,674074,frame,17
6741.323101961,child4,674074,frame,5
6741.327043668,child7,674074,frame,136
6741.340712998,child10,674074,frame,123
6741.350286038,child8,674074,frame,41
6741.362335035,child1,674074,frame,60
6741.365515909,child3,674074,frame,29
6741.387449071,child9,674074,frame,8
6741.388437529001,child2,674074,frame,55
6751.392947083,child9,675084,frame,150
6751.393113999,child2,675084,frame,55
6751.3974839150005,child5,675084,frame,-67
6751.40518308,child6,675084,frame,0
6751.426352533,child4,675084,frame,5
6751.433402115001,child7,675084,frame,-87
6751.44715857,child10,675084,frame,-73
6751.4537195269995,child8,675084,frame,58
6751.46806444,child3,675084,frame,29
6751.475110147,child1,675084,frame,-73
6761.498813655,child9,676094,frame,12
6761.500726696,child5,676094,frame,34
6761.5014639870005,child2,676094,frame,18
6761.5066700689995,child6,676094,frame,129
6761.530836356,child4,676094,frame,131
6761.538432062,child7,676094,frame,2
6761.552160559,child10,676094,frame,32
6761.559729724,child8,676094,frame,26
6761.5720469709995,child3,676094,frame,16
6761.586171176,child1,676094,frame,44
6770.593081082,child1,677003,frame,1
6770.603194663,child9,677003,frame,-100
6770.605161996001,child5,677003,frame,-103
6770.607689744999,child2,677003,frame,-114
6770.611309411001,child6,677003,frame,-224
6770.639619071,child4,677003,frame,-78
6770.643257821001,child7,677003,frame,-76
6770.659162608999,child10,677003,frame,33
6770.663076608001,child8,677003,frame,-94
6770.67438748,child3,677003,frame,-195
6780.695543655,child1,678013,frame,123
6780.7097117349995,child5,678013,frame,126
6780.7098826930005,child2,678013,frame,55
6780.7121338590005,child9,678013,frame,133
6780.714427109,child6,678013,frame,142
6780.741745478,child4,678013,frame,59
6780.748774226,child7,678013,frame,152
6780.76106514,child10,678013,frame,6
6780.770456763,child8,678013,frame,182
6780.776484553,child3,678013,frame,168
6790.783680981,child3,679023,frame,-115
6790.7981839779995,child1,679023,frame,-89
6790.813275140999,child5,679023,frame,-85
6790.815963557,child2,679023,frame,-103
6790.818775223,child9,679023,frame,-124
6790.819174514,child6,679023,frame,-126
6790.842467592,child4,679023,frame,-86
6790.854720423,child7,679023,frame,-124
6790.865199962001,child10,679023,frame,60
6790.871355253,child8,679023,frame,-100
6800.88633447,child3,680033,frame,44
6800.903672425,child1,680033,frame,124
6800.915309797,child5,680033,frame,56
6800.918623588001,child2,680033,frame,128
6800.922482962,child9,680033,frame,18
6800.92526242,child6,680033,frame,142
6800.952465747,child4,680033,frame,125
6800.962726285999,child7,680033,frame,139
6800.972536076,child10,680033,frame,-81
6800.978205365999,child8,680033,frame,39
6810.983634836,child8,681043,frame,29
6810.991097751,child3,681043,frame,154
6811.008665497,child1,681043,frame,22
6811.018253661,child5,681043,frame,57
6811.021199036,child2,681043,frame,163
6811.024394618,child9,681043,frame,251
6811.0303392000005,child6,681043,frame,-71
6811.057864818999,child4,681043,frame,-87
6811.0667305669995,child7,681043,frame,58
6811.07406144,child10,681043,frame,168
6821.088977241,child8,682053,frame,-117
6821.096054115,child3,682053,frame,-112
6821.11048082,child1,682053,frame,-103
6821.1241168999995,child5,682053,frame,-103
6821.1261505659995,child2,682053,frame,-359
6821.127517315999,child9,682053,frame,-235
6821.132783148,child6,682053,frame,-1
6821.1644043490005,child4,682053,frame,1
6821.175684221999,child7,682053,frame,-95
6821.179089763,child10,682053,frame,-230
6831.1905740639995,child8,683063,frame,26
6831.199206104,child3,683063,frame,29
6831.212016351001,child1,683063,frame,37
6831.226565181,child5,683063,frame,54
6831.231846971999,child6,683063,frame,21
6831.232190722,child2,683063,frame,171
6831.233430555,child9,683063,frame,56
6831.271408629,child4,683063,frame,-80
6831.282715335,child7,683063,frame,11
6831.282812043,child10,683063,frame,167
6841.286321347,child10,684073,frame,-94
6841.287780763,child7,684073,frame,0
6841.297851136,child8,684073,frame,44
6841.306849342,child3,684073,frame,-96
6841.317145173,child1,684073,frame,-85
6841.331109045,child6,684073,frame,-126
6841.33301992,child5,684073,frame,-85
6841.334982544,child2,684073,frame,-76
6841.338895502,child9,684073,frame,1
6841.373887994,child4,684073,frame,-74
6851.390446211,child10,685083,frame,44
6851.390990961,child7,685083,frame,45
6851.403734957999,child8,685083,frame,25
6851.414045997,child3,685083,frame,45
6851.421139454,child1,685083,frame,36
6851.439412533,child2,685083,frame,125
6851.44047045,child6,685083,frame,33
6851.440926783,child5,685083,frame,55
6851.442289324,child9,685083,frame,-123
6851.483089773,child4,685083,frame,138
6861.487806409999,child4,686093,frame,-71
6861.493786909,child10,686093,frame,-84
6861.498021866,child7,686093,frame,-79
6861.510382988,child8,686093,frame,-98
6861.518084653,child3,686093,frame,18
6861.527689443,child1,686093,frame,30
6861.5444940219995,child2,686093,frame,-90
6861.544698897001,child5,686093,frame,-86
6861.546591313,child9,686093,frame,4
6861.549057646,child6,686093,frame,5
6870.590247751999,child4,687002,frame,13
6870.60096875,child10,687002,frame,32
6870.603104333,child7,687002,frame,43
6870.612462997,child8,687002,frame,-80
6870.621293454,child3,687002,frame,8
6870.632351285,child1,687002,frame,-76
6870.648404198,child2,687002,frame,8
6870.650704989001,child9,687002,frame,25
6870.651868322,child5,687002,frame,54
6870.652787197,child6,687002,frame,7
6880.699595782,child4,688012,frame,-66
6880.70680428,child7,688012,frame,-76
6880.707843072,child10,688012,frame,-73
6880.717291111,child8,688012,frame,41
6880.723586985,child3,688012,frame,-231
6880.733540274,child1,688012,frame,36
6880.751833853,child2,688012,frame,39
6880.755264394,child6,688012,frame,8
6880.756018311001,child5,688012,frame,46
6880.757211644001,child9,688012,frame,2
6890.805224604001,child4,689022,frame,20
6890.813371436,child10,689022,frame,34
6890.814962267999,child7,689022,frame,-72
6890.821015809,child8,689022,frame,57
6890.825045683,child3,689022,frame,176
6890.839048971,child1,689022,frame,-81
6890.8543126760005,child2,689022,frame,47
6890.858344175,child6,689022,frame,24
6890.861076175,child5,689022,frame,-79
6890.8622688410005,child9,689022,frame,1
6900.911322051,child4,690032,frame,14
6900.917253675,child7,690032,frame,26
6900.918392424001,child10,690032,frame,8
6900.9250656310005,child8,690032,frame,-84
6900.92973288,child3,690032,frame,-74
6900.945286043,child1,690032,frame,-2
6900.959042873,child2,690032,frame,-79
6900.963045289,child6,690032,frame,16
6900.965075039,child5,690032,frame,1
6900.9693357880005,child9,690032,frame,16
6910.976838091,child9,691042,frame,-116
6911.0148698739995,child4,691042,frame,14
6911.023544080001,child7,691042,frame,16
6911.024063205,child10,691042,frame,-80
6911.02927887,child8,691042,frame,-85
6911.031665578001,child3,691042,frame,51
6911.050814198999,child1,691042,frame,52
6911.063472196,child2,691042,frame,-92
6911.0670319870005,child6,691042,frame,-109
6911.073038068999,child5,691042,frame,56
6921.079524622,child9,692052,frame,33
6921.122406154001,child4,692052,frame,8
6921.128930444001,child10,692052,frame,138
6921.129762902,child7,692052,frame,-2
6921.1302128180005,child8,692052,frame,11
6921.136149859,child3,692052,frame,33
6921.149948481,child1,692052,frame,-73
6921.167718518,child2,692052,frame,126
6921.172240016999,child6,692052,frame,51
6921.174646767,child5,692052,frame,56
6931.176231196,child6,693062,frame,17
6931.180543402999,child5,693062,frame,-67
6931.182142111,child9,693062,frame,34
6931.226949434,child4,693062,frame,0
6931.22966085,child10,693062,frame,52
6931.234249683001,child7,693062,frame,19
6931.235910057,child8,693062,frame,126
6931.242174389,child3,693062,frame,37
6931.254402678,child1,693062,frame,54
6931.271655716,child2,693062,frame,-86
6941.277440977,child2,694072,frame,46
6941.278870601999,child6,694072,frame,15
6941.28718935,child9,694072,frame,17
6941.2874939329995,child5,694072,frame,-72
6941.3346145470005,child10,694072,frame,-73
6941.334999422,child4,694072,frame,-110
6941.339885421001,child8,694072,frame,-69
6941.342039421,child7,694072,frame,6
6941.347830753,child3,694072,frame,-88
6941.3646260820005,child1,694072,frame,-71
6951.379964425,child6,695082,frame,17
6951.381933549,child2,695082,frame,48
6951.390761672001,child9,695082,frame,125
6951.392658089,child5,695082,frame,54
6951.438170245,child10,695082,frame,51
6951.440584286,child4,695082,frame,40
6951.444204119,child8,695082,frame,138
6951.45112195,child7,695082,frame,19
6951.452741575,child3,695082,frame,53
6951.468560321,child1,695082,frame,132
6961.48064254,child6,696092,frame,13
6961.490725746,child2,696092,frame,-206
6961.49287987,child9,696092,frame,-121
6961.496234202999,child5,696092,frame,-72
6961.543351025,child10,696092,frame,32
6961.546814025,child4,696092,frame,22
6961.547505066,child8,696092,frame,-92
6961.55858523,child3,696092,frame,50
6961.560131105,child7,696092,frame,23
6961.574314893,child1,696092,frame,46
6970.577109592,child1,697001,frame,-66
6970.587067881001,child6,697001,frame,0
6970.595819004,child9,697001,frame,46
6970.595978421,child2,697001,frame,172
6970.600075753,child5,697001,frame,45
6970.6489879499995,child10,697001,frame,-104
6970.6515352,child8,697001,frame,-73
6970.652483783,child4,697001,frame,-104
6970.661475948001,child7,697001,frame,49
6970.666291196,child3,697001,frame,-67
6980.668238459,child7,698011,frame,-124
6980.672241083,child3,698011,frame,-81
6980.682108664,child1,698011,frame,-79
6980.694118494999,child6,698011,frame,-109
6980.701171535,child9,698011,frame,-108
6980.701574576,child2,698011,frame,-80
6980.704642201,child5,698011,frame,-70
6980.750052899,child10,698011,frame,-73
6980.758890938,child4,698011,frame,28
6980.759619271,child8,698011,frame,145
6990.772603365001,child7,699021,frame,-2
6990.77613753,child3,699021,frame,45
6990.787568903,child1,699021,frame,9
6990.801525191,child6,699021,frame,32
6990.806867857,child9,699021,frame,139
6990.807306648,child2,699021,frame,125
6990.809217981,child5,699021,frame,19
6990.852506555,child10,699021,frame,59
6990.863528176999,child4,699021,frame,30
6990.8643993020005,child8,699021,frame,-83
7000.868871397,child4,700031,frame,28
7000.869728522,child8,700031,frame,57
7000.872702438,child7,700031,frame,19
7000.879444561,child3,700031,frame,45
7000.891710559,child1,700031,frame,60
7000.907264638,child6,700031,frame,16
7000.910955679,child2,700031,frame,39
7000.913131387,child9,700031,frame,1
7000.914270511999,child5,700031,frame,132
7000.955556252,child10,700031,frame,44
7010.974166094001,child4,701041,frame,-96
7010.975887052,child8,701041,frame,-92
7010.977240677,child7,701041,frame,-1
7010.981074051,child3,701041,frame,-82
7010.9913171319995,child1,701041,frame,44
7011.009327836,child6,701041,frame,36
7011.017402709,child5,701041,frame,-126
7011.018112793,child2,701041,frame,-78
7011.019082959,child9,701041,frame,-123
7011.063506032,child10,701041,frame,-73
7021.078858416,child8,702051,frame,55
7021.079654125,child7,702051,frame,18
7021.080689791001,child4,702051,frame,45
7021.085226707,child3,702051,frame,59
7021.0935333709995,child1,702051,frame,-81
7021.114192408,child6,702051,frame,15
7021.12034724,child2,702051,frame,29
7021.123262031,child5,702051,frame,10
7021.123800573,child9,702051,frame,142
7021.166959146,child10,702051,frame,130
7031.169871825,child10,703061,frame,-99
7031.183545697,child4,703061,frame,-96
7031.1842329050005,child8,703061,frame,59
7031.186078154999,child7,703061,frame,-1
7031.19434557,child3,703061,frame,43
7031.199048735,child1,703061,frame,-81
7031.217480398001,child6,703061,frame,-108
7031.224276188,child5,703061,frame,1
7031.224843271,child2,703061,frame,47
7031.231634603,child9,703061,frame,-79
7041.274516804,child10,704071,frame,0
7041.289444217,child4,704071,frame,46
7041.290826842,child7,704071,frame,19
7041.291362092001,child8,704071,frame,48
7041.299630672999,child3,704071,frame,-82
7041.3137925030005,child1,704071,frame,130
7041.322499293001,child6,704071,frame,31
7041.329381541,child5,704071,frame,9
7041.334383749,child2,704071,frame,-78
7041.334482582,child9,704071,frame,-100
7051.378872932,child10,705081,frame,129
7051.393525679,child4,705081,frame,48
7051.393573137,child7,705081,frame,144
7051.399182886,child8,705081,frame,33
7051.4050236759995,child3,705081,frame,166
7051.419903673,child1,705081,frame,123
7051.426061755,child6,705081,frame,158
7051.436019877,child5,705081,frame,144
7051.437490169,child2,705081,frame,32
7051.441040585,child9,705081,frame,151
7061.4841389349995,child10,706091,frame,-83
7061.498465807,child7,706091,frame,-73
7061.501768806001,child4,706091,frame,-94
7061.506095639,child8,706091,frame,-216
7061.51215772,child3,706091,frame,-91
7061.523424925999,child1,706091,frame,-88
7061.5303340499995,child6,706091,frame,-112
7061.543136338,child2,706091,frame,26
7061.543344838,child5,706091,frame,-73
7061.548736795,child9,706091,frame,12
7070.586009549001,child10,707000,frame,-100
7070.603878628,child7,707000,frame,-71
7070.606850586,child4,707000,frame,176
7070.607840419,child8,707000,frame,184
7070.616059999999,child3,707000,frame,10
7070.628522079999,child1,707000,frame,-76
7070.629476997,child6,707000,frame,125
7070.646963618,child5,707000,frame,28
7070.649814075,child2,707000,frame,5
7070.6562131989995,child9,707000,frame,7
7080.663977016,child9,708010,frame,10
7080.689029344,child10,708010,frame,185
7080.707704715001,child7,708010,frame,54
7080.712410671999,child8,708010,frame,-100
7080.715233838,child4,708010,frame,-219
7080.72151992,child3,708010,frame,37
7080.730353043,child6,708010,frame,-125
7080.730487293,child1,708010,frame,46
7080.753522954,child2,708010,frame,-86
7080.753815412,child5,708010,frame,-77
7090.758101272,child5,709020,frame,9
7090.759909938,child2,709020,frame,37
7090.767296395,child9,709020,frame,-116
7090.790973888999,child10,709020,frame,44
7090.8145339249995,child7,709020,frame,3
7090.816961967,child8,709020,frame,-2
7090.819312841,child4,709020,frame,143
7090.825025381,child3,709020,frame,-89
7090.832982379,child6,709020,frame,141
7090.835610712,child1,709020,frame,46
7100.860050734001,child5,710030,frame,181
7100.866307774,child2,710030,frame,42
7100.872651189,child9,710030,frame,134
7100.896742391999,child10,710030,frame,10
7100.9196469280005,child8,710030,frame,32
7100.921523428,child4,710030,frame,36
7100.921889345,child7,710030,frame,0
7100.929711968,child3,710030,frame,37
7100.939460715,child1,710030,frame,46
7100.940092465,child6,710030,frame,-106
7110.965174029,child5,711040,frame,-75
7110.969229818999,child2,711040,frame,-86
7110.97451511,child9,711040,frame,-71
7110.997110521,child10,711040,frame,-87
7111.024615431,child8,711040,frame,-74
7111.02488014,child7,711040,frame,-81
7111.0276693470005,child4,711040,frame,-87
7111.039557178,child1,711040,frame,-220
7111.039743552999,child3,711040,frame,-88
7111.045582093,child6,711040,frame,17
7121.071090531,child5,712050,frame,37
7121.072529489001,child2,712050,frame,55
7121.076964572,child9,712050,frame,9
7121.1041478570005,child10,712050,frame,-89
7121.127561893,child7,712050,frame,8
7121.12871131,child8,712050,frame,48
7121.132280475,child4,712050,frame,36
7121.1447789310005,child3,712050,frame,53
7121.145421306,child1,712050,frame,125
7121.1484744300005,child6,712050,frame,-1
7131.174507826,child5,713060,frame,-95
7131.180259658,child2,713060,frame,-104
7131.1806307,child9,713060,frame,-68
7131.206198236,child10,713060,frame,43
7131.233746937,child7,713060,frame,-72
7131.234013812,child8,713060,frame,-77
7131.234245937,child4,713060,frame,-88
7131.245879393,child3,713060,frame,37
7131.250109767,child1,713060,frame,-81
7131.250862725,child6,713060,frame,-124
7141.281169162,child5,714070,frame,181
7141.282723454,child9,714070,frame,17
7141.286111744,child2,714070,frame,182
7141.310250364,child10,714070,frame,52
7141.337571774,child4,714070,frame,-72
7141.337679857,child7,714070,frame,34
7141.339165107,child8,714070,frame,19
7141.351143896,child3,714070,frame,51
7141.353197229,child1,714070,frame,6
7141.3544323119995,child6,714070,frame,156
7151.388106165,child5,715080,frame,24
7151.389980331,child9,715080,frame,0
7151.390427664,child2,715080,frame,39
7151.41553595,child10,715080,frame,36
7151.440774819,child7,715080,frame,131
7151.443013444,child8,715080,frame,39
7151.443257694001,child4,715080,frame,53
7151.455412357,child1,715080,frame,60
7151.456028524,child3,715080,frame,35
7151.459548606,child6,715080,frame,1
7161.461191134,child1,716090,frame,45
7161.461361967,child3,716090,frame,-93
7161.464135175,child6,716090,frame,-94
7161.49148771,child5,716090,frame,39
7161.49225021,child2,716090,frame,-89
7161.492833126,child9,716090,frame,20
7161.520433078001,child10,716090,frame,18
7161.544627906001,child7,716090,frame,-124
7161.548480613,child8,716090,frame,57
7161.551002071,child4,716090,frame,6
7171.5645477200005,child3,717100,frame,47
7171.565522803,child1,717100,frame,45
7171.570350261,child6,717100,frame,12
7171.594420963,child5,717100,frame,4
7171.595615337999,child9,717100,frame,145
7171.597616546001,child2,717100,frame,18
7171.625657539,child10,717100,frame,16
7171.648357575999,child7,717100,frame,23
7171.655141199,child8,717100,frame,58
7171.657795573,child4,717100,frame,45
7180.65383967,child7,718009,frame,-69
7180.657794836,child8,718009,frame,-87
7180.6602385020005,child4,718009,frame,-67
7180.671270666,child1,718009,frame,-194
7180.671742583,child3,718009,frame,52
7180.672179957,child6,718009,frame,57
7180.697461117999,child5,718009,frame,-83
7180.699239826,child2,718009,frame,-113
7180.70253545,child9,718009,frame,-108
7180.729638569001,child10,718009,frame,-106
7190.7578586320005,child7,719019,frame,159
7190.760688423,child8,719019,frame,49
7190.761976797,child4,719019,frame,8
7190.773007711,child6,719019,frame,-98
7190.773086836,child1,719019,frame,138
7190.776215169,child3,719019,frame,-96
7190.800749247,child5,719019,frame,21
7190.802349453999,child2,719019,frame,55
7190.806313495,child9,719019,frame,0
7190.8372774459995,child10,719019,frame,52
7200.863565301001,child7,720029,frame,-72
7200.865153758999,child8,720029,frame,-73
7200.867902008,child4,720029,frame,-125
7200.874007965001,child1,720029,frame,-89
7200.875933382,child6,720029,frame,24
7200.880503005,child3,720029,frame,28
7200.907111708,child5,720029,frame,-115
7200.908534999,child2,720029,frame,39
7200.912966581,child9,720029,frame,9
7200.937844409,child10,720029,frame,-89
7210.969265846,child7,721039,frame,19
7210.970372304,child4,721039,frame,150
7210.971563927999,child8,721039,frame,-77
7210.9805334679995,child1,721039,frame,0
7210.984629342,child6,721039,frame,24
7210.9873723,child3,721039,frame,29
7211.00837967,child5,721039,frame,148
7211.013165669,child2,721039,frame,-104
7211.01589171,child9,721039,frame,10
7211.039833287,child10,721039,frame,35
7221.072949057,child8,722049,frame,128
7221.074321182001,child4,722049,frame,-107
7221.074945057,child7,722049,frame,-72
7221.0860669290005,child1,722049,frame,-71
7221.088074137,child6,722049,frame,-117
7221.0946407599995,child3,722049,frame,-96
7221.115527381,child5,722049,frame,-114
7221.120787088,child2,722049,frame,-86
7221.121440087,child9,722049,frame,-124
7221.148126165,child10,722049,frame,-89
7231.153597733,child10,723059,frame,-91
7231.17873656,child7,723059,frame,19
7231.180834475999,child8,723059,frame,-93
7231.1829023089995,child4,723059,frame,-119
7231.188731183,child1,723059,frame,-126
7231.197714347,child3,723059,frame,-80
7231.199104388999,child6,723059,frame,39
7231.22024555,child5,723059,frame,21
7231.226940507,child9,723059,frame,17
7231.227443674,child2,723059,frame,134
7241.2599640690005,child10,724069,frame,133
7241.280222605,child7,724069,frame,-94
7241.283640813,child8,724069,frame,48
7241.285405979,child4,724069,frame,29
7241.287624062,child1,724069,frame,24
7241.300939559,child6,724069,frame,40
7241.303321892,child3,724069,frame,123
7241.321354887,child5,724069,frame,23
7241.331986718,child2,724069,frame,0
7241.333095301,child9,724069,frame,-2
7251.367834071,child10,725079,frame,-126
7251.383698942,child7,725079,frame,15
7251.389686566,child1,725079,frame,47
7251.390175982,child4,725079,frame,30
7251.39131344,child8,725079,frame,-122
7251.401307271,child6,725079,frame,-82
7251.410454519,child3,725079,frame,-88
7251.428957931,child5,725079,frame,-102
7251.436254055,child2,725079,frame,37
7251.440896804001,child9,725079,frame,-108
7261.470921366,child10,726089,frame,147
7261.489735653,child7,726089,frame,34
7261.494427234999,child1,726089,frame,-88
7261.495593527,child8,726089,frame,135
7261.4994862759995,child4,726089,frame,-88
7261.5033387329995,child6,726089,frame,41
7261.515686772,child3,726089,frame,53
7261.534519559,child5,726089,frame,40
7261.540725808,child2,726089,frame,-70
7261.546354432,child9,726089,frame,175
7271.552171499,child9,727099,frame,20
7271.575153577,child10,727099,frame,56
7271.596156572,child7,727099,frame,130
7271.599875697,child1,727099,frame,279
7271.600785988,child8,727099,frame,-77
7271.603706696,child4,727099,frame,45
7271.608463402999,child6,727099,frame,167
7271.620438858,child3,727099,frame,-70
7271.640584395,child5,727099,frame,155
7271.649166810001,child2,727099,frame,52
7280.643219199,child5,728008,frame,58
7280.655625279,child2,728008,frame,8
7280.655679613,child9,728008,frame,27
7280.68174219,child10,728008,frame,-86
7280.698738519,child7,728008,frame,-111
7280.705281726,child1,728008,frame,-102
7280.705753976,child8,728008,frame,22
7280.7108938910005,child4,728008,frame,43
7280.71517289,child6,728008,frame,0
7280.726680388,child3,728008,frame,136
7290.747218494,child5,729018,frame,-115
7290.759498407,child9,729018,frame,17
7290.763151115,child2,729018,frame,57
7290.783332319,child10,729018,frame,59
7290.805178604999,child1,729018,frame,145
7290.8058392719995,child7,729018,frame,14
7290.810205271,child8,729018,frame,55
7290.816952977,child4,729018,frame,30
7290.818686935,child6,729018,frame,-109
7290.8305611410005,child3,729018,frame,-80
7300.8551245379995,child5,730028,frame,22
7300.865737202,child9,730028,frame,-108
7300.87222045,child2,730028,frame,-87
7300.88668778,child10,730028,frame,-82
7300.905553984,child1,730028,frame,-120
7300.9080904,child7,730028,frame,34
7300.914435982,child8,730028,frame,-84
7300.9232849380005,child4,730028,frame,45
7300.92367973,child6,730028,frame,32
7300.940906976,child3,730028,frame,123
7310.943383503,child3,731038,frame,36
7310.95586625,child5,731038,frame,9
7310.965886956,child9,731038,frame,142
7310.976349537,child2,731038,frame,39
7310.9953289489995,child10,731038,frame,124
7311.013512695,child1,731038,frame,13
7311.013997903,child7,731038,frame,24
7311.017649694,child8,731038,frame,146
7311.02475265,child6,731038,frame,16
7311.03449569,child4,731038,frame,32
7321.049051172,child3,732048,frame,-104
7321.061909961,child5,732048,frame,-118
7321.070401126,child9,732048,frame,-204
7321.082360081,child2,732048,frame,-95
7321.099349119,child10,732048,frame,-89
7321.121405072,child7,732048,frame,-119
7321.124088238,child8,732048,frame,-211
7321.125221279,child1,732048,frame,-2
7321.126886821,child6,732048,frame,-109
7321.137147443,child4,732048,frame,-108
7331.154340342,child3,733058,frame,-80
7331.1683960889995,child5,733058,frame,25
7331.173960587,child9,733058,frame,151
7331.18491971,child2,733058,frame,57
7331.206287621,child10,733058,frame,60
7331.225209825,child1,733058,frame,-65
7331.229343033,child7,733058,frame,26
7331.230364282,child6,733058,frame,32
7331.230511574,child8,733058,frame,135
7331.241774237999,child4,733058,frame,31
7341.249314889,child4,734068,frame,-93
7341.259319512001,child3,734068,frame,170
7341.2717503,child5,734068,frame,25
7341.277810549001,child9,734068,frame,56
7341.292971795,child2,734068,frame,55
7341.309723583,child10,734068,frame,36
7341.32899587,child1,734068,frame,132
7341.3326045779995,child7,734068,frame,131
7341.336440452,child6,734068,frame,36
7341.337171535,child8,734068,frame,-2
7351.347007769,child6,735078,frame,-110
7351.352439517,child4,735078,frame,-75
7351.364606889,child3,735078,frame,-96
7351.376287345,child5,735078,frame,-119
7351.382724385,child9,735078,frame,-124
7351.398513298001,child2,735078,frame,-87
7351.4124925450005,child10,735078,frame,-82
7351.432026749,child1,735078,frame,-87
7351.43895933,child7,735078,frame,-114
7351.44195058,child8,735078,frame,56
7361.447044606,child8,736088,frame,-68
7361.4502808140005,child6,736088,frame,48
7361.457238937,child4,736088,frame,45
7361.466479934999,child3,736088,frame,29
7361.484252806001,child5,736088,frame,37
7361.485790555001,child9,736088,frame,0
7361.50305576,child2,736088,frame,38
7361.518106339,child10,736088,frame,60
7361.537514877,child1,736088,frame,16
7361.54210125,child7,736088,frame,40
7371.550719734,child8,737098,frame,-76
7371.553052942,child7,737098,frame,-120
7371.55491765,child6,737098,frame,-81
7371.562197564999,child4,737098,frame,-79
7371.574124896,child3,737098,frame,-85
7371.5897464340005,child5,737098,frame,-81
7371.592642225,child9,737098,frame,-105
7371.607808429,child2,737098,frame,-73
7371.627770008,child10,737098,frame,-101
7371.643288546,child1,737098,frame,-125
7380.643278433,child1,738007,frame,163
7380.654452222,child8,738007,frame,128
7380.658518055,child7,738007,frame,151
7380.659335138,child6,738007,frame,153
7380.667772428001,child4,738007,frame,56
7380.675434301,child3,738007,frame,14
7380.693926796001,child5,738007,frame,23
7380.698058545,child9,738007,frame,59
7380.710037126,child2,738007,frame,164
7380.734038119999,child10,738007,frame,41
7390.74023898,child10,739017,frame,-207
7390.743416729,child1,739017,frame,-126
7390.759471225,child8,739017,frame,-66
7390.762058849999,child6,739017,frame,-93
7390.7640459740005,child7,739017,frame,-119
7390.773942764,child4,739017,frame,-1
7390.779753512,child3,739017,frame,51
7390.796122925,child5,739017,frame,48
7390.8023705900005,child9,739017,frame,18
7390.818526336,child2,739017,frame,-103
7400.847571357,child10,740027,frame,272
7400.854421772,child1,740027,frame,16
7400.863038187,child8,740027,frame,1
7400.865524436,child6,740027,frame,47
7400.8661377280005,child7,740027,frame,42
7400.880644766,child4,740027,frame,6
7400.884340557,child3,740027,frame,-91
7400.903332969,child5,740027,frame,-122
7400.907874468,child9,740027,frame,15
7400.9264773800005,child2,740027,frame,-69
7410.952372735001,child10,741037,frame,-81
7410.964717941,child1,741037,frame,33
7410.969032815,child8,741037,frame,40
7410.970597564,child6,741037,frame,32
7410.972134856,child7,741037,frame,131
7410.987074394,child4,741037,frame,0
7410.992723059,child3,741037,frame,53
7411.004644306,child5,741037,frame,53
7411.013973429,child9,741037,frame,10
7411.032117425,child2,741037,frame,180
7421.0421317,child2,742047,frame,-86
7421.057497905,child10,742047,frame,60
7421.06975861,child1,742047,frame,-119
7421.074937734001,child7,742047,frame,-114
7421.075673609,child6,742047,frame,-93
7421.076924234,child8,742047,frame,-122
7421.09334373,child4,742047,frame,6
7421.102418061,child3,742047,frame,36
7421.111572475999,child5,742047,frame,-71
7421.121057598,child9,742047,frame,25
7431.148437911,child2,743057,frame,55
7431.1602637,child10,743057,frame,59
7431.172887739,child1,743057,frame,160
7431.176462363,child6,743057,frame,130
7431.181418153,child7,743057,frame,40
7431.182149237,child8,743057,frame,126
7431.198346441,child4,743057,frame,-1
7431.2134445209995,child3,743057,frame,53
7431.216988645,child5,743057,frame,10
7431.231967267,child9,743057,frame,-92
7441.236188835,child9,744067,frame,141
7441.254556289,child2,744067,frame,-104
7441.264717495,child10,744067,frame,-98
7441.27231891,child1,744067,frame,14
7441.277558242,child6,744067,frame,-101
7441.287904531,child7,744067,frame,7
7441.288709698,child8,744067,frame,-69
7441.303142361,child4,744067,frame,56
7441.317195148999,child3,744067,frame,-88
7441.32293269,child5,744067,frame,1
7451.345146962,child9,745077,frame,-108
7451.357295751,child2,745077,frame,-70
7451.368586498,child10,745077,frame,-2
7451.375588495999,child1,745077,frame,-112
7451.382653203001,child6,745077,frame,-85
7451.391875868,child8,745077,frame,13
7451.394665033999,child7,745077,frame,-99
7451.410043947,child4,745077,frame,-70
7451.423048193999,child3,745077,frame,-72
7451.428916942001,child5,745077,frame,9
7461.448219924,child9,746087,frame,18
7461.460171338001,child2,746087,frame,180
7461.475582209,child10,746087,frame,177
7461.482606457,child1,746087,frame,139
7461.49176783,child6,746087,frame,164
7461.496048286999,child8,746087,frame,48
7461.498039787,child7,746087,frame,131
7461.518611699,child4,746087,frame,55
7461.529751821,child3,746087,frame,53
7461.53291732,child5,746087,frame,19
7471.539262138,child5,747097,frame,-120
7471.552837552,child9,747097,frame,145
7471.564403299,child2,747097,frame,-73
7471.582686461,child10,747097,frame,-91
7471.5872608770005,child1,747097,frame,13
7471.591479168,child6,747097,frame,37
7471.60217354,child8,747097,frame,10
7471.60337654,child7,747097,frame,-100
7471.620736369,child4,747097,frame,56
7471.635652116,child3,747097,frame,50
7480.6288930050005,child4,748006,frame,44
7480.644226251,child3,748006,frame,23
7480.646976084,child5,748006,frame,126
7480.658635289,child9,748006,frame,14
7480.667075912,child2,748006,frame,6
7480.686761158,child1,748006,frame,9
7480.68900674,child10,748006,frame,4
7480.695204697,child6,748006,frame,6
7480.706229903,child8,748006,frame,-73
7480.708968069001,child7,748006,frame,57
7490.734500216,child4,749016,frame,-68
7490.752089587,child5,749016,frame,1
7490.753929961,child3,749016,frame,-91
7490.763617001,child9,749016,frame,-123
7490.771741374,child2,749016,frame,39
7490.787978662,child1,749016,frame,-65
7490.792469534999,child10,749016,frame,44
7490.801919575,child6,749016,frame,-100
7490.811149531,child8,749016,frame,57
7490.813879822,child7,749016,frame,18
7500.839204344,child4,750026,frame,-80
7500.853549506999,child5,750026,frame,9
7500.857813506,child3,750026,frame,51
7500.86808917,child9,750026,frame,17
7500.879162876,child2,750026,frame,55
7500.893357164,child1,750026,frame,6
7500.896123414,child10,750026,frame,10
7500.902011621,child6,750026,frame,38
7500.914695159,child8,750026,frame,11
7500.916184992,child7,750026,frame,32
7510.9441898469995,child4,751036,frame,53
7510.962792009,child5,751036,frame,2
7510.963117384,child3,751036,frame,51
7510.970369966,child9,751036,frame,142
7510.980379797001,child2,751036,frame,-104
7511.000270959,child1,751036,frame,-71
7511.003054291,child6,751036,frame,25
7511.003113875,child10,751036,frame,-94
7511.018368454,child8,751036,frame,-86
7511.0211094119995,child7,751036,frame,-127
7521.050474474,child4,752046,frame,46
7521.067833595001,child5,752046,frame,19
7521.070459885999,child3,752046,frame,51
7521.075207094,child9,752046,frame,-77
7521.081221551,child2,752046,frame,182
7521.103728837,child10,752046,frame,46
7521.104623003001,child1,752046,frame,141
7521.107964961,child6,752046,frame,51
7521.121970333,child8,752046,frame,126
7521.125309499001,child7,752046,frame,159
7531.130441108,child8,753056,frame,-66
7531.132289900001,child7,753056,frame,-2
7531.15202252,child4,753056,frame,-80
7531.173106265,child3,753056,frame,18
7531.175413514,child5,753056,frame,-1
7531.179458847,child9,753056,frame,52
7531.187949595,child2,753056,frame,-101
7531.208901215,child1,753056,frame,-1
7531.211686463999,child10,753056,frame,27
7531.216177088,child6,753056,frame,-109
7541.235175861,child7,754066,frame,-122
7541.235305736,child8,754066,frame,-77
7541.258748231,child4,754066,frame,-80
7541.278248018,child5,754066,frame,-1
7541.278706643,child3,754066,frame,-105
7541.282928933,child9,754066,frame,-77
7541.2913317229995,child2,754066,frame,24
7541.312991551,child1,754066,frame,2
7541.3151142589995,child10,754066,frame,-105
7541.322658341,child6,754066,frame,16
7551.338417031,child8,755076,frame,126
7551.341852072,child7,755076,frame,32
7551.368188066,child4,755076,frame,124
7551.382733313,child5,755076,frame,2
7551.386240103,child3,755076,frame,37
7551.387152603001,child9,755076,frame,56
7551.391423436,child2,755076,frame,21
7551.414967512999,child1,755076,frame,-65
7551.419590721,child10,755076,frame,52
7551.425446886,child6,755076,frame,32
7561.443478909,child8,756086,frame,-119
7561.448218617,child7,756086,frame,-2
7561.473378361,child4,756086,frame,-71
7561.490589898,child3,756086,frame,-88
7561.4912907729995,child5,756086,frame,47
7561.491742315,child9,756086,frame,-124
7561.497597855,child2,756086,frame,-99
7561.519598725001,child1,756086,frame,128
7561.5248133899995,child6,756086,frame,32
7561.526267348,child10,756086,frame,36
7571.529816917,child10,757096,frame,16
7571.54969012,child8,757096,frame,56
7571.552005245,child7,757096,frame,148
7571.578789238,child4,757096,frame,5
7571.595032443,child5,757096,frame,53
7571.5952084010005,child3,757096,frame,175
7571.595309484999,child9,757096,frame,126
7571.600452983001,child2,757096,frame,161
7571.619086729001,child1,757096,frame,53
7571.625930351999,child6,757096,frame,-96
7580.620078448999,child1,758005,frame,-75
7580.630331279999,child6,758005,frame,139
7580.630585697,child10,758005,frame,144
7580.6554239,child7,758005,frame,42
7580.657906523999,child8,758005,frame,59
7580.685811684,child4,758005,frame,59
7580.6994018059995,child3,758005,frame,58
7580.699578222,child5,758005,frame,-84
7580.702373013,child9,758005,frame,17
7580.705827013,child2,758005,frame,-82
7590.730172826,child10,759015,frame,-230
7590.73032966,child1,759015,frame,44
7590.737218741,child6,759015,frame,-109
7590.75846007,child7,759015,frame,-122
7590.762889694,child8,759015,frame,6
7590.792158562,child4,759015,frame,-203
7590.802728893,child5,759015,frame,54
7590.806844475001,child3,759015,frame,-112
7590.810879307,child2,759015,frame,34
7590.811108391,child9,759015,frame,-76
7600.8370591620005,child1,760025,frame,28
7600.837730454,child10,760025,frame,161
7600.844154077,child6,760025,frame,156
7600.863915072,child7,760025,frame,46
7600.869477821,child8,760025,frame,39
7600.896373815,child4,760025,frame,142
7600.908755603999,child5,760025,frame,45
7600.91565656,child9,760025,frame,134
7600.916787352,child3,760025,frame,28
7600.917073435,child2,760025,frame,16
7610.921346044999,child9,761035,frame,-220
7610.922989586001,child3,761035,frame,-96
7610.924332753,child2,761035,frame,-94
7610.942630915,child1,761035,frame,-214
7610.942846831999,child10,761035,frame,-106
7610.9472197059995,child6,761035,frame,-213
7610.969631450001,child7,761035,frame,11
7610.972536116,child8,761035,frame,-122
7611.002938234,child4,761035,frame,9
7611.0128893149995,child5,761035,frame,-209
7621.025661548,child9,762045,frame,142
7621.0278677139995,child3,762045,frame,43
7621.033676671001,child2,762045,frame,138
7621.04545796,child10,762045,frame,-89
7621.048889793,child1,762045,frame,123
7621.049500751,child6,762045,frame,156
7621.073591495,child7,762045,frame,8
7621.078280286,child8,762045,frame,56
7621.103942113,child4,762045,frame,18
7621.1197219430005,child5,762045,frame,126
7631.124443803,child5,763055,frame,47
7631.129266426,child9,763055,frame,56
7631.132291051001,child3,763055,frame,152
7631.139559298999,child2,763055,frame,18
7631.149304005,child1,763055,frame,45
7631.151992296,child6,763055,frame,17
7631.152186671,child10,763055,frame,161
7631.178331623,child7,763055,frame,-88
7631.180439123,child8,763055,frame,-84
7631.207965408,child4,763055,frame,53
7641.230440014,child5,764065,frame,-67
7641.234134888,child9,764065,frame,-69
7641.236679387001,child3,764065,frame,-114
7641.2436411769995,child2,764065,frame,-109
7641.253036967,child1,764065,frame,-95
7641.257629257,child10,764065,frame,2
7641.260007465,child6,764065,frame,-110
7641.281413418,child7,764065,frame,3
7641.286522,child8,764065,frame,19
7641.313570744001,child4,764065,frame,0
7651.321273853,child4,765075,frame,53
7651.336987974,child5,765075,frame,54
7651.341605515,child9,765075,frame,30
7651.341973973001,child3,765075,frame,136
7651.347796847,child2,765075,frame,141
7651.360536427,child1,765075,frame,54
7651.360816386,child10,765075,frame,23
7651.361900719,child6,765075,frame,157
7651.389382587,child7,765075,frame,172
7651.393179836,child8,765075,frame,48
7661.428686606,child4,766085,frame,-80
7661.444172894,child5,766085,frame,-71
7661.4454031020005,child3,766085,frame,-69
7661.449205476,child2,766085,frame,-127
7661.450362767,child9,766085,frame,-69
7661.463303306,child1,766085,frame,-71
7661.465532638999,child10,766085,frame,-105
7661.466667013,child6,766085,frame,-125
7661.494978007,child7,766085,frame,-193
7661.497796464,child8,766085,frame,47
7671.5311045260005,child4,767095,frame,-2
7671.54940448,child5,767095,frame,177
7671.550742437999,child3,767095,frame,26
7671.555775645,child9,767095,frame,4
7671.558935061001,child2,767095,frame,21
7671.562729143,child1,767095,frame,135
7671.567751642,child10,767095,frame,49
7671.568076684,child6,767095,frame,48
7671.597865427,child7,767095,frame,23
7671.600751801,child8,767095,frame,4
7680.636065305001,child4,768004,frame,36
7680.652901843,child5,768004,frame,-108
7680.655199259,child3,768004,frame,-74
7680.658602592,child9,768004,frame,25
7680.662970341,child2,768004,frame,-2
7680.666472006,child1,768004,frame,-86
7680.6713300050005,child6,768004,frame,-82
7680.673649921,child10,768004,frame,-120
7680.704964664,child8,768004,frame,-73
7680.706077664,child7,768004,frame,-83
7690.712417107,child7,769014,frame,149
7690.747245598,child4,769014,frame,45
7690.757064596,child5,769014,frame,56
7690.7616078030005,child9,769014,frame,54
7690.762578178,child3,769014,frame,146
7690.766609094,child2,769014,frame,24
7690.770754968,child6,769014,frame,56
7690.777904466,child1,769014,frame,17
7690.779697216,child10,769014,frame,176
7690.808369709,child8,769014,frame,127
7700.817369234999,child7,770024,frame,53
7700.8181829840005,child8,770024,frame,-73
7700.852160518,child4,770024,frame,-88
7700.86470164,child5,770024,frame,41
7700.866182348,child9,770024,frame,41
7700.8695979310005,child3,770024,frame,-73
7700.870432346999,child2,770024,frame,52
7700.879392678,child1,770024,frame,36
7700.882495886,child6,770024,frame,8
7700.885476927,child10,770024,frame,20
7710.925295487,child7,771034,frame,-122
7710.925540987,child8,771034,frame,-77
7710.958568812,child4,771034,frame,-77
7710.969226643,child9,771034,frame,-78
7710.970554976,child5,771034,frame,-95
7710.975003642,child3,771034,frame,-65
7710.977536391,child2,771034,frame,16
7710.982263348,child1,771034,frame,-81
7710.986963681,child6,771034,frame,24
7710.993669596,child10,771034,frame,-77
7721.031449448,child7,772044,frame,178
7721.032298031,child8,772044,frame,48
7721.061331483,child4,772044,frame,0
7721.074829104,child9,772044,frame,2
7721.0787261450005,child5,772044,frame,46
7721.080875936,child2,772044,frame,16
7721.081534019,child3,772044,frame,21
7721.087323101,child1,772044,frame,60
7721.089999017,child6,772044,frame,24
7721.101579181,child10,772044,frame,31
7731.133158785001,child8,773054,frame,-2
7731.136165326,child7,773054,frame,-76
7731.16761286,child4,773054,frame,126
7731.182554815,child9,773054,frame,38
7731.184921856,child5,773054,frame,-94
7731.189515063,child2,773054,frame,0
7731.189727938,child3,773054,frame,131
7731.192991563,child1,773054,frame,-81
7731.195089687,child6,773054,frame,8
7731.205607393001,child10,773054,frame,28
7741.214503002,child10,774064,frame,153
7741.239459871,child8,774064,frame,47
7741.240227871,child7,774064,frame,16
7741.269563156,child4,774064,frame,56
7741.2853759439995,child9,774064,frame,56
7741.290748526,child5,774064,frame,174
7741.294529815999,child1,774064,frame,60
7741.294850483,child2,774064,frame,-2
7741.295157940999,child3,774064,frame,6
7741.298826399,child6,774064,frame,24
7751.325041754,child10,775074,frame,-66
7751.344343332,child7,775074,frame,38
7751.347081957,child8,775074,frame,3
7751.373045034,child4,775074,frame,39
7751.388659572,child9,775074,frame,-84
7751.395329695,child1,775074,frame,44
7751.396818528,child2,775074,frame,0
7751.3976593610005,child5,775074,frame,-92
7751.399669568999,child6,775074,frame,8
7751.401111277,child3,775074,frame,-68
7761.429020797999,child10,776084,frame,-121
7761.450951377,child7,776084,frame,-76
7761.455024001,child8,776084,frame,49
7761.477134495,child4,776084,frame,-75
7761.492884867001,child9,776084,frame,47
7761.495360241,child1,776084,frame,-72
7761.496122949001,child2,776084,frame,0
7761.498539824,child5,776084,frame,46
7761.505141531,child3,776084,frame,3
7761.505400446999,child6,776084,frame,28
7771.533326302,child10,777094,frame,3
7771.5569915880005,child7,777094,frame,29
7771.5623348359995,child8,777094,frame,-93
7771.587559496999,child4,777094,frame,45
7771.598922786,child9,777094,frame,45
7771.602742534999,child1,777094,frame,53
7771.603350785001,child2,777094,frame,-65
7771.606926159,child3,777094,frame,-69
7771.6070025340005,child5,777094,frame,26
7771.610434825,child6,777094,frame,-67
7780.604874547,child2,778003,frame,27
7780.605043964,child1,778003,frame,-66
7780.605629505,child9,778003,frame,-72
7780.611946129,child3,778003,frame,38
7780.613793212,child5,778003,frame,-117
7780.615492586,child6,778003,frame,54
7780.634913082,child10,778003,frame,49
7780.662587784,child7,778003,frame,48
7780.664271075,child8,778003,frame,14
7780.694225234,child4,778003,frame,-83
7790.702747259999,child4,779013,frame,-80
7790.709114134,child2,779013,frame,-118
7790.711757383,child9,779013,frame,-70
7790.712144925,child1,779013,frame,-1
7790.714189466,child5,779013,frame,-77
7790.714975340999,child6,779013,frame,0
7790.718230756,child3,779013,frame,6
7790.739738251,child10,779013,frame,14
7790.765178037,child7,779013,frame,-87
7790.768717411001,child8,779013,frame,-77
7800.808008971,child4,780023,frame,46
7800.81315247,child1,780023,frame,54
7800.815377928,child6,780023,frame,0
7800.81548697,child2,780023,frame,149
7800.816957719,child9,780023,frame,57
7800.817804844,child5,780023,frame,48
7800.822483885,child3,780023,frame,-2
7800.847809129,child10,780023,frame,4
7800.868317832,child7,780023,frame,49
7800.874234663999,child8,780023,frame,48
7810.9102819750005,child4,781033,frame,37
7810.91598939,child1,781033,frame,54
7810.917048681999,child6,781033,frame,0
7810.921293806,child2,781033,frame,-71
7810.921476472,child9,781033,frame,-78
7810.92285118,child5,781033,frame,47
7810.928672054,child3,781033,frame,-2
7810.956154464,child10,781033,frame,4
7810.972095585,child7,781033,frame,1
7810.981056625,child8,781033,frame,3
7821.014073562,child4,782043,frame,-80
7821.019165644,child1,782043,frame,-70
7821.023521309,child6,782043,frame,0
7821.024120226,child9,782043,frame,45
7821.025718642,child5,782043,frame,-75
7821.02695335,child2,782043,frame,18
7821.033673182001,child3,782043,frame,13
7821.059501218,child10,782043,frame,4
7821.075232047,child7,782043,frame,38
7821.08525842,child8,782043,frame,47
7831.121509189001,child4,783053,frame,125
7831.12353873,child1,783053,frame,52
7831.126775021,child9,783053,frame,1
7831.127209978999,child5,783053,frame,124
7831.130040395,child2,783053,frame,-109
7831.132297686,child6,783053,frame,0
7831.138559518,child3,783053,frame,12
7831.164240845999,child10,783053,frame,19
7831.18301205,child7,783053,frame,-76
7831.190359631,child8,783053,frame,49
7841.225150401,child1,784063,frame,52
7841.226264067,child4,784063,frame,-72
7841.230762399,child9,784063,frame,-70
7841.231243566,child5,784063,frame,-85
7841.235889898,child2,784063,frame,155
7841.2413044800005,child6,784063,frame,0
7841.245397604,child3,784063,frame,6
7841.2697293480005,child10,784063,frame,12
7841.284978303001,child7,784063,frame,172
7841.295166051001,child8,784063,frame,-2
7851.3254943209995,child1,785073,frame,-89
7851.32948357,child4,785073,frame,-70
7851.333729569,child9,785073,frame,10
7851.335817361,child5,785073,frame,56
7851.341402734,child2,785073,frame,-1
7851.3457189,child6,785073,frame,-106
7851.350486732,child3,785073,frame,-119
7851.375859893,child10,785073,frame,-84
7851.390770931,child7,785073,frame,-218
7851.400152304001,child8,785073,frame,47
7861.426976408,child1,786083,frame,52
7861.432559949,child4,786083,frame,9
7861.436965364,child9,786083,frame,0
7861.440623822,child5,786083,frame,-70
7861.444744529,child2,786083,frame,10
7861.450800111001,child6,786083,frame,9
7861.45596786,child3,786083,frame,138
7861.4807783960005,child10,786083,frame,-118
7861.494970601,child7,786083,frame,126
7861.502375098999,child8,786083,frame,-74
7871.506617959,child8,787093,frame,40
7871.532055453,child1,787093,frame,37
7871.538868076001,child4,787093,frame,126
7871.5408407429995,child5,787093,frame,133
7871.541123659,child9,787093,frame,137
7871.550310282,child2,787093,frame,13
7871.55132374,child6,787093,frame,138
7871.560748696001,child3,787093,frame,1
7871.584052691,child10,787093,frame,151
7871.600933520001,child7,787093,frame,38
7880.604042782,child7,788002,frame,31
7880.608394531,child8,788002,frame,31
7880.6417309809995,child1,788002,frame,42
7880.644073314,child9,788002,frame,18
7880.644104231,child5,788002,frame,8
7880.645795272,child4,788002,frame,37
7880.655519936,child6,788002,frame,-78
7880.655794645,child2,788002,frame,37
7880.66323181,child3,788002,frame,42
7880.690133387,child10,788002,frame,59
7890.696442788,child10,789012,frame,-120
7890.70950491,child7,789012,frame,-102
7890.713333367,child8,789012,frame,-82
7890.743658777001,child1,789012,frame,28
7890.748177400999,child9,789012,frame,-70
7890.748491067,child5,789012,frame,-95
7890.751977358001,child4,789012,frame,-85
7890.760221273001,child2,789012,frame,53
7890.760777981,child6,789012,frame,134
7890.764590772,child3,789012,frame,-86
7900.799645499001,child10,790022,frame,145
7900.813833038001,child7,790022,frame,48
7900.818992245,child8,790022,frame,32
7900.846362529999,child1,790022,frame,-97
7900.848133821,child5,790022,frame,46
7900.8505426540005,child9,790022,frame,39
7900.855992653001,child4,790022,frame,11
7900.865589817,child2,790022,frame,-71
7900.8668740250005,child3,790022,frame,6
7900.867562984,child6,790022,frame,-71
7910.900909753001,child10,791032,frame,-75
7910.915253708,child7,791032,frame,31
7910.92758558,child8,791032,frame,34
7910.948013784,child5,791032,frame,31
7910.949409992,child1,791032,frame,30
7910.955583239999,child9,791032,frame,-70
7910.961321822,child4,791032,frame,-79
7910.967618738,child6,791032,frame,0
7910.967878863,child2,791032,frame,0
7910.971414028,child3,791032,frame,6
7921.007496423,child10,792042,frame,15
7921.020993878001,child7,792042,frame,-92
7921.0346012909995,child8,792042,frame,-75
7921.052961995,child5,792042,frame,41
7921.054413995,child1,792042,frame,-95
7921.059240494,child9,792042,frame,2
7921.064424618,child4,792042,frame,6
7921.06865945,child6,792042,frame,0
7921.0698904910005,child2,792042,frame,47
7921.074303865,child3,792042,frame,6
7931.115587591,child10,793052,frame,14
7931.122150548,child7,793052,frame,126
7931.1361414620005,child8,793052,frame,41
7931.1559866239995,child5,793052,frame,41
7931.158584206,child1,793052,frame,46
7931.162773997001,child9,793052,frame,56
7931.168762162,child4,793052,frame,124
7931.171695620001,child6,793052,frame,-125
7931.175755951999,child3,793052,frame,6
7931.177231244,child2,793052,frame,-89
7941.2247144680005,child10,794062,frame,4
7941.227002885,child7,794062,frame,6
7941.240344256,child8,794062,frame,-86
7941.257707877,child1,794062,frame,30
7941.25941971,child5,794062,frame,-103
7941.265161751,child9,794062,frame,30
7941.2735800400005,child4,794062,frame,-87
7941.280857872,child6,794062,frame,145
7941.28217508,child3,794062,frame,-73
7941.2850796210005,child2,794062,frame,0
7951.328622513,child10,795072,frame,-74
7951.332049013,child7,795072,frame,-92
7951.346483967,child8,795072,frame,-2
7951.358776631,child1,795072,frame,-78
7951.366040463,child5,795072,frame,21
7951.367212796,child9,795072,frame,-84
7951.380029751,child4,795072,frame,-80
7951.383569584,child6,795072,frame,-79
7951.386989625001,child2,795072,frame,0
7951.388931041,child3,795072,frame,138
7961.433459557999,child10,796082,frame,137
7961.4386611400005,child7,796082,frame,30
7961.451879886999,child8,796082,frame,173
7961.462935676,child1,796082,frame,44
7961.470239216,child9,796082,frame,1
7961.471552674,child5,796082,frame,-92
7961.485227504,child4,796082,frame,131
7961.488983378,child6,796082,frame,133
7961.493943419,child2,796082,frame,125
7961.496214877,child3,796082,frame,-2
7971.498326945,child2,797092,frame,-90
7971.500163987,child3,797092,frame,3
7971.538015103,child10,797092,frame,-123
7971.543309477,child7,797092,frame,48
7971.559273806,child8,797092,frame,-75
7971.568029387,child1,797092,frame,45
7971.574983761,child5,797092,frame,44
7971.57911976,child9,797092,frame,6
7971.591025424,child4,797092,frame,-1
7971.595669006,child6,797092,frame,-80
7980.59465206,child4,798001,frame,-77
7980.598212059,child6,798001,frame,55
7980.602248683,child2,798001,frame,44
7980.604793349,child3,798001,frame,-90
7980.643799757,child10,798001,frame,35
7980.643841174,child7,798001,frame,8
7980.661074961,child8,798001,frame,38
7980.670701126,child1,798001,frame,-69
7980.678782749,child5,798001,frame,10
7980.683573748,child9,798001,frame,6
7990.687054483,child9,799011,frame,1
7990.69945548,child6,799011,frame,-195
7990.699964188,child4,799011,frame,2
7990.704814895001,child2,799011,frame,-70
7990.710503227,child3,799011,frame,-122
7990.748836385,child7,799011,frame,-92
7990.751150509,child10,799011,frame,-110
7990.7649615479995,child8,799011,frame,-91
7990.774290921,child1,799011,frame,44
7990.783150085001,child5,799011,frame,-76
8000.7913686520005,child5,800021,frame,46
8000.792355277,child9,800021,frame,57
8000.8007646920005,child6,800021,frame,141
8000.803715775,child4,800021,frame,55
8000.806926648999,child2,800021,frame,44
8000.815211564,child3,800021,frame,143
8000.853030638,child7,800021,frame,48
8000.856499762,child10,800021,frame,20
8000.868503676,child8,800021,frame,3
8000.877786298999,child1,800021,frame,-81
8010.896008781,child5,801031,frame,45
8010.897197405,child9,801031,frame,47
8010.906045195,child4,801031,frame,-78
8010.908066361,child6,801031,frame,0
8010.909503652,child2,801031,frame,2
8010.916932109,child3,801031,frame,128
8010.958435141,child7,801031,frame,13
8010.962415057,child10,801031,frame,144
8010.974561845,child8,801031,frame,39
8010.9794175530005,child1,801031,frame,169
8021.001357533,child5,802041,frame,49
8021.0027130749995,child9,802041,frame,-94
8021.012596447,child6,802041,frame,46
8021.013892280001,child4,802041,frame,134
8021.015138238,child2,802041,frame,-70
8021.023370819999,child3,802041,frame,-92
8021.0630099360005,child7,802041,frame,42
8021.066775393,child10,802041,frame,5
8021.079478723,child8,802041,frame,41
8021.082907389,child1,802041,frame,28
8031.105497412,child5,803051,frame,-94
8031.106113203,child9,803051,frame,1
8031.115245950999,child6,803051,frame,-113
8031.117041492,child2,803051,frame,0
8031.1177252,child4,803051,frame,4
8031.125414574,child3,803051,frame,-72
8031.164642231,child7,803051,frame,21
8031.173808312,child10,803051,frame,5
8031.185780434001,child1,803051,frame,-97
8031.186021851,child8,803051,frame,-83
8041.1913042940005,child8,804061,frame,33
8041.208287373,child5,804061,frame,48
8041.210814123,child9,804061,frame,55
8041.215021747,child6,804061,frame,0
8041.2207219540005,child4,804061,frame,-88
8041.222937494999,child2,804061,frame,44
8041.2324349929995,child3,804061,frame,138
8041.268949067,child7,804061,frame,26
8041.280523856,child10,804061,frame,-65
8041.287744188,child1,804061,frame,30
8051.29653888,child1,805071,frame,30
8051.297478047,child8,805071,frame,48
8051.3127658759995,child5,805071,frame,49
8051.315149709,child9,805071,frame,-76
8051.317779584,child6,805071,frame,16
8051.32675304,child2,805071,frame,10
8051.326898873001,child4,805071,frame,-2
8051.341867452999,child3,805071,frame,-66
8051.3797696110005,child7,805071,frame,-102
8051.38400461,child10,805071,frame,2
8061.397673801001,child1,806081,frame,-95
8061.4013058,child8,806081,frame,53
8061.415228838,child5,806081,frame,31
8061.422060087,child9,806081,frame,55
8061.42425417,child6,806081,frame,8
8061.430610001,child2,806081,frame,0
8061.431319668,child4,806081,frame,0
8061.448117331,child3,806081,frame,6
8061.483052281,child7,806081,frame,23
8061.487064946001,child10,806081,frame,7
8071.489751307,child7,807091,frame,-88
8071.494062806,child10,807091,frame,10
8071.499520054001,child1,807091,frame,-93
8071.505197011,child8,807091,frame,-93
8071.520286966,child5,807091,frame,-99
8071.528909464,child6,807091,frame,14
8071.530460756,child9,807091,frame,-92
8071.5351537960005,child4,807091,frame,-73
8071.537097795999,child2,807091,frame,5
8071.553703750001,child3,807091,frame,-67
8080.592591672,child7,808000,frame,15
8080.601803712,child1,808000,frame,58
8080.6028024610005,child10,808000,frame,-79
8080.607072293999,child8,808000,frame,38
8080.622492789999,child5,808000,frame,10
8080.636632578,child6,808000,frame,40
8080.636784703001,child9,808000,frame,149
8080.637342953,child4,808000,frame,56
8080.639353494,child2,808000,frame,21
8080.657093448,child3,808000,frame,155
8090.695465129,child7,809010,frame,41
8090.7037575859995,child1,809010,frame,30
8090.709327375999,child8,809010,frame,-80
8090.709680126,child10,809010,frame,3
8090.727865705,child5,809010,frame,31
8090.740380243,child6,809010,frame,0
8090.743363701,child2,809010,frame,0
8090.7445015759995,child4,809010,frame,-1
8090.74559645,child9,809010,frame,-77
8090.761076447,child3,809010,frame,-81
8100.799379211,child7,810020,frame,23
8100.805820126,child1,810020,frame,1
8100.812056250001,child8,810020,frame,39
8100.812625041,child10,810020,frame,20
8100.83148262,child5,810020,frame,33
8100.845550325,child6,810020,frame,0
8100.846540741,child2,810020,frame,0
8100.849221449,child4,810020,frame,-71
8100.852431323,child9,810020,frame,1
8100.868051443999,child3,810020,frame,6
8110.906894417,child7,811030,frame,41
8110.912220249,child1,811030,frame,177
8110.916029873,child8,811030,frame,42
8110.921454247,child10,811030,frame,20
8110.937718951,child5,811030,frame,48
8110.950877656,child6,811030,frame,25
8110.952395197,child2,811030,frame,54
8110.9544100719995,child4,811030,frame,139
8110.955178613,child9,811030,frame,36
8110.969956902,child3,811030,frame,58
8121.011282665,child7,812040,frame,39
8121.012135248,child1,812040,frame,-230
8121.0187372049995,child8,812040,frame,-82
8121.030996369,child10,812040,frame,2
8121.040180408,child5,812040,frame,-110
8121.057054362,child6,812040,frame,-70
8121.058442111999,child9,812040,frame,-76
8121.0601276120005,child4,812040,frame,-124
8121.06123807,child2,812040,frame,-96
8121.072487150001,child3,812040,frame,-209
8131.112856371999,child1,813050,frame,177
8131.117193705,child7,813050,frame,22
8131.1260999940005,child8,813050,frame,167
8131.13665395,child10,813050,frame,15
8131.141904032001,child5,813050,frame,29
8131.158476903,child6,813050,frame,0
8131.1637194429995,child4,813050,frame,9
8131.164382318,child9,813050,frame,126
8131.166617943,child2,813050,frame,0
8131.178100273,child3,813050,frame,144
8141.18321717,child3,814060,frame,-67
8141.217860995001,child1,814060,frame,-89
8141.222480744,child7,814060,frame,-99
8141.234307991,child8,814060,frame,-208
8141.243849239,child10,814060,frame,-113
8141.245287864,child5,814060,frame,-93
8141.263246443,child6,814060,frame,0
8141.2697442749995,child4,814060,frame,-116
8141.272181607,child2,814060,frame,0
8141.272354856999,child9,814060,frame,-85
8151.292255001,child3,815070,frame,48
8151.324930951,child1,815070,frame,-89
8151.327135951,child7,815070,frame,21
8151.335087657,child8,815070,frame,56
8151.3488861119995,child10,815070,frame,27
8151.352805278,child5,815070,frame,48
8151.362577817001,child6,815070,frame,-125
8151.375668606,child4,815070,frame,24
8151.380254605,child9,815070,frame,39
8151.380538188,child2,815070,frame,-125
8161.383901127,child4,816080,frame,35
8161.3859667100005,child2,816080,frame,123
8161.386685877,child9,816080,frame,-85
8161.396779416,child3,816080,frame,-73
8161.432450116,child1,816080,frame,161
8161.432558865999,child7,816080,frame,26
8161.440205655,child8,816080,frame,39
8161.456394651999,child10,816080,frame,28
8161.45750886,child5,816080,frame,32
8161.461673109,child6,816080,frame,16
8171.484655585,child4,817090,frame,21
8171.493084833,child9,817090,frame,6
8171.493753583,child2,817090,frame,5
8171.50389158,child3,817090,frame,18
8171.535377155999,child1,817090,frame,-103
8171.539445613,child7,817090,frame,-103
8171.549520986,child8,817090,frame,-66
8171.558589316999,child10,817090,frame,144
8171.559852691999,child5,817090,frame,47
8171.561686191,child6,817090,frame,22
8181.589897708,child4,818100,frame,23
8181.597775831,child2,818100,frame,5
8181.600204622,child9,818100,frame,60
8181.607654828,child3,818100,frame,136
8181.640269362,child1,818100,frame,37
8181.645381069,child7,818100,frame,146
8181.6550460670005,child8,818100,frame,166
8181.66267519,child10,818100,frame,3
8181.6647697729995,child6,818100,frame,164
8181.66545619,child5,818100,frame,152
8190.692744362001,child4,819009,frame,-117
8190.700701319,child2,819009,frame,27
8190.701825319,child9,819009,frame,-126
8190.711617608,child3,819009,frame,37
8190.745005683,child1,819009,frame,44
8190.750138224,child7,819009,frame,-107
8190.757630764,child8,819009,frame,-94
8190.768804011001,child10,819009,frame,-91
8190.769377261,child6,819009,frame,-214
8190.769564886,child5,819009,frame,-69
8200.771899867,child5,820019,frame,149
8200.775860074,child10,820019,frame,15
8200.77760799,child6,820019,frame,177
8200.793416945,child4,820019,frame,170
8200.806803025,child2,820019,frame,135
8200.809308399,child9,820019,frame,260
8200.822502396,child3,820019,frame,-2
8200.847122515,child1,820019,frame,46
8200.858135471,child7,820019,frame,147
8200.864026261,child8,820019,frame,58
8210.877294281001,child5,821029,frame,-70
8210.880448364,child10,821029,frame,12
8210.881077572,child6,821029,frame,7
8210.899286818,child4,821029,frame,-110
8210.912383398,child2,821029,frame,-203
8210.919063105,child9,821029,frame,-342
8210.925723811,child3,821029,frame,-89
8210.950206889,child1,821029,frame,-111
8210.961321845,child7,821029,frame,-225
8210.971474675,child8,821029,frame,-100
8220.977015656,child8,822039,frame,56
8220.984077529,child5,822039,frame,1
8220.985485029,child6,822039,frame,9
8220.986782153,child10,822039,frame,12
8221.000739233,child4,822039,frame,31
8221.022582937001,child2,822039,frame,133
8221.024932186,child9,822039,frame,150
8221.02910281,child3,822039,frame,-2
8221.048043555,child1,822039,frame,46
8221.066165509,child7,822039,frame,163
8231.077808905,child8,823049,frame,44
8231.090659735,child10,823049,frame,58
8231.091287817999,child6,823049,frame,7
8231.092521776,child5,823049,frame,2
8231.104213899,child4,823049,frame,15
8231.125271435,child2,823049,frame,-89
8231.129328643,child9,823049,frame,46
8231.134678225,child3,823049,frame,52
8231.148895805,child1,823049,frame,-78
8231.171053674001,child7,823049,frame,25
8241.173880405,child7,824059,frame,-101
8241.185897986,child8,824059,frame,-100
8241.193876484,child6,824059,frame,-70
8241.195769317,child5,824059,frame,45
8241.198010233,child10,824059,frame,-73
8241.213436103999,child4,824059,frame,14
8241.233430808,child2,824059,frame,-76
8241.235077516,child9,824059,frame,1
8241.238620181,child3,824059,frame,-75
8241.252255428,child1,824059,frame,28
8251.282121236,child7,825069,frame,21
8251.292919358,child8,825069,frame,-68
8251.29396715,child6,825069,frame,0
8251.298141774,child5,825069,frame,38
8251.301650481,child10,825069,frame,-66
8251.319462435,child4,825069,frame,18
8251.335817265,child2,825069,frame,8
8251.339669055,child3,825069,frame,51
8251.340789555,child9,825069,frame,57
8251.362628967001,child1,825069,frame,-81
8261.386167442999,child7,826079,frame,26
8261.394560065999,child8,826079,frame,42
8261.399078648,child6,826079,frame,0
8261.406692354,child5,826079,frame,31
8261.406890396,child10,826079,frame,127
8261.422409683999,child4,826079,frame,16
8261.443476971,child3,826079,frame,-83
8261.445968762,child2,826079,frame,133
8261.447410845,child9,826079,frame,-78
8261.465779257,child1,826079,frame,169
8271.489478774,child7,827089,frame,-103
8271.496678439,child8,827089,frame,55
8271.501117355001,child6,827089,frame,36
8271.50868527,child5,827089,frame,-86
8271.513262519,child10,827089,frame,-118
8271.528527598,child4,827089,frame,-108
8271.546899552,child3,827089,frame,3
8271.549629343,child2,827089,frame,-89
8271.551227385,child9,827089,frame,1
8271.566826589,child1,827089,frame,-97
8281.593268065,child7,828099,frame,166
8281.598925813,child6,828099,frame,50
8281.600599771,child8,828099,frame,59
8281.613992268,child10,828099,frame,136
8281.616753934,child5,828099,frame,55
8281.633596263,child4,828099,frame,141
8281.650492218,child3,828099,frame,178
8281.6534858,child2,828099,frame,130
8281.653949592,child9,828099,frame,33
8281.672321004,child1,828099,frame,170
8290.675102099,child1,829008,frame,-82
8290.696245094001,child7,829008,frame,-112
8290.701740135,child6,829008,frame,-78
8290.704529384,child8,829008,frame,-80
8290.719590172,child10,829008,frame,-80
8290.719865089,child5,829008,frame,-97
8290.738840667,child4,829008,frame,-115
8290.757185038,child3,829008,frame,-95
8290.75759958,child9,829008,frame,38
8290.760633829,child2,829008,frame,45
8300.766567059,child2,830018,frame,-87
8300.775806182,child1,830018,frame,27
8300.800345176,child7,830018,frame,26
8300.805128925,child6,830018,frame,133
8300.807800548999,child8,830018,frame,164
8300.820943129,child10,830018,frame,130
8300.821493296,child5,830018,frame,46
8300.842643666,child4,830018,frame,17
8300.859261787,child9,830018,frame,33
8300.859680328,child3,830018,frame,52
8310.864560767,child3,831028,frame,-80
8310.869369099,child2,831028,frame,-79
8310.876697098,child1,831028,frame,-97
8310.904208466,child7,831028,frame,-86
8310.910739339999,child8,831028,frame,-207
8310.911758713999,child6,831028,frame,-196
8310.92417892,child10,831028,frame,-74
8310.925126336,child5,831028,frame,-88
8310.950332622,child4,831028,frame,-91
8310.962846619,child9,831028,frame,-102
8320.968015849,child9,832038,frame,56
8320.969652599,child3,832038,frame,123
8320.974879139,child2,832038,frame,125
8320.97802618,child1,832038,frame,30
8321.010781881,child7,832038,frame,39
8321.01384788,child8,832038,frame,180
8321.014856046,child6,832038,frame,142
8321.028906501,child10,832038,frame,49
8321.030372293,child5,832038,frame,47
8321.05298637,child4,832038,frame,156
8331.07476943,child9,833048,frame,-77
8331.07551818,child2,833048,frame,-88
8331.075610888,child3,833048,frame,-214
8331.082778345,child1,833048,frame,30
8331.114194004,child7,833048,frame,41
8331.115604879,child6,833048,frame,-71
8331.116495462,child8,833048,frame,-99
8331.135266082,child5,833048,frame,48
8331.137509957,child10,833048,frame,-72
8331.155630036,child4,833048,frame,-110
8341.176994971,child3,834058,frame,130
8341.17808747,child9,834058,frame,126
8341.180207012,child2,834058,frame,47
8341.187898051001,child1,834058,frame,14
8341.220733627,child6,834058,frame,0
8341.220919835001,child7,834058,frame,-103
8341.221297752001,child8,834058,frame,44
8341.240673705,child5,834058,frame,3
8341.241089747,child10,834058,frame,-72
8341.262275867,child4,834058,frame,31
8351.266593223,child4,835068,frame,30
8351.282133302,child9,835068,frame,41
8351.282475135,child3,835068,frame,-80
8351.288642133999,child2,835068,frame,37
8351.290886925,child1,835068,frame,-95
8351.323064334001,child8,835068,frame,25
8351.323391209,child6,835068,frame,0
8351.326536583,child7,835068,frame,182
8351.345739662,child10,835068,frame,137
8351.346367078,child5,835068,frame,52
8361.370597388,child4,836078,frame,16
8361.386987092,child3,836078,frame,52
8361.3898318,child9,836078,frame,15
8361.390389925,child1,836078,frame,47
8361.392584549,child2,836078,frame,39
8361.429917457,child6,836078,frame,19
8361.430374665,child8,836078,frame,-83
8361.433471331,child7,836078,frame,-101
8361.449611785,child5,836078,frame,-89
8361.451430785,child10,836078,frame,-81
8371.472684803,child4,837088,frame,30
8371.493201173,child3,837088,frame,3
8371.493295798,child9,837088,frame,-92
8371.495500173,child1,837088,frame,44
8371.496865631,child2,837088,frame,-79
8371.531363081,child6,837088,frame,9
8371.537069329,child8,837088,frame,41
8371.538458871,child7,837088,frame,37
8371.553540576,child5,837088,frame,56
8371.553629117,child10,837088,frame,128
8381.573123511,child4,838098,frame,-111
8381.596733463,child9,838098,frame,44
8381.599241463,child2,838098,frame,59
8381.599677254,child3,838098,frame,-69
8381.602240462,child1,838098,frame,30
8381.636412496,child6,838098,frame,60
8381.638855037,child7,838098,frame,39
8381.64603666,child8,838098,frame,-101
8381.657255574,child10,838098,frame,-209
8381.658631324,child5,838098,frame,-88
8390.662249377,child10,839007,frame,174
8390.66255271,child5,839007,frame,162
8390.678701122999,child4,839007,frame,22
8390.697444327001,child9,839007,frame,11
8390.703362576,child3,839007,frame,31
8390.704747159001,child1,839007,frame,-82
8390.7051297,child2,839007,frame,6
8390.739374275001,child6,839007,frame,-70
8390.740227442,child7,839007,frame,14
8390.749624148,child8,839007,frame,15
8400.756296961,child8,840017,frame,-93
8400.764151668,child10,840017,frame,-71
8400.764626376,child5,840017,frame,-209
8400.782291372,child4,840017,frame,16
8400.802019658999,child9,840017,frame,12
8400.804810866,child3,840017,frame,-2
8400.805425408,child1,840017,frame,28
8400.814196656,child2,840017,frame,-94
8400.840181483001,child6,840017,frame,-71
8400.844294190001,child7,840017,frame,-99
8410.859292835,child8,841027,frame,127
8410.869872248999,child10,841027,frame,3
8410.874704873,child5,841027,frame,177
8410.885215037,child4,841027,frame,34
8410.90732849,child1,841027,frame,-97
8410.907443907001,child9,841027,frame,158
8410.911903989001,child3,841027,frame,13
8410.920961279,child2,841027,frame,54
8410.941638815,child6,841027,frame,15
8410.946886481,child7,841027,frame,146
8420.966777416,child8,842037,frame,-66
8420.973896873,child10,842037,frame,59
8420.981454704,child5,842037,frame,-88
8420.989719993999,child4,842037,frame,-109
8421.006680156,child1,842037,frame,43
8421.012072822,child9,842037,frame,-125
8421.017638779,child3,842037,frame,52
8421.031161817,child2,842037,frame,22
8421.051416604,child7,842037,frame,-99
8421.053658853,child6,842037,frame,9
8431.059476958999,child6,843047,frame,-118
8431.072304456,child8,843047,frame,-70
8431.076574455,child10,843047,frame,-206
8431.086529619,child5,843047,frame,-77
8431.092543367,child4,843047,frame,-92
8431.113396196,child1,843047,frame,-206
8431.114778194999,child9,843047,frame,26
8431.122689819,child3,843047,frame,-127
8431.135292316001,child2,843047,frame,-86
8431.155149852,child7,843047,frame,-102
8441.159840458,child7,844057,frame,38
8441.16454904,child6,844057,frame,-82
8441.177279662,child8,844057,frame,9
8441.181341286,child10,844057,frame,-105
8441.192830242,child5,844057,frame,-125
8441.203795530999,child4,844057,frame,4
8441.217245611,child1,844057,frame,60
8441.221496652,child9,844057,frame,-119
8441.229576941001,child3,844057,frame,6
8441.240571979999,child2,844057,frame,-70
8451.26254654,child7,845067,frame,-209
8451.265996998001,child6,845067,frame,38
8451.279492619,child8,845067,frame,-104
8451.288540659,child10,845067,frame,27
8451.295412824,child5,845067,frame,-116
8451.308835737,child4,845067,frame,-71
8451.321991109,child1,845067,frame,-126
8451.324405192001,child9,845067,frame,42
8451.330605857,child3,845067,frame,-113
8451.345525062,child2,845067,frame,8
8461.368141997,child7,846077,frame,53
8461.368616745998,child6,846077,frame,-85
8461.385679951,child8,846077,frame,25
8461.39416324,child10,846077,frame,-98
8461.400113531,child5,846077,frame,-76
8461.413688986,child4,846077,frame,7
8461.425102275001,child1,846077,frame,24
8461.429351357,child9,846077,frame,-101
8461.433420939,child3,846077,frame,-96
8461.448245852,child2,846077,frame,-80
8471.472704828,child7,847087,frame,-114
8471.47416162,child6,847087,frame,1
8471.488923490999,child8,847087,frame,35
8471.499967697,child10,847087,frame,-88
8471.503754529,child5,847087,frame,-86
8471.521566025,child4,847087,frame,-126
8471.529872731,child1,847087,frame,-95
8471.536612896,child9,847087,frame,-84
8471.538998603999,child3,847087,frame,37
8471.554368809,child2,847087,frame,-108
8481.559984331001,child2,848097,frame,-89
8481.577734368,child7,848097,frame,-111
8481.579185326,child6,848097,frame,-2
8481.593562488999,child8,848097,frame,-107
8481.604130778,child10,848097,frame,10
8481.613749484,child5,848097,frame,-114
8481.629769231002,child4,848097,frame,-103
8481.631823647,child1,848097,frame,-85
8481.638821603,child9,848097,frame,-91
8481.642554311,child3,848097,frame,-85
8490.663270319,child2,849006,frame,126
8490.683270230998,child6,849006,frame,-83
8490.683328355999,child7,849006,frame,152
8490.695781602999,child8,849006,frame,25
8490.708654183,child10,849006,frame,53
8490.72118493,child5,849006,frame,51
8490.733045302,child4,849006,frame,155
8490.735365218,child1,849006,frame,4
8490.745033132,child3,849006,frame,29
8490.745596841,child9,849006,frame,157
8500.750166321,child3,850016,frame,-66
8500.750861904,child9,850016,frame,-116
8500.7670159,child2,850016,frame,-83
8500.786003187999,child6,850016,frame,16
8500.788652019999,child7,850016,frame,-77
8500.800808058999,child8,850016,frame,41
8500.813849348,child10,850016,frame,13
8500.827580928,child5,850016,frame,40
8500.836528550999,child1,850016,frame,0
8500.839104092,child4,850016,frame,-86
8510.853761945,child9,851026,frame,143
8510.854520611,child3,851026,frame,126
8510.871507691,child2,851026,frame,126
8510.887110978,child6,851026,frame,25
8510.896579268,child7,851026,frame,38
8510.90701839,child8,851026,frame,-72
8510.91445618,child10,851026,frame,155
8510.934999050001,child5,851026,frame,41
8510.93600005,child1,851026,frame,16
8510.943209673,child4,851026,frame,47
8520.949959112,child4,852036,frame,40
8520.953540111,child9,852036,frame,53
8520.958700109999,child3,852036,frame,-1
8520.976225064,child2,852036,frame,-78
8520.98653827,child6,852036,frame,16
8520.999531308002,child7,852036,frame,50
8521.011563514,child8,852036,frame,41
8521.019659887,child10,852036,frame,-190
8521.038536799,child5,852036,frame,57
8521.040728673,child1,852036,frame,18
8531.05503736,child4,853046,frame,-84
8531.058567484,child9,853046,frame,-193
8531.062435358,child3,853046,frame,-119
8531.083490728,child2,853046,frame,55
8531.089603477,child6,853046,frame,-96
8531.104280806,child7,853046,frame,39
8531.113920096,child8,853046,frame,59
8531.128659634,child10,853046,frame,58
8531.142136589,child1,853046,frame,14
8531.14403413,child5,853046,frame,-94
8541.162646732,child4,854056,frame,49
8541.163317941,child9,854056,frame,150
8541.165514357,child3,854056,frame,140
8541.18840581,child2,854056,frame,37
8541.198970974001,child6,854056,frame,158
8541.210557971,child7,854056,frame,34
8541.218824469,child8,854056,frame,25
8541.231520799,child10,854056,frame,140
8541.248963462001,child1,854056,frame,131
8541.249047002999,child5,854056,frame,-87
8551.253323900999,child5,855066,frame,173
8551.265901731,child4,855066,frame,-75
8551.269693522001,child9,855066,frame,1
8551.271808771,child3,855066,frame,53
8551.290147975,child2,855066,frame,-78
8551.303895972,child6,855066,frame,-117
8551.312947053,child7,855066,frame,22
8551.322270425999,child8,855066,frame,-99
8551.33440684,child10,855066,frame,-199
8551.349657044,child1,855066,frame,-66
8561.35472365,child1,856076,frame,-2
8561.361424523,child5,856076,frame,-99
8561.369048396,child4,856076,frame,49
8561.37401277,child9,856076,frame,-69
8561.375892312,child3,856076,frame,-73
8561.391849516001,child2,856076,frame,47
8561.407306054,child6,856076,frame,25
8561.414161343999,child7,856076,frame,-99
8561.432512297999,child8,856076,frame,-2
8561.437569754999,child10,856076,frame,131
8571.459777732,child1,857086,frame,-72
8571.463712146999,child5,857086,frame,-100
8571.472692562002,child4,857086,frame,-92
8571.477114268999,child9,857086,frame,-89
8571.482344101001,child3,857086,frame,-72
8571.496219681001,child2,857086,frame,-219
8571.511984344,child6,857086,frame,-101
8571.520106759,child7,857086,frame,-101
8571.537602213,child8,857086,frame,-92
8571.542624587,child10,857086,frame,-323
8581.5513959,child10,858096,frame,284
8581.561964855,child1,858096,frame,-2
8581.567080312001,child5,858096,frame,126
8581.574546352002,child4,858096,frame,143
8581.583072517,child9,858096,frame,146
8581.584748432999,child3,858096,frame,127
8581.601902970999,child2,858096,frame,180
8581.616680342,child6,858096,frame,155
8581.628035715,child7,858096,frame,36
8581.643331086001,child8,858096,frame,48
8590.645057348,child8,859005,frame,1
8590.659449386001,child10,859005,frame,-79
8590.664113219,child1,859005,frame,127
8590.671986217,child5,859005,frame,8
8590.675218799,child4,859005,frame,-101
8590.685765338,child9,859005,frame,17
8590.690753337,child3,859005,frame,-108
8590.705838584001,child2,859005,frame,19
8590.717676498,child6,859005,frame,-69
8590.734112994,child7,859005,frame,28
8600.748392555,child8,860015,frame,41
8600.764301801,child10,860015,frame,11
8600.765630134,child1,860015,frame,-206
8600.775915049,child5,860015,frame,-87
8600.779011006,child4,860015,frame,55
8600.792254045,child9,860015,frame,-249
8600.796589294,child3,860015,frame,4
8600.808940499,child2,860015,frame,-70
8600.822662079001,child6,860015,frame,-101
8600.8390392,child7,860015,frame,-103
8610.844122764001,child7,861025,frame,183
8610.858540594001,child8,861025,frame,41
8610.8691353,child1,861025,frame,133
8610.871221424,child10,861025,frame,133
8610.880233672,child5,861025,frame,57
8610.886834254,child4,861025,frame,56
8610.895087710001,child9,861025,frame,272
8610.899234501001,child3,861025,frame,130
8610.913364539,child2,861025,frame,37
8610.925952661,child6,861025,frame,41
8620.948074262,child7,862035,frame,-103
8620.962958258999,child8,862035,frame,-126
8620.97196359,child1,862035,frame,-71
8620.975950839,child10,862035,frame,-190
8620.986096087,child5,862035,frame,-85
8620.991819835,child4,862035,frame,-86
8620.997021334,child9,862035,frame,-77
8621.002444415999,child3,862035,frame,-215
8621.02006787,child2,862035,frame,-68
8621.026337577001,child6,862035,frame,44
8631.053058468999,child7,863045,frame,183
8631.067541257,child8,863045,frame,127
8631.076217754999,child1,863045,frame,16
8631.078342588,child10,863045,frame,35
8631.09066571,child5,863045,frame,40
8631.095607666999,child4,863045,frame,-70
8631.10498429,child9,863045,frame,9
8631.106901581,child3,863045,frame,135
8631.121649328,child2,863045,frame,133
8631.129380951,child6,863045,frame,40
8641.162930633,child7,864055,frame,-85
8641.171669714,child8,864055,frame,59
8641.183586169002,child1,864055,frame,133
8641.184392752999,child10,864055,frame,139
8641.200070207,child5,864055,frame,11
8641.206393747,child4,864055,frame,56
8641.211016288,child3,864055,frame,50
8641.211976788,child9,864055,frame,10
8641.226527742001,child2,864055,frame,-78
8641.232514199,child6,864055,frame,25
8651.269208047,child7,865065,frame,22
8651.274570588,child8,865065,frame,-217
8651.285567002,child1,865065,frame,-115
8651.291387875,child10,865065,frame,-112
8651.303949289,child5,865065,frame,-79
8651.312722995,child4,865065,frame,-70
8651.313343536998,child3,865065,frame,-72
8651.317177577,child9,865065,frame,46
8651.331335574,child2,865065,frame,45
8651.333555032,child6,865065,frame,24
8661.374097962,child7,866075,frame,27
8661.384133376001,child8,866075,frame,49
8661.390664875,child1,866075,frame,-2
8661.391325625,child10,866075,frame,34
8661.408794871,child5,866075,frame,47
8661.416001786,child4,866075,frame,55
8661.42002191,child9,866075,frame,-77
8661.420214368001,child3,866075,frame,-72
8661.438560447,child6,866075,frame,9
8661.439795196,child2,866075,frame,34
8671.446317717999,child6,867085,frame,24
8671.448472801,child2,867085,frame,-78
8671.477723626998,child7,867085,frame,7
8671.489453958,child8,867085,frame,5
8671.49384354,child1,867085,frame,-2
8671.494580373,child10,867085,frame,-109
8671.512209161001,child5,867085,frame,56
8671.522255782998,child4,867085,frame,3
8671.523931158,child9,867085,frame,9
8671.526366282,child3,867085,frame,139
8681.553011258,child6,868095,frame,14
8681.554617257001,child2,868095,frame,123
8681.580844876,child7,868095,frame,24
8681.591982623,child8,868095,frame,48
8681.60000833,child1,868095,frame,13
8681.602331787999,child10,868095,frame,145
8681.618399158999,child5,868095,frame,53
8681.628415656,child4,868095,frame,55
8681.631006614,child9,868095,frame,12
8681.63558103,child3,868095,frame,-75
8690.635139709,child9,869004,frame,56
8690.6393575,child3,869004,frame,-95
8690.657509579,child6,869004,frame,-84
8690.662013619,child2,869004,frame,-194
8690.684529488999,child7,869004,frame,-83
8690.694528028,child8,869004,frame,45
8690.69910236,child1,869004,frame,-67
8690.709445191,child10,869004,frame,-79
8690.721383605,child5,869004,frame,11
8690.731759311,child4,869004,frame,-85
8700.734542959,child4,870014,frame,135
8700.739418791,child9,870014,frame,1
8700.743221372999,child3,870014,frame,148
8700.763630992999,child6,870014,frame,8
8700.764965743,child2,870014,frame,126
8700.791211778,child7,870014,frame,-91
8700.798983277,child8,870014,frame,5
8700.799981193,child1,870014,frame,14
8700.81766673,child10,870014,frame,29
8700.824089353999,child5,870014,frame,-66
8710.832700375,child5,871024,frame,39
8710.841917623,child4,871024,frame,-75
8710.844771663998,child9,871024,frame,-69
8710.847541413,child3,871024,frame,45
8710.867141075,child6,871024,frame,29
8710.870865199,child2,871024,frame,-86
8710.899318818,child7,871024,frame,32
8710.904516525,child8,871024,frame,34
8710.91064744,child1,871024,frame,6
8710.920807354,child10,871024,frame,6
8720.93979629,child5,872034,frame,-87
8720.946687996,child4,872034,frame,-76
8720.949234161999,child9,872034,frame,-124
8720.950979204,child3,872034,frame,-72
8720.970231866,child6,872034,frame,-116
8720.974412698,child2,872034,frame,-80
8721.005841940001,child7,872034,frame,31
8721.010312273,child8,872034,frame,-209
8721.019515854,child1,872034,frame,-119
8721.028988602,child10,872034,frame,-121
8731.045433204,child5,873044,frame,48
8731.052944826999,child4,873044,frame,21
8731.056649827,child9,873044,frame,125
8731.058223409998,child3,873044,frame,4
8731.075567947,child6,873044,frame,24
8731.078063613,child2,873044,frame,127
8731.114829063,child8,873044,frame,155
8731.114932354,child7,873044,frame,33
8731.120858645,child1,873044,frame,162
8731.130204476001,child10,873044,frame,20
8741.149979453,child5,874054,frame,34
8741.159254659,child4,874054,frame,55
8741.161017117,child3,874054,frame,-67
8741.163637366,child9,874054,frame,9
8741.179281529,child6,874054,frame,25
8741.184036236,child2,874054,frame,55
8741.216732186998,child7,874054,frame,15
8741.222431019001,child8,874054,frame,-92
8741.22265156,child1,874054,frame,8
8741.232183057999,child10,874054,frame,23
8751.239380203999,child10,875064,frame,30
8751.252942035,child5,875064,frame,33
8751.263265990001,child4,875064,frame,-69
8751.263300823999,child3,875064,frame,59
8751.270932321999,child9,875064,frame,1
8751.279962528,child6,875064,frame,-101
8751.287876735,child2,875064,frame,55
8751.324486100999,child8,875064,frame,175
8751.324771476,child7,875064,frame,-91
8751.32911485,child1,875064,frame,7
8761.344547453,child10,876074,frame,138
8761.360616532,child5,876074,frame,-74
8761.36950728,child4,876074,frame,0
8761.370159446,child3,876074,frame,5
8761.377589861,child9,876074,frame,-123
8761.381046069,child6,876074,frame,41
8761.396727357,child2,876074,frame,-104
8761.432543098,child8,876074,frame,-81
8761.432710765,child7,876074,frame,48
8761.433211723,child1,876074,frame,8
8771.437170787,child1,877084,frame,-117
8771.437977662,child7,877084,frame,-95
8771.438883203,child8,877084,frame,-83
8771.453021783,child10,877084,frame,-237
8771.463907989,child5,877084,frame,-79
8771.470775612,child3,877084,frame,42
8771.476661319,child4,877084,frame,-117
8771.480512902,child6,877084,frame,40
8771.483218734,child9,877084,frame,-1
8771.506539812,child2,877084,frame,3
8781.536590828,child1,878094,frame,16
8781.543339577001,child8,878094,frame,12
8781.547529159001,child7,878094,frame,54
8781.558396864999,child10,878094,frame,159
8781.567368029,child5,878094,frame,59
8781.57712711,child3,878094,frame,-83
8781.581516484,child4,878094,frame,139
8781.586500983,child9,878094,frame,29
8781.587112566,child6,878094,frame,47
8781.610713852,child2,878094,frame,44
8790.638551483,child1,879003,frame,19
8790.649563106,child7,879003,frame,8
8790.649669856,child8,879003,frame,-73
8790.659702519999,child10,879003,frame,-127
8790.673559517,child5,879003,frame,16
8790.681484765,child3,879003,frame,-89
8790.682910681,child4,879003,frame,-66
8790.690860887,child9,879003,frame,-72
8790.692761304,child6,879003,frame,-74
8790.717267256,child2,879003,frame,-100
8800.725099027,child2,880013,frame,38
8800.742137565,child1,880013,frame,16
8800.753802186999,child8,880013,frame,135
8800.754443353999,child7,880013,frame,42
8800.768575392,child10,880013,frame,145
8800.777105973,child5,880013,frame,49
8800.783950596999,child3,880013,frame,148
8800.787793679001,child4,880013,frame,15
8800.795518177001,child9,880013,frame,158
8800.797466259999,child6,880013,frame,60
8810.829681276,child2,881023,frame,39
8810.84681298,child1,881023,frame,17
8810.857179936,child7,881023,frame,-103
8810.863920434,child8,881023,frame,-74
8810.871925182,child10,881023,frame,-119
8810.882290346,child5,881023,frame,-92
8810.890451636,child3,881023,frame,-127
8810.892358219,child4,881023,frame,8
8810.901473341999,child6,881023,frame,-101
8810.903608216,child9,881023,frame,-79
8820.934221899,child2,882033,frame,-79
8820.951585228,child1,882033,frame,14
8820.96383435,child7,882033,frame,58
8820.967848807999,child8,882033,frame,56
8820.977837597,child10,882033,frame,147
8820.987066345,child5,882033,frame,129
8820.996670966999,child3,882033,frame,140
8820.998138800001,child4,882033,frame,10
8821.001948508,child6,882033,frame,41
8821.008463922999,child9,882033,frame,25
8831.037969939001,child2,883043,frame,125
8831.056686601,child1,883043,frame,14
8831.070379931,child8,883043,frame,42
8831.071105431,child7,883043,frame,56
8831.08126347,child10,883043,frame,5
8831.090749968,child5,883043,frame,-87
8831.103047506998,child6,883043,frame,40
8831.103134174,child3,883043,frame,53
8831.105111673,child4,883043,frame,-105
8831.114610920999,child9,883043,frame,25
8841.147631811,child2,884053,frame,-87
8841.160190808,child1,884053,frame,14
8841.175461596,child7,884053,frame,-103
8841.176064054,child8,884053,frame,10
8841.186644509999,child10,884053,frame,6
8841.193537842,child5,884053,frame,55
8841.206274922,child6,884053,frame,-100
8841.209893088,child3,884053,frame,-72
8841.210491671,child4,884053,frame,26
8841.218611961,child9,884053,frame,-99
8851.250291851002,child2,885063,frame,55
8851.265301181,child1,885063,frame,14
8851.279131886,child7,885063,frame,58
8851.281102136,child8,885063,frame,-75
8851.292187716,child10,885063,frame,20
8851.297149049,child5,885063,frame,40
8851.311597962,child6,885063,frame,40
8851.313751503,child3,885063,frame,60
8851.317335835001,child4,885063,frame,27
8851.325376917,child9,885063,frame,150
8861.329725272,child9,886073,frame,-197
8861.355959683,child2,886073,frame,-78
8861.369011013,child1,886073,frame,-127
8861.383748843,child7,886073,frame,22
8861.38729055,child8,886073,frame,49
8861.393972799,child10,886073,frame,-215
8861.400547922,child5,886073,frame,-100
8861.415283044,child6,886073,frame,-84
8861.417740543,child3,886073,frame,-191
8861.424015916,child4,886073,frame,11
8871.428435939,child4,887083,frame,-80
8871.435328895,child9,887083,frame,158
8871.457902389999,child2,887083,frame,125
8871.469003721,child1,887083,frame,139
8871.489724466,child7,887083,frame,-83
8871.494688089,child8,887083,frame,-1
8871.496900797,child10,887083,frame,156
8871.505214545,child5,887083,frame,41
8871.517039584,child6,887083,frame,138
8871.522799208,child3,887083,frame,137
8881.533099145001,child4,888093,frame,154
8881.543085558998,child9,888093,frame,5
8881.56831597,child2,888093,frame,19
8881.570161010999,child1,888093,frame,-65
8881.593177756,child7,888093,frame,54
8881.600107129,child8,888093,frame,-92
8881.60268492,child10,888093,frame,60
8881.609600002,child5,888093,frame,55
8881.616447167,child6,888093,frame,160
8881.625353915,child3,888093,frame,47
8890.630228384,child3,889002,frame,11
8890.638061382999,child4,889002,frame,-66
8890.649244797001,child9,889002,frame,28
8890.671296333,child2,889002,frame,11
8890.674642207001,child1,889002,frame,10
8890.697829617999,child7,889002,frame,22
8890.708525449001,child8,889002,frame,177
8890.712948614999,child10,889002,frame,46
8890.715512239,child5,889002,frame,8
8890.717156197,child6,889002,frame,-125
8900.719716511,child10,890012,frame,43
8900.721074303,child6,890012,frame,25
8900.725325385001,child5,890012,frame,22
8900.734601341,child3,890012,frame,37
8900.743338506,child4,890012,frame,23
8900.753669003001,child9,890012,frame,9
8900.777286206,child2,890012,frame,39
8900.782131495998,child1,890012,frame,133
8900.801397867,child7,890012,frame,165
8900.814150572,child8,890012,frame,45
8910.823108426,child8,891022,frame,26
8910.826787176,child10,891022,frame,-73
8910.828113925001,child6,891022,frame,149
8910.831524674,child5,891022,frame,33
8910.834026048999,child3,891022,frame,45
8910.846117504001,child4,891022,frame,150
8910.858803376,child9,891022,frame,9
8910.882901954,child1,891022,frame,-71
8910.885378037001,child2,891022,frame,7
8910.904382532,child7,891022,frame,6
8920.928350383001,child10,892032,frame,-2
8920.929959174,child8,892032,frame,-83
8920.934240880999,child5,892032,frame,18
8920.935615714001,child6,892032,frame,-116
8920.940487004998,child3,892032,frame,-80
8920.955760126,child4,892032,frame,-70
8920.963083624,child9,892032,frame,135
8920.985634952,child1,892032,frame,0
8920.988312534999,child2,892032,frame,-92
8921.009822572001,child7,892032,frame,-98
8931.032621214,child8,893042,frame,-91
8931.03487188,child10,893042,frame,42
8931.037838963,child6,893042,frame,8
8931.038332505,child5,893042,frame,-108
8931.046342794,child3,893042,frame,45
8931.064257457,child4,893042,frame,0
8931.07115058,child9,893042,frame,-209
8931.088688159,child1,893042,frame,0
8931.09341895,child2,893042,frame,32
8931.112686695,child7,893042,frame,7
8941.120502342,child7,894052,frame,26
8941.139377129,child8,894052,frame,158
8941.14033267,child10,894052,frame,54
8941.142975419,child5,894052,frame,51
8941.143526086,child6,894052,frame,9
8941.147785002,child3,894052,frame,45
8941.167520039,child4,894052,frame,2
8941.176650078001,child9,894052,frame,125
8941.194545949002,child1,894052,frame,17
8941.198410906,child2,894052,frame,32
8951.22545959,child7,895062,frame,23
8951.24406096,child8,895062,frame,-90
8951.246922876,child6,895062,frame,55
8951.247000251,child10,895062,frame,19
8951.247684626,child5,895062,frame,14
8951.2507875,child3,895062,frame,13
8951.271945745,child4,895062,frame,0
8951.282343951,child9,895062,frame,-85
8951.30050928,child2,895062,frame,-1
8951.302877863,child1,895062,frame,45
8961.328545088001,child7,896072,frame,-71
8961.348366,child8,896072,frame,-100
8961.350133041,child6,896072,frame,-112
8961.351218041002,child10,896072,frame,-97
8961.352347666,child5,896072,frame,15
8961.353709957,child3,896072,frame,-105
8961.378932618,child4,896072,frame,-76
8961.387647949,child9,896072,frame,2
8961.401839570999,child1,896072,frame,-198
8961.40410582,child2,896072,frame,25
8971.433955086,child7,897082,frame,18
8971.454739081,child10,897082,frame,-81
8971.454844081,child5,897082,frame,18
8971.455571956,child6,897082,frame,25
8971.455933747999,child8,897082,frame,151
8971.458322247001,child3,897082,frame,37
8971.484533449,child4,897082,frame,137
8971.490980573,child9,897082,frame,1
8971.502455736,child1,897082,frame,256
8971.510390401,child2,897082,frame,-101
8981.540190376001,child7,898092,frame,59
8981.556006663,child5,898092,frame,-111
8981.560083246,child10,898092,frame,-67
8981.560116536999,child3,898092,frame,-93
8981.561534995,child8,898092,frame,-82
8981.563908412,child6,898092,frame,5
8981.588220156002,child4,898092,frame,-78
8981.596343862,child9,898092,frame,48
8981.605634652,child1,898092,frame,-87
8981.616330691,child2,898092,frame,36
8990.610227913,child1,899001,frame,1
8990.620494286,child2,899001,frame,56
8990.647740029,child7,899001,frame,14
8990.658633485,child5,899001,frame,128
8990.662691359,child8,899001,frame,39
8990.663767609,child6,899001,frame,-77
8990.665439025,child3,899001,frame,128
8990.667301358,child10,899001,frame,52
8990.693637018001,child4,899001,frame,-87
8990.698098184,child9,899001,frame,-101
9000.716471952,child1,900011,frame,-73
9000.724208701,child2,900011,frame,-93
9000.749693528,child7,900011,frame,-119
9000.764972149,child5,900011,frame,-90
9000.765395816,child6,900011,frame,33
9000.766033399,child8,900011,frame,-84
9000.773124397001,child3,900011,frame,-88
9000.774710605,child10,900011,frame,42
9000.7983176,child4,900011,frame,19
9000.801565724001,child9,900011,frame,9
9010.820327743,child1,901021,frame,123
9010.828126907001,child2,901021,frame,32
9010.858113317,child7,901021,frame,26
9010.863026774,child6,901021,frame,16
9010.869688231001,child5,901021,frame,30
9010.870750855001,child8,901021,frame,-2
9010.880380228,child3,901021,frame,-88
9010.88642956,child10,901021,frame,54
9010.904644471999,child9,901021,frame,25
9010.904694806,child4,901021,frame,11
9020.909321203,child4,902031,frame,11
9020.926743074,child1,902031,frame,45
9020.933347989001,child2,902031,frame,32
9020.962202357,child7,902031,frame,24
9020.971052230001,child6,902031,frame,17
9020.97472977,child5,902031,frame,141
9020.976726853,child8,902031,frame,33
9020.986653934,child3,902031,frame,-72
9020.988061476,child10,902031,frame,-73
9021.007930054,child9,902031,frame,47
9031.014879576,child4,903041,frame,-97
9031.017698075,child9,903041,frame,-116
9031.03171428,child1,903041,frame,-212
9031.037674695,child2,903041,frame,14
9031.068597105,child7,903041,frame,6
9031.077708269,child6,903041,frame,-109
9031.079253019,child5,903041,frame,1
9031.081266935,child8,903041,frame,-76
9031.0882186,child10,903041,frame,-120
9031.094118098,child3,903041,frame,132
9041.119482573999,child4,904051,frame,24
9041.122771948001,child9,904051,frame,18
9041.135268987,child1,904051,frame,133
9041.141227527,child2,904051,frame,32
9041.171772561001,child7,904051,frame,26
9041.184462183,child6,904051,frame,166
9041.184545017,child5,904051,frame,1
9041.185017557998,child8,904051,frame,132
9041.193359973,child10,904051,frame,154
9041.200402096,child3,904051,frame,-2
9051.228244946,child9,905061,frame,17
9051.228479112999,child4,905061,frame,-110
9051.23831536,child1,905061,frame,-94
9051.244335526,child2,905061,frame,-93
9051.275399018,child7,905061,frame,-127
9051.289432806,child8,905061,frame,-99
9051.28951114,child6,905061,frame,-97
9051.289675515,child5,905061,frame,2
9051.299544471,child10,905061,frame,6
9051.307744426998,child3,905061,frame,-72
9061.310948783,child3,906071,frame,7
9061.333052903,child9,906071,frame,-125
9061.33574636,child1,906071,frame,8
9061.336276110002,child4,906071,frame,-76
9061.346115191,child2,906071,frame,32
9061.381776016,child7,906071,frame,34
9061.394870846,child5,906071,frame,-107
9061.395564763001,child8,906071,frame,11
9061.395633763,child6,906071,frame,24
9061.404974802,child10,906071,frame,-65
9071.416925697,child3,907081,frame,123
9071.436614401,child9,907081,frame,166
9071.439615275,child1,907081,frame,-1
9071.443455691,child4,907081,frame,55
9071.44805769,child2,907081,frame,14
9071.487876639,child7,907081,frame,-85
9071.499024969,child6,907081,frame,25
9071.500224718999,child5,907081,frame,125
9071.500408344,child8,907081,frame,-76
9071.510173842,child10,907081,frame,42
9081.51765028,child10,908091,frame,60
9081.52425407,child3,908091,frame,0
9081.537541775,child9,908091,frame,12
9081.546898731001,child1,908091,frame,19
9081.547026938999,child4,908091,frame,45
9081.552108938,child2,908091,frame,36
9081.589946679,child7,908091,frame,161
9081.601854218,child5,908091,frame,58
9081.603638884,child6,908091,frame,-112
9081.604580134,child8,908091,frame,127
9090.604352229999,child6,909000,frame,132
9090.606581312999,child5,909000,frame,-108
9090.609509603999,child8,909000,frame,-69
9090.620956809,child10,909000,frame,-87
9090.630099682,child3,909000,frame,28
9090.640162638,child9,909000,frame,-87
9090.649033844,child4,909000,frame,24
9090.651666719,child1,909000,frame,39
9090.657247176001,child2,909000,frame,-127
9090.694065208,child7,909000,frame,-113
9100.700491104999,child7,910010,frame,22
9100.709202686001,child6,910010,frame,-108
9100.710978353,child5,910010,frame,47
9100.715785475999,child8,910010,frame,49
9100.726938557002,child10,910010,frame,14
9100.735820722,child3,910010,frame,-82
9100.748351384998,child9,910010,frame,8
9100.754438467,child1,910010,frame,17
9100.755005425,child4,910010,frame,-77
9100.760497382,child2,910010,frame,-104
9110.805627458001,child7,911020,frame,42
9110.81297304,child6,911020,frame,157
9110.816936829999,child5,911020,frame,57
9110.821811413,child8,911020,frame,49
9110.829642869,child10,911020,frame,5
9110.841310324,child3,911020,frame,43
9110.851490863999,child9,911020,frame,158
9110.856303612,child1,911020,frame,6
9110.859800528,child4,911020,frame,126
9110.862584361,child2,911020,frame,182
9120.911506578,child7,912030,frame,22
9120.912430745,child6,912030,frame,-124
9120.922532534,child5,912030,frame,-122
9120.92990349,child8,912030,frame,-74
9120.933392906001,child10,912030,frame,51
9120.944730070001,child3,912030,frame,33
9120.957158734,child9,912030,frame,-123
9120.961139316,child1,912030,frame,-80
9120.966322605998,child4,912030,frame,-83
9120.968029939,child2,912030,frame,-86
9131.013622407001,child6,913040,frame,32
9131.01451599,child7,913040,frame,-83
9131.02897257,child5,913040,frame,-1
9131.033603236,child8,913040,frame,58
9131.03713336,child10,913040,frame,-2
9131.051145523,child3,913040,frame,-80
9131.064054437,child9,913040,frame,17
9131.068474811002,child4,913040,frame,58
9131.068568102,child1,913040,frame,6
9131.070141643999,child2,913040,frame,55
9141.118583069001,child6,914050,frame,36
9141.119509818998,child7,914050,frame,40
9141.133153524,child5,914050,frame,-1
9141.135163648,child8,914050,frame,41
9141.141610855,child10,914050,frame,42
9141.155578934999,child3,914050,frame,45
9141.17119164,child4,914050,frame,-83
9141.171714931,child9,914050,frame,0
9141.174335056,child1,914050,frame,-2
9141.17702068,child2,914050,frame,-104
9151.222549981,child7,915060,frame,23
9151.225149522,child6,915060,frame,-108
9151.239786727,child5,915060,frame,-202
9151.242622517999,child8,915060,frame,-72
9151.247046017,child10,915060,frame,-79
9151.261672012999,child3,915060,frame,-88
9151.27511926,child9,915060,frame,1
9151.275349092999,child1,915060,frame,-2
9151.275840717999,child4,915060,frame,-84
9151.28088655,child2,915060,frame,57
9161.330738726,child6,916070,frame,32
9161.331130475999,child7,916070,frame,-99
9161.345094222,child8,916070,frame,33
9161.346159888999,child5,916070,frame,150
9161.347783180001,child10,916070,frame,60
9161.366015675001,child3,916070,frame,-1
9161.375450215,child1,916070,frame,-2
9161.379882922,child4,916070,frame,59
9161.381115713,child9,916070,frame,-108
9161.390652169,child2,916070,frame,55
9171.433625721,child7,917080,frame,38
9171.43776497,child6,917080,frame,-108
9171.449395218,child8,917080,frame,-66
9171.450515675999,child10,917080,frame,-66
9171.455521258,child5,917080,frame,17
9171.470674046,child3,917080,frame,123
9171.480196126999,child1,917080,frame,125
9171.483411583999,child4,917080,frame,138
9171.486248084,child9,917080,frame,159
9171.496479164001,child2,917080,frame,-70
9181.5032561,child2,918090,frame,34
9181.540934008,child7,918090,frame,41
9181.544472047999,child6,918090,frame,45
9181.553568546002,child10,918090,frame,-67
9181.555719629001,child8,918090,frame,40
9181.561852252999,child5,918090,frame,-101
9181.575811999,child3,918090,frame,-75
9181.584166747,child1,918090,frame,-198
9181.590498829,child4,918090,frame,-81
9181.59184737,child9,918090,frame,-121
9191.608268304,child2,919100,frame,36
9191.646686128,child6,919100,frame,155
9191.646789919,child7,919100,frame,145
9191.660062916,child10,919100,frame,127
9191.660368541001,child8,919100,frame,41
9191.667495373,child5,919100,frame,153
9191.677538745,child3,919100,frame,49
9191.687441950999,child1,919100,frame,141
9191.695833657,child9,919100,frame,126
9191.697744698999,child4,919100,frame,45
9200.70314117,child9,920009,frame,-79
9200.706645168999,child4,920009,frame,31
9200.711162043,child2,920009,frame,-99
9200.7515427,child7,920009,frame,-236
9200.751714324999,child6,920009,frame,-243
9200.76642578,child10,920009,frame,-110
9200.769688196,child8,920009,frame,-69
9200.773396778,child5,920009,frame,-69
9200.779163652,child3,920009,frame,-101
9200.789885856999,child1,920009,frame,-122
9210.793489127002,child1,921019,frame,133
9210.808481832,child9,921019,frame,17
9210.813515706,child4,921019,frame,40
9210.822194245,child2,921019,frame,162
9210.853595154,child6,921019,frame,173
9210.856329778999,child7,921019,frame,181
9210.871549525,child10,921019,frame,132
9210.873932608,child8,921019,frame,167
9210.88319773,child3,921019,frame,129
9210.883254647,child5,921019,frame,18
9220.899161247,child1,922029,frame,55
9220.909408328,child9,922029,frame,142
9220.919721284,child4,922029,frame,-85
9220.928514448,child2,922029,frame,-83
9220.956629108001,child6,922029,frame,33
9220.965562898,child7,922029,frame,-119
9220.976535145,child10,922029,frame,-72
9220.979861185999,child8,922029,frame,-100
9220.987428309,child3,922029,frame,-82
9220.989958683002,child5,922029,frame,17
9230.993579037,child3,923039,frame,59
9231.005897367,child1,923039,frame,-124
9231.015654323,child9,923039,frame,44
9231.023140653999,child4,923039,frame,39
9231.033138652001,child2,923039,frame,164
9231.063029519999,child6,923039,frame,52
9231.069248435,child7,923039,frame,167
9231.080454224,child10,923039,frame,6
9231.086923931001,child8,923039,frame,59
9231.09089518,child5,923039,frame,17
9241.095168991,child8,924049,frame,-100
9241.095981158,child5,924049,frame,11
9241.099303532,child3,924049,frame,-82
9241.106980821,child1,924049,frame,-2
9241.122214568,child9,924049,frame,-68
9241.128959399,child4,924049,frame,-100
9241.14095548,child2,924049,frame,-101
9241.161943016,child6,924049,frame,-109
9241.17653468,child7,924049,frame,-119
9241.186895219,child10,924049,frame,-65
9251.198953653,child5,925059,frame,-117
9251.201034403,child8,925059,frame,42
9251.20701086,child1,925059,frame,-2
9251.208874817,child3,925059,frame,33
9251.223643397,child9,925059,frame,47
9251.237220227,child4,925059,frame,164
9251.245223308999,child2,925059,frame,-104
9251.263173804,child6,925059,frame,33
9251.284218174,child7,925059,frame,27
9251.292639296998,child10,925059,frame,138
9261.297150067,child10,926069,frame,-74
9261.306009897999,child5,926069,frame,22
9261.306384148,child8,926069,frame,-81
9261.31254498,child1,926069,frame,14
9261.315366687,child3,926069,frame,124
9261.330327225,child9,926069,frame,-69
9261.340979931001,child4,926069,frame,-90
9261.348179304,child2,926069,frame,-83
9261.372613298001,child6,926069,frame,16
9261.387779795,child7,926069,frame,6
9271.402282145,child10,927079,frame,34
9271.410565601,child5,927079,frame,9
9271.414673309,child8,927079,frame,42
9271.417247475,child1,927079,frame,-73
9271.417723683,child3,927079,frame,-88
9271.431522096,child9,927079,frame,-95
9271.445343135,child4,927079,frame,-92
9271.4527663,child2,927079,frame,55
9271.475740586,child6,927079,frame,-108
9271.492196873,child7,927079,frame,-98
9281.499011642,child7,928089,frame,56
9281.509404765,child10,928089,frame,0
9281.510962639,child5,928089,frame,26
9281.518079471,child8,928089,frame,41
9281.524715594,child1,928089,frame,14
9281.528325427,child3,928089,frame,53
9281.538640883,child9,928089,frame,134
9281.548827422,child4,928089,frame,51
9281.558053378001,child2,928089,frame,55
9281.581085956,child6,928089,frame,48
9291.604628721001,child7,929099,frame,5
9291.611725051998,child10,929099,frame,50
9291.613001052,child5,929099,frame,-94
9291.622768008,child8,929099,frame,45
9291.629149923001,child3,929099,frame,34
9291.629708839999,child1,929099,frame,-2
9291.645634919001,child9,929099,frame,-80
9291.649541251,child4,929099,frame,46
9291.662366373,child2,929099,frame,18
9291.68377891,child6,929099,frame,14
9300.709476376001,child7,930008,frame,28
9300.71477475,child10,930008,frame,38
9300.715610500001,child5,930008,frame,1
9300.727353789,child8,930008,frame,-87
9300.731815954,child1,930008,frame,16
9300.734397162,child3,930008,frame,-110
9300.749235742001,child9,930008,frame,17
9300.756628907,child4,930008,frame,26
9300.767737112,child2,930008,frame,26
9300.785847608,child6,930008,frame,7
9310.787521670001,child6,931018,frame,32
9310.817044496,child7,931018,frame,-119
9310.818256662,child10,931018,frame,-81
9310.822688536,child5,931018,frame,30
9310.831004326,child8,931018,frame,41
9310.836987491,child1,931018,frame,22
9310.837317908,child3,931018,frame,45
9310.854270945,child9,931018,frame,46
9310.864989109,child4,931018,frame,-90
9310.874000524,child2,931018,frame,38
9320.894178248,child6,932028,frame,53
9320.92097895,child7,932028,frame,58
9320.921994658001,child10,932028,frame,52
9320.926155157,child5,932028,frame,30
9320.939093945,child8,932028,frame,-1
9320.943777653,child1,932028,frame,8
9320.945438444,child3,932028,frame,45
9320.960736815,child9,932028,frame,2
9320.966889189,child4,932028,frame,5
9320.978977102,child2,932028,frame,55
9331.000857534,child6,933038,frame,-109
9331.025782237,child10,933038,frame,-89
9331.027902903,child5,933038,frame,34
9331.030094944,child7,933038,frame,-102
9331.040723483,child8,933038,frame,-92
9331.043944816001,child1,933038,frame,8
9331.05131323,child3,933038,frame,-96
9331.06073352,child9,933038,frame,-70
9331.073420391998,child4,933038,frame,40
9331.084472222,child2,933038,frame,-103
9341.09001595,child2,934048,frame,39
9341.103850322,child6,934048,frame,33
9341.12962844,child10,934048,frame,-83
9341.135250939,child7,934048,frame,57
9341.136802064,child5,934048,frame,17
9341.142297396,child1,934048,frame,8
9341.145319395,child8,934048,frame,129
9341.156270226,child3,934048,frame,43
9341.164788181999,child9,934048,frame,134
9341.183248427,child4,934048,frame,-69
9351.189676988,child4,935058,frame,55
9351.194594945,child2,935058,frame,24
9351.205348693,child6,935058,frame,32
9351.232770144,child10,935058,frame,-1
9351.240809517,child7,935058,frame,56
9351.241234392,child5,935058,frame,-108
9351.252240723,child8,935058,frame,-99
9351.252561015,child1,935058,frame,-117
9351.257626888,child3,935058,frame,-74
9351.268402386,child9,935058,frame,-94
9361.296895440999,child4,936068,frame,41
9361.30100494,child2,936068,frame,23
9361.303763773,child6,936068,frame,16
9361.338380098001,child10,936068,frame,130
9361.346683637,child7,936068,frame,23
9361.347298637002,child5,936068,frame,176
9361.353401386,child8,936068,frame,41
9361.355892344,child1,936068,frame,16
9361.359807468001,child3,936068,frame,176
9361.373720256,child9,936068,frame,47
9371.398100729,child4,937078,frame,39
9371.404333269,child6,937078,frame,17
9371.405837769,child2,937078,frame,7
9371.444213218,child10,937078,frame,-73
9371.450651133,child5,937078,frame,-110
9371.450886674,child7,937078,frame,42
9371.458950881,child8,937078,frame,-66
9371.462525797,child3,937078,frame,34
9371.468235712,child1,937078,frame,158
9371.47704321,child9,937078,frame,-68
9381.503554974,child4,938088,frame,40
9381.510219097,child2,938088,frame,-101
9381.512474764,child6,938088,frame,16
9381.548767963,child10,938088,frame,6
9381.555262460999,child7,938088,frame,22
9381.555946836,child5,938088,frame,18
9381.564912501,child8,938088,frame,57
9381.565727751,child3,938088,frame,-107
9381.569408415999,child1,938088,frame,-2
9381.582517121,child9,938088,frame,55
9391.589037307,child9,939098,frame,-73
9391.608012844,child4,939098,frame,-88
9391.61404776,child6,939098,frame,-93
9391.615506134,child2,939098,frame,36
9391.652766542,child10,939098,frame,-116
9391.657620707,child5,939098,frame,14
9391.663399080999,child7,939098,frame,-84
9391.668622538,child3,939098,frame,-91
9391.672210912,child8,939098,frame,-84
9391.674523203,child1,939098,frame,-127
9400.695714838,child9,940007,frame,12
9400.714593375,child4,940007,frame,17
9400.717857332,child2,940007,frame,56
9400.722582539,child6,940007,frame,50
9400.756235406001,child10,940007,frame,123
9400.763239196001,child5,940007,frame,-74
9400.766364029,child7,940007,frame,8
9400.771634319,child3,940007,frame,148
9400.775354151,child8,940007,frame,132
9400.778613859,child1,940007,frame,17
9410.781297337,child8,941017,frame,-84
9410.783724253999,child1,941017,frame,-111
9410.795968291999,child9,941017,frame,1
9410.817351495,child4,941017,frame,34
9410.822970535999,child2,941017,frame,-92
9410.825636243,child6,941017,frame,-81
9410.858712109999,child10,941017,frame,-67
9410.867886691,child5,941017,frame,-100
9410.873231481999,child7,941017,frame,-83
9410.874719106,child3,941017,frame,-88
9420.878219876,child7,942027,frame,165
9420.879115293,child3,942027,frame,-88
9420.885531458,child1,942027,frame,153
9420.886377666,child8,942027,frame,42
9420.898287913,child9,942027,frame,56
9420.918372908,child4,942027,frame,-92
9420.927046823,child2,942027,frame,32
9420.927682489,child6,942027,frame,25
9420.963917563999,child10,942027,frame,141
9420.971025562,child5,942027,frame,59
9430.979251539,child7,943037,frame,6
9430.985724579,child1,943037,frame,14
9430.985816663,child3,943037,frame,53
9430.988097204,child8,943037,frame,7
9431.001692867,child9,943037,frame,46
9431.022620154,child4,943037,frame,36
9431.03015761,child2,943037,frame,32
9431.031131818001,child6,943037,frame,149
9431.068899517,child10,943037,frame,52
9431.077364349,child5,943037,frame,164
9441.080324702,child5,944047,frame,-118
9441.085276534,child7,944047,frame,26
9441.089404533,child1,944047,frame,-2
9441.090808658,child3,944047,frame,37
9441.093569407,child8,944047,frame,41
9441.107658987,child9,944047,frame,-77
9441.129341065001,child4,944047,frame,33
9441.134778522,child2,944047,frame,15
9441.137515063001,child6,944047,frame,-241
9441.174150428998,child10,944047,frame,-82
9451.180645907,child10,945057,frame,5
9451.182181365,child5,945057,frame,40
9451.189833737999,child7,945057,frame,6
9451.196403069001,child8,945057,frame,59
9451.196462569,child1,945057,frame,-2
9451.197697861,child3,945057,frame,53
9451.209455191,child9,945057,frame,2
9451.23460706,child4,945057,frame,35
9451.240946475,child6,945057,frame,165
9451.241181849999,child2,945057,frame,33
9461.284412776999,child5,946067,frame,26
9461.286555985,child10,946067,frame,123
9461.296469899,child7,946067,frame,27
9461.302205148,child8,946067,frame,25
9461.302294398001,child1,946067,frame,16
9461.304885563999,child3,946067,frame,53
9461.312357395002,child9,946067,frame,55
9461.341138888,child4,946067,frame,51
9461.344359596,child2,946067,frame,32
9461.344745346001,child6,946067,frame,150
9471.390341897,child5,947077,frame,42
9471.392892688,child10,947077,frame,-99
9471.401871852999,child7,947077,frame,24
9471.406725143,child1,947077,frame,16
9471.407022476,child8,947077,frame,-99
9471.408009392999,child3,947077,frame,-90
9471.420329056,child9,947077,frame,56
9471.446553008,child2,947077,frame,16
9471.446897008,child4,947077,frame,-93
9471.449763883,child6,947077,frame,-117
9481.496974892,child5,948087,frame,149
9481.498925766,child10,948087,frame,38
9481.507178973001,child7,948087,frame,53
9481.508249556,child1,948087,frame,125
9481.509527889,child8,948087,frame,43
9481.515257429,child3,948087,frame,159
9481.523943552,child9,948087,frame,23
9481.549321254,child6,948087,frame,153
9481.551280419999,child2,948087,frame,-1
9481.551603127999,child4,948087,frame,157
9491.598604428998,child5,949097,frame,-191
9491.606419511,child10,949097,frame,43
9491.61045826,child7,949097,frame,-126
9491.613026176,child1,949097,frame,-202
9491.614906092,child8,949097,frame,32
9491.621262216,child3,949097,frame,-93
9491.629795797,child9,949097,frame,-88
9491.648959542,child6,949097,frame,-191
9491.654546749,child2,949097,frame,21
9491.654738207,child4,949097,frame,-111
9500.701427044001,child5,950006,frame,167
9500.713239708,child10,950006,frame,11
9500.717296873,child7,950006,frame,160
9500.718955998,child1,950006,frame,183
9500.720614373,child8,950006,frame,-108
9500.723661914,child3,950006,frame,52
9500.733052202999,child9,950006,frame,9
9500.750793449,child6,950006,frame,49
9500.759313572,child4,950006,frame,10
9500.759777446,child2,950006,frame,44
9510.803700081,child5,951016,frame,-77
9510.818544078,child10,951016,frame,-89
9510.822826868,child7,951016,frame,-192
9510.824127576,child1,951016,frame,-78
9510.828996159,child8,951016,frame,51
9510.833120741001,child3,951016,frame,13
9510.837654532,child9,951016,frame,-76
9510.859545735,child6,951016,frame,125
9510.862483609,child4,951016,frame,15
9510.864976233,child2,951016,frame,-125
9520.871903836001,child2,952026,frame,-2
9520.910566868,child5,952026,frame,10
9520.925498281,child10,952026,frame,51
9520.926838114001,child1,952026,frame,-71
9520.927611239,child7,952026,frame,-2
9520.935160029,child8,952026,frame,25
9520.943108693,child9,952026,frame,44
9520.944334026,child3,952026,frame,13
9520.962193855,child6,952026,frame,-124
9520.967585728999,child4,952026,frame,-107
9530.972078249,child4,953036,frame,-94
9530.978990789,child2,953036,frame,-109
9531.015129738,child5,953036,frame,-195
9531.02730136,child1,953036,frame,-107
9531.029959193,child10,953036,frame,-89
9531.032394359,child7,953036,frame,-106
9531.039925315,child8,953036,frame,-100
9531.045590814,child3,953036,frame,-237
9531.048878647,child9,953036,frame,-77
9531.067331975,child6,953036,frame,-79
9541.080220826,child4,954046,frame,48
9541.083770701,child2,954046,frame,157
9541.122121441,child5,954046,frame,35
9541.132550855,child1,954046,frame,13
9541.136452687999,child10,954046,frame,26
9541.137008271,child7,954046,frame,32
9541.143814811001,child8,954046,frame,-1
9541.150797643,child3,954046,frame,170
9541.155671766,child9,954046,frame,55
9541.169788930001,child6,954046,frame,9
9551.175480241001,child6,955056,frame,-101
9551.184475446998,child4,955056,frame,-75
9551.187584195999,child2,955056,frame,16
9551.228809811,child5,955056,frame,15
9551.235278059,child1,955056,frame,14
9551.241175016,child7,955056,frame,15
9551.242049683,child10,955056,frame,54
9551.252676512999,child8,955056,frame,50
9551.257712053999,child3,955056,frame,-96
9551.25941872,child9,955056,frame,-68
9561.277381903,child6,956066,frame,150
9561.290590233,child4,956066,frame,50
9561.291520525,child2,956066,frame,-127
9561.332911555999,child5,956066,frame,18
9561.336316555999,child1,956066,frame,14
9561.346911011,child7,956066,frame,33
9561.35269101,child10,956066,frame,-89
9561.355031259,child8,956066,frame,33
9561.362884799,child3,956066,frame,-96
9561.364806006999,child9,956066,frame,53
9571.384100856001,child6,957076,frame,44
9571.399772061,child4,957076,frame,3
9571.400206936,child2,957076,frame,32
9571.436959093,child5,957076,frame,33
9571.439724676,child1,957076,frame,30
9571.452873298,child7,957076,frame,23
9571.457169839001,child10,957076,frame,51
9571.462246671,child8,957076,frame,-72
9571.468264502,child3,957076,frame,123
9571.469401169,child9,957076,frame,10
9581.471844856,child9,958086,frame,1
9581.473108647,child3,958086,frame,-88
9581.488666268,child6,958086,frame,0
9581.50375639,child2,958086,frame,32
9581.50749043,child4,958086,frame,-67
9581.544896713,child1,958086,frame,6
9581.547070337,child5,958086,frame,9
9581.559227543,child7,958086,frame,-99
9581.561447834,child10,958086,frame,-73
9581.569396832001,child8,958086,frame,-76
9591.577222726,child9,959096,frame,4
9591.578018267,child3,959096,frame,54
9591.578374101,child8,959096,frame,128
9591.59381143,child6,959096,frame,7
9591.606894385,child2,959096,frame,36
9591.613080467001,child4,959096,frame,133
9591.650065958002,child5,959096,frame,47
9591.652602999,child1,959096,frame,30
9591.667363621,child7,959096,frame,124
9591.671378536,child10,959096,frame,128
9600.672048176,child7,960005,frame,1
9600.674716467001,child10,960005,frame,-101
9600.681419798,child8,960005,frame,-211
9600.682659548,child9,960005,frame,8
9600.683694963998,child3,960005,frame,11
9600.692810462,child6,960005,frame,0
9600.709407833001,child2,960005,frame,-82
9600.717414081,child4,960005,frame,-85
9600.753463031,child5,960005,frame,-68
9600.757702904999,child1,960005,frame,-101
9610.779686003,child10,961015,frame,43
9610.780884128,child7,961015,frame,31
9610.784288086,child8,961015,frame,259
9610.788000251001,child9,961015,frame,-124
9610.790153626,child3,961015,frame,-2
9610.793273458,child6,961015,frame,8
9610.810071996,child2,961015,frame,31
9610.818085118999,child4,961015,frame,3
9610.857667693,child5,961015,frame,30
9610.859109776,child1,961015,frame,28
9620.883860499,child10,962025,frame,45
9620.890686039002,child7,962025,frame,-1
9620.891584455001,child9,962025,frame,134
9620.893044037999,child8,962025,frame,-74
9620.894493580001,child3,962025,frame,37
9620.895278078999,child6,962025,frame,1
9620.916584949,child2,962025,frame,16
9620.923692446999,child4,962025,frame,13
9620.958745314,child1,962025,frame,16
9620.960402480001,child5,962025,frame,8
9630.964277208,child5,963035,frame,-116
9630.988438244,child10,963035,frame,-81
9630.996123284001,child3,963035,frame,-72
9630.996177867,child7,963035,frame,-106
9630.9981517,child9,963035,frame,-123
9630.998793867,child8,963035,frame,-83
9631.0006027,child6,963035,frame,-125
9631.020580278,child2,963035,frame,-112
9631.025508985,child4,963035,frame,2
9631.063097601,child1,963035,frame,16
9641.06923112,child5,964045,frame,25
9641.070545412,child1,964045,frame,16
9641.092521698,child10,964045,frame,-2
9641.097595322,child3,964045,frame,53
9641.098395196,child7,964045,frame,14
9641.100603321,child9,964045,frame,53
9641.106786194001,child8,964045,frame,57
9641.107669986,child6,964045,frame,-124
9641.12377469,child2,964045,frame,49
9641.133114271,child4,964045,frame,-69
9651.176064407,child1,965055,frame,16
9651.176172739999,child5,965055,frame,43
9651.194756526998,child10,965055,frame,52
9651.201054526,child3,965055,frame,37
9651.205110232999,child7,965055,frame,34
9651.207616024001,child9,965055,frame,10
9651.210615315,child6,965055,frame,157
9651.213642481,child8,965055,frame,138
9651.228056561,child2,965055,frame,31
9651.239776766,child4,965055,frame,9
9661.279709651999,child5,966065,frame,23
9661.280078527,child1,966065,frame,34
9661.300558272,child10,966065,frame,-74
9661.305076937999,child3,966065,frame,-80
9661.310778353,child7,966065,frame,32
9661.311749311,child9,966065,frame,9
9661.315656185,child6,966065,frame,36
9661.319013309,child8,966065,frame,-217
9661.33064214,child2,966065,frame,31
9661.343215845,child4,966065,frame,10
9671.385005814,child5,967075,frame,22
9671.388498313001,child1,967075,frame,13
9671.409419516001,child3,967075,frame,45
9671.409551933,child10,967075,frame,52
9671.412481016001,child7,967075,frame,-2
9671.416728515,child6,967075,frame,17
9671.420435304999,child9,967075,frame,134
9671.422165972,child8,967075,frame,174
9671.434716593,child2,967075,frame,13
9671.450462923,child4,967075,frame,1
9681.488158393,child5,968085,frame,25
9681.492477934,child1,968085,frame,-111
9681.516998761,child7,968085,frame,27
9681.517478094,child10,968085,frame,42
9681.517586594,child3,968085,frame,45
9681.519867719,child6,968085,frame,-109
9681.524698717,child9,968085,frame,-68
9681.525407884,child8,968085,frame,-127
9681.542382546,child2,968085,frame,-91
9681.557239001,child4,968085,frame,17
9691.596394804,child5,969095,frame,15
9691.59874772,child1,969095,frame,139
9691.620058257,child3,969095,frame,40
9691.621804089,child7,969095,frame,-120
9691.622715923,child10,969095,frame,-81
9691.624935963999,child6,969095,frame,30
9691.627956046,child9,969095,frame,46
9691.628835463,child8,969095,frame,34
9691.648592165999,child2,969095,frame,36
9691.661018913,child4,969095,frame,7
9700.655914511999,child2,970004,frame,-113
9700.666271093,child4,970004,frame,-81
9700.698790335,child5,970004,frame,-199
9700.700095627,child1,970004,frame,-123
9700.726215036999,child3,970004,frame,-118
9700.727138287,child7,970004,frame,28
9700.728972828001,child6,970004,frame,7
9700.729273411,child10,970004,frame,38
9700.730902786,child9,970004,frame,-114
9700.736597909,child8,970004,frame,-72
9710.760096883001,child2,971014,frame,162
9710.767615630999,child4,971014,frame,20
9710.799335248,child1,971014,frame,14
9710.804612330001,child5,971014,frame,165
9710.831096865,child7,971014,frame,22
9710.831886864999,child3,971014,frame,51
9710.832688907,child6,971014,frame,32
9710.833017615,child9,971014,frame,10
9710.839506447,child10,971014,frame,-2
9710.83990303,child8,971014,frame,14
9720.864967336001,child2,972024,frame,24
9720.871661085,child4,972024,frame,19
9720.898826285998,child1,972024,frame,14
9720.909791159,child5,972024,frame,27
9720.934831986,child6,972024,frame,17
9720.935956026999,child7,972024,frame,27
9720.939055943,child3,972024,frame,35
9720.939875651,child9,972024,frame,37
9720.941064568,child10,972024,frame,52
9720.944061567,child8,972024,frame,49
9730.967349915,child2,973034,frame,24
9730.973682581,child4,973034,frame,11
9731.011561738,child1,973034,frame,14
9731.020872444,child5,973034,frame,7
9731.035337274,child6,973034,frame,0
9731.038673981,child7,973034,frame,24
9731.043016063999,child9,973034,frame,57
9731.044992021,child10,973034,frame,44
9731.045995146002,child8,973034,frame,130
9731.046865188,child3,973034,frame,-108
9741.070706744,child2,974044,frame,24
9741.079155034,child4,974044,frame,12
9741.121332857,child1,974044,frame,13
9741.128813439,child5,974044,frame,-115
9741.13674452,child6,974044,frame,17
9741.142583768002,child7,974044,frame,6
9741.146279351,child9,974044,frame,-78
9741.148771559,child8,974044,frame,49
9741.150273517,child10,974044,frame,-99
9741.151265808,child3,974044,frame,53
9751.15466987,child8,975054,frame,-108
9751.158725869,child3,975054,frame,-88
9751.17287574,child2,975054,frame,-244
9751.190038110999,child4,975054,frame,-114
9751.224746769,child1,975054,frame,-109
9751.229777643,child5,975054,frame,25
9751.239492056999,child6,975054,frame,-89
9751.246863888999,child7,975054,frame,-98
9751.250721346,child9,975054,frame,56
9751.252650179,child10,975054,frame,-79
9761.254925490999,child10,976064,frame,123
9761.254988908,child9,976064,frame,2
9761.260410072999,child8,976064,frame,4
9761.262908364,child3,976064,frame,178
9761.277717235002,child2,976064,frame,180
9761.289674191,child4,976064,frame,45
9761.327894765001,child1,976064,frame,157
9761.332455805,child5,976064,frame,150
9761.346475885,child6,976064,frame,157
9761.354115467,child7,976064,frame,23
9771.358593653002,child7,977074,frame,42
9771.359775195,child10,977074,frame,-73
9771.362267527,child9,977074,frame,38
9771.36555511,child3,977074,frame,-88
9771.366912776,child8,977074,frame,34
9771.382122897,child2,977074,frame,-101
9771.393580811,child4,977074,frame,25
9771.432619093,child1,977074,frame,-125
9771.437564634001,child5,977074,frame,-98
9771.453527047,child6,977074,frame,1
9781.458350733,child6,978084,frame,-125
9781.462171482,child7,978084,frame,23
9781.463268982001,child10,978084,frame,52
9781.467649522001,child9,978084,frame,56
9781.470477647,child3,978084,frame,53
9781.472131771001,child8,978084,frame,33
9781.487544517999,child2,978084,frame,39
9781.500082180999,child4,978084,frame,26
9781.538119255001,child1,978084,frame,157
9781.541884963,child5,978084,frame,23
9791.561800479001,child6,979094,frame,139
9791.568614185,child10,979094,frame,50
9791.570140143,child7,979094,frame,6
9791.573305976,child9,979094,frame,35
9791.575348309,child3,979094,frame,34
9791.579336266,child8,979094,frame,-90
9791.591881013,child2,979094,frame,128
9791.602859385,child4,979094,frame,13
9791.644887708,child1,979094,frame,1
9791.646776541,child5,979094,frame,-65
9800.651102430002,child5,980003,frame,56
9800.667595301,child6,980003,frame,-83
9800.669574633,child7,980003,frame,11
9800.672678299,child10,980003,frame,-100
9800.675786507,child9,980003,frame,-66
9800.678314965,child3,980003,frame,8
9800.67871334,child8,980003,frame,25
9800.698849335,child2,980003,frame,-2
9800.704333167,child4,980003,frame,-73
9800.743964574,child1,980003,frame,-120
9810.757224091001,child5,981013,frame,17
9810.769297713001,child6,981013,frame,133
9810.771708629,child7,981013,frame,132
9810.775289628002,child10,981013,frame,167
9810.777099294999,child9,981013,frame,146
9810.781676794,child3,981013,frame,37
9810.78388046,child8,981013,frame,25
9810.803563247,child2,981013,frame,23
9810.810998745,child4,981013,frame,150
9810.845404903,child1,981013,frame,140
9820.851565631001,child1,982023,frame,18
9820.860977003,child5,982023,frame,17
9820.877578083,child6,982023,frame,-70
9820.879215582,child10,982023,frame,-79
9820.881175372999,child7,982023,frame,-114
9820.882038164998,child9,982023,frame,24
9820.883730914,child3,982023,frame,19
9820.889818370999,child8,982023,frame,-72
9820.909484408001,child2,982023,frame,7
9820.913212907,child4,982023,frame,10
9830.958835084,child1,983033,frame,-2
9830.962689666,child5,983033,frame,19
9830.981496953,child6,983033,frame,18
9830.983096994,child9,983033,frame,-115
9830.983293619,child10,983033,frame,44
9830.986066827,child7,983033,frame,131
9830.990728284,child3,983033,frame,19
9830.997846532,child8,983033,frame,49
9831.015466903,child2,983033,frame,151
9831.018546611,child4,983033,frame,9
9841.060140538,child1,984043,frame,45
9841.069171369,child5,984043,frame,0
9841.082844616,child6,984043,frame,47
9841.084202241,child9,984043,frame,24
9841.089148198,child10,984043,frame,27
9841.090822864,child7,984043,frame,-67
9841.096238113,child3,984043,frame,3
9841.102402403001,child8,984043,frame,159
9841.1148169,child2,984043,frame,-87
9841.126936772,child4,984043,frame,55
9851.166553449999,child1,985053,frame,-198
9851.175577156,child5,985053,frame,14
9851.182862946,child6,985053,frame,-195
9851.188993651998,child9,985053,frame,0
9851.195888401,child7,985053,frame,0
9851.196450401001,child10,985053,frame,-89
9851.201529024,child3,985053,frame,-106
9851.209319189002,child8,985053,frame,-96
9851.21998677,child2,985053,frame,-1
9851.230932017,child4,985053,frame,-74
9861.269980236999,child1,986063,frame,123
9861.27866186,child5,986063,frame,126
9861.283951108,child6,986063,frame,141
9861.300497813,child9,986063,frame,141
9861.300702438,child10,986063,frame,161
9861.301612104,child7,986063,frame,44
9861.303240854,child3,986063,frame,126
9861.310816352001,child8,986063,frame,25
9861.323384265,child2,986063,frame,30
9861.336789804,child4,986063,frame,57
9871.375616815001,child1,987073,frame,-190
9871.383110022,child5,987073,frame,-201
9871.394645561,child6,987073,frame,-77
9871.404760225,child7,987073,frame,-67
9871.405464432999,child9,987073,frame,-124
9871.406122016,child10,987073,frame,-105
9871.408353807,child3,987073,frame,-119
9871.411705056,child8,987073,frame,-82
9871.429122385001,child2,987073,frame,-85
9871.443295924,child4,987073,frame,-75
9881.451200943,child4,988083,frame,58
9881.480140144,child1,988083,frame,147
9881.486897517,child5,988083,frame,126
9881.501432847,child6,988083,frame,8
9881.50821547,child7,988083,frame,-81
9881.509203512,child10,988083,frame,18
9881.509628637,child9,988083,frame,17
9881.514504134999,child3,988083,frame,146
9881.51605251,child8,988083,frame,150
9881.530403632,child2,988083,frame,125
9891.558128021,child4,989093,frame,-85
9891.580909432,child1,989093,frame,-72
9891.592567471,child5,989093,frame,8
9891.602882426,child6,989093,frame,124
9891.612919006999,child10,989093,frame,145
9891.61527234,child7,989093,frame,134
9891.617700964,child9,989093,frame,49
9891.620770255,child8,989093,frame,10
9891.621018839,child3,989093,frame,3
9891.634895752,child2,989093,frame,-80
9900.644218806001,child2,990002,frame,12
9900.661481801999,child4,990002,frame,40
9900.679794464,child1,990002,frame,17
9900.695509335,child5,990002,frame,-97
9900.710702748001,child6,990002,frame,-84
9900.716685913001,child10,990002,frame,-121
9900.716718163001,child7,990002,frame,-82
9900.726504577,child8,990002,frame,-98
9900.726976577002,child3,990002,frame,-82
9900.727524619,child9,990002,frame,-80
9910.752230092,child2,991012,frame,-78
9910.765728213999,child4,991012,frame,57
9910.783927208999,child1,991012,frame,141
9910.802989787999,child5,991012,frame,124
9910.815813618,child6,991012,frame,0
9910.820074659,child7,991012,frame,3
9910.820794159,child10,991012,frame,20
9910.826482032,child9,991012,frame,26
9910.828823657,child3,991012,frame,138
9910.83481828,child8,991012,frame,9
9920.839221258,child8,992022,frame,10
9920.856165879,child2,992022,frame,8
9920.870187167,child4,992022,frame,5
9920.894477661,child1,992022,frame,0
9920.906588992,child5,992022,frame,-77
9920.922415238001,child6,992022,frame,21
9920.925272112001,child7,992022,frame,141
9920.926898278,child10,992022,frame,19
9920.933541192999,child9,992022,frame,8
9920.935089985,child3,992022,frame,-127
9930.940588504,child8,993032,frame,-82
9930.960687541,child2,993032,frame,45
9930.975197704,child4,993032,frame,-69
9931.005286112999,child1,993032,frame,-118
9931.008435029,child5,993032,frame,56
9931.025797733,child6,993032,frame,9
9931.029388066,child10,993032,frame,20
9931.030703941,child7,993032,frame,-88
9931.037657189001,child9,993032,frame,-71
9931.037753147,child3,993032,frame,13
9941.042987625,child3,994042,frame,-2
9941.044017582999,child8,994042,frame,25
9941.044606333,child9,994042,frame,17
9941.065423327998,child2,994042,frame,-68
9941.081415324,child4,994042,frame,56
9941.106479318001,child1,994042,frame,0
9941.115026316,child5,994042,frame,-77
9941.13096252,child6,994042,frame,47
9941.132534437002,child10,994042,frame,5
9941.134499269,child7,994042,frame,3
9951.139503081,child7,995052,frame,-72
9951.146513661999,child9,995052,frame,32
9951.148660703,child8,995052,frame,25
9951.149402037001,child3,995052,frame,-114
9951.166851741,child2,995052,frame,7
9951.187967569,child4,995052,frame,-69
9951.209768188,child1,995052,frame,-91
9951.216719603,child5,995052,frame,27
9951.233343724,child10,995052,frame,-123
9951.234093516,child6,995052,frame,-70
9961.246957117,child7,996062,frame,11
9961.252368449,child8,996062,frame,29
9961.254085948,child9,996062,frame,18
9961.255050282,child3,996062,frame,11
9961.272332902,child2,996062,frame,0
9961.291460106,child4,996062,frame,55
9961.312950350999,child1,996062,frame,6
9961.319904224001,child5,996062,frame,-80
9961.337506053002,child6,996062,frame,55
9961.338345261,child10,996062,frame,23
9971.342716530999,child10,997072,frame,20
9971.353800820001,child7,997072,frame,0
9971.358686652,child9,997072,frame,-109
9971.35963436,child3,997072,frame,27
9971.360481442998,child8,997072,frame,-99
9971.378814231,child2,997072,frame,-109
9971.400294559,child4,997072,frame,-68
9971.419638137,child1,997072,frame,22
9971.426663011,child5,997072,frame,8
9971.438183924001,child6,997072,frame,-203
9981.443456694,child6,998082,frame,24
9981.45085365,child10,998082,frame,35
9981.460769648,child7,998082,frame,-1
9981.463293522,child3,998082,frame,27
9981.463382772,child9,998082,frame,21
9981.463609314,child8,998082,frame,58
9981.485134725,child2,998082,frame,132
9981.505344054,child4,998082,frame,55
9981.519623884,child1,998082,frame,14
9981.531216797,child5,998082,frame,9
9991.553408021,child6,999092,frame,31
9991.556430061999,child10,999092,frame,-106
9991.564654018,child9,999092,frame,27
9991.565381352,child7,999092,frame,-119
9991.567111851,child3,999092,frame,-127
9991.570201934,child8,999092,frame,26
9991.592402803,child2,999092,frame,-113
9991.608671716001,child4,999092,frame,-72
9991.620259922,child1,999092,frame,14
9991.636709501001,child5,999092,frame,-2
10000.646856513,child5,1000001,frame,52
10000.65844901,child6,1000001,frame,162
10000.660888593,child10,1000001,frame,18
10000.667393633,child7,1000001,frame,181
10000.668850008,child9,1000001,frame,59
10000.670273049001,child3,1000001,frame,148
10000.674132881,child8,1000001,frame,25
10000.694701626,child2,1000001,frame,123
10000.711494164,child4,1000001,frame,45
10000.72540041,child1,1000001,frame,30
10010.733532971,child1,1001011,frame,30
10010.750534633,child5,1001011,frame,19
10010.763638047001,child6,1001011,frame,-113
10010.764797546999,child10,1001011,frame,-89
10010.770055754001,child7,1001011,frame,-106
10010.772054545001,child9,1001011,frame,-100
10010.775785794,child3,1001011,frame,-104
10010.778559627,child8,1001011,frame,-82
10010.798010247,child2,1001011,frame,52
10010.812625618,child4,1001011,frame,4
10020.83711405,child1,1002021,frame,14
10020.851607213,child5,1002021,frame,7
10020.867081334001,child6,1002021,frame,8
10020.872053457999,child10,1002021,frame,34
10020.875721332,child7,1002021,frame,7
10020.879052373,child3,1002021,frame,37
10020.879747748,child9,1002021,frame,12
10020.886873079,child8,1002021,frame,25
10020.902934366999,child2,1002021,frame,-117
10020.922336820999,child4,1002021,frame,-68
10030.942094587,child1,1003031,frame,14
10030.95531575,child5,1003031,frame,0
10030.973725121,child6,1003031,frame,17
10030.978753369,child10,1003031,frame,179
10030.979111703,child7,1003031,frame,151
10030.982056035002,child3,1003031,frame,37
10030.983211785,child9,1003031,frame,158
10030.990606866,child8,1003031,frame,150
10031.009249362,child2,1003031,frame,141
10031.028257732,child4,1003031,frame,136
10041.031569711,child4,1004041,frame,-74
10041.046403082,child1,1004041,frame,0
10041.06059787,child5,1004041,frame,1
10041.076789158,child6,1004041,frame,8
10041.08354899,child10,1004041,frame,-230
10041.085843989,child7,1004041,frame,-126
10041.086257739,child3,1004041,frame,21
10041.088544113001,child9,1004041,frame,-108
10041.095288903,child8,1004041,frame,-98
10041.113647482,child2,1004041,frame,-125
10051.137414706,child4,1005051,frame,3
10051.151489452,child1,1005051,frame,125
10051.164156990999,child5,1005051,frame,55
10051.180774986999,child6,1005051,frame,142
10051.190273776001,child3,1005051,frame,21
10051.191606317001,child9,1005051,frame,33
10051.191686567,child7,1005051,frame,-1
10051.193041317,child10,1005051,frame,52
10051.200776065,child8,1005051,frame,26
10051.216622728,child2,1005051,frame,123
10061.244646909001,child4,1006061,frame,-112
10061.255440823,child1,1006061,frame,-79
10061.266106612,child5,1006061,frame,-76
10061.285490982,child6,1006061,frame,-212
10061.295832479,child9,1006061,frame,-1
10061.296053771,child7,1006061,frame,19
10061.296263729,child10,1006061,frame,176
10061.296787938001,child3,1006061,frame,-104
10061.305092685,child8,1006061,frame,9
10061.319981307,child2,1006061,frame,49
10071.351320403,child4,1007071,frame,142
10071.362036733999,child1,1007071,frame,54
10071.371770898,child5,1007071,frame,11
10071.391032726999,child6,1007071,frame,126
10071.40004585,child3,1007071,frame,162
10071.400700766,child7,1007071,frame,123
10071.401484058,child10,1007071,frame,36
10071.401517058,child9,1007071,frame,17
10071.41088443,child8,1007071,frame,29
10071.423377886,child2,1007071,frame,54
10081.458792648,child4,1008081,frame,56
10081.459614023,child1,1008081,frame,47
10081.47805281,child5,1008081,frame,53
10081.493784430999,child6,1008081,frame,5
10081.506056678001,child10,1008081,frame,2
10081.506777845001,child3,1008081,frame,3
10081.506939886,child9,1008081,frame,17
10081.510282135001,child7,1008081,frame,50
10081.513835968,child8,1008081,frame,9
10081.528971922,child2,1008081,frame,31
10091.532666817,child2,1009091,frame,-107
10091.561440144,child1,1009091,frame,-193
10091.566687016999,child4,1009091,frame,-72
10091.585209638,child5,1009091,frame,51
10091.595168176998,child6,1009091,frame,3
10091.611760756,child7,1009091,frame,-82
10091.61230334,child10,1009091,frame,21
10091.613307506,child9,1009091,frame,21
10091.616300339001,child3,1009091,frame,16
10091.618446713,child8,1009091,frame,-98
10100.623951185,child10,1010000,frame,-71
10100.625106184,child9,1010000,frame,-106
10100.626327767,child8,1010000,frame,10
10100.637062015001,child2,1010000,frame,32
10100.667761216,child1,1010000,frame,47
10100.673515548,child4,1010000,frame,38
10100.691493667999,child5,1010000,frame,-102
10100.697578333,child6,1010000,frame,36
10100.718703745,child7,1010000,frame,-76
10100.720314953,child3,1010000,frame,-101
10110.725991889,child3,1011010,frame,12
10110.727361055,child9,1011010,frame,17
10110.72767593,child7,1011010,frame,0
10110.72823893,child10,1011010,frame,12
10110.733295762,child8,1011010,frame,9
10110.742476177,child2,1011010,frame,30
10110.77663521,child1,1011010,frame,9
10110.779184001001,child4,1011010,frame,-78
10110.797224037999,child5,1011010,frame,57
10110.797449913001,child6,1011010,frame,-79
10120.830141176,child9,1012020,frame,33
10120.833593174999,child7,1012020,frame,-2
10120.836529299,child3,1012020,frame,13
10120.837418299001,child8,1012020,frame,26
10120.838251715999,child10,1012020,frame,28
10120.847251297,child2,1012020,frame,-104
10120.877696831,child1,1012020,frame,52
10120.882790121,child4,1012020,frame,9
10120.901261825002,child5,1012020,frame,-78
10120.902513075,child6,1012020,frame,-69
10130.935368879,child9,1013030,frame,16
10130.93838917,child8,1013030,frame,29
10130.939294795,child7,1013030,frame,3
10130.943868086,child3,1013030,frame,13
10130.945413502,child10,1013030,frame,-66
10130.952465334,child2,1013030,frame,32
10130.982456785001,child1,1013030,frame,-80
10130.989004575,child4,1013030,frame,2
10131.006257987001,child5,1013030,frame,136
10131.006816944999,child6,1013030,frame,125
10141.040939666,child9,1014040,frame,0
10141.041678833,child8,1014040,frame,-116
10141.046916331,child7,1014040,frame,-81
10141.049188039,child10,1014040,frame,4
10141.050470496999,child3,1014040,frame,13
10141.055789287,child2,1014040,frame,39
10141.083765781,child1,1014040,frame,6
10141.090680153999,child4,1014040,frame,1
10141.111168566,child6,1014040,frame,-125
10141.115587523,child5,1014040,frame,-79
10151.14767626,child8,1015050,frame,168
10151.148148594,child9,1015050,frame,16
10151.151737801001,child7,1015050,frame,11
10151.156533091,child3,1015050,frame,-127
10151.156744841,child10,1015050,frame,3
10151.16149159,child2,1015050,frame,38
10151.187095209001,child1,1015050,frame,-2
10151.195796082,child4,1015050,frame,-75
10151.214241702,child6,1015050,frame,55
10151.222492242,child5,1015050,frame,46
10161.225257852999,child5,1016060,frame,-85
10161.251655805,child9,1016060,frame,-107
10161.256984804,child7,1016060,frame,7
10161.258194595,child8,1016060,frame,-116
10161.259894386001,child10,1016060,frame,-103
10161.260312428,child3,1016060,frame,29
10161.266509218,child2,1016060,frame,-211
10161.291663877999,child1,1016060,frame,-119
10161.303992459,child4,1016060,frame,-113
10161.318152913,child6,1016060,frame,-125
10171.331233939,child5,1017070,frame,55
10171.355141475,child9,1017070,frame,32
10171.361709890001,child8,1017070,frame,25
10171.362300931,child10,1017070,frame,36
10171.363271973001,child7,1017070,frame,-92
10171.363990056001,child3,1017070,frame,29
10171.370112138,child2,1017070,frame,177
10171.391645090998,child1,1017070,frame,154
10171.409190003,child4,1017070,frame,35
10171.424409082,child6,1017070,frame,37
10181.429990068,child6,1018080,frame,16
10181.438406983,child5,1018080,frame,-69
10181.459245061002,child9,1018080,frame,33
10181.468099559,child3,1018080,frame,-96
10181.46866235,child7,1018080,frame,165
10181.469376725,child10,1018080,frame,36
10181.4699231,child8,1018080,frame,-96
10181.476319972999,child2,1018080,frame,-86
10181.493182219001,child1,1018080,frame,-71
10181.510841673,child4,1018080,frame,27
10191.532990988,child6,1019090,frame,21
10191.542700569,child5,1019090,frame,8
10191.566971728998,child9,1019090,frame,0
10191.569543562,child3,1019090,frame,32
10191.573388394,child8,1019090,frame,26
10191.574931144,child10,1019090,frame,-99
10191.578340810001,child7,1019090,frame,-127
10191.5828191,child2,1019090,frame,-74
10191.597320472,child1,1019090,frame,-120
10191.615493842,child4,1019090,frame,32
10201.634197366,child6,1020100,frame,14
10201.650581654,child5,1020100,frame,59
10201.673200231999,child3,1020100,frame,32
10201.673769857001,child9,1020100,frame,146
10201.677073231,child10,1020100,frame,166
10201.678943896999,child8,1020100,frame,150
10201.683093854,child7,1020100,frame,33
10201.689570436001,child2,1020100,frame,130
10201.704139682,child1,1020100,frame,24
10201.721059428,child4,1020100,frame,41
10210.725724869,child4,1021009,frame,-84
10210.735857284,child6,1021009,frame,-76
10210.756824611999,child5,1021009,frame,-103
10210.77568444,child3,1021009,frame,6
10210.776028565,child9,1021009,frame,-87
10210.78244648,child8,1021009,frame,-97
10210.78433698,child7,1021009,frame,-124
10210.784694855001,child10,1021009,frame,-113
10210.797342518,child2,1021009,frame,-120
10210.809551348999,child1,1021009,frame,33
10220.83039408,child4,1022019,frame,53
10220.839313120001,child6,1022019,frame,33
10220.86484653,child5,1022019,frame,134
10220.878526069,child9,1022019,frame,17
10220.881452901,child3,1022019,frame,17
10220.8868959,child7,1022019,frame,49
10220.889309441,child8,1022019,frame,26
10220.890317440999,child10,1022019,frame,18
10220.900270105001,child2,1022019,frame,125
10220.912959602,child1,1022019,frame,24
10230.94179979,child4,1023029,frame,-93
10230.945707914001,child6,1023029,frame,16
10230.971923116,child5,1023029,frame,-203
10230.984025654,child9,1023029,frame,-66
10230.985614236999,child3,1023029,frame,-88
10230.991965819,child7,1023029,frame,23
10230.993785485,child8,1023029,frame,-116
10230.997898443,child10,1023029,frame,38
10231.003205108,child2,1023029,frame,-71
10231.014100314,child1,1023029,frame,24
10241.019856132001,child1,1024039,frame,24
10241.047666417,child4,1024039,frame,41
10241.052741541,child6,1024039,frame,25
10241.077462160001,child5,1024039,frame,143
10241.085301490999,child9,1024039,frame,26
10241.09093049,child3,1024039,frame,37
10241.097097071999,child7,1024039,frame,167
10241.09767353,child8,1024039,frame,123
10241.102820195001,child10,1024039,frame,-90
10241.107022569,child2,1024039,frame,-197
10251.12402101,child1,1025049,frame,25
10251.148771171,child4,1025049,frame,25
10251.159066168,child6,1025049,frame,8
10251.183954287,child5,1025049,frame,11
10251.188062953,child9,1025049,frame,8
10251.194396617999,child3,1025049,frame,37
10251.202089366001,child7,1025049,frame,24
10251.203808824,child8,1025049,frame,17
10251.208414531,child10,1025049,frame,36
10251.211695905,child2,1025049,frame,260
10261.219060099,child2,1026059,frame,-125
10261.225131846999,child1,1026059,frame,-228
10261.253106257,child4,1026059,frame,-100
10261.262175130001,child6,1026059,frame,-222
10261.292395372,child5,1026059,frame,-126
10261.294900705001,child9,1026059,frame,-116
10261.296795913,child3,1026059,frame,-88
10261.303846619001,child7,1026059,frame,-197
10261.310084493,child8,1026059,frame,-90
10261.313283700001,child10,1026059,frame,-89
10271.318505977999,child10,1027069,frame,177
10271.324229018,child1,1027069,frame,170
10271.328941558,child2,1027069,frame,133
10271.360172634,child4,1027069,frame,41
10271.36928334,child6,1027069,frame,166
10271.400399582,child5,1027069,frame,132
10271.401141666001,child3,1027069,frame,162
10271.401768832,child9,1027069,frame,132
10271.408070081,child7,1027069,frame,175
10271.413164329,child8,1027069,frame,18
10281.416851107,child7,1028079,frame,-127
10281.421896606,child8,1028079,frame,-108
10281.423286564,child10,1028079,frame,-106
10281.429753978999,child1,1028079,frame,14
10281.434743061,child2,1028079,frame,-97
10281.467065136001,child4,1028079,frame,40
10281.474289509,child6,1028079,frame,-101
10281.505713335,child5,1028079,frame,-68
10281.505979002,child9,1028079,frame,-116
10281.506163585,child3,1028079,frame,-104
10291.520942651,child7,1029089,frame,34
10291.527583108,child8,1029089,frame,130
10291.530369649001,child10,1029089,frame,-90
10291.53549319,child1,1029089,frame,14
10291.539398147,child2,1029089,frame,10
10291.57268068,child4,1029089,frame,-82
10291.579673304,child6,1029089,frame,41
10291.607783838,child5,1029089,frame,9
10291.612730462,child3,1029089,frame,37
10291.613713503999,child9,1029089,frame,41
10301.619796364,child9,1030099,frame,28
10301.621958613001,child3,1030099,frame,34
10301.626961195,child7,1030099,frame,15
10301.633048319001,child8,1030099,frame,25
10301.640556567001,child10,1030099,frame,176
10301.640609067,child1,1030099,frame,14
10301.643632233,child2,1030099,frame,60
10301.678693308,child4,1030099,frame,171
10301.684846348,child6,1030099,frame,154
10301.710721591,child5,1030099,frame,16
10310.714978324,child5,1031008,frame,49
10310.724832947,child9,1031008,frame,41
10310.72599753,child3,1031008,frame,7
10310.732895277999,child7,1031008,frame,-76
10310.739558026999,child8,1031008,frame,24
10310.743659984,child1,1031008,frame,-109
10310.745675984,child10,1031008,frame,18
10310.748450566,child2,1031008,frame,27
10310.783064473999,child4,1031008,frame,-120
10310.790523222,child6,1031008,frame,-70
10320.817750160999,child5,1032018,frame,46
10320.828831033,child3,1032018,frame,19
10320.829659990999,child9,1032018,frame,-108
10320.840156114002,child7,1032018,frame,24
10320.845095904,child1,1032018,frame,30
10320.84765032,child8,1032018,frame,-98
10320.850946819,child2,1032018,frame,57
10320.851758736,child10,1032018,frame,35
10320.889881351,child4,1032018,frame,35
10320.891596226,child6,1032018,frame,25
10330.923827704999,child5,1033028,frame,-72
10330.933631410999,child9,1033028,frame,33
10330.93522716,child3,1033028,frame,-106
10330.948764574001,child7,1033028,frame,22
10330.950460156999,child1,1033028,frame,-95
10330.954318906,child8,1033028,frame,33
10330.960152571,child2,1033028,frame,-103
10330.961829612,child10,1033028,frame,-105
10330.990762063,child6,1033028,frame,-101
10330.997234061999,child4,1033028,frame,-90
10341.031152165,child5,1034038,frame,127
10341.037946247001,child9,1034038,frame,32
10341.040431162999,child3,1034038,frame,160
10341.055756534,child7,1034038,frame,-83
10341.055893493,child1,1034038,frame,173
10341.059164325,child8,1034038,frame,34
10341.06545024,child2,1034038,frame,-1
10341.067703615001,child10,1034038,frame,36
10341.095842899,child6,1034038,frame,166
10341.101543606,child4,1034038,frame,177
10351.138218500999,child5,1035048,frame,32
10351.141428042,child3,1035048,frame,-78
10351.142967208,child9,1035048,frame,0
10351.161113537,child1,1035048,frame,-125
10351.161382037,child7,1035048,frame,14
10351.165290494,child8,1035048,frame,-88
10351.170322868,child2,1035048,frame,-95
10351.174324742,child10,1035048,frame,20
10351.202896318,child6,1035048,frame,-112
10351.20742015,child4,1035048,frame,-106
10361.21156372,child6,1036058,frame,24
10361.211748345,child4,1036058,frame,-197
10361.246982126999,child9,1036058,frame,33
10361.247119627002,child5,1036058,frame,-68
10361.248522877,child3,1036058,frame,-96
10361.261811749,child1,1036058,frame,32
10361.265134706,child7,1036058,frame,50
10361.271103205,child8,1036058,frame,-92
10361.274952578999,child2,1036058,frame,10
10361.277631952998,child10,1036058,frame,18
10371.317131263999,child4,1037068,frame,127
10371.31941043,child6,1037068,frame,9
10371.351355547,child9,1037068,frame,-108
10371.351483255,child5,1037068,frame,38
10371.351547047001,child3,1037068,frame,29
10371.362931336,child1,1037068,frame,-93
10371.370563208999,child7,1037068,frame,32
10371.374426083,child8,1037068,frame,51
10371.377367457,child2,1037068,frame,0
10371.381251998,child10,1037068,frame,23
10381.420987683001,child4,1038078,frame,40
10381.424491474001,child6,1038078,frame,-117
10381.454402175,child9,1038078,frame,32
10381.456761215999,child5,1038078,frame,30
10381.458891716,child3,1038078,frame,29
10381.467939422,child1,1038078,frame,3
10381.47535267,child7,1038078,frame,15
10381.478968877002,child8,1038078,frame,41
10381.481371168,child2,1038078,frame,0
10381.487403000001,child10,1038078,frame,-121
10391.522688103,child4,1039088,frame,57
10391.529186767999,child6,1039088,frame,166
10391.562114927,child3,1039088,frame,29
10391.56218051,child5,1039088,frame,24
10391.562230344,child9,1039088,frame,16
10391.570848341,child1,1039088,frame,53
10391.581187214,child7,1039088,frame,33
10391.581227880999,child8,1039088,frame,41
10391.586189296,child2,1039088,frame,52
10391.59124817,child10,1039088,frame,36
10401.626440648,child4,1040098,frame,-88
10401.63129123,child6,1040098,frame,-112
10401.663937555,child3,1040098,frame,-99
10401.667243721,child9,1040098,frame,35
10401.669067221,child5,1040098,frame,-104
10401.672040137,child1,1040098,frame,37
10401.6845033,child8,1040098,frame,-67
10401.684529634002,child7,1040098,frame,-119
10401.69048834,child2,1040098,frame,5
10401.693490881,child10,1040098,frame,-91
10410.70167978,child10,1041007,frame,157
10410.732430606,child4,1041007,frame,24
10410.735699105,child6,1041007,frame,7
10410.768325347,child3,1041007,frame,141
10410.770741263,child9,1041007,frame,-73
10410.773253929001,child5,1041007,frame,142
10410.779307719,child1,1041007,frame,37
10410.788412759,child8,1041007,frame,-86
10410.792107715999,child7,1041007,frame,152
10410.794862049,child2,1041007,frame,53
10420.800768993,child7,1042017,frame,-118
10420.802723034,child2,1042017,frame,-125
10420.807511990999,child10,1042017,frame,-105
10420.838606149999,child4,1042017,frame,-85
10420.839443941,child6,1042017,frame,17
10420.873408391,child9,1042017,frame,34
10420.874644016,child3,1042017,frame,-112
10420.880992598,child5,1042017,frame,-117
10420.883294722,child1,1042017,frame,-103
10420.893941594,child8,1042017,frame,57
10430.899249246999,child8,1043027,frame,11
10430.903446079,child7,1043027,frame,26
10430.907170078,child2,1043027,frame,124
10430.916088118,child10,1043027,frame,18
10430.942336819,child6,1043027,frame,32
10430.944744236,child4,1043027,frame,11
10430.979644852,child9,1043027,frame,-112
10430.981922476,child3,1043027,frame,45
10430.984968601,child5,1043027,frame,49
10430.989534098999,child1,1043027,frame,53
10441.00837329,child8,1044037,frame,49
10441.012115538999,child2,1044037,frame,53
10441.012336664,child7,1044037,frame,23
10441.022768578001,child10,1044037,frame,38
10441.045083906001,child6,1044037,frame,36
10441.050390863,child4,1044037,frame,126
10441.084355854999,child3,1044037,frame,35
10441.085751854002,child9,1044037,frame,49
10441.090063394999,child5,1044037,frame,30
10441.092937519,child1,1044037,frame,37
10451.116533291999,child2,1045047,frame,-78
10451.116788333,child7,1045047,frame,7
10451.117742875,child8,1045047,frame,-92
10451.128371706,child10,1045047,frame,36
10451.144675702,child6,1045047,frame,-108
10451.153195948998,child4,1045047,frame,-98
10451.188640606999,child3,1045047,frame,19
10451.19124294,child9,1045047,frame,47
10451.192432356,child1,1045047,frame,37
10451.196087856,child5,1045047,frame,141
10461.215765588,child2,1046057,frame,54
10461.216885296,child8,1046057,frame,132
10461.221887253,child7,1046057,frame,26
10461.235620583,child10,1046057,frame,35
10461.24672933,child6,1046057,frame,32
10461.255410661,child4,1046057,frame,52
10461.294833901,child1,1046057,frame,22
10461.296389776,child5,1046057,frame,-125
10461.298049442,child3,1046057,frame,-106
10461.298193109,child9,1046057,frame,33
10471.301494219999,child5,1047067,frame,18
10471.303177553,child9,1047067,frame,-92
10471.305123136,child3,1047067,frame,35
10471.318704257,child8,1047067,frame,-84
10471.320505215,child2,1047067,frame,-95
10471.326477339,child7,1047067,frame,6
10471.34092321,child10,1047067,frame,-105
10471.35054725,child6,1047067,frame,17
10471.360664622,child4,1047067,frame,-74
10471.398300071,child1,1047067,frame,16
10481.401767182,child1,1048077,frame,16
10481.404708681,child9,1048077,frame,28
10481.406576431,child5,1048077,frame,33
10481.410172722,child3,1048077,frame,17
10481.423973843,child8,1048077,frame,182
10481.428618842001,child2,1048077,frame,-1
10481.434578049,child7,1048077,frame,26
10481.441168381,child10,1048077,frame,36
10481.459671751,child6,1048077,frame,32
10481.468702331998,child4,1048077,frame,129
10491.508038934,child1,1049087,frame,-109
10491.511569933999,child9,1049087,frame,48
10491.513608058,child5,1049087,frame,-2
10491.515877432,child3,1049087,frame,21
10491.533430095,child8,1049087,frame,-80
10491.536556469,child2,1049087,frame,125
10491.541110301,child7,1049087,frame,8
10491.546776967,child10,1049087,frame,2
10491.568314753,child6,1049087,frame,17
10491.575232542998,child4,1049087,frame,-81
10501.613209645,child1,1050097,frame,32
10501.61571327,child5,1050097,frame,11
10501.617507603001,child3,1050097,frame,34
10501.618285686,child9,1050097,frame,36
10501.640514139,child8,1050097,frame,-100
10501.642770221,child2,1050097,frame,-74
10501.648344512001,child7,1050097,frame,-120
10501.653041427,child10,1050097,frame,36
10501.672469214,child6,1050097,frame,138
10501.678246671001,child4,1050097,frame,-70
10510.718393727999,child1,1051006,frame,17
10510.71890302,child5,1051006,frame,-83
10510.720212103,child9,1051006,frame,3
10510.721906228,child3,1051006,frame,57
10510.74435843,child8,1051006,frame,38
10510.74512218,child2,1051006,frame,7
10510.753935345,child7,1051006,frame,12
10510.758461551999,child10,1051006,frame,5
10510.775490089,child6,1051006,frame,-83
10510.783157462001,child4,1051006,frame,151
10520.820924315,child5,1052016,frame,10
10520.824432897,child1,1052016,frame,16
10520.82687148,child3,1052016,frame,-112
10520.827664729999,child9,1052016,frame,-120
10520.848397141,child2,1052016,frame,-71
10520.850211641,child8,1052016,frame,53
10520.857324514,child7,1052016,frame,6
10520.861791222,child10,1052016,frame,20
10520.876553301,child6,1052016,frame,-116
10520.88739734,child4,1052016,frame,-72
10530.892962201,child4,1053026,frame,-69
10530.926369691999,child5,1053026,frame,7
10530.929438775,child9,1053026,frame,40
10530.929473357999,child1,1053026,frame,-109
10530.929927608,child3,1053026,frame,29
10530.952096853,child8,1053026,frame,33
10530.952684228,child2,1053026,frame,133
10530.964498725001,child10,1053026,frame,-105
10530.964738515999,child7,1053026,frame,-99
10530.978056763,child6,1053026,frame,44
10541.000358786,child4,1054036,frame,56
10541.03101382,child1,1054036,frame,-76
10541.034638736,child5,1054036,frame,-83
10541.034726943999,child3,1054036,frame,-96
10541.03826086,child9,1054036,frame,-84
10541.056826355,child8,1054036,frame,-90
10541.05892798,child2,1054036,frame,-96
10541.067661269,child10,1054036,frame,35
10541.068986102,child7,1054036,frame,147
10541.084787931999,child6,1054036,frame,8
10551.105350789,child4,1055046,frame,57
10551.130545366,child1,1055046,frame,170
10551.138875072,child3,1055046,frame,154
10551.139506322,child5,1055046,frame,146
10551.144429071,child9,1055046,frame,181
10551.163787358,child8,1055046,frame,41
10551.166070357,child2,1055046,frame,2
10551.173109813999,child10,1055046,frame,36
10551.173741938,child7,1055046,frame,27
10551.18778056,child6,1055046,frame,9
10561.209833166,child4,1056056,frame,40
10561.23521491,child1,1056056,frame,30
10561.242852117,child5,1056056,frame,7
10561.2444932,child3,1056056,frame,13
10561.253541156,child9,1056056,frame,7
10561.269486902,child8,1056056,frame,26
10561.270803235,child2,1056056,frame,54
10561.276152317001,child7,1056056,frame,-101
10561.280019232,child10,1056056,frame,127
10561.28884223,child6,1056056,frame,8
10571.314225168999,child4,1057066,frame,-202
10571.341376329,child1,1057066,frame,-95
10571.345936202999,child5,1057066,frame,-118
10571.350411119,child3,1057066,frame,-114
10571.360996991,child9,1057066,frame,-100
10571.375492321,child8,1057066,frame,-66
10571.377720487,child2,1057066,frame,47
10571.381568736,child7,1057066,frame,22
10571.387569609,child10,1057066,frame,-118
10571.389058692,child6,1057066,frame,-116
10581.392382844999,child10,1058076,frame,20
10581.418397255,child4,1058076,frame,128
10581.445075456999,child1,1058076,frame,30
10581.452749414,child5,1058076,frame,24
10581.454723121,child3,1058076,frame,27
10581.471122284001,child9,1058076,frame,41
10581.479187449,child8,1058076,frame,41
10581.484289239,child2,1058076,frame,-89
10581.486483489,child7,1058076,frame,42
10581.488449988,child6,1058076,frame,24
10591.495904973,child7,1059086,frame,7
10591.497755348,child10,1059086,frame,-105
10591.499277638999,child6,1059086,frame,-84
10591.519788800999,child4,1059086,frame,-85
10591.546236877,child1,1059086,frame,-95
10591.557516083,child5,1059086,frame,23
10591.56203279,child3,1059086,frame,-223
10591.576157412,child9,1059086,frame,-85
10591.584881034,child8,1059086,frame,-100
10591.590043117,child2,1059086,frame,-68
10601.599907934,child7,1060096,frame,24
10601.60260535,child10,1060096,frame,158
10601.612928639,child6,1060096,frame,125
10601.622112179,child4,1060096,frame,5
10601.651310629999,child1,1060096,frame,170
10601.661876794,child5,1060096,frame,32
10601.666774584,child3,1060096,frame,250
10601.679368123001,child9,1060096,frame,160
10601.69170287,child8,1060096,frame,58
10601.692531745,child2,1060096,frame,130
10610.694591477999,child8,1061005,frame,39
10610.696502145,child2,1061005,frame,24
10610.704966684001,child7,1061005,frame,57
10610.707802808,child10,1061005,frame,5
10610.715299223,child6,1061005,frame,43
10610.727108387,child4,1061005,frame,34
10610.75640063,child1,1061005,frame,30
10610.766817002,child5,1061005,frame,56
10610.771782918,child3,1061005,frame,45
10610.782257415,child9,1061005,frame,52
10620.78371711,child9,1062015,frame,-109
10620.79816594,child8,1062015,frame,42
10620.802688479998,child2,1062015,frame,37
10620.809622478,child7,1062015,frame,3
10620.811763811,child10,1062015,frame,3
10620.821434141999,child6,1062015,frame,36
10620.835477347,child4,1062015,frame,52
10620.860811174,child1,1062015,frame,-111
10620.876096379001,child5,1062015,frame,6
10620.877781711999,child3,1062015,frame,20
10630.884564947,child5,1063025,frame,-70
10630.88684453,child9,1063025,frame,143
10630.903278734,child8,1063025,frame,44
10630.904862192,child2,1063025,frame,38
10630.913070981,child7,1063025,frame,16
10630.916401647,child10,1063025,frame,-76
10630.924462479,child6,1063025,frame,17
10630.939878767,child4,1063025,frame,-75
10630.962423511,child1,1063025,frame,16
10630.982216089002,child3,1063025,frame,6
10640.986060242,child3,1064035,frame,-104
10640.988829533,child5,1064035,frame,16
10640.993388531999,child9,1064035,frame,-126
10641.00797857,child8,1064035,frame,-99
10641.013329985,child2,1064035,frame,-94
10641.018135651,child7,1064035,frame,-1
10641.023762149001,child10,1064035,frame,14
10641.024937441001,child6,1064035,frame,16
10641.045861851999,child4,1064035,frame,3
10641.063005930999,child1,1064035,frame,32
10651.094798494,child3,1065045,frame,162
10651.096441202,child9,1065045,frame,33
10651.096473702,child5,1065045,frame,142
10651.11642503,child2,1065045,frame,46
10651.11676178,child8,1065045,frame,59
10651.126053361,child7,1065045,frame,127
10651.128502319001,child10,1065045,frame,28
10651.129632318,child6,1065045,frame,17
10651.148447564,child4,1065045,frame,138
10651.164059351999,child1,1065045,frame,157
10661.201315371,child3,1066055,frame,6
10661.202100287,child5,1066055,frame,3
10661.202302371,child9,1066055,frame,16
10661.219754408,child8,1066055,frame,25
10661.223154491,child2,1066055,frame,29
10661.228410323,child7,1066055,frame,-95
10661.23195878,child10,1066055,frame,12
10661.232670571999,child6,1066055,frame,0
10661.252524483001,child4,1066055,frame,35
10661.274806853,child1,1066055,frame,-125
10671.303095458,child5,1067065,frame,-81
10671.307133207001,child9,1067065,frame,18
10671.307516165,child3,1067065,frame,-119
10671.327236617999,child8,1067065,frame,-100
10671.328208493,child2,1067065,frame,30
10671.332351159,child7,1067065,frame,-67
10671.334315283,child10,1067065,frame,12
10671.337848907,child6,1067065,frame,1
10671.360659027001,child4,1067065,frame,-127
10671.379264772,child1,1067065,frame,16
10681.410003126999,child5,1068075,frame,-73
10681.410422501,child9,1068075,frame,0
10681.410770043001,child3,1068075,frame,53
10681.432196329,child2,1068075,frame,-110
10681.434372245001,child8,1068075,frame,168
10681.436336953,child7,1068075,frame,0
10681.439771994,child10,1068075,frame,-66
10681.440930202,child6,1068075,frame,46
10681.463412404999,child4,1068075,frame,48
10681.480904109,child1,1068075,frame,17
10691.513996088,child5,1069085,frame,-124
10691.514672504,child3,1069085,frame,-119
10691.516173128999,child9,1069085,frame,-127
10691.538393873001,child2,1069085,frame,38
10691.540043580999,child6,1069085,frame,-120
10691.541516123001,child10,1069085,frame,-105
10691.541853706,child7,1069085,frame,-81
10691.543010247,child8,1069085,frame,-115
10691.574158406,child4,1069085,frame,-84
10691.583717029,child1,1069085,frame,-111
10701.589339098002,child1,1070095,frame,-95
10701.616383424001,child3,1070095,frame,24
10701.617745091,child5,1070095,frame,22
10701.62135759,child9,1070095,frame,35
10701.639588002,child6,1070095,frame,4
10701.643315751,child2,1070095,frame,-106
10701.646965542,child8,1070095,frame,25
10701.648028292,child10,1070095,frame,16
10701.648880416,child7,1070095,frame,140
10701.682192408,child4,1070095,frame,-72
10710.686570099,child4,1071004,frame,39
10710.693187056,child1,1071004,frame,156
10710.720796299,child5,1071004,frame,2
10710.721008757999,child3,1071004,frame,45
10710.72602484,child9,1071004,frame,-73
10710.744718085,child6,1071004,frame,49
10710.747771334,child2,1071004,frame,31
10710.749259292,child8,1071004,frame,-84
10710.752273832999,child7,1071004,frame,-89
10710.752925791,child10,1071004,frame,20
10720.790697686,child4,1072014,frame,56
10720.797949392001,child1,1072014,frame,-111
10720.825003009999,child3,1072014,frame,21
10720.827177092999,child5,1072014,frame,34
10720.831128759,child9,1072014,frame,48
10720.853636378,child2,1072014,frame,55
10720.855424795,child10,1072014,frame,152
10720.856179961,child6,1072014,frame,0
10720.856854169,child8,1072014,frame,42
10720.860488752,child7,1072014,frame,11
10730.894741772,child4,1073024,frame,49
10730.898637146,child1,1073024,frame,28
10730.930777429,child3,1073024,frame,4
10730.931413429,child5,1073024,frame,13
10730.936948302999,child9,1073024,frame,12
10730.957062297999,child6,1073024,frame,-124
10730.957539631,child2,1073024,frame,-105
10730.958448631,child10,1073024,frame,-113
10730.960775797,child8,1073024,frame,25
10730.966255462,child7,1073024,frame,-73
10740.998297316,child4,1074034,frame,-69
10740.999776065999,child1,1074034,frame,45
10741.036390473999,child3,1074034,frame,-104
10741.036946057,child5,1074034,frame,-95
10741.042822055,child9,1074034,frame,158
10741.057137218,child6,1074034,frame,141
10741.061034134,child2,1074034,frame,57
10741.063365134001,child10,1074034,frame,153
10741.063506675,child8,1074034,frame,-80
10741.069787299,child7,1074034,frame,34
10751.104357152,child4,1075044,frame,9
10751.105638652001,child1,1075044,frame,30
10751.137846269,child3,1075044,frame,37
10751.142848518,child5,1075044,frame,-77
10751.145006017,child9,1075044,frame,-108
10751.162206846,child6,1075044,frame,1
10751.167729095001,child2,1075044,frame,54
10751.16817872,child8,1075044,frame,41
10751.170247261001,child10,1075044,frame,-113
10751.175637925999,child7,1075044,frame,24
10761.179016078999,child7,1076054,frame,-2
10761.207094239,child4,1076054,frame,-127
10761.209767154998,child1,1076054,frame,30
10761.244885896,child3,1076054,frame,21
10761.245452479,child5,1076054,frame,56
10761.249093103,child9,1076054,frame,33
10761.266255516,child6,1076054,frame,-125
10761.27053289,child2,1076054,frame,-70
10761.273649097,child8,1076054,frame,26
10761.27488868,child10,1076054,frame,27
10771.27753225,child2,1077064,frame,36
10771.279606041,child10,1077064,frame,3
10771.279694333,child8,1077064,frame,-126
10771.285960289,child7,1077064,frame,-106
10771.311063408,child4,1077064,frame,19
10771.317009323,child1,1077064,frame,-93
10771.348696107,child3,1077064,frame,-96
10771.350574107,child5,1077064,frame,-78
10771.35231144,child9,1077064,frame,15
10771.371764768,child6,1077064,frame,25
10781.376877753999,child6,1078074,frame,28
10781.382393252,child8,1078074,frame,49
10781.382621336,child2,1078074,frame,-68
10781.384571335,child10,1078074,frame,6
10781.386619043,child7,1078074,frame,6
10781.415267744,child4,1078074,frame,12
10781.420091451,child1,1078074,frame,32
10781.454878609,child3,1078074,frame,29
10781.455482358999,child5,1078074,frame,128
10781.459527358,child9,1078074,frame,17
10791.481981923002,child6,1079084,frame,-117
10791.486708589,child8,1079084,frame,4
10791.487342047,child10,1079084,frame,-120
10791.48871738,child2,1079084,frame,54
10791.491488421001,child7,1079084,frame,42
10791.521975955,child4,1079084,frame,4
10791.523186705,child1,1079084,frame,-109
10791.557550154,child3,1079084,frame,29
10791.560796904,child5,1079084,frame,-86
10791.564072611,child9,1079084,frame,-109
10801.583156842999,child6,1080094,frame,155
10801.591364508,child10,1080094,frame,144
10801.591826132999,child2,1080094,frame,52
10801.593017673998,child8,1080094,frame,40
10801.598175881,child7,1080094,frame,31
10801.628790999,child4,1080094,frame,8
10801.630403873,child1,1080094,frame,172
10801.661537199,child3,1080094,frame,32
10801.665583365,child5,1080094,frame,175
10801.665856448,child9,1080094,frame,147
10810.667419598,child3,1081003,frame,6
10810.669925223001,child9,1081003,frame,-106
10810.670232388999,child5,1081003,frame,17
10810.682685511001,child6,1081003,frame,-70
10810.696420258,child10,1081003,frame,-121
10810.699619507,child8,1081003,frame,39
10810.700345548,child2,1081003,frame,13
10810.703271256,child7,1081003,frame,1
10810.732654706999,child4,1081003,frame,-78
10810.733780581999,child1,1081003,frame,18
10820.769429102,child3,1082013,frame,35
10820.774222850001,child9,1082013,frame,16
10820.776804058001,child5,1082013,frame,-86
10820.782744848,child6,1082013,frame,8
10820.802341010001,child10,1082013,frame,20
10820.804169551,child8,1082013,frame,-66
10820.808031884,child7,1082013,frame,24
10820.809548008001,child2,1082013,frame,-86
10820.835109044001,child1,1082013,frame,-109
10820.837695126002,child4,1082013,frame,36
10830.870387938001,child3,1083023,frame,-106
10830.879479728,child9,1083023,frame,34
10830.879618645,child5,1083023,frame,41
10830.889174684,child6,1083023,frame,-100
10830.907422762999,child8,1083023,frame,41
10830.908014471,child10,1083023,frame,18
10830.913034845,child2,1083023,frame,53
10830.915101927,child7,1083023,frame,-119
10830.934438964,child1,1083023,frame,32
10830.941255921001,child4,1083023,frame,45
10840.978312898998,child3,1084033,frame,17
10840.984171314,child9,1084033,frame,16
10840.987242938001,child5,1084033,frame,40
10841.000245102,child6,1084033,frame,40
10841.009913266,child8,1084033,frame,42
10841.01320064,child10,1084033,frame,23
10841.018875305,child2,1084033,frame,55
10841.020100222,child7,1084033,frame,42
10841.041191633,child1,1084033,frame,-75
10841.049275297999,child4,1084033,frame,-99
10851.080433319,child3,1085043,frame,37
10851.089312233,child9,1085043,frame,0
10851.090942108,child5,1085043,frame,23
10851.103611105,child6,1085043,frame,150
10851.116745018,child10,1085043,frame,22
10851.117163476,child8,1085043,frame,-66
10851.122045433,child2,1085043,frame,21
10851.125128016001,child7,1085043,frame,23
10851.149253093,child1,1085043,frame,-80
10851.151509968,child4,1085043,frame,151
10861.186841071,child3,1086053,frame,21
10861.191940986,child9,1086053,frame,16
10861.195702319,child5,1086053,frame,-120
10861.210071399,child6,1086053,frame,-99
10861.219310938,child10,1086053,frame,-106
10861.222359896,child8,1086053,frame,33
10861.228585310999,child2,1086053,frame,-86
10861.229712352,child7,1086053,frame,26
10861.254088388,child1,1086053,frame,169
10861.25982822,child4,1086053,frame,-115
10871.294830781,child3,1087063,frame,21
10871.294879198,child9,1087063,frame,17
10871.301709071,child5,1087063,frame,32
10871.311433777,child6,1087063,frame,24
10871.323080191,child10,1087063,frame,36
10871.328542065,child8,1087063,frame,158
10871.329869981,child7,1087063,frame,23
10871.334221146,child2,1087063,frame,38
10871.356591266001,child1,1087063,frame,30
10871.36160389,child4,1087063,frame,150
10881.397506784,child3,1088073,frame,-104
10881.4007817,child9,1088073,frame,1
10881.404034824001,child5,1088073,frame,-108
10881.414426614,child6,1088073,frame,9
10881.423323070001,child10,1088073,frame,20
10881.431710984,child8,1088073,frame,-96
10881.434726734,child7,1088073,frame,-118
10881.437844941,child2,1088073,frame,-87
10881.461243477,child1,1088073,frame,-111
10881.466502434001,child4,1088073,frame,-114
10891.470196962,child4,1089083,frame,25
10891.499534413,child3,1089083,frame,37
10891.504485412,child9,1089083,frame,0
10891.511100534999,child5,1089083,frame,3
10891.519526574,child6,1089083,frame,-101
10891.527019281,child10,1089083,frame,36
10891.536605029,child8,1089083,frame,25
10891.539589236001,child2,1089083,frame,37
10891.541326610999,child7,1089083,frame,42
10891.56271548,child1,1089083,frame,45
10901.578346255,child4,1090093,frame,14
10901.603737457,child3,1090093,frame,34
10901.610857247,child9,1090093,frame,4
10901.615818037999,child5,1090093,frame,51
10901.622981494,child6,1090093,frame,155
10901.633560617,child10,1090093,frame,0
10901.642044614,child8,1090093,frame,-82
10901.643291614,child2,1090093,frame,-73
10901.64809553,child7,1090093,frame,20
10901.66621365,child1,1090093,frame,45
10910.667001759,child1,1091002,frame,-94
10910.681987046999,child4,1091002,frame,-80
10910.705553791,child3,1091002,frame,9
10910.714541539,child9,1091002,frame,37
10910.721496246,child5,1091002,frame,-111
10910.726827827999,child6,1091002,frame,-69
10910.738676325002,child10,1091002,frame,-120
10910.744810031001,child2,1091002,frame,30
10910.746762823,child8,1091002,frame,24
10910.752600321,child7,1091002,frame,28
10920.768772804,child1,1092012,frame,45
10920.789564757,child4,1092012,frame,29
10920.810395919001,child3,1092012,frame,-104
10920.819015417,child9,1092012,frame,1
10920.828425248,child5,1092012,frame,54
10920.829801831,child6,1092012,frame,8
10920.843553285998,child10,1092012,frame,36
10920.848083951,child2,1092012,frame,38
10920.851734991998,child8,1092012,frame,26
10920.858204824,child7,1092012,frame,6
10930.864426392,child7,1093022,frame,-99
10930.869781349,child1,1093022,frame,31
10930.894166468,child4,1093022,frame,-114
10930.913547839002,child3,1093022,frame,35
10930.925680336,child9,1093022,frame,-79
10930.930907918,child6,1093022,frame,-116
10930.936514707999,child5,1093022,frame,-69
10930.944253248,child10,1093022,frame,36
10930.953428995,child2,1093022,frame,55
10930.958372619,child8,1093022,frame,-82
10940.962261896999,child8,1094032,frame,25
10940.968272229002,child7,1094032,frame,40
10940.979253268,child1,1094032,frame,16
10940.997151888,child4,1094032,frame,44
10941.017392966,child3,1094032,frame,35
10941.029457922,child9,1094032,frame,8
10941.031594588001,child6,1094032,frame,40
10941.044520084999,child5,1094032,frame,9
10941.046829084,child10,1094032,frame,35
10941.057925165,child2,1094032,frame,-70
10951.062622858999,child2,1095042,frame,-71
10951.066393358,child8,1095042,frame,-100
10951.073889439,child7,1095042,frame,22
10951.086935227999,child1,1095042,frame,-93
10951.102855349001,child4,1095042,frame,-97
10951.127050885,child3,1095042,frame,-90
10951.134693258,child6,1095042,frame,44
10951.135273174,child9,1095042,frame,10
10951.150753379,child5,1095042,frame,1
10951.154109211,child10,1095042,frame,-105
10961.169041819001,child2,1096052,frame,179
10961.171588735,child8,1096052,frame,138
10961.182955191,child7,1096052,frame,42
10961.18748644,child1,1096052,frame,48
10961.211850184,child4,1096052,frame,185
10961.232412595,child3,1096052,frame,33
10961.241336552,child9,1096052,frame,8
10961.244559509,child6,1096052,frame,25
10961.251963341,child5,1096052,frame,27
10961.256628548,child10,1096052,frame,36
10971.265432366,child10,1097062,frame,143
10971.274538155001,child2,1097062,frame,39
10971.277193863001,child8,1097062,frame,33
10971.28720011,child7,1097062,frame,6
10971.294185691999,child1,1097062,frame,50
10971.320839934999,child4,1097062,frame,-98
10971.336643597999,child3,1097062,frame,162
10971.350836303,child9,1097062,frame,9
10971.355204802001,child6,1097062,frame,24
10971.358780759,child5,1097062,frame,0
10981.362444786999,child5,1098072,frame,1
10981.371537367999,child10,1098072,frame,23
10981.3780997,child2,1098072,frame,-86
10981.382026116,child8,1098072,frame,34
10981.395105237,child7,1098072,frame,-98
10981.398330487,child1,1098072,frame,29
10981.425392772,child4,1098072,frame,-1
10981.448254641,child3,1098072,frame,21
10981.456744596999,child9,1098072,frame,52
10981.46031543,child6,1098072,frame,9
10991.460785666,child9,1099082,frame,0
10991.468510248,child5,1099082,frame,134
10991.475922079,child10,1099082,frame,20
10991.48155712,child2,1099082,frame,38
10991.490784117,child8,1099082,frame,-88
10991.503119531,child1,1099082,frame,28
10991.504551406,child7,1099082,frame,148
10991.532171649,child4,1099082,frame,50
10991.555084726,child3,1099082,frame,21
10991.5623816,child6,1099082,frame,24
11001.565844377,child9,1100092,frame,-119
11001.565904002,child6,1100092,frame,14
11001.572125292,child5,1100092,frame,-80
11001.581850707,child10,1100092,frame,2
11001.591254496001,child2,1100092,frame,20
11001.597804536,child8,1100092,frame,32
11001.608001409,child1,1100092,frame,-111
11001.611372408,child7,1100092,frame,24
11001.636663526,child4,1100092,frame,37
11001.661067895,child3,1100092,frame,-107
11010.666745961,child3,1101001,frame,-67
11010.669633377001,child9,1101001,frame,52
11010.67149246,child6,1101001,frame,55
11010.676864209,child5,1101001,frame,37
11010.686002748,child10,1101001,frame,53
11010.697177912001,child2,1101001,frame,16
11010.703554577001,child8,1101001,frame,31
11010.708365493,child1,1101001,frame,31
11010.716816074,child7,1101001,frame,12
11010.740415568,child4,1101001,frame,4
11020.768666006,child3,1102011,frame,28
11020.776035171,child9,1102011,frame,-74
11020.776935463,child6,1102011,frame,-194
11020.78101642,child5,1102011,frame,-122
11020.791738542,child10,1102011,frame,-191
11020.801511665,child2,1102011,frame,-86
11020.807480664,child8,1102011,frame,-88
11020.813033870001,child1,1102011,frame,29
11020.822067327,child7,1102011,frame,-197
11020.845629362,child4,1102011,frame,-99
11030.874211592,child3,1103021,frame,29
11030.881665424,child6,1103021,frame,16
11030.883355923,child9,1103021,frame,17
11030.883462173,child5,1103021,frame,125
11030.896026879,child10,1103021,frame,20
11030.904570751,child2,1103021,frame,38
11030.912529583,child8,1103021,frame,158
11030.91619029,child1,1103021,frame,29
11030.929639287,child7,1103021,frame,159
11030.950706573,child4,1103021,frame,41
11040.961096766001,child4,1104031,frame,27
11040.977191637001,child3,1104031,frame,13
11040.984787344,child6,1104031,frame,161
11040.989684509,child9,1104031,frame,17
11040.990017092001,child5,1104031,frame,-79
11041.003733589,child10,1104031,frame,48
11041.008983546,child2,1104031,frame,5
11041.014594086,child8,1104031,frame,1
11041.021239918,child1,1104031,frame,14
11041.034842831,child7,1104031,frame,-1
11051.064044228,child4,1105041,frame,-84
11051.085601431,child6,1105041,frame,-124
11051.085705889,child3,1105041,frame,-114
11051.094121512,child5,1105041,frame,55
11051.096990386,child9,1105041,frame,16
11051.108695633,child10,1105041,frame,-1
11051.112363674,child2,1105041,frame,-87
11051.120409255,child8,1105041,frame,-96
11051.123365005,child1,1105041,frame,13
11051.136697667998,child7,1105041,frame,-108
11061.166868314,child4,1106051,frame,-83
11061.183085518001,child6,1106051,frame,16
11061.191450308,child3,1106051,frame,43
11061.202041639,child5,1106051,frame,-201
11061.205578263,child9,1106051,frame,-125
11061.215331468999,child10,1106051,frame,-113
11061.215520635,child2,1106051,frame,-70
11061.225938174,child8,1106051,frame,26
11061.228090424,child1,1106051,frame,-109
11061.243214878,child7,1106051,frame,15
11071.273405941,child4,1107061,frame,52
11071.286256395999,child6,1107061,frame,-108
11071.296432644,child3,1107061,frame,43
11071.308304766,child5,1107061,frame,27
11071.308414183,child9,1107061,frame,40
11071.319671471,child2,1107061,frame,54
11071.320923054,child10,1107061,frame,28
11071.331215385,child1,1107061,frame,32
11071.333980635,child8,1107061,frame,43
11071.347537590002,child7,1107061,frame,18
11081.354558033001,child7,1108071,frame,32
11081.376449319,child4,1108071,frame,52
11081.393631814999,child6,1108071,frame,157
11081.403448479,child3,1108071,frame,43
11081.410077936,child5,1108071,frame,147
11081.413564477001,child9,1108071,frame,42
11081.425170306999,child10,1108071,frame,27
11081.425548723999,child2,1108071,frame,37
11081.436703846,child1,1108071,frame,32
11081.440694261999,child8,1108071,frame,-116
11091.459651369,child7,1109081,frame,139
11091.479091448,child4,1109081,frame,-74
11091.500854066999,child6,1109081,frame,16
11091.505626774,child3,1109081,frame,-116
11091.51503398,child5,1109081,frame,-1
11091.520539229,child9,1109081,frame,24
11091.531047935,child2,1109081,frame,54
11091.531357726,child10,1109081,frame,153
11091.540639182,child8,1109081,frame,150
11091.54177014,child1,1109081,frame,141
11101.565899163,child7,1110091,frame,-108
11101.585092117,child4,1110091,frame,126
11101.602947446,child6,1110091,frame,-103
11101.609230901999,child3,1110091,frame,159
11101.621211649,child5,1110091,frame,4
11101.627298148002,child9,1110091,frame,12
11101.637227894998,child10,1110091,frame,-106
11101.637571937,child2,1110091,frame,-73
11101.643085561,child1,1110091,frame,-124
11101.64705631,child8,1110091,frame,-98
11110.645109627,child1,1111000,frame,144
11110.652299501,child8,1111000,frame,11
11110.672255121,child7,1111000,frame,-83
11110.690812533001,child4,1111000,frame,6
11110.705369779,child6,1111000,frame,55
11110.710575486,child3,1111000,frame,58
11110.728791357,child5,1111000,frame,-95
11110.732851272,child9,1111000,frame,52
11110.739677395999,child10,1111000,frame,42
11110.739969437,child2,1111000,frame,13
11120.74346584,child2,1112010,frame,-68
11120.745545798,child10,1112010,frame,-119
11120.749755505,child1,1112010,frame,-126
11120.756370545,child8,1112010,frame,-100
11120.775915749,child7,1112010,frame,-91
11120.793591994001,child4,1112010,frame,-206
11120.808453241,child6,1112010,frame,-116
11120.812911198,child3,1112010,frame,-112
11120.837132525001,child5,1112010,frame,17
11120.838234775,child9,1112010,frame,-109
11130.847562635001,child2,1113020,frame,8
11130.850061426001,child10,1113020,frame,28
11130.860885631,child8,1113020,frame,59
11130.861196631,child1,1113020,frame,34
11130.881114917998,child7,1113020,frame,155
11130.897404371999,child4,1113020,frame,138
11130.911882119,child6,1113020,frame,123
11130.91498316,child3,1113020,frame,28
11130.941955611,child9,1113020,frame,33
11130.942820569,child5,1113020,frame,-98
11140.945541056,child5,1114030,frame,155
11140.948249305,child9,1114030,frame,15
11140.950171888,child2,1114030,frame,0
11140.956439177999,child10,1114030,frame,28
11140.962200218,child8,1114030,frame,26
11140.964953009,child1,1114030,frame,14
11140.981959171999,child7,1114030,frame,-106
11141.001875875,child4,1114030,frame,7
11141.016808705,child6,1114030,frame,-109
11141.018698078999,child3,1114030,frame,13
11151.048280267,child5,1115040,frame,-71
11151.054248641,child9,1115040,frame,17
11151.056519932,child2,1115040,frame,36
11151.062589014,child10,1115040,frame,12
11151.06906247,child8,1115040,frame,25
11151.069119387,child1,1115040,frame,-127
11151.087485591,child7,1115040,frame,32
11151.105926877999,child4,1115040,frame,-83
11151.122026624,child6,1115040,frame,158
11151.124579206999,child3,1115040,frame,-112
11161.154026102999,child5,1116050,frame,127
11161.160927100998,child9,1116050,frame,17
11161.163587017,child2,1116050,frame,57
11161.165116266999,child10,1116050,frame,11
11161.168999474,child1,1116050,frame,14
11161.174414723,child8,1116050,frame,-80
11161.191685052,child7,1116050,frame,14
11161.209963005998,child4,1116050,frame,58
11161.228392501,child6,1116050,frame,0
11161.230863042001,child3,1116050,frame,154
11171.258024564,child5,1117060,frame,-124
11171.266227394999,child9,1117060,frame,-108
11171.269250061,child2,1117060,frame,-71
11171.269519895,child10,1117060,frame,-67
11171.274079643,child1,1117060,frame,14
11171.278105017002,child8,1117060,frame,25
11171.293072972,child7,1117060,frame,34
11171.314555092,child4,1117060,frame,-68
11171.32879688,child6,1117060,frame,-108
11171.337284211,child3,1117060,frame,-237
11181.359234151,child5,1118070,frame,17
11181.371956064999,child2,1118070,frame,133
11181.372490731,child10,1118070,frame,37
11181.373274773,child9,1118070,frame,32
11181.379408063,child1,1118070,frame,153
11181.384573186,child8,1118070,frame,59
11181.395404142,child7,1118070,frame,30
11181.420299844,child4,1118070,frame,59
11181.429883342,child6,1118070,frame,32
11181.440336506,child3,1118070,frame,152
11191.467886539,child5,1119080,frame,35
11191.476537162,child2,1119080,frame,-96
11191.47657562,child9,1119080,frame,139
11191.476891203,child10,1119080,frame,23
11191.481496827,child1,1119080,frame,-127
11191.488505409001,child8,1119080,frame,-99
11191.50233453,child7,1119080,frame,34
11191.525654316001,child4,1119080,frame,127
11191.532967105999,child6,1119080,frame,17
11191.543565687001,child3,1119080,frame,27
11201.548588012001,child3,1120090,frame,-93
11201.574029173,child5,1120090,frame,5
11201.579324046,child10,1120090,frame,26
11201.581621837,child1,1120090,frame,30
11201.582624004,child2,1120090,frame,59
11201.583013004,child9,1120090,frame,-104
11201.597049417,child8,1120090,frame,40
11201.607911289,child7,1120090,frame,-102
11201.627999992,child4,1120090,frame,-73
11201.639765573,child6,1120090,frame,-86
11211.653426604998,child3,1121100,frame,32
11211.676313849,child5,1121100,frame,128
11211.684725137999,child10,1121100,frame,11
11211.68649118,child1,1121100,frame,139
11211.687519387999,child9,1121100,frame,146
11211.689647846,child2,1121100,frame,45
11211.698729927,child8,1121100,frame,43
11211.71311334,child7,1121100,frame,130
11211.733114375998,child4,1121100,frame,39
11211.743591999,child6,1121100,frame,144
11220.735562328,child4,1122009,frame,10
11220.748827492,child6,1122009,frame,-70
11220.756123572999,child3,1122009,frame,52
11220.780720109,child5,1122009,frame,16
11220.791352438999,child10,1122009,frame,-66
11220.792377189,child9,1122009,frame,-88
11220.793118772,child1,1122009,frame,5
11220.793821022,child2,1122009,frame,-108
11220.803564311,child8,1122009,frame,24
11220.815554224999,child7,1122009,frame,12
11230.840172046,child4,1123019,frame,-81
11230.84991571,child6,1123019,frame,-116
11230.859473374,child3,1123019,frame,29
11230.884494618,child5,1123019,frame,-77
11230.892134116,child10,1123019,frame,20
11230.895232699,child1,1123019,frame,-125
11230.895527698001,child2,1123019,frame,29
11230.895696198,child9,1123019,frame,59
11230.909142778,child8,1123019,frame,-100
11230.918540026,child7,1123019,frame,-72
11240.948260262,child4,1124029,frame,44
11240.953413136,child6,1124029,frame,40
11240.969773715,child3,1124029,frame,-112
11240.989965335,child5,1124029,frame,-202
11240.996069292,child1,1124029,frame,0
11240.996562333,child10,1124029,frame,2
11240.997762583,child9,1124029,frame,-242
11241.002175374,child2,1124029,frame,-79
11241.016757287,child8,1124029,frame,-66
11241.023324577,child7,1124029,frame,19
11251.051054188,child4,1125039,frame,-82
11251.060168103,child6,1125039,frame,41
11251.077652848,child3,1125039,frame,44
11251.095285260999,child5,1125039,frame,167
11251.098438968,child1,1125039,frame,-1
11251.099974593,child9,1125039,frame,166
11251.105243341,child10,1125039,frame,22
11251.107166424,child2,1125039,frame,125
11251.122896087,child8,1125039,frame,166
11251.128599127,child7,1125039,frame,-1
11261.156208031001,child4,1126049,frame,45
11261.167263486,child6,1126049,frame,24
11261.182699399,child3,1126049,frame,13
11261.200893311,child5,1126049,frame,-70
11261.203575185002,child1,1126049,frame,18
11261.205443893,child9,1126049,frame,9
11261.209539017,child10,1126049,frame,11
11261.214837099002,child2,1126049,frame,-86
11261.224727887999,child8,1126049,frame,-99
11261.233218636,child7,1126049,frame,-108
11271.264304122,child4,1127059,frame,-82
11271.270674912,child6,1127059,frame,25
11271.287911408,child3,1127059,frame,29
11271.305556654,child5,1127059,frame,-1
11271.308677861,child1,1127059,frame,14
11271.311505277,child9,1127059,frame,53
11271.315698359,child10,1127059,frame,-113
11271.316348567,child2,1127059,frame,44
11271.33180948,child8,1127059,frame,-2
11271.335859479,child7,1127059,frame,32
11281.337324514,child8,1128069,frame,34
11281.337582971999,child7,1128069,frame,-110
11281.368444506,child4,1128069,frame,130
11281.374306088,child6,1128069,frame,24
11281.392893375,child3,1128069,frame,-96
11281.410559871,child5,1128069,frame,1
11281.411780579001,child1,1128069,frame,-127
11281.414537745,child9,1128069,frame,-107
11281.420922952,child10,1128069,frame,28
11281.422242951001,child2,1128069,frame,47
11291.439437566,child7,1129079,frame,34
11291.440637607,child8,1129079,frame,33
11291.471467266001,child4,1129079,frame,-126
11291.476553223001,child6,1129079,frame,-96
11291.497934175999,child3,1129079,frame,29
11291.511917631,child1,1129079,frame,14
11291.512324672001,child5,1129079,frame,2
11291.517975588,child9,1129079,frame,16
11291.524071668999,child10,1129079,frame,28
11291.524961169001,child2,1129079,frame,-79
11301.539975284,child7,1130089,frame,30
11301.547408032,child8,1130089,frame,53
11301.573641859,child4,1130089,frame,4
11301.577949149,child6,1130089,frame,41
11301.603275726,child3,1130089,frame,29
11301.613536391,child1,1130089,frame,29
11301.615993514999,child5,1130089,frame,142
11301.620758347,child9,1130089,frame,33
11301.631354719,child10,1130089,frame,27
11301.631731511,child2,1130089,frame,0
11311.639468753001,child10,1131099,frame,-123
11311.645755959,child7,1131099,frame,48
11311.651938833,child8,1131099,frame,-92
11311.676787202001,child4,1131099,frame,131
11311.683025117001,child6,1131099,frame,29
11311.707761152,child3,1131099,frame,32
11311.721470982,child5,1131099,frame,24
11311.72377294,child1,1131099,frame,29
11311.729038689,child9,1131099,frame,128
11311.73769977,child2,1131099,frame,34
11320.728339975,child5,1132008,frame,-90
11320.731181807,child9,1132008,frame,-205
11320.735228181,child1,1132008,frame,17
11320.740834013,child10,1132008,frame,19
11320.742103096001,child2,1132008,frame,31
11320.755036551,child7,1132008,frame,-117
11320.756246676,child8,1132008,frame,31
11320.780948461,child4,1132008,frame,-114
11320.792681208999,child6,1132008,frame,-69
11320.818075326999,child3,1132008,frame,-73
11330.830676609,child5,1133018,frame,46
11330.834909067,child9,1133018,frame,9
11330.836316275001,child1,1133018,frame,-111
11330.844347064,child10,1133018,frame,36
11330.850104563,child2,1133018,frame,-87
11330.856969019,child7,1133018,frame,58
11330.861938393,child8,1133018,frame,-88
11330.887507053001,child4,1133018,frame,128
11330.896146176,child6,1133018,frame,-100
11330.924530669,child3,1133018,frame,29
11340.928412287001,child3,1134028,frame,-96
11340.937178285001,child5,1134028,frame,56
11340.937787451001,child1,1134028,frame,29
11340.940042200999,child9,1134028,frame,150
11340.950908573,child10,1134028,frame,35
11340.957056238,child2,1134028,frame,45
11340.965406486,child7,1134028,frame,56
11340.966740319,child8,1134028,frame,50
11340.994437853999,child4,1134028,frame,-82
11340.999194894,child6,1134028,frame,40
11351.032452587999,child3,1135038,frame,170
11351.039033128001,child5,1135038,frame,40
11351.041453752,child9,1135038,frame,-72
11351.042939168,child1,1135038,frame,32
11351.051570125,child10,1135038,frame,36
11351.061080205,child2,1135038,frame,49
11351.069762037,child7,1135038,frame,22
11351.070029787,child8,1135038,frame,50
11351.099015112999,child4,1135038,frame,57
11351.099350154,child6,1135038,frame,41
11361.137753263001,child3,1136048,frame,-97
11361.145211719999,child5,1136048,frame,31
11361.147406844,child9,1136048,frame,26
11361.148651177,child1,1136048,frame,32
11361.157300008,child10,1136048,frame,20
11361.170878963,child2,1136048,frame,-79
11361.175659629,child7,1136048,frame,-83
11361.176250504,child8,1136048,frame,26
11361.201292081001,child6,1136048,frame,40
11361.201773247,child4,1136048,frame,42
11371.242480356,child3,1137058,frame,154
11371.249699687,child1,1137058,frame,16
11371.252017103,child5,1137058,frame,42
11371.255830561,child9,1137058,frame,8
11371.260041268,child10,1137058,frame,20
11371.27225564,child2,1137058,frame,124
11371.278911263,child8,1137058,frame,25
11371.28639947,child7,1137058,frame,147
11371.306068673,child6,1137058,frame,41
11371.309004922,child4,1137058,frame,-75
11381.347033948,child3,1138068,frame,-112
11381.347338406,child1,1138068,frame,15
11381.356338987,child5,1138068,frame,14
11381.358411987,child9,1138068,frame,9
11381.365575235,child10,1138068,frame,2
11381.374966608,child2,1138068,frame,22
11381.382835606,child8,1138068,frame,-82
11381.389463437,child7,1138068,frame,27
11381.409530974,child6,1138068,frame,44
11381.415410639,child4,1138068,frame,44
11391.448227333,child1,1139078,frame,-109
11391.451943082,child3,1139078,frame,29
11391.458833872,child5,1139078,frame,22
11391.463788079,child9,1139078,frame,-116
11391.470539369,child10,1139078,frame,-102
11391.478239534,child2,1139078,frame,-93
11391.490406447001,child8,1139078,frame,-84
11391.495768571,child7,1139078,frame,-101
11391.514195358,child6,1139078,frame,-101
11391.521024523,child4,1139078,frame,-90
11401.531519139,child4,1140088,frame,123
11401.555137341,child3,1140088,frame,29
11401.55553005,child1,1140088,frame,50
11401.563299173,child5,1140088,frame,15
11401.570622421,child9,1140088,frame,145
11401.575104211,child10,1140088,frame,144
11401.582806835,child2,1140088,frame,47
11401.593454499001,child8,1140088,frame,42
11401.603001829,child7,1140088,frame,147
11401.616031243,child6,1140088,frame,41
11411.637230106,child4,1141098,frame,-93
11411.662892725,child3,1141098,frame,16
11411.666825974,child1,1141098,frame,30
11411.670718181,child5,1141098,frame,-2
11411.672161806,child9,1141098,frame,-65
11411.675414263002,child10,1141098,frame,3
11411.687047594,child2,1141098,frame,-82
11411.699819132,child8,1141098,frame,-67
11411.708843421999,child7,1141098,frame,-118
11411.718703961,child6,1141098,frame,29
11420.740451533002,child4,1142007,frame,145
11420.764233027,child3,1142007,frame,55
11420.770323984001,child1,1142007,frame,16
11420.775866606999,child5,1142007,frame,44
11420.776917607,child10,1142007,frame,-72
11420.777705899,child9,1142007,frame,37
11420.791101729,child2,1142007,frame,131
11420.802621101,child8,1142007,frame,164
11420.811495139998,child7,1142007,frame,56
11420.818800597,child6,1142007,frame,55
11430.843703626,child4,1143017,frame,-98
11430.866129912,child3,1143017,frame,-67
11430.869778286,child1,1143017,frame,14
11430.878472075,child10,1143017,frame,11
11430.879964074998,child5,1143017,frame,-115
11430.88007045,child9,1143017,frame,-109
11430.896338529,child2,1143017,frame,30
11430.907248401,child8,1143017,frame,-100
11430.915630441,child7,1143017,frame,19
11430.922375230999,child6,1143017,frame,-116
11440.927153473,child6,1144027,frame,24
11440.952725134,child4,1144027,frame,45
11440.972254753999,child3,1144027,frame,19
11440.975459461,child1,1144027,frame,14
11440.984228959,child5,1144027,frame,-118
11440.984428667,child9,1144027,frame,5
11440.990186208,child10,1144027,frame,-113
11441.00000783,child2,1144027,frame,-94
11441.010739536001,child8,1144027,frame,-2
11441.020760283001,child7,1144027,frame,-127
11451.028357192,child7,1145037,frame,19
11451.032154565999,child6,1145037,frame,25
11451.060433892,child4,1145037,frame,-2
11451.077973888001,child3,1145037,frame,-76
11451.082176553,child1,1145037,frame,14
11451.086303552,child5,1145037,frame,21
11451.089161676,child9,1145037,frame,24
11451.095181675,child10,1145037,frame,135
11451.105640256,child2,1145037,frame,30
11451.115746878,child8,1145037,frame,49
11461.131221951,child7,1146047,frame,32
11461.138868491,child6,1146047,frame,24
11461.169063692,child4,1146047,frame,34
11461.180505689,child3,1146047,frame,29
11461.185392354,child5,1146047,frame,24
11461.186136312,child1,1146047,frame,-111
11461.192598811,child9,1146047,frame,150
11461.198271309,child10,1146047,frame,-110
11461.20915189,child2,1146047,frame,22
11461.220852137,child8,1146047,frame,5
11471.221927297,child8,1147057,frame,41
11471.232742461,child7,1147057,frame,140
11471.242961458,child6,1147057,frame,44
11471.276646408,child4,1147057,frame,-91
11471.285969364,child3,1147057,frame,12
11471.290464613,child1,1147057,frame,29
11471.292201196,child5,1147057,frame,24
11471.293468529,child9,1147057,frame,9
11471.302013735,child10,1147057,frame,153
11471.313336357,child2,1147057,frame,37
11481.326066473,child8,1148067,frame,26
11481.333614096,child7,1148067,frame,2
11481.342409885001,child6,1148067,frame,9
11481.380061834,child4,1148067,frame,33
11481.386591666,child3,1148067,frame,13
11481.388275666,child1,1148067,frame,139
11481.396162747,child5,1148067,frame,24
11481.400352121,child9,1148067,frame,38
11481.407649619,child10,1148067,frame,-66
11481.418582741,child2,1148067,frame,23
11491.427708149,child2,1149077,frame,-103
11491.430963315,child8,1149077,frame,43
11491.441549729001,child7,1149077,frame,-126
11491.445873312001,child6,1149077,frame,8
11491.484310594,child4,1149077,frame,43
11491.491724008,child3,1149077,frame,13
11491.492558675,child1,1149077,frame,0
11491.500562423,child5,1149077,frame,-84
11491.506540171,child9,1149077,frame,-124
11491.507662713,child10,1149077,frame,20
11501.530954367001,child2,1150087,frame,6
11501.534431865999,child8,1150087,frame,-116
11501.546820613,child7,1150087,frame,19
11501.552483362,child6,1150087,frame,9
11501.590505686,child4,1150087,frame,-100
11501.596976934,child3,1150087,frame,13
11501.5982421,child1,1150087,frame,-125
11501.602222599,child5,1150087,frame,-87
11501.608963723,child10,1150087,frame,20
11501.611952013001,child9,1150087,frame,8
11511.636056043,child2,1151097,frame,35
11511.641892458,child8,1151097,frame,40
11511.651895164,child7,1151097,frame,23
11511.657596996,child6,1151097,frame,13
11511.703379609,child4,1151097,frame,53
11511.703718817,child1,1151097,frame,15
11511.704589858999,child3,1151097,frame,18
11511.708716525,child5,1151097,frame,59
11511.714737106,child10,1151097,frame,11
11511.718009481,child9,1151097,frame,139
11520.712922726,child5,1152006,frame,24
11520.722902015,child10,1152006,frame,41
11520.724230515,child9,1152006,frame,-2
11520.738882636,child2,1152006,frame,18
11520.744326427,child8,1152006,frame,167
11520.756599382,child7,1152006,frame,57
11520.761598131,child6,1152006,frame,42
11520.806375536,child1,1152006,frame,144
11520.808297994,child4,1152006,frame,129
11520.810803743,child3,1152006,frame,51
11530.815985986,child3,1153016,frame,-120
11530.818926984999,child5,1153016,frame,-94
11530.828498941,child9,1153016,frame,-86
11530.830665565001,child10,1153016,frame,-72
11530.843152479001,child2,1153016,frame,-121
11530.852321851,child8,1153016,frame,-124
11530.862245766,child6,1153016,frame,-195
11530.863971515,child7,1153016,frame,-126
11530.910066212,child1,1153016,frame,-125
11530.912063753,child4,1153016,frame,-224
11540.916240287,child1,1154026,frame,141
11540.919291662,child4,1154026,frame,177
11540.919919078,child3,1154026,frame,10
11540.929068076,child5,1154026,frame,173
11540.935281199001,child10,1154026,frame,12
11540.935611616,child9,1154026,frame,48
11540.947954613,child2,1154026,frame,41
11540.956562985999,child8,1154026,frame,17
11540.963848567,child6,1154026,frame,141
11540.968926774001,child7,1154026,frame,-1
11551.019695338,child1,1155036,frame,-204
11551.024977087,child4,1155036,frame,-90
11551.026822003,child3,1155036,frame,-114
11551.036072584,child5,1155036,frame,-201
11551.040421542,child10,1155036,frame,-65
11551.044159124,child9,1155036,frame,-195
11551.057820496,child2,1155036,frame,38
11551.060672661,child8,1155036,frame,-96
11551.070509617,child6,1155036,frame,-124
11551.078145115,child7,1155036,frame,18
11561.121295057,child1,1156046,frame,25
11561.130755804,child4,1156046,frame,-88
11561.13336647,child3,1156046,frame,152
11561.138533260999,child5,1156046,frame,-1
11561.147707049999,child9,1156046,frame,-1
11561.1485623,child10,1156046,frame,-106
11561.163138046,child2,1156046,frame,-86
11561.167701962,child8,1156046,frame,26
11561.183985291,child7,1156046,frame,14
11561.189617331,child6,1156046,frame,36
11571.223360441,child1,1157056,frame,147
11571.23466173,child4,1157056,frame,51
11571.240716395,child3,1157056,frame,11
11571.243014978001,child5,1157056,frame,133
11571.249518518001,child9,1157056,frame,150
11571.253369184,child10,1157056,frame,153
11571.273848054,child8,1157056,frame,25
11571.273906845,child2,1157056,frame,161
11571.293617007,child7,1157056,frame,159
11571.296975423002,child6,1157056,frame,141
11581.327708117,child1,1158066,frame,-119
11581.339951322001,child4,1158066,frame,-73
11581.343276572,child3,1158066,frame,-70
11581.351543611,child5,1158066,frame,-77
11581.359914484,child9,1158066,frame,-195
11581.360350692,child10,1158066,frame,-69
11581.377421146,child8,1158066,frame,-80
11581.380085312,child2,1158066,frame,-99
11581.400153015999,child7,1158066,frame,-125
11581.402116057,child6,1158066,frame,-124
11591.439182124,child1,1159076,frame,6
11591.446726581,child4,1159076,frame,52
11591.447649081,child3,1159076,frame,21
11591.458489995,child5,1159076,frame,47
11591.465654285,child10,1159076,frame,23
11591.467039576,child9,1159076,frame,142
11591.481927989,child2,1159076,frame,163
11591.483300113,child8,1159076,frame,25
11591.504242775001,child7,1159076,frame,-2
11591.507154482,child6,1159076,frame,-109
11601.547972633001,child1,1160086,frame,131
11601.55152734,child4,1160086,frame,7
11601.556207589001,child3,1160086,frame,21
11601.565917670001,child5,1160086,frame,3
11601.569164419,child10,1160086,frame,23
11601.574864667,child9,1160086,frame,-1
11601.58415229,child2,1160086,frame,-102
11601.585569498,child8,1160086,frame,43
11601.607392076,child7,1160086,frame,19
11601.608734367,child6,1160086,frame,33
11611.649461309002,child1,1161096,frame,-119
11611.656297432,child4,1161096,frame,6
11611.663123389,child3,1161096,frame,26
11611.669492679,child5,1161096,frame,-73
11611.674009345,child10,1161096,frame,26
11611.678149844,child9,1161096,frame,21
11611.689527465998,child2,1161096,frame,18
11611.690840006999,child8,1161096,frame,40
11611.709184127,child7,1161096,frame,5
11611.712498252,child6,1161096,frame,37
11620.717573495001,child6,1162005,frame,56
11620.719359994,child7,1162005,frame,0
11620.747905529,child1,1162005,frame,9
11620.762409317,child4,1162005,frame,11
11620.764168066,child3,1162005,frame,51
11620.778653604,child5,1162005,frame,28
11620.779628687,child10,1162005,frame,129
11620.780501395,child9,1162005,frame,45
11620.790516350999,child2,1162005,frame,4
11620.795358642,child8,1162005,frame,25
11630.822331461999,child7,1163015,frame,-73
11630.822393545,child6,1163015,frame,-100
11630.853566121,child1,1163015,frame,22
11630.865774492999,child3,1163015,frame,6
11630.866249993,child4,1163015,frame,3
11630.882943072,child10,1163015,frame,-121
11630.883902612999,child5,1163015,frame,7
11630.886796529001,child9,1163015,frame,17
11630.897004527,child2,1163015,frame,-103
11630.898825568,child8,1163015,frame,-82
11640.926305554001,child7,1164025,frame,19
11640.927686721001,child6,1164025,frame,24
11640.959318421,child1,1164025,frame,-2
11640.97059596,child3,1164025,frame,-72
11640.977075208,child4,1164025,frame,-66
11640.985869790002,child10,1164025,frame,12
11640.988466247,child5,1164025,frame,-77
11640.991459163,child9,1164025,frame,-87
11641.001972451999,child2,1164025,frame,39
11641.002123827,child8,1164025,frame,26
11651.009017402,child2,1165035,frame,4
11651.009665735999,child8,1165035,frame,25
11651.029165814,child6,1165035,frame,44
11651.033074105,child7,1165035,frame,16
11651.062777055999,child1,1165035,frame,0
11651.076463469,child3,1165035,frame,12
11651.083967550001,child4,1165035,frame,-68
11651.091066715,child10,1165035,frame,41
11651.093431465,child5,1165035,frame,56
11651.094468088999,child9,1165035,frame,0
11661.110906537,child8,1166045,frame,43
11661.113634495,child2,1166045,frame,-86
11661.128192283,child6,1166045,frame,41
11661.135950448,child7,1166045,frame,14
11661.163509106998,child1,1166045,frame,16
11661.182023268999,child3,1166045,frame,13
11661.1932571,child4,1166045,frame,135
11661.197447099,child10,1166045,frame,6
11661.198717764999,child5,1166045,frame,1
11661.19959514,child9,1166045,frame,142
11671.205250174,child5,1167055,frame,11
11671.216305629,child8,1167055,frame,9
11671.217147837,child2,1167055,frame,38
11671.231916249999,child6,1167055,frame,24
11671.239791665,child7,1167055,frame,19
11671.267257617,child1,1167055,frame,0
11671.289773194,child3,1167055,frame,3
11671.296891359,child4,1167055,frame,-75
11671.301685316,child10,1167055,frame,-65
11671.304367941,child9,1167055,frame,-85
11681.306397600001,child4,1168065,frame,4
11681.306652767,child10,1168065,frame,4
11681.308321392,child9,1168065,frame,-125
11681.308992350001,child5,1168065,frame,124
11681.318270181,child2,1168065,frame,55
11681.321836805,child8,1168065,frame,10
11681.339609675,child6,1168065,frame,-116
11681.346876257001,child7,1168065,frame,-1
11681.377758249,child1,1168065,frame,0
11681.39302537,child3,1168065,frame,3
11691.409719318,child4,1169075,frame,5
11691.414147317,child10,1169075,frame,4
11691.41519665,child9,1169075,frame,248
11691.415420567,child5,1169075,frame,48
11691.424157815,child8,1169075,frame,28
11691.426050731,child2,1169075,frame,20
11691.447201475,child6,1169075,frame,149
11691.454805932,child7,1169075,frame,19
11691.487101465,child1,1169075,frame,33
11691.496695046,child3,1169075,frame,3
11701.51639216,child4,1170085,frame,5
11701.519428493,child10,1170085,frame,-122
11701.519807284,child9,1170085,frame,-203
11701.522807407999,child5,1170085,frame,-218
11701.531871865001,child8,1170085,frame,-115
11701.533167198,child2,1170085,frame,-86
11701.55020486,child6,1170085,frame,-116
11701.558334483,child7,1170085,frame,-110
11701.590228058,child1,1170085,frame,-2
11701.602827597,child3,1170085,frame,-122
11711.609851922,child3,1171095,frame,131
11711.623651127,child10,1171095,frame,34
11711.623928335,child4,1171095,frame,-116
11711.625462668,child9,1171095,frame,12
11711.628820584,child5,1171095,frame,123
11711.635923040001,child2,1171095,frame,51
11711.637673248,child8,1171095,frame,-82
11711.651223203,child6,1171095,frame,29
11711.6650537,child7,1171095,frame,139
11711.692988193,child1,1171095,frame,-127
11720.714032307002,child3,1172004,frame,51
11720.725204304,child4,1172004,frame,173
11720.726549054001,child10,1172004,frame,174
11720.729330886,child9,1172004,frame,170
11720.735892301002,child5,1172004,frame,24
11720.742310175,child2,1172004,frame,125
11720.743170049,child8,1172004,frame,149
11720.752836505,child6,1172004,frame,55
11720.771473751,child7,1172004,frame,-65
11720.793416537,child1,1172004,frame,141
11730.820768607,child3,1173014,frame,-127
11730.830342813,child4,1173014,frame,-66
11730.834034354,child9,1173014,frame,-97
11730.834083354,child10,1173014,frame,-126
11730.838643853,child5,1173014,frame,-76
11730.847622891999,child8,1173014,frame,-116
11730.848972808,child2,1173014,frame,-100
11730.857022598,child6,1173014,frame,9
11730.87494501,child7,1173014,frame,-1
11730.896082463,child1,1173014,frame,-2
11740.899842080998,child1,1174024,frame,-2
11740.926758074,child3,1174024,frame,263
11740.939694696,child10,1174024,frame,144
11740.940201446001,child4,1174024,frame,60
11740.941030445,child9,1174024,frame,180
11740.943809195001,child5,1174024,frame,46
11740.954353692001,child8,1174024,frame,168
11740.955880357998,child2,1174024,frame,164
11740.961410315,child6,1174024,frame,153
11740.979887018999,child7,1174024,frame,143
11751.000439841,child1,1175034,frame,-2
11751.033911124001,child3,1175034,frame,-206
11751.044337162999,child4,1175034,frame,6
11751.046459913001,child9,1175034,frame,-202
11751.04923387,child5,1175034,frame,-87
11751.049432454,child10,1175034,frame,-121
11751.058752660001,child8,1175034,frame,-116
11751.061679576,child2,1175034,frame,-244
11751.064555241,child6,1175034,frame,-195
11751.084082237,child7,1175034,frame,-81
11761.102702101,child1,1176044,frame,-2
11761.139079633,child3,1176044,frame,5
11761.145562173,child4,1176044,frame,59
11761.152958255001,child5,1176044,frame,48
11761.153286921,child9,1176044,frame,126
11761.154279213,child10,1176044,frame,262
11761.162416586001,child8,1176044,frame,26
11761.163321835,child2,1176044,frame,146
11761.167013084,child6,1176044,frame,142
11761.18968612,child7,1176044,frame,11
11771.21118365,child1,1177054,frame,-2
11771.245698142,child3,1177054,frame,6
11771.248992308,child4,1177054,frame,-118
11771.255500639001,child5,1177054,frame,55
11771.258762554999,child9,1177054,frame,-111
11771.259374430001,child10,1177054,frame,-207
11771.264418928999,child8,1177054,frame,-83
11771.267911469,child6,1177054,frame,-204
11771.268852636,child2,1177054,frame,-100
11771.29421038,child7,1177054,frame,-117
11781.299066788999,child7,1178064,frame,131
11781.316095284,child1,1178064,frame,0
11781.350233901,child3,1178064,frame,6
11781.352757942,child4,1178064,frame,128
11781.360927606,child5,1178064,frame,11
11781.362799689,child9,1178064,frame,133
11781.363320064002,child10,1178064,frame,4
11781.365561105,child8,1178064,frame,167
11781.369140146,child6,1178064,frame,25
11781.369590063001,child2,1178064,frame,164
11791.404466131,child7,1179074,frame,58
11791.421199835,child1,1179074,frame,0
11791.45352941,child3,1179074,frame,53
11791.457662701,child4,1179074,frame,-74
11791.46766699,child9,1179074,frame,-93
11791.468054907,child5,1179074,frame,-94
11791.471718447,child8,1179074,frame,9
11791.472312697,child10,1179074,frame,35
11791.473833655,child6,1179074,frame,133
11791.47539878,child2,1179074,frame,6
11801.508682223,child7,1180084,frame,-81
11801.524506427999,child1,1180084,frame,-78
11801.560432294,child3,1180084,frame,-68
11801.565740292,child4,1180084,frame,-84
11801.569621666,child5,1180084,frame,53
11801.570061249999,child9,1180084,frame,39
11801.578600956,child10,1180084,frame,-81
11801.578663206,child6,1180084,frame,-194
11801.58003458,child8,1180084,frame,-111
11801.584322288,child2,1180084,frame,-74
11811.612223524,child7,1181094,frame,2
11811.628524229,child1,1181094,frame,133
11811.662235177999,child3,1181094,frame,133
11811.672437759002,child4,1181094,frame,131
11811.674652884001,child5,1181094,frame,-74
11811.677082175,child9,1181094,frame,34
11811.681804382,child10,1181094,frame,136
11811.684080048,child6,1181094,frame,164
11811.688547380001,child2,1181094,frame,29
11811.688576089,child8,1181094,frame,25
11820.690990956999,child8,1182003,frame,11
11820.692012040001,child2,1182003,frame,-67
11820.717304784,child7,1182003,frame,36
11820.733588154999,child1,1182003,frame,-67
11820.766487687999,child3,1182003,frame,-122
11820.774378311,child4,1182003,frame,11
11820.781647559,child5,1182003,frame,30
11820.782974934,child9,1182003,frame,-116
11820.785510059,child6,1182003,frame,28
11820.788204600001,child10,1182003,frame,-93
11830.792459509,child2,1183013,frame,38
11830.795831466,child10,1183013,frame,3
11830.796098341,child8,1183013,frame,45
11830.820605418001,child7,1183013,frame,11
11830.840257705,child1,1183013,frame,0
11830.873136114,child3,1183013,frame,-104
11830.882031028,child4,1183013,frame,-74
11830.885889027,child5,1183013,frame,56
11830.887296693,child6,1183013,frame,-88
11830.888038526,child9,1183013,frame,-116
11840.889970395001,child6,1184023,frame,-117
11840.892251311001,child5,1184023,frame,-68
11840.895520102,child9,1184023,frame,0
11840.897142018,child2,1184023,frame,-72
11840.898791851001,child8,1184023,frame,-240
11840.901242892001,child10,1184023,frame,-73
11840.925672594,child7,1184023,frame,-125
11840.943690756001,child1,1184023,frame,-125
11840.980093164,child3,1184023,frame,13
11840.987341578999,child4,1184023,frame,-68
11850.991375613,child6,1185033,frame,40
11850.992146278999,child4,1185033,frame,10
11850.998677986,child5,1185033,frame,-70
11850.999506860999,child9,1185033,frame,0
11851.003748735,child2,1185033,frame,31
11851.004827693001,child10,1185033,frame,153
11851.006085691999,child8,1185033,frame,166
11851.029833102999,child7,1185033,frame,-2
11851.044420766,child1,1185033,frame,33
11851.080992674,child3,1185033,frame,13
11861.089066749,child3,1186043,frame,138
11861.095086164,child6,1186043,frame,142
11861.095972747,child4,1186043,frame,123
11861.10544187,child5,1186043,frame,131
11861.105958869,child2,1186043,frame,13
11861.106515661,child9,1186043,frame,133
11861.111316451,child10,1186043,frame,-92
11861.111847993,child8,1186043,frame,29
11861.136510695,child7,1186043,frame,128
11861.145980609,child1,1186043,frame,139
11871.197294882,child3,1187053,frame,-65
11871.201037714001,child6,1187053,frame,0
11871.204096505,child4,1187053,frame,-65
11871.208965671,child2,1187053,frame,-94
11871.211218753,child5,1187053,frame,-70
11871.213021211,child9,1187053,frame,-115
11871.216751044,child10,1187053,frame,-1
11871.217850127001,child8,1187053,frame,-100
11871.241020704,child7,1187053,frame,-206
11871.25700045,child1,1187053,frame,-127
11881.300138766,child3,1188063,frame,13
11881.303260432,child6,1188063,frame,-108
11881.308965264,child4,1188063,frame,-66
11881.311583472001,child2,1188063,frame,29
11881.312197805,child5,1188063,frame,57
11881.31952122,child9,1188063,frame,141
11881.321355094,child10,1188063,frame,4
11881.325633552,child8,1188063,frame,59
11881.345454755,child7,1188063,frame,34
11881.360390459999,child1,1188063,frame,14
11891.4047029,child3,1189073,frame,6
11891.406610067,child6,1189073,frame,8
11891.414729898,child4,1189073,frame,123
11891.416232898,child5,1189073,frame,55
11891.417774522,child2,1189073,frame,39
11891.424227854,child9,1189073,frame,9
11891.424308437,child10,1189073,frame,-65
11891.425767354,child8,1189073,frame,25
11891.450119139,child7,1189073,frame,7
11891.466243593,child1,1189073,frame,6
11901.505851119,child6,1190083,frame,44
11901.509204492999,child3,1190083,frame,21
11901.521580948001,child2,1190083,frame,163
11901.522076115,child4,1190083,frame,60
11901.523199323,child5,1190083,frame,58
11901.530622654,child8,1190083,frame,26
11901.530889612,child9,1190083,frame,60
11901.531228737,child10,1190083,frame,145
11901.558189564,child7,1190083,frame,26
11901.568975061,child1,1190083,frame,22
11911.609376336,child6,1191093,frame,28
11911.614909627,child3,1191093,frame,8
11911.624932208,child2,1191093,frame,-113
11911.627228624,child5,1191093,frame,34
11911.627326124,child4,1191093,frame,-71
11911.635305497,child10,1191093,frame,-68
11911.636454579999,child8,1191093,frame,43
11911.639531162,child9,1191093,frame,-66
11911.662238907,child7,1191093,frame,31
11911.670072571,child1,1191093,frame,139
11920.71905422,child6,1192002,frame,-69
11920.721410511,child3,1192002,frame,35
11920.728839967,child2,1192002,frame,55
11920.73018905,child4,1192002,frame,145
11920.736421423999,child5,1192002,frame,15
11920.741231506,child10,1192002,frame,52
11920.743104172001,child8,1192002,frame,23
11920.743905005,child9,1192002,frame,23
11920.766347833,child7,1192002,frame,125
11920.773564456002,child1,1192002,frame,1
11930.824945395001,child3,1193012,frame,-76
11930.826006977999,child6,1193012,frame,9
11930.839055392002,child4,1193012,frame,-79
11930.839125392,child2,1193012,frame,-111
11930.844584932,child10,1193012,frame,34
11930.844873098999,child5,1193012,frame,24
11930.849395222998,child8,1193012,frame,-68
11930.850534889,child9,1193012,frame,-77
11930.874338425,child7,1193012,frame,3
11930.875759883,child1,1193012,frame,-80
11940.929479154,child3,1194022,frame,-85
11940.932729612001,child6,1194022,frame,8
11940.943529025999,child4,1194022,frame,-92
11940.945133484,child2,1194022,frame,31
11940.947793317,child10,1194022,frame,-126
11940.949136066001,child5,1194022,frame,-116
11940.954267607,child9,1194022,frame,35
11940.95506394,child8,1194022,frame,-90
11940.974840642999,child1,1194022,frame,-71
11940.981084975001,child7,1194022,frame,-203
11950.981333843,child7,1195032,frame,167
11951.032170789,child6,1195032,frame,25
11951.03475658,child3,1195032,frame,146
11951.045181786001,child4,1195032,frame,184
11951.049092785,child2,1195032,frame,138
11951.052591283998,child10,1195032,frame,129
11951.055576158,child5,1195032,frame,156
11951.058323199,child9,1195032,frame,126
11951.063975989,child8,1195032,frame,158
11951.078237902,child1,1195032,frame,141
11961.084115436,child1,1196042,frame,-78
11961.08749531,child7,1196042,frame,-81
11961.136829631001,child6,1196042,frame,-101
11961.138162173,child3,1196042,frame,-127
11961.153657502,child4,1196042,frame,-225
11961.154899834999,child2,1196042,frame,-249
11961.158223208999,child10,1196042,frame,-199
11961.159733666998,child5,1196042,frame,-231
11961.164225166,child9,1196042,frame,-94
11961.173126956,child8,1196042,frame,-249
11971.186141363001,child8,1197052,frame,178
11971.18907782,child1,1197052,frame,-71
11971.193130486,child7,1197052,frame,11
11971.239290308,child6,1197052,frame,150
11971.244146015,child3,1197052,frame,13
11971.255630679,child4,1197052,frame,167
11971.259547261,child2,1197052,frame,155
11971.262483427,child10,1197052,frame,136
11971.263110427,child5,1197052,frame,154
11971.266511050999,child9,1197052,frame,55
11981.292481121,child8,1198062,frame,18
11981.293862871,child1,1198062,frame,17
11981.298118744999,child7,1198062,frame,8
11981.341406942001,child6,1198062,frame,8
11981.351597565,child3,1198062,frame,12
11981.358778688,child4,1198062,frame,34
11981.365168186,child2,1198062,frame,16
11981.368101477,child10,1198062,frame,-73
11981.368395935999,child5,1198062,frame,-110
11981.370924685,child9,1198062,frame,30
11991.397018672,child1,1199072,frame,-2
11991.397613714,child8,1199072,frame,-90
11991.400361421,child7,1199072,frame,-72
11991.44703191,child6,1199072,frame,-97
11991.455148616,child3,1199072,frame,13
11991.462510656,child4,1199072,frame,-216
11991.470457279,child2,1199072,frame,-112
11991.472290653,child10,1199072,frame,-194
11991.477279527,child5,1199072,frame,-94
11991.477920276999,child9,1199072,frame,-203
12001.482295061,child9,1200082,frame,127
12001.484766852001,child5,1200082,frame,48
12001.499064265,child1,1200082,frame,14
12001.503193639,child7,1200082,frame,19
12001.503353264,child8,1200082,frame,33
12001.551645419,child6,1200082,frame,25
12001.561123874999,child3,1200082,frame,13
12001.56674729,child4,1200082,frame,49
12001.575856329,child10,1200082,frame,156
12001.576812912,child2,1200082,frame,32
12011.585366653999,child2,1201092,frame,36
12011.585747862,child9,1201092,frame,-74
12011.588095236,child5,1201092,frame,-80
12011.602426108,child1,1201092,frame,14
12011.608814981,child8,1201092,frame,-93
12011.610893439001,child7,1201092,frame,12
12011.650725096,child6,1201092,frame,13
12011.666122092,child3,1201092,frame,18
12011.673107632,child4,1201092,frame,-1
12011.679253547,child10,1201092,frame,21
12020.678395875,child4,1202001,frame,145
12020.685761456,child10,1202001,frame,11
12020.692598788,child9,1202001,frame,6
12020.694442871001,child5,1202001,frame,55
12020.695292329001,child2,1202001,frame,4
12020.705711368,child1,1202001,frame,-115
12020.711015699999,child8,1202001,frame,56
12020.715419032,child7,1202001,frame,21
12020.750312773,child6,1202001,frame,-70
12020.76969556,child3,1202001,frame,51
12030.778520967999,child3,1203011,frame,-193
12030.780266593,child4,1203011,frame,-97
12030.793600006,child10,1203011,frame,12
12030.797022214,child2,1203011,frame,4
12030.799592838,child5,1203011,frame,-79
12030.799819921,child9,1203011,frame,55
12030.807705628,child1,1203011,frame,14
12030.816350084,child8,1203011,frame,25
12030.819144,child7,1203011,frame,52
12030.85226695,child6,1203011,frame,25
12040.885208852,child3,1204021,frame,160
12040.88798006,child4,1204021,frame,-66
12040.898419224,child10,1204021,frame,28
12040.904556472,child2,1204021,frame,-86
12040.905635263,child5,1204021,frame,14
12040.908293138,child9,1204021,frame,-125
12040.908787513,child1,1204021,frame,29
12040.920849801,child7,1204021,frame,-106
12040.922003134,child8,1204021,frame,-84
12040.956912251,child6,1204021,frame,24
12050.994480401,child3,1205031,frame,127
12050.994842568001,child4,1205031,frame,170
12051.004893316001,child10,1205031,frame,128
12051.008879815,child2,1205031,frame,147
12051.009155356,child5,1205031,frame,56
12051.013651147001,child9,1205031,frame,259
12051.023852769,child1,1205031,frame,21
12051.024521894,child8,1205031,frame,43
12051.02552056,child7,1205031,frame,149
12051.063957801,child6,1205031,frame,9
12061.097697703,child4,1206041,frame,-207
12061.098972744,child3,1206041,frame,-199
12061.10850495,child10,1206041,frame,-202
12061.112117449,child2,1206041,frame,-227
12061.115431698,child9,1206041,frame,-95
12061.117443906,child5,1206041,frame,-115
12061.127002070001,child1,1206041,frame,-111
12061.130310694,child7,1206041,frame,-197
12061.132458277,child8,1206041,frame,-83
12061.171052934,child6,1206041,frame,-226
12071.174205969,child6,1207051,frame,182
12071.20065617,child4,1207051,frame,13
12071.202837545,child3,1207051,frame,-69
12071.213410459,child10,1207051,frame,23
12071.214758125,child2,1207051,frame,161
12071.217622791,child9,1207051,frame,1
12071.22291529,child5,1207051,frame,142
12071.229999788,child1,1207051,frame,32
12071.234676912001,child7,1207051,frame,34
12071.238188036,child8,1207051,frame,57
12081.274905645,child6,1208061,frame,-81
12081.303622972,child4,1208061,frame,7
12081.30877822,child3,1208061,frame,21
12081.320231717,child10,1208061,frame,-65
12081.320295384,child2,1208061,frame,-102
12081.323097633,child9,1208061,frame,-86
12081.329268507001,child1,1208061,frame,-93
12081.329378548,child5,1208061,frame,-114
12081.340431670998,child7,1208061,frame,7
12081.348906752,child8,1208061,frame,-126
12091.378930488,child6,1209071,frame,165
12091.410454647,child4,1209071,frame,59
12091.417028978,child3,1209071,frame,-105
12091.424709268,child2,1209071,frame,38
12091.424781351,child10,1209071,frame,145
12091.428143184,child9,1209071,frame,126
12091.432222975001,child5,1209071,frame,14
12091.434219056999,child1,1209071,frame,48
12091.445266638,child7,1209071,frame,25
12091.452613886,child8,1209071,frame,126
12101.483518705,child6,1210081,frame,-100
12101.51194074,child4,1210081,frame,49
12101.526890778,child3,1210081,frame,287
12101.528722694,child2,1210081,frame,39
12101.530811527,child10,1210081,frame,3
12101.536042108999,child9,1210081,frame,40
12101.536366609,child1,1210081,frame,173
12101.539439483,child5,1210081,frame,7
12101.550223479999,child7,1210081,frame,24
12101.556119896,child8,1210081,frame,41
12111.588473255999,child6,1211091,frame,29
12111.621172498,child4,1211091,frame,-2
12111.632504411999,child3,1211091,frame,11
12111.635194161,child2,1211091,frame,18
12111.635865119,child10,1211091,frame,3
12111.641448826,child1,1211091,frame,16
12111.641514575998,child9,1211091,frame,-109
12111.647782491,child5,1211091,frame,15
12111.657731989,child7,1211091,frame,6
12111.658821071998,child8,1211091,frame,-1
12120.692609933,child6,1212000,frame,7
12120.724851924,child4,1212000,frame,-107
12120.735070797,child3,1212000,frame,-95
12120.738710504,child2,1212000,frame,18
12120.741597712,child1,1212000,frame,-232
12120.743380210999,child10,1212000,frame,-72
12120.744256045,child9,1212000,frame,23
12120.756446042,child5,1212000,frame,44
12120.761339957,child8,1212000,frame,45
12120.763570581,child7,1212000,frame,18
12130.768990157001,child7,1213010,frame,-126
12130.79532965,child6,1213010,frame,-92
12130.833365849,child4,1213010,frame,-67
12130.840128639,child3,1213010,frame,-112
12130.840602639,child1,1213010,frame,173
12130.843410597001,child2,1213010,frame,-103
12130.844684138,child10,1213010,frame,-69
12130.845347638,child9,1213010,frame,-93
12130.862647091999,child5,1213010,frame,1
12130.864212467,child8,1213010,frame,-91
12140.867221168,child5,1214020,frame,27
12140.869158751,child8,1214020,frame,7
12140.872029125,child7,1214020,frame,174
12140.893178745,child6,1214020,frame,48
12140.940086524,child4,1214020,frame,27
12140.942158316,child1,1214020,frame,50
12140.943461107001,child3,1214020,frame,170
12140.946880356001,child10,1214020,frame,38
12140.949882939,child2,1214020,frame,162
12140.952934813,child9,1214020,frame,133
12150.971568469,child8,1215030,frame,41
12150.972298385,child5,1215030,frame,-71
12150.975893259,child7,1215030,frame,-72
12150.997815253999,child6,1215030,frame,17
12151.042326617,child4,1215030,frame,127
12151.046636740999,child3,1215030,frame,6
12151.048543491,child1,1215030,frame,14
12151.054376906,child2,1215030,frame,-116
12151.055242281,child10,1215030,frame,11
12151.058925655,child9,1215030,frame,28
12161.074452895,child8,1216040,frame,-66
12161.078401435001,child5,1216040,frame,16
12161.081270476001,child7,1216040,frame,-106
12161.102570013,child6,1216040,frame,-93
12161.146084168,child4,1216040,frame,-201
12161.150087251,child3,1216040,frame,-68
12161.153662042,child1,1216040,frame,-111
12161.157613541,child2,1216040,frame,39
12161.160131457,child10,1216040,frame,12
12161.16163854,child9,1216040,frame,-211
12171.170798114,child9,1217050,frame,180
12171.177071071,child8,1217050,frame,158
12171.184341027001,child5,1217050,frame,126
12171.186443319,child7,1217050,frame,157
12171.209924688,child6,1217050,frame,177
12171.252457594,child4,1217050,frame,139
12171.253994968001,child3,1217050,frame,3
12171.260669008,child1,1217050,frame,13
12171.261831883001,child2,1217050,frame,22
12171.263817341,child10,1217050,frame,130
12181.271314958001,child10,1218060,frame,-120
12181.274328206999,child9,1218060,frame,-77
12181.280230621998,child8,1218060,frame,-100
12181.290477703,child5,1218060,frame,47
12181.29377366,child7,1218060,frame,-127
12181.314557947,child6,1218060,frame,-92
12181.357871144,child4,1218060,frame,-120
12181.358431978,child3,1218060,frame,-76
12181.362165018,child1,1218060,frame,14
12181.365061475999,child2,1218060,frame,-120
12191.368893634999,child2,1219070,frame,165
12191.373850051,child10,1219070,frame,144
12191.380480674,child9,1219070,frame,170
12191.388670254999,child8,1219070,frame,59
12191.393048254,child5,1219070,frame,41
12191.394719045,child7,1219070,frame,159
12191.42205833,child6,1219070,frame,32
12191.463338737,child4,1219070,frame,153
12191.46342557,child1,1219070,frame,30
12191.464251111001,child3,1219070,frame,152
12201.468060312,child3,1220080,frame,57
12201.468896811999,child4,1220080,frame,-111
12201.472040561,child2,1220080,frame,23
12201.475635185,child10,1220080,frame,-75
12201.486670307999,child9,1220080,frame,-93
12201.492445223,child8,1220080,frame,34
12201.497497222,child5,1220080,frame,49
12201.500650179001,child7,1220080,frame,-127
12201.522515507,child6,1220080,frame,33
12201.567148829,child1,1220080,frame,30
12211.569324488999,child1,1221090,frame,-127
12211.569568156001,child3,1221090,frame,-69
12211.570228905,child4,1221090,frame,16
12211.576790944999,child2,1221090,frame,-105
12211.581714444,child10,1221090,frame,5
12211.592938441001,child9,1221090,frame,44
12211.595436899,child8,1221090,frame,-93
12211.600641773,child5,1221090,frame,-98
12211.605594438,child7,1221090,frame,33
12211.626720433,child6,1221090,frame,-96
12221.670447534001,child1,1222100,frame,30
12221.675665407,child3,1222100,frame,-75
12221.677384074,child4,1222100,frame,8
12221.680322281,child2,1222100,frame,3
12221.684920197,child10,1222100,frame,57
12221.697521777,child9,1222100,frame,-97
12221.698532026001,child8,1222100,frame,51
12221.7031439,child5,1222100,frame,34
12221.712123398,child7,1222100,frame,-110
12221.731258809,child6,1222100,frame,30
12230.771305883,child1,1223009,frame,33
12230.776964882,child3,1223009,frame,-74
12230.780371089,child4,1223009,frame,-91
12230.784535796,child2,1223009,frame,17
12230.793925627,child10,1223009,frame,-87
12230.803755416,child8,1223009,frame,-101
12230.80385975,child9,1223009,frame,6
12230.805723041,child5,1223009,frame,10
12230.814412372001,child7,1223009,frame,140
12230.835368325,child6,1223009,frame,7
12240.879630008001,child3,1224019,frame,146
12240.882357341,child1,1224019,frame,31
12240.885166215001,child4,1224019,frame,162
12240.890422381,child2,1224019,frame,148
12240.89747992,child10,1224019,frame,60
12240.910330084,child5,1224019,frame,140
12240.911188375,child8,1224019,frame,166
12240.914192624,child9,1224019,frame,55
12240.919049706,child7,1224019,frame,24
12240.940440576,child6,1224019,frame,157
12250.982198593,child3,1225029,frame,-2
12250.991701091001,child1,1225029,frame,16
12250.993178674,child4,1225029,frame,-110
12250.993826924,child2,1225029,frame,-119
12251.003134963,child10,1225029,frame,51
12251.016180876,child5,1225029,frame,-69
12251.017551251,child8,1225029,frame,29
12251.019518500001,child9,1225029,frame,-102
12251.025286999,child7,1225029,frame,-197
12251.037860037,child6,1225029,frame,18
12261.088205636,child3,1226039,frame,-127
12261.096121301,child1,1226039,frame,16
12261.0982748,child2,1226039,frame,5
12261.099297383,child4,1226039,frame,26
12261.110255464,child10,1226039,frame,-65
12261.119514336,child8,1226039,frame,-100
12261.120660711,child5,1226039,frame,-98
12261.123483502,child9,1226039,frame,56
12261.132180374001,child7,1226039,frame,175
12261.138719248,child6,1226039,frame,-108
12271.195301303,child3,1227049,frame,129
12271.197710093998,child1,1227049,frame,16
12271.202079802,child4,1227049,frame,10
12271.202606342998,child2,1227049,frame,6
12271.213434007,child10,1227049,frame,33
12271.223832921,child8,1227049,frame,43
12271.226242794999,child5,1227049,frame,21
12271.228994253,child9,1227049,frame,146
12271.237003709,child7,1227049,frame,123
12271.244602665,child6,1227049,frame,16
12281.295236222,child3,1228059,frame,-119
12281.298486847,child1,1228059,frame,-91
12281.306757843999,child2,1228059,frame,-102
12281.308116427,child4,1228059,frame,-98
12281.318192633,child10,1228059,frame,-127
12281.324851048,child8,1228059,frame,-99
12281.334542629,child5,1228059,frame,-103
12281.335978087001,child9,1228059,frame,-210
12281.340977419,child7,1228059,frame,-231
12281.352767207001,child6,1228059,frame,-108
12291.359929859,child6,1229069,frame,157
12291.400263974,child3,1229069,frame,27
12291.403857973,child1,1229069,frame,154
12291.410395888,child2,1229069,frame,163
12291.411130303999,child4,1229069,frame,26
12291.420180677,child10,1229069,frame,130
12291.424370176,child8,1229069,frame,41
12291.437862714,child5,1229069,frame,40
12291.439715422,child9,1229069,frame,180
12291.445201003,child7,1229069,frame,157
12301.465462902,child6,1230079,frame,-124
12301.504175975,child3,1230079,frame,144
12301.510225973001,child1,1230079,frame,-65
12301.515555055,child2,1230079,frame,51
12301.520941846,child4,1230079,frame,151
12301.523889178,child10,1230079,frame,52
12301.529109301999,child8,1230079,frame,43
12301.541779007,child5,1230079,frame,24
12301.545621838999,child9,1230079,frame,-86
12301.549752755,child7,1230079,frame,-1
12311.568727195001,child6,1231089,frame,16
12311.607568102001,child3,1231089,frame,-68
12311.611270976,child1,1231089,frame,-119
12311.626553097,child4,1231089,frame,-114
12311.626979429999,child10,1231089,frame,-74
12311.628282096,child2,1231089,frame,0
12311.632195262,child8,1231089,frame,25
12311.645511925,child5,1231089,frame,-84
12311.650781672999,child9,1231089,frame,40
12311.65712813,child7,1231089,frame,2
12321.660937075001,child7,1232099,frame,-2
12321.669506364,child6,1232099,frame,31
12321.712189269001,child3,1232099,frame,56
12321.714255394001,child1,1232099,frame,147
12321.727984182,child4,1232099,frame,13
12321.731163973,child10,1232099,frame,49
12321.733568472,child2,1232099,frame,-65
12321.738308138,child8,1232099,frame,-115
12321.74812376,child5,1232099,frame,35
12321.757571631999,child9,1232099,frame,17
12330.751503342999,child5,1233008,frame,-97
12330.763639506999,child9,1233008,frame,9
12330.764424132001,child7,1233008,frame,6
12330.772526963,child6,1233008,frame,51
12330.816427868,child1,1233008,frame,-116
12330.817870034,child3,1233008,frame,-101
12330.832667614,child4,1233008,frame,53
12330.836711238,child2,1233008,frame,48
12330.837508654,child10,1233008,frame,-86
12330.839859487001,child8,1233008,frame,56
12340.856228011002,child5,1234018,frame,125
12340.865593800001,child7,1234018,frame,-87
12340.869164675,child9,1234018,frame,23
12340.878889005,child6,1234018,frame,-81
12340.922017411,child1,1234018,frame,22
12340.924667993,child3,1234018,frame,138
12340.938493615,child4,1234018,frame,13
12340.940685280999,child10,1234018,frame,48
12340.941829571999,child2,1234018,frame,1
12340.943651321999,child8,1234018,frame,41
12350.961830220998,child5,1235028,frame,-85
12350.970345343,child7,1235028,frame,19
12350.971958801,child9,1235028,frame,-102
12350.978975758,child6,1235028,frame,-101
12351.023526954,child1,1235028,frame,22
12351.032380785,child3,1235028,frame,-81
12351.043738532,child10,1235028,frame,-71
12351.044900281999,child8,1235028,frame,-99
12351.046071365,child4,1235028,frame,-112
12351.048464864001,child2,1235028,frame,-126
12361.049411018,child8,1236038,frame,123
12361.0557316,child2,1236038,frame,139
12361.065685972,child5,1236038,frame,55
12361.07250797,child7,1236038,frame,31
12361.075175885999,child9,1236038,frame,36
12361.082476717998,child6,1236038,frame,166
12361.124397290001,child1,1236038,frame,-103
12361.134282287,child3,1236038,frame,6
12361.145863201,child10,1236038,frame,4
12361.148610533999,child4,1236038,frame,29
12371.151284812,child10,1237048,frame,50
12371.151340478,child4,1237048,frame,13
12371.15690256,child8,1237048,frame,-108
12371.159798643,child2,1237048,frame,-96
12371.172112431,child5,1237048,frame,-67
12371.177813471,child7,1237048,frame,-78
12371.179044012999,child9,1237048,frame,23
12371.186105011,child6,1237048,frame,-117
12371.229316124,child1,1237048,frame,23
12371.236031623,child3,1237048,frame,-72
12381.255108480002,child10,1238058,frame,-65
12381.255919562998,child4,1238058,frame,13
12381.262528311,child8,1238058,frame,33
12381.263594228,child2,1238058,frame,10
12381.280616431,child5,1238058,frame,53
12381.281371723,child7,1238058,frame,26
12381.28585043,child9,1238058,frame,-85
12381.288163721001,child6,1238058,frame,166
12381.333075543,child1,1238058,frame,40
12381.341016999,child3,1238058,frame,59
12391.360176606,child4,1239068,frame,-96
12391.363421022,child10,1239068,frame,137
12391.363760147,child2,1239068,frame,139
12391.364347063,child8,1239068,frame,53
12391.383054307998,child5,1239068,frame,-70
12391.387614390002,child6,1239068,frame,8
12391.390082056001,child7,1239068,frame,6
12391.394050264002,child9,1239068,frame,39
12391.434057127999,child1,1239068,frame,32
12391.446192042,child3,1239068,frame,6
12401.451710694,child3,1240078,frame,-2
12401.464476316,child4,1240078,frame,46
12401.46626819,child8,1240078,frame,34
12401.46795869,child2,1240078,frame,-1
12401.473988021,child10,1240078,frame,-74
12401.486176602,child5,1240078,frame,55
12401.494708933,child7,1240078,frame,26
12401.496844723999,child6,1240078,frame,-116
12401.502364056001,child9,1240078,frame,22
12401.533503506,child1,1240078,frame,16
12411.555167946,child3,1241088,frame,6
12411.569414608,child4,1241088,frame,-99
12411.571411441,child8,1241088,frame,-91
12411.572681108,child2,1241088,frame,-71
12411.578860022999,child10,1241088,frame,49
12411.595503227,child5,1241088,frame,56
12411.596659435001,child7,1241088,frame,24
12411.597776351,child6,1241088,frame,44
12411.60873089,child9,1241088,frame,-86
12411.6345568,child1,1241088,frame,50
12421.66157728,child3,1242098,frame,-194
12421.669057153,child4,1242098,frame,-80
12421.676959984,child8,1242098,frame,34
12421.678849316999,child2,1242098,frame,-77
12421.684347315,child10,1242098,frame,-75
12421.700877061001,child5,1242098,frame,-88
12421.702869519,child7,1242098,frame,5
12421.703779435,child6,1242098,frame,-98
12421.714019308001,child9,1242098,frame,51
12421.739860467,child1,1242098,frame,-111
12430.745462925,child1,1243007,frame,138
12430.762910087,child3,1243007,frame,52
12430.774191584,child4,1243007,frame,20
12430.779971916,child2,1243007,frame,-67
12430.784593665,child8,1243007,frame,32
12430.788113913999,child10,1243007,frame,53
12430.803887868,child7,1243007,frame,-120
12430.806383201,child5,1243007,frame,38
12430.809048825,child6,1243007,frame,132
12430.820634572,child9,1243007,frame,-102
12440.852005926,child1,1244017,frame,-92
12440.869689463001,child3,1244017,frame,21
12440.881642043,child4,1244017,frame,51
12440.887091458,child2,1244017,frame,131
12440.892744207,child8,1244017,frame,35
12440.896726539,child10,1244017,frame,-73
12440.910944536,child7,1244017,frame,14
12440.913636576,child6,1244017,frame,-124
12440.914438118,child5,1244017,frame,128
12440.928432073,child9,1244017,frame,38
12450.955089510999,child1,1245027,frame,14
12450.976429005,child3,1245027,frame,21
12450.986265628,child4,1245027,frame,-75
12450.992361585,child2,1245027,frame,-74
12450.997126167,child8,1245027,frame,-100
12451.005523664,child10,1245027,frame,-67
12451.018858286001,child6,1245027,frame,32
12451.020716619,child7,1245027,frame,34
12451.021336619,child5,1245027,frame,-88
12451.035064573,child9,1245027,frame,55
12461.060331220999,child1,1246037,frame,14
12461.085269881001,child3,1246037,frame,138
12461.094314295,child4,1246037,frame,128
12461.097731169,child2,1246037,frame,8
12461.102009626,child8,1246037,frame,25
12461.108206,child10,1246037,frame,137
12461.122877621001,child6,1246037,frame,17
12461.125321912,child5,1246037,frame,165
12461.129399911,child7,1246037,frame,131
12461.1395472,child9,1246037,frame,56
12471.144419311,child9,1247047,frame,-86
12471.165030097,child1,1247047,frame,-111
12471.194319464,child3,1247047,frame,-120
12471.198486713,child4,1247047,frame,-66
12471.199111713,child2,1247047,frame,7
12471.206041503,child8,1247047,frame,-82
12471.210637835,child10,1247047,frame,34
12471.223637665,child6,1247047,frame,32
12471.229989455,child5,1247047,frame,-101
12471.235940786,child7,1247047,frame,-114
12481.248081187001,child9,1248057,frame,38
12481.264773266,child1,1248057,frame,29
12481.298246507,child3,1248057,frame,146
12481.304109171999,child4,1248057,frame,-67
12481.306406880001,child2,1248057,frame,-102
12481.306872796999,child8,1248057,frame,42
12481.314016045,child10,1248057,frame,-126
12481.328332416,child6,1248057,frame,33
12481.334496498,child5,1248057,frame,24
12481.338714122,child7,1248057,frame,-101
12491.34629444,child7,1249067,frame,147
12491.356744771,child9,1249067,frame,-70
12491.367831434,child1,1249067,frame,29
12491.403761592,child3,1249067,frame,-120
12491.408403632,child2,1249067,frame,145
12491.409460048,child4,1249067,frame,14
12491.411702715,child8,1249067,frame,-84
12491.420248087,child10,1249067,frame,132
12491.433031751,child6,1249067,frame,-109
12491.437337874,child5,1249067,frame,-84
12501.452167941,child7,1250077,frame,-98
12501.460117022,child9,1250077,frame,-70
12501.470652895,child1,1250077,frame,-94
12501.509914759,child3,1250077,frame,20
12501.512082383999,child4,1250077,frame,6
12501.513604175,child2,1250077,frame,18
12501.518699924,child8,1250077,frame,-2
12501.526991212999,child10,1250077,frame,-66
12501.532445712,child6,1250077,frame,52
12501.540356543,child5,1250077,frame,163
12511.54831507,child5,1251087,frame,5
12511.557169359,child7,1251087,frame,148
12511.563806732001,child9,1251087,frame,135
12511.581632103,child1,1251087,frame,157
12511.615498094,child3,1251087,frame,123
12511.619241676,child2,1251087,frame,7
12511.619487176,child4,1251087,frame,123
12511.625996049,child8,1251087,frame,174
12511.631723172999,child10,1251087,frame,59
12511.634216213999,child6,1251087,frame,142
12521.654549404,child5,1252097,frame,5
12521.663207693,child7,1252097,frame,9
12521.671085441001,child9,1252097,frame,43
12521.684833645999,child1,1252097,frame,30
12521.720248803002,child3,1252097,frame,-78
12521.725053219,child4,1252097,frame,47
12521.727368301,child8,1252097,frame,-74
12521.728397926001,child2,1252097,frame,-2
12521.73890659,child10,1252097,frame,57
12521.741076089,child6,1252097,frame,13
12530.740788132001,child10,1253006,frame,31
12530.748409546999,child6,1253006,frame,-84
12530.762793750999,child5,1253006,frame,-67
12530.771995124,child7,1253006,frame,-84
12530.773980123,child9,1253006,frame,-67
12530.78637512,child1,1253006,frame,19
12530.825341568001,child3,1253006,frame,35
12530.828094151,child4,1253006,frame,-118
12530.832258025,child8,1253006,frame,46
12530.832291691,child2,1253006,frame,41
12540.837681636,child8,1254016,frame,-92
12540.838558885001,child2,1254016,frame,-2
12540.846576883,child10,1254016,frame,-114
12540.853870215,child6,1254016,frame,9
12540.865949128,child5,1254016,frame,7
12540.877402582999,child7,1254016,frame,19
12540.878656083001,child9,1254016,frame,56
12540.889349914,child1,1254016,frame,16
12540.931211861,child3,1254016,frame,-74
12540.931934901999,child4,1254016,frame,53
12550.934753722,child3,1255026,frame,-114
12550.935803805,child4,1255026,frame,-2
12550.943361345,child2,1255026,frame,0
12550.947303719,child8,1255026,frame,4
12550.95001976,child10,1255026,frame,52
12550.958531466,child6,1255026,frame,-117
12550.972497004,child5,1255026,frame,42
12550.984553501,child7,1255026,frame,32
12550.984764251,child9,1255026,frame,-70
12550.993047874,child1,1255026,frame,16
12561.039495015,child4,1256036,frame,-73
12561.039628349,child3,1256036,frame,180
12561.046668388,child2,1256036,frame,-2
12561.052256345,child8,1256036,frame,-83
12561.059948968,child6,1256036,frame,25
12561.060241926,child10,1256036,frame,-73
12561.075776089,child5,1256036,frame,5
12561.083942379,child9,1256036,frame,-70
12561.087917127,child7,1256036,frame,-1
12561.096621125,child1,1256036,frame,-126
12571.14334735,child4,1257046,frame,132
12571.148297807,child3,1257046,frame,6
12571.149304849001,child2,1257046,frame,-97
12571.153654097001,child8,1257046,frame,57
12571.162590345,child10,1257046,frame,43
12571.163031553,child6,1257046,frame,24
12571.182526715,child5,1257046,frame,7
12571.189292170999,child9,1257046,frame,52
12571.196868586,child7,1257046,frame,3
12571.198947502,child1,1257046,frame,34
12581.251734517,child3,1258056,frame,53
12581.252421434001,child4,1258056,frame,34
12581.2534011,child2,1258056,frame,132
12581.258011182,child8,1258056,frame,59
12581.268085929001,child6,1258056,frame,134
12581.268185846,child10,1258056,frame,52
12581.284692133,child5,1258056,frame,-70
12581.293465964001,child9,1258056,frame,55
12581.298319171001,child1,1258056,frame,139
12581.305952044,child7,1258056,frame,123
12591.35495181,child3,1259066,frame,44
12591.35758206,child4,1259066,frame,-98
12591.358617351,child2,1259066,frame,-71
12591.367621515,child8,1259066,frame,33
12591.371583139,child6,1259066,frame,13
12591.372525514,child10,1259066,frame,-91
12591.388523093001,child5,1259066,frame,15
12591.397572216001,child1,1259066,frame,-81
12591.399896965,child9,1259066,frame,-85
12591.412198545,child7,1259066,frame,-200
12601.461175603,child3,1260076,frame,-72
12601.462557603,child4,1260076,frame,175
12601.462929644,child2,1260076,frame,-2
12601.472794267002,child8,1260076,frame,49
12601.475825557,child10,1260076,frame,52
12601.476485682,child6,1260076,frame,8
12601.494022678,child5,1260076,frame,142
12601.503067467,child1,1260076,frame,6
12601.50520355,child9,1260076,frame,126
12601.51579738,child7,1260076,frame,149
12611.564676855,child3,1261086,frame,-74
12611.569287062,child4,1261086,frame,-91
12611.569451895,child2,1261086,frame,44
12611.578030393,child6,1261086,frame,-116
12611.578820601,child10,1261086,frame,-92
12611.579728851,child8,1261086,frame,-72
12611.604413302,child5,1261086,frame,-107
12611.613692883,child1,1261086,frame,-119
12611.614372966002,child9,1261086,frame,-212
12611.621704547999,child7,1261086,frame,-73
12621.670866897,child3,1262096,frame,128
12621.672563479999,child4,1262096,frame,30
12621.674161896,child2,1262096,frame,-2
12621.678430853,child6,1262096,frame,138
12621.679548978002,child8,1262096,frame,49
12621.683194936,child10,1262096,frame,255
12621.712613344002,child5,1262096,frame,129
12621.720252426001,child9,1262096,frame,262
12621.724449133,child1,1262096,frame,147
12621.727882549001,child7,1262096,frame,7
12630.728705632999,child1,1263005,frame,9
12630.733047507,child7,1263005,frame,43
12630.775334537,child4,1263005,frame,53
12630.779573703001,child2,1263005,frame,45
12630.780642619,child3,1263005,frame,148
12630.780810703,child6,1263005,frame,42
12630.782203159999,child8,1263005,frame,32
12630.791297241001,child10,1263005,frame,-108
12630.818816942001,child5,1263005,frame,35
12630.822621525002,child9,1263005,frame,23
12640.830151968,child1,1264015,frame,6
12640.836316758,child7,1264015,frame,3
12640.881697038001,child4,1264015,frame,-107
12640.882722954999,child2,1264015,frame,-89
12640.883773079,child6,1264015,frame,-211
12640.88858712,child8,1264015,frame,45
12640.889423286,child3,1264015,frame,-120
12640.894089993,child10,1264015,frame,44
12640.921599111,child5,1264015,frame,-78
12640.925981026,child9,1264015,frame,-85
12650.927853305,child9,1265025,frame,21
12650.928272055,child5,1265025,frame,55
12650.935210553,child1,1265025,frame,53
12650.944838259,child7,1265025,frame,44
12650.984143082,child4,1265025,frame,18
12650.990064622,child8,1265025,frame,134
12650.990835288,child2,1265025,frame,126
12650.991098288,child6,1265025,frame,125
12650.99641712,child3,1265025,frame,34
12650.997873953,child10,1265025,frame,27
12661.030575307,child9,1266035,frame,40
12661.030962182,child5,1266035,frame,48
12661.040925096,child1,1266035,frame,-79
12661.048062677,child7,1266035,frame,58
12661.089584124,child4,1266035,frame,29
12661.093015499,child8,1266035,frame,-70
12661.093431997999,child2,1266035,frame,-87
12661.093744332,child6,1266035,frame,48
12661.099794579999,child3,1266035,frame,-98
12661.103066038,child10,1266035,frame,28
12671.134676433001,child9,1267045,frame,-86
12671.138203474,child5,1267045,frame,-76
12671.141040681001,child1,1267045,frame,8
12671.149109013,child7,1267045,frame,-125
12671.192274418001,child4,1267045,frame,28
12671.196478709,child8,1267045,frame,21
12671.196648125,child6,1267045,frame,-71
12671.200470874,child2,1267045,frame,0
12671.206871456,child10,1267045,frame,-99
12671.207482331,child3,1267045,frame,41
12681.236246643999,child9,1268055,frame,39
12681.241951225,child5,1268055,frame,-89
12681.242120559,child1,1268055,frame,0
12681.252540889,child7,1268055,frame,37
12681.295698795,child4,1268055,frame,-112
12681.29990921,child6,1268055,frame,21
12681.30182721,child8,1268055,frame,-124
12681.302232835,child2,1268055,frame,36
12681.311058707,child10,1268055,frame,11
12681.312056207,child3,1268055,frame,43
12691.343368228,child1,1269065,frame,-126
12691.343422186,child9,1269065,frame,-95
12691.345297727,child5,1269065,frame,-65
12691.358092432,child7,1269065,frame,-122
12691.401535003999,child4,1269065,frame,-80
12691.402997462,child6,1269065,frame,-124
12691.405316628,child8,1269065,frame,35
12691.410520002,child2,1269065,frame,-202
12691.415855000001,child10,1269065,frame,-97
12691.416110541999,child3,1269065,frame,-99
12701.446868395999,child9,1270075,frame,31
12701.448816353999,child5,1270075,frame,-69
12701.452754769,child1,1270075,frame,125
12701.462855183,child7,1270075,frame,53
12701.505192172,child4,1270075,frame,44
12701.510124629,child6,1270075,frame,0
12701.510332463,child8,1270075,frame,2
12701.516100003,child2,1270075,frame,139
12701.521093543,child10,1270075,frame,28
12701.523977126,child3,1270075,frame,10
12711.527060029,child3,1271085,frame,36
12711.548831731001,child9,1271085,frame,56
12711.550377106,child5,1271085,frame,15
12711.558165396,child1,1271085,frame,18
12711.56717156,child7,1271085,frame,128
12711.609513382002,child4,1271085,frame,44
12711.612901423,child8,1271085,frame,126
12711.613248423,child6,1271085,frame,17
12711.623070712,child10,1271085,frame,51
12711.623157253001,child2,1271085,frame,0
12721.628651197,child10,1272095,frame,35
12721.629803447,child2,1272095,frame,49
12721.634701529,child3,1272095,frame,49
12721.654565399,child5,1272095,frame,40
12721.656658523001,child9,1272095,frame,-74
12721.662474146999,child1,1272095,frame,-2
12721.671796603,child7,1272095,frame,-71
12721.713450842,child6,1272095,frame,146
12721.716559299,child4,1272095,frame,3
12721.724292130999,child8,1272095,frame,-121
12730.721900048999,child4,1273004,frame,-65
12730.726244047999,child8,1273004,frame,4
12730.731271213,child10,1273004,frame,-101
12730.734605462,child2,1273004,frame,-87
12730.739738336,child3,1273004,frame,-109
12730.758118914,child5,1273004,frame,-194
12730.762014788,child9,1273004,frame,5
12730.764518204,child1,1273004,frame,-124
12730.775718826,child7,1273004,frame,36
12730.814534608,child6,1273004,frame,-221
12740.824753384,child4,1274014,frame,51
12740.834008257,child8,1274014,frame,17
12740.837216381,child10,1274014,frame,51
12740.840912505,child2,1274014,frame,14
12740.845724253999,child3,1274014,frame,52
12740.864361332,child9,1274014,frame,56
12740.864380624,child5,1274014,frame,45
12740.868555081,child1,1274014,frame,22
12740.879125578,child7,1274014,frame,0
12740.915553068,child6,1274014,frame,149
12750.929692344,child4,1275024,frame,50
12750.937351383001,child8,1275024,frame,27
12750.942504465002,child10,1275024,frame,34
12750.946813380999,child2,1275024,frame,6
12750.951016837998,child3,1275024,frame,-88
12750.966538916999,child9,1275024,frame,-70
12750.968560917,child5,1275024,frame,55
12750.976842289001,child1,1275024,frame,14
12750.984971704002,child7,1275024,frame,-73
12751.016259028998,child6,1275024,frame,16
12761.023422473001,child6,1276034,frame,-116
12761.035325219,child4,1276034,frame,-75
12761.040974926,child8,1276034,frame,-116
12761.049031757999,child10,1276034,frame,-88
12761.051638757,child2,1276034,frame,53
12761.055180298,child3,1276034,frame,52
12761.071663543002,child9,1276034,frame,-70
12761.073434459,child5,1276034,frame,-78
12761.07777375,child1,1276034,frame,-111
12761.092308829,child7,1276034,frame,3
12771.127258016,child6,1277044,frame,44
12771.142678928001,child4,1277044,frame,51
12771.143889010998,child8,1277044,frame,10
12771.151768426,child10,1277044,frame,51
12771.158076673999,child2,1277044,frame,6
12771.159163341,child3,1277044,frame,53
12771.175228253,child5,1277044,frame,56
12771.176545503,child9,1277044,frame,135
12771.179403335,child1,1277044,frame,155
12771.198522289,child7,1277044,frame,54
12781.238423849,child6,1278054,frame,9
12781.248922763,child4,1278054,frame,-91
12781.249456054,child8,1278054,frame,-96
12781.25777301,child10,1278054,frame,-90
12781.259852676001,child2,1278054,frame,-79
12781.265132842,child3,1278054,frame,-214
12781.280248796,child5,1278054,frame,47
12781.280492588001,child1,1278054,frame,-2
12781.281902961999,child9,1278054,frame,-98
12781.301160956999,child7,1278054,frame,-76
12791.34371285,child6,1279064,frame,8
12791.351004014,child8,1279064,frame,150
12791.355650888,child4,1279064,frame,50
12791.362503636,child10,1279064,frame,52
12791.367636343,child2,1279064,frame,7
12791.371443384,child3,1279064,frame,127
12791.384019547,child9,1279064,frame,1
12791.385573505,child1,1279064,frame,14
12791.38666713,child5,1279064,frame,-67
12791.408320541,child7,1279064,frame,0
12801.446743892999,child6,1280074,frame,8
12801.456442765999,child8,1280074,frame,43
12801.462085347,child4,1280074,frame,175
12801.47105097,child10,1280074,frame,51
12801.47273147,child2,1280074,frame,51
12801.473695511,child3,1280074,frame,-66
12801.488242049,child5,1280074,frame,54
12801.490579298,child9,1280074,frame,9
12801.492710048,child1,1280074,frame,16
12801.511434334001,child7,1280074,frame,123
12811.551853561,child6,1281084,frame,-100
12811.561798350001,child8,1281084,frame,-116
12811.565671349,child4,1281084,frame,-96
12811.576673179,child3,1281084,frame,136
12811.576821970999,child2,1281084,frame,-119
12811.577907928999,child10,1281084,frame,-74
12811.593978341,child5,1281084,frame,56
12811.597777424,child9,1281084,frame,0
12811.599763965,child1,1281084,frame,-109
12811.616186336,child7,1281084,frame,-67
12821.623260863,child7,1282094,frame,-74
12821.655150312,child6,1282094,frame,13
12821.668233267,child8,1282094,frame,26
12821.670122767,child4,1282094,frame,-94
12821.679987181,child2,1282094,frame,138
12821.681256597,child3,1282094,frame,47
12821.683715013,child10,1282094,frame,31
12821.699278384,child5,1282094,frame,-96
12821.701213717,child1,1282094,frame,15
12821.704699174,child9,1282094,frame,48
12830.725412087,child7,1283003,frame,132
12830.760192286,child6,1283003,frame,8
12830.772753824,child8,1283003,frame,41
12830.775923782001,child4,1283003,frame,132
12830.783891738,child3,1283003,frame,10
12830.784463154,child2,1283003,frame,-98
12830.792162861,child10,1283003,frame,41
12830.8013184,child5,1283003,frame,24
12830.804645607,child1,1283003,frame,19
12830.809617063998,child9,1283003,frame,38
12840.81379255,child9,1284013,frame,-70
12840.829133338,child7,1284013,frame,-88
12840.865037037,child6,1284013,frame,32
12840.878214283,child8,1284013,frame,-100
12840.884061699,child4,1284013,frame,-89
12840.888648781,child3,1284013,frame,-88
12840.893326113,child2,1284013,frame,9
12840.899479444999,child10,1284013,frame,-73
12840.908072526001,child1,1284013,frame,16
12840.909629816999,child5,1284013,frame,48
12850.911022179,child1,1285023,frame,0
12850.913676345,child5,1285023,frame,-75
12850.918074427,child9,1285023,frame,56
12850.938625462999,child7,1285023,frame,3
12850.965424206,child6,1285023,frame,17
12850.983169076,child8,1285023,frame,-99
12850.991591116,child4,1285023,frame,-88
12850.995340531,child3,1285023,frame,52
12850.998525447,child2,1285023,frame,14
12851.002372695999,child10,1285023,frame,-75
12861.011473556,child1,1286033,frame,33
12861.017267846,child5,1286033,frame,-80
12861.021011052999,child9,1286033,frame,-79
12861.04653738,child7,1286033,frame,8
12861.063978959,child6,1286033,frame,36
12861.085609036001,child8,1286033,frame,59
12861.094846576,child4,1286033,frame,52
12861.100645866,child3,1286033,frame,-72
12861.10432124,child2,1286033,frame,14
12861.108427739,child10,1286033,frame,130
12871.114627932999,child1,1287043,frame,-111
12871.116791974,child10,1287043,frame,-81
12871.122424846999,child5,1287043,frame,-1
12871.126335138,child9,1287043,frame,1
12871.147785506999,child7,1287043,frame,-81
12871.164727919,child6,1287043,frame,-109
12871.188876163,child8,1287043,frame,25
12871.201437368,child4,1287043,frame,36
12871.206190825,child3,1287043,frame,36
12871.207830783,child2,1287043,frame,-72
12881.211848518999,child2,1288053,frame,18
12881.211959102,child3,1288053,frame,-80
12881.218167559,child10,1288053,frame,-66
12881.22128835,child1,1288053,frame,30
12881.224949391,child5,1288053,frame,57
12881.229212098,child9,1288053,frame,0
12881.251762967,child7,1288053,frame,11
12881.274081586,child6,1288053,frame,33
12881.293593289001,child8,1288053,frame,-84
12881.303300452999,child4,1288053,frame,-88
12891.317258687,child3,1289063,frame,44
12891.317320769998,child2,1289063,frame,146
12891.325720101,child10,1289063,frame,182
12891.329331017001,child5,1289063,frame,55
12891.332592016,child1,1289063,frame,30
12891.335559432,child9,1289063,frame,126
12891.357606800999,child7,1289063,frame,6
12891.384694127,child6,1289063,frame,157
12891.395989208,child8,1289063,frame,140
12891.404702705,child4,1289063,frame,149
12901.418685356,child3,1290073,frame,52
12901.423370229,child2,1290073,frame,-71
12901.42839077,child10,1290073,frame,-80
12901.434408685001,child5,1290073,frame,-114
12901.438219599999,child1,1290073,frame,14
12901.442176516,child9,1290073,frame,-95
12901.46586901,child7,1290073,frame,19
12901.494389586,child6,1290073,frame,-124
12901.502533667,child8,1290073,frame,34
12901.508012207,child4,1290073,frame,-83
12911.514840401,child4,1291083,frame,-83
12911.523486565,child3,1291083,frame,-73
12911.524910189999,child2,1291083,frame,-126
12911.532664937999,child10,1291083,frame,-66
12911.53702652,child1,1291083,frame,-111
12911.537687978,child5,1291083,frame,-1
12911.54801385,child9,1291083,frame,1
12911.572261969,child7,1291083,frame,54
12911.596541587001,child6,1291083,frame,-109
12911.607683418,child8,1291083,frame,-75
12921.611735071,child8,1292093,frame,49
12921.62103961,child4,1292093,frame,6
12921.627900066,child3,1292093,frame,126
12921.628840066001,child2,1292093,frame,145
12921.635464398001,child10,1292093,frame,136
12921.63897398,child1,1292093,frame,155
12921.639947563,child5,1292093,frame,129
12921.653045935,child9,1292093,frame,5
12921.677613845,child7,1292093,frame,16
12921.697930089,child6,1292093,frame,155
12930.716931252,child8,1293002,frame,31
12930.728836457,child4,1293002,frame,-106
12930.730861707,child2,1293002,frame,-74
12930.731145998,child3,1293002,frame,-122
12930.740014829,child10,1293002,frame,-87
12930.745662911,child1,1293002,frame,16
12930.74857941,child5,1293002,frame,-89
12930.7559577,child9,1293002,frame,30
12930.785220734,child7,1293002,frame,-127
12930.800934188,child6,1293002,frame,-70
12940.805113383001,child6,1294012,frame,24
12940.821020253,child8,1294012,frame,17
12940.830624709,child4,1294012,frame,3
12940.834992041,child3,1294012,frame,-2
12940.835660208,child2,1294012,frame,15
12940.845707122,child10,1294012,frame,51
12940.849165079,child1,1294012,frame,14
12940.85424487,child5,1294012,frame,2
12940.858947785,child9,1294012,frame,46
12940.888166319,child7,1294012,frame,131
12950.910156842001,child6,1295022,frame,44
12950.924792546,child8,1295022,frame,37
12950.936897709998,child3,1295022,frame,53
12950.937864668,child4,1295022,frame,137
12950.947169082001,child2,1295022,frame,59
12950.94777004,child10,1295022,frame,60
12950.952293831,child1,1295022,frame,-109
12950.955992205,child5,1295022,frame,55
12950.962052952998,child9,1295022,frame,47
12950.995847486001,child7,1295022,frame,-114
12961.004658512,child7,1296032,frame,124
12961.01489251,child6,1296032,frame,9
12961.029019089001,child8,1296032,frame,17
12961.039083128,child4,1296032,frame,4
12961.042757794,child3,1296032,frame,52
12961.050921209,child2,1296032,frame,-1
12961.052342708,child1,1296032,frame,141
12961.054471166,child10,1296032,frame,25
12961.060646289001,child5,1296032,frame,48
12961.063508371999,child9,1296032,frame,39
12971.11482897,child7,1297042,frame,2
12971.116937095,child6,1297042,frame,8
12971.138108131001,child8,1297042,frame,19
12971.144576671,child4,1297042,frame,-67
12971.149335877999,child3,1297042,frame,37
12971.153559585,child1,1297042,frame,-125
12971.153582544,child2,1297042,frame,0
12971.160140542,child10,1297042,frame,-95
12971.166817248,child9,1297042,frame,-93
12971.167302457,child5,1297042,frame,3
12981.216462931,child6,1298052,frame,-100
12981.223648762001,child7,1298052,frame,-80
12981.248931714,child8,1298052,frame,-116
12981.252459255,child4,1298052,frame,22
12981.253469754,child3,1298052,frame,-89
12981.260957044,child1,1298052,frame,16
12981.260971502,child2,1298052,frame,14
12981.266263001,child10,1298052,frame,59
12981.273257207,child5,1298052,frame,-71
12981.276443748,child9,1298052,frame,-70
12991.3155306,child6,1299062,frame,24
12991.330230388001,child7,1299062,frame,11
12991.354828965,child8,1299062,frame,26
12991.356437631,child4,1299062,frame,14
12991.358992339,child3,1299062,frame,-72
12991.365294461999,child2,1299062,frame,-74
12991.370273836,child10,1299062,frame,-82
12991.370744294001,child1,1299062,frame,16
12991.37769775,child5,1299062,frame,48
12991.383841081999,child9,1299062,frame,161
13001.420913934,child6,1300072,frame,9
13001.438455721,child7,1300072,frame,16
13001.460170799,child8,1300072,frame,29
13001.46293584,child3,1300072,frame,52
13001.465602298002,child4,1300072,frame,6
13001.471423254001,child2,1300072,frame,0
13001.474684837,child10,1300072,frame,43
13001.477480419,child1,1300072,frame,17
13001.483329335,child5,1300072,frame,39
13001.496815248,child9,1300072,frame,-94
13011.505214233,child9,1301082,frame,39
13011.529664268,child6,1301082,frame,24
13011.546480222,child7,1301082,frame,-2
13011.565303674999,child8,1301082,frame,9
13011.570767215,child4,1301082,frame,-120
13011.574045256,child3,1301082,frame,60
13011.57793288,child2,1301082,frame,14
13011.578914213,child1,1301082,frame,14
13011.580814338,child10,1301082,frame,52
13011.586136711,child5,1301082,frame,-76
13021.609886317,child9,1302092,frame,37
13021.634310602,child6,1302092,frame,31
13021.651698389,child7,1302092,frame,2
13021.6732653,child8,1302092,frame,9
13021.674231217,child4,1302092,frame,135
13021.681356506999,child3,1302092,frame,-86
13021.682988131,child2,1302092,frame,5
13021.685043297,child1,1302092,frame,14
13021.687042005,child10,1302092,frame,-109
13021.688888005,child5,1302092,frame,0
13030.71695179,child9,1303001,frame,-74
13030.738549992,child6,1303001,frame,-88
13030.756888821,child7,1303001,frame,50
13030.77758344,child8,1303001,frame,29
13030.777801774,child4,1303001,frame,-113
13030.785389813,child3,1303001,frame,28
13030.787841063,child2,1303001,frame,-91
13030.789126021,child1,1303001,frame,17
13030.79090952,child5,1303001,frame,20
13030.792535853001,child10,1303001,frame,40
13040.798877755,child5,1304011,frame,-78
13040.800892588,child10,1304011,frame,54
13040.825451415001,child9,1304011,frame,-78
13040.843585867999,child6,1304011,frame,-81
13040.862313863,child7,1304011,frame,-68
13040.882504191,child8,1304011,frame,9
13040.887180399,child4,1304011,frame,23
13040.887300482,child3,1304011,frame,51
13040.890868939,child1,1304011,frame,-65
13040.890899188998,child2,1304011,frame,22
13050.895097300001,child3,1305021,frame,-76
13050.897349633,child2,1305021,frame,148
13050.905465172,child5,1305021,frame,124
13050.907222672,child10,1305021,frame,-74
13050.927662417,child9,1305021,frame,127
13050.946877162,child6,1305021,frame,165
13050.968569698,child7,1305021,frame,-2
13050.985555360001,child8,1305021,frame,10
13050.99126565,child1,1305021,frame,22
13050.991381275,child4,1305021,frame,21
13060.995594927,child4,1306031,frame,157
13061.001287968,child2,1306031,frame,51
13061.003485633999,child3,1306031,frame,48
13061.011284965,child5,1306031,frame,47
13061.014818005999,child10,1306031,frame,52
13061.034175084,child9,1306031,frame,-86
13061.050429746,child6,1306031,frame,25
13061.071173658,child7,1306031,frame,19
13061.090370152,child8,1306031,frame,28
13061.092869193,child1,1306031,frame,6
13071.096671887999,child1,1307041,frame,6
13071.102997761,child4,1307041,frame,-67
13071.108541550999,child3,1307041,frame,-73
13071.109327343,child2,1307041,frame,-124
13071.116442591001,child5,1307041,frame,33
13071.120894423,child10,1307041,frame,-75
13071.140176960002,child9,1307041,frame,22
13071.158769372,child6,1307041,frame,-117
13071.181429449,child7,1307041,frame,-117
13071.193083821001,child8,1307041,frame,-69
13081.200029681,child8,1308051,frame,-106
13081.207361928999,child1,1308051,frame,-119
13081.207950971,child4,1308051,frame,-121
13081.212340886,child3,1308051,frame,53
13081.214177427,child2,1308051,frame,7
13081.219753176,child5,1308051,frame,-76
13081.224304841,child10,1308051,frame,-73
13081.246293211,child9,1308051,frame,-70
13081.262167122999,child6,1308051,frame,25
13081.287455366,child7,1308051,frame,6
13091.304023432,child8,1309061,frame,17
13091.310430139,child1,1309061,frame,-101
13091.314217096002,child4,1309061,frame,20
13091.316244388,child3,1309061,frame,-73
13091.322920761,child2,1309061,frame,6
13091.328186759001,child5,1309061,frame,-79
13091.328931551001,child10,1309061,frame,48
13091.348431921,child9,1309061,frame,-70
13091.36486675,child6,1309061,frame,24
13091.390634035,child7,1309061,frame,27
13101.395990478999,child7,1310071,frame,131
13101.411769891,child8,1310071,frame,17
13101.411893224002,child1,1310071,frame,165
13101.421830305,child4,1310071,frame,3
13101.42248843,child3,1310071,frame,131
13101.429817345,child2,1310071,frame,51
13101.431735594,child10,1310071,frame,132
13101.43338251,child5,1310071,frame,45
13101.453994213,child9,1310071,frame,134
13101.462809044,child6,1310071,frame,25
13111.499531772,child7,1311081,frame,11
13111.515226893,child8,1311081,frame,35
13111.516589017,child1,1311081,frame,149
13111.527342931,child3,1311081,frame,45
13111.528702306001,child4,1311081,frame,146
13111.533145555,child2,1311081,frame,127
13111.537717469999,child10,1311081,frame,44
13111.538069053,child5,1311081,frame,166
13111.558503215,child9,1311081,frame,45
13111.561773338999,child6,1311081,frame,44
13121.601576899,child7,1312091,frame,15
13121.619542685,child8,1312091,frame,-107
13121.621856310001,child1,1312091,frame,-117
13121.630417308,child3,1312091,frame,-85
13121.636175473,child4,1312091,frame,-198
13121.638530389,child2,1312091,frame,-89
13121.642515721001,child10,1312091,frame,41
13121.644329846,child5,1312091,frame,-104
13121.665804298,child9,1312091,frame,-73
13121.668451255999,child6,1312091,frame,11
13130.709949621,child7,1313000,frame,43
13130.723741159,child1,1313000,frame,17
13130.7250802,child8,1313000,frame,32
13130.737410072,child3,1313000,frame,162
13130.742880029,child2,1313000,frame,31
13130.743246529,child4,1313000,frame,33
13130.744951486999,child10,1313000,frame,31
13130.746590695,child5,1313000,frame,3
13130.772053646,child9,1313000,frame,23
13130.780517894,child6,1313000,frame,41
13140.815213122001,child7,1314010,frame,-125
13140.827425119,child1,1314010,frame,16
13140.833254992001,child8,1314010,frame,50
13140.845181822,child3,1314010,frame,-96
13140.847844613001,child4,1314010,frame,12
13140.851722071,child10,1314010,frame,28
13140.85234632,child2,1314010,frame,-89
13140.855093528,child5,1314010,frame,49
13140.876298064,child9,1314010,frame,1
13140.884016354,child6,1314010,frame,9
13150.889222464,child6,1315020,frame,8
13150.920362206001,child7,1315020,frame,123
13150.928048996,child1,1315020,frame,16
13150.935637202001,child8,1315020,frame,34
13150.947087990999,child3,1315020,frame,42
13150.952380198,child4,1315020,frame,30
13150.955452864,child2,1315020,frame,131
13150.955530739,child10,1315020,frame,-99
13150.960607987,child5,1315020,frame,30
13150.980388274,child9,1315020,frame,163
13160.995854089999,child6,1316030,frame,56
13161.025273332,child7,1316030,frame,-76
13161.03446908,child1,1316030,frame,34
13161.037183663,child8,1316030,frame,25
13161.052802742,child3,1316030,frame,27
13161.055690908,child4,1316030,frame,22
13161.060769531001,child2,1316030,frame,-87
13161.062439030999,child10,1316030,frame,11
13161.064419739001,child5,1316030,frame,30
13161.086045150001,child9,1316030,frame,-86
13171.089907844,child9,1317040,frame,-85
13171.097448092001,child6,1317040,frame,-79
13171.132335208,child7,1317040,frame,-86
13171.140704581,child8,1317040,frame,-96
13171.143312663,child1,1317040,frame,-66
13171.156509493001,child3,1317040,frame,-99
13171.159570576,child4,1317040,frame,5
13171.167981448,child10,1317040,frame,12
13171.170333738999,child5,1317040,frame,16
13171.171174823,child2,1317040,frame,46
13181.197765136,child9,1318050,frame,39
13181.201564468,child6,1318050,frame,-69
13181.238656792,child7,1318050,frame,128
13181.246625623,child1,1318050,frame,53
13181.248064331001,child8,1318050,frame,25
13181.261606786,child3,1318050,frame,27
13181.263590077,child4,1318050,frame,7
13181.272201241,child2,1318050,frame,20
13181.272955532999,child10,1318050,frame,12
13181.274508949,child5,1318050,frame,0
13191.304931428,child9,1319060,frame,-78
13191.306664678,child6,1319060,frame,0
13191.34721325,child7,1319060,frame,-126
13191.347932208,child1,1319060,frame,-127
13191.353537165,child8,1319060,frame,-82
13191.364757537,child3,1319060,frame,-92
13191.367253287,child4,1319060,frame,-120
13191.377115326,child5,1319060,frame,-124
13191.381318325,child2,1319060,frame,-87
13191.383100783,child10,1319060,frame,-106
13201.40787118,child9,1320070,frame,44
13201.412145762,child6,1320070,frame,21
13201.448742461,child7,1320070,frame,-126
13201.450924543,child1,1320070,frame,155
13201.458329041001,child8,1320070,frame,42
13201.471445538,child3,1320070,frame,34
13201.476375412,child4,1320070,frame,38
13201.479739952,child5,1320070,frame,-76
13201.484643535,child2,1320070,frame,0
13201.485905701,child10,1320070,frame,36
13211.488349771,child5,1321080,frame,31
13211.491163395001,child2,1321080,frame,-71
13211.492162853001,child10,1321080,frame,-91
13211.509141182,child9,1321080,frame,47
13211.513249722,child6,1321080,frame,1
13211.554167253,child7,1321080,frame,159
13211.557609461,child1,1321080,frame,-2
13211.560253627,child8,1321080,frame,25
13211.578861122,child3,1321080,frame,36
13211.585501578,child4,1321080,frame,31
13221.589051148,child4,1322090,frame,15
13221.595444396,child2,1322090,frame,-76
13221.598433019999,child5,1322090,frame,-99
13221.599487562,child10,1322090,frame,50
13221.612508267,child6,1322090,frame,-120
13221.61788514,child9,1322090,frame,45
13221.661065921,child8,1322090,frame,-82
13221.662195629,child7,1322090,frame,-120
13221.66310117,child1,1322090,frame,-127
13221.685465622,child3,1322090,frame,-75
13231.692268023999,child3,1323100,frame,48
13231.695092565,child4,1323100,frame,13
13231.700203814,child2,1323100,frame,129
13231.703744313,child5,1323100,frame,170
13231.707631687,child10,1323100,frame,31
13231.713436269,child6,1323100,frame,22
13231.720908808,child9,1323100,frame,36
13231.764310838998,child1,1323100,frame,14
13231.764438755,child8,1323100,frame,165
13231.769484337,child7,1323100,frame,150
13240.79885658,child3,1324009,frame,-95
13240.801469580001,child4,1324009,frame,-91
13240.805996829,child2,1324009,frame,-74
13240.807066037,child5,1324009,frame,-116
13240.809856161,child10,1324009,frame,-98
13240.817136075999,child6,1324009,frame,0
13240.82599999,child9,1324009,frame,3
13240.864318647,child1,1324009,frame,16
13240.869891353,child8,1324009,frame,-101
13240.872770769,child7,1324009,frame,-194
13250.881991795999,child7,1325019,frame,292
13250.903674706999,child3,1325019,frame,131
13250.906350706,child4,1325019,frame,151
13250.910183247,child2,1325019,frame,53
13250.910598996,child10,1325019,frame,176
13250.913689454,child5,1325019,frame,49
13250.923665242999,child6,1325019,frame,157
13250.928203407999,child9,1325019,frame,40
13250.969963981,child1,1325019,frame,16
13250.975304479,child8,1325019,frame,59
13260.988575373,child7,1326029,frame,-249
13261.007801785,child3,1326029,frame,-80
13261.013261826,child4,1326029,frame,-113
13261.016975616001,child2,1326029,frame,10
13261.018393408,child5,1326029,frame,3
13261.018781282,child10,1326029,frame,-215
13261.030359737999,child6,1326029,frame,-116
13261.034893528,child9,1326029,frame,-102
13261.074693809998,child1,1326029,frame,-117
13261.078933226001,child8,1326029,frame,-100
13271.081667035,child1,1327039,frame,32
13271.085412034,child8,1327039,frame,42
13271.091440991,child7,1327039,frame,30
13271.113804736,child3,1327039,frame,-127
13271.117698693,child4,1327039,frame,28
13271.121339775,child2,1327039,frame,-111
13271.1226324,child5,1327039,frame,-72
13271.124735774,child10,1327039,frame,5
13271.131724481,child6,1327039,frame,16
13271.142291187,child9,1327039,frame,39
13281.184843695,child1,1328049,frame,16
13281.194389025999,child8,1328049,frame,45
13281.195937358,child7,1328049,frame,159
13281.215920062,child3,1328049,frame,130
13281.222202059998,child4,1328049,frame,12
13281.223311685,child2,1328049,frame,148
13281.226914891999,child10,1328049,frame,60
13281.229254349999,child5,1328049,frame,54
13281.233151099,child6,1328049,frame,17
13281.246931679,child9,1328049,frame,6
13291.291541811,child1,1329059,frame,49
13291.29665331,child8,1329059,frame,25
13291.304140016999,child7,1329059,frame,-79
13291.322469387,child3,1329059,frame,57
13291.324286010999,child4,1329059,frame,-114
13291.329071635,child2,1329059,frame,-74
13291.332007426,child10,1329059,frame,58
13291.337708633,child5,1329059,frame,40
13291.337846591,child6,1329059,frame,36
13291.349434754999,child9,1329059,frame,23
13301.393473554,child1,1330069,frame,30
13301.400803761,child8,1330069,frame,25
13301.40951155,child7,1330069,frame,152
13301.428099962,child3,1330069,frame,-68
13301.430230128,child4,1330069,frame,156
13301.434928336,child2,1330069,frame,134
13301.436703668,child10,1330069,frame,27
13301.442895958,child6,1330069,frame,16
13301.445277249999,child5,1330069,frame,40
13301.455722622,child9,1330069,frame,24
13311.498273213,child1,1331079,frame,-111
13311.508774294,child8,1331079,frame,-96
13311.51242621,child7,1331079,frame,-70
13311.533370246001,child3,1331079,frame,-67
13311.535195662,child4,1331079,frame,-112
13311.540060619,child10,1331079,frame,-81
13311.542347285,child2,1331079,frame,-79
13311.547269576,child5,1331079,frame,-102
13311.547524992,child6,1331079,frame,-124
13311.560803905999,child9,1331079,frame,-102
13321.601682956001,child1,1332089,frame,30
13321.610522537001,child8,1332089,frame,41
13321.616978452,child7,1332089,frame,-127
13321.636508947,child3,1332089,frame,136
13321.637488237999,child4,1332089,frame,30
13321.64565107,child10,1332089,frame,-65
13321.647682361,child2,1332089,frame,-118
13321.653128025999,child5,1332089,frame,11
13321.654121693,child6,1332089,frame,16
13321.666624606,child9,1332089,frame,22
13331.70345724,child1,1333099,frame,30
13331.716511612,child8,1333099,frame,-82
13331.726639985001,child7,1333099,frame,7
13331.741592438999,child3,1333099,frame,-94
13331.741997439001,child4,1333099,frame,-109
13331.749063812,child10,1333099,frame,57
13331.750527145,child2,1333099,frame,57
13331.755566726999,child6,1333099,frame,14
13331.761167976,child5,1333099,frame,-82
13331.772261265,child9,1333099,frame,36
13340.773137909999,child9,1334008,frame,9
13340.809107109999,child1,1334008,frame,31
13340.82289394,child8,1334008,frame,164
13340.828898646001,child7,1334008,frame,133
13340.842331643,child3,1334008,frame,50
13340.850329683,child4,1334008,frame,126
13340.852871474,child10,1334008,frame,59
13340.853540139999,child2,1334008,frame,58
13340.855719098,child6,1334008,frame,7
13340.866523429,child5,1334008,frame,35
13350.871435445999,child5,1335018,frame,57
13350.878685528001,child9,1335018,frame,-102
13350.908858437,child1,1335018,frame,14
13350.926616474,child8,1335018,frame,10
13350.934383513,child7,1335018,frame,-67
13350.948524676998,child3,1335018,frame,-2
13350.95384655,child4,1335018,frame,22
13350.957322549,child6,1335018,frame,16
13350.958688716,child2,1335018,frame,7
13350.962480465001,child10,1335018,frame,44
13360.978838563,child5,1336028,frame,39
13360.988845477,child9,1336028,frame,22
13361.012024304,child1,1336028,frame,13
13361.035969256001,child8,1336028,frame,-98
13361.036500881,child7,1336028,frame,44
13361.055814125999,child3,1336028,frame,44
13361.059888084,child2,1336028,frame,-71
13361.060893667,child6,1336028,frame,-108
13361.061079875,child4,1336028,frame,21
13361.064991583002,child10,1336028,frame,-90
13371.071055141,child10,1337038,frame,34
13371.08253143,child5,1337038,frame,40
13371.09450451,child9,1337038,frame,39
13371.118346046002,child1,1337038,frame,14
13371.141047874,child8,1337038,frame,25
13371.141159124,child7,1337038,frame,11
13371.160547785,child3,1337038,frame,53
13371.163382368,child2,1337038,frame,124
13371.165828701001,child4,1337038,frame,23
13371.167451659,child6,1337038,frame,32
13381.172130426,child4,1338048,frame,23
13381.176401716999,child10,1338048,frame,53
13381.189928046999,child5,1338048,frame,-68
13381.203175502,child9,1338048,frame,40
13381.221515539,child1,1338048,frame,16
13381.244450365999,child7,1338048,frame,1
13381.248496949,child8,1338048,frame,25
13381.264792236001,child3,1338048,frame,-73
13381.270028443,child6,1338048,frame,52
13381.271103109,child2,1338048,frame,-72
13391.272222253001,child6,1339058,frame,33
13391.275503793999,child2,1339058,frame,14
13391.276573168001,child4,1339058,frame,20
13391.282945417,child10,1339058,frame,-74
13391.293172164,child5,1339058,frame,55
13391.310182367999,child9,1339058,frame,-86
13391.321304949,child1,1339058,frame,16
13391.348757359,child7,1339058,frame,-1
13391.350100233,child8,1339058,frame,43
13391.368711395,child3,1339058,frame,53
13401.376785037,child6,1340068,frame,16
13401.378674869999,child4,1340068,frame,3
13401.380423368999,child2,1340068,frame,133
13401.389864117,child10,1340068,frame,51
13401.395173199,child5,1340068,frame,-88
13401.413031653,child9,1340068,frame,164
13401.427692941,child1,1340068,frame,0
13401.452752934,child7,1340068,frame,136
13401.454739933999,child8,1340068,frame,9
13401.470653555,child3,1340068,frame,36
13411.471875115,child3,1341078,frame,-81
13411.479443071,child6,1341078,frame,-108
13411.484203737,child2,1341078,frame,-104
13411.485459444999,child4,1341078,frame,-120
13411.492079193,child10,1341078,frame,-89
13411.49945315,child5,1341078,frame,48
13411.518898352999,child9,1341078,frame,-121
13411.531159183,child1,1341078,frame,0
13411.556587135,child7,1341078,frame,-103
13411.562233216999,child8,1341078,frame,-115
13421.577379274,child3,1342088,frame,-83
13421.585590980001,child6,1342088,frame,32
13421.588951229,child4,1342088,frame,3
13421.594672686,child2,1342088,frame,-71
13421.599586143,child10,1342088,frame,51
13421.606375141,child5,1342088,frame,32
13421.624872345,child9,1342088,frame,39
13421.633443592998,child1,1342088,frame,-125
13421.662670794001,child7,1342088,frame,-76
13421.664873751,child8,1342088,frame,29
13431.683105099,child3,1343098,frame,56
13431.689506014001,child6,1343098,frame,30
13431.697108345,child2,1343098,frame,-122
13431.698704845,child4,1343098,frame,-111
13431.703459052,child10,1343098,frame,-76
13431.713204882999,child5,1343098,frame,-77
13431.732122045,child9,1343098,frame,-88
13431.733780085999,child1,1343098,frame,33
13431.768685619001,child7,1343098,frame,7
13431.771712868,child8,1343098,frame,-100
13440.771822388999,child7,1344007,frame,-89
13440.774173889,child8,1344007,frame,-87
13440.790577801,child3,1344007,frame,-115
13440.794473258,child6,1344007,frame,7
13440.798219590999,child2,1344007,frame,48
13440.803078298,child10,1344007,frame,35
13440.803462589,child4,1344007,frame,47
13440.816313086,child5,1344007,frame,-105
13440.835722623,child9,1344007,frame,9
13440.843079913,child1,1344007,frame,-1
13450.875613298002,child7,1345017,frame,141
13450.878530463999,child8,1345017,frame,124
13450.892389961,child3,1345017,frame,131
13450.898153834,child6,1345017,frame,-109
13450.907209082,child2,1345017,frame,10
13450.907631707,child10,1345017,frame,53
13450.910611748,child4,1345017,frame,28
13450.922300161,child5,1345017,frame,125
13450.940116032001,child9,1345017,frame,20
13450.952199862,child1,1345017,frame,34
13460.984492206,child7,1346027,frame,-81
13460.988038205,child8,1346027,frame,-92
13460.996364203,child3,1346027,frame,-127
13460.999245911,child6,1346027,frame,50
13461.011511408,child10,1346027,frame,-73
13461.014366532,child2,1346027,frame,22
13461.01703149,child4,1346027,frame,-99
13461.029044945,child5,1346027,frame,-71
13461.050345356001,child9,1346027,frame,-86
13461.055152438,child1,1346027,frame,-111
13471.089077448,child7,1347037,frame,136
13471.097115113,child8,1347037,frame,129
13471.100018237,child6,1347037,frame,33
13471.103424611001,child3,1347037,frame,131
13471.120251816,child10,1347037,frame,3
13471.121865648,child4,1347037,frame,46
13471.122140522999,child2,1347037,frame,140
13471.138065811001,child5,1347037,frame,55
13471.1498751,child9,1347037,frame,180
13471.159712389,child1,1347037,frame,154
13481.193522566,child7,1348047,frame,-212
13481.203121522,child8,1348047,frame,41
13481.205369854,child6,1348047,frame,-93
13481.206292145998,child3,1348047,frame,-127
13481.223508391,child10,1348047,frame,59
13481.223587641001,child4,1348047,frame,45
13481.224909349,child2,1348047,frame,-82
13481.241141262,child5,1348047,frame,-68
13481.256938758,child9,1348047,frame,-101
13481.262883715,child1,1348047,frame,-111
13491.263732733,child9,1349057,frame,37
13491.266392983001,child1,1349057,frame,28
13491.295340559,child7,1349057,frame,159
13491.308088889,child8,1349057,frame,42
13491.309516472,child3,1349057,frame,146
13491.312867638,child6,1349057,frame,49
13491.326831217,child2,1349057,frame,25
13491.326921509,child10,1349057,frame,-65
13491.331734008,child4,1349057,frame,-78
13491.348953044999,child5,1349057,frame,55
13501.370823058,child9,1350067,frame,-85
13501.3714896,child1,1350067,frame,30
13501.399666259,child7,1350067,frame,-117
13501.410027298,child3,1350067,frame,-2
13501.414593589001,child8,1350067,frame,43
13501.417965213,child6,1350067,frame,32
13501.429709001999,child2,1350067,frame,141
13501.43195146,child10,1350067,frame,59
13501.436544958,child4,1350067,frame,45
13501.453333704001,child5,1350067,frame,11
13511.475228259002,child1,1351077,frame,14
13511.478098925,child9,1351077,frame,55
13511.502975084999,child7,1351077,frame,123
13511.518663956,child3,1351077,frame,52
13511.521391163998,child8,1351077,frame,25
13511.522645664001,child6,1351077,frame,33
13511.536025369,child2,1351077,frame,-71
13511.539666618,child10,1351077,frame,42
13511.543994574999,child4,1351077,frame,46
13511.560125987999,child5,1351077,frame,-1
13521.565230005,child5,1352087,frame,57
13521.576047919,child1,1352087,frame,-109
13521.580516209,child9,1352087,frame,39
13521.611105868,child7,1352087,frame,3
13521.623291906999,child3,1352087,frame,-73
13521.624548532,child6,1352087,frame,-93
13521.626643573,child8,1352087,frame,-116
13521.640129861002,child2,1352087,frame,-79
13521.644489818,child10,1352087,frame,-80
13521.646626526,child4,1352087,frame,30
13531.670545164001,child5,1353097,frame,36
13531.679429661,child1,1353097,frame,30
13531.684548993,child9,1353097,frame,19
13531.712771153,child7,1353097,frame,-89
13531.72588315,child3,1353097,frame,47
13531.729355857,child8,1353097,frame,27
13531.730542774,child6,1353097,frame,125
13531.748350352,child2,1353097,frame,39
13531.748463227,child10,1353097,frame,57
13531.757227142001,child4,1353097,frame,-93
13540.762858203,child4,1354006,frame,126
13540.776789533,child5,1354006,frame,24
13540.78829703,child9,1354006,frame,-116
13540.788937612999,child1,1354006,frame,33
13540.819088939,child7,1354006,frame,7
13540.828598270002,child3,1354006,frame,35
13540.832906352,child6,1354006,frame,-81
13540.83437431,child8,1354006,frame,-107
13540.850455431,child10,1354006,frame,-79
13540.852964472,child2,1354006,frame,38
13550.856781615,child10,1355016,frame,58
13550.859636739,child2,1355016,frame,-79
13550.871466444001,child4,1355016,frame,-104
13550.881640025,child5,1355016,frame,-94
13550.892830606,child9,1355016,frame,39
13550.895589772,child1,1355016,frame,16
13550.922790681001,child7,1355016,frame,53
13550.932691637001,child3,1355016,frame,-90
13550.938359136,child8,1355016,frame,18
13550.939661969,child6,1355016,frame,-73
13560.962403773001,child10,1356026,frame,-73
13560.962623439998,child2,1356026,frame,-74
13560.978329394,child4,1356026,frame,56
13560.987711309,child5,1356026,frame,3
13560.997009390001,child9,1356026,frame,56
13561.000735472,child1,1356026,frame,31
13561.026712840001,child7,1356026,frame,19
13561.039187671,child3,1356026,frame,39
13561.043089586,child6,1356026,frame,174
13561.051373668,child8,1356026,frame,44
13571.058342434,child8,1357036,frame,26
13571.063696225001,child10,1357036,frame,48
13571.065588516001,child2,1357036,frame,131
13571.081060344999,child4,1357036,frame,-90
13571.093951424999,child5,1357036,frame,39
13571.100808257,child9,1357036,frame,21
13571.101810923,child1,1357036,frame,16
13571.134414457001,child7,1357036,frame,-70
13571.146323746,child6,1357036,frame,-234
13571.147313704001,child3,1357036,frame,-88
13581.162068552001,child8,1358046,frame,25
13581.168593049999,child10,1358046,frame,-71
13581.170141049999,child2,1358046,frame,-71
13581.187566462,child4,1358046,frame,35
13581.198920918001,child5,1358046,frame,-88
13581.204204125,child9,1358046,frame,40
13581.206948582,child1,1358046,frame,-91
13581.238256032999,child7,1358046,frame,-2
13581.245730698001,child6,1358046,frame,173
13581.253101279,child3,1358046,frame,123
13591.259161087999,child3,1359056,frame,44
13591.264914336,child8,1359056,frame,45
13591.271816043001,child10,1359056,frame,132
13591.274009501001,child2,1359056,frame,140
13591.290116746999,child4,1359056,frame,159
13591.305304534,child5,1359056,frame,48
13591.308847242,child9,1359056,frame,23
13591.3109947,child1,1359056,frame,154
13591.340726109,child7,1359056,frame,128
13591.34939169,child6,1359056,frame,33
13601.362335789001,child3,1360066,frame,-80
13601.368539829,child8,1360066,frame,25
13601.37180137,child10,1360066,frame,-66
13601.379087493,child2,1360066,frame,-89
13601.395569989,child4,1360066,frame,-104
13601.407295194,child5,1360066,frame,39
13601.411701568,child9,1360066,frame,-102
13601.414279192,child1,1360066,frame,-111
13601.447994934,child7,1360066,frame,-78
13601.452456224,child6,1360066,frame,32
13611.46598799,child3,1361076,frame,44
13611.475696737001,child10,1361076,frame,59
13611.475783695,child8,1361076,frame,-98
13611.482937318999,child2,1361076,frame,-69
13611.501300689,child4,1361076,frame,34
13611.509994812,child5,1361076,frame,-67
13611.515230311,child1,1361076,frame,14
13611.516002893999,child9,1361076,frame,40
13611.548681677,child7,1361076,frame,11
13611.552921676,child6,1361076,frame,17
13621.561815776,child6,1362086,frame,-206
13621.569463107,child3,1362086,frame,-80
13621.579701605,child8,1362086,frame,26
13621.582672729,child10,1362086,frame,-191
13621.591991935,child2,1362086,frame,6
13621.607634973001,child4,1362086,frame,-105
13621.613905679,child5,1362086,frame,-71
13621.620679718999,child9,1362086,frame,-106
13621.621644427,child1,1362086,frame,-112
13621.654696877002,child7,1362086,frame,0
13631.661091311,child7,1363096,frame,-82
13631.667114226,child6,1363096,frame,167
13631.676088557,child3,1363096,frame,56
13631.686605721,child8,1363096,frame,-116
13631.689752679,child10,1363096,frame,136
13631.696943052,child2,1363096,frame,13
13631.712569297999,child4,1363096,frame,45
13631.718037547,child5,1363096,frame,129
13631.72394292,child9,1363096,frame,-88
13631.726074128,child1,1363096,frame,30
13640.765260597,child7,1364005,frame,4
13640.774450887,child6,1364005,frame,-69
13640.782775051,child3,1364005,frame,-102
13640.791855590998,child10,1364005,frame,35
13640.792108216001,child8,1364005,frame,41
13640.800259755,child2,1364005,frame,34
13640.817269126,child4,1364005,frame,48
13640.821706583001,child5,1364005,frame,22
13640.831590289,child9,1364005,frame,23
13640.833484205,child1,1364005,frame,31
13650.868710007,child7,1365015,frame,-1
13650.877586463,child6,1365015,frame,40
13650.891169668,child3,1365015,frame,58
13650.895276375,child10,1365015,frame,-72
13650.896473041,child8,1365015,frame,26
13650.905746956,child2,1365015,frame,-71
13650.916252036,child4,1365015,frame,29
13650.924694909001,child5,1365015,frame,39
13650.935139157002,child1,1365015,frame,29
13650.938128572001,child9,1365015,frame,55
13660.973645374,child7,1366025,frame,136
13660.982575247,child6,1366025,frame,9
13660.996728743,child3,1366025,frame,42
13660.999306159001,child10,1366025,frame,129
13661.000023491999,child8,1366025,frame,25
13661.010604739999,child2,1366025,frame,139
13661.023331486,child4,1366025,frame,14
13661.029492985,child5,1366025,frame,166
13661.038737816001,child1,1366025,frame,29
13661.045208938998,child9,1366025,frame,36
13671.050565206,child9,1367035,frame,-70
13671.080474782,child7,1367035,frame,-88
13671.087904488999,child6,1367035,frame,-101
13671.097124111,child3,1367035,frame,-74
13671.102133068001,child8,1367035,frame,43
13671.102593026999,child10,1367035,frame,-82
13671.116714773,child2,1367035,frame,-71
13671.127726645,child4,1367035,frame,-236
13671.135228768,child5,1367035,frame,-100
13671.145519141,child1,1367035,frame,-109
13681.150732824999,child1,1368045,frame,172
13681.154273449,child9,1368045,frame,133
13681.182079817001,child7,1368045,frame,18
13681.193162439,child6,1368045,frame,41
13681.201698895,child3,1368045,frame,3
13681.207637727,child8,1368045,frame,25
13681.208014394,child10,1368045,frame,5
13681.220251723998,child2,1368045,frame,59
13681.236300053,child4,1368045,frame,248
13681.241902343,child5,1368045,frame,147
13691.254190151001,child1,1369055,frame,16
13691.261265357001,child9,1369055,frame,48
13691.286918308999,child7,1369055,frame,8
13691.294527806998,child6,1369055,frame,40
13691.304968513,child3,1369055,frame,39
13691.309890678,child10,1369055,frame,59
13691.315982510001,child8,1369055,frame,-99
13691.326836340999,child2,1369055,frame,0
13691.341945004,child4,1369055,frame,-103
13691.348188502001,child5,1369055,frame,5
13701.352461645,child5,1370065,frame,-69
13701.355260227001,child1,1370065,frame,-109
13701.367459349001,child9,1370065,frame,-95
13701.389817593,child7,1370065,frame,-73
13701.396949132999,child6,1370065,frame,-85
13701.41153863,child3,1370065,frame,-2
13701.412615213,child10,1370065,frame,-66
13701.420978211001,child8,1370065,frame,45
13701.430580167,child2,1370065,frame,-71
13701.445603454,child4,1370065,frame,38
13711.452523513,child4,1371075,frame,-86
13711.453636803999,child1,1371075,frame,16
13711.458555428,child5,1371075,frame,-78
13711.469674675001,child9,1371075,frame,47
13711.495863752,child7,1371075,frame,19
13711.497330917999,child6,1371075,frame,45
13711.514568456,child10,1371075,frame,26
13711.516868413,child3,1371075,frame,53
13711.528557952,child8,1371075,frame,25
13711.532913076,child2,1371075,frame,123
13721.552769464999,child4,1372085,frame,35
13721.561202713,child5,1372085,frame,126
13721.563815337,child1,1372085,frame,34
13721.575778501001,child9,1372085,frame,31
13721.599418578,child6,1372085,frame,165
13721.601567869,child7,1372085,frame,53
13721.620288031001,child3,1372085,frame,52
13721.622628239,child10,1372085,frame,53
13721.631495611,child8,1372085,frame,27
13721.636572819,child2,1372085,frame,-97
13731.655272832,child4,1373095,frame,38
13731.667733537999,child5,1373095,frame,0
13731.674564494,child1,1373095,frame,14
13731.679086118,child9,1373095,frame,28
13731.704376778,child7,1373095,frame,126
13731.704580528,child6,1373095,frame,-111
13731.723419315,child3,1373095,frame,-91
13731.727719939001,child10,1373095,frame,-75
13731.739262728,child2,1373095,frame,123
13731.740487144001,child8,1373095,frame,9
13740.739944624,child8,1374004,frame,11
13740.745666371999,child2,1374004,frame,-102
13740.761186451999,child4,1374004,frame,54
13740.772054032,child5,1374004,frame,28
13740.778299947,child1,1374004,frame,16
13740.780948612999,child9,1374004,frame,48
13740.804554565999,child7,1374004,frame,-104
13740.810935898,child6,1374004,frame,132
13740.828786976,child3,1374004,frame,29
13740.830139726,child10,1374004,frame,163
13750.844583032998,child8,1375014,frame,27
13750.849668989998,child2,1375014,frame,45
13750.865966611,child4,1375014,frame,-90
13750.880572482,child5,1375014,frame,-197
13750.883347315,child1,1375014,frame,-111
13750.888018812999,child9,1375014,frame,-102
13750.909110183,child7,1375014,frame,11
13750.917682639,child6,1375014,frame,-109
13750.931663052,child10,1375014,frame,-82
13750.931749011,child3,1375014,frame,52
13760.945841651,child8,1376024,frame,-116
13760.958131480998,child2,1376024,frame,48
13760.969327728,child4,1376024,frame,20
13760.984756724,child1,1376024,frame,14
13760.986189516001,child5,1376024,frame,2
13760.993576055,child9,1376024,frame,24
13761.015304717,child7,1376024,frame,1
13761.019043174001,child6,1376024,frame,17
13761.035941086,child3,1376024,frame,-88
13761.038403461,child10,1376024,frame,-81
13771.042944227998,child3,1377034,frame,-81
13771.045219519001,child10,1377034,frame,50
13771.052078976,child8,1377034,frame,26
13771.062840973,child2,1377034,frame,-79
13771.073738096,child4,1377034,frame,-82
13771.089566175,child1,1377034,frame,-96
13771.090603133,child5,1377034,frame,140
13771.096536256,child9,1377034,frame,-94
13771.122490624999,child7,1377034,frame,-79
13771.123415625001,child6,1377034,frame,-109
13781.148272304,child3,1378044,frame,58
13781.148552762,child10,1378044,frame,35
13781.156181176999,child8,1378044,frame,27
13781.167575006999,child2,1378044,frame,53
13781.176886463,child4,1378044,frame,42
13781.195587875,child1,1378044,frame,170
13781.19631775,child5,1378044,frame,1
13781.206303706,child9,1378044,frame,30
13781.227231075,child7,1378044,frame,11
13781.2277897,child6,1378044,frame,158
13791.253290296,child3,1379054,frame,49
13791.255757294999,child10,1379054,frame,-89
13791.259023878001,child8,1379054,frame,-116
13791.274506249,child2,1379054,frame,-104
13791.281118997,child4,1379054,frame,44
13791.297909701001,child1,1379054,frame,-111
13791.300545201,child5,1379054,frame,10
13791.312419864002,child9,1379054,frame,-94
13791.332529317999,child6,1379054,frame,-125
13791.333692692,child7,1379054,frame,45
13801.360801496,child10,1380064,frame,52
13801.363108995,child3,1380064,frame,51
13801.365779994,child8,1380064,frame,150
13801.377971365999,child2,1380064,frame,126
13801.386758989001,child4,1380064,frame,29
13801.39738082,child1,1380064,frame,29
13801.404543526,child5,1380064,frame,46
13801.413691441,child9,1380064,frame,172
13801.435990102,child6,1380064,frame,36
13801.440147101,child7,1380064,frame,57
13811.448234492,child7,1381074,frame,-70
13811.465393863,child10,1381074,frame,51
13811.466601196,child3,1381074,frame,48
13811.47161207,child8,1381074,frame,29
13811.484311608,child2,1381074,frame,-87
13811.492780648001,child4,1381074,frame,-95
13811.502425395001,child1,1381074,frame,31
13811.508360976999,child5,1381074,frame,52
13811.520326016,child9,1381074,frame,32
13811.537514095002,child6,1381074,frame,158
13821.555845192,child7,1382084,frame,-1
13821.568524522001,child10,1382084,frame,-89
13821.571381397,child3,1382084,frame,-107
13821.572445396001,child8,1382084,frame,-116
13821.587263518,child2,1382084,frame,-1
13821.594419266,child4,1382084,frame,46
13821.60956422,child1,1382084,frame,-93
13821.615182219,child5,1382084,frame,-78
13821.625455174999,child9,1382084,frame,-94
13821.638287838,child6,1382084,frame,-250
13831.641337314,child6,1383094,frame,171
13831.658648643,child7,1383094,frame,132
13831.670802099,child10,1383094,frame,127
13831.67611443,child8,1383094,frame,168
13831.676299514,child3,1383094,frame,174
13831.690666302,child2,1383094,frame,160
13831.6979603,child4,1383094,frame,47
13831.715633129,child1,1383094,frame,172
13831.718677335999,child5,1383094,frame,124
13831.726848918,child9,1383094,frame,157
13840.743311225999,child6,1384003,frame,56
13840.760455847001,child7,1384003,frame,-221
13840.771960094,child10,1384003,frame,32
13840.779353342,child3,1384003,frame,-110
13840.781758300001,child8,1384003,frame,-115
13840.795932588,child2,1384003,frame,-102
13840.803553003,child4,1384003,frame,49
13840.817860791,child1,1384003,frame,-106
13840.821355164999,child5,1384003,frame,-116
13840.829960038001,child9,1384003,frame,-68
13850.831549430999,child5,1385013,frame,48
13850.832450263999,child9,1385013,frame,31
13850.847422801999,child6,1385013,frame,8
13850.864515088999,child7,1385013,frame,142
13850.877307503,child10,1385013,frame,9
13850.884926875999,child8,1385013,frame,135
13850.885287876,child3,1385013,frame,37
13850.898459164,child2,1385013,frame,54
13850.908013162,child4,1385013,frame,30
13850.922769325,child1,1385013,frame,157
13860.937937464001,child9,1386023,frame,16
13860.939081672,child5,1386023,frame,-87
13860.952466044,child6,1386023,frame,-70
13860.967945665,child7,1386023,frame,38
13860.981272328001,child10,1386023,frame,-95
13860.988431577001,child3,1386023,frame,-105
13860.991167326,child8,1386023,frame,-69
13860.999229490999,child2,1386023,frame,-87
13861.010836988,child4,1386023,frame,-111
13861.029491066,child1,1386023,frame,-125
13871.036767915999,child1,1387033,frame,-93
13871.040670332,child9,1387033,frame,59
13871.043446873,child5,1387033,frame,44
13871.057537327999,child6,1387033,frame,16
13871.070110158,child7,1387033,frame,-75
13871.085984862,child10,1387033,frame,167
13871.093355277,child8,1387033,frame,-104
13871.095330902,child3,1387033,frame,37
13871.101669317,child2,1387033,frame,161
13871.112162313999,child4,1387033,frame,30
13881.138189325999,child1,1388043,frame,174
13881.145554824001,child9,1388043,frame,-71
13881.149878822998,child5,1388043,frame,39
13881.161158612,child6,1388043,frame,1
13881.177601233,child7,1388043,frame,0
13881.190420021,child10,1388043,frame,-113
13881.199088186,child8,1388043,frame,1
13881.199434477,child3,1388043,frame,36
13881.206394059,child2,1388043,frame,-103
13881.218130723,child4,1388043,frame,-78
13891.236923319999,child1,1389053,frame,-111
13891.249964692,child9,1389053,frame,17
13891.255990815001,child5,1389053,frame,-85
13891.265794729,child6,1389053,frame,-105
13891.279554226,child7,1389053,frame,177
13891.292094598,child10,1389053,frame,27
13891.303400552999,child3,1389053,frame,-88
13891.305476344001,child8,1389053,frame,35
13891.31084801,child2,1389053,frame,46
13891.320970132001,child4,1389053,frame,43
13901.343432478,child1,1390063,frame,29
13901.351042476,child9,1390063,frame,16
13901.359631599,child5,1390063,frame,55
13901.371419221,child6,1390063,frame,157
13901.386318843,child7,1390063,frame,-83
13901.399114422999,child10,1390063,frame,28
13901.407700378999,child3,1390063,frame,52
13901.411116628,child8,1390063,frame,142
13901.417885751,child2,1390063,frame,30
13901.42475375,child4,1390063,frame,27
13911.45245222,child1,1391073,frame,-111
13911.458106635,child9,1391073,frame,-204
13911.464205425,child5,1391073,frame,-68
13911.475310505,child6,1391073,frame,-77
13911.492220126,child7,1391073,frame,-96
13911.50496454,child10,1391073,frame,-115
13911.513094788,child3,1391073,frame,-90
13911.519231786,child8,1391073,frame,-202
13911.524866326,child2,1391073,frame,-120
13911.530617658,child4,1391073,frame,-98
13921.535339217,child4,1392083,frame,42
13921.559602545001,child1,1392083,frame,45
13921.562122127,child9,1392083,frame,164
13921.570351709,child5,1392083,frame,60
13921.581627331,child6,1392083,frame,8
13921.595470202,child7,1392083,frame,136
13921.611805823,child10,1392083,frame,19
13921.620530321,child3,1392083,frame,2
13921.623730195,child8,1392083,frame,170
13921.629215735,child2,1392083,frame,53
13931.633343628,child2,1393093,frame,36
13931.640655043,child4,1393093,frame,-80
13931.664031495,child1,1393093,frame,30
13931.665687828001,child9,1393093,frame,-113
13931.677926533,child5,1393093,frame,-81
13931.682962865001,child6,1393093,frame,14
13931.699856653,child7,1393093,frame,-94
13931.712630858001,child10,1393093,frame,-90
13931.727725229,child8,1393093,frame,-69
13931.731858561,child3,1393093,frame,55
13940.733047707,child3,1394002,frame,17
13940.736101415001,child8,1394002,frame,17
13940.737276039,child2,1394002,frame,-119
13940.743581621,child4,1394002,frame,13
13940.768363365,child1,1394002,frame,44
13940.770773156,child9,1394002,frame,2
13940.782962611,child5,1394002,frame,44
13940.783624278,child6,1394002,frame,-70
13940.804148648,child7,1394002,frame,28
13940.815701311,child10,1394002,frame,39
13950.837172741,child3,1395012,frame,45
13950.839914282,child2,1395012,frame,165
13950.839964032,child8,1395012,frame,27
13950.848799447,child4,1395012,frame,51
13950.872891064999,child1,1395012,frame,30
13950.875840898,child9,1395012,frame,14
13950.883562896,child6,1395012,frame,16
13950.887295437,child5,1395012,frame,47
13950.912958597,child7,1395012,frame,56
13950.921467012,child10,1395012,frame,35
13960.924943446,child10,1396022,frame,51
13960.942914983001,child3,1396022,frame,-81
13960.944678941,child8,1396022,frame,-69
13960.945653941,child2,1396022,frame,-87
13960.951934398,child4,1396022,frame,-74
13960.977926724,child1,1396022,frame,14
13960.982535305999,child9,1396022,frame,39
13960.991220888,child6,1396022,frame,17
13960.994330595,child5,1396022,frame,47
13961.016755548,child7,1396022,frame,-104
13971.031737188001,child10,1397032,frame,-89
13971.046902726,child3,1397032,frame,123
13971.047884475,child8,1397032,frame,1
13971.052695599,child2,1397032,frame,38
13971.057927431,child4,1397032,frame,52
13971.077001676,child1,1397032,frame,32
13971.088399839999,child9,1397032,frame,-93
13971.099024337,child5,1397032,frame,2
13971.100284379,child6,1397032,frame,16
13971.122958665,child7,1397032,frame,50
13981.13108364,child7,1398042,frame,44
13981.13709418,child10,1398042,frame,51
13981.153060176,child8,1398042,frame,-104
13981.153984717,child3,1398042,frame,-88
13981.155574717,child2,1398042,frame,-105
13981.162018965,child4,1398042,frame,-70
13981.180141752,child1,1398042,frame,-109
13981.192547541,child9,1398042,frame,47
13981.206022121,child6,1398042,frame,-104
13981.206351829,child5,1398042,frame,-87
13991.235000298999,child7,1399052,frame,-75
13991.246118003999,child10,1399052,frame,34
13991.256246084999,child8,1399052,frame,34
13991.260885126001,child2,1399052,frame,56
13991.261256001,child3,1399052,frame,52
13991.266262791,child4,1399052,frame,6
13991.283201245,child1,1399052,frame,32
13991.296648908,child9,1399052,frame,30
13991.312928821,child5,1399052,frame,-73
13991.313523862,child6,1399052,frame,33
14001.343018624,child7,1400062,frame,47
14001.346369956,child10,1400062,frame,-88
14001.360937827001,child8,1400062,frame,27
14001.366246742999,child3,1400062,frame,37
14001.367993659002,child2,1400062,frame,-87
14001.370695616999,child4,1400062,frame,123
14001.388042154,child1,1400062,frame,16
14001.406600649,child9,1400062,frame,-102
14001.416961272,child6,1400062,frame,24
14001.41831773,child5,1400062,frame,55
14011.445827908,child7,1401072,frame,-86
14011.45139649,child10,1401072,frame,51
14011.469924069,child8,1401072,frame,25
14011.472315526,child2,1401072,frame,54
14011.47242661,child3,1401072,frame,-97
14011.474604026,child4,1401072,frame,-72
14011.493881061999,child1,1401072,frame,33
14011.510209392,child9,1401072,frame,56
14011.522275347,child6,1401072,frame,25
14011.522520305,child5,1401072,frame,55
14021.528315322,child5,1402082,frame,-68
14021.529506697,child6,1402082,frame,24
14021.5495904,child7,1402082,frame,56
14021.559270606,child10,1402082,frame,35
14021.574964935999,child3,1402082,frame,45
14021.577076394,child8,1402082,frame,17
14021.578254185,child4,1402082,frame,53
14021.580133059,child2,1402082,frame,36
14021.599030971,child1,1402082,frame,14
14021.615771342,child9,1402082,frame,39
14031.631917023,child6,1403092,frame,14
14031.635687564001,child5,1403092,frame,52
14031.649698602001,child7,1403092,frame,38
14031.664971307,child10,1403092,frame,35
14031.680890886,child3,1403092,frame,39
14031.681567718999,child8,1403092,frame,35
14031.683082635,child4,1403092,frame,-79
14031.683770594002,child2,1403092,frame,-89
14031.704361838,child1,1403092,frame,14
14031.723233292001,child9,1403092,frame,36
14040.725413562,child9,1404001,frame,-73
14040.735088143001,child6,1404001,frame,-69
14040.738949517001,child5,1404001,frame,35
14040.755183180001,child7,1404001,frame,47
14040.768629926,child10,1404001,frame,24
14040.784704464,child8,1404001,frame,17
14040.786485964,child4,1404001,frame,140
14040.787849921999,child3,1404001,frame,20
14040.790535129,child2,1404001,frame,177
14040.808497458,child1,1404001,frame,16
14050.831659929,child9,1405011,frame,-78
14050.841006594,child6,1405011,frame,24
14050.841504884998,child5,1405011,frame,-73
14050.856996130999,child7,1405011,frame,-227
14050.871443461001,child10,1405011,frame,-90
14050.891001622998,child8,1405011,frame,-116
14050.893924830001,child3,1405011,frame,-98
14050.895413246,child4,1405011,frame,-86
14050.895885163,child2,1405011,frame,-87
14050.913902617,child1,1405011,frame,-111
14060.935320672,child9,1406021,frame,47
14060.942069212,child6,1406021,frame,25
14060.948465292999,child5,1406021,frame,1
14060.963965998,child7,1406021,frame,261
14060.980690452001,child10,1406021,frame,143
14060.997764656,child8,1406021,frame,43
14060.999091988999,child4,1406021,frame,8
14060.999964489,child3,1406021,frame,31
14061.000237322001,child2,1406021,frame,-89
14061.01536261,child1,1406021,frame,30
14071.016624628,child1,1407031,frame,14
14071.036774248,child9,1407031,frame,48
14071.042776997,child6,1407031,frame,28
14071.054892785,child5,1407031,frame,-69
14071.070756448,child7,1407031,frame,-80
14071.087395902001,child10,1407031,frame,-104
14071.103865314999,child3,1407031,frame,37
14071.104670731,child2,1407031,frame,54
14071.105881231,child4,1407031,frame,42
14071.108693188,child8,1407031,frame,10
14081.141156239999,child9,1408041,frame,27
14081.151199070999,child6,1408041,frame,-117
14081.158894610999,child5,1408041,frame,-115
14081.177344856,child7,1408041,frame,-94
14081.187567145,child10,1408041,frame,36
14081.209889931,child3,1408041,frame,-89
14081.212504097,child2,1408041,frame,-71
14081.213830055,child4,1408041,frame,-90
14081.215981388,child8,1408041,frame,-116
14081.218860554,child1,1408041,frame,-111
14091.216598657002,child4,1409051,frame,59
14091.217653156,child2,1409051,frame,54
14091.219701573,child8,1409051,frame,170
14091.224290070999,child1,1409051,frame,155
14091.245328025001,child9,1409051,frame,32
14091.255724605,child6,1409051,frame,25
14091.26370152,child5,1409051,frame,139
14091.281847598999,child7,1409051,frame,3
14091.289533013,child10,1409051,frame,-107
14091.314944382,child3,1409051,frame,53
14101.318633816,child4,1410061,frame,-82
14101.319839024,child3,1410061,frame,-89
14101.323552648,child2,1410061,frame,-89
14101.324778856,child8,1410061,frame,-241
14101.327036023,child1,1410061,frame,-109
14101.352875141001,child9,1410061,frame,-94
14101.360890930999,child6,1410061,frame,24
14101.367901762,child5,1410061,frame,-245
14101.386865341,child7,1410061,frame,-88
14101.395369589,child10,1410061,frame,36
14111.421322726,child3,1411071,frame,53
14111.421984059001,child4,1411071,frame,-67
14111.428641806999,child8,1411071,frame,59
14111.430146640001,child1,1411071,frame,32
14111.430254223,child2,1411071,frame,131
14111.458177425,child9,1411071,frame,-78
14111.467082048,child6,1411071,frame,-100
14111.471674463,child5,1411071,frame,33
14111.487430875999,child7,1411071,frame,136
14111.502556247,child10,1411071,frame,35
14121.52323226,child3,1412081,frame,52
14121.527509843,child4,1412081,frame,60
14121.531627092,child1,1412081,frame,157
14121.532981590999,child8,1412081,frame,166
14121.536478007,child2,1412081,frame,-79
14121.562566167,child9,1412081,frame,171
14121.568509249,child6,1412081,frame,165
14121.576829372,child5,1412081,frame,39
14121.589816244,child7,1412081,frame,-79
14121.605570198,child10,1412081,frame,18
14131.627313253,child3,1413091,frame,-75
14131.634833209,child1,1413091,frame,-109
14131.636859834001,child4,1413091,frame,6
14131.636947334,child8,1413091,frame,-224
14131.641573999,child2,1413091,frame,13
14131.664039285,child9,1413091,frame,36
14131.674083533,child6,1413091,frame,-111
14131.679111281,child5,1413091,frame,-80
14131.690802403,child7,1413091,frame,17
14131.710403982,child10,1413091,frame,-89
14140.712794544,child10,1414000,frame,26
14140.734122788,child3,1414000,frame,29
14140.740286454,child1,1414000,frame,17
14140.740333245,child8,1414000,frame,164
14140.740492537,child4,1414000,frame,13
14140.750350826002,child2,1414000,frame,34
14140.770409988,child9,1414000,frame,-67
14140.779379319,child6,1414000,frame,7
14140.786888817,child5,1414000,frame,48
14140.794161815,child7,1414000,frame,46
14150.815967994999,child10,1415010,frame,52
14150.83983778,child3,1415010,frame,-76
14150.844618113,child8,1415010,frame,-80
14150.846563529,child1,1415010,frame,-109
14150.848213278,child4,1415010,frame,-2
14150.855177277,child2,1415010,frame,-71
14150.873785272,child9,1415010,frame,-93
14150.884457893999,child6,1415010,frame,-93
14150.891953226,child5,1415010,frame,-71
14150.900755890001,child7,1415010,frame,-127
14160.92042857,child10,1416020,frame,-90
14160.946229647,child1,1416020,frame,32
14160.946318772,child3,1416020,frame,3
14160.949473396,child8,1416020,frame,41
14160.95465102,child4,1416020,frame,6
14160.958608811,child2,1416020,frame,6
14160.980272888999,child9,1416020,frame,29
14160.98788147,child6,1416020,frame,130
14160.995057093,child5,1416020,frame,-1
14161.004865007,child7,1416020,frame,26
14171.008669775,child7,1417030,frame,123
14171.024341020999,child10,1417030,frame,52
14171.047235474,child1,1417030,frame,33
14171.049125515001,child3,1417030,frame,58
14171.052885847,child8,1417030,frame,43
14171.058519388,child4,1417030,frame,-126
14171.060713095,child2,1417030,frame,44
14171.084524756,child9,1417030,frame,48
14171.090969963,child6,1417030,frame,25
14171.103589918,child5,1417030,frame,56
14181.109641268,child5,1418040,frame,9
14181.111292100999,child7,1418040,frame,-122
14181.132856679,child10,1418040,frame,-91
14181.149336383,child1,1418040,frame,30
14181.151845841,child3,1418040,frame,57
14181.163341296,child4,1418040,frame,147
14181.164029005,child8,1418040,frame,-84
14181.165594213,child2,1418040,frame,2
14181.188642247998,child9,1418040,frame,47
14181.193710914002,child6,1418040,frame,-101
14191.213795718999,child5,1419050,frame,48
14191.214699677,child7,1419050,frame,53
14191.236366755,child10,1419050,frame,159
14191.254467792001,child1,1419050,frame,14
14191.255836792,child3,1419050,frame,25
14191.267031206,child8,1419050,frame,26
14191.269604372,child4,1419050,frame,-2
14191.27009133,child2,1419050,frame,54
14191.292926824,child9,1419050,frame,31
14191.293089407001,child6,1419050,frame,41
14201.321909585,child7,1420060,frame,-106
14201.322225044001,child5,1420060,frame,3
14201.341089747,child10,1420060,frame,-88
14201.359493868002,child1,1420060,frame,14
14201.361402784,child3,1420060,frame,-81
14201.373142656,child8,1420060,frame,-81
14201.375341654999,child2,1420060,frame,-127
14201.375763655,child4,1420060,frame,-72
14201.395395567,child9,1420060,frame,-127
14201.397864025,child6,1420060,frame,-101
14211.422748537001,child5,1421070,frame,-71
14211.424729870001,child7,1421070,frame,149
14211.443647532,child10,1421070,frame,52
14211.462297152,child1,1421070,frame,30
14211.462879109999,child3,1421070,frame,-2
14211.478119480998,child8,1421070,frame,57
14211.479719689001,child2,1421070,frame,51
14211.479974606,child4,1421070,frame,6
14211.499534643,child9,1421070,frame,47
14211.501943184,child6,1421070,frame,57
14221.528591112,child7,1422080,frame,53
14221.530858237,child5,1422080,frame,179
14221.545651024999,child10,1422080,frame,35
14221.567506185998,child3,1422080,frame,53
14221.569586269,child1,1422080,frame,14
14221.581419391001,child4,1422080,frame,24
14221.582518515,child8,1422080,frame,25
14221.583444807,child2,1422080,frame,127
14221.602417302,child9,1422080,frame,173
14221.608345717,child6,1422080,frame,40
14231.611958652002,child6,1423090,frame,55
14231.633906354,child7,1423090,frame,-116
14231.635594812,child5,1423090,frame,-89
14231.655159349,child10,1423090,frame,-91
14231.670599304,child3,1423090,frame,49
14231.670806845,child1,1423090,frame,14
14231.686395341,child4,1423090,frame,6
14231.686704882999,child2,1423090,frame,-73
14231.687966215999,child8,1423090,frame,58
14231.707216003,child9,1423090,frame,-105
14241.715081893999,child6,1424100,frame,20
14241.738287847,child7,1424100,frame,52
14241.739411346,child5,1424100,frame,39
14241.760914216,child10,1424100,frame,49
14241.775556129,child1,1424100,frame,-2
14241.776984795,child3,1424100,frame,-91
14241.789990417,child2,1424100,frame,-73
14241.790897333,child4,1424100,frame,7
14241.791349917,child8,1424100,frame,25
14241.808540662,child9,1424100,frame,20
14250.810011558,child9,1425009,frame,38
14250.818258431,child6,1425009,frame,-118
14250.843216424999,child7,1425009,frame,-71
14250.848414757,child5,1425009,frame,-116
14250.871688001,child10,1425009,frame,-100
14250.87598875,child1,1425009,frame,1
14250.881296582,child3,1425009,frame,22
14250.890817954,child2,1425009,frame,27
14250.895692495,child4,1425009,frame,20
14250.898674119,child8,1425009,frame,-101
14260.903125636,child8,1426019,frame,124
14260.904019053,child4,1426019,frame,51
14260.916109258,child9,1426019,frame,16
14260.921722382,child6,1426019,frame,48
14260.946441209,child7,1426019,frame,132
14260.953584999,child5,1426019,frame,127
14260.977153368,child1,1426019,frame,0
14260.978427326,child10,1426019,frame,159
14260.985705574,child3,1426019,frame,44
14260.996721071,child2,1426019,frame,-2
14271.007726087,child4,1427029,frame,-67
14271.009358753,child8,1427029,frame,18
14271.019049458999,child9,1427029,frame,-109
14271.02840254,child6,1427029,frame,33
14271.050639701,child7,1427029,frame,58
14271.058724491,child5,1427029,frame,-94
14271.081862027,child1,1427029,frame,0
14271.082986485,child10,1427029,frame,-105
14271.094519065,child3,1427029,frame,-80
14271.098533438999,child2,1427029,frame,124
14281.103841373,child2,1428039,frame,54
14281.111819246,child4,1428039,frame,5
14281.114430037,child8,1428039,frame,34
14281.121328952,child9,1428039,frame,157
14281.130312325,child6,1428039,frame,32
14281.157306650999,child7,1428039,frame,-71
14281.168416232,child5,1428039,frame,45
14281.185997769,child1,1428039,frame,0
14281.191166601,child10,1428039,frame,52
14281.198014683001,child3,1428039,frame,57
14291.202846803,child3,1429049,frame,43
14291.209699302,child2,1429049,frame,13
14291.2165078,child4,1429049,frame,59
14291.220278256998,child8,1429049,frame,2
14291.224178048,child9,1429049,frame,-82
14291.236899003,child6,1429049,frame,17
14291.260288746,child7,1429049,frame,30
14291.275008284001,child5,1429049,frame,40
14291.293051528999,child1,1429049,frame,0
14291.294191320001,child10,1429049,frame,35
14301.300370422001,child10,1430059,frame,-89
14301.310365961,child3,1430059,frame,-91
14301.313402668999,child2,1430059,frame,-95
14301.318324043,child4,1430059,frame,-75
14301.324141999,child8,1430059,frame,-124
14301.330401414,child9,1430059,frame,7
14301.339657495,child6,1430059,frame,-109
14301.368003613,child7,1430059,frame,-68
14301.379169401,child5,1430059,frame,24
14301.396182813,child1,1430059,frame,0
14311.403045123,child10,1431069,frame,50
14311.415274412,child3,1431069,frame,51
14311.417425953001,child2,1431069,frame,-71
14311.422564785,child4,1431069,frame,-1
14311.42854995,child8,1431069,frame,35
14311.439134072,child6,1431069,frame,33
14311.439219989,child9,1431069,frame,23
14311.474751021,child7,1431069,frame,53
14311.483899852,child5,1431069,frame,-85
14311.501331639,child1,1431069,frame,-108
14321.504839575,child1,1432079,frame,14
14321.506279574,child10,1432079,frame,-89
14321.519430529,child3,1432079,frame,31
14321.521620778,child2,1432079,frame,53
14321.530001400999,child4,1432079,frame,-127
14321.532143026,child8,1432079,frame,17
14321.542237148,child6,1432079,frame,52
14321.545303855,child9,1432079,frame,-116
14321.577397597,child7,1432079,frame,49
14321.584257345,child5,1432079,frame,57
14331.609868817,child1,1433089,frame,139
14331.613290066,child10,1433089,frame,158
14331.622636646001,child2,1433089,frame,21
14331.62666677,child3,1433089,frame,37
14331.635153435,child4,1433089,frame,264
14331.635252518001,child8,1433089,frame,18
14331.647713765002,child6,1433089,frame,157
14331.650476931,child9,1433089,frame,255
14331.684753171001,child7,1433089,frame,48
14331.688290754,child5,1433089,frame,38
14341.71397685,child1,1434099,frame,-2
14341.716350433,child10,1434099,frame,21
14341.726930472,child2,1434099,frame,36
14341.732046346,child3,1434099,frame,-92
14341.740760927,child8,1434099,frame,19
14341.740885177,child4,1434099,frame,-76
14341.754527298,child6,1434099,frame,-126
14341.755241714001,child9,1434099,frame,-127
14341.789322664,child7,1434099,frame,12
14341.792588579001,child5,1434099,frame,20
14350.793667576,child7,1435008,frame,-217
14350.796276742,child5,1435008,frame,-115
14350.815780654,child1,1435008,frame,-249
14350.824983235,child10,1435008,frame,-100
14350.828570942,child2,1435008,frame,-109
14350.838654064,child3,1435008,frame,29
14350.843827771001,child8,1435008,frame,10
14350.848510812,child4,1435008,frame,-110
14350.857044226,child6,1435008,frame,-69
14350.857990017,child9,1435008,frame,-200
14360.897382402,child7,1436018,frame,177
14360.904867692,child5,1436018,frame,156
14360.915622439,child1,1436018,frame,155
14360.931126268,child10,1436018,frame,159
14360.934669184,child2,1436018,frame,37
14360.942947264999,child3,1436018,frame,37
14360.948577513,child8,1436018,frame,9
14360.951604929,child4,1436018,frame,6
14360.960938260001,child6,1436018,frame,24
14360.96269626,child9,1436018,frame,148
14371.000887436001,child7,1437028,frame,42
14371.008711184,child5,1437028,frame,-109
14371.018634015,child1,1437028,frame,14
14371.03469176,child10,1437028,frame,-105
14371.039517217,child2,1437028,frame,55
14371.048966798,child3,1437028,frame,36
14371.051685213999,child4,1437028,frame,6
14371.052784881,child8,1437028,frame,29
14371.065676502001,child6,1437028,frame,25
14371.069964209,child9,1437028,frame,6
14381.106723886,child7,1438038,frame,-104
14381.11048726,child5,1438038,frame,49
14381.123380340001,child1,1438038,frame,14
14381.138788668999,child10,1438038,frame,35
14381.145011709,child2,1438038,frame,54
14381.155408373,child3,1438038,frame,-88
14381.156540914999,child8,1438038,frame,9
14381.159485122002,child4,1438038,frame,15
14381.168689286,child6,1438038,frame,24
14381.175449576,child9,1438038,frame,16
14391.208514629001,child7,1439048,frame,42
14391.216002627,child5,1439048,frame,-94
14391.228102874,child1,1439048,frame,-111
14391.246694536001,child10,1439048,frame,-105
14391.249443910001,child2,1439048,frame,-87
14391.262687781,child3,1439048,frame,36
14391.263328073,child8,1439048,frame,-114
14391.265498197,child4,1439048,frame,-102
14391.272212611999,child6,1439048,frame,9
14391.277505069,child9,1439048,frame,-109
14401.31609787,child7,1440058,frame,-86
14401.321838951999,child5,1440058,frame,-96
14401.333304741001,child1,1440058,frame,16
14401.351338694001,child2,1440058,frame,-87
14401.352423194001,child10,1440058,frame,17
14401.370180064001,child3,1440058,frame,-88
14401.371196106,child8,1440058,frame,-116
14401.372302397,child4,1440058,frame,21
14401.379001062,child6,1440058,frame,-117
14401.383221311,child9,1440058,frame,32
14411.421378529,child7,1441068,frame,38
14411.425585777999,child5,1441068,frame,48
14411.436749941999,child1,1441068,frame,141
14411.457256185999,child2,1441068,frame,36
14411.457343144,child10,1441068,frame,146
14411.476637348,child3,1441068,frame,49
14411.477033681,child8,1441068,frame,151
14411.482094721001,child4,1441068,frame,4
14411.482335513,child6,1441068,frame,44
14411.489479761001,child9,1441068,frame,-2
14421.494052196,child9,1442078,frame,173
14421.52466098,child7,1442078,frame,-68
14421.530839770001,child5,1442078,frame,47
14421.540727767,child1,1442078,frame,16
14421.562552303,child10,1442078,frame,-106
14421.566655385,child2,1442078,frame,-71
14421.581803464,child8,1442078,frame,27
14421.582883256,child3,1442078,frame,51
14421.585632088,child6,1442078,frame,41
14421.586638505001,child4,1442078,frame,36
14431.599136313002,child9,1443088,frame,-109
14431.629816013,child7,1443088,frame,-71
14431.633264970998,child5,1443088,frame,3
14431.645886051,child1,1443088,frame,-109
14431.668233586,child10,1443088,frame,36
14431.671724252,child2,1443088,frame,7
14431.68532004,child3,1443088,frame,-91
14431.685487248,child8,1443088,frame,-116
14431.685581082,child6,1443088,frame,-101
14431.689775871999,child4,1443088,frame,-96
14441.693599557999,child4,1444098,frame,29
14441.700109723,child9,1444098,frame,-120
14441.732322963999,child7,1444098,frame,56
14441.734886463999,child5,1444098,frame,36
14441.746609461,child1,1444098,frame,17
14441.770862911999,child10,1444098,frame,18
14441.774705036,child2,1444098,frame,-2
14441.7875362,child8,1444098,frame,150
14441.788211574,child6,1444098,frame,30
14441.792657032,child3,1444098,frame,47
14450.79016303,child8,1445007,frame,-96
14450.797458653,child3,1445007,frame,10
14450.799632694001,child6,1445007,frame,7
14450.800941402,child4,1445007,frame,41
14450.802227901,child9,1445007,frame,55
14450.835162309,child7,1445007,frame,168
14450.841390724,child5,1445007,frame,28
14450.847555264,child1,1445007,frame,-1
14450.876493381,child10,1445007,frame,-101
14450.87727309,child2,1445007,frame,32
14460.884621733001,child2,1446017,frame,6
14460.893121647001,child8,1446017,frame,25
14460.902983895001,child3,1446017,frame,-73
14460.906469977,child4,1446017,frame,-97
14460.908773226,child9,1446017,frame,-94
14460.909509768,child6,1446017,frame,-92
14460.939847093,child7,1446017,frame,-194
14460.943727592,child5,1446017,frame,-87
14460.949805507,child1,1446017,frame,-91
14460.978858123999,child10,1446017,frame,36
14470.993148307,child2,1447027,frame,15
14470.996346139998,child8,1447027,frame,25
14471.004204263,child3,1447027,frame,53
14471.010424553,child4,1447027,frame,45
14471.011556594,child9,1447027,frame,47
14471.013792802001,child6,1447027,frame,48
14471.043795252,child7,1447027,frame,133
14471.049598709,child5,1447027,frame,55
14471.059900998,child1,1447027,frame,29
14471.082351075,child10,1447027,frame,17
14481.087365844,child10,1448037,frame,22
14481.101255340001,child2,1448037,frame,51
14481.101478297998,child8,1448037,frame,29
14481.108182213,child3,1448037,frame,52
14481.11376967,child4,1448037,frame,155
14481.118420834999,child6,1448037,frame,48
14481.118627752001,child9,1448037,frame,157
14481.150280702,child7,1448037,frame,47
14481.157100117,child5,1448037,frame,41
14481.163376032,child1,1448037,frame,138
14491.196497875999,child10,1449047,frame,18
14491.206095124,child8,1449047,frame,-69
14491.211771206,child3,1449047,frame,-88
14491.212521164,child2,1449047,frame,56
14491.220043537,child4,1449047,frame,-111
14491.222122661,child6,1449047,frame,33
14491.226366452,child9,1449047,frame,15
14491.255406819,child7,1449047,frame,-76
14491.261948234,child5,1449047,frame,-102
14491.266574191,child1,1449047,frame,-2
14501.301773785,child10,1450057,frame,36
14501.307413158,child8,1450057,frame,17
14501.313610865001,child3,1450057,frame,52
14501.320339197,child2,1450057,frame,-71
14501.325859736999,child4,1450057,frame,31
14501.327210528,child6,1450057,frame,-73
14501.329729652001,child9,1450057,frame,58
14501.362834852001,child7,1450057,frame,45
14501.368258184,child5,1450057,frame,58
14501.372049808,child1,1450057,frame,14
14511.408945400999,child10,1451067,frame,-106
14511.412508359,child8,1451067,frame,37
14511.419965398001,child3,1451067,frame,-72
14511.426472063,child2,1451067,frame,54
14511.429696604,child6,1451067,frame,49
14511.430275937,child4,1451067,frame,-95
14511.436064894,child9,1451067,frame,-102
14511.470132968,child7,1451067,frame,-76
14511.472213301,child5,1451067,frame,-88
14511.478692299,child1,1451067,frame,-111
14521.512737435,child10,1452077,frame,36
14521.521138183,child8,1452077,frame,1
14521.529813264,child3,1452077,frame,52
14521.532418555002,child2,1452077,frame,28
14521.533449555,child6,1452077,frame,32
14521.535855804,child4,1452077,frame,155
14521.540870553,child9,1452077,frame,23
14521.576529252001,child5,1452077,frame,174
14521.578815918001,child7,1452077,frame,48
14521.583810582999,child1,1452077,frame,139
14531.616583303,child10,1453087,frame,34
14531.629248215999,child8,1453087,frame,-90
14531.634500506001,child3,1453087,frame,53
14531.636586714,child2,1453087,frame,-85
14531.637032589,child4,1453087,frame,-110
14531.639517463,child6,1453087,frame,-93
14531.644998337,child9,1453087,frame,9
14531.68175541,child5,1453087,frame,-94
14531.684651868001,child7,1453087,frame,29
14531.686559326,child1,1453087,frame,-125
14541.693381511,child7,1454097,frame,-1
14541.722732668999,child10,1454097,frame,2
14541.736742124001,child8,1454097,frame,17
14541.737016374,child3,1454097,frame,-78
14541.73846504,child2,1454097,frame,-73
14541.742572331,child6,1454097,frame,46
14541.74490208,child4,1454097,frame,31
14541.75000462,child9,1454097,frame,-69
14541.784815819,child5,1454097,frame,45
14541.786014736,child1,1454097,frame,14
14550.790296607001,child1,1455006,frame,4
14550.793065230999,child5,1455006,frame,9
14550.801596687,child7,1455006,frame,-110
14550.832089054,child10,1455006,frame,-113
14550.84212601,child2,1455006,frame,170
14550.842205926,child3,1455006,frame,9
14550.843102884,child8,1455006,frame,143
14550.843999342,child6,1455006,frame,7
14550.850320091,child4,1455006,frame,29
14550.852895298,child9,1455006,frame,42
14560.893390558002,child1,1456016,frame,0
14560.898092015,child5,1456016,frame,50
14560.904733013,child7,1456016,frame,128
14560.937864921,child10,1456016,frame,35
14560.943399669,child2,1456016,frame,20
14560.946539377,child3,1456016,frame,53
14560.948449918,child8,1456016,frame,-106
14560.949021376,child6,1456016,frame,-92
14560.954433333,child4,1456016,frame,14
14560.960777831,child9,1456016,frame,1
14570.995984634,child1,1457026,frame,16
14571.001086466,child5,1457026,frame,-96
14571.011465337999,child7,1457026,frame,-88
14571.042179455,child10,1457026,frame,36
14571.050292869,child2,1457026,frame,-87
14571.050918327,child3,1457026,frame,-73
14571.051490827,child6,1457026,frame,48
14571.053778618001,child8,1457026,frame,18
14571.060300991001,child4,1457026,frame,-77
14571.062238532999,child9,1457026,frame,-109
14581.100644000999,child1,1458036,frame,16
14581.104772583001,child5,1458036,frame,-94
14581.119102871,child7,1458036,frame,-67
14581.149722070999,child10,1458036,frame,-91
14581.156480861,child3,1458036,frame,53
14581.156510736,child2,1458036,frame,-71
14581.158686652,child8,1458036,frame,-116
14581.15937311,child6,1458036,frame,-76
14581.162504193,child4,1458036,frame,29
14581.1667794,child9,1458036,frame,14
14591.205711368,child1,1459046,frame,16
14591.209471408,child5,1459046,frame,47
14591.226169196001,child7,1459046,frame,133
14591.249167648,child10,1459046,frame,52
14591.261558853,child2,1459046,frame,54
14591.264117477,child8,1459046,frame,168
14591.264682809999,child3,1459046,frame,52
14591.266055852,child4,1459046,frame,28
14591.266314184999,child6,1459046,frame,5
14591.270426891999,child9,1459046,frame,39
14601.309183485,child1,1460056,frame,18
14601.316835733,child5,1460056,frame,32
14601.331619728999,child7,1460056,frame,29
14601.353779932,child10,1460056,frame,35
14601.369823011,child8,1460056,frame,9
14601.370426385,child4,1460056,frame,12
14601.370592385,child3,1460056,frame,-88
14601.370905427,child2,1460056,frame,36
14601.371353219001,child6,1460056,frame,56
14601.371404635,child9,1460056,frame,24
14611.379256695,child9,1461066,frame,23
14611.413996394,child1,1461066,frame,-112
14611.418319893,child5,1461066,frame,-122
14611.437864013,child7,1461066,frame,-200
14611.459078382,child10,1461066,frame,-107
14611.473017461,child3,1461066,frame,52
14611.475156253,child6,1461066,frame,-68
14611.476764210001,child4,1461066,frame,-97
14611.476832169,child2,1461066,frame,-71
14611.477417585,child8,1461066,frame,-115
14621.479003855,child3,1462076,frame,-72
14621.480376063,child8,1462076,frame,28
14621.482901187,child6,1462076,frame,56
14621.484898145,child9,1462076,frame,6
14621.486972228,child4,1462076,frame,29
14621.488889102,child2,1462076,frame,54
14621.518440136,child1,1462076,frame,14
14621.522266093001,child5,1462076,frame,54
14621.541381963,child7,1462076,frame,124
14621.565319707,child10,1462076,frame,53
14631.583686472,child8,1463086,frame,10
14631.586177763,child3,1463086,frame,52
14631.586488305,child9,1463086,frame,-109
14631.587236638,child6,1463086,frame,-68
14631.587500221,child2,1463086,frame,-212
14631.591193095,child4,1463086,frame,-97
14631.62108767,child1,1463086,frame,-111
14631.629908918001,child5,1463086,frame,54
14631.646382955,child7,1463086,frame,2
14631.67205024,child10,1463086,frame,51
14641.680216965999,child10,1464096,frame,34
14641.688665131001,child8,1464096,frame,43
14641.689140006,child6,1464096,frame,131
14641.68993538,child2,1464096,frame,127
14641.690537838998,child3,1464096,frame,48
14641.692319672,child9,1464096,frame,161
14641.697037545,child4,1464096,frame,170
14641.726200496,child1,1464096,frame,155
14641.734352244,child5,1464096,frame,-75
14641.750898947,child7,1464096,frame,54
14650.787088977,child10,1465005,frame,25
14650.791110184,child8,1465005,frame,135
14650.792448225,child2,1465005,frame,59
14650.795079766,child9,1465005,frame,-67
14650.796756890999,child3,1465005,frame,27
14650.796929682,child6,1465005,frame,21
14650.804296889,child4,1465005,frame,41
14650.829273049001,child1,1465005,frame,17
14650.842578045,child5,1465005,frame,170
14650.859020957001,child7,1465005,frame,36
14660.891557719,child10,1466015,frame,35
14660.897360384,child3,1466015,frame,-91
14660.89944805,child8,1466015,frame,-194
14660.899807758,child9,1466015,frame,16
14660.900799425,child2,1466015,frame,0
14660.901510341,child6,1466015,frame,-76
14660.909468422,child4,1466015,frame,-110
14660.938980456,child1,1466015,frame,-111
14660.950013162,child5,1466015,frame,-85
14660.960930159,child7,1466015,frame,-203
14670.970760926,child7,1467025,frame,172
14670.997255169,child10,1467025,frame,19
14671.000920210001,child6,1467025,frame,173
14671.003390209,child3,1467025,frame,176
14671.003411001,child9,1467025,frame,57
14671.005252,child8,1467025,frame,19
14671.005953208,child2,1467025,frame,36
14671.013307498,child4,1467025,frame,155
14671.040837324,child1,1467025,frame,154
14671.053713571,child5,1467025,frame,57
14681.076721542999,child7,1468035,frame,-69
14681.10140387,child10,1468035,frame,-123
14681.101724911001,child6,1468035,frame,-81
14681.106235076999,child9,1468035,frame,-116
14681.108871284001,child8,1468035,frame,17
14681.109540034,child2,1468035,frame,-69
14681.109948076,child3,1468035,frame,-216
14681.116649032001,child4,1468035,frame,-111
14681.145621608,child1,1468035,frame,-112
14681.157816188,child5,1468035,frame,-87
14691.183966784,child7,1469045,frame,-71
14691.204264196,child10,1469045,frame,-88
14691.207662695,child6,1469045,frame,-84
14691.210942943999,child9,1469045,frame,23
14691.213829818,child8,1469045,frame,17
14691.213890150999,child2,1469045,frame,6
14691.215421484,child3,1469045,frame,33
14691.221971732,child4,1469045,frame,31
14691.251038516,child1,1469045,frame,32
14691.265073221,child5,1469045,frame,54
14701.270190448,child5,1470055,frame,31
14701.290569359,child7,1470055,frame,57
14701.309153563001,child10,1470055,frame,161
14701.314918811,child9,1470055,frame,23
14701.318262643,child6,1470055,frame,40
14701.319603517999,child2,1470055,frame,0
14701.31967931,child3,1470055,frame,52
14701.321475476001,child8,1470055,frame,-106
14701.331676515,child4,1470055,frame,14
14701.358363466,child1,1470055,frame,16
14711.375532523001,child5,1471065,frame,-217
14711.39919785,child7,1471065,frame,1
14711.415624471,child10,1471065,frame,-106
14711.419116512001,child9,1471065,frame,-121
14711.424674968,child8,1471065,frame,18
14711.425360802,child2,1471065,frame,51
14711.428475966999,child3,1471065,frame,37
14711.429263258999,child6,1471065,frame,-84
14711.438260256,child4,1471065,frame,-111
14711.462307417,child1,1471065,frame,-109
14721.484430056,child5,1472075,frame,126
14721.506515508,child7,1472075,frame,-80
14721.522208212,child10,1472075,frame,35
14721.524452295,child9,1472075,frame,148
14721.529826877,child8,1472075,frame,17
14721.532145501002,child6,1472075,frame,40
14721.533099958999,child2,1472075,frame,-85
14721.536128667001,child3,1472075,frame,-89
14721.544718623,child4,1472075,frame,15
14721.562939951,child1,1472075,frame,141
14731.592731589,child5,1473085,frame,-68
14731.613132999999,child7,1473085,frame,18
14731.627009621,child10,1473085,frame,-90
14731.630892662,child9,1473085,frame,-101
14731.633474578,child8,1473085,frame,-88
14731.635009286,child6,1473085,frame,-76
14731.636672744,child2,1473085,frame,-2
14731.638899451,child3,1473085,frame,-72
14731.648378657,child4,1473085,frame,-77
14731.665706277,child1,1473085,frame,-91
14741.697665913998,child5,1474095,frame,129
14741.718054658999,child7,1474095,frame,5
14741.728663656,child10,1474095,frame,32
14741.735007029001,child9,1474095,frame,28
14741.738012945,child8,1474095,frame,173
14741.738911403001,child6,1474095,frame,60
14741.741432361,child2,1474095,frame,5
14741.744083193,child3,1474095,frame,128
14741.755081815001,child4,1474095,frame,170
14741.76962477,child1,1474095,frame,29
14750.779553431,child1,1475004,frame,-126
14750.800559675,child5,1475004,frame,-103
14750.822622294,child7,1475004,frame,-70
14750.834283583,child10,1475004,frame,-84
14750.838467707,child9,1475004,frame,47
14750.840031623,child8,1475004,frame,-115
14750.843174747,child6,1475004,frame,21
14750.846211913,child2,1475004,frame,34
14750.84636483,child3,1475004,frame,-103
14750.85832566,child4,1475004,frame,-98
14760.862904804,child4,1476014,frame,44
14760.883925257,child1,1476014,frame,128
14760.908933708,child5,1476014,frame,2
14760.930879952,child7,1476014,frame,139
14760.940254116,child8,1476014,frame,45
14760.940349658,child10,1476014,frame,131
14760.94369724,child9,1476014,frame,32
14760.950368364001,child6,1476014,frame,2
14760.950481614,child3,1476014,frame,13
14760.954427528999,child2,1476014,frame,5
14770.970031962,child4,1477024,frame,29
14770.989137081999,child1,1477024,frame,22
14771.015002367,child5,1477024,frame,55
14771.035940778,child7,1477024,frame,11
14771.042371443,child10,1477024,frame,43
14771.044197275,child8,1477024,frame,25
14771.051436732,child9,1477024,frame,15
14771.052728898,child6,1477024,frame,14
14771.057069772,child3,1477024,frame,177
14771.059354938001,child2,1477024,frame,125
14781.063182249,child2,1478034,frame,-79
14781.065269873001,child3,1478034,frame,-90
14781.076762036999,child4,1478034,frame,-97
14781.093237991,child1,1478034,frame,22
14781.118736026001,child5,1478034,frame,-69
14781.137533686999,child7,1478034,frame,-124
14781.146873560001,child10,1478034,frame,28
14781.149482517001,child8,1478034,frame,43
14781.156207932,child6,1478034,frame,48
14781.157239474,child9,1478034,frame,-110
14791.162038409,child9,1479044,frame,139
14791.168396991,child2,1479044,frame,37
14791.169589115,child3,1479044,frame,49
14791.183126778,child4,1479044,frame,44
14791.196109650002,child1,1479044,frame,22
14791.225118392,child5,1479044,frame,152
14791.239009597,child7,1479044,frame,131
14791.252341718,child8,1479044,frame,10
14791.256503425,child10,1479044,frame,43
14791.258885883,child6,1479044,frame,49
14801.263925194,child10,1480054,frame,-98
14801.266336693,child9,1480054,frame,-125
14801.272888316,child2,1480054,frame,-71
14801.27888419,child3,1480054,frame,-74
14801.290050978,child4,1480054,frame,29
14801.300421726,child1,1480054,frame,-120
14801.329581843,child5,1480054,frame,-95
14801.344865755,child7,1480054,frame,11
14801.356162002,child8,1480054,frame,-116
14801.362553459,child6,1480054,frame,-93
14811.372292435,child9,1481064,frame,32
14811.373020976,child6,1481064,frame,49
14811.373708518,child10,1481064,frame,25
14811.376443225001,child2,1481064,frame,53
14811.385440473,child3,1481064,frame,49
14811.397269510999,child4,1481064,frame,28
14811.399947719001,child1,1481064,frame,-87
14811.435140543,child5,1481064,frame,54
14811.452262705001,child7,1481064,frame,-79
14811.460735369,child8,1481064,frame,-82
14821.463566888999,child8,1482074,frame,150
14821.472564345,child6,1482074,frame,32
14821.475087719002,child9,1482074,frame,15
14821.477804718,child10,1482074,frame,-95
14821.480203134,child2,1482074,frame,-79
14821.492792173,child3,1482074,frame,-108
14821.501045712,child4,1482074,frame,-111
14821.502085462,child1,1482074,frame,165
14821.542133576,child5,1482074,frame,-86
14821.558399363,child7,1482074,frame,136
14831.564312049,child7,1483084,frame,-195
14831.570277547,child8,1483084,frame,26
14831.579415545,child9,1483084,frame,-110
14831.580410169,child6,1483084,frame,-92
14831.581628877,child10,1483084,frame,43
14831.584008542999,child2,1483084,frame,-88
14831.603052954999,child3,1483084,frame,123
14831.603475037999,child4,1483084,frame,-78
14831.606101496,child1,1483084,frame,-101
14831.647043318,child5,1483084,frame,1
14841.669698999001,child7,1484094,frame,53
14841.674528248,child8,1484094,frame,27
14841.684768744999,child6,1484094,frame,125
14841.687239994,child10,1484094,frame,27
14841.688256536,child9,1484094,frame,142
14841.688965744,child2,1484094,frame,129
14841.707138489,child3,1484094,frame,33
14841.709908155,child4,1484094,frame,172
14841.714839028002,child1,1484094,frame,22
14841.750067477002,child5,1484094,frame,54
14850.758278596999,child5,1485003,frame,40
14850.775561217999,child7,1485003,frame,4
14850.777596926,child8,1485003,frame,-115
14850.79043338,child6,1485003,frame,-75
14850.794772921,child9,1485003,frame,-68
14850.794867254,child2,1485003,frame,-88
14850.794903338001,child10,1485003,frame,24
14850.809693334,child3,1485003,frame,-242
14850.812831498999,child4,1485003,frame,-82
14850.815756957,child1,1485003,frame,-92
14860.861824423,child5,1486013,frame,47
14860.881862793,child7,1486013,frame,-2
14860.883228834,child8,1486013,frame,151
14860.895458747,child6,1486013,frame,52
14860.89908558,child2,1486013,frame,59
14860.900085663001,child9,1486013,frame,31
14860.900579120998,child10,1486013,frame,-90
14860.913696993,child3,1486013,frame,138
14860.916401867,child1,1486013,frame,173
14860.920029031999,child4,1486013,frame,46
14870.96596729,child5,1487023,frame,-96
14870.988532493,child7,1487023,frame,3
14870.9906402,child8,1487023,frame,-96
14871.001170364,child6,1487023,frame,-92
14871.003118989,child2,1487023,frame,2
14871.003951613,child9,1487023,frame,-108
14871.005759113,child10,1487023,frame,-73
14871.017490068,child3,1487023,frame,53
14871.021133276001,child1,1487023,frame,-219
14871.032293273,child4,1487023,frame,30
14881.069274783,child5,1488033,frame,56
14881.095277359,child7,1488033,frame,-1
14881.099847483,child8,1488033,frame,25
14881.10931048,child6,1488033,frame,48
14881.110067022,child2,1488033,frame,7
14881.112356312999,child10,1488033,frame,173
14881.113824146001,child9,1488033,frame,153
14881.119984894,child3,1488033,frame,52
14881.12451881,child1,1488033,frame,127
14881.136624015,child4,1488033,frame,31
14891.177485732,child5,1489043,frame,40
14891.198508309999,child7,1489043,frame,18
14891.204111432999,child8,1489043,frame,9
14891.213074431,child6,1489043,frame,33
14891.216817472,child10,1489043,frame,-87
14891.219372679001,child2,1489043,frame,0
14891.22167372,child9,1489043,frame,-110
14891.226306553,child3,1489043,frame,37
14891.229681384999,child1,1489043,frame,58
14891.241304465,child4,1489043,frame,30
14901.278402767,child5,1490053,frame,40
14901.302714761001,child7,1490053,frame,7
14901.311501342001,child8,1490053,frame,13
14901.315954132,child6,1490053,frame,-93
14901.322344839,child10,1490053,frame,50
14901.325050088,child9,1490053,frame,156
14901.325459713002,child2,1490053,frame,176
14901.33023267,child3,1490053,frame,36
14901.332746461001,child1,1490053,frame,22
14901.345228041,child4,1490053,frame,30
14911.383365509,child5,1491063,frame,-84
14911.409568419,child7,1491063,frame,132
14911.417364333,child6,1491063,frame,49
14911.419180541,child8,1491063,frame,10
14911.424806081,child10,1491063,frame,36
14911.429116872,child9,1491063,frame,-108
14911.430355246,child2,1491063,frame,-85
14911.432023954001,child3,1491063,frame,-106
14911.432414371,child1,1491063,frame,-88
14911.451114908,child4,1491063,frame,32
14921.457264718,child4,1492073,frame,-66
14921.489951709,child5,1492073,frame,30
14921.517933285,child6,1492073,frame,32
14921.519699909,child7,1492073,frame,-76
14921.523561158,child8,1492073,frame,26
14921.528368782001,child10,1492073,frame,35
14921.532041448001,child9,1492073,frame,60
14921.53426378,child2,1492073,frame,-87
14921.537148155,child3,1492073,frame,42
14921.539076446,child1,1492073,frame,37
14931.56277796,child4,1493083,frame,145
14931.595906741999,child5,1493083,frame,30
14931.624127276,child7,1493083,frame,46
14931.626461359,child8,1493083,frame,-115
14931.627006526001,child6,1493083,frame,60
14931.634973024,child9,1493083,frame,24
14931.635185524,child10,1493083,frame,-89
14931.638908314,child2,1493083,frame,124
14931.640470564,child1,1493083,frame,36
14931.640755814,child3,1493083,frame,43
14941.667891368,child4,1494093,frame,-72
14941.699896026,child5,1494093,frame,30
14941.727642811,child6,1494093,frame,28
14941.730212602,child8,1494093,frame,134
14941.732640475999,child7,1494093,frame,56
14941.738738433,child9,1494093,frame,12
14941.740894807,child2,1494093,frame,19
14941.743773681,child10,1494093,frame,48
14941.745436389,child3,1494093,frame,8
14941.747235014001,child1,1494093,frame,22
14950.747404928,child2,1495002,frame,23
14950.750999302,child1,1495002,frame,38
14950.753019676,child3,1495002,frame,45
14950.772130671001,child4,1495002,frame,13
14950.806983370001,child5,1495002,frame,9
14950.836344112,child6,1495002,frame,-118
14950.836515904,child7,1495002,frame,-103
14950.838990861,child8,1495002,frame,-97
14950.840368903,child9,1495002,frame,50
14950.843772485,child10,1495002,frame,7
14960.848318254,child10,1496012,frame,22
14960.849878087001,child9,1496012,frame,-87
14960.852243253,child2,1496012,frame,30
14960.855847002,child3,1496012,frame,-114
14960.856065085,child1,1496012,frame,6
14960.87687933,child4,1496012,frame,-66
14960.91133382,child5,1496012,frame,-109
14960.939364063,child6,1496012,frame,157
14960.939407688,child8,1496012,frame,9
14960.939642395999,child7,1496012,frame,57
14970.954624954,child10,1497022,frame,35
14970.955754953999,child9,1497022,frame,15
14970.957267662,child2,1497022,frame,-103
14970.959576828,child1,1497022,frame,14
14970.96203166,child3,1497022,frame,29
14970.982325154999,child4,1497022,frame,129
14971.016211562,child5,1497022,frame,49
14971.042573179999,child8,1497022,frame,134
14971.043323097,child7,1497022,frame,48
14971.043410971999,child6,1497022,frame,17
14981.047748198998,child7,1498032,frame,-104
14981.048087616,child8,1498032,frame,-114
14981.05785803,child2,1498032,frame,12
14981.058898863,child9,1498032,frame,0
14981.059931112999,child10,1498032,frame,-106
14981.061094487,child1,1498032,frame,16
14981.068678819001,child3,1498032,frame,-97
14981.08365769,child4,1498032,frame,-74
14981.120908221,child5,1498032,frame,30
14981.144908506001,child6,1498032,frame,-109
14991.149296651,child6,1499042,frame,-108
14991.15215415,child8,1499042,frame,10
14991.156675774,child7,1499042,frame,-75
14991.163076272,child2,1499042,frame,-79
14991.164594563,child9,1499042,frame,-109
14991.165735688,child1,1499042,frame,-109
14991.168477979001,child10,1499042,frame,35
14991.170303687,child3,1499042,frame,45
14991.188779932,child4,1499042,frame,-66
14991.22455663,child5,1499042,frame,-95
15001.252756018,child6,1500052,frame,32
15001.257221058,child8,1500052,frame,9
15001.261591391001,child7,1500052,frame,52
15001.266943056,child1,1500052,frame,15
15001.267733805998,child2,1500052,frame,46
15001.268906139,child9,1500052,frame,59
15001.273339512,child3,1500052,frame,28
15001.275066887001,child10,1500052,frame,36
15001.293345215001,child4,1500052,frame,6
15001.326663456,child5,1500052,frame,32
15011.356833468999,child6,1501062,frame,33
15011.363380674999,child8,1501062,frame,29
15011.370568465,child7,1501062,frame,-67
15011.371982673001,child1,1501062,frame,16
15011.37654488,child2,1501062,frame,30
15011.376597088,child3,1501062,frame,29
15011.378630463001,child9,1501062,frame,17
15011.379734921002,child10,1501062,frame,-90
15011.397957457,child4,1501062,frame,-2
15011.432696947999,child5,1501062,frame,-94
15021.458365836,child6,1502072,frame,52
15021.465456668,child8,1502072,frame,-69
15021.474746249,child7,1502072,frame,8
15021.477022539999,child1,1502072,frame,16
15021.479918164,child2,1502072,frame,20
15021.480994497,child3,1502072,frame,28
15021.484351538,child9,1502072,frame,16
15021.485958453999,child10,1502072,frame,18
15021.500555367,child4,1502072,frame,15
15021.536150274,child5,1502072,frame,49
15031.560620663,child6,1503082,frame,32
15031.572098534,child8,1503082,frame,35
15031.578580283,child1,1503082,frame,34
15031.580497032,child7,1503082,frame,123
15031.585591239,child2,1503082,frame,-87
15031.588425155001,child3,1503082,frame,29
15031.589571195998,child9,1503082,frame,16
15031.593074154001,child10,1503082,frame,161
15031.604130943,child4,1503082,frame,6
15031.640548016001,child5,1503082,frame,3
15041.659706698001,child6,1504092,frame,-111
15041.681131984,child8,1504092,frame,-124
15041.68176565,child7,1504092,frame,-71
15041.684345941,child1,1504092,frame,-111
15041.689295647999,child2,1504092,frame,-73
15041.69319623,child9,1504092,frame,21
15041.695454896999,child3,1504092,frame,-94
15041.697434646,child10,1504092,frame,-106
15041.706122269,child4,1504092,frame,-117
15041.746010508,child5,1504092,frame,50
15050.749086129,child5,1505001,frame,15
15050.761090293,child6,1505001,frame,21
15050.785947744998,child7,1505001,frame,43
15050.787654410999,child8,1505001,frame,17
15050.788338201999,child1,1505001,frame,155
15050.792183743,child2,1505001,frame,34
15050.796611783,child3,1505001,frame,59
15050.798519783,child9,1505001,frame,-94
15050.804969114,child10,1505001,frame,-100
15050.811165071,child4,1505001,frame,29
15060.851279163999,child5,1506011,frame,-86
15060.868677909,child6,1506011,frame,48
15060.891205487,child1,1506011,frame,14
15060.891899236,child7,1506011,frame,-114
15060.894024152,child8,1506011,frame,51
15060.895512985,child2,1506011,frame,56
15060.902849233,child9,1506011,frame,23
15060.904002775,child3,1506011,frame,28
15060.911302773,child10,1506011,frame,50
15060.91414973,child4,1506011,frame,31
15070.958342655,child5,1507021,frame,57
15070.975540942,child6,1507021,frame,33
15070.994595021,child1,1507021,frame,-111
15070.998730853,child7,1507021,frame,123
15070.999913435999,child8,1507021,frame,18
15071.004291435,child2,1507021,frame,54
15071.006002643,child9,1507021,frame,149
15071.012269308001,child3,1507021,frame,12
15071.015473264999,child10,1507021,frame,36
15071.017904473,child4,1507021,frame,22
15081.065090064001,child5,1508031,frame,39
15081.079935851,child6,1508031,frame,16
15081.093296223,child1,1508031,frame,139
15081.103325137,child7,1508031,frame,57
15081.10424397,child8,1508031,frame,142
15081.106322261,child2,1508031,frame,38
15081.10951151,child9,1508031,frame,-71
15081.118073424,child3,1508031,frame,12
15081.120917632,child10,1508031,frame,35
15081.121117173,child4,1508031,frame,32
15091.175990971002,child5,1509041,frame,58
15091.181888594,child6,1509041,frame,-108
15091.193449424001,child1,1509041,frame,-2
15091.204845962999,child7,1509041,frame,-69
15091.211610253,child8,1509041,frame,-106
15091.212781711,child2,1509041,frame,-87
15091.21535221,child9,1509041,frame,51
15091.221856375,child3,1509041,frame,13
15091.224096249,child4,1509041,frame,-113
15091.224402499,child10,1509041,frame,-107
15101.281098963,child5,1510051,frame,-104
15101.28408842,child6,1510051,frame,32
15101.293443751,child1,1510051,frame,-127
15101.309700037998,child7,1510051,frame,38
15101.317037161,child8,1510051,frame,17
15101.318777619,child2,1510051,frame,36
15101.318966619,child9,1510051,frame,0
15101.326325284,child3,1510051,frame,12
15101.327457783,child4,1510051,frame,28
15101.32808845,child10,1510051,frame,37
15111.386393705,child5,1511061,frame,38
15111.387512453999,child6,1511061,frame,52
15111.400518784,child1,1511061,frame,14
15111.415614072,child7,1511061,frame,-76
15111.419174154,child8,1511061,frame,9
15111.422321652999,child2,1511061,frame,-71
15111.425323069001,child9,1511061,frame,0
15111.430724026,child3,1511061,frame,13
15111.432425984001,child4,1511061,frame,29
15111.432718984,child10,1511061,frame,36
15121.490445988,child5,1512071,frame,-93
15121.49212478,child6,1512071,frame,-92
15121.507167817,child1,1512071,frame,16
15121.520431605,child8,1512071,frame,29
15121.521604813,child7,1512071,frame,-72
15121.526782312,child2,1512071,frame,54
15121.532511019,child9,1512071,frame,-124
15121.534858185001,child3,1512071,frame,12
15121.53593606,child4,1512071,frame,-97
15121.536975433999,child10,1512071,frame,50
15131.539638537,child4,1513081,frame,153
15131.539913495,child3,1513081,frame,59
15131.54181862,child10,1513081,frame,36
15131.593794356,child5,1513081,frame,173
15131.594079939001,child6,1513081,frame,157
15131.60984306,child1,1513081,frame,-1
15131.624187681,child7,1513081,frame,136
15131.626094846999,child8,1513081,frame,57
15131.633460345,child2,1513081,frame,38
15131.635351553,child9,1513081,frame,123
15141.638935613999,child9,1514091,frame,-74
15141.643521529,child4,1514091,frame,-110
15141.645121611999,child3,1514091,frame,-70
15141.645560154,child10,1514091,frame,18
15141.697240972999,child5,1514091,frame,-78
15141.698758098,child6,1514091,frame,14
15141.711897011,child1,1514091,frame,-109
15141.726104966,child7,1514091,frame,-1
15141.730520338999,child8,1514091,frame,4
15141.736690921,child2,1514091,frame,16
15150.729641086999,child7,1515000,frame,-103
15150.737877876001,child8,1515000,frame,-73
15150.741717459001,child2,1515000,frame,24
15150.746175790999,child9,1515000,frame,37
15150.747174041,child3,1515000,frame,48
15150.749435790001,child4,1515000,frame,41
15150.752565331,child10,1515000,frame,-115
15150.799570443001,child6,1515000,frame,-70
15150.801956276,child5,1515000,frame,8
15150.816061772,child1,1515000,frame,158
15160.834101662,child7,1516010,frame,7
15160.841189911,child8,1516010,frame,-70
15160.846645284,child2,1516010,frame,-88
15160.850246408001,child9,1516010,frame,8
15160.850964325,child4,1516010,frame,28
15160.852022658,child3,1516010,frame,-193
15160.854901032,child10,1516010,frame,18
15160.901592019,child6,1516010,frame,24
15160.909603226,child5,1516010,frame,29
15160.923169347,child1,1516010,frame,-125
15170.938055738001,child7,1517020,frame,124
15170.948461319,child8,1517020,frame,142
15170.952395943,child2,1517020,frame,162
15170.954277484,child4,1517020,frame,30
15170.956276525,child9,1517020,frame,45
15170.957155982998,child10,1517020,frame,37
15170.957765316,child3,1517020,frame,143
15171.005581970001,child6,1517020,frame,25
15171.011253052,child5,1517020,frame,31
15171.025035756,child1,1517020,frame,157
15181.047330104,child7,1518030,frame,57
15181.051430144998,child8,1518030,frame,6
15181.056103893,child2,1518030,frame,24
15181.058962559,child9,1518030,frame,0
15181.060274059,child10,1518030,frame,20
15181.06177785,child4,1518030,frame,15
15181.063969308,child3,1518030,frame,3
15181.108466337999,child6,1518030,frame,8
15181.119943959,child5,1518030,frame,31
15181.126130083001,child1,1518030,frame,16
15191.152283513,child7,1519040,frame,-87
15191.155381678,child8,1519040,frame,-77
15191.160740677,child2,1519040,frame,-103
15191.163112926,child9,1519040,frame,1
15191.165995759,child10,1519040,frame,-106
15191.166562592,child3,1519040,frame,47
15191.168457133,child4,1519040,frame,14
15191.221789869,child6,1519040,frame,26
15191.222540035,child5,1519040,frame,16
15191.228514242,child1,1519040,frame,17
15201.233721261,child1,1520050,frame,-2
15201.253871047,child7,1520050,frame,57
15201.259817754,child8,1520050,frame,11
15201.262869211,child2,1520050,frame,21
15201.266143419,child9,1520050,frame,0
15201.269181668,child10,1520050,frame,35
15201.271728376,child4,1520050,frame,-111
15201.272867,child3,1520050,frame,-66
15201.323722737,child6,1520050,frame,-116
15201.323986112,child5,1520050,frame,-92
15211.33112863,child5,1521060,frame,15
15211.340668336,child1,1521060,frame,-127
15211.358816831,child7,1521060,frame,40
15211.363675788,child2,1521060,frame,5
15211.364666329,child8,1521060,frame,-69
15211.372669744,child9,1521060,frame,30
15211.373312952,child3,1521060,frame,4
15211.373677119,child10,1521060,frame,35
15211.379632117,child4,1521060,frame,15
15211.423265355,child6,1521060,frame,8
15221.433882998,child5,1522070,frame,29
15221.446933035999,child1,1522070,frame,139
15221.467007363999,child8,1522070,frame,134
15221.46818428,child7,1522070,frame,29
15221.471403862999,child2,1522070,frame,-101
15221.476701819001,child3,1522070,frame,13
15221.478139527,child9,1522070,frame,-71
15221.480388568001,child10,1522070,frame,36
15221.482293693001,child4,1522070,frame,30
15221.527413972,child6,1522070,frame,25
15231.532637325,child6,1523080,frame,24
15231.543830822,child5,1523080,frame,16
15231.546947029,child1,1523080,frame,-81
15231.56925044,child8,1523080,frame,-111
15231.571368648,child7,1523080,frame,-83
15231.576844521,child3,1523080,frame,4
15231.576996771,child2,1523080,frame,163
15231.579296645,child10,1523080,frame,-108
15231.579505437,child9,1523080,frame,55
15231.58607256,child4,1523080,frame,14
15241.637667275001,child6,1524090,frame,-111
15241.644171398,child5,1524090,frame,-112
15241.651058646,child1,1524090,frame,-119
15241.673035474001,child8,1524090,frame,1
15241.677199348002,child7,1524090,frame,-105
15241.682552221,child2,1524090,frame,-104
15241.683037388,child3,1524090,frame,-114
15241.683929846,child9,1524090,frame,-73
15241.684098762,child10,1524090,frame,37
15241.688199094999,child4,1524090,frame,-91
15251.742353058999,child6,1525100,frame,154
15251.751655056,child5,1525100,frame,31
15251.754512639,child1,1525100,frame,131
15251.778170840998,child8,1525100,frame,58
15251.779419507,child7,1525100,frame,174
15251.785932297,child2,1525100,frame,2
15251.786077797,child9,1525100,frame,60
15251.789158963,child10,1525100,frame,34
15251.789265796,child3,1525100,frame,127
15251.790321421,child4,1525100,frame,30
15260.842423488,child6,1526009,frame,-69
15260.8577759,child5,1526009,frame,9
15260.858139442,child1,1526009,frame,9
15260.880874644,child7,1526009,frame,-111
15260.886351309,child8,1526009,frame,20
15260.887728058999,child2,1526009,frame,-102
15260.891524266,child9,1526009,frame,-109
15260.895064723,child4,1526009,frame,-84
15260.895884431,child10,1526009,frame,-101
15260.897992306,child3,1526009,frame,-75
15270.943630730999,child6,1527019,frame,150
15270.960486434,child5,1527019,frame,50
15270.960690268,child1,1527019,frame,6
15270.981734345,child7,1527019,frame,183
15270.991362468001,child8,1527019,frame,1
15270.994227717,child2,1527019,frame,179
15270.99583055,child9,1527019,frame,134
15270.999957757,child4,1527019,frame,44
15271.001440298,child3,1527019,frame,12
15271.004447923,child10,1527019,frame,177
15281.044904849,child6,1528029,frame,-97
15281.059512928,child1,1528029,frame,-117
15281.062784094,child5,1528029,frame,-221
15281.084979087998,child7,1528029,frame,-102
15281.099180084,child2,1528029,frame,-103
15281.099264292,child9,1528029,frame,-70
15281.100289959,child8,1528029,frame,-68
15281.101640833,child4,1528029,frame,-81
15281.108285123,child3,1528029,frame,19
15281.10845679,child10,1528029,frame,-232
15291.152442548,child6,1529039,frame,8
15291.16398817,child1,1529039,frame,24
15291.169704252,child5,1529039,frame,173
15291.190240413001,child7,1529039,frame,22
15291.202486118,child2,1529039,frame,21
15291.204898867,child8,1529039,frame,21
15291.205062451,child9,1529039,frame,0
15291.2059407,child4,1529039,frame,44
15291.210471908,child3,1529039,frame,10
15291.213115115,child10,1529039,frame,177
15301.259225998,child6,1530049,frame,9
15301.26543533,child1,1530049,frame,8
15301.276918368001,child5,1530049,frame,32
15301.295857905001,child7,1530049,frame,-84
15301.307343735,child9,1530049,frame,50
15301.308807318,child4,1530049,frame,45
15301.309904108999,child2,1530049,frame,37
15301.313182609,child8,1530049,frame,55
15301.314563191001,child3,1530049,frame,11
15301.31862444,child10,1530049,frame,-108
15311.322626543,child10,1531059,frame,54
15311.367927489,child6,1531059,frame,-117
15311.370198863,child1,1531059,frame,24
15311.381679985,child5,1531059,frame,-93
15311.401796772,child7,1531059,frame,39
15311.410964851999,child2,1531059,frame,-103
15311.411089102,child9,1531059,frame,-70
15311.415469017998,child4,1531059,frame,-81
15311.416951476,child8,1531059,frame,19
15311.421095349999,child3,1531059,frame,10
15321.42845478,child3,1532069,frame,11
15321.429690154999,child10,1532069,frame,35
15321.471196686,child6,1532069,frame,150
15321.474316143,child1,1532069,frame,33
15321.485949599,child5,1532069,frame,128
15321.507826218,child7,1532069,frame,41
15321.515665465999,child2,1532069,frame,179
15321.518139132,child9,1532069,frame,134
15321.520368340001,child4,1532069,frame,59
15321.521463840001,child8,1532069,frame,48
15331.523556368002,child8,1533079,frame,-85
15331.530092075,child3,1533079,frame,-86
15331.53652249,child10,1533079,frame,36
15331.571861272,child6,1533079,frame,-71
15331.575060813,child1,1533079,frame,-2
15331.589265268,child5,1533079,frame,-104
15331.611975429001,child7,1533079,frame,-102
15331.62102176,child4,1533079,frame,47
15331.621494677,child2,1533079,frame,-120
15331.621804385,child9,1533079,frame,-204
15341.623774288,child9,1534089,frame,124
15341.624075913001,child4,1534089,frame,-79
15341.625639704,child2,1534089,frame,37
15341.626422287,child8,1534089,frame,10
15341.634812535,child3,1534089,frame,20
15341.639627034,child10,1534089,frame,-91
15341.67501565,child6,1534089,frame,17
15341.682198107,child1,1534089,frame,14
15341.693197437,child5,1534089,frame,39
15341.714126557,child7,1534089,frame,163
15351.725290332999,child4,1535099,frame,47
15351.72868604,child9,1535099,frame,-73
15351.728916165,child2,1535099,frame,-104
15351.733639414,child8,1535099,frame,58
15351.741032204,child3,1535099,frame,11
15351.746959660999,child10,1535099,frame,35
15351.780465527,child6,1535099,frame,-101
15351.785719067,child1,1535099,frame,14
15351.796269648,child5,1535099,frame,-91
15351.817976309,child7,1535099,frame,-102
15360.820950672001,child7,1536008,frame,28
15360.824783713,child4,1536008,frame,-68
15360.830624836,child2,1536008,frame,20
15360.834521834999,child9,1536008,frame,50
15360.835310168,child8,1536008,frame,-73
15360.847072374,child3,1536008,frame,56
15360.850718373,child10,1536008,frame,38
15360.882970781,child6,1536008,frame,58
15360.888100780001,child1,1536008,frame,16
15360.900299735,child5,1536008,frame,31
15370.925538299,child7,1537018,frame,-83
15370.929344381,child4,1537018,frame,47
15370.936834295999,child2,1537018,frame,40
15370.938048463,child8,1537018,frame,3
15370.940723962,child9,1537018,frame,-125
15370.951716126001,child3,1537018,frame,-120
15370.958045749,child10,1537018,frame,2
15370.987224825001,child6,1537018,frame,-89
15370.990516491,child1,1537018,frame,-2
15371.004750488,child5,1537018,frame,23
15381.030022968,child7,1538028,frame,161
15381.034365925,child4,1538028,frame,46
15381.046207756,child2,1538028,frame,-87
15381.046670546999,child9,1538028,frame,124
15381.049093588,child8,1538028,frame,47
15381.059873752,child3,1538028,frame,20
15381.068549125,child10,1538028,frame,37
15381.091026660999,child6,1538028,frame,32
15381.093589077,child1,1538028,frame,-2
15381.111522322999,child5,1538028,frame,-67
15391.132525679,child7,1539038,frame,-99
15391.139231344,child4,1539038,frame,46
15391.151245465999,child9,1539038,frame,8
15391.153445507,child8,1539038,frame,48
15391.153853631999,child2,1539038,frame,54
15391.16935092,child10,1539038,frame,19
15391.169672962,child3,1539038,frame,21
15391.193387956,child6,1539038,frame,33
15391.198655913,child1,1539038,frame,-2
15391.213094201,child5,1539038,frame,178
15401.217829978,child5,1540048,frame,-102
15401.237205557,child7,1540048,frame,39
15401.241596721999,child4,1540048,frame,-94
15401.255776427,child9,1540048,frame,-124
15401.259306050999,child2,1540048,frame,20
15401.263476758,child8,1540048,frame,-127
15401.274514005,child10,1540048,frame,-105
15401.276799838,child3,1540048,frame,20
15401.292783208999,child6,1540048,frame,16
15401.303882831,child1,1540048,frame,-2
15411.324222604999,child5,1541058,frame,47
15411.340944726,child7,1541058,frame,22
15411.342214725,child4,1541058,frame,46
15411.359487345999,child9,1541058,frame,156
15411.365717593999,child2,1541058,frame,-69
15411.368533885001,child8,1541058,frame,2
15411.380036258,child10,1541058,frame,-90
15411.380572507,child3,1541058,frame,21
15411.397847877999,child6,1541058,frame,-92
15411.408967250001,child1,1541058,frame,0
15421.428328066,child5,1542068,frame,32
15421.447418478001,child7,1542068,frame,-100
15421.451588268,child4,1542068,frame,2
15421.468623222001,child9,1542068,frame,55
15421.471125097,child2,1542068,frame,54
15421.473368013,child8,1542068,frame,10
15421.484662342998,child10,1542068,frame,176
15421.486977968,child3,1542068,frame,10
15421.499389964,child6,1542068,frame,165
15421.512272045,child1,1542068,frame,0
15431.517180197001,child1,1543078,frame,125
15431.53160236,child5,1543078,frame,32
15431.556213394999,child7,1543078,frame,163
15431.556998437001,child4,1543078,frame,36
15431.573610890999,child9,1543078,frame,-83
15431.578894347998,child2,1543078,frame,54
15431.583522972001,child8,1543078,frame,56
15431.588814971,child3,1543078,frame,-114
15431.590177137,child10,1543078,frame,2
15431.606581173999,child6,1543078,frame,24
15441.620272033,child1,1544088,frame,-78
15441.636849737,child5,1544088,frame,34
15441.66031944,child7,1544088,frame,-100
15441.661826106001,child4,1544088,frame,37
15441.677259352,child9,1544088,frame,1
15441.684745267,child2,1544088,frame,20
15441.688938974,child8,1544088,frame,-69
15441.692794515,child3,1544088,frame,26
15441.697634388,child10,1544088,frame,21
15441.711247927,child6,1544088,frame,29
15451.723336161001,child1,1545098,frame,-71
15451.742174239,child5,1545098,frame,-239
15451.76480015,child7,1545098,frame,39
15451.766161358,child4,1545098,frame,-104
15451.781125813,child9,1545098,frame,4
15451.79073331,child2,1545098,frame,-89
15451.794157434,child8,1545098,frame,12
15451.796314351,child3,1545098,frame,32
15451.804055682,child10,1545098,frame,-230
15451.814881096,child6,1545098,frame,-114
15460.811911252,child10,1546007,frame,38
15460.817879582999,child6,1546007,frame,-195
15460.82339354,child1,1546007,frame,-120
15460.847998201,child5,1546007,frame,147
15460.866875738,child7,1546007,frame,-250
15460.870263362,child4,1546007,frame,48
15460.882731650001,child9,1546007,frame,30
15460.896306814,child2,1546007,frame,38
15460.897571272,child8,1546007,frame,-66
15460.902171521,child3,1546007,frame,44
15470.908742839,child3,1547017,frame,-113
15470.915574462,child10,1547017,frame,-73
15470.923035627,child6,1547017,frame,166
15470.924457210001,child1,1547017,frame,16
15470.953431703,child5,1547017,frame,-110
15470.973126198,child4,1547017,frame,-89
15470.973501365,child7,1547017,frame,133
15470.991869193002,child9,1547017,frame,-83
15470.9980129,child2,1547017,frame,-87
15471.005087315001,child8,1547017,frame,9
15481.009022801001,child8,1548027,frame,160
15481.015051590999,child3,1548027,frame,153
15481.021859548,child10,1548027,frame,254
15481.027852463,child6,1548027,frame,149
15481.029903546,child1,1548027,frame,158
15481.056495206,child5,1548027,frame,174
15481.080302533,child4,1548027,frame,177
15481.082909531999,child7,1548027,frame,155
15481.094050488,child9,1548027,frame,7
15481.101428778,child2,1548027,frame,36
15491.106460555,child2,1549037,frame,54
15491.116294844,child8,1549037,frame,-202
15491.120432301,child3,1549037,frame,-112
15491.130872215,child10,1549037,frame,-98
15491.13264184,child6,1549037,frame,-116
15491.13317909,child1,1549037,frame,-127
15491.162063249,child5,1549037,frame,15
15491.185237202,child4,1549037,frame,20
15491.186660034999,child7,1549037,frame,-92
15491.200220365,child9,1549037,frame,55
15501.213699139998,child2,1550047,frame,38
15501.224572471001,child3,1550047,frame,28
15501.224705637,child8,1550047,frame,134
15501.236118009,child6,1550047,frame,8
15501.239224383,child10,1550047,frame,10
15501.240131342,child1,1550047,frame,14
15501.267753876,child5,1550047,frame,-91
15501.287524455,child4,1550047,frame,-105
15501.288770913,child7,1550047,frame,31
15501.304120284,child9,1550047,frame,1
15511.30866077,child9,1551057,frame,51
15511.317046393,child2,1551057,frame,38
15511.329550723,child3,1551057,frame,29
15511.330086223,child8,1551057,frame,13
15511.338740304001,child6,1551057,frame,25
15511.344859636,child1,1551057,frame,14
15511.345205385,child10,1551057,frame,45
15511.372339129,child5,1551057,frame,29
15511.390115999,child4,1551057,frame,156
15511.39401179,child7,1551057,frame,32
15521.41507498,child9,1552067,frame,-69
15521.423491685999,child2,1552067,frame,-105
15521.432983975,child3,1552067,frame,12
15521.438230016001,child6,1552067,frame,-101
15521.440398182,child8,1552067,frame,-124
15521.444954389,child1,1552067,frame,-95
15521.450292054,child10,1552067,frame,-82
15521.478196047,child5,1552067,frame,-95
15521.495439918,child4,1552067,frame,-111
15521.502769374,child7,1552067,frame,-77
15531.510448234,child7,1553077,frame,30
15531.52265044,child9,1553077,frame,0
15531.531855354,child2,1553077,frame,54
15531.537313186,child3,1553077,frame,13
15531.54186231,child6,1553077,frame,123
15531.546842559,child8,1553077,frame,9
15531.550418808,child1,1553077,frame,163
15531.554148514999,child10,1553077,frame,59
15531.586720506999,child5,1553077,frame,48
15531.599338045,child4,1553077,frame,30
15541.607945447,child4,1554087,frame,15
15541.616291486002,child7,1554087,frame,175
15541.630120107999,child9,1554087,frame,125
15541.637383856001,child2,1554087,frame,38
15541.638837439,child3,1554087,frame,12
15541.648584311999,child6,1554087,frame,-108
15541.653969894,child1,1554087,frame,14
15541.656436435,child8,1554087,frame,29
15541.658521809,child10,1554087,frame,28
15541.693019842001,child5,1554087,frame,16
15551.714171739999,child4,1555097,frame,16
15551.717990906,child7,1555097,frame,-81
15551.734459109999,child9,1555097,frame,-91
15551.744496316001,child2,1555097,frame,36
15551.744675316,child3,1555097,frame,17
15551.756410938,child6,1555097,frame,5
15551.756776313,child1,1555097,frame,-2
15551.764223269001,child8,1555097,frame,127
15551.766162476999,child10,1555097,frame,26
15551.800049009998,child5,1555097,frame,29
15560.802263165,child5,1556006,frame,14
15560.819996409999,child4,1556006,frame,15
15560.822497326,child7,1556006,frame,12
15560.837383364,child9,1556006,frame,30
15560.84939582,child3,1556006,frame,-95
15560.849910319,child2,1556006,frame,-70
15560.857126443001,child1,1556006,frame,1
15560.860667858,child6,1556006,frame,0
15560.867297314999,child8,1556006,frame,-73
15560.874246604999,child10,1556006,frame,3
15570.909204833,child5,1557016,frame,29
15570.924607704,child4,1557016,frame,14
15570.929416328,child7,1557016,frame,15
15570.941355325,child9,1557016,frame,46
15570.953586322,child3,1557016,frame,29
15570.957160029,child2,1557016,frame,30
15570.96256082,child6,1557016,frame,41
15570.963882444,child1,1557016,frame,16
15570.974283483001,child8,1557016,frame,28
15570.978576149,child10,1557016,frame,18
15581.010869586,child5,1558026,frame,31
15581.031151331,child4,1558026,frame,-111
15581.032017956,child7,1558026,frame,-108
15581.045399703,child9,1558026,frame,-77
15581.057632949,child3,1558026,frame,11
15581.06117274,child2,1558026,frame,-95
15581.066882821999,child6,1558026,frame,24
15581.071329363,child1,1558026,frame,0
15581.081151527,child8,1558026,frame,49
15581.083148484999,child10,1558026,frame,21
15591.116634505,child5,1559036,frame,-110
15591.1342645,child4,1559036,frame,-110
15591.138470582999,child7,1559036,frame,32
15591.149948537999,child9,1559036,frame,-89
15591.16405016,child3,1559036,frame,13
15591.165588243,child2,1559036,frame,28
15591.167991117001,child6,1559036,frame,-100
15591.173697282,child1,1559036,frame,0
15591.186283196,child8,1559036,frame,-114
15591.187651362,child10,1559036,frame,-105
15601.222472632,child5,1560046,frame,32
15601.240546169,child4,1560046,frame,126
15601.244480001,child7,1560046,frame,13
15601.256666623,child9,1560046,frame,134
15601.266390662,child3,1560046,frame,12
15601.268620245,child2,1560046,frame,48
15601.274104327,child6,1560046,frame,165
15601.277559909999,child1,1560046,frame,0
15601.292747238998,child8,1560046,frame,134
15601.293706697,child10,1560046,frame,34
15611.331617008,child5,1561056,frame,16
15611.346122463,child4,1561056,frame,-105
15611.351589336,child7,1561056,frame,-107
15611.361717917001,child9,1561056,frame,-78
15611.371916498,child3,1561056,frame,13
15611.373225539,child2,1561056,frame,30
15611.377472038,child6,1561056,frame,9
15611.378917037999,child1,1561056,frame,1
15611.397034616999,child8,1561056,frame,-86
15611.397406324999,child10,1561056,frame,20
15621.400178478001,child8,1562066,frame,-122
15621.40425381,child10,1562066,frame,-106
15621.435305677,child5,1562066,frame,-91
15621.44915484,child4,1562066,frame,-89
15621.456206589,child7,1562066,frame,-112
15621.467706919,child9,1562066,frame,-71
15621.47781,child2,1562066,frame,-95
15621.480233123999,child6,1562066,frame,-89
15621.481251916,child3,1562066,frame,-113
15621.484434123,child1,1562066,frame,-127
15631.50379648,child8,1563076,frame,127
15631.507000896,child10,1563076,frame,161
15631.53682218,child5,1563076,frame,29
15631.555088342,child4,1563076,frame,178
15631.561505174,child7,1563076,frame,128
15631.576432504,child9,1563076,frame,142
15631.577860378002,child6,1563076,frame,-109
15631.579717793998,child3,1563076,frame,29
15631.582067918998,child2,1563076,frame,46
15631.587926501,child1,1563076,frame,139
15641.608431066,child8,1564086,frame,1
15641.613799939,child10,1564086,frame,-124
15641.640837391,child5,1564086,frame,30
15641.657564262001,child4,1564086,frame,-89
15641.667295259002,child7,1564086,frame,48
15641.678728673,child9,1564086,frame,34
15641.679156173,child6,1564086,frame,158
15641.686259005,child3,1564086,frame,28
15641.689152504001,child1,1564086,frame,-127
15641.689507961999,child2,1564086,frame,28
15651.714136192999,child8,1565096,frame,12
15651.719117024999,child10,1565096,frame,37
15651.745655602,child5,1565096,frame,29
15651.761743389,child4,1565096,frame,53
15651.77066897,child7,1565096,frame,28
15651.782773926,child9,1565096,frame,-73
15651.789135756999,child1,1565096,frame,14
15651.79230509,child2,1565096,frame,36
15651.793465339999,child6,1565096,frame,-112
15651.796267214,child3,1565096,frame,17
15660.796960494,child1,1566005,frame,142
15660.79887241,child2,1566005,frame,23
15660.801529159,child3,1566005,frame,-1
15660.802579367,child6,1566005,frame,132
15660.81621603,child8,1566005,frame,59
15660.823954653,child10,1566005,frame,24
15660.848183397,child5,1566005,frame,10
15660.865726810001,child4,1566005,frame,0
15660.875587141,child7,1566005,frame,40
15660.888003596001,child9,1566005,frame,44
15670.89083354,child9,1567015,frame,54
15670.90326687,child2,1567015,frame,-120
15670.903511829,child6,1567015,frame,-108
15670.903626745001,child1,1567015,frame,-65
15670.905613036999,child3,1567015,frame,-107
15670.923312949,child8,1567015,frame,-69
15670.927043030999,child10,1567015,frame,-90
15670.955999607,child5,1567015,frame,-93
15670.971410352999,child4,1567015,frame,45
15670.976526644,child7,1567015,frame,13
15680.994443292999,child9,1568025,frame,20
15681.007792331,child6,1568025,frame,141
15681.007936163998,child3,1568025,frame,160
15681.008408873,child2,1568025,frame,163
15681.009138456,child1,1568025,frame,6
15681.030563659,child8,1568025,frame,131
15681.030694075,child10,1568025,frame,160
15681.060190276,child5,1568025,frame,175
15681.078651688,child4,1568025,frame,28
15681.086402061,child7,1568025,frame,-91
15691.092792379999,child7,1569035,frame,29
15691.096415962,child9,1569035,frame,-79
15691.11068175,child1,1569035,frame,131
15691.110749084,child6,1569035,frame,-108
15691.11107,child2,1569035,frame,-103
15691.114874416,child3,1569035,frame,18
15691.133245995,child10,1569035,frame,-106
15691.136770994,child8,1569035,frame,-203
15691.168216693999,child5,1569035,frame,-112
15691.183344399,child4,1569035,frame,-87
15701.194826508001,child7,1570045,frame,-91
15701.202122339,child9,1570045,frame,47
15701.211220337,child6,1570045,frame,32
15701.211998587,child2,1570045,frame,-88
15701.214893003,child1,1570045,frame,-71
15701.221181834999,child3,1570045,frame,1
15701.237900122,child10,1570045,frame,36
15701.239045037999,child8,1570045,frame,19
15701.272848363002,child5,1570045,frame,30
15701.288329608999,child4,1570045,frame,39
15711.293285803,child4,1571055,frame,22
15711.295122886,child7,1571055,frame,156
15711.306702967,child9,1571055,frame,-94
15711.316372131,child6,1571055,frame,36
15711.316760673,child1,1571055,frame,47
15711.316862964,child2,1571055,frame,146
15711.326213545,child3,1571055,frame,4
15711.341238125,child8,1571055,frame,174
15711.344563666,child10,1571055,frame,1
15711.376006866001,child5,1571055,frame,142
15721.395115098,child4,1572065,frame,-87
15721.401680013,child7,1572065,frame,-119
15721.410520178,child9,1572065,frame,38
15721.420343883,child2,1572065,frame,-101
15721.423067716001,child6,1572065,frame,-124
15721.425350632,child1,1572065,frame,-71
15721.432027464001,child3,1572065,frame,5
15721.448562168,child8,1572065,frame,-211
15721.452913792,child10,1572065,frame,38
15721.480377077,child5,1572065,frame,-124
15731.498704476,child4,1573075,frame,39
15731.507329182,child7,1573075,frame,41
15731.514206347,child9,1573075,frame,54
15731.52649051,child6,1573075,frame,157
15731.526711052,child2,1573075,frame,38
15731.531241259,child1,1573075,frame,47
15731.536883424002,child3,1573075,frame,4
15731.553252295,child8,1573075,frame,144
15731.559217794,child10,1573075,frame,19
15731.583944246,child5,1573075,frame,33
15741.600531895001,child4,1574085,frame,-87
15741.615341475,child7,1574085,frame,23
15741.618194141001,child9,1574085,frame,-86
15741.628985513,child2,1574085,frame,-88
15741.630669638,child1,1574085,frame,-87
15741.631503179,child6,1574085,frame,-124
15741.642310718,child3,1574085,frame,-120
15741.657096339,child8,1574085,frame,-77
15741.664380546,child10,1574085,frame,-106
15741.690170498001,child5,1574085,frame,14
15751.692484442,child5,1575095,frame,12
15751.706639981,child4,1575095,frame,47
15751.718642103,child7,1575095,frame,40
15751.722995268,child9,1575095,frame,52
15751.732290432,child6,1575095,frame,29
15751.733212432,child2,1575095,frame,160
15751.735832682001,child1,1575095,frame,18
15751.746944179,child3,1575095,frame,143
15751.764711383,child8,1575095,frame,126
15751.769390505999,child10,1575095,frame,159
15760.795520405,child5,1576004,frame,-83
15760.811336859,child4,1576004,frame,57
15760.825283814,child7,1576004,frame,15
15760.827131938,child9,1576004,frame,12
15760.832683145,child6,1576004,frame,55
15760.836041686,child2,1576004,frame,-116
15760.844945184,child1,1576004,frame,41
15760.850813516001,child3,1576004,frame,-214
15760.86795972,child8,1576004,frame,0
15760.875678634999,child10,1576004,frame,-66
15770.883820036,child10,1577014,frame,27
15770.902608281,child5,1577014,frame,24
15770.915075736999,child4,1577014,frame,1
15770.928776983,child7,1577014,frame,24
15770.933975399,child9,1577014,frame,54
15770.936154315,child6,1577014,frame,25
15770.941531522,child2,1577014,frame,54
15770.948519228,child1,1577014,frame,2
15770.95501231,child3,1577014,frame,153
15770.972174388999,child8,1577014,frame,56
15780.987328997,child10,1578024,frame,-69
15781.008985742,child5,1578024,frame,7
15781.022653988,child4,1578024,frame,-89
15781.033144569,child7,1578024,frame,24
15781.037477359001,child9,1578024,frame,-85
15781.041332067,child6,1578024,frame,8
15781.044201524,child2,1578024,frame,38
15781.051238731001,child1,1578024,frame,-2
15781.059927104,child3,1578024,frame,13
15781.077668891,child8,1578024,frame,-100
15791.083850293,child8,1579034,frame,-72
15791.096061707,child10,1579034,frame,-103
15791.115293118,child5,1579034,frame,-98
15791.127377157001,child4,1579034,frame,-72
15791.136698488,child7,1579034,frame,-197
15791.141013404,child9,1579034,frame,-71
15791.14959186,child2,1579034,frame,-121
15791.152010609001,child6,1579034,frame,-116
15791.1543344,child1,1579034,frame,-198
15791.163305398,child3,1579034,frame,-115
15801.192793794,child8,1580044,frame,1
15801.200436792,child10,1580044,frame,-90
15801.220731329,child5,1580044,frame,-88
15801.231553409001,child4,1580044,frame,-120
15801.242181657,child7,1580044,frame,-76
15801.247013239,child9,1580044,frame,-87
15801.252156695999,child2,1580044,frame,-71
15801.25513157,child6,1580044,frame,-81
15801.257739778,child1,1580044,frame,21
15801.2689644,child3,1580044,frame,27
15811.298184213,child8,1581054,frame,-193
15811.303598920002,child10,1581054,frame,-73
15811.324789915,child5,1581054,frame,-86
15811.336353703,child4,1581054,frame,-113
15811.345901534001,child7,1581054,frame,-95
15811.352954491,child9,1581054,frame,-117
15811.354701199001,child2,1581054,frame,-196
15811.359810988999,child6,1581054,frame,-226
15811.365128571,child1,1581054,frame,-111
15811.370293195,child3,1581054,frame,-224
15821.399192341,child8,1582064,frame,17
15821.41204388,child10,1582064,frame,3
15821.430663417,child5,1582064,frame,-70
15821.440782414,child4,1582064,frame,-87
15821.449084829,child7,1582064,frame,3
15821.45873066,child2,1582064,frame,22
15821.460006868,child9,1582064,frame,31
15821.462930950001,child6,1582064,frame,11
15821.470194782,child1,1582064,frame,-87
15821.475289072,child3,1582064,frame,58
15831.503607802,child8,1583074,frame,-116
15831.515337257,child10,1583074,frame,-66
15831.534867002,child5,1583074,frame,9
15831.550334123,child4,1583074,frame,44
15831.555078456,child7,1583074,frame,-73
15831.562720162001,child9,1583074,frame,-101
15831.563703787,child2,1583074,frame,-2
15831.56600437,child6,1583074,frame,1
15831.57174641,child1,1583074,frame,-80
15831.581936116001,child3,1583074,frame,-101
15841.588216809001,child3,1584084,frame,-112
15841.605282262999,child8,1584084,frame,-66
15841.625117675001,child10,1584084,frame,-97
15841.643026545,child5,1584084,frame,-107
15841.659419583,child4,1584084,frame,-197
15841.661552124,child7,1584084,frame,-98
15841.666379665001,child9,1584084,frame,-78
15841.667936288999,child2,1584084,frame,-88
15841.672012788,child6,1584084,frame,-114
15841.672756704998,child1,1584084,frame,1
15851.690613395,child3,1585094,frame,11
15851.708882099001,child8,1585094,frame,-68
15851.730363593999,child10,1585094,frame,24
15851.745662382,child5,1585094,frame,47
15851.763061752,child4,1585094,frame,30
15851.768328001,child7,1585094,frame,-79
15851.770474875,child9,1585094,frame,-77
15851.773245208,child2,1585094,frame,-205
15851.773532833,child6,1585094,frame,36
15851.785526872,child1,1585094,frame,13
15860.776899612,child9,1586003,frame,58
15860.777096904001,child2,1586003,frame,42
15860.77721332,child6,1586003,frame,-110
15860.791188025,child3,1586003,frame,-115
15860.792997733,child1,1586003,frame,-106
15860.813842561,child8,1586003,frame,11
15860.832702556,child10,1586003,frame,-91
15860.849216801998,child5,1586003,frame,-116
15860.868004131,child4,1586003,frame,-88
15860.87057113,child7,1586003,frame,36
15870.873975699,child4,1587013,frame,55
15870.879849656001,child2,1587013,frame,34
15870.882579113999,child6,1587013,frame,136
15870.884004572,child9,1587013,frame,24
15870.894415486,child3,1587013,frame,185
15870.898149902,child1,1587013,frame,-77
15870.919509521,child8,1587013,frame,36
15870.939414683,child10,1587013,frame,130
15870.952107596,child5,1587013,frame,0
15870.973271674,child7,1587013,frame,20
15880.978475993,child7,1588023,frame,-71
15880.981799909,child4,1588023,frame,-70
15880.982770992,child2,1588023,frame,32
15880.983659492,child6,1588023,frame,-69
15880.988527366,child9,1588023,frame,-100
15881.000474780001,child3,1588023,frame,-338
15881.002197904,child1,1588023,frame,49
15881.023631232001,child8,1588023,frame,-108
15881.041136143998,child10,1588023,frame,-198
15881.055911182,child5,1588023,frame,1
15891.080419371,child7,1589033,frame,19
15891.086771578,child6,1589033,frame,22
15891.08737687,child4,1589033,frame,1
15891.089618536,child2,1589033,frame,-93
15891.093272785001,child9,1589033,frame,-105
15891.103191532002,child1,1589033,frame,56
15891.104186865,child3,1589033,frame,155
15891.128593651001,child8,1589033,frame,42
15891.146059188,child10,1589033,frame,14
15891.15852131,child5,1589033,frame,3
15901.180765416,child7,1590043,frame,0
15901.191542205,child4,1590043,frame,1
15901.193452538,child2,1590043,frame,139
15901.195808079001,child6,1590043,frame,50
15901.20026337,child9,1590043,frame,48
15901.20710091,child1,1590043,frame,49
15901.207646993,child3,1590043,frame,-1
15901.234174027999,child8,1590043,frame,45
15901.248579858,child10,1590043,frame,137
15901.264608104,child5,1590043,frame,1
15911.286620168,child7,1591053,frame,27
15911.297431166,child2,1591053,frame,-99
15911.297466499002,child4,1591053,frame,0
15911.301892623,child9,1591053,frame,56
15911.306568747,child6,1591053,frame,-77
15911.312141953998,child1,1591053,frame,-67
15911.312224245,child3,1591053,frame,14
15911.338233780001,child8,1591053,frame,34
15911.356098359,child10,1591053,frame,-74
15911.366816273001,child5,1591053,frame,20
15921.390319379,child7,1592063,frame,-99
15921.401010168,child2,1592063,frame,47
15921.405176584,child9,1592063,frame,48
15921.407747917001,child4,1592063,frame,18
15921.410052499,child6,1592063,frame,3
15921.412375707001,child3,1592063,frame,12
15921.417207456001,child1,1592063,frame,46
15921.443292074,child8,1592063,frame,-99
15921.460134486999,child10,1592063,frame,15
15921.470907191999,child5,1592063,frame,7
15931.476457969,child5,1593073,frame,-125
15931.492802132,child7,1593073,frame,15
15931.507381836998,child2,1593073,frame,39
15931.507930753,child4,1593073,frame,0
15931.511280626999,child6,1593073,frame,-68
15931.512601752,child9,1593073,frame,-102
15931.516724168001,child1,1593073,frame,-79
15931.517188126,child3,1593073,frame,4
15931.545785119,child8,1593073,frame,54
15931.565931614,child10,1593073,frame,7
15941.579181222,child5,1594083,frame,26
15941.596758300999,child7,1594083,frame,27
15941.612227839001,child2,1594083,frame,-2
15941.613966422,child4,1594083,frame,9
15941.616507920999,child6,1594083,frame,136
15941.618230129,child9,1594083,frame,48
15941.623726044,child1,1594083,frame,0
15941.624152253,child3,1594083,frame,137
15941.650468579,child8,1594083,frame,25
15941.667989367,child10,1594083,frame,14
15951.683388725,child5,1595093,frame,14
15951.700805679,child7,1595093,frame,13
15951.717676466,child4,1595093,frame,18
15951.719992257002,child2,1595093,frame,21
15951.722851715,child6,1595093,frame,-81
15951.723566631,child9,1595093,frame,51
15951.727754713002,child3,1595093,frame,-78
15951.731213296,child1,1595093,frame,54
15951.754000499,child8,1595093,frame,43
15951.770020661,child10,1595093,frame,2
15960.773065231999,child10,1596002,frame,60
15960.787518562,child5,1596002,frame,46
15960.802941141,child7,1596002,frame,14
15960.820715012002,child4,1596002,frame,2
15960.824920219,child6,1596002,frame,36
15960.825172886,child2,1596002,frame,-2
15960.826879968,child9,1596002,frame,18
15960.828951176001,child3,1596002,frame,31
15960.836952299001,child1,1596002,frame,31
15960.861816043001,child8,1596002,frame,-107
15970.867422320001,child8,1597012,frame,25
15970.877014568,child10,1597012,frame,52
15970.88897194,child5,1597012,frame,134
15970.909724435,child7,1597012,frame,133
15970.927900388,child4,1597012,frame,123
15970.929045679999,child6,1597012,frame,57
15970.932006846,child2,1597012,frame,6
15970.93268522,child9,1597012,frame,23
15970.932991387,child3,1597012,frame,-88
15970.942104467998,child1,1597012,frame,39
15980.972388364,child8,1598022,frame,-81
15980.982584528,child10,1598022,frame,-224
15980.996867525,child5,1598022,frame,-113
15981.012080521,child7,1598022,frame,-113
15981.032489349,child4,1598022,frame,-79
15981.032590432,child6,1598022,frame,-119
15981.035299473,child2,1598022,frame,10
15981.037096639,child9,1598022,frame,-100
15981.037671139,child3,1598022,frame,-2
15981.043672762999,child1,1598022,frame,-87
15991.080607032,child8,1599032,frame,166
15991.082423698,child10,1599032,frame,148
15991.101873027,child5,1599032,frame,8
15991.113708273999,child7,1599032,frame,148
15991.133626435001,child6,1599032,frame,135
15991.139320851,child4,1599032,frame,53
15991.139701017,child9,1599032,frame,166
15991.142743725,child3,1599032,frame,-2
15991.143249182998,child2,1599032,frame,24
15991.148949182,child1,1599032,frame,54
16001.186871201,child10,1600042,frame,-66
16001.186985701,child8,1600042,frame,-98
16001.208676195,child5,1600042,frame,-115
16001.221807192,child7,1600042,frame,-195
16001.232873981,child6,1600042,frame,-75
16001.246089144,child9,1600042,frame,-100
16001.246915018999,child2,1600042,frame,8
16001.247197311,child4,1600042,frame,-80
16001.251323475999,child1,1600042,frame,-85
16001.251442059,child3,1600042,frame,-126
16011.290134077999,child8,1601052,frame,43
16011.291076495,child10,1601052,frame,131
16011.316415405,child5,1601052,frame,150
16011.326689111,child7,1601052,frame,145
16011.345792230999,child6,1601052,frame,56
16011.350927188,child9,1601052,frame,23
16011.352499938,child4,1601052,frame,-71
16011.353010937,child2,1601052,frame,53
16011.354445019999,child1,1601052,frame,57
16011.357399478,child3,1601052,frame,139
16021.392827623,child8,1602062,frame,26
16021.397877496,child10,1602062,frame,-73
16021.420519907,child5,1602062,frame,57
16021.432420279,child7,1602062,frame,46
16021.452858108001,child6,1602062,frame,-83
16021.454495356998,child9,1602062,frame,25
16021.455628398999,child1,1602062,frame,40
16021.458020273,child4,1602062,frame,124
16021.459068523001,child2,1602062,frame,2
16021.463792313,child3,1602062,frame,-1
16031.470139632,child3,1603072,frame,14
16031.496091417,child8,1603072,frame,-100
16031.501006291,child10,1603072,frame,-65
16031.525583076,child5,1603072,frame,-121
16031.535897239999,child7,1603072,frame,-67
16031.559728275999,child4,1603072,frame,-80
16031.560287943,child1,1603072,frame,-92
16031.561285859,child9,1603072,frame,-100
16031.562295734,child2,1603072,frame,-125
16031.563901983,child6,1603072,frame,2
16041.568282261,child9,1604082,frame,165
16041.576690842001,child3,1604082,frame,7
16041.600494711001,child8,1604082,frame,124
16041.608722126,child10,1604082,frame,129
16041.634358828001,child5,1604082,frame,-1
16041.641535034001,child7,1604082,frame,1
16041.666102945,child4,1604082,frame,-69
16041.666297445,child1,1604082,frame,48
16041.666809319,child2,1604082,frame,16
16041.666958194,child6,1604082,frame,57
16051.669470597,child4,1605092,frame,125
16051.674480721,child2,1605092,frame,13
16051.674673554,child1,1605092,frame,2
16051.677849429001,child9,1605092,frame,20
16051.684355719,child3,1605092,frame,8
16051.706944838,child8,1605092,frame,-106
16051.715813919,child10,1605092,frame,-84
16051.740469288,child5,1605092,frame,4
16051.748711536,child7,1605092,frame,44
16051.766987864,child6,1605092,frame,8
16060.772260268,child6,1606001,frame,9
16060.774556975999,child4,1606001,frame,-66
16060.777005767,child1,1606001,frame,28
16060.778624225,child2,1606001,frame,32
16060.785307723001,child9,1606001,frame,-92
16060.793390054001,child3,1606001,frame,18
16060.813458508,child8,1606001,frame,150
16060.820601089,child10,1606001,frame,55
16060.849831165,child5,1606001,frame,176
16060.852183831,child7,1606001,frame,-71
16070.8584649,child7,1607011,frame,-79
16070.87682377,child6,1607011,frame,-82
16070.879068103,child4,1607011,frame,1
16070.881729977,child2,1607011,frame,-117
16070.881771977,child1,1607011,frame,-67
16070.891478558,child9,1607011,frame,17
16070.897377182,child3,1607011,frame,-127
16070.918150343,child8,1607011,frame,-104
16070.928443091,child10,1607011,frame,-81
16070.954278584,child5,1607011,frame,-77
16080.961149194,child5,1608021,frame,57
16080.963387402,child7,1608021,frame,28
16080.977323815,child6,1608021,frame,22
16080.98488398,child1,1608021,frame,-70
16080.985612147,child2,1608021,frame,24
16080.987693396,child4,1608021,frame,9
16080.997264852,child9,1608021,frame,-93
16081.001525559,child3,1608021,frame,15
16081.027981427998,child8,1608021,frame,35
16081.035467591999,child10,1608021,frame,129
16091.066762738,child7,1609031,frame,46
16091.068012362999,child5,1609031,frame,33
16091.080453276001,child6,1609031,frame,57
16091.084765566999,child1,1609031,frame,53
16091.092139773,child4,1609031,frame,1
16091.094085147999,child2,1609031,frame,6
16091.099394188,child9,1609031,frame,159
16091.105090603,child3,1609031,frame,60
16091.132500263,child8,1609031,frame,17
16091.140317970001,child10,1609031,frame,-81
16101.172564407001,child7,1610041,frame,11
16101.174740823,child5,1610041,frame,58
16101.183059904,child6,1610041,frame,-68
16101.189023444,child1,1610041,frame,-70
16101.198836983001,child4,1610041,frame,-70
16101.20101365,child2,1610041,frame,157
16101.205767481999,child9,1610041,frame,-67
16101.210893063999,child3,1610041,frame,6
16101.237238639998,child8,1610041,frame,-86
16101.245619680001,child10,1610041,frame,6
16111.2780417,child7,1611051,frame,18
16111.283441865999,child5,1611051,frame,38
16111.284606157,child6,1611051,frame,57
16111.289590364,child1,1611051,frame,7
16111.301633403,child4,1611051,frame,142
16111.306704443,child2,1611051,frame,16
16111.3120989,child9,1611051,frame,-100
16111.315774774,child3,1611051,frame,7
16111.339848852,child8,1611051,frame,33
16111.352947931999,child10,1611051,frame,60
16121.383753494,child7,1612061,frame,-196
16121.386296744,child6,1612061,frame,-201
16121.3917547,child5,1612061,frame,-107
16121.394316825,child1,1612061,frame,-2
16121.405880489,child4,1612061,frame,-195
16121.409919404,child2,1612061,frame,-125
16121.417557652001,child9,1612061,frame,25
16121.418712527,child3,1612061,frame,-119
16121.441702479999,child8,1612061,frame,-89
16121.457049851,child10,1612061,frame,-224
16131.465138127,child10,1613071,frame,148
16131.486131872,child6,1613071,frame,143
16131.488524080001,child7,1613071,frame,35
16131.498796909998,child5,1613071,frame,-100
16131.499845452,child1,1613071,frame,7
16131.511235616,child4,1613071,frame,134
16131.518438281,child2,1613071,frame,-2
16131.520501238,child3,1613071,frame,23
16131.523755654,child9,1613071,frame,40
16131.547296273,child8,1613071,frame,-83
16141.567724130002,child10,1614081,frame,-66
16141.589325791,child6,1614081,frame,5
16141.593574415001,child7,1614081,frame,149
16141.601532454999,child5,1614081,frame,33
16141.602926455,child1,1614081,frame,10
16141.615200368,child4,1614081,frame,-99
16141.624086408001,child2,1614081,frame,18
16141.624806282001,child3,1614081,frame,22
16141.629056823,child9,1614081,frame,24
16141.652335024999,child8,1614081,frame,167
16151.675143757,child10,1615091,frame,11
16151.696006085,child6,1615091,frame,-101
16151.70034125,child7,1615091,frame,-108
16151.702443666,child1,1615091,frame,14
16151.70847829,child5,1615091,frame,0
16151.719358412,child4,1615091,frame,15
16151.72966416,child3,1615091,frame,25
16151.729863201,child2,1615091,frame,21
16151.736643283,child9,1615091,frame,-98
16151.760241652,child8,1615091,frame,-67
16160.763711973,child8,1616000,frame,32
16160.78124051,child10,1616000,frame,45
16160.797049589,child6,1616000,frame,148
16160.804204254,child7,1616000,frame,50
16160.80656217,child1,1616000,frame,124
16160.814135834999,child5,1616000,frame,134
16160.824120791,child4,1616000,frame,133
16160.83455608,child3,1616000,frame,41
16160.836239328999,child2,1616000,frame,153
16160.837959787,child9,1616000,frame,136
16170.865036767,child8,1617010,frame,-83
16170.887427887,child10,1617010,frame,14
16170.901775217,child6,1617010,frame,-110
16170.90952784,child7,1617010,frame,-106
16170.912818172,child1,1617010,frame,-202
16170.917931962,child5,1617010,frame,-101
16170.92617271,child4,1617010,frame,-126
16170.939843874,child9,1617010,frame,-108
16170.94286979,child3,1617010,frame,-120
16170.942960163999,child2,1617010,frame,-202
16180.973533685,child8,1618020,frame,13
16180.995750555,child10,1618020,frame,50
16181.007066635,child6,1618020,frame,18
16181.011623175998,child7,1618020,frame,40
16181.019903965,child1,1618020,frame,143
16181.020949798,child5,1618020,frame,38
16181.030801046001,child4,1618020,frame,14
16181.042877335001,child9,1618020,frame,155
16181.044862709,child2,1618020,frame,8
16181.047906833,child3,1618020,frame,135
16191.052334986,child2,1619030,frame,23
16191.053866152,child3,1619030,frame,15
16191.077620354,child8,1619030,frame,-76
16191.099390931999,child10,1619030,frame,-1
16191.109235305,child6,1619030,frame,10
16191.117626219,child7,1619030,frame,24
16191.123893510001,child1,1619030,frame,-69
16191.125758758999,child5,1619030,frame,-85
16191.136876465,child4,1619030,frame,8
16191.148056794998,child9,1619030,frame,25
16201.151665114001,child9,1620040,frame,-116
16201.156977738001,child2,1620040,frame,7
16201.158560196,child3,1620040,frame,14
16201.180218607,child8,1620040,frame,4
16201.205785934,child10,1620040,frame,-117
16201.210883391,child6,1620040,frame,-106
16201.221904388,child7,1620040,frame,43
16201.226466221,child1,1620040,frame,2
16201.229755928,child5,1620040,frame,56
16201.239600633999,child4,1620040,frame,22
16211.254503867,child9,1621050,frame,24
16211.262164032,child2,1621050,frame,10
16211.262350282,child3,1621050,frame,-2
16211.285105526,child8,1621050,frame,15
16211.311990103,child10,1621050,frame,60
16211.312339478,child6,1621050,frame,135
16211.324097308001,child7,1621050,frame,0
16211.326013974,child1,1621050,frame,20
16211.335209055002,child5,1621050,frame,59
16211.345465178,child4,1621050,frame,-1
16221.357977245,child9,1622060,frame,8
16221.366308576002,child3,1622060,frame,-2
16221.370403867,child2,1622060,frame,8
16221.388546904,child8,1622060,frame,50
16221.421114228999,child6,1622060,frame,-114
16221.422456312,child10,1622060,frame,4
16221.431890935,child7,1622060,frame,144
16221.4382976,child1,1622060,frame,-1
16221.443456973,child5,1622060,frame,24
16221.449563847,child4,1622060,frame,15
16231.459111873,child4,1623070,frame,126
16231.46377858,child9,1623070,frame,24
16231.47122562,child3,1623070,frame,-1
16231.476329077,child2,1623070,frame,7
16231.488658574,child8,1623070,frame,3
16231.52214494,child6,1623070,frame,151
16231.527913439,child10,1623070,frame,-2
16231.534473646,child7,1623070,frame,18
16231.545795559,child1,1623070,frame,124
16231.547529267,child5,1623070,frame,22
16241.559274834999,child5,1624080,frame,17
16241.563683,child4,1624080,frame,-78
16241.570575914999,child9,1624080,frame,10
16241.57793008,child3,1624080,frame,-2
16241.579870954,child2,1624080,frame,-71
16241.595859284,child8,1624080,frame,15
16241.621569527,child6,1624080,frame,14
16241.637226357,child10,1624080,frame,60
16241.643211064,child7,1624080,frame,-79
16241.648930312,child1,1624080,frame,-204
16251.662565546001,child5,1625090,frame,30
16251.670919419,child4,1625090,frame,8
16251.675495417001,child9,1625090,frame,20
16251.685555248,child3,1625090,frame,3
16251.689095247,child2,1625090,frame,161
16251.700525078,child8,1625090,frame,1
16251.723075239,child6,1625090,frame,12
16251.743738317,child10,1625090,frame,-86
16251.749753899001,child7,1625090,frame,14
16251.752730690001,child1,1625090,frame,146
16261.753639051,child7,1626100,frame,44
16261.756653801,child1,1626100,frame,-79
16261.767503214,child5,1626100,frame,14
16261.774768754,child4,1626100,frame,55
16261.782225586001,child9,1626100,frame,50
16261.788175333999,child3,1626100,frame,50
16261.796060166,child2,1626100,frame,-66
16261.809463079,child8,1626100,frame,137
16261.825691908,child6,1626100,frame,-2
16261.845965236002,child10,1626100,frame,5
16270.851949432,child10,1627009,frame,53
16270.853925806001,child7,1627009,frame,-83
16270.859966013,child1,1627009,frame,59
16270.87186676,child5,1627009,frame,52
16270.880194924,child4,1627009,frame,44
16270.884909548,child9,1627009,frame,45
16270.895047296,child3,1627009,frame,27
16270.900214003,child2,1627009,frame,-80
16270.911232292001,child8,1627009,frame,32
16270.929842911999,child6,1627009,frame,29
16280.953995018,child10,1628019,frame,5
16280.957238434,child7,1628019,frame,46
16280.962433849,child1,1628019,frame,55
16280.978275970001,child5,1628019,frame,-114
16280.987217258998,child4,1628019,frame,40
16280.988305425999,child9,1628019,frame,-116
16280.99788159,child3,1628019,frame,-74
16281.005889005,child2,1628019,frame,123
16281.014870627001,child8,1628019,frame,-99
16281.036869164,child6,1628019,frame,-68
16291.054786146,child10,1629029,frame,-73
16291.062719269,child1,1629029,frame,-79
16291.064536352,child7,1629029,frame,-67
16291.084565139,child5,1629029,frame,-119
16291.095637302,child9,1629029,frame,8
16291.096176261,child4,1629029,frame,-93
16291.104440467,child3,1629029,frame,59
16291.108741882,child2,1629029,frame,0
16291.115987631001,child8,1629029,frame,52
16291.141607624,child6,1629029,frame,-76
16301.14685486,child6,1630039,frame,135
16301.158629815,child10,1630039,frame,130
16301.163648606,child1,1630039,frame,57
16301.173459311,child7,1630039,frame,2
16301.191934723,child5,1630039,frame,26
16301.195967639,child9,1630039,frame,54
16301.202762220999,child4,1630039,frame,41
16301.209398886002,child3,1630039,frame,-74
16301.212058677002,child2,1630039,frame,0
16301.221412715999,child8,1630039,frame,25
16311.250726112,child6,1631049,frame,-83
16311.262436109,child10,1631049,frame,-73
16311.268778441,child1,1631049,frame,-78
16311.278547689,child7,1631049,frame,124
16311.294479726,child5,1631049,frame,25
16311.304490015,child9,1631049,frame,-123
16311.305922765,child4,1631049,frame,-93
16311.312861222,child3,1631049,frame,42
16311.318168554,child2,1631049,frame,125
16311.325493635,child8,1631049,frame,26
16321.354928031,child6,1632059,frame,2
16321.366015945001,child10,1632059,frame,42
16321.378965609,child1,1632059,frame,10
16321.382970774,child7,1632059,frame,-121
16321.395662063002,child5,1632059,frame,-100
16321.409523309,child4,1632059,frame,55
16321.410858392,child9,1632059,frame,16
16321.417179141,child3,1632059,frame,52
16321.421789223,child2,1632059,frame,-96
16321.429726554,child8,1632059,frame,-90
16331.451723494001,child6,1633069,frame,22
16331.47231603,child10,1633069,frame,-1
16331.484705736,child1,1633069,frame,49
16331.485524110001,child7,1633069,frame,54
16331.503533606001,child5,1633069,frame,-67
16331.518912559999,child3,1633069,frame,-80
16331.520351435,child4,1633069,frame,-67
16331.520721101999,child9,1633069,frame,17
16331.527241807999,child2,1633069,frame,46
16331.534090307,child8,1633069,frame,26
16341.554946954999,child6,1634079,frame,3
16341.577549491,child10,1634079,frame,-73
16341.589082195998,child1,1634079,frame,-69
16341.589291946,child7,1634079,frame,3
16341.609374900001,child5,1634079,frame,54
16341.623121104,child3,1634079,frame,53
16341.624283521,child4,1634079,frame,46
16341.628059353,child9,1634079,frame,17
16341.632933519,child2,1634079,frame,-71
16341.64140085,child8,1634079,frame,-107
16351.650688918,child8,1635089,frame,-1
16351.656125083,child6,1635089,frame,2
16351.682036577,child10,1635089,frame,-2
16351.690223366,child1,1635089,frame,12
16351.694659322999,child7,1635089,frame,-70
16351.714520693,child5,1635089,frame,-70
16351.728956314999,child4,1635089,frame,-80
16351.731655856,child3,1635089,frame,53
16351.732441522001,child9,1635089,frame,4
16351.735305020999,child2,1635089,frame,55
16361.755014922,child8,1636099,frame,49
16361.756591797,child6,1636099,frame,7
16361.786134915,child10,1636099,frame,1
16361.794855413,child1,1636099,frame,-2
16361.799463786001,child7,1636099,frame,10
16361.818316322999,child5,1636099,frame,11
16361.833473069999,child4,1636099,frame,-2
16361.836196277,child9,1636099,frame,28
16361.836644194,child3,1636099,frame,50
16361.83916811,child2,1636099,frame,19
16370.836654477,child4,1637008,frame,1
16370.843322016999,child9,1637008,frame,-80
16370.843714267,child3,1637008,frame,-115
16370.846253725,child2,1637008,frame,-226
16370.857042264,child6,1637008,frame,28
16370.860719555,child8,1637008,frame,25
16370.889175923,child10,1637008,frame,47
16370.895383838,child1,1637008,frame,42
16370.903341336001,child7,1637008,frame,43
16370.921416206,child5,1637008,frame,39
16380.938711614,child4,1638018,frame,0
16380.946283112,child3,1638018,frame,52
16380.946634529,child9,1638018,frame,25
16380.953505027,child2,1638018,frame,133
16380.963751316,child8,1638018,frame,53
16380.967373815,child6,1638018,frame,-76
16380.992880767,child10,1638018,frame,-73
16380.998491682001,child1,1638018,frame,11
16381.009390805,child7,1638018,frame,2
16381.023760676,child5,1638018,frame,56
16391.04444925,child4,1639028,frame,6
16391.05012954,child3,1639028,frame,-88
16391.051599956,child9,1639028,frame,-113
16391.061928912,child2,1639028,frame,-89
16391.069753368,child8,1639028,frame,-91
16391.071205993,child6,1639028,frame,11
16391.096773778,child10,1639028,frame,58
16391.097213278,child1,1639028,frame,0
16391.114198191,child7,1639028,frame,4
16391.127074813,child5,1639028,frame,-113
16401.15025476,child4,1640038,frame,-1
16401.151853927,child3,1640038,frame,-74
16401.158048592,child9,1640038,frame,33
16401.167295173,child2,1640038,frame,18
16401.175533504,child6,1640038,frame,-123
16401.177059420002,child8,1640038,frame,5
16401.201920706,child10,1640038,frame,-2
16401.204219872,child1,1640038,frame,-72
16401.22039341,child7,1640038,frame,-125
16401.230838199,child5,1640038,frame,16
16411.250188481,child4,1641048,frame,-118
16411.256965688,child3,1641048,frame,4
16411.262763936,child9,1641048,frame,32
16411.274594016002,child2,1641048,frame,-117
16411.275634516,child6,1641048,frame,19
16411.280541473,child8,1641048,frame,41
16411.304494384,child10,1641048,frame,6
16411.308519633,child1,1641048,frame,-1
16411.325403004,child7,1641048,frame,20
16411.333751335,child5,1641048,frame,8
16421.338494454,child5,1642058,frame,1
16421.356554408,child4,1642058,frame,142
16421.36438974,child3,1642058,frame,-66
16421.368997113,child9,1642058,frame,34
16421.380132527,child6,1642058,frame,38
16421.38145136,child2,1642058,frame,157
16421.385212151,child8,1642058,frame,-82
16421.409225061998,child10,1642058,frame,5
16421.413897436,child1,1642058,frame,7
16421.431914348002,child7,1642058,frame,6
16431.438032133,child7,1643068,frame,28
16431.447121798,child5,1643068,frame,11
16431.457084795,child4,1643068,frame,8
16431.469941417,child3,1643068,frame,56
16431.470999084,child9,1643068,frame,14
16431.481512331,child6,1643068,frame,18
16431.488946621,child2,1643068,frame,53
16431.490091579,child8,1643068,frame,59
16431.516439614,child10,1643068,frame,-2
16431.518653155003,child1,1643068,frame,-1
16441.543546061,child7,1644078,frame,-108
16441.553799225,child5,1644078,frame,-124
16441.566235972,child4,1644078,frame,-123
16441.573384095,child9,1644078,frame,34
16441.575603553,child3,1644078,frame,15
16441.588236757998,child6,1644078,frame,19
16441.594949173,child2,1644078,frame,10
16441.598348921998,child8,1644078,frame,-91
16441.620423292,child10,1644078,frame,-66
16441.620541167,child1,1644078,frame,1
16451.648489113,child7,1645088,frame,266
16451.657777361,child5,1645088,frame,161
16451.668128275,child4,1645088,frame,141
16451.677352898,child3,1645088,frame,147
16451.68276773,child9,1645088,frame,32
16451.690883686002,child6,1645088,frame,18
16451.699736809,child2,1645088,frame,141
16451.700774517,child8,1645088,frame,49
16451.725706844,child1,1645088,frame,127
16451.726538803,child10,1645088,frame,176
16461.755423624,child7,1646098,frame,-243
16461.762937205,child5,1646098,frame,-122
16461.771505912002,child4,1646098,frame,-124
16461.784372492002,child3,1646098,frame,-67
16461.787397658,child9,1646098,frame,-104
16461.795038114,child6,1646098,frame,22
16461.803366112,child2,1646098,frame,-214
16461.811144777,child8,1646098,frame,4
16461.828986856002,child1,1646098,frame,-196
16461.833921146,child10,1646098,frame,-74
16470.82955368,child1,1647007,frame,131
16470.841791469,child10,1647007,frame,34
16470.85863509,child7,1647007,frame,127
16470.866916213,child5,1647007,frame,58
16470.878573377002,child4,1647007,frame,10
16470.890634999,child3,1647007,frame,45
16470.890681582,child9,1647007,frame,49
16470.891816082,child6,1647007,frame,42
16470.906963286,child2,1647007,frame,161
16470.91396491,child8,1647007,frame,46
16480.930254067,child1,1648017,frame,-123
16480.946189105,child10,1648017,frame,-199
16480.960861685002,child7,1648017,frame,-98
16480.970733224,child5,1648017,frame,-115
16480.982126138,child4,1648017,frame,-107
16480.993113344,child6,1648017,frame,-115
16480.994997052,child9,1648017,frame,-109
16481.000554967,child3,1648017,frame,-127
16481.011832631,child2,1648017,frame,-204
16481.017571420998,child8,1648017,frame,-208
16491.035374953,child1,1649027,frame,10
16491.054244074,child10,1649027,frame,14
16491.067339779,child7,1649027,frame,8
16491.07505636,child5,1649027,frame,26
16491.085297941,child4,1649027,frame,32
16491.094259897,child6,1649027,frame,-114
16491.100747312,child9,1649027,frame,33
16491.104721728,child3,1649027,frame,7
16491.117061558,child2,1649027,frame,8
16491.125018931,child8,1649027,frame,148
16501.130094217002,child8,1650037,frame,58
16501.139279965,child1,1650037,frame,10
16501.162009584,child10,1650037,frame,13
16501.170695165,child7,1650037,frame,27
16501.180443205,child5,1650037,frame,26
16501.191439119,child4,1650037,frame,17
16501.200090075,child6,1650037,frame,151
16501.205727573,child9,1650037,frame,33
16501.212394322,child3,1650037,frame,5
16501.223400319002,child2,1650037,frame,55
16511.228463479998,child2,1651047,frame,44
16511.236865894,child8,1651047,frame,42
16511.245886225,child1,1651047,frame,9
16511.267921845,child10,1651047,frame,139
16511.274002968,child7,1651047,frame,26
16511.282795675,child5,1651047,frame,168
16511.297794421,child4,1651047,frame,32
16511.306761377,child6,1651047,frame,30
16511.316073583,child3,1651047,frame,124
16511.31658825,child9,1651047,frame,15
16521.3298782,child2,1652057,frame,0
16521.338996489,child8,1652057,frame,-126
16521.352708569,child1,1652057,frame,153
16521.370413565,child10,1652057,frame,-83
16521.380309436998,child7,1652057,frame,7
16521.38434977,child5,1652057,frame,8
16521.400080057,child4,1652057,frame,51
16521.407826806,child6,1652057,frame,11
16521.419188594,child9,1652057,frame,33
16521.420347761,child3,1652057,frame,-74
16531.433969335998,child2,1653067,frame,0
16531.444121542,child8,1653067,frame,49
16531.452660456,child1,1653067,frame,-72
16531.4778182,child10,1653067,frame,-1
16531.481505824,child7,1653067,frame,12
16531.492110363,child5,1653067,frame,-70
16531.506305651,child4,1653067,frame,-110
16531.512608525,child6,1653067,frame,-115
16531.520213648,child9,1653067,frame,33
16531.526701313,child3,1653067,frame,59
16541.528481433,child9,1654077,frame,32
16541.53152814,child3,1654077,frame,4
16541.539977472,child2,1654077,frame,-109
16541.548978718998,child8,1654077,frame,5
16541.558814342,child1,1654077,frame,15
16541.581318628,child10,1654077,frame,146
16541.586222502,child7,1654077,frame,23
16541.598229916002,child5,1654077,frame,142
16541.611628037,child4,1654077,frame,46
16541.614492245,child6,1654077,frame,152
16551.632683819,child9,1655087,frame,-107
16551.635721818,child3,1655087,frame,59
16551.642356983,child2,1655087,frame,53
16551.654275689,child8,1655087,frame,51
16551.661264562,child1,1655087,frame,55
16551.685782806,child10,1655087,frame,-65
16551.691150513,child7,1655087,frame,11
16551.705733509,child5,1655087,frame,48
16551.718047673,child4,1655087,frame,30
16551.719203173,child6,1655087,frame,-115
16561.737762955,child9,1656097,frame,16
16561.739768078998,child3,1656097,frame,-88
16561.745160286,child2,1656097,frame,146
16561.760501366,child1,1656097,frame,-2
16561.761158366,child8,1656097,frame,48
16561.787119567998,child10,1656097,frame,135
16561.798563357,child7,1656097,frame,22
16561.811144645,child5,1656097,frame,46
16561.821815018,child4,1656097,frame,31
16561.824522225,child6,1656097,frame,30
16570.824805342,child4,1657006,frame,8
16570.829875215,child6,1657006,frame,43
16570.843222754,child9,1657006,frame,51
16570.845195712,child3,1657006,frame,149
16570.848788461,child2,1657006,frame,-101
16570.862430416,child1,1657006,frame,37
16570.862783749,child8,1657006,frame,28
16570.891039867,child10,1657006,frame,-107
16570.900474698,child7,1657006,frame,36
16570.916557861,child5,1657006,frame,59
16580.922529146002,child5,1658016,frame,-98
16580.925070562,child4,1658016,frame,15
16580.93235381,child6,1658016,frame,56
16580.945760599,child9,1658016,frame,-107
16580.94814639,child3,1658016,frame,-96
16580.954046347,child2,1658016,frame,37
16580.963487178,child1,1658016,frame,-86
16580.966909177,child8,1658016,frame,-98
16580.997372878,child10,1658016,frame,-81
16581.006231167,child7,1658016,frame,-123
16591.025526074,child5,1659026,frame,14
16591.02833024,child4,1659026,frame,-111
16591.031428323,child6,1659026,frame,3
16591.049349152,child3,1659026,frame,-88
16591.0544204,child9,1659026,frame,32
16591.0579754,child2,1659026,frame,-69
16591.06827448,child1,1659026,frame,46
16591.070410438,child8,1659026,frame,-84
16591.100358889,child10,1659026,frame,34
16591.110696387,child7,1659026,frame,0
16601.130134127,child4,1660036,frame,32
16601.130642918,child6,1660036,frame,-103
16601.133289751,child5,1660036,frame,-100
16601.15596487,child3,1660036,frame,-2
16601.160591203,child9,1660036,frame,-112
16601.161307286,child2,1660036,frame,8
16601.172911283,child8,1660036,frame,13
16601.175474991,child1,1660036,frame,-211
16601.21126294,child10,1660036,frame,-126
16601.213458856,child7,1660036,frame,-106
16611.233675472,child6,1661046,frame,18
16611.237005304,child4,1661046,frame,32
16611.238567429,child5,1661046,frame,33
16611.259904382,child3,1661046,frame,-73
16611.266590755,child2,1661046,frame,8
16611.267517837998,child9,1661046,frame,47
16611.276645003,child1,1661046,frame,143
16611.279024168998,child8,1661046,frame,42
16611.313204952,child10,1661046,frame,131
16611.315387368,child7,1661046,frame,140
16621.322513403,child7,1662056,frame,-105
16621.340639024,child6,1662056,frame,3
16621.341943273,child4,1662056,frame,-108
16621.343135480998,child5,1662056,frame,18
16621.365995559,child3,1662056,frame,132
16621.372755141,child2,1662056,frame,53
16621.376906473,child9,1662056,frame,49
16621.379244556,child1,1662056,frame,56
16621.383969513,child8,1662056,frame,42
16621.418046505,child10,1662056,frame,51
16631.421064541002,child10,1663066,frame,-65
16631.426741831,child7,1663066,frame,32
16631.445758535,child5,1663066,frame,-82
16631.446312326,child4,1663066,frame,33
16631.447339493,child6,1663066,frame,-107
16631.471200737,child3,1663066,frame,-72
16631.475991194002,child2,1663066,frame,-77
16631.480919693,child9,1663066,frame,47
16631.482672776,child1,1663066,frame,-76
16631.485975733,child8,1663066,frame,-72
16641.529229759,child10,1664076,frame,-65
16641.529559759,child7,1664076,frame,15
16641.550211212,child5,1664076,frame,38
16641.550860421,child4,1664076,frame,33
16641.552413336998,child6,1664076,frame,19
16641.570791456998,child3,1664076,frame,6
16641.57887333,child2,1664076,frame,0
16641.582979579,child9,1664076,frame,-109
16641.58789312,child8,1664076,frame,50
16641.58815112,child1,1664076,frame,1
16651.633279187,child7,1665086,frame,35
16651.634617353,child10,1665086,frame,21
16651.65343289,child6,1665086,frame,18
16651.653694099,child5,1665086,frame,38
16651.655778848,child4,1665086,frame,-93
16651.678201218,child3,1665086,frame,59
16651.68383555,child2,1665086,frame,16
16651.684426133,child9,1665086,frame,47
16651.690289506,child1,1665086,frame,-123
16651.692953172,child8,1665086,frame,50
16661.738408281,child7,1666096,frame,21
16661.741282406,child10,1666096,frame,55
16661.756008069,child6,1666096,frame,147
16661.760574318,child5,1666096,frame,-81
16661.761223276,child4,1666096,frame,-76
16661.780695188,child3,1666096,frame,9
16661.788498644,child9,1666096,frame,52
16661.789337977,child2,1666096,frame,-75
16661.790455394,child1,1666096,frame,167
16661.799471058,child8,1666096,frame,-119
16670.844804747,child10,1667005,frame,41
16670.847891288,child7,1667005,frame,7
16670.861124451,child6,1667005,frame,-82
16670.863759742,child5,1667005,frame,143
16670.865709283,child4,1667005,frame,302
16670.888852152,child3,1667005,frame,17
16670.89057011,child1,1667005,frame,34
16670.893172901,child2,1667005,frame,248
16670.893404026,child9,1667005,frame,3
16670.901589024,child8,1667005,frame,171
16680.949037508,child10,1668015,frame,-65
16680.949474174,child7,1668015,frame,8
16680.966113212,child6,1668015,frame,26
16680.969903086,child5,1668015,frame,-217
16680.972661210002,child4,1668015,frame,-108
16680.993956997,child1,1668015,frame,19
16680.994697788,child2,1668015,frame,-80
16680.996428663002,child9,1668015,frame,24
16680.997689996002,child3,1668015,frame,-72
16681.005751119003,child8,1668015,frame,-100
16691.052022853,child7,1669025,frame,11
16691.053960769,child10,1669025,frame,52
16691.071199056,child6,1669025,frame,13
16691.075523597,child5,1669025,frame,3
16691.080112346,child4,1669025,frame,32
16691.099953424,child3,1669025,frame,-1
16691.10171109,child2,1669025,frame,55
16691.102764048002,child1,1669025,frame,-86
16691.10326559,child9,1669025,frame,24
16691.109809255002,child8,1669025,frame,54
16701.112193416,child2,1670035,frame,-221
16701.113215041,child8,1670035,frame,-216
16701.15264874,child7,1670035,frame,-224
16701.160814654,child10,1670035,frame,-66
16701.172948235,child6,1670035,frame,-95
16701.181530607,child4,1670035,frame,-216
16701.183854398998,child5,1670035,frame,-71
16701.202577436,child3,1670035,frame,-72
16701.205661227003,child9,1670035,frame,-224
16701.207399976,child1,1670035,frame,0
16711.211751637,child9,1671045,frame,180
16711.217094844,child2,1671045,frame,141
16711.21858476,child8,1671045,frame,145
16711.25959475,child7,1671045,frame,147
16711.265767665,child10,1671045,frame,138
16711.27234883,child6,1671045,frame,26
16711.285642077,child4,1671045,frame,173
16711.28744791,child5,1671045,frame,9
16711.304786406,child3,1671045,frame,14
16711.311322529,child1,1671045,frame,7
16721.318192189,child1,1672055,frame,125
16721.319848772,child9,1672055,frame,24
16721.323187313,child8,1672055,frame,43
16721.325783354,child2,1672055,frame,54
16721.362057345,child7,1672055,frame,28
16721.371065259,child10,1672055,frame,-73
16721.373513426,child6,1672055,frame,11
16721.390336296,child5,1672055,frame,126
16721.392805504,child4,1672055,frame,-74
16721.408510667,child3,1672055,frame,131
16731.423328742,child9,1673065,frame,-101
16731.423731075,child1,1673065,frame,-204
16731.426903157,child8,1673065,frame,-84
16731.430411823,child2,1673065,frame,-204
16731.464722648,child7,1673065,frame,-118
16731.474484937,child10,1673065,frame,-91
16731.478251603,child6,1673065,frame,10
16731.493454724,child4,1673065,frame,-80
16731.496473682,child5,1673065,frame,-194
16731.512459553,child3,1673065,frame,-72
16741.518768505,child3,1674075,frame,6
16741.526314712,child9,1674075,frame,166
16741.529863461,child1,1674075,frame,55
16741.530312627,child8,1674075,frame,138
16741.536061001,child2,1674075,frame,179
16741.572544658,child7,1674075,frame,169
16741.577582782,child10,1674075,frame,125
16741.583609947,child6,1674075,frame,11
16741.599718235,child4,1674075,frame,171
16741.600865401,child5,1674075,frame,152
16751.623712141,child3,1675085,frame,7
16751.628448098,child9,1675085,frame,-100
16751.629717556,child1,1675085,frame,2
16751.632360181,child8,1675085,frame,-99
16751.641632512,child2,1675085,frame,-87
16751.67598892,child7,1675085,frame,-100
16751.686164876,child10,1675085,frame,-73
16751.692640416,child6,1675085,frame,-99
16751.703363455,child5,1675085,frame,-107
16751.704770829,child4,1675085,frame,-110
16761.730902235,child9,1676095,frame,18
16761.731447901,child1,1676095,frame,131
16761.733589067,child3,1676095,frame,8
16761.737066025,child8,1676095,frame,57
16761.74836373,child2,1676095,frame,13
16761.780898139,child7,1676095,frame,22
16761.790011679,child10,1676095,frame,126
16761.796093719,child6,1676095,frame,155
16761.808042673998,child5,1676095,frame,36
16761.809114882,child4,1676095,frame,-2
16770.813166456002,child5,1677004,frame,44
16770.813508373,child4,1677004,frame,44
16770.833996409,child9,1677004,frame,-122
16770.834542784,child1,1677004,frame,-79
16770.839093116,child3,1677004,frame,-89
16770.841996532,child8,1677004,frame,-76
16770.850997988,child2,1677004,frame,27
16770.885748355,child7,1677004,frame,18
16770.893523770003,child10,1677004,frame,-99
16770.900919518,child6,1677004,frame,-83
16780.907117845,child6,1678014,frame,26
16780.918007174998,child5,1678014,frame,9
16780.918999633,child4,1678014,frame,53
16780.941339836,child1,1678014,frame,57
16780.942416086,child9,1678014,frame,57
16780.943970252,child8,1678014,frame,184
16780.944531376997,child3,1678014,frame,181
16780.952480666998,child2,1678014,frame,10
16780.992389823998,child7,1678014,frame,148
16780.998138406,child10,1678014,frame,60
16791.005827107,child10,1679024,frame,26
16791.011749689,child6,1679024,frame,30
16791.024359228,child5,1679024,frame,2
16791.025117394,child4,1679024,frame,-101
16791.046409054998,child1,1679024,frame,-77
16791.047639472,child3,1679024,frame,-80
16791.049976512997,child9,1679024,frame,24
16791.051368096003,child8,1679024,frame,-116
16791.056326511,child2,1679024,frame,-79
16791.094803002,child7,1679024,frame,-192
16801.106558411,child10,1680034,frame,-197
16801.115613449998,child6,1680034,frame,-114
16801.127330864,child4,1680034,frame,53
16801.130704363,child5,1680034,frame,-123
16801.148277984,child1,1680034,frame,-68
16801.149636317,child3,1680034,frame,-72
16801.154892274,child8,1680034,frame,-71
16801.156318732003,child9,1680034,frame,-101
16801.161007564002,child2,1680034,frame,8
16801.200096221,child7,1680034,frame,15
16811.212891255,child10,1681044,frame,132
16811.221870461,child6,1681044,frame,26
16811.231856417002,child4,1681044,frame,41
16811.233390666,child5,1681044,frame,177
16811.254722327998,child1,1681044,frame,18
16811.255033911002,child3,1681044,frame,14
16811.25830166,child9,1681044,frame,55
16811.259071826997,child8,1681044,frame,49
16811.265394825,child2,1681044,frame,-1
16811.302188149002,child7,1681044,frame,36
16821.307757810002,child7,1682054,frame,-2
16821.317641182002,child10,1682054,frame,-81
16821.323277181,child6,1682054,frame,27
16821.337146636,child5,1682054,frame,-71
16821.338323552,child4,1682054,frame,-100
16821.356469464,child1,1682054,frame,11
16821.358724546997,child3,1682054,frame,7
16821.361042047003,child9,1682054,frame,41
16821.363013170998,child8,1682054,frame,-91
16821.366702045,child2,1682054,frame,-69
16831.410574113,child7,1683064,frame,-89
16831.420348444,child10,1683064,frame,6
16831.425286026002,child6,1683064,frame,26
16831.440042856,child5,1683064,frame,15
16831.443478271998,child4,1683064,frame,-68
16831.458707184003,child3,1683064,frame,5
16831.461153684002,child1,1683064,frame,0
16831.464544308,child9,1683064,frame,-69
16831.464962475,child8,1683064,frame,15
16831.471985139,child2,1683064,frame,149
16841.513438041,child7,1684074,frame,35
16841.525269705002,child10,1684074,frame,59
16841.526377538,child6,1684074,frame,11
16841.544493575,child5,1684074,frame,-122
16841.545754616,child4,1684074,frame,56
16841.561139612997,child3,1684074,frame,-118
16841.562865654,child1,1684074,frame,0
16841.568583903,child8,1684074,frame,50
16841.574116234002,child9,1684074,frame,56
16841.576769774998,child2,1684074,frame,-125
16851.618688552,child7,1685084,frame,16
16851.630616507002,child10,1685084,frame,5
16851.633169257,child6,1685084,frame,-99
16851.650441752,child4,1685084,frame,175
16851.652118002003,child5,1685084,frame,142
16851.662755541,child1,1685084,frame,15
16851.663811958,child3,1685084,frame,22
16851.67247608,child8,1685084,frame,5
16851.679035579,child9,1685084,frame,36
16851.681703453,child2,1685084,frame,124
16861.72368923,child7,1686094,frame,32
16861.733949727,child10,1686094,frame,40
16861.738227433998,child6,1686094,frame,172
16861.756025929997,child4,1686094,frame,-94
16861.760167429,child5,1686094,frame,6
16861.767433426998,child1,1686094,frame,6
16861.769358718,child3,1686094,frame,136
16861.773590842,child8,1686094,frame,41
16861.786281589,child9,1686094,frame,36
16861.786491714,child2,1686094,frame,4
16870.832752111,child7,1687003,frame,9
16870.837532776,child10,1687003,frame,42
16870.840657026,child6,1687003,frame,-101
16870.859930938,child4,1687003,frame,39
16870.862375937,child5,1687003,frame,-86
16870.87096356,child3,1687003,frame,49
16870.877343517,child8,1687003,frame,46
16870.8783146,child1,1687003,frame,128
16870.889639972,child9,1687003,frame,3
16870.892345387998,child2,1687003,frame,45
16880.900397881,child2,1688013,frame,55
16880.936366372,child7,1688013,frame,27
16880.941704954,child10,1688013,frame,60
16880.942143246,child6,1688013,frame,46
16880.963790157002,child4,1688013,frame,-93
16880.966788073,child5,1688013,frame,160
16880.975860237,child3,1688013,frame,-120
16880.979343737,child8,1688013,frame,-66
16880.983632277002,child1,1688013,frame,-71
16880.9927824,child9,1688013,frame,-84
16891.002893475998,child9,1689023,frame,20
16891.007148767,child2,1689023,frame,-97
16891.042630549,child7,1689023,frame,8
16891.046402339998,child6,1689023,frame,-115
16891.047868881,child10,1689023,frame,-223
16891.06831096,child4,1689023,frame,50
16891.071881042,child5,1689023,frame,-204
16891.079430249003,child3,1689023,frame,11
16891.085277539,child8,1689023,frame,-83
16891.086775455,child1,1689023,frame,-70
16901.111460403,child9,1690033,frame,-83
16901.114610069,child2,1690033,frame,-70
16901.147370310002,child7,1690033,frame,-98
16901.14823356,child6,1690033,frame,152
16901.150501600998,child10,1690033,frame,5
16901.175583137003,child4,1690033,frame,-77
16901.177803761002,child5,1690033,frame,27
16901.183760343,child3,1690033,frame,11
16901.189908092,child1,1690033,frame,0
16901.194725174,child8,1690033,frame,57
16911.199468376,child8,1691043,frame,60
16911.21683233,child9,1691043,frame,55
16911.217172955,child2,1691043,frame,54
16911.252090905,child10,1691043,frame,123
16911.252887821,child7,1691043,frame,41
16911.252953238,child6,1691043,frame,10
16911.280636981,child4,1691043,frame,129
16911.286469396,child5,1691043,frame,142
16911.290547062,child3,1691043,frame,183
16911.293399186,child1,1691043,frame,127
16921.29885243,child1,1692053,frame,-77
16921.30008293,child3,1692053,frame,-72
16921.303699179,child8,1692053,frame,-91
16921.320755175,child9,1692053,frame,41
16921.323617006998,child2,1692053,frame,0
16921.355373374998,child7,1692053,frame,7
16921.357662707,child6,1692053,frame,11
16921.358900332,child10,1692053,frame,-81
16921.386705533,child4,1692053,frame,-102
16921.389941449,child5,1692053,frame,2
16931.401930149997,child3,1693063,frame,45
16931.402588358,child1,1693063,frame,57
16931.408956815,child8,1693063,frame,50
16931.429197475998,child9,1693063,frame,23
16931.430222976,child2,1693063,frame,29
16931.461181135,child6,1693063,frame,10
16931.463394426,child7,1693063,frame,28
16931.464155510002,child10,1693063,frame,42
16931.490868461,child4,1693063,frame,163
16931.493914211,child5,1693063,frame,3
16941.498293955,child5,1694073,frame,126
16941.504411203,child1,1694073,frame,48
16941.505517285997,child3,1694073,frame,36
16941.517174532997,child8,1694073,frame,124
16941.535923404,child9,1694073,frame,41
16941.536398654,child2,1694073,frame,179
16941.561606606,child6,1694073,frame,57
16941.571515728,child7,1694073,frame,132
16941.573566353,child10,1694073,frame,178
16941.595471514003,child4,1694073,frame,39
16951.601859966,child4,1695083,frame,22
16951.603891549,child5,1695083,frame,46
16951.604150382,child1,1695083,frame,41
16951.611362047002,child3,1695083,frame,45
16951.621314086,child8,1695083,frame,33
16951.642997789,child9,1695083,frame,166
16951.646507288002,child2,1695083,frame,31
16951.664002909,child6,1695083,frame,22
16951.677239531,child7,1695083,frame,12
16951.680968655,child10,1695083,frame,36
16961.703838103,child4,1696093,frame,147
16961.709040268,child1,1696093,frame,252
16961.709184725998,child5,1696093,frame,152
16961.717924016,child3,1696093,frame,167
16961.723776681,child8,1696093,frame,159
16961.748666591997,child9,1696093,frame,146
16961.752126798998,child2,1696093,frame,153
16961.764381546,child6,1696093,frame,176
16961.786644832002,child7,1696093,frame,257
16961.791694414,child10,1696093,frame,159
16970.792287322,child7,1697002,frame,8
16970.796381905002,child10,1697002,frame,3
16970.810575818,child4,1697002,frame,50
16970.813515359,child5,1697002,frame,58
16970.820124857,child1,1697002,frame,48
16970.823274565,child3,1697002,frame,44
16970.828970688,child8,1697002,frame,16
16970.853840099,child9,1697002,frame,-120
16970.857842764002,child2,1697002,frame,-84
16970.86237193,child6,1697002,frame,125
16980.899053833,child7,1698012,frame,32
16980.903186165,child10,1698012,frame,52
16980.913946454,child4,1698012,frame,46
16980.915876162,child5,1698012,frame,49
16980.924842409997,child1,1698012,frame,-77
16980.928799367,child3,1698012,frame,52
16980.933279241,child8,1698012,frame,49
16980.958026693002,child9,1698012,frame,126
16980.963406734,child2,1698012,frame,132
16980.967654690998,child6,1698012,frame,-68
16991.001913303,child7,1699022,frame,-72
16991.012914092,child10,1699022,frame,-90
16991.01719359,child4,1699022,frame,21
16991.018993382,child5,1699022,frame,-76
16991.030477087,child1,1699022,frame,2
16991.032533003,child3,1699022,frame,37
16991.034755378,child8,1699022,frame,42
16991.064549412,child9,1699022,frame,31
16991.067875786,child2,1699022,frame,38
16991.075052826,child6,1699022,frame,135
17001.104897022,child7,1700032,frame,11
17001.117990561,child10,1700032,frame,159
17001.12118181,child4,1700032,frame,24
17001.12667285,child5,1700032,frame,171
17001.135651305998,child1,1700032,frame,53
17001.13955743,child3,1700032,frame,42
17001.14127843,child8,1700032,frame,53
17001.170047756,child2,1700032,frame,12
17001.171718256,child9,1700032,frame,23
17001.181647712,child6,1700032,frame,49
17011.208536325,child7,1701042,frame,45
17011.224982905,child10,1701042,frame,-112
17011.226202654,child4,1701042,frame,-124
17011.232715986,child5,1701042,frame,-112
17011.239120443002,child1,1701042,frame,30
17011.246955149,child3,1701042,frame,18
17011.247149399,child8,1701042,frame,9
17011.273132393,child2,1701042,frame,16
17011.277401392003,child9,1701042,frame,-1
17011.286510014,child6,1701042,frame,-93
17021.291907967003,child6,1702052,frame,33
17021.315584461,child7,1702052,frame,50
17021.328897082,child10,1702052,frame,144
17021.331600081998,child4,1702052,frame,149
17021.340520871,child5,1702052,frame,16
17021.344231619998,child1,1702052,frame,22
17021.353441493,child8,1702052,frame,19
17021.354617326,child3,1702052,frame,10
17021.379601112,child2,1702052,frame,6
17021.381828069003,child9,1702052,frame,8
17031.397112477,child6,1703062,frame,-101
17031.422272638,child7,1703062,frame,46
17031.429298678,child10,1703062,frame,11
17031.435270593,child4,1703062,frame,0
17031.442939383,child5,1703062,frame,17
17031.445281132,child1,1703062,frame,14
17031.456735963002,child8,1703062,frame,1
17031.462833128,child3,1703062,frame,3
17031.484204498,child2,1703062,frame,14
17031.48654583,child9,1703062,frame,1
17041.488282033,child9,1704072,frame,8
17041.502113529998,child6,1704072,frame,44
17041.529616148,child7,1704072,frame,-111
17041.53807673,child10,1704072,frame,4
17041.541561229,child4,1704072,frame,-70
17041.544774478,child1,1704072,frame,6
17041.549654352002,child5,1704072,frame,9
17041.557478266,child8,1704072,frame,-69
17041.568542764002,child3,1704072,frame,-85
17041.588491216997,child2,1704072,frame,-75
17051.593626086,child9,1705082,frame,16
17051.59641496,child2,1705082,frame,24
17051.60554775,child6,1705082,frame,33
17051.631892409998,child7,1705082,frame,3
17051.64442299,child10,1705082,frame,-114
17051.647284323,child1,1705082,frame,-226
17051.649071821997,child4,1705082,frame,8
17051.653800488,child5,1705082,frame,-92
17051.663574985003,child8,1705082,frame,26
17051.670606442,child3,1705082,frame,11
17061.701973596,child2,1706092,frame,5
17061.703642679,child9,1706092,frame,-84
17061.710352469,child6,1706092,frame,-88
17061.737027421,child7,1706092,frame,-82
17061.749598168,child10,1706092,frame,18
17061.750688542,child1,1706092,frame,178
17061.753485167,child4,1706092,frame,-117
17061.754970125003,child5,1706092,frame,27
17061.769069288,child8,1706092,frame,-123
17061.776123828,child3,1706092,frame,-114
17070.805710062003,child2,1707001,frame,3
17070.80918452,child9,1707001,frame,175
17070.812644935002,child6,1707001,frame,140
17070.839681595,child7,1707001,frame,250
17070.85453905,child4,1707001,frame,149
17070.854792217,child1,1707001,frame,23
17070.855902841,child10,1707001,frame,55
17070.863013006,child5,1707001,frame,7
17070.869767296,child8,1707001,frame,268
17070.877960628,child3,1707001,frame,134
17080.882074413003,child3,1708011,frame,-113
17080.910724906,child2,1708011,frame,59
17080.912889614,child9,1708011,frame,-70
17080.914354447,child6,1708011,frame,-93
17080.94129069,child7,1708011,frame,-111
17080.959538561,child1,1708011,frame,-109
17080.959902603,child4,1708011,frame,9
17080.963787102,child10,1708011,frame,-1
17080.970121433,child5,1708011,frame,-107
17080.971711225,child8,1708011,frame,-247
17090.992278881,child3,1709021,frame,29
17091.013570668,child2,1709021,frame,-119
17091.015469459002,child6,1709021,frame,-77
17091.021735374,child9,1709021,frame,1
17091.046028035,child7,1709021,frame,-84
17091.063235781,child4,1709021,frame,8
17091.063441739,child1,1709021,frame,32
17091.065566988,child10,1709021,frame,-114
17091.076439402,child5,1709021,frame,-78
17091.07914311,child8,1709021,frame,142
17101.081880771,child5,1710031,frame,173
17101.087549936,child8,1710031,frame,1
17101.099100767,child3,1710031,frame,28
17101.119685137,child2,1710031,frame,147
17101.126739968,child9,1710031,frame,41
17101.128174051002,child6,1710031,frame,174
17101.150784921003,child7,1710031,frame,181
17101.166184416998,child4,1710031,frame,10
17101.170733041,child1,1710031,frame,157
17101.174376498,child10,1710031,frame,137
17111.186625948998,child5,1711041,frame,-76
17111.19475928,child8,1711041,frame,-104
17111.204071778,child3,1711041,frame,-96
17111.222115607,child2,1711041,frame,6
17111.229769813002,child9,1711041,frame,-69
17111.235268312,child6,1711041,frame,-93
17111.257442931,child7,1711041,frame,-104
17111.27087172,child4,1711041,frame,-119
17111.275731718997,child1,1711041,frame,-109
17111.278534508998,child10,1711041,frame,-115
17121.284950878002,child10,1712051,frame,28
17121.29174271,child5,1712051,frame,-78
17121.299216125,child8,1712051,frame,18
17121.314669621,child3,1712051,frame,168
17121.327357367998,child2,1712051,frame,-75
17121.336336324,child9,1712051,frame,0
17121.338786906,child6,1712051,frame,33
17121.361823901003,child7,1712051,frame,-67
17121.373415231,child4,1712051,frame,22
17121.377330355,child1,1712051,frame,49
17131.391728597002,child10,1713061,frame,27
17131.395525470998,child5,1713061,frame,124
17131.404988135,child8,1713061,frame,26
17131.421047672997,child3,1713061,frame,-106
17131.435322045,child2,1713061,frame,6
17131.439958127,child9,1713061,frame,-125
17131.441754293,child6,1713061,frame,-73
17131.464499079,child7,1713061,frame,37
17131.476255950998,child4,1713061,frame,14
17131.478016701003,child1,1713061,frame,-95
17141.483044319997,child1,1714071,frame,14
17141.483759528,child4,1714071,frame,14
17141.497647941,child10,1714071,frame,56
17141.504680105998,child5,1714071,frame,39
17141.510707270998,child8,1714071,frame,10
17141.52677185,child3,1714071,frame,34
17141.538736306,child2,1714071,frame,-119
17141.54130843,child6,1714071,frame,48
17141.544845263,child9,1714071,frame,123
17141.570779465,child7,1714071,frame,50
17151.587945747,child1,1715081,frame,155
17151.590384038,child4,1715081,frame,124
17151.607206201,child10,1715081,frame,131
17151.610662241997,child5,1715081,frame,166
17151.616652823002,child8,1715081,frame,180
17151.629310112,child3,1715081,frame,144
17151.644331733,child6,1715081,frame,158
17151.647146233,child2,1715081,frame,147
17151.654081356,child9,1715081,frame,180
17151.673539225998,child7,1715081,frame,31
17161.694486966,child4,1716091,frame,-127
17161.696370757,child1,1716091,frame,-111
17161.711508004,child10,1716091,frame,-69
17161.718038752002,child5,1716091,frame,-104
17161.724092375,child8,1716091,frame,-106
17161.734203164997,child3,1716091,frame,16
17161.751669952002,child6,1716091,frame,-96
17161.752833952,child2,1716091,frame,-75
17161.758486034,child9,1716091,frame,-198
17161.776411362996,child7,1716091,frame,37
17170.777709979,child7,1717000,frame,-93
17170.795206724,child4,1717000,frame,14
17170.797456223998,child1,1717000,frame,17
17170.814611845002,child10,1717000,frame,59
17170.822553301,child5,1717000,frame,20
17170.827522257998,child8,1717000,frame,52
17170.83845838,child3,1717000,frame,31
17170.855045751003,child6,1717000,frame,8
17170.856170459,child2,1717000,frame,134
17170.861498374998,child9,1717000,frame,43
17180.881173615002,child7,1718010,frame,22
17180.899510402003,child1,1718010,frame,13
17180.90280786,child4,1718010,frame,14
17180.918799231,child10,1718010,frame,-82
17180.925287938,child5,1718010,frame,-119
17180.935725685,child8,1718010,frame,-69
17180.945240683002,child3,1718010,frame,-191
17180.959855512,child6,1718010,frame,16
17180.96329972,child9,1718010,frame,46
17180.963596303,child2,1718010,frame,-73
17190.986186251,child7,1719020,frame,57
17191.003007164003,child1,1719020,frame,30
17191.009789579,child4,1719020,frame,141
17191.022067784,child10,1719020,frame,3
17191.028160824,child5,1719020,frame,163
17191.045270361,child8,1719020,frame,19
17191.047882861,child3,1719020,frame,20
17191.061151315997,child6,1719020,frame,33
17191.067895023,child9,1719020,frame,124
17191.068051731003,child2,1719020,frame,60
17201.094094595,child7,1720030,frame,23
17201.108119466,child1,1720030,frame,14
17201.11290259,child4,1720030,frame,-77
17201.128267919,child10,1720030,frame,-75
17201.130006336,child5,1720030,frame,7
17201.149671164,child8,1720030,frame,-77
17201.156088996002,child3,1720030,frame,5
17201.161343703003,child6,1720030,frame,16
17201.170629034,child9,1720030,frame,-87
17201.171430241997,child2,1720030,frame,8
17211.174707112,child9,1721040,frame,-77
17211.175072152997,child2,1721040,frame,-127
17211.199595355,child7,1721040,frame,-101
17211.209133436,child1,1721040,frame,-109
17211.217574893002,child4,1721040,frame,-71
17211.235790721,child5,1721040,frame,-69
17211.23630118,child10,1721040,frame,-85
17211.255140967,child8,1721040,frame,-69
17211.261173757,child3,1721040,frame,20
17211.266063714,child6,1721040,frame,-108
17221.276481539997,child2,1722050,frame,138
17221.283220913,child9,1722050,frame,20
17221.303116117,child7,1722050,frame,40
17221.310348823,child1,1722050,frame,16
17221.319246070998,child4,1722050,frame,-125
17221.340314233003,child5,1722050,frame,9
17221.343265648,child10,1722050,frame,130
17221.362671435,child8,1722050,frame,21
17221.364151268,child3,1722050,frame,5
17221.373484099,child6,1722050,frame,36
17231.377703593,child2,1723060,frame,-81
17231.380073050997,child6,1723060,frame,-109
17231.389721174,child9,1723060,frame,48
17231.409609294,child7,1723060,frame,22
17231.413158293002,child1,1723060,frame,16
17231.421742499002,child4,1723060,frame,142
17231.443669952,child5,1723060,frame,25
17231.444311119,child10,1723060,frame,-67
17231.465408905,child3,1723060,frame,3
17231.466211447,child8,1723060,frame,1
17241.482048396,child2,1724070,frame,52
17241.484645312,child6,1724070,frame,49
17241.496256059,child9,1724070,frame,0
17241.51434518,child7,1724070,frame,-83
17241.515028221,child1,1724070,frame,32
17241.526869177,child4,1724070,frame,16
17241.54834388,child5,1724070,frame,147
17241.549609755,child10,1724070,frame,-106
17241.568664417,child8,1724070,frame,-82
17241.570723041,child3,1724070,frame,-104
17251.573226868997,child8,1725080,frame,150
17251.57569291,child3,1725080,frame,161
17251.588163824,child6,1725080,frame,32
17251.589058157002,child2,1725080,frame,52
17251.600666904,child9,1725080,frame,38
17251.619993941,child7,1725080,frame,36
17251.621666815,child1,1725080,frame,16
17251.628846314,child4,1725080,frame,0
17251.651088433002,child5,1725080,frame,-72
17251.652916808,child10,1725080,frame,27
17261.680706379,child8,1726090,frame,18
17261.681180879,child3,1726090,frame,-100
17261.688353836,child6,1726090,frame,-95
17261.695605792,child2,1726090,frame,-66
17261.703903749,child9,1726090,frame,-88
17261.724819201998,child1,1726090,frame,-92
17261.725035868,child7,1726090,frame,41
17261.732131783003,child4,1726090,frame,1
17261.755670902,child5,1726090,frame,60
17261.757245818997,child10,1726090,frame,160
17271.786769932,child3,1727100,frame,141
17271.787029432,child8,1727100,frame,27
17271.79391243,child6,1727100,frame,45
17271.79917722,child2,1727100,frame,59
17271.810143134,child9,1727100,frame,156
17271.825971964,child1,1727100,frame,30
17271.828829338,child7,1727100,frame,38
17271.839042459997,child4,1727100,frame,18
17271.863545871,child10,1727100,frame,-70
17271.864348538,child5,1727100,frame,37
17280.871113652,child10,1728009,frame,13
17280.873883901997,child5,1728009,frame,30
17280.889188189998,child3,1728009,frame,-94
17280.893034022,child8,1728009,frame,9
17280.900613644997,child6,1728009,frame,21
17280.903600978,child2,1728009,frame,-93
17280.914491767002,child9,1728009,frame,-102
17280.930001596,child1,1728009,frame,31
17280.932136512,child7,1728009,frame,-110
17280.943805343,child4,1728009,frame,14
17290.973461872,child10,1729019,frame,12
17290.981428619998,child5,1729019,frame,-68
17290.995312534,child3,1729019,frame,12
17290.998373991002,child8,1729019,frame,2
17291.004079906,child6,1729019,frame,49
17291.010835321,child2,1729019,frame,131
17291.019494360997,child9,1729019,frame,47
17291.035145564998,child1,1729019,frame,154
17291.035675107,child7,1729019,frame,55
17291.047910979,child4,1729019,frame,6
17301.076517342,child10,1730029,frame,4
17301.085468672998,child5,1730029,frame,37
17301.100762752998,child3,1730029,frame,13
17301.102245627,child8,1730029,frame,11
17301.108128668,child6,1730029,frame,32
17301.116219416,child2,1730029,frame,-88
17301.122823121997,child9,1730029,frame,-94
17301.138327243,child1,1730029,frame,-127
17301.139963618,child7,1730029,frame,22
17301.150567074,child4,1730029,frame,-127
17311.18129802,child10,1731039,frame,19
17311.186943643,child5,1731039,frame,30
17311.208402471,child3,1731039,frame,12
17311.210135721,child8,1731039,frame,-69
17311.211259554,child6,1731039,frame,52
17311.220301135,child2,1731039,frame,43
17311.226257842,child9,1731039,frame,26
17311.241302338,child1,1731039,frame,138
17311.241936046,child7,1731039,frame,41
17311.256901000997,child4,1731039,frame,-1
17321.286601072,child10,1732049,frame,12
17321.292341154003,child5,1732049,frame,-102
17321.313021066,child6,1732049,frame,-108
17321.315672732,child8,1732049,frame,126
17321.317135648,child3,1732049,frame,13
17321.323466355,child2,1732049,frame,-78
17321.329511937,child9,1732049,frame,47
17321.342413766997,child1,1732049,frame,-127
17321.349101182,child7,1732049,frame,22
17321.363685844997,child4,1732049,frame,139
17331.367617922002,child4,1733059,frame,-127
17331.392642708,child10,1733059,frame,-68
17331.39814229,child5,1733059,frame,47
17331.414400703,child6,1733059,frame,32
17331.419717701,child3,1733059,frame,-66
17331.423819658998,child8,1733059,frame,-73
17331.43086199,child2,1733059,frame,-2
17331.433622281,child9,1733059,frame,-87
17331.452527193,child7,1733059,frame,-100
17331.453590818,child1,1733059,frame,14
17341.472224767,child4,1734069,frame,140
17341.497340302,child10,1734069,frame,48
17341.504201009,child5,1734069,frame,49
17341.517573006,child6,1734069,frame,33
17341.525844837,child3,1734069,frame,19
17341.527184503,child8,1734069,frame,57
17341.540458542,child9,1734069,frame,56
17341.540691708,child2,1734069,frame,6
17341.559918787,child7,1734069,frame,40
17341.564654494,child1,1734069,frame,139
17351.575906236,child4,1735079,frame,-127
17351.605073895997,child10,1735079,frame,13
17351.606643854,child5,1735079,frame,-95
17351.626225557,child6,1735079,frame,-109
17351.630205973,child3,1735079,frame,-120
17351.636098305004,child8,1735079,frame,-203
17351.643197511,child2,1735079,frame,44
17351.647505469,child9,1735079,frame,-105
17351.663799673,child7,1735079,frame,21
17351.665760048,child1,1735079,frame,-203
17361.668330125,child1,1736089,frame,8
17361.669155542,child7,1736089,frame,42
17361.677423707002,child4,1736089,frame,141
17361.708206532003,child10,1736089,frame,4
17361.713204156,child5,1736089,frame,44
17361.727993861,child6,1736089,frame,33
17361.736416775,child3,1736089,frame,161
17361.739105608,child8,1736089,frame,154
17361.74619819,child2,1736089,frame,-1
17361.756895812003,child9,1736089,frame,9
17371.773071428,child1,1737099,frame,133
17371.776056469,child7,1737099,frame,-120
17371.77961076,child4,1737099,frame,1
17371.813583335002,child10,1737099,frame,2
17371.815556958998,child5,1737099,frame,43
17371.828780123,child6,1737099,frame,29
17371.842870744,child3,1737099,frame,9
17371.84602491,child8,1737099,frame,-69
17371.853940283,child2,1737099,frame,51
17371.862363406,child9,1737099,frame,185
17380.869299979,child9,1738008,frame,-103
17380.878090019,child1,1738008,frame,10
17380.879818018002,child7,1738008,frame,34
17380.880598435,child4,1738008,frame,2
17380.920738632998,child10,1738008,frame,59
17380.923440799,child5,1738008,frame,-109
17380.932783922002,child6,1738008,frame,7
17380.947096168,child3,1738008,frame,-70
17380.951453667,child8,1738008,frame,128
17380.956012332997,child2,1738008,frame,-73
17390.958233794998,child8,1739018,frame,-119
17390.962705044003,child2,1739018,frame,42
17390.969228459002,child9,1739018,frame,30
17390.982853206002,child1,1739018,frame,-71
17390.984473414,child7,1739018,frame,21
17390.984587663,child4,1739018,frame,-78
17391.026100903,child5,1739018,frame,48
17391.026887653,child10,1739018,frame,-67
17391.037496734,child6,1739018,frame,33
17391.051431814,child3,1739018,frame,19
17401.062635244998,child8,1740028,frame,56
17401.065838036,child2,1740028,frame,-2
17401.072432118,child9,1740028,frame,-79
17401.088001406,child1,1740028,frame,16
17401.090920155,child7,1740028,frame,42
17401.091324113,child4,1740028,frame,-71
17401.12979727,child10,1740028,frame,3
17401.135184352,child5,1740028,frame,2
17401.142599642,child6,1740028,frame,-73
17401.152452015,child3,1740028,frame,18
17411.167348737003,child8,1741038,frame,-106
17411.168137612,child2,1741038,frame,-72
17411.175691277,child9,1741038,frame,0
17411.187481315003,child1,1741038,frame,-107
17411.193659439003,child7,1741038,frame,39
17411.197957605,child4,1741038,frame,17
17411.235273429,child10,1741038,frame,-77
17411.238468595002,child5,1741038,frame,37
17411.246446883997,child6,1741038,frame,32
17411.256581799,child3,1741038,frame,-107
17421.259848065,child3,1742048,frame,134
17421.270803771,child8,1742048,frame,10
17421.273584687,child2,1742048,frame,-2
17421.279283519,child9,1742048,frame,56
17421.290996558,child1,1742048,frame,14
17421.300791805,child4,1742048,frame,0
17421.30322668,child7,1742048,frame,7
17421.340091796,child5,1742048,frame,37
17421.34289567,child10,1742048,frame,6
17421.349112835,child6,1742048,frame,33
17431.367248681003,child3,1743058,frame,13
17431.375592262997,child8,1743058,frame,142
17431.378609137,child2,1743058,frame,42
17431.386862927,child9,1743058,frame,54
17431.398994715,child1,1743058,frame,28
17431.404501297002,child4,1743058,frame,141
17431.404954756,child7,1743058,frame,24
17431.44643837,child10,1743058,frame,135
17431.446493454,child5,1743058,frame,39
17431.452214702,child6,1743058,frame,32
17441.472661548,child3,1744068,frame,59
17441.478724922003,child8,1744068,frame,-68
17441.480878504,child2,1744068,frame,-2
17441.491292044,child9,1744068,frame,20
17441.503831291,child1,1744068,frame,131
17441.510436414,child4,1744068,frame,-202
17441.511690747,child7,1744068,frame,7
17441.551191571,child5,1744068,frame,-101
17441.552263862,child10,1744068,frame,-67
17441.552942529,child6,1744068,frame,142
17451.573903458,child3,1745078,frame,4
17451.584658413,child8,1745078,frame,126
17451.585243788,child2,1745078,frame,-127
17451.59797766,child9,1745078,frame,-95
17451.6053612,child1,1745078,frame,-72
17451.611119157,child4,1745078,frame,41
17451.614675698,child7,1745078,frame,25
17451.655018729,child5,1745078,frame,39
17451.655454937998,child6,1745078,frame,-125
17451.65779977,child10,1745078,frame,4
17461.659810454,child5,1746088,frame,-68
17461.663804745,child10,1746088,frame,-122
17461.664849536002,child6,1746088,frame,17
17461.680595324,child3,1746088,frame,-121
17461.686547906,child2,1746088,frame,147
17461.68999328,child8,1746088,frame,-84
17461.700826652002,child9,1746088,frame,1
17461.7116124,child1,1746088,frame,14
17461.717068023,child4,1746088,frame,147
17461.717959856,child7,1746088,frame,-117
17471.765529654,child5,1747098,frame,-90
17471.768639403,child10,1747098,frame,26
17471.769093403,child6,1747098,frame,-94
17471.784669941,child3,1747098,frame,10
17471.791040689,child2,1747098,frame,-83
17471.798342354,child8,1747098,frame,19
17471.804612853,child9,1747098,frame,52
17471.813425601,child1,1747098,frame,14
17471.823001722998,child4,1747098,frame,-119
17471.823065848,child7,1747098,frame,4
17480.86893964,child5,1748007,frame,-90
17480.869057890002,child6,1748007,frame,49
17480.869935764997,child10,1748007,frame,55
17480.888259176998,child3,1748007,frame,58
17480.893480509003,child2,1748007,frame,3
17480.903241757,child8,1748007,frame,-73
17480.908319088998,child9,1748007,frame,9
17480.91827967,child1,1748007,frame,-116
17480.926733125998,child7,1748007,frame,-107
17480.929789875,child4,1748007,frame,139
17490.972014881998,child10,1749017,frame,14
17490.973777507,child5,1749017,frame,2
17490.977388631,child6,1749017,frame,-96
17490.991531043997,child3,1749017,frame,-121
17490.998266209,child2,1749017,frame,14
17491.010482915,child8,1749017,frame,2
17491.011302956,child9,1749017,frame,40
17491.02363412,child1,1749017,frame,22
17491.031439826,child7,1749017,frame,22
17491.039846657997,child4,1749017,frame,-198
17501.074647125,child10,1750027,frame,3
17501.078238541,child5,1750027,frame,7
17501.081415665,child6,1750027,frame,25
17501.094568452998,child3,1750027,frame,5
17501.104980117,child2,1750027,frame,50
17501.117358656,child8,1750027,frame,6
17501.119455906,child9,1750027,frame,-95
17501.125257196003,child1,1750027,frame,7
17501.135658860003,child7,1750027,frame,42
17501.145079358,child4,1750027,frame,15
17511.152190373,child4,1751037,frame,139
17511.182056283,child5,1751037,frame,16
17511.183038532,child10,1751037,frame,3
17511.187484781,child6,1751037,frame,24
17511.198468612,child3,1751037,frame,18
17511.214551525,child2,1751037,frame,1
17511.22145369,child8,1751037,frame,47
17511.222434856,child9,1751037,frame,47
17511.228417313,child1,1751037,frame,8
17511.24040556,child7,1751037,frame,21
17521.260143239,child4,1752047,frame,14
17521.288188649,child5,1752047,frame,41
17521.290845149,child6,1752047,frame,25
17521.292200898,child10,1752047,frame,-106
17521.306072478,child3,1752047,frame,143
17521.319674849998,child2,1752047,frame,6
17521.32482764,child8,1752047,frame,-114
17521.332192347003,child9,1752047,frame,29
17521.339946844997,child1,1752047,frame,133
17521.347481468,child7,1752047,frame,42
17531.35084361,child1,1753057,frame,-117
17531.352952941998,child7,1753057,frame,-86
17531.365639272997,child4,1753057,frame,-71
17531.394760516,child5,1753057,frame,15
17531.39558914,child6,1753057,frame,-85
17531.398621473,child10,1753057,frame,153
17531.410631762003,child3,1753057,frame,10
17531.423458634,child2,1753057,frame,6
17531.429989174,child8,1753057,frame,126
17531.440539796,child9,1753057,frame,47
17541.451455603,child1,1754067,frame,-109
17541.457973058998,child7,1754067,frame,38
17541.471256806002,child4,1754067,frame,-125
17541.498866882997,child5,1754067,frame,-104
17541.500610966,child6,1754067,frame,-84
17541.50288684,child10,1754067,frame,-114
17541.515116004,child3,1754067,frame,-114
17541.529693958,child2,1754067,frame,-90
17541.537316415,child8,1754067,frame,-124
17541.542859039,child9,1754067,frame,-219
17551.554980470002,child1,1755077,frame,50
17551.564321134,child7,1755077,frame,41
17551.574392464998,child4,1755077,frame,157
17551.601790708002,child5,1755077,frame,32
17551.602543499997,child6,1755077,frame,181
17551.605879082003,child10,1755077,frame,56
17551.621891828,child3,1755077,frame,56
17551.634483575002,child2,1755077,frame,16
17551.645477573,child9,1755077,frame,180
17551.646064739,child8,1755077,frame,152
17561.650342922,child9,1756087,frame,-104
17561.650735839,child8,1756087,frame,-68
17561.661699503,child1,1756087,frame,28
17561.668315043,child7,1756087,frame,22
17561.681612748,child4,1756087,frame,1
17561.705157159002,child6,1756087,frame,44
17561.706754117,child5,1756087,frame,149
17561.710359908,child10,1756087,frame,130
17561.727566319998,child3,1756087,frame,129
17561.740127692,child2,1756087,frame,6
17571.755783664,child8,1757097,frame,-70
17571.758575663,child9,1757097,frame,52
17571.767737994,child1,1757097,frame,14
17571.770782993997,child7,1757097,frame,24
17571.789327614,child4,1757097,frame,-109
17571.810063942,child6,1757097,frame,-97
17571.815964899,child5,1757097,frame,-110
17571.818422815,child10,1757097,frame,-192
17571.834187103,child3,1757097,frame,-69
17571.844706267,child2,1757097,frame,5
17580.848039028,child2,1758006,frame,40
17580.860986233,child8,1758006,frame,147
17580.86453119,child9,1758006,frame,29
17580.871110730997,child1,1758006,frame,17
17580.876120104,child7,1758006,frame,1
17580.888672101,child4,1758006,frame,9
17580.916560469002,child6,1758006,frame,7
17580.921379552,child5,1758006,frame,-69
17580.926019175,child10,1758006,frame,11
17580.935705548,child3,1758006,frame,37
17590.943830564,child3,1759016,frame,-206
17590.950814229,child2,1759016,frame,-119
17590.968539848996,child8,1759016,frame,-203
17590.970792474003,child9,1759016,frame,-86
17590.972349223,child1,1759016,frame,-111
17590.98486922,child7,1759016,frame,-100
17590.993537634997,child4,1759016,frame,-117
17591.023239377,child6,1759016,frame,-93
17591.028804458998,child10,1759016,frame,18
17591.029050084,child5,1759016,frame,-103
17601.049343139,child3,1760026,frame,4
17601.058790261,child2,1760026,frame,22
17601.073773841003,child1,1760026,frame,29
17601.075616632,child8,1760026,frame,17
17601.077984507,child9,1760026,frame,37
17601.091514295,child7,1760026,frame,40
17601.100443126,child4,1760026,frame,40
17601.122659871,child6,1760026,frame,49
17601.133631951,child5,1760026,frame,38
17601.134044535,child10,1760026,frame,20
17611.159983962,child3,1761036,frame,21
17611.167234252,child2,1761036,frame,21
17611.178855541,child8,1761036,frame,-104
17611.18252004,child1,1761036,frame,-80
17611.191105579997,child9,1761036,frame,-70
17611.196261703,child7,1761036,frame,21
17611.205413743002,child4,1761036,frame,39
17611.22416228,child6,1761036,frame,48
17611.238202277,child10,1761036,frame,3
17611.238700275997,child5,1761036,frame,164
17621.242709376,child10,1762046,frame,2
17621.2464495,child5,1762046,frame,-100
17621.265348287,child3,1762046,frame,20
17621.271959786,child2,1762046,frame,5
17621.284917324,child8,1762046,frame,158
17621.291671031,child1,1762046,frame,170
17621.299299653998,child9,1762046,frame,134
17621.301771903,child7,1762046,frame,26
17621.307383694002,child4,1762046,frame,32
17621.330500063,child6,1762046,frame,33
17631.34493566,child10,1763056,frame,5
17631.350403701,child5,1763056,frame,23
17631.371227986998,child3,1763056,frame,129
17631.374573360998,child2,1763056,frame,139
17631.389012941,child8,1763056,frame,-106
17631.393194399,child1,1763056,frame,-112
17631.402813021,child9,1763056,frame,-95
17631.407570395,child7,1763056,frame,6
17631.414356851998,child4,1763056,frame,17
17631.433879639,child6,1763056,frame,16
17641.450178069,child10,1764066,frame,12
17641.453583776,child5,1764066,frame,-83
17641.474632063,child3,1764066,frame,-68
17641.479547812,child2,1764066,frame,-127
17641.494519308002,child8,1764066,frame,34
17641.498413598998,child1,1764066,frame,32
17641.507136346998,child9,1764066,frame,0
17641.513929137,child7,1764066,frame,-99
17641.519378552002,child4,1764066,frame,-77
17641.538924047,child6,1764066,frame,-92
17651.542533189,child6,1765076,frame,6
17651.556557685,child10,1765076,frame,26
17651.559349893,child5,1765076,frame,178
17651.577995513,child3,1765076,frame,18
17651.582366053997,child2,1765076,frame,14
17651.597015675,child8,1765076,frame,25
17651.601901299,child1,1765076,frame,32
17651.608522923,child9,1765076,frame,36
17651.616204837002,child7,1765076,frame,38
17651.62566171,child4,1765076,frame,46
17661.649371888,child6,1766086,frame,-85
17661.656672595003,child10,1766086,frame,-121
17661.662833052,child5,1766086,frame,-100
17661.682524797,child3,1766086,frame,-114
17661.685447921,child2,1766086,frame,-66
17661.700106626,child8,1766086,frame,-90
17661.706578040998,child1,1766086,frame,-218
17661.711889706,child9,1766086,frame,-196
17661.721771204,child7,1766086,frame,23
17661.729816952,child4,1766086,frame,29
17671.751727963998,child6,1767096,frame,53
17671.759033004,child10,1767096,frame,18
17671.767118169,child5,1767096,frame,29
17671.786938538997,child3,1767096,frame,31
17671.791557704,child2,1767096,frame,28
17671.803694910002,child8,1767096,frame,48
17671.812510658,child1,1767096,frame,250
17671.818149615,child9,1767096,frame,146
17671.82368828,child7,1767096,frame,-87
17671.835234402002,child4,1767096,frame,-96
17680.843268162,child4,1768005,frame,153
17680.854276409,child6,1768005,frame,139
17680.861760115,child10,1768005,frame,135
17680.871775321,child5,1768005,frame,58
17680.893279149,child3,1768005,frame,163
17680.899100898,child2,1768005,frame,127
17680.908973812,child8,1768005,frame,150
17680.916178684998,child1,1768005,frame,26
17680.925295808,child7,1768005,frame,140
17680.925423016997,child9,1768005,frame,37
17690.93325799,child9,1769015,frame,42
17690.950718319,child4,1769015,frame,15
17690.953884819002,child6,1769015,frame,-101
17690.967159607,child10,1769015,frame,-77
17690.977478605,child5,1769015,frame,-116
17691.001020599,child3,1769015,frame,-74
17691.003722431,child2,1769015,frame,-127
17691.016216137,child1,1769015,frame,24
17691.017007095,child8,1769015,frame,27
17691.031098175,child7,1769015,frame,-100
17701.034882941,child9,1770025,frame,47
17701.035585649,child7,1770025,frame,147
17701.055312436,child4,1770025,frame,14
17701.057426977,child6,1770025,frame,166
17701.072184140998,child10,1770025,frame,14
17701.081580722,child5,1770025,frame,57
17701.105125716,child2,1770025,frame,184
17701.106950674002,child3,1770025,frame,-66
17701.119736629003,child1,1770025,frame,7
17701.119962296,child8,1770025,frame,55
17711.137343642,child9,1771035,frame,-71
17711.144141139997,child7,1771035,frame,25
17711.162673677998,child4,1771035,frame,-111
17711.166064385,child6,1771035,frame,-101
17711.179481881998,child10,1771035,frame,11
17711.186744879997,child5,1771035,frame,147
17711.210497958,child3,1771035,frame,129
17711.212102457,child2,1771035,frame,-73
17711.224514246,child1,1771035,frame,42
17711.229891203002,child8,1771035,frame,-248
17721.236619219002,child8,1772045,frame,287
17721.240521175998,child9,1772045,frame,55
17721.248022382,child7,1772045,frame,24
17721.267929544003,child6,1772045,frame,166
17721.269199794,child4,1772045,frame,155
17721.284654165,child10,1772045,frame,137
17721.291937038,child5,1772045,frame,131
17721.317605739998,child2,1772045,frame,14
17721.318958532003,child3,1772045,frame,5
17721.328176529998,child1,1772045,frame,6
17731.341693544,child8,1773055,frame,48
17731.346707167,child9,1773055,frame,29
17731.353474791,child7,1773055,frame,-73
17731.371044078,child6,1773055,frame,8
17731.376974868,child4,1773055,frame,0
17731.392951698002,child10,1773055,frame,-68
17731.400161821,child5,1773055,frame,39
17731.422739566,child3,1773055,frame,59
17731.426603148,child2,1773055,frame,-2
17731.432299105,child1,1773055,frame,6
17741.446935577,child8,1774065,frame,-211
17741.448854868,child9,1774065,frame,-202
17741.459495282,child7,1774065,frame,-108
17741.475675152997,child6,1774065,frame,-104
17741.483061902003,child4,1774065,frame,-125
17741.496041482,child10,1774065,frame,-122
17741.504238729998,child5,1774065,frame,-78
17741.525508933,child3,1774065,frame,-74
17741.531128723,child2,1774065,frame,-82
17741.535365639,child1,1774065,frame,-119
17751.536484363998,child1,1775075,frame,53
17751.536922864,child2,1775075,frame,60
17751.547890362,child8,1775075,frame,131
17751.552000736,child9,1775075,frame,171
17751.567761356997,child7,1775075,frame,139
17751.580382395,child6,1775075,frame,1
17751.590233018,child4,1775075,frame,142
17751.600039682,child10,1775075,frame,129
17751.60970668,child5,1775075,frame,57
17751.632094216002,child3,1775075,frame,-83
17761.638446982,child3,1776085,frame,-74
17761.640371398,child2,1776085,frame,-73
17761.641477189,child1,1776085,frame,5
17761.653378437,child8,1776085,frame,-91
17761.657711685002,child9,1776085,frame,-86
17761.671614265,child7,1776085,frame,-124
17761.685295554,child6,1776085,frame,-125
17761.694082176997,child4,1776085,frame,-204
17761.70569409,child10,1776085,frame,-93
17761.715489421,child5,1776085,frame,30
17771.744089598,child1,1777095,frame,-119
17771.744227723,child3,1777095,frame,16
17771.745823265002,child2,1777095,frame,138
17771.759424136002,child9,1777095,frame,-73
17771.763172177,child8,1777095,frame,10
17771.775842174,child7,1777095,frame,31
17771.790535504,child6,1777095,frame,30
17771.801185001,child4,1777095,frame,149
17771.812662082,child10,1777095,frame,137
17771.820771871,child5,1777095,frame,27
17780.826996423,child5,1778004,frame,-69
17780.844175627,child1,1778004,frame,24
17780.844588377,child3,1778004,frame,181
17780.851274041997,child2,1778004,frame,-105
17780.862414873,child9,1778004,frame,24
17780.869755538002,child8,1778004,frame,59
17780.879221952,child7,1778004,frame,-69
17780.895639823,child6,1778004,frame,-70
17780.904723571,child4,1778004,frame,-116
17780.916425818,child10,1778004,frame,-205
17790.926207083,child10,1779014,frame,136
17790.933802081,child5,1779014,frame,7
17790.945358787,child1,1779014,frame,22
17790.950908243998,child3,1779014,frame,-102
17790.955112284002,child2,1779014,frame,14
17790.964435740003,child9,1779014,frame,8
17790.972774863,child8,1779014,frame,-69
17790.984833609997,child7,1779014,frame,164
17790.995473608,child6,1779014,frame,40
17791.011735895,child4,1779014,frame,150
17801.027715158998,child10,1780024,frame,-67
17801.036942032,child5,1780024,frame,-109
17801.052898069003,child1,1780024,frame,24
17801.057669943002,child3,1780024,frame,4
17801.061989192003,child2,1780024,frame,131
17801.071923315,child9,1780024,frame,126
17801.07635023,child8,1780024,frame,51
17801.089021894,child7,1780024,frame,6
17801.0965236,child6,1780024,frame,25
17801.11892972,child4,1780024,frame,-70
17811.131372193002,child10,1781034,frame,144
17811.143791065,child5,1781034,frame,57
17811.153906646,child1,1781034,frame,24
17811.16309981,child3,1781034,frame,5
17811.167350892,child2,1781034,frame,-91
17811.174917432,child9,1781034,frame,-71
17811.181563264003,child8,1781034,frame,-70
17811.19665826,child7,1781034,frame,-100
17811.198162301,child6,1781034,frame,40
17811.225287545,child4,1781034,frame,16
17821.228662728,child4,1782044,frame,34
17821.239292849998,child10,1782044,frame,-67
17821.248495723,child5,1782044,frame,-89
17821.260276303998,child1,1782044,frame,23
17821.270952343,child3,1782044,frame,137
17821.273705259,child2,1782044,frame,126
17821.279316841,child9,1782044,frame,51
17821.286603839,child8,1782044,frame,134
17821.301444085,child7,1782044,frame,14
17821.303310418,child6,1782044,frame,41
17831.332687594997,child4,1783054,frame,-126
17831.344454342,child10,1783054,frame,32
17831.35217659,child5,1783054,frame,-89
17831.361693962997,child1,1783054,frame,8
17831.374601418,child3,1783054,frame,-198
17831.377267001,child2,1783054,frame,-87
17831.385817082,child9,1783054,frame,-87
17831.390038623,child8,1783054,frame,-199
17831.406404452,child6,1783054,frame,-81
17831.409172826,child7,1783054,frame,17
17841.43745642,child4,1784064,frame,154
17841.446590043,child10,1784064,frame,-2
17841.456788041,child5,1784064,frame,55
17841.466460038,child1,1784064,frame,-91
17841.479210701997,child2,1784064,frame,52
17841.480196035,child3,1784064,frame,130
17841.491871157003,child9,1784064,frame,133
17841.492713907,child8,1784064,frame,135
17841.513070985002,child7,1784064,frame,32
17841.513439402,child6,1784064,frame,165
17851.539601163,child4,1785074,frame,-73
17851.552933826,child10,1785074,frame,51
17851.560194199,child5,1785074,frame,56
17851.573911945998,child1,1785074,frame,29
17851.582150819,child3,1785074,frame,43
17851.58566611,child2,1785074,frame,-106
17851.597878482,child8,1785074,frame,47
17851.598637523,child9,1785074,frame,48
17851.617883477,child7,1785074,frame,-2
17851.618515019,child6,1785074,frame,9
17861.644706238003,child4,1786084,frame,-110
17861.658062401002,child10,1786084,frame,-67
17861.666858399,child5,1786084,frame,-70
17861.675100313998,child1,1786084,frame,14
17861.685306686,child3,1786084,frame,-91
17861.690162143,child2,1786084,frame,0
17861.702218890998,child9,1786084,frame,-113
17861.704596515,child8,1786084,frame,-2
17861.722706219,child7,1786084,frame,-107
17861.723206844,child6,1786084,frame,-242
17871.726590485,child7,1787094,frame,129
17871.726774569,child6,1787094,frame,155
17871.750078563,child4,1787094,frame,138
17871.763355726,child10,1787094,frame,41
17871.771306433,child5,1787094,frame,15
17871.77461764,child1,1787094,frame,139
17871.794344885,child2,1787094,frame,176
17871.79446376,child3,1787094,frame,2
17871.809349548003,child8,1787094,frame,49
17871.80967384,child9,1787094,frame,45
17880.83012618,child7,1788003,frame,-105
17880.831767971,child6,1788003,frame,-69
17880.855885965,child4,1788003,frame,-111
17880.869287420002,child10,1788003,frame,-79
17880.87721421,child5,1788003,frame,-76
17880.880248584,child1,1788003,frame,-124
17880.895637289,child3,1788003,frame,-83
17880.900380246,child2,1788003,frame,-101
17880.914212284,child8,1788003,frame,-87
17880.914672534,child9,1788003,frame,-110
17890.917719634,child8,1789013,frame,6
17890.924763549,child9,1789013,frame,125
17890.934571755,child7,1789013,frame,22
17890.936546963,child6,1789013,frame,24
17890.958054083,child4,1789013,frame,21
17890.970824621,child10,1789013,frame,49
17890.983490702,child5,1789013,frame,131
17890.984428076,child1,1789013,frame,14
17891.001809822,child3,1789013,frame,127
17891.007657653998,child2,1789013,frame,-91
17901.024626376,child8,1790023,frame,-86
17901.030748082,child9,1790023,frame,-103
17901.040598455,child7,1790023,frame,26
17901.042583996,child6,1790023,frame,25
17901.065344074,child4,1790023,frame,21
17901.073164905,child10,1790023,frame,41
17901.088525692998,child1,1790023,frame,14
17901.090620484,child5,1790023,frame,-124
17901.109821605,child3,1790023,frame,-76
17901.113345479,child2,1790023,frame,53
17911.117222537,child2,1791033,frame,-127
17911.127961826,child8,1791033,frame,19
17911.136132491,child9,1791033,frame,54
17911.148050238,child6,1791033,frame,24
17911.153172486996,child7,1791033,frame,23
17911.172305232,child4,1791033,frame,-100
17911.178273897,child10,1791033,frame,-81
17911.19368406,child1,1791033,frame,-111
17911.195216226,child5,1791033,frame,9
17911.214963347,child3,1791033,frame,11
17921.219589238,child2,1792043,frame,131
17921.222587612,child3,1792043,frame,48
17921.236106817,child8,1792043,frame,42
17921.240073941,child9,1792043,frame,39
17921.247263023,child6,1792043,frame,-97
17921.260881685997,child7,1792043,frame,6
17921.281749931,child4,1792043,frame,149
17921.287294846,child10,1792043,frame,58
17921.295128678,child1,1792043,frame,154
17921.298418219,child5,1792043,frame,125
17931.323596355,child2,1793053,frame,42
17931.327654353998,child3,1793053,frame,-85
17931.343659017,child8,1793053,frame,-78
17931.346412390998,child9,1793053,frame,47
17931.350242307,child6,1793053,frame,41
17931.365044053,child7,1793053,frame,-100
17931.388127089,child4,1793053,frame,-101
17931.393601171003,child10,1793053,frame,-75
17931.399817295,child1,1793053,frame,0
17931.403790335,child5,1793053,frame,-114
17941.428059638,child2,1794063,frame,45
17941.43429822,child3,1794063,frame,12
17941.449313008,child8,1794063,frame,144
17941.451299049,child6,1794063,frame,40
17941.452305674,child9,1794063,frame,-96
17941.468662337,child7,1794063,frame,147
17941.493424956003,child4,1794063,frame,33
17941.502893245,child10,1794063,frame,3
17941.505096827997,child1,1794063,frame,-125
17941.512691659,child5,1794063,frame,14
17951.534910087998,child2,1795073,frame,-89
17951.541612794997,child3,1795073,frame,5
17951.553109417,child8,1795073,frame,-77
17951.555414333,child6,1795073,frame,9
17951.557699708,child9,1795073,frame,47
17951.575724702998,child7,1795073,frame,-116
17951.597852488998,child4,1795073,frame,-109
17951.606408946,child10,1795073,frame,-68
17951.609071862,child1,1795073,frame,15
17951.615320319,child5,1795073,frame,6
17961.638768997,child2,1796083,frame,6
17961.644315203997,child3,1796083,frame,-121
17961.657412867,child8,1796083,frame,1
17961.664082199,child6,1796083,frame,-101
17961.664826241,child9,1796083,frame,47
17961.680332527998,child7,1796083,frame,-85
17961.70012194,child4,1796083,frame,47
17961.710217021,child1,1796083,frame,32
17961.712646311997,child10,1796083,frame,137
17961.715055187004,child5,1796083,frame,7
17971.719562786002,child5,1797093,frame,-1
17971.743597697,child2,1797093,frame,-83
17971.748637529,child3,1797093,frame,135
17971.761694734,child8,1797093,frame,12
17971.766046983,child6,1797093,frame,30
17971.774627439,child9,1797093,frame,-98
17971.787736145,child7,1797093,frame,145
17971.804490557,child4,1797093,frame,32
17971.813397096998,child1,1797093,frame,16
17971.816814471,child10,1797093,frame,-93
17980.811546567,child4,1798002,frame,-95
17980.817412941,child1,1798002,frame,-106
17980.819636982,child10,1798002,frame,-1
17980.821451315,child5,1798002,frame,-68
17980.846450642002,child2,1798002,frame,-74
17980.852172099003,child3,1798002,frame,-68
17980.863478888,child8,1798002,frame,-191
17980.867537177997,child6,1798002,frame,7
17980.874551927,child9,1798002,frame,13
17980.891399298,child7,1798002,frame,-231
17990.917014684,child4,1799012,frame,47
17990.923111474,child10,1799012,frame,10
17990.924470973998,child1,1799012,frame,157
17990.930080889,child5,1799012,frame,26
17990.953002508,child3,1799012,frame,13
17990.95427605,child2,1799012,frame,139
17990.968150921,child8,1799012,frame,135
17990.972328629,child6,1799012,frame,32
17990.981991418,child9,1799012,frame,38
17990.995984748,child7,1799012,frame,162
18001.022853592,child4,1800022,frame,32
18001.023729967,child1,1800022,frame,-108
18001.024947175,child10,1800022,frame,4
18001.036811297,child5,1800022,frame,7
18001.059579041,child3,1800022,frame,12
18001.061260708,child2,1800022,frame,-80
18001.071892622,child8,1800022,frame,13
18001.076235328997,child6,1800022,frame,-92
18001.08703066,child9,1800022,frame,40
18001.100228822997,child7,1800022,frame,42
18011.125606043,child4,1801032,frame,-122
18011.127341459,child10,1801032,frame,11
18011.128852667,child1,1801032,frame,-95
18011.141723414,child5,1801032,frame,21
18011.167750907,child3,1801032,frame,-104
18011.170165407,child2,1801032,frame,50
18011.17720953,child8,1801032,frame,1
18011.182472778997,child6,1801032,frame,52
18011.191378443,child9,1801032,frame,-87
18011.207955481,child7,1801032,frame,-104
18021.210332748,child7,1802042,frame,42
18021.229381618,child4,1802042,frame,54
18021.233560325,child10,1802042,frame,-121
18021.234940533002,child1,1802042,frame,45
18021.245597489,child5,1802042,frame,-116
18021.270635441,child3,1802042,frame,-99
18021.274919107,child2,1802042,frame,6
18021.280672814002,child8,1802042,frame,-114
18021.287517896002,child6,1802042,frame,-92
18021.294818977,child9,1802042,frame,-70
18031.313544323002,child7,1803052,frame,55
18031.33311361,child4,1803052,frame,53
18031.335982901,child10,1803052,frame,18
18031.341582150002,child1,1803052,frame,155
18031.34908319,child5,1803052,frame,149
18031.377128016,child3,1803052,frame,168
18031.381917847997,child2,1803052,frame,14
18031.38350064,child8,1803052,frame,25
18031.388937055,child6,1803052,frame,173
18031.399132469,child9,1803052,frame,34
18041.417911274002,child7,1804062,frame,-103
18041.435711894002,child4,1804062,frame,-88
18041.442297601,child10,1804062,frame,57
18041.445541017,child1,1804062,frame,-111
18041.453211557,child5,1804062,frame,9
18041.480406967,child3,1804062,frame,-100
18041.485293007,child2,1804062,frame,6
18041.488421215003,child8,1804062,frame,-108
18041.488457298,child6,1804062,frame,32
18041.501320628,child9,1804062,frame,55
18051.525180597997,child7,1805072,frame,41
18051.536357345,child4,1805072,frame,54
18051.548108426003,child10,1805072,frame,21
18051.548237384,child1,1805072,frame,29
18051.556922465,child5,1805072,frame,25
18051.584486917,child3,1805072,frame,27
18051.590803040002,child6,1805072,frame,-108
18051.591427207,child2,1805072,frame,-74
18051.592659956998,child8,1805072,frame,176
18051.600706621,child9,1805072,frame,-70
18061.628439215,child7,1806082,frame,39
18061.64266142,child4,1806082,frame,53
18061.647636294,child1,1806082,frame,29
18061.651749668,child10,1806082,frame,136
18061.660341832998,child5,1806082,frame,131
18061.690080575,child3,1806082,frame,150
18061.693272241,child6,1806082,frame,32
18061.695585907,child8,1806082,frame,18
18061.698277657,child2,1806082,frame,131
18061.705680571,child9,1806082,frame,55
18071.714643295003,child9,1807092,frame,-93
18071.733234832,child7,1807092,frame,24
18071.750744036,child4,1807092,frame,37
18071.753777535,child1,1807092,frame,14
18071.760383826,child10,1807092,frame,-192
18071.764557283,child5,1807092,frame,-81
18071.793973567,child6,1807092,frame,-202
18071.794251276002,child3,1807092,frame,-106
18071.79772015,child8,1807092,frame,-70
18071.807832022,child2,1807092,frame,-82
18080.800853702,child6,1808001,frame,265
18080.811157408,child2,1808001,frame,41
18080.819140948002,child9,1808001,frame,169
18080.838823985,child7,1808001,frame,15
18080.854817439,child4,1808001,frame,-90
18080.860423896,child1,1808001,frame,-95
18080.864236187,child10,1808001,frame,135
18080.869346101998,child5,1808001,frame,37
18080.896239762,child3,1808001,frame,15
18080.900411178,child8,1808001,frame,36
18090.905689027,child6,1809011,frame,-91
18090.905732111,child8,1809011,frame,17
18090.914921858002,child2,1809011,frame,-70
18090.925144689,child9,1809011,frame,-71
18090.94427781,child7,1809011,frame,-85
18090.96222468,child4,1809011,frame,54
18090.965474596,child1,1809011,frame,32
18090.968471262,child10,1809011,frame,-121
18090.973456261003,child5,1809011,frame,47
18090.998931421,child3,1809011,frame,36
18101.001840188,child3,1810021,frame,21
18101.008958478,child6,1810021,frame,33
18101.010537353002,child8,1810021,frame,17
18101.022547933,child2,1810021,frame,130
18101.026758349002,child9,1810021,frame,-70
18101.047411343,child7,1810021,frame,40
18101.064408214,child4,1810021,frame,31
18101.071290337997,child1,1810021,frame,16
18101.071344420998,child10,1810021,frame,19
18101.078776419,child5,1810021,frame,39
18111.10532968,child3,1811031,frame,4
18111.115918761,child8,1811031,frame,21
18111.117278386002,child6,1811031,frame,16
18111.127516716,child2,1811031,frame,53
18111.133275423002,child9,1811031,frame,37
18111.152331919,child7,1811031,frame,147
18111.170372914003,child4,1811031,frame,32
18111.173142080002,child1,1811031,frame,16
18111.176002705,child10,1811031,frame,48
18111.184939369,child5,1811031,frame,33
18121.212481546,child3,1812041,frame,21
18121.21936167,child8,1812041,frame,-124
18121.221187253,child6,1812041,frame,-92
18121.232872958,child2,1812041,frame,-98
18121.238552582,child9,1812041,frame,-70
18121.254929660998,child7,1812041,frame,-99
18121.276123739,child4,1812041,frame,-92
18121.278769447,child10,1812041,frame,-1
18121.280187072003,child1,1812041,frame,-93
18121.292027402,child5,1812041,frame,-104
18131.31761533,child3,1813051,frame,-121
18131.324834245,child8,1813051,frame,2
18131.326485661,child6,1813051,frame,48
18131.336970367,child2,1813051,frame,-69
18131.340971824,child9,1813051,frame,9
18131.360594236,child7,1813051,frame,5
18131.381709481,child4,1813051,frame,31
18131.382545689,child10,1813051,frame,2
18131.383334897,child1,1813051,frame,32
18131.398276477,child5,1813051,frame,-95
18141.405350742,child5,1814061,frame,39
18141.420358739,child3,1814061,frame,21
18141.424874946,child8,1814061,frame,37
18141.429884528,child6,1814061,frame,33
18141.439416192,child2,1814061,frame,52
18141.445414274,child9,1814061,frame,125
18141.464903352997,child7,1814061,frame,-99
18141.487036056,child10,1814061,frame,4
18141.487716097003,child1,1814061,frame,-76
18141.490568263,child4,1814061,frame,-93
18151.512903942,child5,1815071,frame,-78
18151.524884106,child3,1815071,frame,33
18151.528225897,child8,1815071,frame,17
18151.531008687998,child6,1815071,frame,32
18151.542811101,child2,1815071,frame,-65
18151.550900599,child9,1815071,frame,-71
18151.56999422,child7,1815071,frame,39
18151.587284382,child1,1815071,frame,45
18151.593831921997,child4,1815071,frame,48
18151.594778172002,child10,1815071,frame,-106
18161.616685892,child5,1816081,frame,2
18161.630485555997,child3,1816081,frame,144
18161.631973097,child8,1816081,frame,27
18161.632023264,child6,1816081,frame,-104
18161.646755010002,child2,1816081,frame,168
18161.656579966002,child9,1816081,frame,36
18161.676150586,child7,1816081,frame,22
18161.692363332,child1,1816081,frame,45
18161.699465496997,child4,1816081,frame,47
18161.701445205,child10,1816081,frame,137
18171.705884096,child10,1817091,frame,9
18171.725858092,child5,1817091,frame,-73
18171.731055215,child3,1817091,frame,-125
18171.738816338,child8,1817091,frame,9
18171.753003877,child2,1817091,frame,-80
18171.758720042002,child9,1817091,frame,5
18171.782730911,child7,1817091,frame,38
18171.795380033,child1,1817091,frame,-95
18171.801869365,child4,1817091,frame,31
18176.821282680998,root,1817602,peer,8
18180.799582877,child1,1818000,frame,44
18180.804536208998,child4,1818000,frame,30
18180.808478375,child10,1818000,frame,-90
18180.828749495,child5,1818000,frame,49
18180.833486451997,child3,1818000,frame,45
18180.841461408,child8,1818000,frame,10
18180.843314449,child6,1818000,frame,-81
18180.856845321,child2,1818000,frame,36
18180.862799653,child9,1818000,frame,36
18180.885068522,child7,1818000,frame,1
18190.900712619,child1,1819010,frame,45
18190.909824825998,child4,1819010,frame,-93
18190.912873116,child10,1819010,frame,5
18190.935485153,child5,1819010,frame,-119
18190.938846152,child3,1819010,frame,-113
18190.945254109,child8,1819010,frame,-98
18190.94738165,child6,1819010,frame,-1
18190.961210104997,child2,1819010,frame,-72
18190.966098145,child9,1819010,frame,-77
18190.987371307,child7,1819010,frame,25
18201.00448782,child1,1820020,frame,45
18201.015406567,child4,1820020,frame,127
18201.022065649,child10,1820020,frame,137
18201.040210186,child5,1820020,frame,31
18201.044193643,child3,1820020,frame,154
18201.048615434,child8,1820020,frame,150
18201.055775432003,child6,1820020,frame,51
18201.069796262,child2,1820020,frame,50
18201.070099886998,child9,1820020,frame,41
18201.092165132002,child7,1820020,frame,-103
18211.108909687002,child1,1821030,frame,30
18211.119750891998,child4,1821030,frame,23
18211.125370183,child10,1821030,frame,-68
18211.146031969,child5,1821030,frame,150
18211.149526385,child3,1821030,frame,12
18211.155589467002,child8,1821030,frame,-68
18211.160112883,child6,1821030,frame,49
18211.173284588003,child2,1821030,frame,53
18211.175700629,child9,1821030,frame,48
18211.193245208,child7,1821030,frame,166
18221.195833516,child7,1822040,frame,-101
18221.211991471,child1,1822040,frame,-95
18221.227101425,child4,1822040,frame,-104
18221.229784341,child10,1822040,frame,3
18221.250440919997,child5,1822040,frame,-107
18221.25441246,child3,1822040,frame,59
18221.260049334,child8,1822040,frame,19
18221.263199958,child6,1822040,frame,36
18221.274724413997,child2,1822040,frame,-88
18221.282157162,child9,1822040,frame,-87
18231.302137591,child7,1823050,frame,5
18231.313485004997,child1,1823050,frame,32
18231.329597126,child4,1823050,frame,21
18231.331029500998,child10,1823050,frame,4
18231.356223870003,child5,1823050,frame,-103
18231.359976535,child3,1823050,frame,-198
18231.365021534,child8,1823050,frame,-124
18231.366535409,child6,1823050,frame,-90
18231.381104697,child2,1823050,frame,53
18231.387986820002,child9,1823050,frame,0
18241.408057333,child7,1824060,frame,26
18241.413806747998,child1,1824060,frame,-93
18241.43357066,child4,1824060,frame,-102
18241.437831575,child10,1824060,frame,-75
18241.461548861,child5,1824060,frame,29
18241.465231652,child3,1824060,frame,138
18241.471286525997,child6,1824060,frame,51
18241.472644192,child8,1824060,frame,142
18241.483709189,child2,1824060,frame,18
18241.493679437,child9,1824060,frame,163
18251.497462995,child9,1825070,frame,38
18251.512653491,child7,1825070,frame,6
18251.517318698,child1,1825070,frame,173
18251.539710276,child4,1825070,frame,162
18251.541716692,child10,1825070,frame,56
18251.566292811,child5,1825070,frame,157
18251.569724727,child3,1825070,frame,12
18251.576723101,child6,1825070,frame,5
18251.57740085,child8,1825070,frame,21
18251.588283723002,child2,1825070,frame,53
18261.601414404002,child9,1826080,frame,-93
18261.622265482,child7,1826080,frame,25
18261.625371273,child1,1826080,frame,-109
18261.642848269,child4,1826080,frame,-104
18261.648202309003,child10,1826080,frame,5
18261.667795429,child5,1826080,frame,-116
18261.672807261002,child3,1826080,frame,58
18261.67955201,child8,1826080,frame,2
18261.679798884998,child6,1826080,frame,42
18261.694753089,child2,1826080,frame,-88
18271.696995314,child2,1827090,frame,-198
18271.704708438003,child9,1827090,frame,43
18271.727366974,child7,1827090,frame,22
18271.734115555,child1,1827090,frame,49
18271.747013761,child4,1827090,frame,38
18271.752791134,child10,1827090,frame,182
18271.773155879,child5,1827090,frame,155
18271.776001337,child3,1827090,frame,-70
18271.779916168998,child6,1827090,frame,28
18271.783379085,child8,1827090,frame,18
18281.798792849,child2,1828100,frame,175
18281.808780138002,child9,1828100,frame,12
18281.835324965,child7,1828100,frame,-119
18281.838647089,child1,1828100,frame,30
18281.852174543998,child4,1828100,frame,21
18281.857499458998,child10,1828100,frame,-91
18281.876947038,child5,1828100,frame,-110
18281.879096370998,child6,1828100,frame,-104
18281.881450661996,child3,1828100,frame,-78
18281.886435493998,child8,1828100,frame,49
18290.884820464,child3,1829009,frame,56
18290.893275712,child8,1829009,frame,-66
18290.90333746,child2,1829009,frame,44
18290.913737665,child9,1829009,frame,8
18290.939378576,child7,1829009,frame,142
18290.942742283,child1,1829009,frame,13
18290.955395864,child4,1829009,frame,30
18290.961403487,child10,1829009,frame,52
18290.978587524998,child5,1829009,frame,56
18290.980460857998,child6,1829009,frame,139
18300.992347497002,child3,1830019,frame,47
18300.992775997,child6,1830019,frame,-100
18300.994419788,child8,1830019,frame,11
18301.007818659997,child2,1830019,frame,52
18301.018510490998,child9,1830019,frame,31
18301.045324859002,child7,1830019,frame,7
18301.046358567,child1,1830019,frame,-76
18301.059827188998,child4,1830019,frame,32
18301.063604021,child10,1830019,frame,-82
18301.082974932997,child5,1830019,frame,-103
18311.090147449002,child5,1831029,frame,24
18311.097768489,child3,1831029,frame,-121
18311.098651364,child8,1831029,frame,-69
18311.101305571003,child6,1831029,frame,40
18311.115006443,child2,1831029,frame,-106
18311.121337983,child9,1831029,frame,15
18311.151593517003,child7,1831029,frame,-117
18311.151827184,child1,1831029,frame,30
18311.164436347,child4,1831029,frame,17
18311.168852054998,child10,1831029,frame,-75
18321.195822816,child5,1832039,frame,9
18321.201815813998,child8,1832039,frame,47
18321.204374646997,child3,1832039,frame,59
18321.208944603997,child6,1832039,frame,-100
18321.219569060002,child2,1832039,frame,-70
18321.226963891,child9,1832039,frame,-74
18321.252206884998,child7,1832039,frame,7
18321.255019593,child1,1832039,frame,30
18321.270166963997,child4,1832039,frame,16
18321.273955588003,child10,1832039,frame,40
18331.2985001,child5,1833049,frame,132
18331.305763764,child8,1833049,frame,11
18331.310213263,child3,1833049,frame,5
18331.312446096,child6,1833049,frame,40
18331.32245926,child2,1833049,frame,131
18331.329836091998,child9,1833049,frame,32
18331.355808586002,child1,1833049,frame,-111
18331.361122084,child7,1833049,frame,-100
18331.374860164,child4,1833049,frame,0
18331.378306079998,child10,1833049,frame,-80
18341.403843633,child5,1834059,frame,-98
18341.408537923002,child8,1834059,frame,56
18341.412502256,child6,1834059,frame,52
18341.414051005,child3,1834059,frame,4
18341.425556711,child2,1834059,frame,-2
18341.433635501002,child9,1834059,frame,-95
18341.457250994998,child1,1834059,frame,45
18341.465112410002,child7,1834059,frame,165
18341.478395865,child4,1834059,frame,17
18341.480928697,child10,1834059,frame,58
18351.510797458,child5,1835069,frame,6
18351.512853124,child8,1835069,frame,-77
18351.516651248,child3,1835069,frame,13
18351.517180872997,child6,1835069,frame,-92
18351.528838287,child2,1835069,frame,-72
18351.537552076,child9,1835069,frame,31
18351.567991819004,child1,1835069,frame,-95
18351.568231235,child7,1835069,frame,-120
18351.582935398,child4,1835069,frame,-125
18351.583316023,child10,1835069,frame,-76
18361.589210289003,child10,1836079,frame,19
18361.615467366,child5,1836079,frame,22
18361.616001449,child8,1836079,frame,-112
18361.62192924,child3,1836079,frame,4
18361.622600156003,child6,1836079,frame,48
18361.634307987002,child2,1836079,frame,18
18361.643291193002,child9,1836079,frame,31
18361.673153269,child1,1836079,frame,48
18361.674222268,child7,1836079,frame,42
18361.685197724,child4,1836079,frame,16
18371.688730282,child4,1837089,frame,-91
18371.692107823,child10,1837089,frame,12
18371.717480442,child5,1837089,frame,-118
18371.720639441,child8,1837089,frame,17
18371.727314398,child6,1837089,frame,-92
18371.728563981,child3,1837089,frame,58
18371.737091520998,child2,1837089,frame,-72
18371.747710476,child9,1837089,frame,11
18371.776575844,child1,1837089,frame,-77
18371.776873969,child7,1837089,frame,-120
18381.793883857,child4,1838099,frame,154
18381.793930607,child10,1838099,frame,0
18381.819911059,child5,1838099,frame,156
18381.822536475,child8,1838099,frame,27
18381.831167098,child6,1838099,frame,60
18381.83283164,child3,1838099,frame,-67
18381.841022346,child2,1838099,frame,255
18381.850815552,child9,1838099,frame,28
18381.879262962,child7,1838099,frame,182
18381.880030836,child1,1838099,frame,123
18390.883152888997,child7,1839008,frame,14
18390.885689722003,child1,1839008,frame,39
18390.896553052,child10,1839008,frame,130
18390.898516552003,child4,1839008,frame,14
18390.922359463,child5,1839008,frame,43
18390.929291253,child8,1839008,frame,11
18390.935907293,child6,1839008,frame,21
18390.942206874002,child3,1839008,frame,56
18390.944256791,child2,1839008,frame,-106
18390.953901705,child9,1839008,frame,9
18400.98984313,child7,1840018,frame,26
18400.992475588002,child1,1840018,frame,-85
18400.999395585997,child10,1840018,frame,-72
18401.001640961,child4,1840018,frame,-110
18401.025623621,child5,1840018,frame,-115
18401.034458785998,child8,1840018,frame,1
18401.034942411003,child6,1840018,frame,49
18401.048538199,child3,1840018,frame,-76
18401.05216674,child2,1840018,frame,45
18401.059508529997,child9,1840018,frame,30
18411.093038913998,child7,1841028,frame,-102
18411.096019122,child1,1841028,frame,-69
18411.105545328,child4,1841028,frame,29
18411.106383494,child10,1841028,frame,4
18411.130129988,child5,1841028,frame,7
18411.135568029,child6,1841028,frame,32
18411.136269029,child8,1841028,frame,10
18411.152224316,child3,1841028,frame,2
18411.154943316,child2,1841028,frame,-96
18411.165471980003,child9,1841028,frame,-121
18421.197718989,child1,1842038,frame,181
18421.200644779998,child7,1842038,frame,131
18421.208287360998,child4,1842038,frame,29
18421.21086061,child10,1842038,frame,58
18421.234124563,child5,1842038,frame,21
18421.241093145003,child8,1842038,frame,153
18421.24454631,child6,1842038,frame,33
18421.255273433,child3,1842038,frame,128
18421.258211515,child2,1842038,frame,178
18421.266883638,child9,1842038,frame,163
18431.30083875,child1,1843048,frame,-68
18431.304108041,child7,1843048,frame,-100
18431.315673621,child4,1843048,frame,30
18431.318535245002,child10,1843048,frame,-193
18431.337459491,child5,1843048,frame,9
18431.345341197,child8,1843048,frame,-123
18431.361232027,child3,1843048,frame,-94
18431.363173526,child6,1843048,frame,-73
18431.364544484,child2,1843048,frame,-114
18431.372134982,child9,1843048,frame,-243
18441.378621101,child9,1844058,frame,39
18441.408974135,child1,1844058,frame,-87
18441.409267135,child7,1844058,frame,6
18441.422209007,child10,1844058,frame,136
18441.424577006,child4,1844058,frame,14
18441.44034521,child5,1844058,frame,9
18441.455575040003,child8,1844058,frame,27
18441.466868579002,child3,1844058,frame,59
18441.467249121,child6,1844058,frame,-93
18441.474019202,child2,1844058,frame,32
18451.483103611998,child2,1845068,frame,-96
18451.485290403,child9,1845068,frame,21
18451.516285062,child7,1845068,frame,-100
18451.519473478,child1,1845068,frame,53
18451.526560226,child10,1845068,frame,40
18451.534184641,child4,1845068,frame,-111
18451.545143055,child5,1845068,frame,9
18451.563347633997,child8,1845068,frame,-70
18451.571945048,child3,1845068,frame,-74
18451.572028673,child6,1845068,frame,174
18461.585708831,child2,1846078,frame,155
18461.593642621,child9,1846078,frame,39
18461.620304156,child7,1846078,frame,149
18461.620909198,child1,1846078,frame,38
18461.636130444,child10,1846078,frame,-72
18461.638240277,child4,1846078,frame,142
18461.655298939,child5,1846078,frame,10
18461.667242228003,child8,1846078,frame,126
18461.676347059,child3,1846078,frame,129
18461.677096017,child6,1846078,frame,16
18471.682655051998,child3,1847088,frame,-82
18471.692341382997,child2,1847088,frame,-107
18471.697573632,child9,1847088,frame,-86
18471.724664125,child1,1847088,frame,45
18471.729726333,child7,1847088,frame,-119
18471.739327664,child10,1847088,frame,58
18471.741455663,child4,1847088,frame,-109
18471.762250908,child5,1847088,frame,6
18471.772692572,child8,1847088,frame,6
18471.780215403003,child6,1847088,frame,-108
18481.783779148,child6,1848098,frame,29
18481.787505855,child3,1848098,frame,56
18481.796811853,child2,1848098,frame,37
18481.804324601,child9,1848098,frame,51
18481.831341469002,child1,1848098,frame,-80
18481.837195592998,child7,1848098,frame,38
18481.842626508,child4,1848098,frame,31
18481.843546966,child10,1848098,frame,3
18481.866661169,child5,1848098,frame,12
18481.879225582,child8,1848098,frame,-75
18490.876673033,child5,1849007,frame,44
18490.882531656,child8,1849007,frame,59
18490.886146155,child6,1849007,frame,7
18490.895722778,child3,1849007,frame,30
18490.899438652003,child2,1849007,frame,30
18490.907429233,child9,1849007,frame,13
18490.934811184998,child1,1849007,frame,169
18490.942207517,child7,1849007,frame,139
18490.947790557002,child10,1849007,frame,51
18490.95034614,child4,1849007,frame,16
18500.982097877,child5,1850017,frame,-70
18500.986280209003,child8,1850017,frame,2
18500.992530290998,child6,1850017,frame,-92
18501.001811372,child3,1850017,frame,-89
18501.002750038002,child2,1850017,frame,-104
18501.01037387,child9,1850017,frame,-87
18501.037570113,child1,1850017,frame,-111
18501.04912186,child7,1850017,frame,-115
18501.053602484,child10,1850017,frame,-74
18501.055902358,child4,1850017,frame,-108
18511.086463179,child5,1851027,frame,-124
18511.089416304,child8,1851027,frame,2
18511.095951552,child6,1851027,frame,48
18511.108304257003,child3,1851027,frame,-66
18511.111854715,child2,1851027,frame,35
18511.114417464,child9,1851027,frame,8
18511.140907458,child1,1851027,frame,45
18511.154959287,child10,1851027,frame,3
18511.159051328,child4,1851027,frame,31
18511.15907962,child7,1851027,frame,22
18521.190870065,child5,1852037,frame,33
18521.196659729998,child8,1852037,frame,-78
18521.198077438,child6,1852037,frame,52
18521.212820517998,child3,1852037,frame,57
18521.217179059,child2,1852037,frame,37
18521.218493641998,child9,1852037,frame,48
18521.241748886,child1,1852037,frame,-93
18521.260269923,child10,1852037,frame,26
18521.265906963,child7,1852037,frame,26
18521.267243629998,child4,1852037,frame,32
18531.27175104,child7,1853047,frame,-103
18531.296593242998,child6,1853047,frame,17
18531.297933951002,child5,1853047,frame,14
18531.302843991,child8,1853047,frame,14
18531.31948032,child3,1853047,frame,-68
18531.321549778,child2,1853047,frame,36
18531.323500110997,child9,1853047,frame,-79
18531.345554147003,child1,1853047,frame,32
18531.364411766997,child10,1853047,frame,-73
18531.369593641,child4,1853047,frame,33
18541.375662176,child4,1854057,frame,-109
18541.378408133998,child7,1854057,frame,7
18541.399320546003,child6,1854057,frame,-93
18541.404545793997,child5,1854057,frame,14
18541.407997752,child8,1854057,frame,-77
18541.421550415,child2,1854057,frame,22
18541.426135164,child9,1854057,frame,43
18541.426334456002,child3,1854057,frame,57
18541.453273407,child1,1854057,frame,32
18541.468043361998,child10,1854057,frame,3
18551.476500397,child10,1855067,frame,-67
18551.482298812,child4,1855067,frame,47
18551.482868145,child7,1855067,frame,41
18551.510369472002,child6,1855067,frame,-76
18551.510959721,child5,1855067,frame,16
18551.511867596,child8,1855067,frame,27
18551.526473301,child2,1855067,frame,-107
18551.531257550003,child3,1855067,frame,1
18551.532832883,child9,1855067,frame,0
18551.561032542002,child1,1855067,frame,-93
18561.582233907,child10,1856077,frame,12
18561.584340323003,child7,1856077,frame,6
18561.590196697,child4,1856077,frame,50
18561.613241358,child6,1856077,frame,173
18561.61719294,child5,1856077,frame,15
18561.61823869,child8,1856077,frame,10
18561.632762645,child2,1856077,frame,37
18561.636103269,child3,1856077,frame,-68
18561.638213935,child9,1856077,frame,-71
18561.663118471,child1,1856077,frame,48
18571.690172626,child10,1857087,frame,10
18571.69151025,child7,1857087,frame,-100
18571.694084375,child4,1857087,frame,-95
18571.717425869,child6,1857087,frame,-92
18571.723746784002,child5,1857087,frame,-90
18571.7256257,child8,1857087,frame,1
18571.740307613,child9,1857087,frame,9
18571.740497696002,child2,1857087,frame,-89
18571.745010029,child3,1857087,frame,56
18571.768171148,child1,1857087,frame,-76
18581.776495683,child1,1858097,frame,124
18581.79532722,child7,1858097,frame,54
18581.796942636003,child10,1858097,frame,19
18581.804250259,child4,1858097,frame,45
18581.824119879,child6,1858097,frame,45
18581.830000419,child8,1858097,frame,27
18581.830544586,child5,1858097,frame,160
18581.844712041002,child9,1858097,frame,56
18581.845495291,child2,1858097,frame,52
18581.850512580997,child3,1858097,frame,11
18590.880229273,child1,1859006,frame,38
18590.900883435,child10,1859006,frame,48
18590.904511642002,child7,1859006,frame,14
18590.910914932003,child4,1859006,frame,28
18590.925048262,child6,1859006,frame,-118
18590.932837594,child8,1859006,frame,10
18590.936908093,child5,1859006,frame,-69
18590.948728215,child2,1859006,frame,12
18590.952804672,child9,1859006,frame,36
18590.957610338,child3,1859006,frame,-76
18600.96346279,child3,1860016,frame,5
18600.983162618,child1,1860016,frame,-88
18601.006284237003,child10,1860016,frame,6
18601.010836860998,child7,1860016,frame,-85
18601.017635067998,child4,1860016,frame,-96
18601.030255648,child6,1860016,frame,49
18601.036839521,child8,1860016,frame,-116
18601.044411145,child5,1860016,frame,6
18601.055799849997,child2,1860016,frame,-89
18601.060826266,child9,1860016,frame,-70
18611.062808510003,child9,1861026,frame,8
18611.067633551,child3,1861026,frame,12
18611.083371588,child1,1861026,frame,37
18611.111841165,child10,1861026,frame,135
18611.115807747,child7,1861026,frame,162
18611.125137411,child4,1861026,frame,45
18611.133648283998,child6,1861026,frame,5
18611.141759532,child8,1861026,frame,160
18611.147790822,child5,1861026,frame,7
18611.160802694,child2,1861026,frame,52
18621.167222353997,child2,1862036,frame,-89
18621.169837729,child9,1862036,frame,-80
18621.173840728,child3,1862036,frame,5
18621.188031057998,child1,1862036,frame,36
18621.217237466997,child10,1862036,frame,-74
18621.222518716,child7,1862036,frame,-99
18621.229047797,child4,1862036,frame,46
18621.238692837,child6,1862036,frame,56
18621.244957502,child8,1862036,frame,-124
18621.255273541,child5,1862036,frame,10
18631.262722326,child5,1863046,frame,-100
18631.271727782,child9,1863046,frame,16
18631.273894031,child2,1863046,frame,133
18631.278900113,child3,1863046,frame,12
18631.301709608,child1,1863046,frame,-88
18631.323278394,child10,1863046,frame,-67
18631.327105102,child7,1863046,frame,21
18631.330748684,child4,1863046,frame,29
18631.341831806,child6,1863046,frame,-84
18631.350382429,child8,1863046,frame,10
18641.364899087002,child5,1864056,frame,22
18641.376870751003,child9,1864056,frame,17
18641.380709167,child2,1864056,frame,-82
18641.382191165998,child3,1864056,frame,13
18641.410294201003,child1,1864056,frame,37
18641.427143947003,child10,1864056,frame,-67
18641.429104155,child7,1864056,frame,-83
18641.43632732,child4,1864056,frame,-96
18641.442568568,child6,1864056,frame,40
18641.451655233,child8,1864056,frame,29
18651.470530265,child5,1865066,frame,21
18651.481495637,child9,1865066,frame,132
18651.484827511,child2,1865066,frame,123
18651.485845594,child3,1865066,frame,4
18651.511439171,child1,1865066,frame,37
18651.531711041,child7,1865066,frame,55
18651.531963541,child10,1865066,frame,3
18651.541694371997,child6,1865066,frame,-68
18651.542525539,child4,1865066,frame,-77
18651.554469577,child8,1865066,frame,9
18661.573688483997,child5,1866076,frame,-116
18661.587198647998,child9,1866076,frame,-87
18661.591793021,child3,1866076,frame,10
18661.592947438003,child2,1866076,frame,-87
18661.615067265997,child1,1866076,frame,-101
18661.635488927,child7,1866076,frame,22
18661.639000551,child10,1866076,frame,49
18661.647003883,child4,1866076,frame,47
18661.647697508,child6,1866076,frame,56
18661.660786004,child8,1866076,frame,27
18671.666248956,child8,1867086,frame,-116
18671.678086787,child5,1867086,frame,165
18671.690643449998,child9,1867086,frame,8
18671.694291908,child2,1867086,frame,35
18671.695684782,child3,1867086,frame,10
18671.719031027,child1,1867086,frame,48
18671.736735939,child7,1867086,frame,-84
18671.746334145,child10,1867086,frame,60
18671.747301728,child4,1867086,frame,-78
18671.755832226,child6,1867086,frame,-68
18681.770398634002,child8,1868096,frame,25
18681.783601131,child5,1868096,frame,14
18681.795319045,child9,1868096,frame,-113
18681.798642585,child3,1868096,frame,-124
18681.799600251998,child2,1868096,frame,-73
18681.825408954,child1,1868096,frame,-78
18681.841587158,child7,1868096,frame,38
18681.850791364,child10,1868096,frame,-67
18681.853469697,child4,1868096,frame,2
18681.861326694998,child6,1868096,frame,8
18690.854230145997,child10,1869005,frame,58
18690.858319061997,child4,1869005,frame,51
18690.865330269,child6,1869005,frame,15
18690.875228433,child8,1869005,frame,29
18690.887173263,child5,1869005,frame,58
18690.900850302,child9,1869005,frame,182
18690.903710509,child2,1869005,frame,43
18690.903805676,child3,1869005,frame,169
18690.927567378,child1,1869005,frame,46
18690.949830623,child7,1869005,frame,158
18700.954951575,child7,1870015,frame,-228
18700.958622157,child10,1870015,frame,-113
18700.962591448002,child4,1870015,frame,-70
18700.970427279,child6,1870015,frame,13
18700.977444486,child8,1870015,frame,25
18700.992089899,child5,1870015,frame,25
18701.005316396,child2,1870015,frame,-90
18701.005489479,child9,1870015,frame,-79
18701.011021894,child3,1870015,frame,-66
18701.026541224,child1,1870015,frame,-77
18711.058963544,child7,1871025,frame,182
18711.065835918,child10,1871025,frame,144
18711.066083334,child4,1871025,frame,133
18711.075138707,child6,1871025,frame,128
18711.078499164,child8,1871025,frame,135
18711.094863452,child5,1871025,frame,131
18711.108906114998,child2,1871025,frame,177
18711.110113032,child9,1871025,frame,125
18711.111419781,child3,1871025,frame,5
18711.127998068998,child1,1871025,frame,125
18721.167212179,child7,1872035,frame,-85
18721.17197597,child10,1872035,frame,-67
18721.174620344,child4,1872035,frame,2
18721.180231176,child6,1872035,frame,-85
18721.185397675,child8,1872035,frame,-114
18721.199329546,child5,1872035,frame,-85
18721.214590001,child9,1872035,frame,-78
18721.217289,child3,1872035,frame,4
18721.21879625,child2,1872035,frame,-79
18721.235194621,child1,1872035,frame,-85
18731.269266107,child7,1873045,frame,22
18731.275843439,child10,1873045,frame,40
18731.277459439,child4,1873045,frame,-70
18731.282096478997,child6,1873045,frame,57
18731.291310769,child8,1873045,frame,9
18731.303143807003,child5,1873045,frame,47
18731.319382137,child2,1873045,frame,-81
18731.322542718997,child9,1873045,frame,55
18731.324062219002,child3,1873045,frame,5
18731.345618755,child1,1873045,frame,12
18741.37543691,child7,1874055,frame,42
18741.382966324003,child10,1874055,frame,53
18741.385393739998,child4,1874055,frame,55
18741.386286240002,child6,1874055,frame,-85
18741.398389237,child8,1874055,frame,9
18741.405169694,child5,1874055,frame,-86
18741.425600147002,child2,1874055,frame,51
18741.426959439,child9,1874055,frame,-125
18741.429848770997,child3,1874055,frame,4
18741.447317517002,child1,1874055,frame,123
18751.480061629,child7,1875065,frame,21
18751.48967546,child10,1875065,frame,-200
18751.491838584,child4,1875065,frame,-115
18751.491922376,child6,1875065,frame,-68
18751.50424904,child8,1875065,frame,29
18751.510146370998,child5,1875065,frame,-76
18751.529658075,child9,1875065,frame,50
18751.531088615997,child2,1875065,frame,-70
18751.533433532,child3,1875065,frame,-120
18751.548467112,child1,1875065,frame,-214
18761.588265264,child7,1876075,frame,-99
18761.593454888,child6,1876075,frame,181
18761.594655846,child4,1876075,frame,0
18761.594722929,child10,1876075,frame,145
18761.611843716,child8,1876075,frame,-70
18761.619494548002,child5,1876075,frame,53
18761.634852627,child2,1876075,frame,131
18761.63563046,child3,1876075,frame,145
18761.637371627,child9,1876075,frame,125
18761.654218123,child1,1876075,frame,132
18771.658292617,child1,1877085,frame,-80
18771.692621316,child7,1877085,frame,39
18771.694025148998,child6,1877085,frame,-73
18771.698730314998,child10,1877085,frame,58
18771.701369731003,child4,1877085,frame,-2
18771.715603477,child8,1877085,frame,2
18771.726984225003,child5,1877085,frame,44
18771.739498472,child2,1877085,frame,-79
18771.740242888,child9,1877085,frame,-218
18771.741836220997,child3,1877085,frame,-75
18781.761430544997,child1,1878095,frame,-2
18781.796488744003,child7,1878095,frame,-89
18781.797726119,child6,1878095,frame,-82
18781.806319908,child10,1878095,frame,-68
18781.806359492,child4,1878095,frame,6
18781.823353613,child8,1878095,frame,22
18781.832028402,child5,1878095,frame,-82
18781.843556358,child9,1878095,frame,12
18781.845625607,child3,1878095,frame,17
18781.848848065,child2,1878095,frame,41
18790.850989014,child3,1879004,frame,-70
18790.85297593,child2,1879004,frame,-87
18790.863546594002,child1,1879004,frame,-73
18790.899310544,child7,1879004,frame,32
18790.908839041,child6,1879004,frame,28
18790.910573249002,child10,1879004,frame,-81
18790.911278124,child4,1879004,frame,-68
18790.928165411,child8,1879004,frame,-121
18790.93531241,child5,1879004,frame,-88
18790.94595749,child9,1879004,frame,23
18800.947943985,child9,1880014,frame,17
18800.956197275,child3,1880014,frame,19
18800.956489565997,child2,1880014,frame,139
18800.966128772,child1,1880014,frame,15
18801.005918471,child7,1880014,frame,37
18801.01496876,child10,1880014,frame,-69
18801.016792426002,child4,1880014,frame,23
18801.018228634,child6,1880014,frame,2
18801.033492005,child8,1880014,frame,158
18801.038950462,child5,1880014,frame,140
18811.047799414002,child5,1881024,frame,11
18811.054749037,child9,1881024,frame,8
18811.059137078,child3,1881024,frame,0
18811.064353576,child2,1881024,frame,-73
18811.071176616,child1,1881024,frame,6
18811.109833898,child7,1881024,frame,41
18811.119207604,child4,1881024,frame,23
18811.119382438,child6,1881024,frame,56
18811.123048020003,child10,1881024,frame,139
18811.138331183003,child8,1881024,frame,21
18821.156474381998,child5,1882034,frame,-2
18821.160543673002,child9,1882034,frame,16
18821.165748962998,child3,1882034,frame,21
18821.16919267,child2,1882034,frame,35
18821.182719542,child1,1882034,frame,8
18821.213777451,child7,1882034,frame,-103
18821.222051741,child6,1882034,frame,-194
18821.224980198,child4,1882034,frame,14
18821.227765989002,child10,1882034,frame,-122
18821.244297069,child8,1882034,frame,-124
18831.247457603997,child8,1883044,frame,35
18831.262925517,child5,1883044,frame,52
18831.26586685,child9,1883044,frame,46
18831.267791933,child3,1883044,frame,20
18831.272851557,child2,1883044,frame,-73
18831.285132012,child1,1883044,frame,149
18831.318180004,child7,1883044,frame,57
18831.325913793,child6,1883044,frame,136
18831.330554292002,child10,1883044,frame,152
18831.332277584002,child4,1883044,frame,24
18841.354179531,child8,1884054,frame,17
18841.369226693998,child5,1884054,frame,39
18841.369886819,child9,1884054,frame,-124
18841.37366861,child3,1884054,frame,-120
18841.375029485,child2,1884054,frame,-72
18841.388150856,child1,1884054,frame,-77
18841.424733597,child7,1884054,frame,-69
18841.430536721,child6,1884054,frame,-77
18841.437058053,child10,1884054,frame,-75
18841.439680385,child4,1884054,frame,-117
18851.460351333997,child8,1885064,frame,10
18851.473355997,child9,1885064,frame,156
18851.47373333,child5,1885064,frame,40
18851.478489746,child3,1885064,frame,161
18851.485095661,child2,1885064,frame,139
18851.495657075,child1,1885064,frame,134
18851.528166317003,child7,1885064,frame,162
18851.535923397998,child6,1885064,frame,267
18851.540431106,child10,1885064,frame,136
18851.545175521,child4,1885064,frame,150
18861.549149723,child4,1886074,frame,8
18861.56345022,child8,1886074,frame,27
18861.576681508002,child5,1886074,frame,-86
18861.5779353,child9,1886074,frame,-71
18861.586462339,child3,1886074,frame,13
18861.589855713,child2,1886074,frame,-91
18861.600747752,child1,1886074,frame,-77
18861.633774994,child7,1886074,frame,-83
18861.641328451,child6,1886074,frame,-127
18861.644080742,child10,1886074,frame,-121
18871.649058651998,child10,1887084,frame,56
18871.654273526,child4,1887084,frame,-115
18871.665776565,child8,1887084,frame,9
18871.682092436,child5,1887084,frame,-68
18871.682685186,child9,1887084,frame,46
18871.689892559,child3,1887084,frame,12
18871.693264516,child2,1887084,frame,6
18871.704312472,child1,1887084,frame,10
18871.736042589,child7,1887084,frame,21
18871.74473617,child6,1887084,frame,48
18881.756631746,child10,1888094,frame,-65
18881.758859328,child4,1888094,frame,15
18881.769991159,child8,1888094,frame,56
18881.786970947,child5,1888094,frame,-90
18881.790229696002,child9,1888094,frame,59
18881.793981111,child3,1888094,frame,-123
18881.795725069,child2,1888094,frame,60
18881.806812316998,child1,1888094,frame,44
18881.839879933,child7,1888094,frame,41
18881.845421640002,child6,1888094,frame,-79
18890.846011298,child7,1889003,frame,-111
18890.846953214997,child6,1889003,frame,28
18890.861084878,child10,1889003,frame,-74
18890.864835252,child4,1889003,frame,-114
18890.876954831998,child8,1889003,frame,-103
18890.892079412,child5,1889003,frame,-83
18890.892420912,child9,1889003,frame,-95
18890.895879703,child3,1889003,frame,2
18890.902312325998,child2,1889003,frame,-85
18890.908884908,child1,1889003,frame,-87
18900.951017309,child7,1890013,frame,58
18900.952107725,child6,1890013,frame,-68
18900.964066222998,child10,1890013,frame,145
18900.972416887,child4,1890013,frame,32
18900.981418427,child8,1890013,frame,17
18900.99492509,child5,1890013,frame,10
18901.000977713,child9,1890013,frame,1
18901.001828963,child3,1890013,frame,18
18901.004820963,child2,1890013,frame,8
18901.012116294,child1,1890013,frame,45
18911.055130945002,child6,1891023,frame,40
18911.05606732,child7,1891023,frame,-86
18911.06824665,child10,1891023,frame,-201
18911.078041814,child4,1891023,frame,34
18911.087369520003,child8,1891023,frame,-123
18911.103433141998,child9,1891023,frame,-82
18911.104393015998,child5,1891023,frame,7
18911.106206641,child3,1891023,frame,-106
18911.109850182,child2,1891023,frame,14
18911.118787429,child1,1891023,frame,-213
18921.158735080997,child7,1892033,frame,38
18921.160307123002,child6,1892033,frame,-76
18921.176046369,child10,1892033,frame,27
18921.178934368,child4,1892033,frame,32
18921.191958531,child8,1892033,frame,161
18921.207917861,child9,1892033,frame,142
18921.210711818,child3,1892033,frame,159
18921.212021068,child5,1892033,frame,16
18921.219211732998,child2,1892033,frame,6
18921.223254648998,child1,1892033,frame,140
18931.263101717,child6,1893043,frame,48
18931.26598155,child7,1893043,frame,41
18931.283707837,child4,1893043,frame,-108
18931.287876336002,child10,1893043,frame,20
18931.29976625,child8,1893043,frame,2
18931.310073956003,child9,1893043,frame,-78
18931.313659288,child3,1893043,frame,-247
18931.316052829003,child5,1893043,frame,41
18931.325492827,child1,1893043,frame,-72
18931.326136785,child2,1893043,frame,-82
18941.361899020998,child6,1894053,frame,8
18941.36739377,child7,1894053,frame,39
18941.388245140002,child4,1894053,frame,4
18941.391898264,child10,1894053,frame,142
18941.403896428,child8,1894053,frame,19
18941.416050716,child9,1894053,frame,8
18941.417921716,child3,1894053,frame,156
18941.419412799,child5,1894053,frame,-95
18941.424889756003,child1,1894053,frame,138
18941.433182587003,child2,1894053,frame,149
18951.464668616,child6,1895063,frame,15
18951.470799739,child7,1895063,frame,-84
18951.490093901,child4,1895063,frame,54
18951.499868607,child10,1895063,frame,-118
18951.507837564,child8,1895063,frame,1
18951.520309436,child9,1895063,frame,126
18951.52236756,child3,1895063,frame,37
18951.523240268,child5,1895063,frame,38
18951.531164599,child1,1895063,frame,-72
18951.536719681,child2,1895063,frame,-127
18961.542102092,child2,1896073,frame,139
18961.568298002,child6,1896073,frame,0
18961.576068542,child7,1896073,frame,37
18961.595738829,child4,1896073,frame,39
18961.605867284,child10,1896073,frame,27
18961.613271116,child8,1896073,frame,1
18961.623325197,child9,1896073,frame,33
18961.626358946,child3,1896073,frame,161
18961.628084737,child5,1896073,frame,32
18961.637056027,child1,1896073,frame,2
18971.641917812,child1,1897083,frame,8
18971.647198311002,child2,1897083,frame,6
18971.672403721,child6,1897083,frame,57
18971.678427095,child7,1897083,frame,57
18971.698634548,child4,1897083,frame,37
18971.712494086,child10,1897083,frame,19
18971.717887752002,child8,1897083,frame,27
18971.728325916,child9,1897083,frame,-69
18971.732104915,child5,1897083,frame,23
18971.733153248002,child3,1897083,frame,-120
18981.742048657998,child1,1898093,frame,1
18981.751187614,child2,1898093,frame,39
18981.776212399,child6,1898093,frame,-73
18981.783610856,child7,1898093,frame,39
18981.804009142,child4,1898093,frame,23
18981.814825181,child10,1898093,frame,135
18981.822447138,child8,1898093,frame,-68
18981.829630968998,child9,1898093,frame,51
18981.833623093,child3,1898093,frame,143
18981.837971217,child5,1898093,frame,32
18990.829318043998,child9,1899002,frame,-102
18990.8379915,child3,1899002,frame,-75
18990.845486165,child1,1899002,frame,5
18990.845766497998,child5,1899002,frame,-69
18990.855422621,child2,1899002,frame,-81
18990.880911823002,child6,1899002,frame,28
18990.888699654002,child7,1899002,frame,-111
18990.909347316,child4,1899002,frame,-110
18990.917162772,child10,1899002,frame,-121
18990.928264770002,child8,1899002,frame,-122
19000.932367264,child9,1900012,frame,26
19000.943655636,child3,1900012,frame,-66
19000.952491925,child1,1900012,frame,48
19000.953011925,child5,1900012,frame,22
19000.960274631998,child2,1900012,frame,-127
19000.983887334,child6,1900012,frame,-68
19000.992730749,child7,1900012,frame,42
19001.013626035,child4,1900012,frame,39
19001.021554575,child10,1900012,frame,3
19001.029786781,child8,1900012,frame,19
19011.033108817,child8,1901022,frame,18
19011.035364275,child9,1901022,frame,55
19011.048012647,child3,1901022,frame,20
19011.057795435998,child5,1901022,frame,22
19011.059236311,child1,1901022,frame,-70
19011.065518351,child2,1901022,frame,184
19011.085638596,child6,1901022,frame,-69
19011.099340342,child7,1901022,frame,146
19011.116787962997,child4,1901022,frame,37
19011.124153253,child10,1901022,frame,48
19021.138885119,child8,1902032,frame,17
19021.140373369002,child9,1902032,frame,38
19021.153989574,child3,1902032,frame,-73
19021.162336489,child1,1902032,frame,56
19021.163882447,child5,1902032,frame,23
19021.172388778003,child2,1902032,frame,45
19021.191482731,child6,1902032,frame,136
19021.202541979,child7,1902032,frame,-99
19021.220143683,child4,1902032,frame,-101
19021.228104889,child10,1902032,frame,-2
19031.234013466,child10,1903042,frame,12
19031.244172922,child9,1903042,frame,-93
19031.24542213,child8,1903042,frame,162
19031.259320168,child3,1903042,frame,136
19031.265831666,child1,1903042,frame,-106
19031.269928082,child5,1903042,frame,10
19031.275546331,child2,1903042,frame,-73
19031.300466200002,child6,1903042,frame,55
19031.31055253,child7,1903042,frame,39
19031.327856193,child4,1903042,frame,157
19041.334665770002,child4,1904052,frame,-108
19041.340125643,child10,1904052,frame,-67
19041.3474901,child9,1904052,frame,36
19041.353679473003,child8,1904052,frame,1
19041.362596804,child3,1904052,frame,-68
19041.370561551998,child1,1904052,frame,131
19041.375142301,child5,1904052,frame,-100
19041.380919257997,child2,1904052,frame,-81
19041.406929293,child6,1904052,frame,5
19041.416506291,child7,1904052,frame,6
19051.441930113,child4,1905062,frame,33
19051.444216738,child10,1905062,frame,127
19051.451432986,child9,1905062,frame,56
19051.460129317,child8,1905062,frame,-106
19051.46903044,child3,1905062,frame,18
19051.475663438,child1,1905062,frame,-72
19051.477971479,child5,1905062,frame,22
19051.487739685,child2,1905062,frame,51
19051.507860055,child6,1905062,frame,-76
19051.519932969,child7,1905062,frame,-102
19061.54943054,child10,1906072,frame,-74
19061.54965679,child4,1906072,frame,33
19061.561944786998,child9,1906072,frame,-87
19061.569122451998,child8,1906072,frame,18
19061.574753617,child3,1906072,frame,2
19061.579697115998,child1,1906072,frame,-1
19061.583985365,child5,1906072,frame,21
19061.590422612997,child2,1906072,frame,1
19061.609055609,child6,1906072,frame,2
19061.623131688,child7,1906072,frame,22
19071.654489967,child4,1907082,frame,32
19071.656527092,child10,1907082,frame,12
19071.668351964,child9,1907082,frame,55
19071.675683171,child8,1907082,frame,9
19071.679357503002,child3,1907082,frame,18
19071.680779503,child1,1907082,frame,-65
19071.694856957,child5,1907082,frame,24
19071.697427665,child2,1907082,frame,6
19071.70985062,child6,1907082,frame,57
19071.726601658003,child7,1907082,frame,41
19081.761944061,child10,1908092,frame,40
19081.763881769002,child4,1908092,frame,17
19081.772486974998,child9,1908092,frame,36
19081.782307055997,child1,1908092,frame,6
19081.782818514002,child8,1908092,frame,11
19081.786771555,child3,1908092,frame,-71
19081.797212636,child5,1908092,frame,-111
19081.803061009003,child2,1908092,frame,-66
19081.816108006,child6,1908092,frame,-73
19081.829046919,child7,1908092,frame,6
19090.834862326,child7,1909001,frame,-106
19090.867849401002,child10,1909001,frame,-78
19090.868316193,child4,1909001,frame,-116
19090.877958149,child9,1909001,frame,-67
19090.888997187998,child8,1909001,frame,-66
19090.891402686997,child1,1909001,frame,11
19090.892518103,child3,1909001,frame,57
19090.900914893,child5,1909001,frame,135
19090.909043058,child2,1909001,frame,26
19090.920549346,child6,1909001,frame,28
19100.925801049,child6,1910011,frame,-84
19100.941825336,child7,1910011,frame,56
19100.975395161,child10,1910011,frame,3
19100.976279661,child4,1910011,frame,34
19100.984587367,child9,1910011,frame,-78
19100.989323865997,child8,1910011,frame,1
19100.998638281,child3,1910011,frame,-121
19101.000133614,child1,1910011,frame,6
19101.006962279,child5,1910011,frame,-110
19101.016535068,child2,1910011,frame,6
19111.030504934002,child6,1911021,frame,126
19111.045479389002,child7,1911021,frame,21
19111.079529006,child4,1911021,frame,16
19111.083831755,child10,1911021,frame,128
19111.087984837,child9,1911021,frame,126
19111.098902168,child8,1911021,frame,19
19111.10319875,child1,1911021,frame,15
19111.10813429,child3,1911021,frame,138
19111.109908332,child5,1911021,frame,50
19111.121854869998,child2,1911021,frame,14
19121.127643863998,child2,1912031,frame,131
19121.131444945997,child6,1912031,frame,-68
19121.149360942,child7,1912031,frame,42
19121.186633183,child4,1912031,frame,33
19121.188873307,child10,1912031,frame,-74
19121.194077847,child9,1912031,frame,38
19121.205029261,child8,1912031,frame,17
19121.207318677,child1,1912031,frame,0
19121.213887176,child3,1912031,frame,12
19121.217954257998,child5,1912031,frame,29
19131.226660918,child5,1913041,frame,18
19131.232546790998,child6,1913041,frame,147
19131.234017208,child2,1913041,frame,-98
19131.255331661,child7,1913041,frame,22
19131.293885401,child10,1913041,frame,51
19131.294195817998,child4,1913041,frame,17
19131.300565441,child9,1913041,frame,-105
19131.309670689003,child8,1913041,frame,18
19131.310841897,child1,1913041,frame,17
19131.319623436,child3,1913041,frame,-120
19141.328183346,child3,1914051,frame,145
19141.33424847,child5,1914051,frame,15
19141.335891761002,child6,1914051,frame,-85
19141.337842468998,child2,1914051,frame,-2
19141.358059046997,child7,1914051,frame,25
19141.399183245,child4,1914051,frame,35
19141.401581785998,child10,1914051,frame,-68
19141.404172702,child9,1914051,frame,54
19141.413525575,child8,1914051,frame,21
19141.416120741,child1,1914051,frame,-118
19151.431605357,child3,1915061,frame,-120
19151.437499272,child6,1915061,frame,49
19151.437969439,child5,1915061,frame,16
19151.441824271,child2,1915061,frame,-2
19151.463140474,child7,1915061,frame,-119
19151.50019559,child4,1915061,frame,-111
19151.506328339,child10,1915061,frame,-85
19151.508136547,child9,1915061,frame,40
19151.515719087,child8,1915061,frame,-124
19151.519086502,child1,1915061,frame,25
19161.535924577,child3,1916071,frame,20
19161.5415102,child5,1916071,frame,-92
19161.542232033,child6,1916071,frame,-77
19161.546739616,child2,1916071,frame,-2
19161.569239652,child7,1916071,frame,42
19161.60789385,child4,1916071,frame,31
19161.614650890002,child9,1916071,frame,-87
19161.614739265,child10,1916071,frame,7
19161.616649723,child8,1916071,frame,17
19161.625437638,child1,1916071,frame,34
19171.645381795,child3,1917081,frame,135
19171.646166544,child5,1917081,frame,140
19171.647157669002,child6,1917081,frame,49
19171.64942996,child2,1917081,frame,35
19171.67168883,child7,1917081,frame,39
19171.711339445,child4,1917081,frame,31
19171.719473568,child9,1917081,frame,163
19171.719791776002,child10,1917081,frame,136
19171.721972442003,child8,1917081,frame,162
19171.724840317,child1,1917081,frame,140
19181.728975768998,child8,1918091,frame,-69
19181.729968769,child1,1918091,frame,-127
19181.750910847,child6,1918091,frame,-80
19181.751576347,child5,1918091,frame,-114
19181.752235013002,child2,1918091,frame,-74
19181.754056429,child3,1918091,frame,-125
19181.780763881,child7,1918091,frame,-120
19181.814837664002,child4,1918091,frame,14
19181.822129538,child10,1918091,frame,-75
19181.823217871,child9,1918091,frame,-98
19190.818679238,child4,1919000,frame,8
19190.824596237,child10,1919000,frame,-73
19190.830587444,child9,1919000,frame,9
19190.834042109,child8,1919000,frame,4
19190.837528942,child1,1919000,frame,135
19190.850985272,child6,1919000,frame,21
19190.854395063,child5,1919000,frame,-69
19190.856247146,child2,1919000,frame,51
19190.85951002,child3,1919000,frame,31
19190.888639803998,child7,1919000,frame,33
19200.926066082,child4,1920010,frame,15
19200.926661248,child10,1920010,frame,144
19200.933203872,child9,1920010,frame,-87
19200.94048162,child8,1920010,frame,21
19200.940796161,child1,1920010,frame,-127
19200.956095408,child6,1920010,frame,57
19200.957395157,child2,1920010,frame,35
19200.957451407,child5,1920010,frame,24
19200.962901114,child3,1920010,frame,12
19200.992066024002,child7,1920010,frame,23
19211.032967009,child4,1921020,frame,15
19211.03302505,child10,1921020,frame,-192
19211.038748381998,child9,1921020,frame,38
19211.041896048,child1,1921020,frame,-110
19211.047350880002,child8,1921020,frame,-123
19211.059528294,child5,1921020,frame,23
19211.062075002,child2,1921020,frame,-125
19211.062249502,child6,1921020,frame,-85
19211.070237083,child3,1921020,frame,-112
19211.097053035,child7,1921020,frame,41
19221.137776060998,child10,1922030,frame,135
19221.139326019,child4,1922030,frame,15
19221.140684061,child9,1922030,frame,38
19221.147426309002,child1,1922030,frame,155
19221.151167391,child8,1922030,frame,159
19221.16315818,child5,1922030,frame,42
19221.165664221,child6,1922030,frame,21
19221.166635512003,child2,1922030,frame,131
19221.174186677003,child3,1922030,frame,137
19221.20327942,child7,1922030,frame,40
19231.24497103,child10,1923040,frame,4
19231.246269571,child9,1923040,frame,40
19231.246576154,child4,1923040,frame,16
19231.253137444,child1,1923040,frame,-1
19231.257925943,child8,1923040,frame,-123
19231.266649274,child5,1923040,frame,-103
19231.270647273,child6,1923040,frame,57
19231.272561315,child2,1923040,frame,-73
19231.278171313,child3,1923040,frame,-112
19231.315749429,child7,1923040,frame,-104
19241.320809464,child7,1924050,frame,40
19241.35087504,child9,1924050,frame,-87
19241.35445304,child4,1924050,frame,2
19241.354567039,child10,1924050,frame,-67
19241.35822883,child1,1924050,frame,-2
19241.363971745,child8,1924050,frame,126
19241.371762952,child6,1924050,frame,56
19241.373602743,child5,1924050,frame,163
19241.376573367,child2,1924050,frame,43
19241.386703948,child3,1924050,frame,137
19251.426496892,child7,1925060,frame,-104
19251.455021218,child9,1925060,frame,-103
19251.457103801,child10,1925060,frame,4
19251.458894884003,child4,1925060,frame,-125
19251.459341759,child1,1925060,frame,-124
19251.468566298,child8,1925060,frame,-122
19251.470435423,child6,1925060,frame,-209
19251.480018795,child5,1925060,frame,-118
19251.481718211,child2,1925060,frame,-70
19251.491921041998,child3,1925060,frame,-66
19261.531845611,child7,1926070,frame,183
19261.558829687,child1,1926070,frame,157
19261.560648937,child9,1926070,frame,133
19261.561632103,child10,1926070,frame,19
19261.562834853,child4,1926070,frame,142
19261.575591557998,child6,1926070,frame,135
19261.575805308,child8,1926070,frame,17
19261.583221348,child5,1926070,frame,41
19261.586872889002,child2,1926070,frame,131
19261.595629262,child3,1926070,frame,-104
19271.635272955,child7,1927080,frame,5
19271.665718156,child1,1927080,frame,0
19271.666296156,child10,1927080,frame,11
19271.668595364,child4,1927080,frame,1
19271.668895655,child9,1927080,frame,46
19271.681045402,child6,1927080,frame,-76
19271.682924984998,child8,1927080,frame,10
19271.688371525997,child5,1927080,frame,23
19271.690831732998,child2,1927080,frame,-80
19271.699711398003,child3,1927080,frame,270
19281.742122049,child7,1928090,frame,25
19281.771116167,child1,1928090,frame,16
19281.772055333,child10,1928090,frame,2
19281.775070666,child9,1928090,frame,-80
19281.779094873,child4,1928090,frame,1
19281.786467037997,child6,1928090,frame,60
19281.791496578,child5,1928090,frame,32
19281.792835078002,child8,1928090,frame,27
19281.798674618,child2,1928090,frame,41
19281.804582575,child3,1928090,frame,-70
19291.850480059,child7,1929100,frame,22
19291.876256094,child1,1929100,frame,126
19291.879522551997,child10,1929100,frame,126
19291.880241593,child9,1929100,frame,168
19291.885958050003,child4,1929100,frame,0
19291.893538173,child6,1929100,frame,15
19291.893999048,child8,1929100,frame,9
19291.897308880998,child5,1929100,frame,11
19291.904311962,child2,1929100,frame,60
19291.910969127,child3,1929100,frame,-125
19300.912548702003,child2,1930009,frame,-95
19300.915579075998,child3,1930009,frame,173
19300.957597399,child7,1930009,frame,-124
19300.977312561,child1,1930009,frame,33
19300.985212684,child10,1930009,frame,40
19300.9863721,child9,1930009,frame,-74
19300.988345933,child4,1930009,frame,59
19300.998844638998,child6,1930009,frame,9
19300.999085222,child8,1930009,frame,59
19301.005601095,child5,1930009,frame,56
19311.007559173,child8,1931019,frame,21
19311.012249214,child5,1931019,frame,10
19311.014964046,child2,1931019,frame,123
19311.018393671,child3,1931019,frame,39
19311.066474741998,child7,1931019,frame,166
19311.079997572,child1,1931019,frame,-85
19311.089718527997,child10,1931019,frame,51
19311.091093068997,child9,1931019,frame,40
19311.093901985,child4,1931019,frame,56
19311.099037151,child6,1931019,frame,6
19321.110426101,child8,1932029,frame,-78
19321.120670474,child2,1932029,frame,19
19321.123462765,child5,1932029,frame,-70
19321.126053389,child3,1932029,frame,-89
19321.16996367,child7,1932029,frame,-73
19321.185189208,child1,1932029,frame,2
19321.192728248,child9,1932029,frame,38
19321.195985996997,child10,1932029,frame,-84
19321.197657621,child4,1932029,frame,-78
19321.198968704,child6,1932029,frame,56
19331.21472232,child8,1933039,frame,152
19331.224232651,child2,1933039,frame,36
19331.224288985,child3,1933039,frame,59
19331.224321359998,child5,1933039,frame,140
19331.273869639,child7,1933039,frame,18
19331.29028501,child1,1933039,frame,45
19331.298994008,child10,1933039,frame,43
19331.300360424,child9,1933039,frame,23
19331.300545299,child4,1933039,frame,11
19331.302832924,child6,1933039,frame,57
19341.31180275,child6,1934049,frame,24
19341.318319748,child8,1934049,frame,41
19341.330115869998,child5,1934049,frame,-122
19341.332025952997,child2,1934049,frame,22
19341.332172370003,child3,1934049,frame,44
19341.384132607003,child7,1934049,frame,45
19341.391640064,child1,1934049,frame,22
19341.403210102,child10,1934049,frame,-90
19341.406610351998,child9,1934049,frame,50
19341.407264518,child4,1934049,frame,37
19351.409092513,child10,1935059,frame,43
19351.410642346,child9,1935059,frame,-119
19351.414753053,child4,1935059,frame,-80
19351.416259719,child6,1935059,frame,-92
19351.419290801998,child8,1935059,frame,-92
19351.434892798,child5,1935059,frame,60
19351.437807921997,child2,1935059,frame,29
19351.439175214,child3,1935059,frame,-105
19351.487825118,child7,1935059,frame,9
19351.491028117,child1,1935059,frame,-95
19361.51408944,child10,1936069,frame,17
19361.516339814,child9,1936069,frame,24
19361.519700064,child4,1936069,frame,54
19361.519731022,child6,1936069,frame,157
19361.524673811997,child8,1936069,frame,184
19361.541047017,child2,1936069,frame,-67
19361.5420666,child5,1936069,frame,-72
19361.549884890002,child3,1936069,frame,-66
19361.591181837997,child7,1936069,frame,7
19361.594505587,child1,1936069,frame,162
19371.618966825998,child9,1937079,frame,-119
19371.619772242,child6,1937079,frame,-108
19371.6208772,child10,1937079,frame,-97
19371.622928075,child4,1937079,frame,45
19371.629851448,child8,1937079,frame,-234
19371.646663819,child5,1937079,frame,0
19371.647723152,child2,1937079,frame,-103
19371.650462400998,child3,1937079,frame,59
19371.695360765,child7,1937079,frame,-72
19371.701020222,child1,1937079,frame,-111
19381.721479212,child6,1938089,frame,44
19381.724804628,child10,1938089,frame,176
19381.728868168997,child9,1938089,frame,272
19381.730166877,child8,1938089,frame,166
19381.730216293,child4,1938089,frame,37
19381.750453913,child5,1938089,frame,126
19381.750925080003,child2,1938089,frame,161
19381.753995995998,child3,1938089,frame,36
19381.804113775,child7,1938089,frame,142
19381.809760774002,child1,1938089,frame,162
19391.810965102,child1,1939099,frame,-103
19391.812375268,child7,1939099,frame,-97
19391.826335097998,child6,1939099,frame,19
19391.827389431,child10,1939099,frame,-91
19391.830277304998,child9,1939099,frame,-66
19391.834626179,child8,1939099,frame,-83
19391.835374429,child4,1939099,frame,-87
19391.855160299,child2,1939099,frame,-120
19391.857942007002,child5,1939099,frame,-117
19391.859101923,child3,1939099,frame,50
19400.914052067998,child1,1940008,frame,23
19400.914958526002,child7,1940008,frame,7
19400.932566272,child9,1940008,frame,50
19400.933631855,child10,1940008,frame,45
19400.934622313,child6,1940008,frame,-70
19400.938619645,child8,1940008,frame,38
19400.943226186,child4,1940008,frame,175
19400.957181182002,child2,1940008,frame,5
19400.962656473,child3,1940008,frame,34
19400.963311388998,child5,1940008,frame,49
19411.017570870998,child1,1941018,frame,16
19411.022907118997,child7,1941018,frame,-2
19411.035614574997,child9,1941018,frame,-127
19411.038846657,child6,1941018,frame,25
19411.040213865002,child8,1941018,frame,17
19411.040581865,child10,1941018,frame,35
19411.054501903,child4,1941018,frame,-104
19411.062273692998,child2,1941018,frame,30
19411.068030192,child3,1941018,frame,-92
19411.070147274,child5,1941018,frame,-71
19421.122734048,child1,1942028,frame,16
19421.128050462998,child7,1942028,frame,45
19421.140850294003,child6,1942028,frame,24
19421.142141084998,child9,1942028,frame,-2
19421.144969000998,child8,1942028,frame,-81
19421.1508655,child10,1942028,frame,35
19421.162979747,child4,1942028,frame,32
19421.166232579002,child2,1942028,frame,29
19421.167609412,child3,1942028,frame,49
19421.173715785997,child5,1942028,frame,139
19431.227399309,child1,1943038,frame,-109
19431.235897015,child7,1943038,frame,0
19431.239349014,child6,1943038,frame,25
19431.24422993,child8,1943038,frame,42
19431.247178971,child9,1943038,frame,148
19431.258143635,child10,1943038,frame,-124
19431.268465757003,child2,1943038,frame,-96
19431.269574882,child4,1943038,frame,33
19431.273247881,child3,1943038,frame,49
19431.277627047,child5,1943038,frame,-78
19441.328495487,child1,1944048,frame,141
19441.340025943,child7,1944048,frame,44
19441.341744817,child6,1944048,frame,8
19441.352916815,child9,1944048,frame,-72
19441.355219356,child8,1944048,frame,-83
19441.366261811,child10,1944048,frame,-88
19441.370537519,child4,1944048,frame,16
19441.377319434,child2,1944048,frame,152
19441.379527015997,child3,1944048,frame,-92
19441.382485349,child5,1944048,frame,1
19451.429640691,child1,1945058,frame,16
19451.446646062002,child7,1945058,frame,-69
19451.449131519003,child6,1945058,frame,-100
19451.458912142,child9,1945058,frame,-1
19451.463102308,child8,1945058,frame,56
19451.475079763,child4,1945058,frame,16
19451.475560804,child10,1945058,frame,174
19451.483535469,child3,1945058,frame,140
19451.484825094,child2,1945058,frame,22
19451.490397134,child5,1945058,frame,55
19461.538715798,child1,1946068,frame,-108
19461.547839754,child7,1946068,frame,36
19461.554189044,child6,1946068,frame,24
19461.563600542002,child9,1946068,frame,46
19461.570833122998,child8,1946068,frame,24
19461.580573495998,child4,1946068,frame,17
19461.582125744997,child10,1946068,frame,19
19461.58418287,child3,1946068,frame,-105
19461.585087078,child2,1946068,frame,-120
19461.594584659,child5,1946068,frame,3
19471.640161032,child1,1947078,frame,30
19471.653958362,child7,1947078,frame,1
19471.657230611,child6,1947078,frame,44
19471.66864565,child9,1947078,frame,-76
19471.676270148,child8,1947078,frame,-66
19471.684186562,child4,1947078,frame,16
19471.68638277,child3,1947078,frame,36
19471.688361644,child10,1947078,frame,35
19471.692791602,child2,1947078,frame,37
19471.6993911,child5,1947078,frame,60
19481.7066779,child5,1948088,frame,-86
19481.741643807003,child1,1948088,frame,14
19481.755116804,child6,1948088,frame,25
19481.758916678,child7,1948088,frame,54
19481.773596924,child9,1948088,frame,7
19481.782356714,child8,1948088,frame,-86
19481.788673212,child4,1948088,frame,0
19481.790540378002,child3,1948088,frame,-89
19481.794221419,child10,1948088,frame,-106
19481.799584168,child2,1948088,frame,3
19491.803246385,child2,1949098,frame,-104
19491.811396924,child5,1949098,frame,-71
19491.846960331997,child1,1949098,frame,-111
19491.85534333,child6,1949098,frame,-237
19491.86198762,child7,1949098,frame,-97
19491.877699198998,child9,1949098,frame,13
19491.886932322,child8,1949098,frame,58
19491.894805902997,child3,1949098,frame,50
19491.895181195,child4,1949098,frame,-108
19491.898372609998,child10,1949098,frame,33
19500.891479587997,child8,1950007,frame,138
19500.897657503003,child4,1950007,frame,16
19500.90037246,child3,1950007,frame,146
19500.900504834997,child10,1950007,frame,13
19500.906673416997,child2,1950007,frame,154
19500.915486623002,child5,1950007,frame,37
19500.950101073002,child1,1950007,frame,30
19500.956962779,child6,1950007,frame,271
19500.966722817997,child7,1950007,frame,55
19500.982234855997,child9,1950007,frame,43
19510.997334362,child8,1951017,frame,-91
19511.005726735,child4,1951017,frame,-91
19511.00656461,child10,1951017,frame,-88
19511.007942943,child3,1951017,frame,-230
19511.014083566,child2,1951017,frame,-120
19511.019157023,child5,1951017,frame,-125
19511.054169681003,child1,1951017,frame,30
19511.069556052,child6,1951017,frame,-233
19511.07029626,child7,1951017,frame,-89
19511.085838089002,child9,1951017,frame,-216
19521.104383011,child8,1952027,frame,47
19521.109932427,child4,1952027,frame,29
19521.111305468,child10,1952027,frame,35
19521.112698091998,child3,1952027,frame,177
19521.1171553,child2,1952027,frame,23
19521.121788215,child5,1952027,frame,152
19521.161296997,child1,1952027,frame,-111
19521.171693286,child7,1952027,frame,3
19521.176650659,child6,1952027,frame,173
19521.190749531,child9,1952027,frame,155
19531.196029038998,child9,1953037,frame,7
19531.210347911,child8,1953037,frame,53
19531.212664618,child4,1953037,frame,29
19531.216050283998,child10,1953037,frame,19
19531.218230742,child3,1953037,frame,-105
19531.224515282,child2,1953037,frame,-89
19531.22611099,child5,1953037,frame,-73
19531.259171023,child1,1953037,frame,45
19531.277341892997,child7,1953037,frame,7
19531.280709976,child6,1953037,frame,-92
19541.300908564,child9,1954047,frame,-118
19541.314198686,child8,1954047,frame,-218
19541.318816725998,child4,1954047,frame,-96
19541.323178642,child10,1954047,frame,-91
19541.323527016,child3,1954047,frame,49
19541.329408682,child2,1954047,frame,52
19541.333375264,child5,1954047,frame,-119
19541.359367341,child1,1954047,frame,-80
19541.380626502,child6,1954047,frame,32
19541.387276999998,child7,1954047,frame,-81
19551.410731171,child9,1955057,frame,13
19551.417191544,child8,1955057,frame,127
19551.424481834,child4,1955057,frame,46
19551.424975917,child10,1955057,frame,51
19551.426246667,child3,1955057,frame,-92
19551.43758183,child2,1955057,frame,21
19551.43951158,child5,1955057,frame,149
19551.463301115,child1,1955057,frame,48
19551.481212069,child6,1955057,frame,33
19551.488292109003,child7,1955057,frame,16
19561.492450993002,child7,1956067,frame,-2
19561.517333612,child9,1956067,frame,23
19561.525115693,child8,1956067,frame,-65
19561.526914192,child3,1956067,frame,49
19561.527111401,child4,1956067,frame,-80
19561.527345026003,child10,1956067,frame,-74
19561.540991939,child2,1956067,frame,-86
19561.54377098,child5,1956067,frame,-110
19561.576086013,child1,1956067,frame,-77
19561.585975177,child6,1956067,frame,-73
19571.597609559,child7,1957077,frame,25
19571.624022927,child9,1957077,frame,-102
19571.630050468,child3,1957077,frame,-92
19571.630282717,child8,1957077,frame,40
19571.632329092,child10,1957077,frame,33
19571.635562049003,child4,1957077,frame,-2
19571.645701589,child5,1957077,frame,42
19571.646542463,child2,1957077,frame,52
19571.679206287998,child1,1957077,frame,1
19571.689078036,child6,1957077,frame,48
19581.703187042003,child7,1958087,frame,-2
19581.728742827,child9,1958087,frame,38
19581.734861617,child8,1958087,frame,-66
19581.735740409003,child3,1958087,frame,48
19581.741134782,child10,1958087,frame,53
19581.744069323,child4,1958087,frame,54
19581.748721404998,child2,1958087,frame,37
19581.750777363,child5,1958087,frame,139
19581.783240688,child1,1958087,frame,55
19581.792118686,child6,1958087,frame,-108
19591.797402903,child6,1959097,frame,-127
19591.807303399997,child7,1959097,frame,-100
19591.835223018003,child9,1959097,frame,-98
19591.841934266,child3,1959097,frame,-79
19591.843546682998,child8,1959097,frame,1
19591.845521682,child4,1959097,frame,-72
19591.84887914,child10,1959097,frame,-201
19591.857077596,child2,1959097,frame,-73
19591.858941595,child5,1959097,frame,-121
19591.882358089,child1,1959097,frame,-71
19600.885840814,child1,1960006,frame,5
19600.899359477,child6,1960006,frame,28
19600.914060598,child7,1960006,frame,24
19600.937908133998,child9,1960006,frame,15
19600.948155381,child8,1960006,frame,-66
19600.948513756,child3,1960006,frame,36
19600.949768089,child10,1960006,frame,60
19600.949982131002,child4,1960006,frame,-73
19600.961510669,child5,1960006,frame,-76
19600.962130543998,child2,1960006,frame,-101
19610.990749214,child1,1961016,frame,-124
19610.998934587,child6,1961016,frame,-116
19611.016279957,child7,1961016,frame,-110
19611.041204784,child9,1961016,frame,-195
19611.051162656,child8,1961016,frame,-98
19611.052811156,child3,1961016,frame,-246
19611.053998447,child10,1961016,frame,-247
19611.055077572,child4,1961016,frame,-116
19611.063103237,child5,1961016,frame,-94
19611.066237069,child2,1961016,frame,-119
19621.091927823,child1,1962026,frame,-84
19621.101508612,child6,1962026,frame,-108
19621.120976690003,child7,1962026,frame,-77
19621.147211224998,child9,1962026,frame,24
19621.155787181,child8,1962026,frame,-92
19621.157213389,child10,1962026,frame,168
19621.160677013,child3,1962026,frame,29
19621.163063345997,child4,1962026,frame,33
19621.166520387,child5,1962026,frame,-85
19621.170222552002,child2,1962026,frame,14
19631.191040182,child1,1963036,frame,-219
19631.204904637,child6,1963036,frame,-209
19631.229349464,child7,1963036,frame,-211
19631.250702417,child9,1963036,frame,-191
19631.259106748,child8,1963036,frame,-224
19631.260138455997,child10,1963036,frame,-231
19631.264098329997,child3,1963036,frame,-89
19631.269073329,child4,1963036,frame,-100
19631.272096536,child5,1963036,frame,-193
19631.277489826,child2,1963036,frame,-121
19641.300443914,child1,1964046,frame,7
19641.312428536003,child6,1964046,frame,143
19641.335089905002,child7,1964046,frame,151
19641.3560409,child9,1964046,frame,48
19641.363146855998,child8,1964046,frame,26
19641.364925689002,child10,1964046,frame,42
19641.36848948,child3,1964046,frame,-80
19641.376513144,child4,1964046,frame,-77
19641.377401061,child5,1964046,frame,24
19641.382776976,child2,1964046,frame,-79
19651.387879235,child2,1965056,frame,54
19651.409712562,child1,1965056,frame,7
19651.416622519002,child6,1965056,frame,22
19651.439777596002,child7,1965056,frame,-2
19651.460472174,child9,1965056,frame,55
19651.470822255,child8,1965056,frame,11
19651.470949713,child10,1965056,frame,53
19651.477184295,child3,1965056,frame,6
19651.480518961,child5,1965056,frame,14
19651.480548294,child4,1965056,frame,-67
19661.485373094998,child5,1966066,frame,25
19661.495373092,child2,1966066,frame,0
19661.512824796,child1,1966066,frame,15
19661.516504462,child6,1966066,frame,19
19661.545948787,child7,1966066,frame,-99
19661.564330616002,child9,1966066,frame,-78
19661.574330197,child8,1966066,frame,25
19661.579552737003,child10,1966066,frame,-65
19661.58229157,child3,1966066,frame,6
19661.582727860998,child4,1966066,frame,9
19671.589430744,child4,1967076,frame,25
19671.591048326998,child3,1967076,frame,21
19671.591759244,child5,1967076,frame,49
19671.595201118,child2,1967076,frame,59
19671.614843070998,child1,1967076,frame,31
19671.622270194002,child6,1967076,frame,18
19671.649162312002,child7,1967076,frame,48
19671.672504055998,child9,1967076,frame,10
19671.67930343,child8,1967076,frame,47
19671.683374595003,child10,1967076,frame,-105
19681.692090686,child4,1968086,frame,-99
19681.69671906,child5,1968086,frame,-85
19681.69795381,child3,1968086,frame,-106
19681.700668226,child2,1968086,frame,-116
19681.716925347002,child1,1968086,frame,-94
19681.723810845,child6,1968086,frame,-114
19681.760900085,child7,1968086,frame,-103
19681.776987914,child9,1968086,frame,-73
19681.784559621,child10,1968086,frame,19
19681.784696829,child8,1968086,frame,33
19691.787634005,child10,1969096,frame,34
19691.789102171,child8,1969096,frame,-74
19691.798571794,child5,1969096,frame,9
19691.800793627,child4,1969096,frame,57
19691.801734585,child3,1969096,frame,46
19691.802930376,child2,1969096,frame,21
19691.821398912998,child1,1969096,frame,178
19691.831032577,child6,1969096,frame,37
19691.863475444,child7,1969096,frame,126
19691.880812438998,child9,1969096,frame,152
19700.885290372,child9,1970005,frame,-95
19700.892764037,child10,1970005,frame,42
19700.896439619002,child8,1970005,frame,32
19700.904313826,child4,1970005,frame,-2
19700.905948408,child3,1970005,frame,45
19700.90772945,child5,1970005,frame,22
19700.908852074,child2,1970005,frame,41
19700.924675487,child1,1970005,frame,-108
19700.933489360003,child6,1970005,frame,58
19700.965777143003,child7,1970005,frame,15
19710.988358939,child9,1971015,frame,17
19710.999617019002,child10,1971015,frame,-95
19711.000038103,child8,1971015,frame,34
19711.009088684,child3,1971015,frame,29
19711.009669975003,child4,1971015,frame,-66
19711.011995183,child2,1971015,frame,17
19711.012796766,child5,1971015,frame,-79
19711.027630762,child1,1971015,frame,41
19711.03703401,child6,1971015,frame,18
19711.06917971,child7,1971015,frame,-83
19721.091710381002,child9,1972025,frame,44
19721.104221669,child8,1972025,frame,27
19721.105672876998,child10,1972025,frame,146
19721.113488042,child4,1972025,frame,47
19721.115673791,child5,1972025,frame,41
19721.118684207,child2,1972025,frame,7
19721.121266872997,child3,1972025,frame,21
19721.128707746,child1,1972025,frame,18
19721.139613368,child6,1972025,frame,-69
19721.174837943,child7,1972025,frame,14
19731.17929741,child7,1973035,frame,-75
19731.198541905,child9,1973035,frame,-125
19731.212130443,child10,1973035,frame,-113
19731.213713358997,child8,1973035,frame,-115
19731.216139566997,child4,1973035,frame,40
19731.220494316,child2,1973035,frame,-2
19731.221579023997,child5,1973035,frame,40
19731.226306439003,child3,1973035,frame,-112
19731.234774020002,child1,1973035,frame,18
19731.239321103,child6,1973035,frame,19
19741.282298685,child7,1974045,frame,127
19741.302207346,child9,1974045,frame,151
19741.317373092,child8,1974045,frame,151
19741.317694134,child10,1974045,frame,36
19741.324273424,child4,1974045,frame,31
19741.326699507,child2,1974045,frame,51
19741.327158714997,child5,1974045,frame,40
19741.329343964,child3,1974045,frame,154
19741.338327879,child1,1974045,frame,18
19741.343408961002,child6,1974045,frame,38
19751.389863292003,child7,1975055,frame,22
19751.40351133,child9,1975055,frame,-125
19751.420183951002,child10,1975055,frame,-97
19751.420447576,child8,1975055,frame,-98
19751.428982574,child4,1975055,frame,31
19751.430481615,child2,1975055,frame,2
19751.432224698,child3,1975055,frame,-112
19751.433434239,child5,1975055,frame,-67
19751.440562986998,child1,1975055,frame,-107
19751.447313361,child6,1975055,frame,19
19761.495850858,child7,1976065,frame,-83
19761.508519062998,child9,1976065,frame,0
19761.520913435,child10,1976065,frame,27
19761.526556809,child8,1976065,frame,-99
19761.535438556002,child3,1976065,frame,29
19761.536126264,child4,1976065,frame,-93
19761.536221972998,child2,1976065,frame,-119
19761.538980514,child5,1976065,frame,-71
19761.546080095002,child1,1976065,frame,50
19761.549485303,child6,1976065,frame,-107
19771.60304534,child7,1977075,frame,23
19771.612550838003,child9,1977075,frame,133
19771.627994833998,child10,1977075,frame,10
19771.631396791,child8,1977075,frame,42
19771.63862929,child3,1977075,frame,13
19771.640145622998,child4,1977075,frame,31
19771.641648039,child5,1977075,frame,180
19771.643445788,child2,1977075,frame,132
19771.649866203,child1,1977075,frame,15
19771.651405578,child6,1977075,frame,18
19781.710577613998,child7,1978085,frame,-75
19781.71593803,child9,1978085,frame,-116
19781.729339985002,child10,1978085,frame,-94
19781.735557358,child8,1978085,frame,46
19781.744504189,child4,1978085,frame,-92
19781.74663748,child5,1978085,frame,-217
19781.748228605,child3,1978085,frame,-112
19781.750234688,child2,1978085,frame,-71
19781.752770144998,child1,1978085,frame,-94
19781.758045852002,child6,1978085,frame,19
19791.813012931,child7,1979095,frame,-2
19791.819812555,child9,1979095,frame,13
19791.835764509,child10,1979095,frame,50
19791.841133882,child8,1979095,frame,-101
19791.848144839,child5,1979095,frame,60
19791.848484464,child4,1979095,frame,46
19791.85225313,child3,1979095,frame,32
19791.855770379,child2,1979095,frame,-78
19791.857444545,child1,1979095,frame,30
19791.863182751997,child6,1979095,frame,21
19800.919636713,child7,1980004,frame,-103
19800.922332087,child9,1980004,frame,-98
19800.941607165998,child10,1980004,frame,-108
19800.948374497,child8,1980004,frame,-93
19800.952324954,child4,1980004,frame,-108
19800.953017288,child5,1980004,frame,18
19800.959909869,child1,1980004,frame,18
19800.960243911002,child3,1980004,frame,-119
19800.964376743,child2,1980004,frame,59
19800.964872035,child6,1980004,frame,-74
19810.968167294,child2,1981014,frame,-119
19811.022817946,child7,1981014,frame,135
19811.030061361,child9,1981014,frame,33
19811.046446482,child10,1981014,frame,6
19811.05211248,child8,1981014,frame,140
19811.055809813,child5,1981014,frame,-76
19811.057842271,child4,1981014,frame,50
19811.060776895003,child1,1981014,frame,-95
19811.063567852,child3,1981014,frame,176
19811.06636481,child6,1981014,frame,25
19821.071519652003,child6,1982024,frame,27
19821.076791901,child2,1982024,frame,130
19821.127379554,child7,1982024,frame,-94
19821.135436719,child9,1982024,frame,142
19821.149981757,child10,1982024,frame,185
19821.152578589998,child8,1982024,frame,34
19821.157629755002,child5,1982024,frame,144
19821.161720212,child4,1982024,frame,49
19821.163041754,child1,1982024,frame,47
19821.166453711,child3,1982024,frame,-124
19831.170625677998,child3,1983034,frame,178
19831.171839886,child1,1983034,frame,47
19831.176626426997,child6,1983034,frame,28
19831.182412592003,child2,1983034,frame,14
19831.231656662,child7,1983034,frame,11
19831.237460494,child9,1983034,frame,-108
19831.255642073003,child10,1983034,frame,44
19831.257061198,child8,1983034,frame,-76
19831.26154803,child5,1983034,frame,-71
19831.263541113,child4,1983034,frame,49
19841.26852583,child4,1984044,frame,50
19841.273184744998,child3,1984044,frame,21
19841.275633203,child1,1984044,frame,31
19841.277225827,child6,1984044,frame,46
19841.291830657003,child2,1984044,frame,15
19841.333998396003,child7,1984044,frame,125
19841.342984477,child9,1984044,frame,249
19841.358324765002,child10,1984044,frame,10
19841.367298388002,child5,1984044,frame,181
19841.367636221,child8,1984044,frame,132
19851.37023648,child5,1985054,frame,-99
19851.371591563002,child8,1985054,frame,27
19851.375100979,child6,1985054,frame,11
19851.375600062,child4,1985054,frame,33
19851.378138978,child1,1985054,frame,33
19851.378578186002,child3,1985054,frame,21
19851.395745473,child2,1985054,frame,-2
19851.437870629,child7,1985054,frame,58
19851.446928044,child9,1985054,frame,-78
19851.46169604,child10,1985054,frame,30
19861.474277380003,child5,1986064,frame,-69
19861.476103879002,child6,1986064,frame,10
19861.477051670998,child8,1986064,frame,43
19861.479961794998,child4,1986064,frame,-92
19861.481281711,child1,1986064,frame,33
19861.483985585997,child3,1986064,frame,-104
19861.500233832,child2,1986064,frame,59
19861.544661695,child7,1986064,frame,-69
19861.549885694,child9,1986064,frame,9
19861.564016982,child10,1986064,frame,-98
19871.579333237998,child5,1987074,frame,183
19871.581660487,child8,1987074,frame,26
19871.58475832,child6,1987074,frame,136
19871.585055528,child1,1987074,frame,143
19871.585398695,child4,1987074,frame,159
19871.593379609,child3,1987074,frame,146
19871.605708356,child2,1987074,frame,2
19871.648071345,child7,1987074,frame,38
19871.653531135,child9,1987074,frame,56
19871.668450048,child10,1987074,frame,153
19881.673822848,child10,1988084,frame,12
19881.681500096,child5,1988084,frame,-103
19881.685168428998,child8,1988084,frame,-116
19881.689070303,child1,1988084,frame,-123
19881.689560844,child6,1988084,frame,-194
19881.693459593003,child4,1988084,frame,-108
19881.696407218,child3,1988084,frame,-119
19881.710923839,child2,1988084,frame,54
19881.750709079002,child7,1988084,frame,-75
19881.757728827,child9,1988084,frame,-78
19891.776708665,child10,1989094,frame,-68
19891.786540663,child5,1989094,frame,35
19891.788569954002,child8,1989094,frame,28
19891.795659118998,child6,1989094,frame,131
19891.796535577,child4,1989094,frame,34
19891.796604993,child1,1989094,frame,16
19891.801628284,child3,1989094,frame,128
19891.81777453,child2,1989094,frame,-73
19891.85616902,child7,1989094,frame,153
19891.862378018,child9,1989094,frame,24
19900.860177286,child7,1990003,frame,28
19900.867555701,child9,1990003,frame,9
19900.87846074,child10,1990003,frame,-80
19900.888504987,child5,1990003,frame,-67
19900.892171444,child8,1990003,frame,11
19900.896641692998,child1,1990003,frame,-72
19900.900006859,child4,1990003,frame,46
19900.900712109,child6,1990003,frame,-102
19900.906438149002,child3,1990003,frame,-82
19900.92273327,child2,1990003,frame,-112
19910.967207518,child7,1991013,frame,-119
19910.967640393,child9,1991013,frame,-78
19910.987207472,child10,1991013,frame,2
19910.993893928,child5,1991013,frame,41
19910.995773136,child1,1991013,frame,10
19910.995866219,child8,1991013,frame,17
19911.004236634002,child6,1991013,frame,2
19911.008175508,child4,1991013,frame,-97
19911.014028298003,child3,1991013,frame,-67
19911.027836128,child2,1991013,frame,131
19921.071828501,child9,1992023,frame,39
19921.074857167,child7,1992023,frame,34
19921.09112033,child10,1992023,frame,23
19921.09677587,child8,1992023,frame,20
19921.09816237,child1,1992023,frame,10
19921.103193410003,child5,1992023,frame,25
19921.107329492,child6,1992023,frame,3
19921.113003449,child4,1992023,frame,24
19921.116084157,child3,1992023,frame,19
19921.136922485002,child2,1992023,frame,54
19931.175573318,child9,1993033,frame,44
19931.179232484003,child7,1993033,frame,-85
19931.196424521,child10,1993033,frame,20
19931.201943186,child1,1993033,frame,28
19931.20714731,child8,1993033,frame,10
19931.208237393,child6,1993033,frame,22
19931.209704309,child5,1993033,frame,-67
19931.218237515,child3,1993033,frame,19
19931.219465557002,child4,1993033,frame,-102
19931.241883676,child2,1993033,frame,-80
19941.282288634,child7,1994043,frame,163
19941.283441675,child9,1994043,frame,172
19941.300544670998,child10,1994043,frame,19
19941.306816711,child1,1994043,frame,131
19941.309460794,child8,1994043,frame,10
19941.313372083998,child6,1994043,frame,2
19941.313541625997,child5,1994043,frame,163
19941.32365904,child3,1994043,frame,144
19941.324048997998,child4,1994043,frame,164
19941.345159867997,child2,1994043,frame,37
19951.385821201,child7,1995053,frame,-223
19951.390074033,child9,1995053,frame,-226
19951.405674487,child10,1995053,frame,-120
19951.41189086,child1,1995053,frame,-195
19951.413941068,child8,1995053,frame,-220
19951.417486942002,child5,1995053,frame,-242
19951.418447609,child6,1995053,frame,-122
19951.427505523,child4,1995053,frame,-117
19951.429220856,child3,1995053,frame,-219
19951.452214392,child2,1995053,frame,-71
19961.489819391998,child7,1996063,frame,164
19961.493033682997,child9,1996063,frame,55
19961.51178372,child1,1996063,frame,31
19961.515040219,child10,1996063,frame,161
19961.515938885,child8,1996063,frame,167
19961.519986758998,child6,1996063,frame,34
19961.521140342,child5,1996063,frame,56
19961.53094434,child4,1996063,frame,-86
19961.533190963997,child3,1996063,frame,154
19961.558892958,child2,1996063,frame,125
19971.56361955,child2,1997073,frame,-72
19971.5951035,child7,1997073,frame,-100
19971.598824666,child9,1997073,frame,22
19971.61584587,child1,1997073,frame,15
19971.620049243,child6,1997073,frame,11
19971.621586243,child10,1997073,frame,-105
19971.621914743,child8,1997073,frame,-115
19971.626234909003,child5,1997073,frame,40
19971.635227698,child4,1997073,frame,39
19971.639237614,child3,1997073,frame,-127
19981.672150782,child2,1998083,frame,37
19981.702969357,child7,1998083,frame,56
19981.704978107,child9,1998083,frame,39
19981.722140185,child1,1998083,frame,15
19981.724699102,child6,1998083,frame,25
19981.726137851,child10,1998083,frame,135
19981.72894285,child8,1998083,frame,45
19981.732732808003,child5,1998083,frame,-84
19981.740982639,child4,1998083,frame,42
19981.742928013,child3,1998083,frame,29
19991.780005764,child2,1999093,frame,-89
19991.808229881997,child9,1999093,frame,-88
19991.808353965,child7,1999093,frame,37
19991.822566128,child1,1999093,frame,6
19991.829408792997,child6,1999093,frame,14
19991.831462959,child10,1999093,frame,4
19991.834634958,child8,1999093,frame,25
19991.837814874,child5,1999093,frame,125
19991.846880247,child4,1999093,frame,45
19991.848422746,child3,1999093,frame,18
20000.853466471002,child3,2000002,frame,-75
20000.853709346,child4,2000002,frame,-107
20000.881810297,child2,2000002,frame,44
20000.910945289,child9,2000002,frame,8
20000.915958121,child7,2000002,frame,-100
20000.921091995002,child1,2000002,frame,58
20000.930857867,child6,2000002,frame,-83
20000.937340282002,child8,2000002,frame,18
20000.940780948,child10,2000002,frame,-72
20000.944164614,child5,2000002,frame,-116
20010.958919078,child3,2001012,frame,146
20010.959010495,child4,2001012,frame,49
20010.987112321,child2,2001012,frame,45
20011.020845895997,child7,2001012,frame,39
20011.020870896,child9,2001012,frame,22
20011.029715434997,child1,2001012,frame,0
20011.035997184,child6,2001012,frame,151
20011.042107807,child8,2001012,frame,46
20011.044357515,child10,2001012,frame,12
20011.049101179997,child5,2001012,frame,54
20021.061510478998,child3,2002022,frame,-119
20021.066162561,child4,2002022,frame,34
20021.091783888,child2,2002022,frame,-78
20021.12276488,child7,2002022,frame,-84
20021.126310504,child9,2002022,frame,-85
20021.136454501,child1,2002022,frame,-123
20021.139160709,child6,2002022,frame,-95
20021.147778706,child10,2002022,frame,-114
20021.149196913997,child8,2002022,frame,-100
20021.152398164002,child5,2002022,frame,-85
20031.155191048,child10,2003032,frame,153
20031.164376919998,child3,2003032,frame,37
20031.164623504003,child5,2003032,frame,135
20031.175923667,child4,2003032,frame,-76
20031.197972162,child2,2003032,frame,124
20031.228502946,child9,2003032,frame,133
20031.229037195,child7,2003032,frame,55
20031.240432693,child1,2003032,frame,158
20031.244588191,child6,2003032,frame,27
20031.251781397998,child8,2003032,frame,-65
20041.254447157,child8,2004042,frame,150
20041.263242571997,child10,2004042,frame,-83
20041.26876032,child3,2004042,frame,11
20041.269665362,child5,2004042,frame,-91
20041.281638942,child4,2004042,frame,49
20041.300435812,child2,2004042,frame,-87
20041.333180012,child9,2004042,frame,-94
20041.335019595,child7,2004042,frame,-83
20041.347065758,child1,2004042,frame,-193
20041.349800966,child6,2004042,frame,10
20051.365262139,child8,2005052,frame,26
20051.371761554,child10,2005052,frame,23
20051.374592843997,child5,2005052,frame,128
20051.376725636,child3,2005052,frame,27
20051.389148132,child4,2005052,frame,34
20051.405126253,child2,2005052,frame,45
20051.437613787,child9,2005052,frame,30
20051.440479910998,child7,2005052,frame,134
20051.450875283,child1,2005052,frame,143
20051.451905616,child6,2005052,frame,11
20061.455489042,child6,2006062,frame,10
20061.47025758,child8,2006062,frame,27
20061.479568661,child10,2006062,frame,7
20061.482015077,child5,2006062,frame,38
20061.48348516,child3,2006062,frame,11
20061.491878198998,child4,2006062,frame,-92
20061.512600986,child2,2006062,frame,-77
20061.542477603,child9,2006062,frame,-78
20061.547810518,child7,2006062,frame,-95
20061.552398267002,child1,2006062,frame,2
20071.5589944,child6,2007072,frame,11
20071.575481271,child8,2007072,frame,-114
20071.583778394,child10,2007072,frame,20
20071.586323768002,child5,2007072,frame,-102
20071.593570432997,child3,2007072,frame,11
20071.598301265003,child4,2007072,frame,49
20071.616431344,child2,2007072,frame,-1
20071.648134461,child9,2007072,frame,2
20071.652471418,child7,2007072,frame,129
20071.653438751,child1,2007072,frame,-106
20081.655065593997,child1,2008082,frame,140
20081.655729344,child7,2008082,frame,38
20081.661575550002,child6,2008082,frame,135
20081.68388592,child8,2008082,frame,150
20081.690909501,child10,2008082,frame,144
20081.692044334002,child5,2008082,frame,49
20081.696936916,child3,2008082,frame,56
20081.704625206003,child4,2008082,frame,49
20081.723139618,child2,2008082,frame,54
20081.753567318,child9,2008082,frame,55
20091.755152036,child1,2009092,frame,6
20091.757133452,child9,2009092,frame,51
20091.761201868,child7,2009092,frame,-84
20091.762273159,child6,2009092,frame,-125
20091.790542151997,child8,2009092,frame,-97
20091.795166859,child10,2009092,frame,-193
20091.795289859,child5,2009092,frame,-96
20091.802478399,child3,2009092,frame,-68
20091.810515689,child4,2009092,frame,-93
20091.827334392998,child2,2009092,frame,35
20100.861207276,child9,2010001,frame,4
20100.861772901,child1,2010001,frame,59
20100.86482515,child7,2010001,frame,147
20100.865381442,child6,2010001,frame,24
20100.892640767997,child8,2010001,frame,18
20100.896822434002,child5,2010001,frame,143
20100.899777225,child10,2010001,frame,129
20100.911796097,child3,2010001,frame,57
20100.917481553,child4,2010001,frame,32
20100.927070968,child2,2010001,frame,37
20110.965065508997,child9,2011011,frame,39
20110.965468593,child1,2011011,frame,-78
20110.969159967,child7,2011011,frame,-99
20110.972237216,child6,2011011,frame,14
20110.994136294,child8,2011011,frame,9
20111.001517333,child5,2011011,frame,-90
20111.003707874,child10,2011011,frame,-91
20111.015966455,child3,2011011,frame,-127
20111.020378578,child4,2011011,frame,5
20111.029170951002,child2,2011011,frame,-87
20121.071996325,child9,2012021,frame,47
20121.075019449,child1,2012021,frame,7
20121.077876864998,child7,2012021,frame,40
20121.080804448,child6,2012021,frame,56
20121.097925818,child8,2012021,frame,-110
20121.109697357,child5,2012021,frame,38
20121.111234232,child10,2012021,frame,14
20121.122813937,child3,2012021,frame,138
20121.125810395,child4,2012021,frame,39
20121.133654559002,child2,2012021,frame,-2
20131.172925601,child9,2013031,frame,32
20131.173441934,child1,2013031,frame,45
20131.176653516,child7,2013031,frame,6
20131.187008472,child6,2013031,frame,-75
20131.202907218,child8,2013031,frame,150
20131.212756214998,child5,2013031,frame,24
20131.217693089002,child10,2013031,frame,130
20131.227092337,child3,2013031,frame,-2
20131.231668501998,child4,2013031,frame,39
20131.237061418,child2,2013031,frame,36
20141.274080667998,child9,2014041,frame,-114
20141.276276292,child1,2014041,frame,-70
20141.282416041002,child7,2014041,frame,-91
20141.29161908,child6,2014041,frame,-69
20141.306960868,child8,2014041,frame,-114
20141.316282281998,child5,2014041,frame,-92
20141.321313822,child10,2014041,frame,-73
20141.331345487,child3,2014041,frame,-127
20141.33678361,child4,2014041,frame,-85
20141.341130359,child2,2014041,frame,-71
20151.34572041,child2,2015051,frame,54
20151.379142151003,child9,2015051,frame,32
20151.381285567,child1,2015051,frame,0
20151.386223940997,child7,2015051,frame,14
20151.395108438,child6,2015051,frame,3
20151.412347059002,child8,2015051,frame,45
20151.422646931,child5,2015051,frame,48
20151.424363264,child10,2015051,frame,-66
20151.436032928003,child3,2015051,frame,13
20151.441519134998,child4,2015051,frame,39
20161.446046227,child4,2016061,frame,-86
20161.447677018,child2,2016061,frame,-79
20161.48437905,child9,2016061,frame,-102
20161.486485217003,child1,2016061,frame,-77
20161.492767173,child7,2016061,frame,-83
20161.501844838,child6,2016061,frame,2
20161.518168667,child8,2016061,frame,-115
20161.528770414,child5,2016061,frame,-91
20161.53269708,child10,2016061,frame,4
20161.54262316,child3,2016061,frame,13
20171.549072377,child3,2017071,frame,19
20171.549487377,child4,2017071,frame,56
20171.551344585,child2,2017071,frame,-81
20171.587412700002,child9,2017071,frame,164
20171.590789533002,child1,2017071,frame,135
20171.601565738,child7,2017071,frame,181
20171.601734988,child6,2017071,frame,19
20171.623680024,child8,2017071,frame,59
20171.632000147,child5,2017071,frame,128
20171.638134312,child10,2017071,frame,20
20181.653872527,child4,2018081,frame,39
20181.653906318003,child3,2018081,frame,11
20181.657388817002,child2,2018081,frame,141
20181.692611225,child9,2018081,frame,-119
20181.693202516002,child1,2018081,frame,57
20181.704349097,child6,2018081,frame,22
20181.706878096,child7,2018081,frame,-119
20181.727018008,child8,2018081,frame,151
20181.734998881002,child5,2018081,frame,23
20181.743415254,child10,2018081,frame,-83
20191.748089345998,child10,2019091,frame,21
20191.760881134,child2,2019091,frame,-121
20191.762048925,child3,2019091,frame,16
20191.76212005,child4,2019091,frame,37
20191.794301417,child1,2019091,frame,-70
20191.794957542,child9,2019091,frame,36
20191.808680038,child7,2019091,frame,54
20191.811066413,child6,2019091,frame,3
20191.833341074,child8,2019091,frame,-115
20191.837030781,child5,2019091,frame,35
20200.837684173,child8,2020000,frame,160
20200.840001589,child5,2020000,frame,58
20200.852521669,child10,2020000,frame,59
20200.863859958,child2,2020000,frame,166
20200.864547416,child3,2020000,frame,24
20200.867093249002,child4,2020000,frame,18
20200.896499533002,child9,2020000,frame,134
20200.907414322,child1,2020000,frame,47
20200.907744572,child7,2020000,frame,8
20200.910480238002,child6,2020000,frame,36
20210.942971781,child8,2021010,frame,-193
20210.945997905,child5,2021010,frame,-108
20210.959554235,child10,2021010,frame,4
20210.966293692,child2,2021010,frame,-69
20210.970529565,child3,2021010,frame,12
20210.976404147,child4,2021010,frame,34
20210.999753891,child9,2021010,frame,-101
20211.009612805003,child6,2021010,frame,11
20211.01083543,child1,2021010,frame,-77
20211.014007929,child7,2021010,frame,-83
20221.047979597,child8,2022020,frame,35
20221.051081179998,child5,2022020,frame,34
20221.065884634,child10,2022020,frame,20
20221.071283299,child2,2022020,frame,7
20221.074339174,child3,2022020,frame,13
20221.084660838,child4,2022020,frame,33
20221.105551957,child9,2022020,frame,21
20221.113015705,child6,2022020,frame,2
20221.11437908,child1,2022020,frame,127
20221.117368579,child7,2022020,frame,164
20231.154184496,child5,2023030,frame,35
20231.155739538,child8,2023030,frame,35
20231.172756575,child10,2023030,frame,12
20231.17839624,child3,2023030,frame,-2
20231.180501323,child2,2023030,frame,-2
20231.188762404,child4,2023030,frame,17
20231.211475648,child9,2023030,frame,24
20231.219234354998,child1,2023030,frame,-66
20231.222887187,child7,2023030,frame,-100
20231.223344145,child6,2023030,frame,-68
20241.259829521,child5,2024040,frame,14
20241.260675896,child8,2024040,frame,18
20241.279467349,child10,2024040,frame,3
20241.28210139,child3,2024040,frame,-2
20241.285638721998,child2,2024040,frame,51
20241.293005096,child4,2024040,frame,-107
20241.317273089,child9,2024040,frame,23
20241.323232462997,child1,2024040,frame,46
20241.326748087,child6,2024040,frame,2
20241.32815817,child7,2024040,frame,40
20251.364784045,child8,2025050,frame,1
20251.366613337,child5,2025050,frame,-1
20251.385270748,child3,2025050,frame,-2
20251.38545854,child10,2025050,frame,49
20251.391426497,child2,2025050,frame,56
20251.400645911002,child4,2025050,frame,142
20251.423254988997,child1,2025050,frame,31
20251.424374988,child9,2025050,frame,8
20251.433849486002,child7,2025050,frame,132
20251.435519652,child6,2025050,frame,128
20261.440140994,child7,2026060,frame,-224
20261.440713744,child6,2026060,frame,-76
20261.46974982,child8,2026060,frame,23
20261.473565944,child5,2026060,frame,-115
20261.488258357,child10,2026060,frame,-2
20261.492237689,child3,2026060,frame,-2
20261.495119355,child2,2026060,frame,-87
20261.503972019003,child4,2026060,frame,-123
20261.52590518,child1,2026060,frame,-88
20261.534517220003,child9,2026060,frame,-119
20271.538710604,child9,2027070,frame,24
20271.542457061,child6,2027070,frame,14
20271.544052352,child7,2027070,frame,22
20271.573087303,child8,2027070,frame,18
20271.578664885,child5,2027070,frame,150
20271.592569132,child10,2027070,frame,52
20271.596949922,child3,2027070,frame,-2
20271.597928255,child2,2027070,frame,0
20271.609833044,child4,2027070,frame,18
20271.626477581,child1,2027070,frame,55
20281.64157267,child9,2028080,frame,-102
20281.646744044,child6,2028080,frame,-68
20281.64908196,child7,2028080,frame,42
20281.680516993998,child8,2028080,frame,-106
20281.685002618,child5,2028080,frame,-116
20281.696772031002,child10,2028080,frame,-207
20281.701521697,child3,2028080,frame,-2
20281.702525946,child2,2028080,frame,28
20281.713628152003,child4,2028080,frame,17
20281.729554356003,child1,2028080,frame,-87
20291.741884821,child9,2029090,frame,51
20291.751235652,child6,2029090,frame,6
20291.751291194,child7,2029090,frame,-105
20291.786764559998,child8,2029090,frame,33
20291.789618267,child5,2029090,frame,-78
20291.80293618,child10,2029090,frame,11
20291.80506718,child3,2029090,frame,-124
20291.80597468,child2,2029090,frame,-65
20291.817797593,child4,2029090,frame,-109
20291.836700005,child1,2029090,frame,-71
20301.840266472,child1,2030100,frame,177
20301.844431596,child9,2030100,frame,37
20301.853249552,child7,2030100,frame,41
20301.85528326,child6,2030100,frame,7
20301.890820876,child8,2030100,frame,135
20301.893497917,child5,2030100,frame,27
20301.908118122,child3,2030100,frame,141
20301.909119455,child10,2030100,frame,10
20301.911749621002,child2,2030100,frame,60
20301.923541993,child4,2030100,frame,49
20310.927801842,child4,2031009,frame,16
20310.941139714,child1,2031009,frame,-86
20310.94886092,child9,2031009,frame,-74
20310.958263126002,child7,2031009,frame,40
20310.959057792,child6,2031009,frame,36
20310.995299325,child8,2031009,frame,-117
20310.997492366,child5,2031009,frame,2
20311.01318157,child3,2031009,frame,24
20311.013915987,child10,2031009,frame,-2
20311.019807027,child2,2031009,frame,-87
20321.035012866003,child4,2032019,frame,31
20321.047084695998,child1,2032019,frame,173
20321.052920445,child9,2032019,frame,172
20321.058447943,child6,2032019,frame,56
20321.058920692998,child7,2032019,frame,22
20321.097725308002,child8,2032019,frame,134
20321.102002099,child5,2032019,frame,159
20321.117178637003,child3,2032019,frame,60
20321.120478094,child10,2032019,frame,181
20321.126746176,child2,2032019,frame,168
20331.134016350003,child2,2033029,frame,-79
20331.142237932,child4,2033029,frame,-109
20331.150158555,child1,2033029,frame,-93
20331.159076593998,child6,2033029,frame,-75
20331.16072101,child9,2033029,frame,-93
20331.162709718,child7,2033029,frame,-83
20331.204058541,child8,2033029,frame,-68
20331.205945581998,child5,2033029,frame,-108
20331.224268119,child3,2033029,frame,-198
20331.227114785,child10,2033029,frame,-71
20341.231512585,child3,2034039,frame,138
20341.237500875,child2,2034039,frame,123
20341.246154290002,child4,2034039,frame,172
20341.255952329,child1,2034039,frame,48
20341.261085411003,child6,2034039,frame,10
20341.264252327,child9,2034039,frame,47
20341.267123243,child7,2034039,frame,54
20341.312187606,child8,2034039,frame,20
20341.316396355,child5,2034039,frame,158
20341.328619727,child10,2034039,frame,3
20351.331768943997,child10,2035049,frame,-121
20351.336624109998,child3,2035049,frame,-127
20351.341908567,child2,2035049,frame,-87
20351.352682231,child4,2035049,frame,-110
20351.357967729,child1,2035049,frame,-92
20351.371812476,child9,2035049,frame,-113
20351.371917226003,child7,2035049,frame,42
20351.373330975,child6,2035049,frame,3
20351.416990006,child8,2035049,frame,-123
20351.419139755,child5,2035049,frame,-106
20361.437827718,child10,2036059,frame,28
20361.440198301,child3,2036059,frame,13
20361.446107716,child2,2036059,frame,28
20361.454974006,child4,2036059,frame,32
20361.459124795998,child1,2036059,frame,-77
20361.475102876,child9,2036059,frame,47
20361.475978333998,child7,2036059,frame,-228
20361.480378916,child6,2036059,frame,4
20361.521769655,child8,2036059,frame,18
20361.524491529,child5,2036059,frame,-94
20371.529201246998,child5,2037069,frame,30
20371.543113451,child3,2037069,frame,138
20371.543595784,child10,2037069,frame,4
20371.552536907,child2,2037069,frame,46
20371.557018739,child4,2037069,frame,-94
20371.560224989,child1,2037069,frame,129
20371.576171108998,child7,2037069,frame,261
20371.582488191,child9,2037069,frame,31
20371.584277066,child6,2037069,frame,14
20371.626052263,child8,2037069,frame,22
20381.630788314,child8,2038079,frame,-123
20381.633045355,child5,2038079,frame,17
20381.646880768,child3,2038079,frame,-80
20381.647478434,child10,2038079,frame,3
20381.657761682,child2,2038079,frame,-95
20381.661324722,child4,2038079,frame,31
20381.667312221,child1,2038079,frame,-102
20381.679363843003,child7,2038079,frame,-93
20381.685727633,child9,2038079,frame,-93
20381.68907334,child6,2038079,frame,-193
20391.737498338,child5,2039089,frame,18
20391.739305462,child8,2039089,frame,158
20391.751297126,child3,2039089,frame,6
20391.752808874997,child10,2039089,frame,49
20391.766848912997,child2,2039089,frame,46
20391.767975579998,child4,2039089,frame,34
20391.773147078,child1,2039089,frame,52
20391.787480908,child7,2039089,frame,31
20391.788809283,child9,2039089,frame,29
20391.795970323,child6,2039089,frame,143
20401.841420029,child5,2040099,frame,13
20401.84614207,child8,2040099,frame,22
20401.859413108,child3,2040099,frame,8
20401.859447816,child10,2040099,frame,59
20401.868878647,child4,2040099,frame,31
20401.870518897,child2,2040099,frame,10
20401.881509935,child1,2040099,frame,-87
20401.890153975,child7,2040099,frame,-78
20401.893769099002,child9,2040099,frame,37
20401.897120681,child6,2040099,frame,7
20410.941233937,child5,2041008,frame,21
20410.947518102003,child8,2041008,frame,-114
20410.96314589,child3,2041008,frame,55
20410.963364515,child10,2041008,frame,-65
20410.972481013,child4,2041008,frame,-107
20410.976440053,child2,2041008,frame,-94
20410.98441651,child1,2041008,frame,59
20410.993688382,child7,2041008,frame,-96
20410.996207465,child9,2041008,frame,-102
20411.000755213998,child6,2041008,frame,-82
20421.04624517,child5,2042018,frame,14
20421.052764001997,child8,2042018,frame,26
20421.068562748,child3,2042018,frame,-76
20421.069982497,child10,2042018,frame,11
20421.076887787,child4,2042018,frame,33
20421.085293368,child2,2042018,frame,45
20421.090782283998,child1,2042018,frame,-70
20421.101395364003,child7,2042018,frame,4
20421.103054947,child9,2042018,frame,55
20421.104855113,child6,2042018,frame,18
20431.151563611,child5,2043028,frame,-95
20431.156125985,child8,2043028,frame,46
20431.172311856,child10,2043028,frame,12
20431.173647647,child3,2043028,frame,11
20431.182807769997,child4,2043028,frame,50
20431.191771476002,child2,2043028,frame,37
20431.194197142002,child1,2043028,frame,132
20431.205066347,child9,2043028,frame,38
20431.205589264002,child7,2043028,frame,55
20431.206340764,child6,2043028,frame,19
20441.254716386,child5,2044038,frame,33
20441.26016101,child8,2044038,frame,9
20441.276132881,child10,2044038,frame,59
20441.277606714,child3,2044038,frame,40
20441.290557794,child4,2044038,frame,33
20441.297830417,child1,2044038,frame,-79
20441.299441332998,child2,2044038,frame,-85
20441.307448373,child9,2044038,frame,39
20441.307857748,child6,2044038,frame,143
20441.310060454998,child7,2044038,frame,136
20451.357946328,child5,2045048,frame,18
20451.366765783998,child8,2045048,frame,-97
20451.379957905,child3,2045048,frame,-73
20451.380306239,child10,2045048,frame,-73
20451.394055277,child4,2045048,frame,-92
20451.402515275,child1,2045048,frame,46
20451.402731608,child2,2045048,frame,54
20451.410488398,child6,2045048,frame,3
20451.414831355003,child7,2045048,frame,-94
20451.416534729,child9,2045048,frame,-211
20461.464664394,child5,2046058,frame,17
20461.473987391,child8,2046058,frame,25
20461.485388262998,child10,2046058,frame,41
20461.486668763002,child3,2046058,frame,13
20461.494449094,child4,2046058,frame,34
20461.502010842,child1,2046058,frame,56
20461.5053723,child2,2046058,frame,-72
20461.512067548,child6,2046058,frame,-103
20461.517331797,child9,2046058,frame,135
20461.519620921,child7,2046058,frame,55
20471.522107763998,child7,2047068,frame,58
20471.52219143,child9,2047068,frame,29
20471.571196126,child5,2047068,frame,35
20471.577471708,child8,2047068,frame,10
20471.590882538,child3,2047068,frame,131
20471.592268412,child10,2047068,frame,-196
20471.599555160003,child4,2047068,frame,33
20471.608794158,child1,2047068,frame,-84
20471.613400447997,child2,2047068,frame,162
20471.620668572003,child6,2047068,frame,56
20481.625047399,child7,2048078,frame,-87
20481.628501606,child9,2048078,frame,48
20481.628782023003,child6,2048078,frame,3
20481.673201386002,child5,2048078,frame,-110
20481.677394885,child8,2048078,frame,43
20481.695497422,child3,2048078,frame,-72
20481.697390755002,child10,2048078,frame,144
20481.70575442,child4,2048078,frame,-92
20481.716726584,child2,2048078,frame,-85
20481.71782,child1,2048078,frame,-69
20491.723031403002,child2,2049088,frame,54
20491.725317527,child1,2049088,frame,57
20491.731220775,child9,2049088,frame,47
20491.733089692,child7,2049088,frame,58
20491.736327524,child6,2049088,frame,2
20491.777842638,child5,2049088,frame,31
20491.785804303003,child8,2049088,frame,27
20491.798784091,child3,2049088,frame,-2
20491.804339839997,child10,2049088,frame,137
20491.808186964,child4,2049088,frame,50
20501.828054988,child2,2050098,frame,-89
20501.828113446,child1,2050098,frame,-70
20501.834572361,child9,2050098,frame,-97
20501.83840561,child7,2050098,frame,-87
20501.840928776,child6,2050098,frame,-71
20501.883727681998,child5,2050098,frame,29
20501.892783096002,child8,2050098,frame,-116
20501.900274844,child3,2050098,frame,3
20501.908409842,child10,2050098,frame,-76
20501.913309716,child4,2050098,frame,-76
20510.91746617,child4,2051007,frame,154
20510.930202791,child1,2051007,frame,173
20510.930307083,child2,2051007,frame,144
20510.940501830002,child9,2051007,frame,124
20510.94097158,child7,2051007,frame,-110
20510.945666121,child6,2051007,frame,153
20510.987169277003,child5,2051007,frame,128
20510.995148566,child8,2051007,frame,161
20511.007964646,child3,2051007,frame,36
20511.011739437,child10,2051007,frame,45
20521.016772048,child10,2052017,frame,-91
20521.022818170997,child4,2052017,frame,32
20521.035739835002,child1,2052017,frame,-78
20521.038827667002,child2,2052017,frame,-87
20521.048221205998,child9,2052017,frame,-94
20521.051118456,child7,2052017,frame,127
20521.053807663,child6,2052017,frame,-84
20521.090394986997,child5,2052017,frame,-124
20521.097246319,child8,2052017,frame,-115
20521.112412482,child3,2052017,frame,-73
20531.117146884,child3,2053027,frame,3
20531.121300425002,child10,2053027,frame,7
20531.130246173,child4,2053027,frame,-94
20531.140972628,child1,2053027,frame,49
20531.141891585998,child2,2053027,frame,-87
20531.148807626003,child7,2053027,frame,46
20531.154130625,child6,2053027,frame,3
20531.157234082,child9,2053027,frame,47
20531.192217323,child5,2053027,frame,35
20531.200046863,child8,2053027,frame,25
20541.221885969,child3,2054037,frame,58
20541.232712092,child4,2054037,frame,31
20541.233681591002,child10,2054037,frame,-1
20541.240811173,child1,2054037,frame,4
20541.249310296,child2,2054037,frame,179
20541.256959835002,child7,2054037,frame,50
20541.257203544,child6,2054037,frame,2
20541.263480167003,child9,2054037,frame,16
20541.29791945,child5,2054037,frame,16
20541.303417406998,child8,2054037,frame,31
20551.327930596002,child3,2055047,frame,-76
20551.336730760002,child4,2055047,frame,32
20551.337622427003,child10,2055047,frame,4
20551.341024718,child1,2055047,frame,-72
20551.356321255,child2,2055047,frame,-120
20551.356598672,child6,2055047,frame,6
20551.367275127002,child7,2055047,frame,-95
20551.37158721,child9,2055047,frame,23
20551.402849535,child5,2055047,frame,-111
20551.408168366997,child8,2055047,frame,-116
20561.412910645002,child8,2056057,frame,152
20561.43504718,child3,2056057,frame,11
20561.440199845998,child4,2056057,frame,-94
20561.444163345,child10,2056057,frame,42
20561.444922303,child1,2056057,frame,55
20561.459916674,child2,2056057,frame,53
20561.462019965,child6,2056057,frame,57
20561.473637504,child7,2056057,frame,128
20561.476154586,child9,2056057,frame,4
20561.509121703,child5,2056057,frame,158
20571.514785272,child5,2057067,frame,-123
20571.519000229,child8,2057067,frame,-96
20571.542226682,child3,2057067,frame,-77
20571.546374347003,child4,2057067,frame,-94
20571.548595679997,child10,2057067,frame,-73
20571.559639844,child1,2057067,frame,-87
20571.56306651,child6,2057067,frame,-76
20571.566282509,child2,2057067,frame,-87
20571.577995089,child7,2057067,frame,40
20571.58072813,child9,2057067,frame,-102
20581.617727733003,child5,2058077,frame,17
20581.623077730997,child8,2058077,frame,26
20581.645999725,child3,2058077,frame,13
20581.651257224003,child4,2058077,frame,48
20581.657303305998,child10,2058077,frame,12
20581.664786054,child1,2058077,frame,-71
20581.668204636,child6,2058077,frame,57
20581.668979594,child2,2058077,frame,54
20581.683362590997,child9,2058077,frame,40
20581.684025841,child7,2058077,frame,-103
20591.720197569,child5,2059087,frame,35
20591.730118858,child8,2059087,frame,27
20591.753563267997,child3,2059087,frame,138
20591.759751892,child4,2059087,frame,33
20591.761278266,child10,2059087,frame,-77
20591.765897597998,child1,2059087,frame,54
20591.771820097,child2,2059087,frame,-104
20591.772123013,child6,2059087,frame,41
20591.785270592998,child7,2059087,frame,42
20591.790276925,child9,2059087,frame,23
20601.827734653,child5,2060097,frame,27
20601.833877985002,child8,2060097,frame,-100
20601.85896652,child3,2060097,frame,-122
20601.862431186,child4,2060097,frame,47
20601.863641185002,child10,2060097,frame,146
20601.868968559,child1,2060097,frame,6
20601.874542599,child2,2060097,frame,4
20601.874901891002,child6,2060097,frame,-72
20601.890653553,child7,2060097,frame,-119
20601.895314052,child9,2060097,frame,-108
20610.931468123,child5,2061006,frame,-75
20610.940733911997,child8,2061006,frame,143
20610.963305365,child3,2061006,frame,50
20610.96788353,child10,2061006,frame,-80
20610.967937864003,child4,2061006,frame,-93
20610.973133028998,child1,2061006,frame,53
20610.980186944,child2,2061006,frame,45
20610.984150150998,child6,2061006,frame,22
20610.993673398,child7,2061006,frame,34
20610.998719272,child9,2061006,frame,9
20621.039698706998,child5,2062016,frame,25
20621.046168706,child8,2062016,frame,27
20621.06589995,child3,2062016,frame,131
20621.069808116,child10,2062016,frame,130
20621.076318280997,child4,2062016,frame,175
20621.077809739,child1,2062016,frame,-1
20621.08530757,child2,2062016,frame,28
20621.090844694,child6,2062016,frame,-77
20621.099863817,child7,2062016,frame,156
20621.102713857,child9,2062016,frame,39
20631.107572594,child9,2063026,frame,164
20631.107989135002,child7,2063026,frame,33
20631.142316501,child5,2063026,frame,151
20631.150099999,child8,2063026,frame,10
20631.168235828,child3,2063026,frame,-2
20631.17400991,child10,2063026,frame,52
20631.180644408,child1,2063026,frame,252
20631.182371406998,child4,2063026,frame,33
20631.190939864,child2,2063026,frame,126
20631.193938446002,child6,2063026,frame,183
20641.213393512,child7,2064036,frame,141
20641.215973969,child9,2064036,frame,131
20641.247254086,child5,2064036,frame,55
20641.250867044,child8,2064036,frame,57
20641.275321329,child3,2064036,frame,177
20641.283052618997,child1,2064036,frame,24
20641.28427716,child10,2064036,frame,42
20641.284557452,child4,2064036,frame,33
20641.297802407,child2,2064036,frame,163
20641.298620198002,child6,2064036,frame,52
20651.320235263,child7,2065046,frame,54
20651.321917346002,child9,2065046,frame,133
20651.357132462,child8,2065046,frame,144
20651.358580753,child5,2065046,frame,144
20651.38184508,child3,2065046,frame,29
20651.386144163,child1,2065046,frame,149
20651.388275412002,child4,2065046,frame,143
20651.389132662,child10,2065046,frame,44
20651.4017192,child2,2065046,frame,22
20651.403039408,child6,2065046,frame,159
20661.408272144003,child6,2066056,frame,125
20661.427474639,child7,2066056,frame,128
20661.427661472,child9,2066056,frame,39
20661.464655171,child8,2066056,frame,158
20661.471260628,child5,2066056,frame,155
20661.488222165,child3,2066056,frame,135
20661.490023373,child1,2066056,frame,56
20661.493806789,child4,2066056,frame,173
20661.496289288,child10,2066056,frame,259
20661.504863660997,child2,2066056,frame,131
20671.509453522,child2,2067066,frame,35
20671.510951896,child6,2067066,frame,-77
20671.5311901,child7,2067066,frame,13
20671.536673723,child9,2067066,frame,-94
20671.571942380997,child5,2067066,frame,-119
20671.574652922,child8,2067066,frame,-116
20671.594448541,child3,2067066,frame,-76
20671.594955291,child1,2067066,frame,-93
20671.601073498,child4,2067066,frame,-100
20671.604800163997,child10,2067066,frame,-72
20681.608097525,child4,2068076,frame,33
20681.611415233,child10,2068076,frame,43
20681.611458899,child6,2068076,frame,57
20681.614316357,child2,2068076,frame,29
20681.638784476,child7,2068076,frame,26
20681.639846142003,child9,2068076,frame,163
20681.676008174,child5,2068076,frame,16
20681.680479256,child8,2068076,frame,162
20681.696875544,child3,2068076,frame,128
20681.698189877,child1,2068076,frame,183
20691.711020736002,child6,2069086,frame,-93
20691.71324511,child4,2069086,frame,-82
20691.716572193,child10,2069086,frame,-82
20691.721137442,child2,2069086,frame,-111
20691.741939477997,child7,2069086,frame,-126
20691.749133393,child9,2069086,frame,-83
20691.781834759,child5,2069086,frame,7
20691.786095383,child8,2069086,frame,-83
20691.800945128998,child3,2069086,frame,-225
20691.80565417,child1,2069086,frame,-119
20701.810779614003,child1,2070096,frame,139
20701.813470197,child6,2070096,frame,163
20701.816630571,child4,2070096,frame,138
20701.825459235002,child10,2070096,frame,158
20701.825867109997,child2,2070096,frame,20
20701.846909771,child7,2070096,frame,177
20701.851685145,child9,2070096,frame,59
20701.888204094,child5,2070096,frame,134
20701.891288635,child8,2070096,frame,10
20701.903870090002,child3,2070096,frame,172
20710.907397044,child3,2071005,frame,2
20710.913808292,child1,2071005,frame,-76
20710.919991124,child6,2071005,frame,42
20710.922855957,child4,2071005,frame,2
20710.929028913,child10,2071005,frame,18
20710.93089833,child2,2071005,frame,52
20710.949691575,child7,2071005,frame,53
20710.959283114,child9,2071005,frame,29
20710.989502898,child5,2071005,frame,14
20710.995403355,child8,2071005,frame,52
20720.998881883,child8,2072015,frame,-92
20721.010974088,child3,2072015,frame,19
20721.019007169,child1,2072015,frame,-119
20721.026763417,child6,2072015,frame,-124
20721.02853675,child4,2072015,frame,-127
20721.033188249,child2,2072015,frame,6
20721.036116081,child10,2072015,frame,-115
20721.053835285,child7,2072015,frame,20
20721.062838408,child9,2072015,frame,-78
20721.096714149,child5,2072015,frame,-96
20731.100845426998,child5,2073025,frame,38
20731.106116967,child8,2073025,frame,59
20731.117274631,child3,2073025,frame,28
20731.120426755,child1,2073025,frame,139
20731.129844836,child6,2073025,frame,28
20731.132994418,child4,2073025,frame,133
20731.138791,child2,2073025,frame,13
20731.140882125,child10,2073025,frame,127
20731.160290495,child7,2073025,frame,-84
20731.167203535002,child9,2073025,frame,41
20741.206478637,child5,2074035,frame,-86
20741.213631676,child8,2074035,frame,-86
20741.221495758,child1,2074035,frame,-119
20741.223831381998,child3,2074035,frame,-105
20741.234431838,child4,2074035,frame,-127
20741.236448129,child6,2074035,frame,16
20741.244274752,child2,2074035,frame,-75
20741.245461293,child10,2074035,frame,-67
20741.265397371,child7,2074035,frame,-97
20741.273058828,child9,2074035,frame,0
20751.312119137998,child5,2075045,frame,125
20751.316676011997,child8,2075045,frame,126
20751.327006384,child1,2075045,frame,147
20751.331928966,child3,2075045,frame,169
20751.339336548,child4,2075045,frame,31
20751.339520339003,child6,2075045,frame,25
20751.349832378,child2,2075045,frame,149
20751.350042711998,child10,2075045,frame,27
20751.372918747,child7,2075045,frame,128
20751.379276662,child9,2075045,frame,123
20761.420952638997,child5,2076055,frame,49
20761.426058720997,child8,2076055,frame,-74
20761.435122760002,child1,2076055,frame,53
20761.438944218,child3,2076055,frame,-113
20761.442427508002,child4,2076055,frame,14
20761.442984049998,child6,2076055,frame,8
20761.451990006,child10,2076055,frame,11
20761.455748713,child2,2076055,frame,-120
20761.477760249,child7,2076055,frame,46
20761.487048912997,child9,2076055,frame,-95
20771.527293432002,child5,2077065,frame,-103
20771.52977039,child8,2077065,frame,56
20771.539428804,child1,2077065,frame,-125
20771.544749844,child4,2077065,frame,16
20771.546382177,child6,2077065,frame,9
20771.547865218,child3,2077065,frame,36
20771.559821507,child10,2077065,frame,-114
20771.560217382,child2,2077065,frame,22
20771.5865,child7,2077065,frame,-105
20771.592820039998,child9,2077065,frame,-89
20781.599090109,child9,2078075,frame,53
20781.630316851002,child5,2078075,frame,-96
20781.633372267,child8,2078075,frame,41
20781.644927055,child1,2078075,frame,-1
20781.648188763,child4,2078075,frame,0
20781.65159097,child3,2078075,frame,4
20781.652746262,child6,2078075,frame,-71
20781.662421634,child10,2078075,frame,10
20781.664652009,child2,2078075,frame,50
20781.689850502,child7,2078075,frame,33
20791.705736693,child9,2079085,frame,-71
20791.733669853,child5,2079085,frame,55
20791.739453101003,child8,2079085,frame,-73
20791.745623849998,child1,2079085,frame,16
20791.752977473,child4,2079085,frame,17
20791.756820222003,child6,2079085,frame,-109
20791.760083679,child3,2079085,frame,-105
20791.767925677002,child10,2079085,frame,27
20791.771186551,child2,2079085,frame,-126
20791.794847879,child7,2079085,frame,-97
20801.798807657,child7,2080095,frame,-124
20801.807698321,child9,2080095,frame,5
20801.837415605,child5,2080095,frame,54
20801.842996562,child8,2080095,frame,-76
20801.847753768998,child1,2080095,frame,8
20801.860309891,child4,2080095,frame,-109
20801.860330766,child6,2080095,frame,56
20801.866818014,child3,2080095,frame,-93
20801.872370513,child10,2080095,frame,-117
20801.876543761,child2,2080095,frame,21
20810.905909376,child7,2081004,frame,1
20810.913826832,child9,2081004,frame,25
20810.941705033,child5,2081004,frame,-102
20810.947649073,child8,2081004,frame,52
20810.952820364,child1,2081004,frame,-66
20810.959956652998,child6,2081004,frame,-82
20810.965788901998,child4,2081004,frame,11
20810.971962442,child3,2081004,frame,142
20810.97813669,child10,2081004,frame,27
20810.98499848,child2,2081004,frame,15
20820.990369840998,child2,2082014,frame,5
20821.011482252,child7,2082014,frame,142
20821.013741127,child9,2082014,frame,-1
20821.046936159997,child5,2082014,frame,136
20821.050700867,child1,2082014,frame,16
20821.055911741,child8,2082014,frame,6
20821.061441739,child6,2082014,frame,52
20821.071320862,child4,2082014,frame,32
20821.077688527,child3,2082014,frame,35
20821.082616359,child10,2082014,frame,42
20831.089747343998,child2,2083024,frame,13
20831.112682046998,child7,2083024,frame,-71
20831.119382003,child9,2083024,frame,-1
20831.149802245,child1,2083024,frame,17
20831.152881577997,child5,2083024,frame,-96
20831.161980742,child8,2083024,frame,39
20831.168960324,child6,2083024,frame,33
20831.177841405002,child4,2083024,frame,17
20831.182449195003,child3,2083024,frame,-106
20831.185985444,child10,2083024,frame,35
20841.190942555,child3,2084034,frame,51
20841.191213263002,child2,2084034,frame,30
20841.217682715,child7,2084034,frame,123
20841.229686128,child9,2084034,frame,14
20841.256576038,child1,2084034,frame,14
20841.258780037002,child5,2084034,frame,52
20841.265158911,child8,2084034,frame,3
20841.273977991998,child6,2084034,frame,32
20841.283966031,child4,2084034,frame,17
20841.286822739003,child10,2084034,frame,-90
20851.291328891002,child4,2085044,frame,17
20851.297684931,child2,2085044,frame,13
20851.298787098003,child3,2085044,frame,36
20851.326028132,child7,2085044,frame,9
20851.33439138,child9,2085044,frame,52
20851.361719122997,child1,2085044,frame,22
20851.361920873,child5,2085044,frame,55
20851.374762995,child8,2085044,frame,42
20851.376733994,child6,2085044,frame,33
20851.388441491,child10,2085044,frame,175
20861.39426956,child10,2086054,frame,-107
20861.395968101,child4,2086054,frame,16
20861.403615724,child3,2086054,frame,36
20861.407151307,child2,2086054,frame,-67
20861.434076008,child7,2086054,frame,45
20861.439560048,child9,2086054,frame,54
20861.467190458,child5,2086054,frame,-85
20861.472679830997,child1,2086054,frame,6
20861.479940662997,child8,2086054,frame,39
20861.481733621,child6,2086054,frame,32
20871.499047562,child10,2087064,frame,143
20871.500001437,child4,2087064,frame,18
20871.508972726,child2,2087064,frame,30
20871.511196809002,child3,2087064,frame,36
20871.536034261,child7,2087064,frame,2
20871.54394055,child9,2087064,frame,-72
20871.570717918003,child5,2087064,frame,164
20871.575947167003,child1,2087064,frame,6
20871.584815915,child8,2087064,frame,-66
20871.585000331,child6,2087064,frame,-100
20881.602961189,child10,2088074,frame,-105
20881.605919188,child4,2088074,frame,-109
20881.61175877,child2,2088074,frame,-112
20881.613942019,child3,2088074,frame,20
20881.641639679,child7,2088074,frame,-71
20881.650875343,child9,2088074,frame,53
20881.67536542,child5,2088074,frame,-84
20881.682581376,child1,2088074,frame,6
20881.687893083,child6,2088074,frame,24
20881.688406082998,child8,2088074,frame,-86
20891.691562695,child6,2089084,frame,44
20891.694654111,child8,2089084,frame,41
20891.710633855997,child4,2089084,frame,35
20891.711566898,child10,2089084,frame,19
20891.718010646,child2,2089084,frame,30
20891.722109978,child3,2089084,frame,4
20891.748557722,child7,2089084,frame,-97
20891.755615553,child9,2089084,frame,-78
20891.781864005,child5,2089084,frame,-88
20891.788579169002,child1,2089084,frame,-119
20901.793225696998,child1,2090094,frame,14
20901.798183863,child8,2090094,frame,-67
20901.798268654,child6,2090094,frame,-113
20901.815740025,child4,2090094,frame,13
20901.81578765,child10,2090094,frame,-106
20901.821161731998,child2,2090094,frame,10
20901.831120979,child3,2090094,frame,-109
20901.853551723,child7,2090094,frame,54
20901.857718680003,child9,2090094,frame,-86
20901.886075256,child5,2090094,frame,36
20910.890875335,child5,2091003,frame,-95
20910.894255501,child1,2091003,frame,16
20910.902513707002,child8,2091003,frame,52
20910.903823915,child6,2091003,frame,7
20910.919008953002,child10,2091003,frame,30
20910.919902411,child4,2091003,frame,-116
20910.927010951,child2,2091003,frame,23
20910.932247074998,child3,2091003,frame,19
20910.960696192,child9,2091003,frame,50
20910.961869942,child7,2091003,frame,-83
20920.995414253997,child1,2092013,frame,16
20920.997075461997,child5,2092013,frame,47
20921.005826709,child8,2092013,frame,-76
20921.008833167,child6,2092013,frame,32
20921.025904871003,child10,2092013,frame,35
20921.029332828,child4,2092013,frame,31
20921.033870659998,child2,2092013,frame,29
20921.037599743002,child3,2092013,frame,18
20921.066536319,child9,2092013,frame,0
20921.068061859998,child7,2092013,frame,126
20931.098632423,child1,2093023,frame,16
20931.101955213,child5,2093023,frame,-78
20931.107044337,child6,2093023,frame,-92
20931.112138586,child8,2093023,frame,12
20931.132091581,child4,2093023,frame,-94
20931.132928622,child10,2093023,frame,-106
20931.136751621,child2,2093023,frame,30
20931.145961284998,child3,2093023,frame,-107
20931.169810279,child7,2093023,frame,-81
20931.173027903,child9,2093023,frame,-2
20941.204933716,child6,2094033,frame,173
20941.207639798,child1,2094033,frame,16
20941.209366173,child5,2094033,frame,143
20941.219849337,child8,2094033,frame,127
20941.236833666,child10,2094033,frame,158
20941.238010124,child4,2094033,frame,170
20941.238693998002,child2,2094033,frame,12
20941.253627453,child3,2094033,frame,158
20941.27570703,child7,2094033,frame,10
20941.27761828,child9,2094033,frame,50
20951.281932973998,child7,2095043,frame,15
20951.311915967,child6,2095043,frame,33
20951.315046383002,child1,2095043,frame,141
20951.315231341,child5,2095043,frame,-87
20951.324649505,child8,2095043,frame,-70
20951.341400458998,child10,2095043,frame,21
20951.342307666997,child4,2095043,frame,32
20951.344892583,child2,2095043,frame,21
20951.357989913,child3,2095043,frame,-125
20951.381587532,child9,2095043,frame,7
20961.385455184998,child9,2096053,frame,-127
20961.385945685,child7,2096053,frame,-2
20961.418678676,child6,2096053,frame,-109
20961.419360843,child1,2096053,frame,-125
20961.422837758,child5,2096053,frame,6
20961.433029422,child8,2096053,frame,14
20961.448976293002,child4,2096053,frame,-95
20961.450551293,child2,2096053,frame,21
20961.451046626,child10,2096053,frame,-91
20961.461471373,child3,2096053,frame,36
20971.488628562,child9,2097063,frame,149
20971.491566311,child7,2097063,frame,134
20971.524984844,child1,2097063,frame,158
20971.525604677,child6,2097063,frame,33
20971.529803218,child5,2097063,frame,125
20971.537626966,child8,2097063,frame,48
20971.553608837003,child10,2097063,frame,35
20971.553729753,child4,2097063,frame,31
20971.55487742,child2,2097063,frame,-119
20971.565896125,child3,2097063,frame,-89
20981.596378938,child9,2098073,frame,-82
20981.600314812,child7,2098073,frame,-97
20981.626481972,child6,2098073,frame,-73
20981.631676304,child1,2098073,frame,-205
20981.632829553,child5,2098073,frame,-85
20981.643785967,child8,2098073,frame,-122
20981.655933381,child2,2098073,frame,4
20981.657972797,child10,2098073,frame,-90
20981.660996004,child4,2098073,frame,-92
20981.668883461,child3,2098073,frame,52
20991.698699189998,child9,2099083,frame,-1
20991.709562062,child7,2099083,frame,3
20991.731902265,child6,2099083,frame,32
20991.733743556,child5,2099083,frame,-70
20991.736754472,child1,2099083,frame,6
20991.748548302,child8,2099083,frame,56
20991.760908882,child2,2099083,frame,22
20991.765423465,child10,2099083,frame,35
20991.766773214,child4,2099083,frame,49
20991.774253712,child3,2099083,frame,36
21001.802190192,child9,2100093,frame,5
21001.816538897,child7,2100093,frame,-71
21001.834343726,child6,2100093,frame,155
21001.836256683,child5,2100093,frame,134
21001.839196391,child1,2100093,frame,131
21001.852871762,child8,2100093,frame,56
21001.869701966,child10,2100093,frame,33
21001.869933924998,child2,2100093,frame,144
21001.873306424,child4,2100093,frame,156
21001.878909506002,child3,2100093,frame,159
21010.874818879,child10,2101002,frame,-111
21010.875703962,child2,2101002,frame,-78
21010.87573742,child4,2101002,frame,-114
21010.881374044002,child3,2101002,frame,-118
21010.90982087,child9,2101002,frame,50
21010.923528491003,child7,2101002,frame,56
21010.937129611997,child6,2101002,frame,-70
21010.937597821,child5,2101002,frame,28
21010.939347445,child1,2101002,frame,56
21010.957333024,child8,2101002,frame,-126
21020.980433005003,child2,2102012,frame,16
21020.982052921,child10,2102012,frame,37
21020.983612463002,child4,2102012,frame,16
21020.986744252998,child3,2102012,frame,20
21021.015759454,child9,2102012,frame,44
21021.029021909,child7,2102012,frame,-1
21021.038548739998,child1,2102012,frame,-80
21021.042521697,child6,2102012,frame,8
21021.04655853,child5,2102012,frame,-96
21021.062650984,child8,2102012,frame,182
21031.083915174,child2,2103022,frame,13
21031.088135547998,child10,2103022,frame,50
21031.088910964,child3,2103022,frame,36
21031.089408172,child4,2103022,frame,-91
21031.121613747,child9,2103022,frame,-127
21031.134483702,child7,2103022,frame,-81
21031.145174575002,child1,2103022,frame,-73
21031.149126615,child6,2103022,frame,-100
21031.151880364,child5,2103022,frame,-70
21031.166865902,child8,2103022,frame,-78
21041.190439258,child2,2104032,frame,14
21041.194354049,child3,2104032,frame,17
21041.195491007,child4,2104032,frame,173
21041.196484297998,child10,2104032,frame,49
21041.226846291,child9,2104032,frame,15
21041.237230663002,child7,2104032,frame,10
21041.245032536,child1,2104032,frame,139
21041.250220118,child6,2104032,frame,165
21041.2549332,child5,2104032,frame,56
21041.270501113002,child8,2104032,frame,3
21051.275723265,child8,2105042,frame,-77
21051.294746927,child2,2105042,frame,-67
21051.297868009002,child4,2105042,frame,-108
21051.298404093002,child3,2105042,frame,-108
21051.301521592,child10,2105042,frame,35
21051.326648960003,child9,2105042,frame,-1
21051.343020373002,child7,2105042,frame,-72
21051.349359746,child1,2105042,frame,-80
21051.350020704,child6,2105042,frame,-116
21051.360605951,child5,2105042,frame,47
21061.381848642,child8,2106052,frame,127
21061.396501679,child2,2106052,frame,7
21061.400708845,child4,2106052,frame,33
21061.403686511,child10,2106052,frame,35
21061.404772927002,child3,2106052,frame,142
21061.434221544998,child9,2106052,frame,15
21061.449197541,child7,2106052,frame,157
21061.451430332003,child6,2106052,frame,149
21061.452814123,child1,2106052,frame,8
21061.46374712,child5,2106052,frame,10
21071.487176435003,child8,2107062,frame,-73
21071.501560848003,child2,2107062,frame,131
21071.502685430998,child4,2107062,frame,17
21071.509115345998,child3,2107062,frame,2
21071.509214678998,child10,2107062,frame,19
21071.539466296,child9,2107062,frame,50
21071.556920083,child7,2107062,frame,8
21071.558550416,child1,2107062,frame,46
21071.558875916002,child6,2107062,frame,13
21071.566757164,child5,2107062,frame,45
21081.591110187,child8,2108072,frame,173
21081.606191974,child2,2108072,frame,-73
21081.606482974,child4,2108072,frame,34
21081.613220014,child3,2108072,frame,-123
21081.617131887997,child10,2108072,frame,1
21081.647504547,child9,2108072,frame,123
21081.662709125998,child7,2108072,frame,178
21081.663065793,child1,2108072,frame,-86
21081.664093376,child6,2108072,frame,-69
21081.669867541,child5,2108072,frame,30
21091.675850194,child5,2109082,frame,39
21091.698718021,child8,2109082,frame,-75
21091.708963518002,child2,2109082,frame,138
21091.715195558,child4,2109082,frame,31
21091.718407641,child3,2109082,frame,140
21091.723063515,child10,2109082,frame,21
21091.750632341,child9,2109082,frame,-79
21091.765788587,child1,2109082,frame,0
21091.767729753,child7,2109082,frame,-84
21091.773687417997,child6,2109082,frame,16
21101.782407778,child6,2110092,frame,7
21101.782727611,child5,2110092,frame,-88
21101.800469565,child8,2110092,frame,-100
21101.813684687,child2,2110092,frame,-93
21101.820563060002,child4,2110092,frame,-111
21101.822714018,child3,2110092,frame,-122
21101.824579642,child10,2110092,frame,2
21101.855367426,child9,2110092,frame,-2
21101.86375334,child1,2110092,frame,25
21101.872603171,child7,2110092,frame,-89
21110.875702376,child7,2111001,frame,-2
21110.884319915,child6,2111001,frame,-77
21110.885604123,child5,2111001,frame,23
21110.903888619,child8,2111001,frame,59
21110.91855749,child2,2111001,frame,-67
21110.925035113,child4,2111001,frame,148
21110.927882737,child10,2111001,frame,3
21110.927977112,child3,2111001,frame,132
21110.96049327,child9,2111001,frame,30
21110.963932686,child1,2111001,frame,-79
21120.966070590002,child1,2112011,frame,142
21120.980551003002,child7,2112011,frame,37
21120.986513626,child6,2112011,frame,0
21120.991638875,child5,2112011,frame,-84
21121.006749121,child8,2112011,frame,57
21121.02172245,child2,2112011,frame,6
21121.032467281,child10,2112011,frame,2
21121.034067947,child3,2112011,frame,-122
21121.037022113,child4,2112011,frame,-127
21121.062131398,child9,2112011,frame,-80
21131.069954257997,child9,2113021,frame,-71
21131.070556133,child1,2113021,frame,-2
21131.085707337,child7,2113021,frame,-76
21131.089958336,child6,2113021,frame,17
21131.097877793,child5,2113021,frame,37
21131.112595955,child8,2113021,frame,-92
21131.128726285,child2,2113021,frame,-75
21131.134441033,child3,2113021,frame,20
21131.137479282,child4,2113021,frame,31
21131.13917574,child10,2113021,frame,-122
21141.175717968,child1,2114031,frame,53
21141.176567051,child9,2114031,frame,123
21141.190857047,child7,2114031,frame,46
21141.193069005003,child6,2114031,frame,0
21141.203573169,child5,2114031,frame,38
21141.218029915002,child8,2114031,frame,33
21141.237471535,child2,2114031,frame,130
21141.242375534002,child3,2114031,frame,129
21141.244054117,child4,2114031,frame,15
21141.244155784,child10,2114031,frame,144
21151.277466179,child1,2115041,frame,-81
21151.28467226,child9,2115041,frame,-96
21151.293079341,child6,2115041,frame,17
21151.295930007,child7,2115041,frame,-89
21151.310494629,child5,2115041,frame,-94
21151.319393543003,child8,2115041,frame,-66
21151.341318246,child2,2115041,frame,-73
21151.345663744,child3,2115041,frame,-121
21151.347523619,child4,2115041,frame,15
21151.348058327,child10,2115041,frame,-202
21161.381620097,child1,2116051,frame,-2
21161.390794803003,child9,2116051,frame,-126
21161.395816344,child6,2116051,frame,-89
21161.402549175,child7,2116051,frame,2
21161.420734878997,child5,2116051,frame,47
21161.421789712,child8,2116051,frame,39
21161.447669039,child2,2116051,frame,14
21161.450991246,child3,2116051,frame,20
21161.454221953998,child4,2116051,frame,-111
21161.455159245,child10,2116051,frame,29
21171.486705265997,child1,2117061,frame,-72
21171.49460743,child9,2117061,frame,31
21171.496287013,child6,2117061,frame,24
21171.512352592,child7,2117061,frame,5
21171.526117797,child8,2117061,frame,-69
21171.526640172,child5,2117061,frame,-122
21171.551964414997,child2,2117061,frame,50
21171.556132789,child4,2117061,frame,34
21171.55978833,child3,2117061,frame,-121
21171.56170508,child10,2117061,frame,-98
21181.566063023998,child10,2118071,frame,167
21181.592117434,child1,2118071,frame,123
21181.597371683,child6,2118071,frame,25
21181.604298055998,child9,2118071,frame,148
21181.614007303,child7,2118071,frame,143
21181.628040883003,child8,2118071,frame,138
21181.631446798998,child5,2118071,frame,131
21181.661552333,child2,2118071,frame,15
21181.661833457,child4,2118071,frame,32
21181.664779623003,child3,2118071,frame,158
21191.671988942002,child10,2119081,frame,27
21191.693208478,child1,2119081,frame,-79
21191.703521934,child6,2119081,frame,24
21191.707691723997,child9,2119081,frame,6
21191.721665054,child7,2119081,frame,-71
21191.731671052003,child8,2119081,frame,32
21191.738101257997,child5,2119081,frame,-81
21191.76397471,child4,2119081,frame,17
21191.765394126003,child2,2119081,frame,6
21191.765994209,child3,2119081,frame,2
21201.768306529,child2,2120091,frame,-65
21201.768828029,child4,2120091,frame,32
21201.769436904,child3,2120091,frame,16
21201.775803111002,child10,2120091,frame,26
21201.793377231003,child1,2120091,frame,-79
21201.808918559997,child6,2120091,frame,14
21201.813500226,child9,2120091,frame,-69
21201.825745806,child7,2120091,frame,44
21201.837359761,child8,2120091,frame,-74
21201.843383968,child5,2120091,frame,58
21210.871673749,child2,2121000,frame,47
21210.871969958,child4,2121000,frame,11
21210.872614207,child3,2121000,frame,-89
21210.881452372,child10,2121000,frame,23
21210.894391535,child1,2121000,frame,10
21210.913711322,child6,2121000,frame,-69
21210.915889945998,child9,2121000,frame,57
21210.929906609,child7,2121000,frame,-65
21210.94088944,child8,2121000,frame,52
21210.945420355,child5,2121000,frame,30
21220.975606543,child4,2122010,frame,-109
21220.978937167,child2,2122010,frame,-73
21220.981785250002,child3,2122010,frame,12
21220.986715248,child10,2122010,frame,-69
21221.002007536,child1,2122010,frame,8
21221.019088615,child6,2122010,frame,24
21221.01958899,child9,2122010,frame,-126
21221.031748195,child7,2122010,frame,44
21221.046896941,child5,2122010,frame,-77
21221.048424649,child8,2122010,frame,-92
21231.079284587,child3,2123020,frame,27
21231.081288086,child4,2123020,frame,33
21231.083681419,child2,2123020,frame,13
21231.087137501003,child10,2123020,frame,37
21231.106627703997,child1,2123020,frame,16
21231.121381242,child6,2123020,frame,25
21231.122935242,child9,2123020,frame,156
21231.136070655,child7,2123020,frame,1
21231.153027609,child5,2123020,frame,19
21231.154046609,child8,2123020,frame,128
21241.157943553,child5,2124030,frame,52
21241.160609636,child8,2124030,frame,-100
21241.184500921,child3,2124030,frame,12
21241.188587754,child4,2124030,frame,33
21241.189044254003,child2,2124030,frame,6
21241.195278919,child10,2124030,frame,11
21241.207710957,child1,2124030,frame,8
21241.225499702,child6,2124030,frame,42
21241.227944994,child9,2124030,frame,-76
21241.239613615,child7,2124030,frame,36
21251.260579597,child5,2125040,frame,52
21251.26247143,child8,2125040,frame,-211
21251.286715466,child3,2125040,frame,12
21251.293063589,child4,2125040,frame,142
21251.295196755,child2,2125040,frame,50
21251.299634254003,child10,2125040,frame,11
21251.309284043,child1,2125040,frame,8
21251.32856483,child6,2125040,frame,-117
21251.334331661,child9,2125040,frame,125
21251.345748742,child7,2125040,frame,-76
21261.362842266,child5,2126050,frame,31
21261.365811682,child8,2126050,frame,261
21261.394551008,child3,2126050,frame,59
21261.397562091,child4,2126050,frame,0
21261.401246631,child2,2126050,frame,5
21261.402602506,child10,2126050,frame,56
21261.414410378,child1,2126050,frame,142
21261.434012165,child6,2126050,frame,150
21261.436637997,child9,2126050,frame,-80
21261.453688951002,child7,2126050,frame,54
21271.467610601,child5,2127060,frame,-85
21271.469960601,child8,2127060,frame,-84
21271.498228677,child3,2127060,frame,4
21271.499561468,child4,2127060,frame,-106
21271.503319217,child2,2127060,frame,6
21271.509677757,child10,2127060,frame,3
21271.521029546,child1,2127060,frame,-2
21271.537490832998,child6,2127060,frame,8
21271.540233124,child9,2127060,frame,6
21271.557781953,child7,2127060,frame,45
21281.563316980002,child7,2128070,frame,-77
21281.574042186,child8,2128070,frame,56
21281.574472353,child5,2128070,frame,39
21281.603727053003,child3,2128070,frame,-121
21281.607039886003,child4,2128070,frame,-111
21281.60805401,child2,2128070,frame,5
21281.614850759,child10,2128070,frame,-122
21281.624855505997,child1,2128070,frame,-73
21281.643873210003,child6,2128070,frame,-116
21281.645615334,child9,2128070,frame,-73
21291.665738358,child7,2129080,frame,45
21291.681579645,child8,2129080,frame,-2
21291.68184052,child5,2129080,frame,-68
21291.707905972,child4,2129080,frame,32
21291.707993347,child3,2129080,frame,20
21291.71369897,child2,2129080,frame,42
21291.718940344,child10,2129080,frame,1
21291.724909134,child1,2129080,frame,-72
21291.743367045998,child6,2129080,frame,24
21291.749061961,child9,2129080,frame,132
21301.772527401,child7,2130090,frame,-77
21301.784414272,child5,2130090,frame,50
21301.784520522,child8,2130090,frame,49
21301.809928266,child3,2130090,frame,8
21301.811729139998,child4,2130090,frame,29
21301.818191971997,child2,2130090,frame,-127
21301.823411304,child10,2130090,frame,21
21301.824400178997,child1,2130090,frame,-2
21301.845979715003,child6,2130090,frame,14
21301.854694088,child9,2130090,frame,-65
21311.878533027,child7,2131100,frame,0
21311.889334773998,child5,2131100,frame,36
21311.890833190002,child8,2131100,frame,-75
21311.914544142997,child3,2131100,frame,8
21311.915245600998,child4,2131100,frame,14
21311.922757599,child2,2131100,frame,129
21311.93148068,child1,2131100,frame,123
21311.932886137998,child10,2131100,frame,11
21311.951821133,child6,2131100,frame,31
21311.958577548,child9,2131100,frame,176
21320.955805629,child6,2132009,frame,-90
21320.963643626998,child9,2132009,frame,-239
21320.981489664,child7,2132009,frame,42
21320.992047993997,child5,2132009,frame,-109
21320.995101619003,child8,2132009,frame,59
21321.019367071,child3,2132009,frame,-65
21321.021087445,child4,2132009,frame,8
21321.029938485,child2,2132009,frame,-92
21321.033998775,child10,2132009,frame,-115
21321.0362294,child1,2132009,frame,-76
21331.065609212,child6,2133019,frame,44
21331.067288711998,child9,2133019,frame,124
21331.088168873,child7,2133019,frame,-2
21331.093842330003,child8,2133019,frame,41
21331.095791121,child5,2133019,frame,47
21331.121917865,child4,2133019,frame,-109
21331.126433155,child3,2133019,frame,0
21331.133482153,child2,2133019,frame,0
21331.136697611,child10,2133019,frame,27
21331.139302777,child1,2133019,frame,-72
21341.170700506,child6,2134029,frame,9
21341.17384463,child9,2134029,frame,-1
21341.193213707997,child7,2134029,frame,37
21341.199132873,child5,2134029,frame,47
21341.199228332003,child8,2134029,frame,-116
21341.227497699,child4,2134029,frame,45
21341.233524531,child3,2134029,frame,19
21341.235894156,child2,2134029,frame,5
21341.238956571,child10,2134029,frame,27
21341.242457570002,child1,2134029,frame,-2
21351.275892965998,child6,2135039,frame,24
21351.279493923,child9,2135039,frame,53
21351.297374502,child7,2135039,frame,-69
21351.303745458,child5,2135039,frame,2
21351.303772917,child8,2135039,frame,5
21351.332458076,child4,2135039,frame,46
21351.339610783,child3,2135039,frame,28
21351.34435499,child2,2135039,frame,5
21351.345923073,child1,2135039,frame,16
21351.346010323,child10,2135039,frame,33
21361.377307718,child6,2136049,frame,25
21361.384792258,child9,2136049,frame,-79
21361.401465754,child7,2136049,frame,52
21361.407485002,child5,2136049,frame,38
21361.409105209998,child8,2136049,frame,42
21361.436252578,child4,2136049,frame,-92
21361.442897160003,child3,2136049,frame,28
21361.448199658,child2,2136049,frame,5
21361.44931095,child10,2136049,frame,17
21361.449962866,child1,2136049,frame,16
21371.45093527,child10,2137059,frame,21
21371.453599102002,child1,2137059,frame,8
21371.454031644003,child2,2137059,frame,51
21371.484000886,child6,2137059,frame,8
21371.487757927,child9,2137059,frame,25
21371.507202172,child7,2137059,frame,56
21371.511488212,child5,2137059,frame,-88
21371.513034337,child8,2137059,frame,-68
21371.540301497,child4,2137059,frame,33
21371.549591994,child3,2137059,frame,12
21381.553812564,child3,2138069,frame,12
21381.553960147,child10,2138069,frame,19
21381.555264479997,child1,2138069,frame,0
21381.557690979,child2,2138069,frame,6
21381.588931763,child6,2138069,frame,9
21381.592140595,child9,2138069,frame,54
21381.610343674,child7,2138069,frame,54
21381.614655923,child5,2138069,frame,39
21381.614772381,child8,2138069,frame,173
21381.647055080997,child4,2138069,frame,32
21391.657391523997,child3,2139079,frame,12
21391.657465774,child1,2139079,frame,-108
21391.658507607,child10,2139079,frame,-106
21391.665549814,child2,2139079,frame,-73
21391.69167364,child6,2139079,frame,-117
21391.694704389,child9,2139079,frame,-87
21391.717926717,child7,2139079,frame,-105
21391.719534508,child8,2139079,frame,-93
21391.720580716,child5,2139079,frame,-85
21391.749064041996,child4,2139079,frame,34
21401.756867485,child4,2140089,frame,157
21401.762063526,child3,2140089,frame,12
21401.762419984003,child10,2140089,frame,34
21401.766404733,child1,2140089,frame,155
21401.770097523997,child2,2140089,frame,137
21401.795239349998,child6,2140089,frame,44
21401.799202058,child9,2140089,frame,131
21401.820836219,child8,2140089,frame,-72
21401.822762343,child5,2140089,frame,135
21401.827421342,child7,2140089,frame,49
21411.860745196,child4,2141099,frame,-109
21411.865213445002,child3,2141099,frame,3
21411.86956911,child10,2141099,frame,19
21411.875608275,child1,2141099,frame,6
21411.877100650003,child2,2141099,frame,-92
21411.893248895998,child6,2141099,frame,12
21411.901395727,child9,2141099,frame,-116
21411.922480555,child8,2141099,frame,49
21411.932390384998,child5,2141099,frame,-97
21411.933143344,child7,2141099,frame,-97
21420.967529456,child3,2142008,frame,-71
21420.970705206,child4,2142008,frame,10
21420.973779787997,child10,2142008,frame,17
21420.980611703002,child1,2142008,frame,2
21420.984393619,child2,2142008,frame,-68
21420.993766741,child6,2142008,frame,56
21421.004461447,child9,2142008,frame,161
21421.026636983,child8,2142008,frame,52
21421.036678689,child5,2142008,frame,28
21421.039698063,child7,2142008,frame,55
21431.073326875,child4,2143018,frame,18
21431.073656416,child3,2143018,frame,10
21431.080526539,child10,2143018,frame,1
21431.082362914,child1,2143018,frame,-2
21431.088178954,child2,2143018,frame,131
21431.097436076998,child6,2143018,frame,8
21431.108696490002,child9,2143018,frame,-95
21431.128525277,child8,2143018,frame,50
21431.140714274,child5,2143018,frame,44
21431.141797148,child7,2143018,frame,36
21441.143643844,child5,2144028,frame,-86
21441.146278135002,child7,2144028,frame,-84
21441.174929669,child4,2144028,frame,16
21441.176484793,child3,2144028,frame,10
21441.185058583,child1,2144028,frame,-2
21441.185896041,child10,2144028,frame,20
21441.191599498,child2,2144028,frame,-90
21441.203023161,child6,2144028,frame,-116
21441.213564617,child9,2144028,frame,-78
21441.231835821,child8,2144028,frame,25
21451.248044637,child5,2145038,frame,56
21451.252834386,child7,2145038,frame,54
21451.278824587,child3,2145038,frame,10
21451.280022544997,child4,2145038,frame,1
21451.287877793,child10,2145038,frame,19
21451.290044334,child1,2145038,frame,59
21451.295993500004,child2,2145038,frame,-2
21451.315617619,child6,2145038,frame,149
21451.316470453003,child9,2145038,frame,154
21451.335799073,child8,2145038,frame,25
21461.353461597,child5,2146048,frame,39
21461.357687304,child7,2146048,frame,-89
21461.382182631,child3,2146048,frame,10
21461.385473839,child4,2146048,frame,-124
21461.392811712,child10,2146048,frame,19
21461.394642336,child1,2146048,frame,-72
21461.402332501002,child2,2146048,frame,6
21461.417609997,child9,2146048,frame,-220
21461.422293829,child6,2146048,frame,-116
21461.440833824003,child8,2146048,frame,-97
21471.444596519003,child8,2147058,frame,41
21471.457973724002,child5,2147058,frame,57
21471.462076681,child7,2147058,frame,135
21471.485741966,child3,2147058,frame,-71
21471.491041007,child4,2147058,frame,34
21471.494301131,child1,2147058,frame,-2
21471.496012839,child10,2147058,frame,19
21471.506919878,child2,2147058,frame,5
21471.521890207,child9,2147058,frame,124
21471.523781957,child6,2147058,frame,24
21481.548771437,child8,2148068,frame,42
21481.567051474,child7,2148068,frame,-96
21481.567726349,child5,2148068,frame,-104
21481.593469801002,child3,2148068,frame,20
21481.594802425,child1,2148068,frame,-79
21481.596875092,child4,2148068,frame,15
21481.599437258003,child10,2148068,frame,-123
21481.609367171997,child2,2148068,frame,43
21481.623716460002,child9,2148068,frame,39
21481.625270001,child6,2148068,frame,9
21491.652019606,child8,2149078,frame,10
21491.670202226003,child7,2149078,frame,1
21491.674850975,child5,2149078,frame,48
21491.698040428,child3,2149078,frame,-105
21491.698760261,child1,2149078,frame,8
21491.701881843,child10,2149078,frame,19
21491.704119300997,child4,2149078,frame,31
21491.71349059,child2,2149078,frame,7
21491.726331211998,child9,2149078,frame,-98
21491.729897253,child6,2149078,frame,28
21501.754641608,child8,2150088,frame,8
21501.774836603,child7,2150088,frame,53
21501.778039727,child5,2150088,frame,31
21501.805912845,child3,2150088,frame,161
21501.806439511998,child1,2150088,frame,133
21501.806457387,child10,2150088,frame,126
21501.810086844,child4,2150088,frame,-111
21501.82002605,child2,2150088,frame,-65
21501.829448464,child9,2150088,frame,46
21501.835026546003,child6,2150088,frame,8
21511.860250422,child8,2151098,frame,-97
21511.877858543,child7,2151098,frame,37
21511.882649958,child5,2151098,frame,29
21511.910238076,child1,2151098,frame,-69
21511.911170993,child10,2151098,frame,5
21511.912177117003,child3,2151098,frame,11
21511.914064992,child4,2151098,frame,156
21511.922388573,child2,2151098,frame,60
21511.932947445002,child9,2151098,frame,59
21511.940217735,child6,2151098,frame,139
21520.938592921,child9,2152007,frame,29
21520.944247086,child6,2152007,frame,-84
21520.965138456,child8,2152007,frame,31
21520.980189243997,child7,2152007,frame,52
21520.985532409002,child5,2152007,frame,-109
21521.014359319,child1,2152007,frame,4
21521.015990318,child10,2152007,frame,4
21521.01752611,child3,2152007,frame,1
21521.019691484,child4,2152007,frame,-117
21521.026091232,child2,2152007,frame,47
21531.041858703,child9,2153017,frame,-95
21531.07359907,child8,2153017,frame,24
21531.084856442,child7,2153017,frame,-104
21531.08902565,child5,2153017,frame,49
21531.119467142,child1,2153017,frame,-125
21531.121321016,child10,2153017,frame,-123
21531.123943016,child4,2153017,frame,-94
21531.124949599,child3,2153017,frame,12
21531.130645889,child2,2153017,frame,-198
21536.241329348002,root,2153528,peer,56
21541.135082029,child2,2154027,frame,138
21541.145047235,child6,2154027,frame,-77
21541.152074983,child9,2154027,frame,42
21541.179832892998,child8,2154027,frame,43
21541.192444056,child5,2154027,frame,29
21541.193583848,child7,2154027,frame,56
21541.22494009,child1,2154027,frame,149
21541.228224381,child10,2154027,frame,19
21541.228359422,child4,2154027,frame,170
21541.231306547,child3,2154027,frame,12
21551.236620853,child3,2155037,frame,12
21551.236729019998,child2,2155037,frame,-2
21551.236765769998,child10,2155037,frame,19
21551.247082267,child6,2155037,frame,15
21551.254176849,child9,2155037,frame,30
21551.287184174,child8,2155037,frame,8
21551.301062045,child5,2155037,frame,30
21551.301647545,child7,2155037,frame,-105
21551.330195579998,child1,2155037,frame,-107
21551.332724454,child4,2155037,frame,16
21561.339237761,child4,2156047,frame,16
21561.341673218,child2,2156047,frame,42
21561.342442343,child10,2156047,frame,19
21561.342479968,child3,2156047,frame,2
21561.353505965,child6,2156047,frame,-125
21561.36217988,child9,2156047,frame,-86
21561.39219783,child8,2156047,frame,-115
21561.404572952,child7,2156047,frame,127
21561.405958744002,child5,2156047,frame,-94
21561.433210152998,child1,2156047,frame,14
21571.442861209,child4,2157057,frame,-108
21571.446248167,child2,2157057,frame,-65
21571.446521375,child3,2157057,frame,2
21571.450349040002,child10,2157057,frame,47
21571.456979497,child6,2157057,frame,14
21571.466124037,child9,2157057,frame,53
21571.494682654,child8,2157057,frame,44
21571.509842774998,child7,2157057,frame,-87
21571.512719857998,child5,2157057,frame,31
21571.534211894003,child1,2157057,frame,130
21581.547128741,child4,2158067,frame,33
21581.548174199,child3,2158067,frame,-77
21581.548590699,child2,2158067,frame,5
21581.556604697,child10,2158067,frame,-66
21581.562111945,child6,2158067,frame,33
21581.571031943,child9,2158067,frame,18
21581.599874852003,child8,2158067,frame,-100
21581.617267306,child7,2158067,frame,28
21581.618116764002,child5,2158067,frame,-76
21581.634995635,child1,2158067,frame,-73
21591.640617734,child1,2159077,frame,14
21591.651898689,child4,2159077,frame,17
21591.652685397,child3,2159077,frame,10
21591.658581395997,child2,2159077,frame,123
21591.663877686,child10,2159077,frame,19
21591.667317352,child6,2159077,frame,14
21591.679861807,child9,2159077,frame,-87
21591.703193342997,child8,2159077,frame,57
21591.722750463003,child7,2159077,frame,48
21591.723597588,child5,2159077,frame,46
