Time [s],Channel 5,Channel 6
0.000000000,1,0
0.724834218,0,0
0.725509896,1,0
0.725846896,0,0
1.110151928,0,1
1.111151448,0,0
1.111709586,0,1
2.123856636,1,1
2.126488860,0,1
2.126524122,0,0
2.127134354,0,1
11.214017892,1,1
11.216649758,0,1
11.216685590,0,0
11.217309948,0,1
11.218903218,0,0
12.222671210,0,1
12.225084234,0,0
13.232678696,0,1
13.235091720,0,0
14.242686182,0,1
14.245099454,0,0
15.252693700,0,1
15.255106724,0,0
16.262701226,0,1
16.265114248,0,0
17.272708692,0,1
17.275121716,0,0
18.282716102,0,1
18.285129124,0,0
19.292723494,0,1
19.295136768,0,0
20.302730874,0,1
20.305144146,0,0
21.312738332,0,1
21.314195126,1,1
21.316827414,0,1
21.316862858,0,0
22.322932970,0,1
22.325345994,0,0
23.332940352,0,1
23.335353374,0,0
24.342947674,0,1
24.345360946,0,0
25.352955026,0,1
25.355368300,0,0
26.362962364,0,1
26.365375638,0,0
27.372969732,0,1
27.375382756,0,0
28.382977100,0,1
28.385390122,0,0
29.392984340,0,1
29.395397612,0,0
30.402991578,0,1
30.405404850,0,0
31.412998948,0,1
31.414371168,1,1
31.417002956,0,1
31.417038974,0,0
32.423119058,0,1
32.425532080,0,0
33.433136582,0,1
33.435549854,0,0
34.443154086,0,1
34.445567358,0,0
35.453171622,0,1
35.455584894,0,0
36.463189140,0,1
36.465602412,0,0
37.473206620,0,1
37.475619642,0,0
38.483224100,0,1
38.485637122,0,0
39.493241610,0,1
39.495654632,0,0
40.503259090,0,1
40.505672112,0,0
41.513276560,0,1
41.514546380,1,1
41.517178422,0,1
41.517214086,0,0
42.523294274,0,1
42.525707296,0,0
43.533311764,0,1
43.535724786,0,0
44.543329260,0,1
44.545742284,0,0
45.553346700,0,1
45.555759722,0,0
46.563364120,0,1
46.565777142,0,0
47.573381582,0,1
47.575794856,0,0
48.583399066,0,1
48.585812088,0,0
49.593416466,0,1
49.595829490,0,0
50.603433872,0,1
50.605846894,0,0
51.613451326,0,1
51.614720936,1,1
51.617353532,0,1
51.617388602,0,0
52.623468728,0,1
52.625881750,0,0
53.633486154,0,1
53.635899176,0,0
54.643503540,0,1
54.645916562,0,0
55.653520954,0,1
55.655933976,0,0
56.663538322,0,1
56.665951344,0,0
57.673555768,0,1
57.675968790,0,0
58.683573166,0,1
58.685986188,0,0
59.693590514,0,1
59.696003786,0,0
60.703607898,0,1
60.706021170,0,0
61.713625226,0,1
61.714894958,1,1
61.717527238,0,1
61.717562502,0,0
62.723642742,0,1
62.726055766,0,0
63.733660120,0,1
63.736073142,0,0
64.743677470,0,1
64.746090490,0,0
65.753694828,0,1
65.756107850,0,0
66.763712172,0,1
66.766125444,0,0
67.773729546,0,1
67.776142818,0,0
68.783746916,0,1
68.786160188,0,0
69.793764260,0,1
69.796177532,0,0
70.803781616,0,1
70.806194888,0,0
71.813798980,0,1
71.815068486,1,1
71.817700966,0,1
71.817736254,0,0
72.823816188,0,1
72.826229210,0,0
73.833833530,0,1
73.836246552,0,0
74.843850880,0,1
74.846263902,0,0
75.853868146,0,1
75.856281168,0,0
76.863885454,0,1
76.866298476,0,0
77.873902800,0,1
77.876315822,0,0
78.883920110,0,1
78.886333132,0,0
79.893937424,0,1
79.896350446,0,0
80.903954746,0,1
80.906368018,0,0
81.913972038,0,1
81.915241668,1,1
81.917873616,0,1
81.917909312,0,0
82.923989344,0,1
82.926402366,0,0
83.934006664,0,1
83.936419686,0,0
84.944023952,0,1
84.946436974,0,0
85.954041222,0,1
85.956454244,0,0
86.964058518,0,1
86.966471540,0,0
87.974075778,0,1
87.976488800,0,0
88.984093064,0,1
88.986506086,0,0
89.994110320,0,1
89.996523342,0,0
91.004127600,0,1
91.006540622,0,0
92.014144926,0,1
92.015414712,1,1
92.018046736,0,1
92.018082200,0,0
93.024162282,0,1
93.026575304,0,0
94.034179512,0,1
94.036592534,0,0
95.044196830,0,1
95.046609850,0,0
96.054214076,0,1
96.056627098,0,0
97.064231352,0,1
97.066644374,0,0
98.074248600,0,1
98.076661620,0,0
99.084265848,0,1
99.086679120,0,0
100.094283124,0,1
100.096696396,0,0
101.104300366,0,1
101.106713638,0,0
102.114317582,0,1
102.115587276,1,1
102.118219716,0,1
102.118254856,0,0
103.124335000,0,1
103.126748022,0,0
104.134352214,0,1
104.136765236,0,0
105.144369520,0,1
105.146782542,0,0
106.154386712,0,1
106.156799734,0,0
107.164403948,0,1
107.166816970,0,0
108.174421148,0,1
108.176834420,0,0
109.184438416,0,1
109.186851438,0,0
110.194455650,0,1
110.196868672,0,0
111.204472856,0,1
111.205742438,1,1
111.208374518,0,1
111.208410130,0,0
112.214490070,0,1
112.216903092,0,0
113.224507316,0,1
113.226920338,0,0
114.234524510,0,1
114.236937532,0,0
115.244541728,0,1
115.246954750,0,0
116.254558936,0,1
116.256972208,0,0
117.264576198,0,1
117.266989468,0,0
118.274593350,0,1
118.277006622,0,0
119.284610562,0,1
119.287023834,0,0
120.294627782,0,1
120.297041054,0,0
121.304645068,0,1
121.305914562,1,1
121.308546100,0,1
121.308582342,0,0
122.314662134,0,1
122.317075156,0,0
123.324679326,0,1
123.327092348,0,0
124.334696498,0,1
124.337109520,0,0
125.344713690,0,1
125.347126712,0,0
126.354730846,0,1
126.357143868,0,0
127.364748070,0,1
127.367161092,0,0
128.374765278,0,1
128.377178300,0,0
129.384782446,0,1
129.387195468,0,0
130.394799652,0,1
130.397212924,0,0
131.404816792,0,1
131.406086546,1,1
131.408718824,0,1
131.408754066,0,0
132.414834108,0,1
132.417247130,0,0
133.424851272,0,1
133.427264292,0,0
134.434868426,0,1
134.437281448,0,0
135.444885614,0,1
135.447298636,0,0
136.454902780,0,1
136.457315802,0,0
137.464919954,0,1
137.467332976,0,0
138.474937094,0,1
138.477350368,0,0
139.484954258,0,1
139.487367528,0,0
140.494971386,0,1
140.497384658,0,0
141.504988578,0,1
141.506258194,1,1
141.508890182,0,1
141.508925852,0,0
142.515005728,0,1
142.517418750,0,0
143.525022876,0,1
143.527435898,0,0
144.535040064,0,1
144.537453086,0,0
145.545057216,0,1
145.547470236,0,0
146.555074330,0,1
146.557487352,0,0
147.565091482,0,1
147.567504504,0,0
148.575108636,0,1
148.577521658,0,0
149.585125734,0,1
149.587538756,0,0
150.595142846,0,1
150.597555868,0,0
151.605160018,0,1
151.606429680,1,1
151.609061534,0,1
151.609097292,0,0
152.615177136,0,1
152.617590158,0,0
153.625194284,0,1
153.627607306,0,0
154.635211374,0,1
154.637624396,0,0
155.645228532,0,1
155.647641554,0,0
156.655245642,0,1
156.657658664,0,0
157.665262756,0,1
157.667675778,0,0
158.675279876,0,1
158.677692898,0,0
159.685297024,0,1
159.687710296,0,0
160.695314172,0,1
160.697727444,0,0
161.705331232,0,1
161.706600942,1,1
161.709232846,0,1
161.709268756,0,0
162.715348506,0,1
162.717761528,0,0
163.725365560,0,1
163.727778580,0,0
164.735382690,0,1
164.737795712,0,0
165.745399800,0,1
165.747812822,0,0
166.755416892,0,1
166.757829914,0,0
167.765434040,0,1
167.767847312,0,0
168.775451060,0,1
168.777864332,0,0
169.785468192,0,1
169.787881464,0,0
170.795485312,0,1
170.797898584,0,0
171.805502388,0,1
171.806771990,1,1
171.809404058,0,1
171.809439662,0,0
172.815519534,0,1
172.817932556,0,0
173.825536630,0,1
173.827949652,0,0
174.835553696,0,1
174.837966718,0,0
175.845570790,0,1
175.847983810,0,0
176.855587820,0,1
176.858000842,0,0
177.865604950,0,1
177.868017970,0,0
178.875621988,0,1
178.878035258,0,0
179.885639088,0,1
179.888052358,0,0
180.895656166,0,1
180.898069436,0,0
181.905673236,0,1
181.906942912,1,1
181.909574826,0,1
181.909610510,0,0
182.915690468,0,1
182.918103490,0,0
183.925707500,0,1
183.928120522,0,0
184.935724574,0,1
184.938137596,0,0
185.945741626,0,1
185.948154648,0,0
186.955758696,0,1
186.958171718,0,0
187.965775782,0,1
187.968188804,0,0
188.975792800,0,1
188.978206072,0,0
189.985809918,0,1
189.988223188,0,0
190.995826898,0,1
190.998240170,0,0
192.005843998,0,1
192.007113600,1,1
192.009745524,0,1
192.009781270,0,0
193.015861048,0,1
193.018274070,0,0
194.025878086,0,1
194.028291108,0,0
195.035895144,0,1
195.038308166,0,0
196.045912206,0,1
196.048325228,0,0
197.055929276,0,1
197.058342298,0,0
198.065946268,0,1
198.068359288,0,0
199.075963336,0,1
199.078376358,0,0
200.085980348,0,1
200.088393618,0,0
201.095997418,0,1
201.098410690,0,0
202.106014466,0,1
202.107284040,1,1
202.109916178,0,1
202.109951738,0,0
203.116031442,0,1
203.118444464,0,0
204.126048496,0,1
204.128461516,0,0
205.136065510,0,1
205.138478532,0,0
206.146082564,0,1
206.148495586,0,0
207.156099594,0,1
207.158512616,0,0
208.166116618,0,1
208.168529638,0,0
209.176133622,0,1
209.178546892,0,0
210.186150664,0,1
210.188563934,0,0
211.196167638,0,1
211.197437322,1,1
211.200069110,0,1
211.200104912,0,0
212.206184836,0,1
212.208597858,0,0
213.216201812,0,1
213.218614834,0,0
214.226218848,0,1
214.228631868,0,0
215.236235860,0,1
215.238648882,0,0
216.246252882,0,1
216.248665902,0,0
217.256269880,0,1
217.258682902,0,0
218.266286862,0,1
218.268700134,0,0
219.276303864,0,1
219.278717136,0,0
220.286320880,0,1
220.288734152,0,0
221.296337892,0,1
221.297607424,1,1
221.300239592,0,1
221.300275166,0,0
222.306354780,0,1
222.308767800,0,0
223.316371764,0,1
223.318784784,0,0
224.326388734,0,1
224.328801756,0,0
225.336405746,0,1
225.338818766,0,0
226.346422710,0,1
226.348835730,0,0
227.356439698,0,1
227.358852720,0,0
228.366456710,0,1
228.368869730,0,0
229.376473700,0,1
229.378886722,0,0
230.386490652,0,1
230.388903672,0,0
231.396507652,0,1
231.397777360,1,1
231.400409296,0,1
231.400445174,0,0
232.406524688,0,1
232.408937958,0,0
233.416541702,0,1
233.418954974,0,0
234.426558708,0,1
234.428971980,0,0
235.436575694,0,1
235.438988714,0,0
236.446592692,0,1
236.449005714,0,0
237.456609632,0,1
237.459022652,0,0
238.466626596,0,1
238.469039618,0,0
239.476643600,0,1
239.479056620,0,0
240.486660540,0,1
240.489073562,0,0
241.496677474,0,1
241.497947112,1,1
241.500578314,0,1
241.500578322,1,1
241.500579150,0,1
241.500614748,0,0
242.506694444,0,1
242.509107466,0,0
243.516711418,0,1
243.519124440,0,0
244.526728340,0,1
244.529141362,0,0
245.536745342,0,1
245.539158364,0,0
246.546762282,0,1
246.549175304,0,0
247.556779200,0,1
247.559192220,0,0
248.566796204,0,1
248.569209224,0,0
249.576813124,0,1
249.579226144,0,0
250.586830068,0,1
250.589243340,0,0
251.596847042,0,1
251.598116688,1,1
251.600748598,0,1
251.600784314,0,0
252.606863970,0,1
252.609276992,0,0
253.616880868,0,1
253.619293890,0,0
254.626897830,0,1
254.629310852,0,0
255.636914766,0,1
255.639327788,0,0
256.646931744,0,1
256.649344764,0,0
257.656948646,0,1
257.659361668,0,0
258.666965600,0,1
258.669378622,0,0
259.676982490,0,1
259.679395510,0,0
260.686999466,0,1
260.689412488,0,0
261.697016424,0,1
261.698286102,1,1
261.700917784,0,1
261.700953696,0,0
262.707033422,0,1
262.709446444,0,0
263.717050392,0,1
263.719463412,0,0
264.727067292,0,1
264.729480312,0,0
265.737084224,0,1
265.739497246,0,0
266.747101132,0,1
266.749514154,0,0
267.757118026,0,1
267.759531048,0,0
268.767134952,0,1
268.769547974,0,0
269.777151874,0,1
269.779564896,0,0
270.787168792,0,1
270.789582062,0,0
271.797185700,0,1
271.798455306,1,1
271.801087170,0,1
271.801122974,0,0
272.807202540,0,1
272.809615562,0,0
273.817219458,0,1
273.819632480,0,0
274.827236392,0,1
274.829649412,0,0
275.837253266,0,1
275.839666288,0,0
276.847270192,0,1
276.849683214,0,0
277.857287068,0,1
277.859700090,0,0
278.867304008,0,1
278.869717028,0,0
279.877320906,0,1
279.879733928,0,0
280.887337764,0,1
280.889750786,0,0
281.897354694,0,1
281.898624340,1,1
281.901256246,0,1
281.901291968,0,0
282.907371592,0,1
282.909784612,0,0
283.917388508,0,1
283.919801528,0,0
284.927405306,0,1
284.929818328,0,0
285.937422262,0,1
285.939835282,0,0
286.947439082,0,1
286.949852102,0,0
287.957456008,0,1
287.959869028,0,0
288.967472898,0,1
288.969885920,0,0
289.977489736,0,1
289.979902758,0,0
290.987506612,0,1
290.989919634,0,0
291.997523538,0,1
291.998793146,1,1
292.001425266,0,1
292.001460810,0,0
293.007540364,0,1
293.009953634,0,0
294.017557258,0,1
294.019970528,0,0
295.027574096,0,1
295.029987366,0,0
296.037590968,0,1
296.040004238,0,0
297.047607832,0,1
297.050021104,0,0
298.057624672,0,1
298.060037944,0,0
299.067641560,0,1
299.070054832,0,0
300.077658414,0,1
300.080071686,0,0
301.087675316,0,1
301.090088336,0,0
302.097692186,0,1
302.098961918,1,1
302.101593904,0,1
302.101629710,0,0
303.107709202,0,1
303.110122224,0,0
304.117725978,0,1
304.120138998,0,0
305.127742932,0,1
305.130155954,0,0
306.137759730,0,1
306.140172752,0,0
307.147776644,0,1
307.150189666,0,0
308.157793440,0,1
308.160206460,0,0
309.167810258,0,1
309.170223528,0,0
310.177827136,0,1
310.180240408,0,0
311.187843986,0,1
311.189113546,1,1
311.191745436,0,1
311.191781260,0,0
312.197860786,0,1
312.200273806,0,0
313.207877666,0,1
313.210290686,0,0
314.217894534,0,1
314.220307554,0,0
315.227911344,0,1
315.230324364,0,0
316.237928176,0,1
316.240341198,0,0
317.247945038,0,1
317.250358058,0,0
318.257961830,0,1
318.260374850,0,0
319.267978696,0,1
319.270391716,0,0
320.277995506,0,1
320.280408778,0,0
321.288012318,0,1
321.289282018,1,1
321.291913618,0,1
321.291949840,0,0
322.298029292,0,1
322.300442312,0,0
323.308046110,0,1
323.310459130,0,0
324.318062908,0,1
324.320475930,0,0
325.328079744,0,1
325.330492766,0,0
326.338096584,0,1
326.340509604,0,0
327.348113388,0,1
327.350526408,0,0
328.358130196,0,1
328.360543466,0,0
329.368147002,0,1
329.370560272,0,0
330.378163796,0,1
330.380577066,0,0
331.388180658,0,1
331.389450242,1,1
331.392082470,0,1
331.392117932,0,0
332.398197402,0,1
332.400610422,0,0
333.408214248,0,1
333.410627268,0,0
334.418231040,0,1
334.420644060,0,0
335.428247896,0,1
335.430660918,0,0
336.438264696,0,1
336.440677716,0,0
337.448281414,0,1
337.450694436,0,0
338.458298260,0,1
338.460711530,0,0
339.468315028,0,1
339.470728298,0,0
340.478331796,0,1
340.480745066,0,0
341.488348626,0,1
341.489618280,1,1
341.492250326,0,1
341.492285898,0,0
342.498365604,0,1
342.500778624,0,0
343.508382344,0,1
343.510795366,0,0
344.518399154,0,1
344.520812176,0,0
345.528415934,0,1
345.530828956,0,0
346.538432692,0,1
346.540845712,0,0
347.548449510,0,1
347.550862530,0,0
348.558466324,0,1
348.560879596,0,0
349.568483098,0,1
349.570896368,0,0
350.578499854,0,1
350.580913124,0,0
351.588516606,0,1
351.589786174,1,1
351.592417928,0,1
351.592453878,0,0
352.598533528,0,1
352.600946550,0,0
353.608550254,0,1
353.610963524,0,0
354.618567096,0,1
354.620980118,0,0
355.628583882,0,1
355.630996902,0,0
356.638600636,0,1
356.641013658,0,0
357.648617402,0,1
357.651030424,0,0
358.658634192,0,1
358.661047214,0,0
359.668650972,0,1
359.671064242,0,0
360.678667722,0,1
360.681080992,0,0
361.688684434,0,1
361.689953946,1,1
361.692585812,0,1
361.692621706,0,0
362.698701074,0,1
362.701114096,0,0
363.708717836,0,1
363.711130856,0,0
364.718734660,0,1
364.721147680,0,0
365.728751402,0,1
365.731164422,0,0
366.738768128,0,1
366.741181148,0,0
367.748784870,0,1
367.751197890,0,0
368.758801662,0,1
368.761214932,0,0
369.768818414,0,1
369.771231684,0,0
370.778835144,0,1
370.781248414,0,0
371.788851900,0,1
371.790121560,1,1
371.792753420,0,1
371.792789172,0,0
372.798868668,0,1
372.801281688,0,0
373.808885366,0,1
373.811298386,0,0
374.818902142,0,1
374.821315162,0,0
375.828918850,0,1
375.831331870,0,0
376.838935586,0,1
376.841348608,0,0
377.848952374,0,1
377.851365394,0,0
378.858969114,0,1
378.861382384,0,0
379.868985812,0,1
379.871399082,0,0
380.879002538,0,1
380.881415808,0,0
381.889019278,0,1
381.890289010,1,1
381.892921028,0,1
381.892956802,0,0
382.899036128,0,1
382.901449148,0,0
383.909052874,0,1
383.911465896,0,0
384.919069626,0,1
384.921482648,0,0
385.929086332,0,1
385.931499354,0,0
386.939103074,0,1
386.941516094,0,0
387.949119794,0,1
387.951532814,0,0
388.959136490,0,1
388.961549760,0,0
389.969153238,0,1
389.971566508,0,0
390.979169960,0,1
390.981583230,0,0
391.989186708,0,1
391.990456238,1,1
391.993088198,0,1
391.993123980,0,0
392.999203236,0,1
393.001616256,0,0
394.009219948,0,1
394.011632968,0,0
395.019236660,0,1
395.021649682,0,0
396.029253362,0,1
396.031666382,0,0
397.039270078,0,1
397.041683098,0,0
398.049286806,0,1
398.051699826,0,0
399.059303526,0,1
399.061716548,0,0
400.069320200,0,1
400.071733220,0,0
401.079336930,0,1
401.081749952,0,0
402.089353606,0,1
402.090623420,1,1
402.093255302,0,1
402.093291128,0,0
403.099370598,0,1
403.101783618,0,0
404.109387268,0,1
404.111800288,0,0
405.119403958,0,1
405.121816978,0,0
406.129420620,0,1
406.131833640,0,0
407.139437338,0,1
407.141850358,0,0
408.149454010,0,1
408.151867032,0,0
409.159470722,0,1
409.161883992,0,0
410.169487420,0,1
410.171900690,0,0
411.179504122,0,1
411.180773644,1,1
411.183405802,0,1
411.183441394,0,0
412.189520658,0,1
412.191933680,0,0
413.199537360,0,1
413.201950382,0,0
414.209554028,0,1
414.211967048,0,0
415.219570666,0,1
415.221983938,0,0
416.229587446,0,1
416.232000466,0,0
417.239604092,0,1
417.242017114,0,0
418.249620786,0,1
418.252033806,0,0
419.259637416,0,1
419.262050438,0,0
420.269654094,0,1
420.272067116,0,0
421.279670806,0,1
421.280940590,1,1
421.283572454,0,1
421.283608078,0,0
422.289687606,0,1
422.292100626,0,0
423.299704226,0,1
423.302117248,0,0
424.309720934,0,1
424.312133956,0,0
425.319737602,0,1
425.322150624,0,0
426.329754256,0,1
426.332167278,0,0
427.339770878,0,1
427.342183898,0,0
428.349787562,0,1
428.352200582,0,0
429.359804266,0,1
429.362217288,0,0
430.369820874,0,1
430.372234146,0,0
431.379837564,0,1
431.381107218,1,1
431.383739164,0,1
431.383774836,0,0
432.389854240,0,1
432.392267260,0,0
433.399870852,0,1
433.402283872,0,0
434.409887554,0,1
434.412300574,0,0
435.419904196,0,1
435.422317216,0,0
436.429920820,0,1
436.432333840,0,0
437.439937478,0,1
437.442350500,0,0
438.449954090,0,1
438.452367110,0,0
439.459970762,0,1
439.462383782,0,0
440.469987382,0,1
440.472400404,0,0
441.480004054,0,1
441.481273812,1,1
441.483906048,0,1
441.483941576,0,0
442.490020838,0,1
442.492433858,0,0
443.500037452,0,1
443.502450474,0,0
444.510054070,0,1
444.512467090,0,0
445.520070722,0,1
445.522483744,0,0
446.530087344,0,1
446.532500366,0,0
447.540103986,0,1
447.542517006,0,0
448.550120624,0,1
448.552533894,0,0
449.560137250,0,1
449.562550520,0,0
450.570153866,0,1
450.572567136,0,0
451.580170528,0,1
451.581440128,1,1
451.584072074,0,1
451.584107800,0,0
452.590187116,0,1
452.592600138,0,0
453.600203808,0,1
453.602616828,0,0
454.610220376,0,1
454.612633396,0,0
455.620236998,0,1
455.622650018,0,0
456.630253654,0,1
456.632666674,0,0
457.640270268,0,1
457.642683288,0,0
458.650286848,0,1
458.652700118,0,0
459.660303490,0,1
459.662716760,0,0
460.670320132,0,1
460.672733402,0,0
461.680336718,0,1
461.681606278,1,1
461.684238282,0,1
461.684273990,0,0
462.690353378,0,1
462.692766398,0,0
463.700369966,0,1
463.702782986,0,0
464.710386564,0,1
464.712799584,0,0
465.720403140,0,1
465.722816160,0,0
466.730419726,0,1
466.732832746,0,0
467.740436360,0,1
467.742849380,0,0
468.750452956,0,1
468.752865976,0,0
469.760469526,0,1
469.762882546,0,0
470.770486188,0,1
470.772899208,0,0
471.780502792,0,1
471.781772420,1,1
471.784404776,0,1
471.784440064,0,0
472.790519316,0,1
472.792932336,0,0
473.800535924,0,1
473.802948944,0,0
474.810552506,0,1
474.812965528,0,0
475.820569124,0,1
475.822982144,0,0
476.830585722,0,1
476.832998744,0,0
477.840602328,0,1
477.843015348,0,0
478.850618888,0,1
478.853031910,0,0
479.860635494,0,1
479.863048514,0,0
480.870652088,0,1
480.873065108,0,0
481.880668674,0,1
481.881938298,1,1
481.884570794,0,1
481.884605944,0,0
482.890685234,0,1
482.893098254,0,0
483.900701802,0,1
483.903114822,0,0
484.910718426,0,1
484.913131446,0,0
485.920735008,0,1
485.923148028,0,0
486.930751590,0,1
486.933164610,0,0
487.940768160,0,1
487.943181180,0,0
488.950784722,0,1
488.953197742,0,0
489.960801348,0,1
489.963214368,0,0
490.970817878,0,1
490.973230898,0,0
491.980834436,0,1
491.982104178,1,1
491.984736734,0,1
491.984771958,0,0
492.990851142,0,1
492.993264162,0,0
494.000867718,0,1
494.003280740,0,0
495.010884296,0,1
495.013297316,0,0
496.020900814,0,1
496.023313834,0,0
497.030917408,0,1
497.033330428,0,0
498.040933932,0,1
498.043347202,0,0
499.050950548,0,1
499.053363818,0,0
500.060967100,0,1
500.063380370,0,0
501.070983662,0,1
501.073396932,0,0
502.081000184,0,1
502.082269776,1,1
502.084901156,0,1
502.084937456,0,0
503.091016720,0,1
503.093429740,0,0
504.101033276,0,1
504.103446296,0,0
505.111049878,0,1
505.113462898,0,0
506.121066394,0,1
506.123479414,0,0
507.131082986,0,1
507.133496006,0,0
508.141099524,0,1
508.143512544,0,0
509.151116074,0,1
509.153529094,0,0
510.161132582,0,1
510.163545602,0,0
511.171149194,0,1
511.172418680,1,1
511.175050892,0,1
511.175086466,0,0
512.181165538,0,1
512.183578558,0,0
513.191182138,0,1
513.193595158,0,0
514.201198610,0,1
514.203611632,0,0
515.211215178,0,1
515.213628198,0,0
516.221231714,0,1
516.223644734,0,0
517.231248238,0,1
517.233661260,0,0
518.241264782,0,1
518.243677804,0,0
519.251281346,0,1
519.253694366,0,0
520.261297852,0,1
520.263710872,0,0
521.271314356,0,1
521.272584114,1,1
521.275216450,0,1
521.275251878,0,0
522.281331040,0,1
522.283744060,0,0
523.291347570,0,1
523.293760590,0,0
524.301364080,0,1
524.303777100,0,0
525.311380602,0,1
525.313793622,0,0
526.321397108,0,1
526.323810128,0,0
527.331413636,0,1
527.333826656,0,0
528.341430142,0,1
528.343843162,0,0
529.351446672,0,1
529.353859692,0,0
530.361463174,0,1
530.363876194,0,0
531.371479740,0,1
531.372749330,1,1
531.375381240,0,1
531.375417012,0,0
532.381496228,0,1
532.383909248,0,0
533.391512742,0,1
533.393925762,0,0
534.401529306,0,1
534.403942326,0,0
535.411545804,0,1
535.413958824,0,0
536.421562278,0,1
536.423975300,0,0
537.431578746,0,1
537.433992016,0,0
538.441595266,0,1
538.444008538,0,0
539.451611820,0,1
539.454025090,0,0
540.461628342,0,1
540.464041362,0,0
541.471644838,0,1
541.472914504,1,1
541.475546340,0,1
541.475582110,0,0
542.481661366,0,1
542.484074386,0,0
543.491677856,0,1
543.494090876,0,0
544.501694330,0,1
544.504107350,0,0
545.511710814,0,1
545.514123834,0,0
546.521727382,0,1
546.524140402,0,0
547.531743808,0,1
547.534156828,0,0
548.541760362,0,1
548.544173382,0,0
549.551776838,0,1
549.554189858,0,0
550.561793342,0,1
550.564206362,0,0
551.571809866,0,1
551.573079450,1,1
551.575711294,0,1
551.575747138,0,0
552.581826334,0,1
552.584239354,0,0
553.591842758,0,1
553.594255778,0,0
554.601859258,0,1
554.604272280,0,0
555.611875796,0,1
555.614288816,0,0
556.621892234,0,1
556.624305254,0,0
557.631908758,0,1
557.634321778,0,0
558.641925228,0,1
558.644338248,0,0
559.651941700,0,1
559.654354720,0,0
560.661958226,0,1
560.664371246,0,0
561.671974662,0,1
561.673244342,1,1
561.675875922,0,1
561.675911934,0,0
562.681991280,0,1
562.684404300,0,0
563.692007752,0,1
563.694420772,0,0
564.702024190,0,1
564.704437210,0,0
565.712040700,0,1
565.714453720,0,0
566.722057144,0,1
566.724470164,0,0
567.732073640,0,1
567.734486660,0,0
568.742090120,0,1
568.744503140,0,0
569.752106572,0,1
569.754519592,0,0
570.762122998,0,1
570.764536018,0,0
571.772139482,0,1
571.773409092,1,1
571.776041172,0,1
571.776076754,0,0
572.782155974,0,1
572.784568994,0,0
573.792172408,0,1
573.794585428,0,0
574.802188892,0,1
574.804601914,0,0
575.812205312,0,1
575.814618334,0,0
576.822221778,0,1
576.824634798,0,0
577.832238272,0,1
577.834651292,0,0
578.842254724,0,1
578.844667744,0,0
579.852271188,0,1
579.854684208,0,0
580.862287580,0,1
580.864700600,0,0
581.872304098,0,1
581.873573746,1,1
581.876205760,0,1
581.876241368,0,0
582.882320528,0,1
582.884733548,0,0
583.892336948,0,1
583.894749968,0,0
584.902353412,0,1
584.904766432,0,0
585.912369846,0,1
585.914782866,0,0
586.922386292,0,1
586.924799312,0,0
587.932402742,0,1
587.934815762,0,0
588.942419218,0,1
588.944832238,0,0
589.952435630,0,1
589.954848650,0,0
590.962452082,0,1
590.964865102,0,0
591.972468554,0,1
591.973738242,1,1
591.976370080,0,1
591.976405826,0,0
592.982485098,0,1
592.984898118,0,0
593.992501514,0,1
593.994914534,0,0
595.002517972,0,1
595.004930992,0,0
596.012534430,0,1
596.014947450,0,0
597.022550840,0,1
597.024963860,0,0
598.032567254,0,1
598.034980274,0,0
599.042583722,0,1
599.044996742,0,0
600.052600176,0,1
600.055013196,0,0
601.062616578,0,1
601.065029598,0,0
602.072633042,0,1
602.073902638,1,1
602.076534874,0,1
602.076570314,0,0
603.082649454,0,1
603.085062474,0,0
604.092665852,0,1
604.095078874,0,0
605.102682318,0,1
605.105095338,0,0
606.112698714,0,1
606.115111734,0,0
607.122715190,0,1
607.125128210,0,0
608.132731596,0,1
608.135144614,0,0
609.142747988,0,1
609.145161008,0,0
610.152764418,0,1
610.155177438,0,0
611.162780814,0,1
611.164050438,1,1
611.166682492,0,1
611.166718086,0,0
612.172797256,0,1
612.175210276,0,0
613.182813694,0,1
613.185226714,0,0
614.192830112,0,1
614.195243132,0,0
615.202846498,0,1
615.205259518,0,0
616.212862896,0,1
616.215275914,0,0
617.222879318,0,1
617.225292338,0,0
618.232895716,0,1
618.235308736,0,0
619.242912116,0,1
619.245325136,0,0
620.252928552,0,1
620.255341822,0,0
621.262944938,0,1
621.264214640,1,1
621.266846406,0,1
621.266882460,0,0
622.272961464,0,1
622.275374484,0,0
623.282977868,0,1
623.285390888,0,0
624.292994264,0,1
624.295407284,0,0
625.303010720,0,1
625.305423740,0,0
626.313027056,0,1
626.315440076,0,0
627.323043504,0,1
627.325456524,0,0
628.333059900,0,1
628.335473170,0,0
629.343076232,0,1
629.345489502,0,0
630.353092708,0,1
630.355505978,0,0
631.363109060,0,1
631.364378662,1,1
631.367010612,0,1
631.367046332,0,0
632.373125420,0,1
632.375538440,0,0
633.383141832,0,1
633.385554852,0,0
634.393158246,0,1
634.395571266,0,0
635.403174626,0,1
635.405587646,0,0
636.413191038,0,1
636.415604058,0,0
637.423207400,0,1
637.425620418,0,0
638.433223764,0,1
638.435637034,0,0
639.443240152,0,1
639.445653422,0,0
640.453256594,0,1
640.455669864,0,0
641.463272922,0,1
641.464542598,1,1
641.467174386,0,1
641.467210192,0,0
642.473289484,0,1
642.475702504,0,0
643.483305852,0,1
643.485718872,0,0
644.493322224,0,1
644.495735244,0,0
645.503338624,0,1
645.505751644,0,0
646.513354992,0,1
646.515768012,0,0
647.523371364,0,1
647.525784384,0,0
648.533387720,0,1
648.535800988,0,0
649.543404092,0,1
649.545817362,0,0
650.553420466,0,1
650.555833736,0,0
651.563436820,0,1
651.564706444,1,1
651.567338334,0,1
651.567374092,0,0
652.573453202,0,1
652.575866222,0,0
653.583469588,0,1
653.585882608,0,0
654.593485938,0,1
654.595898958,0,0
655.603502316,0,1
655.605915336,0,0
656.613518670,0,1
656.615931690,0,0
657.623535028,0,1
657.625948046,0,0
658.633551398,0,1
658.635964668,0,0
659.643567808,0,1
659.645980828,0,0
660.653584134,0,1
660.655997154,0,0
661.663600486,0,1
661.664870146,1,1
661.667501722,0,1
661.667537758,0,0
662.673616864,0,1
662.676029884,0,0
663.683633228,0,1
663.686046246,0,0
664.693649598,0,1
664.696062618,0,0
665.703665966,0,1
665.706078986,0,0
666.713682328,0,1
666.716095348,0,0
667.723698644,0,1
667.726111664,0,0
668.733714994,0,1
668.736128264,0,0
669.743731364,0,1
669.746144632,0,0
670.753747690,0,1
670.756160960,0,0
671.763764084,0,1
671.765033752,1,1
671.767665484,0,1
671.767701354,0,0
672.773780402,0,1
672.776193422,0,0
673.783796750,0,1
673.786209770,0,0
674.793813116,0,1
674.796226136,0,0
675.803829456,0,1
675.806242474,0,0
676.813845816,0,1
676.816258836,0,0
677.823862148,0,1
677.826275166,0,0
678.833878474,0,1
678.836291494,0,0
679.843894800,0,1
679.846307820,0,0
680.853911136,0,1
680.856324406,0,0
681.863927482,0,1
681.865197262,1,1
681.867829172,0,1
681.867865002,0,0
682.873943956,0,1
682.876356976,0,0
683.883960300,0,1
683.886373320,0,0
684.893976630,0,1
684.896389650,0,0
685.903992962,0,1
685.906405982,0,0
686.914009256,0,1
686.916422276,0,0
687.924025592,0,1
687.926438612,0,0
688.934041954,0,1
688.936455224,0,0
689.944058294,0,1
689.946471564,0,0
690.954074612,0,1
690.956487882,0,0
691.964090888,0,1
691.965360580,1,1
691.967992304,0,1
691.968028408,0,0
692.974107388,0,1
692.976520408,0,0
693.984123692,0,1
693.986536712,0,0
694.994140038,0,1
694.996553058,0,0
696.004156358,0,1
696.006569378,0,0
697.014172628,0,1
697.016585898,0,0
698.024189014,0,1
698.026602284,0,0
699.034205302,0,1
699.036618572,0,0
700.044221632,0,1
700.046634902,0,0
701.054237934,0,1
701.056651204,0,0
702.064254340,0,1
702.065523864,1,1
702.068155578,0,1
702.068191610,0,0
703.074270542,0,1
703.076683562,0,0
704.084286846,0,1
704.086699866,0,0
705.094303172,0,1
705.096716190,0,0
706.104319482,0,1
706.106732502,0,0
707.114335750,0,1
707.116748770,0,0
708.124352046,0,1
708.126765066,0,0
709.134368386,0,1
709.136781404,0,0
710.144384680,0,1
710.146797948,0,0
711.154400966,0,1
711.155670690,1,1
711.158302562,0,1
711.158338486,0,0
712.164417406,0,1
712.166830426,0,0
713.174433680,0,1
713.176846700,0,0
714.184450040,0,1
714.186863060,0,0
715.194466302,0,1
715.196879322,0,0
716.204482628,0,1
716.206895648,0,0
717.214498922,0,1
717.216912192,0,0
718.224515220,0,1
718.226928488,0,0
719.234531476,0,1
719.236944744,0,0
720.244547818,0,1
720.246961088,0,0
721.254564120,0,1
721.255833738,1,1
721.258465528,0,1
721.258501390,0,0
722.264580410,0,1
722.266993430,0,0
723.274596724,0,1
723.277009744,0,0
724.284612986,0,1
724.287026006,0,0
725.294629272,0,1
725.297042292,0,0
726.304645620,0,1
726.307058640,0,0
727.314661868,0,1
727.317074886,0,0
728.324678148,0,1
728.327091418,0,0
729.334694448,0,1
729.337107718,0,0
730.344710778,0,1
730.347124048,0,0
731.354726998,0,1
731.355996720,1,1
731.358628662,0,1
731.358664518,0,0
732.364743426,0,1
732.367156446,0,0
733.374759728,0,1
733.377172748,0,0
734.384775992,0,1
734.387189012,0,0
735.394792294,0,1
735.397205314,0,0
736.404808574,0,1
736.407221594,0,0
737.414824852,0,1
737.417238120,0,0
738.424841132,0,1
738.427254402,0,0
739.434857388,0,1
739.437270656,0,0
740.444873708,0,1
740.447286978,0,0
741.454890034,0,1
741.456159488,1,1
741.458791846,0,1
741.458827304,0,0
742.464906172,0,1
742.467319192,0,0
743.474922452,0,1
743.477335470,0,0
744.484938730,0,1
744.487351750,0,0
745.494955012,0,1
745.497368032,0,0
746.504971282,0,1
746.507384300,0,0
747.514987530,0,1
747.517400550,0,0
748.525003760,0,1
748.527417030,0,0
749.535020080,0,1
749.537433348,0,0
750.545036370,0,1
750.547449640,0,0
751.555052620,0,1
751.556322236,1,1
751.558954294,0,1
751.558989892,0,0
752.565068826,0,1
752.567481844,0,0
753.575085136,0,1
753.577498156,0,0
754.585101362,0,1
754.587514380,0,0
755.595117686,0,1
755.597530704,0,0
756.605133874,0,1
756.607546894,0,0
757.615150184,0,1
757.617563204,0,0
758.625166392,0,1
758.627579662,0,0
759.635182660,0,1
759.637595930,0,0
760.645198932,0,1
760.647612202,0,0
761.655215218,0,1
761.656484846,1,1
761.659116896,0,1
761.659152490,0,0
762.665231400,0,1
762.667644420,0,0
763.675247744,0,1
763.677660764,0,0
764.685263944,0,1
764.687676962,0,0
765.695280162,0,1
765.697693180,0,0
766.705296470,0,1
766.707709490,0,0
767.715312726,0,1
767.717725744,0,0
768.725328974,0,1
768.727741994,0,0
769.735345172,0,1
769.737758192,0,0
770.745361468,0,1
770.747774736,0,0
771.755377702,0,1
771.756647404,1,1
771.759279434,0,1
771.759314972,0,0
772.765394090,0,1
772.767807110,0,0
773.775410310,0,1
773.777823330,0,0
774.785426520,0,1
774.787839540,0,0
775.795442808,0,1
775.797855828,0,0
776.805459006,0,1
776.807872026,0,0
777.815475278,0,1
777.817888296,0,0
778.825491504,0,1
778.827904524,0,0
779.835507742,0,1
779.837920762,0,0
780.845524008,0,1
780.847937028,0,0
781.855540194,0,1
781.856809848,1,1
781.859441546,0,1
781.859477464,0,0
782.865556596,0,1
782.867969616,0,0
783.875572838,0,1
783.877985858,0,0
784.885589060,0,1
784.888002080,0,0
785.895605300,0,1
785.898018320,0,0
786.905621522,0,1
786.908034542,0,0
787.915637704,0,1
787.918050974,0,0
788.925653920,0,1
788.928067190,0,0
789.935670164,0,1
789.938083434,0,0
790.945686378,0,1
790.948099648,0,0
791.955702732,0,1
791.956972132,1,1
791.959604230,0,1
791.959639754,0,0
792.965718644,0,1
792.968131664,0,0
793.975734904,0,1
793.978147924,0,0
794.985751132,0,1
794.988164152,0,0
795.995767300,0,1
795.998180320,0,0
797.005783578,0,1
797.008196598,0,0
798.015799800,0,1
798.018212820,0,0
799.025815968,0,1
799.028228988,0,0
800.035832222,0,1
800.038245240,0,0
801.045848442,0,1
801.048261462,0,0
802.055864638,0,1
802.057134320,1,1
802.059766602,0,1
802.059801908,0,0
803.065880996,0,1
803.068294014,0,0
804.075897148,0,1
804.078310168,0,0
805.085913394,0,1
805.088326414,0,0
806.095929594,0,1
806.098342612,0,0
807.105945814,0,1
807.108358834,0,0
808.115962012,0,1
808.118375030,0,0
809.125978198,0,1
809.128391218,0,0
810.135994390,0,1
810.138407410,0,0
811.146010602,0,1
811.147280268,1,1
811.149912278,0,1
811.149947872,0,0
812.156026962,0,1
812.158439980,0,0
813.166043146,0,1
813.168456166,0,0
814.176059370,0,1
814.178472388,0,0
815.186075582,0,1
815.188488602,0,0
816.196091742,0,1
816.198504762,0,0
817.206107948,0,1
817.208520968,0,0
818.216124162,0,1
818.218537182,0,0
819.226140382,0,1
819.228553402,0,0
820.236156520,0,1
820.238569538,0,0
821.246172680,0,1
821.247442242,1,1
821.250074196,0,1
821.250109950,0,0
822.256188938,0,1
822.258601958,0,0
823.266205116,0,1
823.268618136,0,0
824.276221296,0,1
824.278634314,0,0
825.286237496,0,1
825.288650516,0,0
826.296253690,0,1
826.298666708,0,0
827.306269834,0,1
827.308682854,0,0
828.316286068,0,1
828.318699088,0,0
829.326302204,0,1
829.328715472,0,0
830.336318466,0,1
830.338731736,0,0
831.346334582,0,1
831.347604236,1,1
831.350236776,0,1
831.350271852,0,0
832.356350826,0,1
832.358763846,0,0
833.366366968,0,1
833.368779986,0,0
834.376383140,0,1
834.378796158,0,0
835.386399316,0,1
835.388812334,0,0
836.396415518,0,1
836.398828538,0,0
837.406431732,0,1
837.408844752,0,0
838.416447888,0,1
838.418860908,0,0
839.426464044,0,1
839.428877314,0,0
840.436480234,0,1
840.438893504,0,0
841.446496422,0,1
841.447766066,1,1
841.450397594,0,1
841.450433692,0,0
842.456512564,0,1
842.458925584,0,0
843.466528746,0,1
843.468942018,0,0
844.476544896,0,1
844.478958166,0,0
845.486561114,0,1
845.488974132,0,0
846.496577242,0,1
846.498990262,0,0
847.506593478,0,1
847.509006498,0,0
848.516609610,0,1
848.519022628,0,0
849.526625810,0,1
849.529038830,0,0
850.536641932,0,1
850.539054952,0,0
851.546658096,0,1
851.547927844,1,1
851.550559826,0,1
851.550595616,0,0
852.556674382,0,1
852.559087400,0,0
853.566690572,0,1
853.569103592,0,0
854.576706706,0,1
854.579119724,0,0
855.586722864,0,1
855.589135884,0,0
856.596739068,0,1
856.599152088,0,0
857.606755220,0,1
857.609168238,0,0
858.616771394,0,1
858.619184662,0,0
859.626787528,0,1
859.629200798,0,0
860.636803694,0,1
860.639216964,0,0
861.646819800,0,1
861.648089458,1,1
861.650721868,0,1
861.650757070,0,0
862.656835998,0,1
862.659249018,0,0
863.666852164,0,1
863.669265184,0,0
864.676868322,0,1
864.679281340,0,0
865.686884472,0,1
865.689297492,0,0
866.696900566,0,1
866.699313586,0,0
867.706916704,0,1
867.709329724,0,0
868.716932878,0,1
868.719345896,0,0
869.726949012,0,1
869.729362032,0,0
870.736965194,0,1
870.739378214,0,0
871.746981310,0,1
871.748250978,1,1
871.750882874,0,1
871.750918580,0,0
872.756997640,0,1
872.759410660,0,0
873.767013770,0,1
873.769426788,0,0
874.777029862,0,1
874.779442882,0,0
875.787046022,0,1
875.789459040,0,0
876.797062176,0,1
876.799475444,0,0
877.807078316,0,1
877.809491586,0,0
878.817094428,0,1
878.819507698,0,0
879.827110594,0,1
879.829523862,0,0
880.837126706,0,1
880.839539976,0,0
881.847142900,0,1
881.848412452,1,1
881.851044758,0,1
881.851079920,0,0
882.857159078,0,1
882.859572098,0,0
883.867175172,0,1
883.869588192,0,0
884.877191258,0,1
884.879604278,0,0
885.887207430,0,1
885.889620448,0,0
886.897223566,0,1
886.899636584,0,0
887.907239698,0,1
887.909652968,0,0
888.917255868,0,1
888.919669138,0,0
889.927271982,0,1
889.929685252,0,0
890.937288052,0,1
890.939701322,0,0
891.947304214,0,1
891.948573780,1,1
891.951205754,0,1
891.951241484,0,0
892.957320322,0,1
892.959733340,0,0
893.967336442,0,1
893.969749460,0,0
894.977352548,0,1
894.979765568,0,0
895.987368652,0,1
895.989781672,0,0
896.997384822,0,1
896.999797842,0,0
898.007400928,0,1
898.009813948,0,0
899.017417032,0,1
899.019830050,0,0
900.027433186,0,1
900.029846454,0,0
901.037449276,0,1
901.039862546,0,0
902.047465388,0,1
902.048735042,1,1
902.051366988,0,1
902.051402658,0,0
903.057481456,0,1
903.059894476,0,0
904.067497556,0,1
904.069910826,0,0
905.077513696,0,1
905.079926966,0,0
906.087529850,0,1
906.089942868,0,0
907.097545946,0,1
907.099958966,0,0
908.107562116,0,1
908.109975134,0,0
909.117578202,0,1
909.119991220,0,0
910.127594268,0,1
910.130007288,0,0
911.137610404,0,1
911.138880010,1,1
911.141512244,0,1
911.141547674,0,0
912.147626470,0,1
912.150039490,0,0
913.157642590,0,1
913.160055608,0,0
914.167658664,0,1
914.170071684,0,0
915.177674774,0,1
915.180087792,0,0
916.187690894,0,1
916.190103914,0,0
917.197707004,0,1
917.200120022,0,0
918.207723032,0,1
918.210136302,0,0
919.217739170,0,1
919.220152440,0,0
920.227755282,0,1
920.230168550,0,0
921.237771346,0,1
921.239041100,1,1
921.241673044,0,1
921.241708866,0,0
922.247787594,0,1
922.250200612,0,0
923.257803624,0,1
923.260216644,0,0
924.267819756,0,1
924.270232774,0,0
925.277835838,0,1
925.280248858,0,0
926.287851940,0,1
926.290264958,0,0
927.297868062,0,1
927.300281330,0,0
928.307884122,0,1
928.310297390,0,0
929.317900244,0,1
929.320313514,0,0
930.327916322,0,1
930.330329592,0,0
931.337932412,0,1
931.339201936,1,1
931.341833942,0,1
931.341869680,0,0
932.347948368,0,1
932.350361386,0,0
933.357964448,0,1
933.360377466,0,0
934.367980542,0,1
934.370393560,0,0
935.377996628,0,1
935.380409646,0,0
936.388012696,0,1
936.390425716,0,0
937.398028782,0,1
937.400441802,0,0
938.408044874,0,1
938.410457892,0,0
939.418060898,0,1
939.420473916,0,0
940.428077014,0,1
940.430490034,0,0
941.438093056,0,1
941.439362710,1,1
941.441994618,0,1
941.442030324,0,0
942.448109264,0,1
942.450522282,0,0
943.458125320,0,1
943.460538338,0,0
944.468141388,0,1
944.470554408,0,0
945.478157502,0,1
945.480570522,0,0
946.488173520,0,1
946.490586538,0,0
947.498189612,0,1
947.500602630,0,0
948.508205670,0,1
948.510618940,0,0
949.518221720,0,1
949.520634990,0,0
950.528237800,0,1
950.530651068,0,0
951.538253830,0,1
951.539523464,1,1
951.542155428,0,1
951.542191098,0,0
952.548269940,0,1
952.550682960,0,0
953.558286020,0,1
953.560699038,0,0
954.568302056,0,1
954.570715074,0,0
955.578318108,0,1
955.580731126,0,0
956.588334178,0,1
956.590747198,0,0
957.598350178,0,1
957.600763198,0,0
958.608366264,0,1
958.610779282,0,0
959.618382324,0,1
959.620795344,0,0
960.628398358,0,1
960.630811376,0,0
961.638414442,0,1
961.639684056,1,1
961.642315880,0,1
961.642351714,0,0
962.648430476,0,1
962.650843496,0,0
963.658446532,0,1
963.660859552,0,0
964.668462556,0,1
964.670875576,0,0
965.678478604,0,1
965.680891874,0,0
966.688494614,0,1
966.690907884,0,0
967.698510740,0,1
967.700923760,0,0
968.708526760,0,1
968.710939778,0,0
969.718542824,0,1
969.720955842,0,0
970.728558866,0,1
970.730971884,0,0
971.738574952,0,1
971.739844582,1,1
971.742476722,0,1
971.742512224,0,0
972.748590976,0,1
972.751003994,0,0
973.758606986,0,1
973.761020004,0,0
974.768623016,0,1
974.771036036,0,0
975.778639080,0,1
975.781052100,0,0
976.788655118,0,1
976.791068138,0,0
977.798671162,0,1
977.801084182,0,0
978.808687164,0,1
978.811100182,0,0
979.818703200,0,1
979.821116218,0,0
980.828719266,0,1
980.831132284,0,0
981.838735306,0,1
981.840004968,1,1
981.842637254,0,1
981.842672574,0,0
982.848751316,0,1
982.851164336,0,0
983.858767344,0,1
983.861180364,0,0
984.868783392,0,1
984.871196410,0,0
985.878799384,0,1
985.881212402,0,0
986.888815428,0,1
986.891228446,0,0
987.898831502,0,1
987.901244522,0,0
988.908847510,0,1
988.911260528,0,0
989.918863512,0,1
989.921276530,0,0
990.928879558,0,1
990.931292578,0,0
991.938895556,0,1
991.940165194,1,1
991.942796750,0,1
991.942832826,0,0
992.948911602,0,1
992.951324622,0,0
993.958927586,0,1
993.961340606,0,0
994.968943634,0,1
994.971356654,0,0
995.978959618,0,1
995.981372636,0,0
996.988975658,0,1
996.991388676,0,0
997.998991650,0,1
998.001404670,0,0
999.009007708,0,1
999.011420726,0,0
1000.019023680,0,1
1000.021436700,0,0
1001.029039690,0,1
1001.031452710,0,0
1002.039055752,0,1
1002.040325456,1,1
1002.042957372,0,1
1002.042993272,0,0
1003.049071848,0,1
1003.051484868,0,0
1004.059087864,0,1
1004.061500884,0,0
1005.069103896,0,1
1005.071516914,0,0
1006.079119894,0,1
1006.081532912,0,0
1007.089135908,0,1
1007.091548928,0,0
1008.099151920,0,1
1008.101564940,0,0
1009.109167884,0,1
1009.111580902,0,0
1010.119183926,0,1
1010.121596944,0,0
1011.129199898,0,1
1011.130469458,1,1
1011.133101944,0,1
1011.133137166,0,0
1012.139215954,0,1
1012.141628974,0,0
1013.149231952,0,1
1013.151644970,0,0
1014.159247938,0,1
1014.161660958,0,0
1015.169263926,0,1
1015.171676944,0,0
1016.179279900,0,1
1016.181692920,0,0
1017.189295946,0,1
1017.191708966,0,0
1018.199311908,0,1
1018.201724928,0,0
1019.209327956,0,1
1019.211740976,0,0
1020.219343914,0,1
1020.221756932,0,0
1021.229359922,0,1
1021.230629560,1,1
1021.233261054,0,1
1021.233297192,0,0
1022.239375884,0,1
1022.241788902,0,0
1023.249391910,0,1
1023.251804928,0,0
1024.259407850,0,1
1024.261820870,0,0
1025.269423902,0,1
1025.271836922,0,0
1026.279439846,0,1
1026.281852866,0,0
1027.289455808,0,1
1027.291869076,0,0
1028.299471762,0,1
1028.301885032,0,0
1029.309487866,0,1
1029.311900884,0,0
1030.319503854,0,1
1030.321916872,0,0
1031.329519846,0,1
1031.330789396,1,1
1031.333421242,0,1
1031.333456866,0,0
1032.339535764,0,1
1032.341948784,0,0
1033.349551710,0,1
1033.351964728,0,0
1034.359567772,0,1
1034.361980790,0,0
1035.369583736,0,1
1035.371996756,0,0
1036.379599702,0,1
1036.382012722,0,0
1037.389615670,0,1
1037.392028688,0,0
1038.399631668,0,1
1038.402044686,0,0
1039.409647670,0,1
1039.412060690,0,0
1040.419663586,0,1
1040.422076606,0,0
1041.429679544,0,1
1041.430949124,1,1
1041.433580986,0,1
1041.433616814,0,0
1042.439695560,0,1
1042.442108580,0,0
1043.449711526,0,1
1043.452124544,0,0
1044.459727538,0,1
1044.462140558,0,0
1045.469743444,0,1
1045.472156462,0,0
1046.479759406,0,1
1046.482172426,0,0
1047.489775372,0,1
1047.492188390,0,0
1048.499791374,0,1
1048.502204394,0,0
1049.509807276,0,1
1049.512220296,0,0
1050.519823276,0,1
1050.522236296,0,0
1051.529839276,0,1
1051.531108870,1,1
1051.533740680,0,1
1051.533776544,0,0
1052.539855228,0,1
1052.542268246,0,0
1053.549871192,0,1
1053.552284212,0,0
1054.559887120,0,1
1054.562300140,0,0
1055.569903118,0,1
1055.572316138,0,0
1056.579919036,0,1
1056.582332054,0,0
1057.589935026,0,1
1057.592348046,0,0
1058.599950982,0,1
1058.602364002,0,0
1059.609966960,0,1
1059.612379980,0,0
1060.619982912,0,1
1060.622395930,0,0
1061.629998818,0,1
1061.631268374,1,1
1061.633900338,0,1
1061.633935838,0,0
1062.640014836,0,1
1062.642427856,0,0
1063.650030796,0,1
1063.652443816,0,0
1064.660046724,0,1
1064.662459744,0,0
1065.670062666,0,1
1065.672475686,0,0
1066.680078572,0,1
1066.682491592,0,0
1067.690094534,0,1
1067.692507552,0,0
1068.700110472,0,1
1068.702523490,0,0
1069.710126434,0,1
1069.712539452,0,0
1070.720142384,0,1
1070.722555404,0,0
1071.730158318,0,1
1071.731427908,1,1
1071.734059850,0,1
1071.734095588,0,0
1072.740174266,0,1
1072.742587286,0,0
1073.750190198,0,1
1073.752603216,0,0
1074.760206202,0,1
1074.762619220,0,0
1075.770222092,0,1
1075.772635112,0,0
1076.780238022,0,1
1076.782651042,0,0
1077.790253962,0,1
1077.792666980,0,0
1078.800269960,0,1
1078.802682978,0,0
1079.810285858,0,1
1079.812698876,0,0
1080.820301812,0,1
1080.822714832,0,0
1081.830317742,0,1
1081.831587264,1,1
1081.834219348,0,1
1081.834255012,0,0
1082.840333510,0,1
1082.842746528,0,0
1083.850349490,0,1
1083.852762510,0,0
1084.860365330,0,1
1084.862778598,0,0
1085.870381240,0,1
1085.872794510,0,0
1086.880397178,0,1
1086.882810448,0,0
1087.890413154,0,1
1087.892826422,0,0
1088.900429034,0,1
1088.902842304,0,0
1089.910445008,0,1
1089.912858278,0,0
1090.920460912,0,1
1090.922874182,0,0
1091.930476858,0,1
1091.931746506,1,1
1091.934378928,0,1
1091.934414128,0,0
1092.940492790,0,1
1092.942905810,0,0
1093.950508608,0,1
1093.952921878,0,0
1094.960524540,0,1
1094.962937810,0,0
1095.970540494,0,1
1095.972953762,0,0
1096.980556418,0,1
1096.982969686,0,0
1097.990572318,0,1
1097.992985586,0,0
1099.000588216,0,1
1099.003001486,0,0
1100.010604182,0,1
1100.013017450,0,0
1101.020620096,0,1
1101.023033364,0,0
1102.030636002,0,1
1102.031905718,1,1
1102.034537474,0,1
1102.034573522,0,0
1103.040652060,0,1
1103.043065078,0,0
1104.050667920,0,1
1104.053080940,0,0
1105.060683802,0,1
1105.063097070,0,0
1106.070699738,0,1
1106.073113008,0,0
1107.080715618,0,1
1107.083128888,0,0
1108.090731516,0,1
1108.093144784,0,0
1109.100747448,0,1
1109.103160718,0,0
1110.110763360,0,1
1110.113176628,0,0
1111.120779258,0,1
1111.123192526,0,0
1112.130795168,0,1
1112.132064788,1,1
1112.134696366,0,1
1112.134732436,0,0
1113.140811072,0,1
1113.143224092,0,0
1114.150826946,0,1
1114.153240216,0,0
1115.160842826,0,1
1115.163256096,0,0
1116.170858754,0,1
1116.173272022,0,0
1117.180874596,0,1
1117.183287864,0,0
1118.190890544,0,1
1118.193303814,0,0
1119.200906456,0,1
1119.203319724,0,0
1120.210922294,0,1
1120.213335562,0,0
1121.220938232,0,1
1121.222207958,1,1
1121.224839674,0,1
1121.224875500,0,0
1122.230954262,0,1
1122.233367280,0,0
1123.240970128,0,1
1123.243383146,0,0
1124.250985968,0,1
1124.253399236,0,0
1125.261001886,0,1
1125.263415154,0,0
1126.271017792,0,1
1126.273431062,0,0
1127.281033684,0,1
1127.283446954,0,0
1128.291049554,0,1
1128.293462824,0,0
1129.301065446,0,1
1129.303478714,0,0
1130.311081302,0,1
1130.313494570,0,0
1131.321097206,0,1
1131.322366788,1,1
1131.324998426,0,1
1131.325034476,0,0
1132.331113136,0,1
1132.333526154,0,0
1133.341128940,0,1
1133.343542208,0,0
1134.351144850,0,1
1134.353558120,0,0
1135.361160668,0,1
1135.363573938,0,0
1136.371176592,0,1
1136.373589862,0,0
1137.381192420,0,1
1137.383605690,0,0
1138.391208362,0,1
1138.393621630,0,0
1139.401224188,0,1
1139.403637456,0,0
1140.411240124,0,1
1140.413653392,0,0
1141.421256030,0,1
1141.422525694,1,1
1141.425157490,0,1
1141.425193300,0,0
1142.431271802,0,1
1142.433685070,0,0
1143.441287634,0,1
1143.443700902,0,0
1144.451303544,0,1
1144.453716812,0,0
1145.461319400,0,1
1145.463732668,0,0
1146.471335278,0,1
1146.473748546,0,0
1147.481351188,0,1
1147.483764456,0,0
1148.491367026,0,1
1148.493780296,0,0
1149.501382922,0,1
1149.503796190,0,0
1150.511398838,0,1
1150.513811858,0,0
1151.521414710,0,1
1151.522684402,1,1
1151.525316244,0,1
1151.525351978,0,0
1152.531430666,0,1
1152.533843686,0,0
1153.541446492,0,1
1153.543859762,0,0
1154.551462336,0,1
1154.553875604,0,0
1155.561478198,0,1
1155.563891466,0,0
1156.571494130,0,1
1156.573907400,0,0
1157.581509960,0,1
1157.583923228,0,0
1158.591525814,0,1
1158.593939082,0,0
1159.601541684,0,1
1159.603954952,0,0
1160.611557522,0,1
1160.613970792,0,0
1161.621573452,0,1
1161.622843004,1,1
1161.625474826,0,1
1161.625510472,0,0
1162.631589266,0,1
1162.634002284,0,0
1163.641605062,0,1
1163.644018330,0,0
1164.651620938,0,1
1164.654034208,0,0
1165.661636766,0,1
1165.664050034,0,0
1166.671652662,0,1
1166.674065932,0,0
1167.681668546,0,1
1167.684081814,0,0
1168.691684374,0,1
1168.694097642,0,0
1169.701700238,0,1
1169.704113508,0,0
1170.711716076,0,1
1170.714129344,0,0
1171.721731908,0,1
1171.723001588,1,1
1171.725633244,0,1
1171.725669178,0,0
1172.731747870,0,1
1172.734160888,0,0
1173.741763744,0,1
1173.744176762,0,0
1174.751779598,0,1
1174.754192616,0,0
1175.761795412,0,1
1175.764208430,0,0
1176.771811302,0,1
1176.774224322,0,0
1177.781827110,0,1
1177.784240130,0,0
1178.791842958,0,1
1178.794255978,0,0
1179.801858824,0,1
1179.804271842,0,0
1180.811874722,0,1
1180.814287742,0,0
1181.821890524,0,1
1181.823159956,1,1
1181.825791668,0,1
1181.825827542,0,0
1182.831906284,0,1
1182.834319304,0,0
1183.841922022,0,1
1183.844335292,0,0
1184.851937872,0,1
1184.854351140,0,0
1185.861953714,0,1
1185.864366982,0,0
1186.871969520,0,1
1186.874382790,0,0
1187.881985396,0,1
1187.884398666,0,0
1188.892001222,0,1
1188.894414490,0,0
1189.902017020,0,1
1189.904430288,0,0
1190.912032894,0,1
1190.914446162,0,0
1191.922048732,0,1
1191.923318350,1,1
1191.925950228,0,1
1191.925986000,0,0
1192.932064524,0,1
1192.934477544,0,0
1193.942080338,0,1
1193.944493608,0,0
1194.952096130,0,1
1194.954509398,0,0
1195.962112008,0,1
1195.964525278,0,0
1196.972127798,0,1
1196.974541066,0,0
1197.982143642,0,1
1197.984556910,0,0
1198.992159436,0,1
1198.994572704,0,0
1200.002175278,0,1
1200.004588546,0,0
1201.012191128,0,1
1201.014604396,0,0
1202.022206948,0,1
1202.023476566,1,1
1202.026108304,0,1
1202.026144216,0,0
1203.032222700,0,1
1203.034635968,0,0
1204.042238538,0,1
1204.044651806,0,0
1205.052254408,0,1
1205.054667676,0,0
1206.062270224,0,1
1206.064683492,0,0
1207.072286024,0,1
1207.074699292,0,0
1208.082301860,0,1
1208.084715128,0,0
1209.092317692,0,1
1209.094730962,0,0
1210.102333490,0,1
1210.104746760,0,0
1211.112349278,0,1
1211.114762298,0,0
1212.122365134,0,1
1212.123634738,1,1
1212.126266824,0,1
1212.126302402,0,0
1213.132380886,0,1
1213.134794154,0,0
1214.142396696,0,1
1214.144809966,0,0
1215.152412510,0,1
1215.154825778,0,0
1216.162428366,0,1
1216.164841384,0,0
1217.172444122,0,1
1217.174857142,0,0
1218.182459970,0,1
1218.184872988,0,0
1219.192475784,0,1
1219.194888802,0,0
1220.202491584,0,1
1220.204904602,0,0
1221.212507400,0,1
1221.213777078,1,1
1221.216408772,0,1
1221.216444670,0,0
1222.222523358,0,1
1222.224936376,0,0
1223.232539094,0,1
1223.234952362,0,0
1224.242554892,0,1
1224.244968162,0,0
1225.252570668,0,1
1225.254983938,0,0
1226.262586514,0,1
1226.264999782,0,0
1227.272602332,0,1
1227.275015600,0,0
1228.282618116,0,1
1228.285031386,0,0
1229.292633922,0,1
1229.295047192,0,0
1230.302649716,0,1
1230.305062984,0,0
1231.312665548,0,1
1231.313935002,1,1
1231.316567098,0,1
1231.316602818,0,0
1232.322681118,0,1
1232.325094388,0,0
1233.332696976,0,1
1233.335110246,0,0
1234.342712768,0,1
1234.345126038,0,0
1235.352728544,0,1
1235.355141812,0,0
1236.362744350,0,1
1236.365157618,0,0
1237.372760184,0,1
1237.375173204,0,0
1238.382775948,0,1
1238.385188968,0,0
1239.392791688,0,1
1239.395204706,0,0
1240.402807518,0,1
1240.405220536,0,0
1241.412823294,0,1
1241.414092972,1,1
1241.416724746,0,1
1241.416760562,0,0
1242.422839138,0,1
1242.425252406,0,0
1243.432854968,0,1
1243.435268238,0,0
1244.442870752,0,1
1244.445284020,0,0
1245.452886558,0,1
1245.455299826,0,0
1246.462902324,0,1
1246.465315592,0,0
1247.472918114,0,1
1247.475331384,0,0
1248.482933886,0,1
1248.485347154,0,0
1249.492949708,0,1
1249.495362976,0,0
1250.502965452,0,1
1250.505378470,0,0
1251.512981234,0,1
1251.514250734,1,1
1251.516882610,0,1
1251.516918504,0,0
1252.522996840,0,1
1252.525410110,0,0
1253.533012664,0,1
1253.535425934,0,0
1254.543028374,0,1
1254.545441642,0,0
1255.553044188,0,1
1255.555457458,0,0
1256.563060010,0,1
1256.565473028,0,0
1257.573075758,0,1
1257.575488776,0,0
1258.583091534,0,1
1258.585504552,0,0
1259.593107324,0,1
1259.595520344,0,0
1260.603123116,0,1
1260.605536134,0,0
1261.613138812,0,1
1261.614408572,1,1
1261.617040942,0,1
1261.617076332,0,0
1262.623154626,0,1
1262.625567894,0,0
1263.633170446,0,1
1263.635583714,0,0
1264.643186192,0,1
1264.645599460,0,0
1265.653201924,0,1
1265.655615192,0,0
1266.663217748,0,1
1266.665631016,0,0
1267.673233482,0,1
1267.675646500,0,0
1268.683249268,0,1
1268.685662288,0,0
1269.693265090,0,1
1269.695678108,0,0
1270.703280854,0,1
1270.705693872,0,0
1271.713296618,0,1
1271.714566186,1,1
1271.717197486,0,1
1271.717233888,0,0
1272.723312306,0,1
1272.725725574,0,0
1273.733328064,0,1
1273.735741332,0,0
1274.743343844,0,1
1274.745757112,0,0
1275.753359584,0,1
1275.755772602,0,0
1276.763375416,0,1
1276.765788436,0,0
1277.773391148,0,1
1277.775804166,0,0
1278.783406958,0,1
1278.785819976,0,0
1279.793422666,0,1
1279.795835684,0,0
1280.803438464,0,1
1280.805851482,0,0
1281.813454108,0,1
1281.814723766,1,1
1281.817355900,0,1
1281.817391376,0,0
1282.823469986,0,1
1282.825883256,0,0
1283.833485744,0,1
1283.835899012,0,0
1284.843501486,0,1
1284.845914756,0,0
1285.853517240,0,1
1285.855930508,0,0
1286.863533034,0,1
1286.865946304,0,0
1287.873548752,0,1
1287.875962020,0,0
1288.883564510,0,1
1288.885977778,0,0
1289.893580280,0,1
1289.895993300,0,0
1290.903596024,0,1
1290.906009042,0,0
1291.913611748,0,1
1291.914881292,1,1
1291.917513028,0,1
1291.917548766,0,0
1292.923627458,0,1
1292.926040726,0,0
1293.933643190,0,1
1293.936056458,0,0
1294.943658990,0,1
1294.946072258,0,0
1295.953674714,0,1
1295.956087984,0,0
1296.963690444,0,1
1296.966103712,0,0
1297.973706180,0,1
1297.976119450,0,0
1298.983721928,0,1
1298.986135196,0,0
1299.993737690,0,1
1299.996150708,0,0
1301.003753424,0,1
1301.006166442,0,0
1302.013769172,0,1
1302.015038634,1,1
1302.017670594,0,1
1302.017706440,0,0
1303.023784718,0,1
1303.026197986,0,0
1304.033800482,0,1
1304.036213750,0,0
1305.043816222,0,1
1305.046229492,0,0
1306.053831964,0,1
1306.056245232,0,0
1307.063847672,0,1
1307.066260692,0,0
1308.073863446,0,1
1308.076276464,0,0
1309.083879178,0,1
1309.086292196,0,0
1310.093894900,0,1
1310.096307918,0,0
1311.103910592,0,1
1311.106323860,0,0
1312.113926348,0,1
1312.115196020,1,1
1312.117827808,0,1
1312.117863618,0,0
1313.123942128,0,1
1313.126355398,0,0
1314.133957864,0,1
1314.136371132,0,0
1315.143973620,0,1
1315.146386888,0,0
1316.153989306,0,1
1316.156402574,0,0
1317.164005062,0,1
1317.166418330,0,0
1318.174020814,0,1
1318.176434082,0,0
1319.184036546,0,1
1319.186449564,0,0
1320.194052288,0,1
1320.196465308,0,0
1321.204068024,0,1
1321.205337542,1,1
1321.207969402,0,1
1321.208005292,0,0
1322.214083564,0,1
1322.216496832,0,0
1323.224099296,0,1
1323.226512564,0,0
1324.234115034,0,1
1324.236528304,0,0
1325.244130716,0,1
1325.246543736,0,0
1326.254146514,0,1
1326.256559534,0,0
1327.264162186,0,1
1327.266575204,0,0
1328.274177910,0,1
1328.276590928,0,0
1329.284193598,0,1
1329.286606866,0,0
1330.294209318,0,1
1330.296622586,0,0
1331.304225064,0,1
1331.305494770,1,1
1331.308126506,0,1
1331.308162584,0,0
1332.314240850,0,1
1332.316654120,0,0
1333.324256580,0,1
1333.326669850,0,0
1334.334272272,0,1
1334.336685540,0,0
1335.344287976,0,1
1335.346701244,0,0
1336.354303740,0,1
1336.356716758,0,0
1337.364319416,0,1
1337.366732434,0,0
1338.374335174,0,1
1338.376748192,0,0
1339.384350836,0,1
1339.386764106,0,0
1340.394366558,0,1
1340.396779826,0,0
1341.404382264,0,1
1341.405651834,1,1
1341.408283540,0,1
1341.408319534,0,0
1342.414397958,0,1
1342.416811226,0,0
1343.424413646,0,1
1343.426826914,0,0
1344.434429320,0,1
1344.436842590,0,0
1345.444445048,0,1
1345.446858316,0,0
1346.454460794,0,1
1346.456873812,0,0
1347.464476476,0,1
1347.466889494,0,0
1348.474492144,0,1
1348.476905162,0,0
1349.484507914,0,1
1349.486920932,0,0
1350.494523528,0,1
1350.496936796,0,0
1351.504539276,0,1
1351.505808806,1,1
1351.508440374,0,1
1351.508476544,0,0
1352.514554728,0,1
1352.516967996,0,0
1353.524570464,0,1
1353.526983732,0,0
1354.534586202,0,1
1354.536999470,0,0
1355.544601850,0,1
1355.547014868,0,0
1356.554617588,0,1
1356.557030606,0,0
1357.564633300,0,1
1357.567046320,0,0
1358.574648932,0,1
1358.577062200,0,0
1359.584664632,0,1
1359.587077900,0,0
1360.594680346,0,1
1360.597093614,0,0
1361.604696004,0,1
1361.605965798,1,1
1361.608598118,0,1
1361.608633522,0,0
1362.614711918,0,1
1362.617125186,0,0
1363.624727636,0,1
1363.627140904,0,0
1364.634743338,0,1
1364.637156606,0,0
1365.644758978,0,1
1365.647171996,0,0
1366.654774706,0,1
1366.657187724,0,0
1367.664790416,0,1
1367.667203434,0,0
1368.674806116,0,1
1368.677219136,0,0
1369.684821720,0,1
1369.687234990,0,0
1370.694837388,0,1
1370.697250658,0,0
1371.704853154,0,1
1371.706122608,1,1
1371.708754442,0,1
1371.708790172,0,0
1372.714868588,0,1
1372.717281856,0,0
1373.724884298,0,1
1373.727297566,0,0
1374.734899986,0,1
1374.737313006,0,0
1375.744915664,0,1
1375.747328682,0,0
1376.754931360,0,1
1376.757344378,0,0
1377.764947004,0,1
1377.767360272,0,0
1378.774962694,0,1
1378.777375964,0,0
1379.784978364,0,1
1379.787391632,0,0
1380.794994090,0,1
1380.797407110,0,0
1381.805009748,0,1
1381.806279424,1,1
1381.808911296,0,1
1381.808947016,0,0
1382.815025450,0,1
1382.817438718,0,0
1383.825041154,0,1
1383.827454424,0,0
1384.835056882,0,1
1384.837470150,0,0
1385.845072528,0,1
1385.847485546,0,0
1386.855088242,0,1
1386.857501260,0,0
1387.865103894,0,1
1387.867516914,0,0
1388.875119562,0,1
1388.877532580,0,0
1389.885135208,0,1
1389.887548476,0,0
1390.895150868,0,1
1390.897564136,0,0
1391.905166552,0,1
1391.906436122,1,1
1391.909068186,0,1
1391.909103822,0,0
1392.915182202,0,1
1392.917595470,0,0
1393.925197872,0,1
1393.927611140,0,0
1394.935213528,0,1
1394.937626796,0,0
1395.945229190,0,1
1395.947642208,0,0
1396.955244868,0,1
1396.957657886,0,0
1397.965260514,0,1
1397.967673530,0,0
1398.975276152,0,1
1398.977689420,0,0
1399.985291800,0,1
1399.987705068,0,0
1400.995307528,0,1
1400.997720546,0,0
1402.005323176,0,1
1402.006592700,1,1
1402.009225168,0,1
1402.009260444,0,0
1403.015338622,0,1
1403.017751892,0,0
1404.025354326,0,1
1404.027767594,0,0
1405.035370018,0,1
1405.037783036,0,0
1406.045385668,0,1
1406.047798688,0,0
1407.055401320,0,1
1407.057814338,0,0
1408.065417040,0,1
1408.067830060,0,0
1409.075432546,0,1
1409.077845814,0,0
1410.085448270,0,1
1410.087861538,0,0
1411.095463910,0,1
1411.097876928,0,0
1412.105479580,0,1
1412.106749270,1,1
1412.109381540,0,1
1412.109416848,0,0
1413.115495294,0,1
1413.117908562,0,0
1414.125510966,0,1
1414.127924234,0,0
1415.135526664,0,1
1415.137939932,0,0
1416.145542324,0,1
1416.147955342,0,0
1417.155557932,0,1
1417.157970952,0,0
1418.165573612,0,1
1418.167986630,0,0
1419.175589180,0,1
1419.178002450,0,0
1420.185604898,0,1
1420.188018166,0,0
1421.195620532,0,1
1421.196890068,1,1
1421.199522044,0,1
1421.199557802,0,0
1422.205635978,0,1
1422.208049246,0,0
1423.215651648,0,1
1423.218064916,0,0
1424.225667304,0,1
1424.228080322,0,0
1425.235682962,0,1
1425.238095980,0,0
1426.245698582,0,1
1426.248111600,0,0
1427.255714204,0,1
1427.258127472,0,0
1428.265729862,0,1
1428.268143130,0,0
1429.275745472,0,1
1429.278158490,0,0
1430.285761156,0,1
1430.288174174,0,0
1431.295776770,0,1
1431.297046594,1,1
1431.299678712,0,1
1431.299714288,0,0
1432.305792644,0,1
1432.308205914,0,0
1433.315808246,0,1
1433.318221514,0,0
1434.325823962,0,1
1434.328237230,0,0
1435.335839546,0,1
1435.338252564,0,0
1436.345855236,0,1
1436.348268256,0,0
1437.355870856,0,1
1437.358283874,0,0
1438.365886504,0,1
1438.368299522,0,0
1439.375902140,0,1
1439.378315158,0,0
1440.385917720,0,1
1440.388330988,0,0
1441.395933398,0,1
1441.397202850,1,1
1441.399834798,0,1
1441.399870668,0,0
1442.405948808,0,1
1442.408362076,0,0
1443.415964456,0,1
1443.418377724,0,0
1444.425980124,0,1
1444.428393142,0,0
1445.435995800,0,1
1445.438408818,0,0
1446.446011358,0,1
1446.448424376,0,0
1447.456026964,0,1
1447.458440232,0,0
1448.466042626,0,1
1448.468455894,0,0
1449.476058290,0,1
1449.478471310,0,0
1450.486073898,0,1
1450.488486918,0,0
1451.496089534,0,1
1451.497359210,1,1
1451.499990904,0,1
1451.500026804,0,0
1452.506105200,0,1
1452.508518466,0,0
1453.516120872,0,1
1453.518534140,0,0
1454.526136500,0,1
1454.528549768,0,0
1455.536152154,0,1
1455.538565172,0,0
1456.546167786,0,1
1456.548580804,0,0
1457.556183368,0,1
1457.558596386,0,0
1458.566199020,0,1
1458.568612038,0,0
1459.576214620,0,1
1459.578627888,0,0
1460.586230206,0,1
1460.588643474,0,0
1461.596245834,0,1
1461.597515400,1,1
1461.600147140,0,1
1461.600183104,0,0
1462.606261404,0,1
1462.608674672,0,0
1463.616277028,0,1
1463.618690046,0,0
1464.626292698,0,1
1464.628705716,0,0
1465.636308286,0,1
1465.638721304,0,0
1466.646323864,0,1
1466.648737132,0,0
1467.656339488,0,1
1467.658752758,0,0
1468.666355138,0,1
1468.668768406,0,0
1469.676370762,0,1
1469.678783780,0,0
1470.686386406,0,1
1470.688799424,0,0
1471.696401978,0,1
1471.697671496,1,1
1471.700303154,0,1
1471.700338996,0,0
1472.706417440,0,1
1472.708830708,0,0
1473.716433042,0,1
1473.718846312,0,0
1474.726448656,0,1
1474.728861674,0,0
1475.736464236,0,1
1475.738877254,0,0
1476.746479884,0,1
1476.748892902,0,0
1477.756495482,0,1
1477.758908750,0,0
1478.766511084,0,1
1478.768924352,0,0
1479.776526712,0,1
1479.778939730,0,0
1480.786542288,0,1
1480.788955308,0,0
1481.796557902,0,1
1481.797827584,1,1
1481.800459652,0,1
1481.800495170,0,0
1482.806573586,0,1
1482.808986854,0,0
1483.816589244,0,1
1483.819002512,0,0
1484.826604830,0,1
1484.829018098,0,0
1485.836620410,0,1
1485.839033428,0,0
1486.846636054,0,1
1486.849049072,0,0
1487.856651684,0,1
1487.859064702,0,0
1488.866667218,0,1
1488.869080486,0,0
1489.876682830,0,1
1489.879096098,0,0
1490.886698428,0,1
1490.889111696,0,0
1491.896714074,0,1
1491.897983578,1,1
1491.900615584,0,1
1491.900651092,0,0
1492.906729504,0,1
1492.909142772,0,0
1493.916745070,0,1
1493.919158338,0,0
1494.926760664,0,1
1494.929173682,0,0
1495.936776312,0,1
1495.939189330,0,0
1496.946791868,0,1
1496.949204888,0,0
1497.956807454,0,1
1497.959220722,0,0
1498.966823042,0,1
1498.969236310,0,0
1499.976838604,0,1
1499.979251622,0,0
1500.986854264,0,1
1500.989267282,0,0
1501.996869854,0,1
1501.998139548,1,1
1502.000771164,0,1
1502.000807122,0,0
1503.006885462,0,1
1503.009298730,0,0
1504.016901074,0,1
1504.019314342,0,0
1505.026916710,0,1
1505.029329978,0,0
1506.036932306,0,1
1506.039345324,0,0
1507.046947892,0,1
1507.049360912,0,0
1508.056963524,0,1
1508.059376544,0,0
1509.066979114,0,1
1509.069392132,0,0
1510.076994678,0,1
1510.079407946,0,0
1511.087010212,0,1
1511.089423480,0,0
1512.097025814,0,1
1512.098295398,1,1
1512.100927098,0,1
1512.100963082,0,0
1513.107041344,0,1
1513.109454612,0,0
1514.117056992,0,1
1514.119470260,0,0
1515.127072544,0,1
1515.129485562,0,0
1516.137088126,0,1
1516.139501144,0,0
1517.147103758,0,1
1517.149516776,0,0
1518.157119244,0,1
1518.159532512,0,0
1519.167134870,0,1
1519.169548138,0,0
1520.177150420,0,1
1520.179563438,0,0
1521.187166012,0,1
1521.188435544,1,1
1521.191067440,0,1
1521.191103030,0,0
1522.197181546,0,1
1522.199594814,0,0
1523.207197118,0,1
1523.209610386,0,0
1524.217212750,0,1
1524.219625768,0,0
1525.227228320,0,1
1525.229641336,0,0
1526.237243956,0,1
1526.239656974,0,0
1527.247259450,0,1
1527.249672718,0,0
1528.257275052,0,1
1528.259688320,0,0
1529.267290606,0,1
1529.269703626,0,0
1530.277306216,0,1
1530.279719234,0,0
1531.287321780,0,1
1531.288591338,1,1
1531.291223272,0,1
1531.291259048,0,0
1532.297337312,0,1
1532.299750580,0,0
1533.307352872,0,1
1533.309766140,0,0
1534.317368470,0,1
1534.319781488,0,0
1535.327384054,0,1
1535.329797072,0,0
1536.337399664,0,1
1536.339812682,0,0
1537.347415144,0,1
1537.349828412,0,0
1538.357430774,0,1
1538.359844042,0,0
1539.367446286,0,1
1539.369859304,0,0
1540.377461864,0,1
1540.379874882,0,0
1541.387477420,0,1
1541.388746952,1,1
1541.391378746,0,1
1541.391414688,0,0
1542.397492982,0,1
1542.399906250,0,0
1543.407508528,0,1
1543.409921796,0,0
1544.417524146,0,1
1544.419937164,0,0
1545.427539700,0,1
1545.429952718,0,0
1546.437555254,0,1
1546.439968272,0,0
1547.447570754,0,1
1547.449984020,0,0
1548.457586344,0,1
1548.459999612,0,0
1549.467601924,0,1
1549.470014942,0,0
1550.477617480,0,1
1550.480030498,0,0
1551.487633042,0,1
1551.488902614,1,1
1551.491534770,0,1
1551.491570310,0,0
1552.497648562,0,1
1552.500061832,0,0
1553.507664158,0,1
1553.510077426,0,0
1554.517679712,0,1
1554.520092730,0,0
1555.527695264,0,1
1555.530108282,0,0
1556.537710856,0,1
1556.540123876,0,0
1557.547726398,0,1
1557.550139668,0,0
1558.557741964,0,1
1558.560155232,0,0
1559.567757524,0,1
1559.570170792,0,0
1560.577773030,0,1
1560.580186048,0,0
1561.587788606,0,1
1561.589058160,1,1
1561.591690016,0,1
1561.591725876,0,0
1562.597804120,0,1
1562.600217388,0,0
1563.607819670,0,1
1563.610232940,0,0
1564.617835212,0,1
1564.620248232,0,0
1565.627850814,0,1
1565.630263834,0,0
1566.637866364,0,1
1566.640279382,0,0
1567.647881832,0,1
1567.650295100,0,0
1568.657897442,0,1
1568.660310708,0,0
1569.667913018,0,1
1569.670326036,0,0
1570.677928538,0,1
1570.680341556,0,0
1571.687944110,0,1
1571.689213582,1,1
1571.691845322,0,1
1571.691881378,0,0
1572.697959470,0,1
1572.700372738,0,0
1573.707975046,0,1
1573.710388314,0,0
1574.717990594,0,1
1574.720403612,0,0
1575.728006158,0,1
1575.730419176,0,0
1576.738021682,0,1
1576.740434700,0,0
1577.748037180,0,1
1577.750450448,0,0
1578.758052718,0,1
1578.760465986,0,0
1579.768068294,0,1
1579.770481312,0,0
1580.778083822,0,1
1580.780496840,0,0
1581.788099430,0,1
1581.789369062,1,1
1581.792000872,0,1
1581.792036700,0,0
1582.798114918,0,1
1582.800528186,0,0
1583.808130410,0,1
1583.810543678,0,0
1584.818145992,0,1
1584.820559010,0,0
1585.828161560,0,1
1585.830574580,0,0
1586.838177000,0,1
1586.840590270,0,0
1587.848192618,0,1
1587.850605886,0,0
1588.858208102,0,1
1588.860621120,0,0
1589.868223632,0,1
1589.870636650,0,0
1590.878239158,0,1
1590.880652426,0,0
1591.888254680,0,1
1591.889524344,1,1
1591.892156078,0,1
1591.892191948,0,0
1592.898270284,0,1
1592.900683552,0,0
1593.908285856,0,1
1593.910699124,0,0
1594.918301382,0,1
1594.920714400,0,0
1595.928316960,0,1
1595.930729978,0,0
1596.938332502,0,1
1596.940745520,0,0
1597.948347994,0,1
1597.950761262,0,0
1598.958363496,0,1
1598.960776764,0,0
1599.968379082,0,1
1599.970792100,0,0
1600.978394586,0,1
1600.980807604,0,0
1601.988410084,0,1
1601.989679630,1,1
1601.992311806,0,1
1601.992347102,0,0
1602.998425554,0,1
1603.000838824,0,0
1604.008441056,0,1
1604.010854324,0,0
1605.018456654,0,1
1605.020869672,0,0
1606.028472152,0,1
1606.030885170,0,0
1607.038487628,0,1
1607.040900896,0,0
1608.048503196,0,1
1608.050916466,0,0
1609.058518664,0,1
1609.060931682,0,0
1610.068534216,0,1
1610.070947234,0,0
1611.078549770,0,1
1611.080962788,0,0
1612.088565250,0,1
1612.089834800,1,1
1612.092466672,0,1
1612.092502518,0,0
1613.098580684,0,1
1613.100993952,0,0
1614.108596194,0,1
1614.111009462,0,0
1615.118611718,0,1
1615.121024736,0,0
1616.128627288,0,1
1616.131040306,0,0
1617.138642724,0,1
1617.141055992,0,0
1618.148658250,0,1
1618.151071518,0,0
1619.158673772,0,1
1619.161086790,0,0
1620.168689338,0,1
1620.171102356,0,0
1621.178704776,0,1
1621.179974444,1,1
1621.182606136,0,1
1621.182642044,0,0
1622.188720362,0,1
1622.191133630,0,0
1623.198735912,0,1
1623.201149180,0,0
1624.208751454,0,1
1624.211164472,0,0
1625.218766954,0,1
1625.221179974,0,0
1626.228782384,0,1
1626.231195652,0,0
1627.238797924,0,1
1627.241211192,0,0
1628.248813462,0,1
1628.251226482,0,0
1629.258829002,0,1
1629.261242018,0,0
1630.268844528,0,1
1630.271257546,0,0
1631.278859954,0,1
1631.280129520,1,1
1631.282761456,0,1
1631.282797222,0,0
1632.288875400,0,1
1632.291288668,0,0
1633.298890940,0,1
1633.301304208,0,0
1634.308906444,0,1
1634.311319462,0,0
1635.318921978,0,1
1635.321334996,0,0
1636.328937408,0,1
1636.331350676,0,0
1637.338952944,0,1
1637.341366214,0,0
1638.348968434,0,1
1638.351381452,0,0
1639.358983942,0,1
1639.361396960,0,0
1640.368999430,0,1
1640.371412698,0,0
1641.379014926,0,1
1641.380284472,1,1
1641.382916924,0,1
1641.382952194,0,0
1642.389030372,0,1
1642.391443640,0,0
1643.399045906,0,1
1643.401459174,0,0
1644.409061444,0,1
1644.411474462,0,0
1645.419076920,0,1
1645.421489938,0,0
1646.429092354,0,1
1646.431505622,0,0
1647.439107882,0,1
1647.441521150,0,0
1648.449123414,0,1
1648.451536432,0,0
1649.459138920,0,1
1649.461551940,0,0
1650.469154360,0,1
1650.471567628,0,0
1651.479169850,0,1
1651.480439484,1,1
1651.483071226,0,1
1651.483107118,0,0
1652.489185312,0,1
1652.491598582,0,0
1653.499200796,0,1
1653.501614064,0,0
1654.509216350,0,1
1654.511629368,0,0
1655.519231794,0,1
1655.521645062,0,0
1656.529247320,0,1
1656.531660588,0,0
1657.539262764,0,1
1657.541675782,0,0
1658.549278326,0,1
1658.551691344,0,0
1659.559293740,0,1
1659.561707008,0,0
1660.569309274,0,1
1660.571722542,0,0
1661.579324732,0,1
1661.580594324,1,1
1661.583226126,0,1
1661.583262000,0,0
1662.589340136,0,1
1662.591753404,0,0
1663.599355708,0,1
1663.601768726,0,0
1664.609371160,0,1
1664.611784178,0,0
1665.619386710,0,1
1665.621799728,0,0
1666.629402094,0,1
1666.631815362,0,0
1667.639417616,0,1
1667.641830884,0,0
1668.649433126,0,1
1668.651846146,0,0
1669.659448600,0,1
1669.661861618,0,0
1670.669464008,0,1
1670.671877276,0,0
1671.679479542,0,1
1671.680749242,1,1
1671.683380830,0,1
1671.683417060,0,0
1672.689495134,0,1
1672.691908402,0,0
1673.699510558,0,1
1673.701923826,0,0
1674.709526100,0,1
1674.711939118,0,0
1675.719541590,0,1
1675.721954608,0,0
1676.729556994,0,1
1676.731970262,0,0
1677.739572496,0,1
1677.741985764,0,0
1678.749587974,0,1
1678.752000992,0,0
1679.759603482,0,1
1679.762016500,0,0
1680.769618888,0,1
1680.772032156,0,0
1681.779634382,0,1
1681.780903970,1,1
1681.783535988,0,1
1681.783571650,0,0
1682.789649864,0,1
1682.792063132,0,0
1683.799665288,0,1
1683.802078556,0,0
1684.809680850,0,1
1684.812093868,0,0
1685.819696280,0,1
1685.822109298,0,0
1686.829711678,0,1
1686.832124946,0,0
1687.839727212,0,1
1687.842140480,0,0
1688.849742716,0,1
1688.852155734,0,0
1689.859758164,0,1
1689.862171182,0,0
1690.869773588,0,1
1690.872186856,0,0
1691.879789074,0,1
1691.881058590,1,1
1691.883690414,0,1
1691.883726342,0,0
1692.889804370,0,1
1692.892217638,0,0
1693.899819842,0,1
1693.902232860,0,0
1694.909835378,0,1
1694.912248396,0,0
1695.919850732,0,1
1695.922264000,0,0
1696.929866246,0,1
1696.932279514,0,0
1697.939881746,0,1
1697.942294762,0,0
1698.949897188,0,1
1698.952310206,0,0
1699.959912566,0,1
1699.962325834,0,0
1700.969928088,0,1
1700.972341356,0,0
1701.979943602,0,1
1701.981213308,1,1
1701.983845664,0,1
1701.983881120,0,0
1702.989959120,0,1
1702.992372388,0,0
1703.999974558,0,1
1704.002387576,0,0
1705.009990046,0,1
1705.012403064,0,0
1706.020005460,0,1
1706.022418728,0,0
1707.030020940,0,1
1707.032434208,0,0
1708.040036384,0,1
1708.042449402,0,0
1709.050051910,0,1
1709.052464928,0,0
1710.060067298,0,1
1710.062480566,0,0
1711.070082780,0,1
1711.072496048,0,0
1712.080098280,0,1
1712.081367864,1,1
1712.083999612,0,1
1712.084035548,0,0
1713.090113682,0,1
1713.092526950,0,0
1714.100129134,0,1
1714.102542152,0,0
1715.110144594,0,1
1715.112557612,0,0
1716.120160016,0,1
1716.122573284,0,0
1717.130175492,0,1
1717.132588760,0,0
1718.140190972,0,1
1718.142603990,0,0
1719.150206404,0,1
1719.152619672,0,0
1720.160221828,0,1
1720.162635096,0,0
1721.170237286,0,1
1721.171507006,1,1
1721.174138966,0,1
1721.174174554,0,0
1722.180252826,0,1
1722.182666094,0,0
1723.190268308,0,1
1723.192681576,0,0
1724.200283800,0,1
1724.202696818,0,0
1725.210299226,0,1
1725.212712244,0,0
1726.220314642,0,1
1726.222727910,0,0
1727.230330088,0,1
1727.232743358,0,0
1728.240345580,0,1
1728.242758596,0,0
1729.250361052,0,1
1729.252774068,0,0
1730.260376464,0,1
1730.262789732,0,0
1731.270391902,0,1
1731.271661386,1,1
1731.274293058,0,1
1731.274328918,0,0
1732.280407214,0,1
1732.282820482,0,0
1733.290422646,0,1
1733.292835664,0,0
1734.300438094,0,1
1734.302851112,0,0
1735.310453496,0,1
1735.312866764,0,0
1736.320468972,0,1
1736.322882238,0,0
1737.330484426,0,1
1737.332897444,0,0
1738.340499868,0,1
1738.342912888,0,0
1739.350515240,0,1
1739.352928508,0,0
1740.360530730,0,1
1740.362943998,0,0
1741.370546196,0,1
1741.371815820,1,1
1741.374447496,0,1
1741.374483464,0,0
1742.380561562,0,1
1742.382974830,0,0
1743.390576996,0,1
1743.392990014,0,0
1744.400592466,0,1
1744.403005484,0,0
1745.410607914,0,1
1745.413021182,0,0
1746.420623332,0,1
1746.423036602,0,0
1747.430638800,0,1
1747.433051818,0,0
1748.440654260,0,1
1748.443067278,0,0
1749.450669632,0,1
1749.453082900,0,0
1750.460685084,0,1
1750.463098352,0,0
1751.470700476,0,1
1751.471970184,1,1
1751.474602058,0,1
1751.474637994,0,0
1752.480716020,0,1
1752.483129288,0,0
1753.490731506,0,1
1753.493144524,0,0
1754.500746912,0,1
1754.503159930,0,0
1755.510762332,0,1
1755.513175600,0,0
1756.520777778,0,1
1756.523191046,0,0
1757.530793176,0,1
1757.533206194,0,0
1758.540808636,0,1
1758.543221654,0,0
1759.550824006,0,1
1759.553237274,0,0
1760.560839508,0,1
1760.563252776,0,0
1761.570854896,0,1
1761.572124424,1,1
1761.574756418,0,1
1761.574792162,0,0
1762.580870158,0,1
1762.583283426,0,0
1763.590885600,0,1
1763.593298618,0,0
1764.600901028,0,1
1764.603314046,0,0
1765.610916436,0,1
1765.613329704,0,0
1766.620931852,0,1
1766.623345118,0,0
1767.630947310,0,1
1767.633360328,0,0
1768.640962718,0,1
1768.643375986,0,0
1769.650978140,0,1
1769.653391408,0,0
1770.660993548,0,1
1770.663406566,0,0
1771.671009044,0,1
1771.672278750,1,1
1771.674910504,0,1
1771.674946560,0,0
1772.681024534,0,1
1772.683437802,0,0
1773.691039958,0,1
1773.693453226,0,0
1774.701055376,0,1
1774.703468394,0,0
1775.711070816,0,1
1775.713483834,0,0
1776.721086188,0,1
1776.723499456,0,0
1777.731101630,0,1
1777.733514898,0,0
1778.741117030,0,1
1778.743530048,0,0
1779.751132514,0,1
1779.753545532,0,0
1780.761147872,0,1
1780.763561140,0,0
1781.771163340,0,1
1781.772433008,1,1
1781.775064944,0,1
1781.775100608,0,0
1782.781178830,0,1
1782.783592098,0,0
1783.791194244,0,1
1783.793607512,0,0
1784.801209724,0,1
1784.803622742,0,0
1785.811225074,0,1
1785.813638092,0,0
1786.821240484,0,1
1786.823653752,0,0
1787.831255882,0,1
1787.833669150,0,0
1788.841271302,0,1
1788.843684320,0,0
1789.851286756,0,1
1789.853699774,0,0
1790.861302118,0,1
1790.863715388,0,0
1791.871317546,0,1
1791.872587300,1,1
1791.875219496,0,1
1791.875255064,0,0
1792.881333048,0,1
1792.883746316,0,0
1793.891348462,0,1
1793.893761730,0,0
1794.901363886,0,1
1794.903776904,0,0
1795.911379290,0,1
1795.913792308,0,0
1796.921394652,0,1
1796.923807920,0,0
1797.931410102,0,1
1797.933823370,0,0
1798.941425532,0,1
1798.943838550,0,0
1799.951440940,0,1
1799.953853958,0,0
1800.961456400,0,1
1800.963869416,0,0
1801.971471704,0,1
1801.972741472,1,1
1801.975373036,0,1
1801.975408972,0,0
1802.981487220,0,1
1802.983900488,0,0
1803.991502620,0,1
1803.993915888,0,0
1805.001518054,0,1
1805.003931072,0,0
1806.011533452,0,1
1806.013946470,0,0
1807.021548776,0,1
1807.023962044,0,0
1808.031564248,0,1
1808.033977516,0,0
1809.041579676,0,1
1809.043992694,0,0
1810.051595052,0,1
1810.054008070,0,0
1811.061610482,0,1
1811.064023500,0,0
1812.071625860,0,1
1812.072895580,1,1
1812.075527880,0,1
1812.075563378,0,0
1813.081641294,0,1
1813.084054560,0,0
1814.091656798,0,1
1814.094070064,0,0
1815.101672122,0,1
1815.104085390,0,0
1816.111687574,0,1
1816.114100592,0,0
1817.121703000,0,1
1817.124116018,0,0
1818.131718378,0,1
1818.134131396,0,0
1819.141733708,0,1
1819.144146976,0,0
1820.151749168,0,1
1820.154162436,0,0
1821.161764574,0,1
1821.163034314,1,1
1821.165665980,0,1
1821.165702092,0,0
1822.171780082,0,1
1822.174193350,0,0
1823.181795462,0,1
1823.184208730,0,0
1824.191810874,0,1
1824.194224142,0,0
1825.201826256,0,1
1825.204239274,0,0
1826.211841656,0,1
1826.214254674,0,0
1827.221857108,0,1
1827.224270126,0,0
1828.231872476,0,1
1828.234285492,0,0
1829.241887814,0,1
1829.244301082,0,0
1830.251903220,0,1
1830.254316488,0,0
1831.261918618,0,1
1831.263188332,1,1
1831.265820376,0,1
1831.265856136,0,0
1832.271934104,0,1
1832.274347372,0,0
1833.281949538,0,1
1833.284362806,0,0
1834.291964960,0,1
1834.294378228,0,0
1835.301980330,0,1
1835.304393598,0,0
1836.311995698,0,1
1836.314408716,0,0
1837.322011198,0,1
1837.324424216,0,0
1838.332026560,0,1
1838.334439578,0,0
1839.342041910,0,1
1839.344454928,0,0
1840.352057270,0,1
1840.354470538,0,0
1841.362072664,0,1
1841.363342338,1,1
1841.365974110,0,1
1841.366009932,0,0
1842.372088154,0,1
1842.374501422,0,0
1843.382103552,0,1
1843.384516820,0,0
1844.392118944,0,1
1844.394532210,0,0
1845.402134330,0,1
1845.404547346,0,0
1846.412149746,0,1
1846.414562764,0,0
1847.422165168,0,1
1847.424578186,0,0
1848.432180562,0,1
1848.434593580,0,0
1849.442195950,0,1
1849.444608968,0,0
1850.452211366,0,1
1850.454624384,0,0
1851.462226740,0,1
1851.463496250,1,1
1851.466128290,0,1
1851.466164008,0,0
1852.472241946,0,1
1852.474655214,0,0
1853.482257312,0,1
1853.484670582,0,0
1854.492272734,0,1
1854.494686002,0,0
1855.502288116,0,1
1855.504701384,0,0
1856.512303472,0,1
1856.514716738,0,0
1857.522318860,0,1
1857.524732128,0,0
1858.532334316,0,1
1858.534747334,0,0
1859.542349694,0,1
1859.544762712,0,0
1860.552365072,0,1
1860.554778090,0,0
1861.562380474,0,1
1861.563650130,1,1
1861.566281824,0,1
1861.566317742,0,0
1862.572395806,0,1
1862.574809074,0,0
1863.582411142,0,1
1863.584824410,0,0
1864.592426566,0,1
1864.594839834,0,0
1865.602441952,0,1
1865.604855220,0,0
1866.612457344,0,1
1866.614870612,0,0
1867.622472742,0,1
1867.624885760,0,0
1868.632488110,0,1
1868.634901128,0,0
1869.642503508,0,1
1869.644916524,0,0
1870.652518860,0,1
1870.654931876,0,0
1871.662534226,0,1
1871.663803930,1,1
1871.666435442,0,1
1871.666471494,0,0
1872.672549686,0,1
1872.674962952,0,0
1873.682565094,0,1
1873.684978364,0,0
1874.692580480,0,1
1874.694993748,0,0
1875.702595880,0,1
1875.705009148,0,0
1876.712611228,0,1
1876.715024496,0,0
1877.722626628,0,1
1877.725039896,0,0
1878.732641986,0,1
1878.735055252,0,0
1879.742657384,0,1
1879.745070652,0,0
1880.752672706,0,1
1880.755085724,0,0
1881.762688100,0,1
1881.763957618,1,1
1881.766589264,0,1
1881.766625368,0,0
1882.772703306,0,1
1882.775116574,0,0
1883.782718674,0,1
1883.785131942,0,0
1884.792734092,0,1
1884.795147360,0,0
1885.802749440,0,1
1885.805162708,0,0
1886.812764860,0,1
1886.815178128,0,0
1887.822780216,0,1
1887.825193234,0,0
1888.832795580,0,1
1888.835208598,0,0
1889.842810974,0,1
1889.845223992,0,0
1890.852826344,0,1
1890.855239362,0,0
1891.862841736,0,1
1891.864111388,1,1
1891.866742960,0,1
1891.866779004,0,0
1892.872857012,0,1
1892.875270280,0,0
1893.882872398,0,1
1893.885285664,0,0
1894.892887756,0,1
1894.895301024,0,0
1895.902903140,0,1
1895.905316408,0,0
1896.912918514,0,1
1896.915331782,0,0
1897.922933898,0,1
1897.925346916,0,0
1898.932949208,0,1
1898.935362226,0,0
1899.942964594,0,1
1899.945377612,0,0
1900.952980000,0,1
1900.955393018,0,0
1901.962995354,0,1
1901.964264984,1,1
1901.966896974,0,1
1901.966932622,0,0
1902.973010688,0,1
1902.975423958,0,0
1903.983026020,0,1
1903.985439286,0,0
1904.993041390,0,1
1904.995454658,0,0
1906.003056784,0,1
1906.005469802,0,0
1907.013072160,0,1
1907.015485178,0,0
1908.023087480,0,1
1908.025500498,0,0
1909.033102926,0,1
1909.035515944,0,0
1910.043118232,0,1
1910.045531250,0,0
1911.053133528,0,1
1911.055546796,0,0
1912.063148886,0,1
1912.064418626,1,1
1912.067050390,0,1
1912.067086404,0,0
1913.073164344,0,1
1913.075577612,0,0
1914.083179708,0,1
1914.085592974,0,0
1915.093195054,0,1
1915.095608320,0,0
1916.103210386,0,1
1916.105623654,0,0
1917.113225764,0,1
1917.115639032,0,0
1918.123241164,0,1
1918.125654182,0,0
1919.133256514,0,1
1919.135669532,0,0
1920.143271888,0,1
1920.145684906,0,0
1921.153287234,0,1
1921.154556768,1,1
1921.157188944,0,1
1921.157224252,0,0
1922.163302388,0,1
1922.165715656,0,0
1923.173317688,0,1
1923.175730954,0,0
1924.183333070,0,1
1924.185746338,0,0
1925.193348462,0,1
1925.195761480,0,0
1926.203363796,0,1
1926.205776814,0,0
1927.213379206,0,1
1927.215792224,0,0
1928.223394500,0,1
1928.225807516,0,0
1929.233409802,0,1
1929.235823070,0,0
1930.243425164,0,1
1930.245838432,0,0
1931.253440540,0,1
1931.254710314,1,1
1931.257342292,0,1
1931.257377808,0,0
1932.263455932,0,1
1932.265869200,0,0
1933.273471278,0,1
1933.275884546,0,0
1934.283486636,0,1
1934.285899904,0,0
1935.293501998,0,1
1935.295915266,0,0
1936.303517346,0,1
1936.305930364,0,0
1937.313532676,0,1
1937.315945694,0,0
1938.323548032,0,1
1938.325961050,0,0
1939.333563412,0,1
1939.335976430,0,0
1940.343578766,0,1
1940.345991784,0,0
1941.353594074,0,1
1941.354863718,1,1
1941.357495270,0,1
1941.357531342,0,0
1942.363609358,0,1
1942.366022626,0,0
1943.373624722,0,1
1943.376037990,0,0
1944.383640078,0,1
1944.386053344,0,0
1945.393655408,0,1
1945.396068676,0,0
1946.403670756,0,1
1946.406084022,0,0
1947.413686110,0,1
1947.416099128,0,0
1948.423701502,0,1
1948.426114520,0,0
1949.433716818,0,1
1949.436129836,0,0
1950.443732124,0,1
1950.446145140,0,0
1951.453747478,0,1
1951.455017108,1,1
1951.457648912,0,1
1951.457684746,0,0
1952.463762770,0,1
1952.466176038,0,0
1953.473778136,0,1
1953.476191404,0,0
1954.483793504,0,1
1954.486206772,0,0
1955.493808852,0,1
1955.496222120,0,0
1956.503824120,0,1
1956.506237138,0,0
1957.513839534,0,1
1957.516252552,0,0
1958.523854882,0,1
1958.526267900,0,0
1959.533870158,0,1
1959.536283174,0,0
1960.543885428,0,1
1960.546298696,0,0
1961.553900778,0,1
1961.555170514,1,1
1961.557802812,0,1
1961.557838294,0,0
1962.563916240,0,1
1962.566329506,0,0
1963.573931560,0,1
1963.576344828,0,0
1964.583946840,0,1
1964.586360108,0,0
1965.593962204,0,1
1965.596375472,0,0
1966.603977518,0,1
1966.606390786,0,0
1967.613992918,0,1
1967.616405936,0,0
1968.624008234,0,1
1968.626421252,0,0
1969.634023580,0,1
1969.636436598,0,0
1970.644038836,0,1
1970.646452102,0,0
1971.654054156,0,1
1971.655323734,1,1
1971.657955240,0,1
1971.657991424,0,0
1972.664069432,0,1
1972.666482700,0,0
1973.674084776,0,1
1973.676498044,0,0
1974.684100102,0,1
1974.686513370,0,0
1975.694115454,0,1
1975.696528720,0,0
1976.704130806,0,1
1976.706544074,0,0
1977.714146076,0,1
1977.716559094,0,0
1978.724161436,0,1
1978.726574454,0,0
1979.734176750,0,1
1979.736589768,0,0
1980.744192120,0,1
1980.746605138,0,0
1981.754207450,0,1
1981.755477064,1,1
1981.758108802,0,1
1981.758144716,0,0
1982.764222686,0,1
1982.766635954,0,0
1983.774237986,0,1
1983.776651254,0,0
1984.784253318,0,1
1984.786666586,0,0
1985.794268700,0,1
1985.796681968,0,0
1986.804284014,0,1
1986.806697282,0,0
1987.814299300,0,1
1987.816712318,0,0
1988.824314690,0,1
1988.826727706,0,0
1989.834329988,0,1
1989.836743006,0,0
1990.844345320,0,1
1990.846758336,0,0
1991.854360644,0,1
1991.855630216,1,1
1991.858261998,0,1
1991.858297912,0,0
1992.864375928,0,1
1992.866789196,0,0
1993.874391214,0,1
1993.876804482,0,0
1994.884406562,0,1
1994.886819828,0,0
1995.894421900,0,1
1995.896835168,0,0
1996.904437204,0,1
1996.906850222,0,0
1997.914452516,0,1
1997.916865534,0,0
1998.924467872,0,1
1998.926880890,0,0
1999.934483156,0,1
1999.936896174,0,0
2000.944498498,0,1
2000.946911516,0,0
2001.954513770,0,1
2001.955783304,1,1
2001.958415194,0,1
2001.958451038,0,0
2002.964529024,0,1
2002.966942292,0,0
2003.974544318,0,1
2003.976957586,0,0
2004.984559634,0,1
2004.986972902,0,0
2005.994574950,0,1
2005.996988218,0,0
2007.004590276,0,1
2007.007003544,0,0
2008.014605588,0,1
2008.017018604,0,0
2009.024620918,0,1
2009.027033934,0,0
2010.034636276,0,1
2010.037049294,0,0
2011.044651594,0,1
2011.047064610,0,0
2012.054666890,0,1
2012.055936496,1,1
2012.058568280,0,1
2012.058604158,0,0
2013.064682154,0,1
2013.067095422,0,0
2014.074697462,0,1
2014.077110730,0,0
2015.084712780,0,1
2015.087126048,0,0
2016.094728046,0,1
2016.097141314,0,0
2017.104743330,0,1
2017.107156348,0,0
2018.114758718,0,1
2018.117171736,0,0
2019.124774012,0,1
2019.127187030,0,0
2020.134789314,0,1
2020.137202332,0,0
2021.144804616,0,1
2021.146074188,1,1
2021.148706052,0,1
2021.148741882,0,0
2022.154819912,0,1
2022.157233180,0,0
2023.164835206,0,1
2023.167248474,0,0
2024.174850466,0,1
2024.177263734,0,0
2025.184865786,0,1
2025.187279052,0,0
2026.194881098,0,1
2026.197294116,0,0
2027.204896436,0,1
2027.207309454,0,0
2028.214911754,0,1
2028.217324772,0,0
2029.224927050,0,1
2029.227340068,0,0
2030.234942310,0,1
2030.237355328,0,0
2031.244957610,0,1
2031.246227292,1,1
2031.248859498,0,1
2031.248894878,0,0
2032.254973016,0,1
2032.257386284,0,0
2033.264988282,0,1
2033.267401550,0,0
2034.275003536,0,1
2034.277416802,0,0
2035.285018898,0,1
2035.287432166,0,0
2036.295034190,0,1
2036.297447456,0,0
2037.305049490,0,1
2037.307462506,0,0
2038.315064786,0,1
2038.317477804,0,0
2039.325080114,0,1
2039.327493130,0,0
2040.335095440,0,1
2040.337508458,0,0
2041.345110694,0,1
2041.346380208,1,1
2041.349011990,0,1
2041.349047960,0,0
2042.355125824,0,1
2042.357539092,0,0
2043.365141136,0,1
2043.367554404,0,0
2044.375156416,0,1
2044.377569684,0,0
2045.385171750,0,1
2045.387584766,0,0
2046.395187030,0,1
2046.397600048,0,0
2047.405202312,0,1
2047.407615330,0,0
2048.415217582,0,1
2048.417630598,0,0
2049.425232936,0,1
2049.427645954,0,0
2050.435248098,0,1
2050.437661366,0,0
2051.445263476,0,1
2051.446533098,1,1
2051.449165042,0,1
2051.449200744,0,0
2052.455278694,0,1
2052.457691962,0,0
2053.465293972,0,1
2053.467707240,0,0
2054.475309284,0,1
2054.477722552,0,0
2055.485324568,0,1
2055.487737586,0,0
2056.495339880,0,1
2056.497752898,0,0
2057.505355162,0,1
2057.507768178,0,0
2058.515370492,0,1
2058.517783510,0,0
2059.525385684,0,1
2059.527798952,0,0
2060.535401024,0,1
2060.537814292,0,0
2061.545416304,0,1
2061.546685886,1,1
2061.549317922,0,1
2061.549353570,0,0
2062.555431518,0,1
2062.557844786,0,0
2063.565446812,0,1
2063.567860080,0,0
2064.575462108,0,1
2064.577875376,0,0
2065.585477400,0,1
2065.587890418,0,0
2066.595492650,0,1
2066.597905668,0,0
2067.605507964,0,1
2067.607920982,0,0
2068.615523210,0,1
2068.617936228,0,0
2069.625538468,0,1
2069.627951736,0,0
2070.635553804,0,1
2070.637967072,0,0
2071.645569050,0,1
2071.646838508,1,1
2071.649470184,0,1
2071.649506318,0,0
2072.655584160,0,1
2072.657997428,0,0
2073.665599446,0,1
2073.668012714,0,0
2074.675614730,0,1
2074.678027748,0,0
2075.685630020,0,1
2075.688043038,0,0
2076.695645316,0,1
2076.698058332,0,0
2077.705660554,0,1
2077.708073822,0,0
2078.715675816,0,1
2078.718089084,0,0
2079.725691078,0,1
2079.728104346,0,0
2080.735706404,0,1
2080.738119420,0,0
2081.745721678,0,1
2081.746991272,1,1
2081.749623550,0,1
2081.749658944,0,0
2082.755736860,0,1
2082.758150128,0,0
2083.765752162,0,1
2083.768165430,0,0
2084.775767410,0,1
2084.778180428,0,0
2085.785782710,0,1
2085.788195728,0,0
2086.795797996,0,1
2086.798211012,0,0
2087.805813238,0,1
2087.808226506,0,0
2088.815828516,0,1
2088.818241782,0,0
2089.825843748,0,1
2089.828257016,0,0
2090.835859042,0,1
2090.838272060,0,0
2091.845874334,0,1
2091.847143888,1,1
2091.849775408,0,1
2091.849811352,0,0
2092.855889570,0,1
2092.858302838,0,0
2093.865904834,0,1
2093.868318100,0,0
2094.875920142,0,1
2094.878333160,0,0
2095.885935352,0,1
2095.888348620,0,0
2096.895950600,0,1
2096.898363866,0,0
2097.905965886,0,1
2097.908379154,0,0
2098.915981148,0,1
2098.918394166,0,0
2099.925996442,0,1
2099.928409460,0,0
2100.936011610,0,1
2100.938424878,0,0
2101.946026902,0,1
2101.947296444,1,1
2101.949927972,0,1
2101.949963918,0,0
2102.956042158,0,1
2102.958455426,0,0
2103.966057418,0,1
2103.968470686,0,0
2104.976072694,0,1
2104.978485712,0,0
2105.986087964,0,1
2105.988500980,0,0
2106.996103190,0,1
2106.998516458,0,0
2108.006118406,0,1
2108.008531674,0,0
2109.016133728,0,1
2109.018546746,0,0
2110.026148946,0,1
2110.028561964,0,0
2111.036164198,0,1
2111.038577214,0,0
2112.046179420,0,1
2112.047449000,1,1
2112.050080822,0,1
2112.050116688,0,0
2113.056194644,0,1
2113.058607912,0,0
2114.066209924,0,1
2114.068622942,0,0
2115.076225178,0,1
2115.078638194,0,0
2116.086240408,0,1
2116.088653426,0,0
2117.096255678,0,1
2117.098668946,0,0
2118.106270958,0,1
2118.108683974,0,0
2119.116286142,0,1
2119.118699160,0,0
2120.126301350,0,1
2120.128714618,0,0
2121.136316608,0,1
2121.138729874,0,0
2122.146331900,0,1
2122.147601428,1,1
2122.150233226,0,1
2122.150268918,0,0
2123.156347038,0,1
2123.158760306,0,0
2124.166362236,0,1
2124.168775252,0,0
2125.176377500,0,1
2125.178790518,0,0
2126.186392746,0,1
2126.188806012,0,0
2127.196407968,0,1
2127.198821236,0,0
2128.206423256,0,1
2128.208836274,0,0
2129.216438514,0,1
2129.218851532,0,0
2130.226453694,0,1
2130.228866962,0,0
2131.236468946,0,1
2131.237738712,1,1
2131.240370322,0,1
2131.240406212,0,0
2132.246484280,0,1
2132.248897548,0,0
2133.256499562,0,1
2133.258912580,0,0
2134.266514816,0,1
2134.268927832,0,0
2135.276529998,0,1
2135.278943266,0,0
2136.286545246,0,1
2136.288958514,0,0
2137.296560500,0,1
2137.298973518,0,0
2138.306575764,0,1
2138.308988782,0,0
2139.316590998,0,1
2139.319004266,0,0
2140.326606268,0,1
2140.329019536,0,0
2141.336621462,0,1
2141.337891080,1,1
2141.340522780,0,1
2141.340558730,0,0
2142.346636730,0,1
2142.349049998,0,0
2143.356651922,0,1
2143.359064940,0,0
2144.366667198,0,1
2144.369080216,0,0
2145.376682396,0,1
2145.379095662,0,0
2146.386697612,0,1
2146.389110880,0,0
2147.396712930,0,1
2147.399125946,0,0
2148.406728150,0,1
2148.409141166,0,0
2149.416743346,0,1
2149.419156614,0,0
2150.426758586,0,1
2150.429171602,0,0
2151.436773826,0,1
2151.438043432,1,1
2151.440675446,0,1
2151.440711094,0,0
2152.446789022,0,1
2152.449202290,0,0
2153.456804298,0,1
2153.459217316,0,0
2154.466819552,0,1
2154.469232570,0,0
2155.476834698,0,1
2155.479247966,0,0
2156.486849996,0,1
2156.489263262,0,0
2157.496865232,0,1
2157.499278248,0,0
2158.506880406,0,1
2158.509293674,0,0
2159.516895626,0,1
2159.519308894,0,0
2160.526910874,0,1
2160.529323892,0,0
2161.536926188,0,1
2161.538195778,1,1
2161.540827298,0,1
2161.540863456,0,0
2162.546941334,0,1
2162.549354602,0,0
2163.556956610,0,1
2163.559369628,0,0
2164.566971866,0,1
2164.569384884,0,0
2165.576987042,0,1
2165.579400310,0,0
2166.587002266,0,1
2166.589415532,0,0
2167.597017528,0,1
2167.599430544,0,0
2168.607032766,0,1
2168.609445784,0,0
2169.617047948,0,1
2169.619461216,0,0
2170.627063170,0,1
2170.629476188,0,0
2171.637078456,0,1
2171.638347990,1,1
2171.640979848,0,1
2171.641015722,0,0
2172.647093496,0,1
2172.649506762,0,0
2173.657108748,0,1
2173.659521766,0,0
2174.667123952,0,1
2174.669536970,0,0
2175.677139124,0,1
2175.679552392,0,0
2176.687154388,0,1
2176.689567404,0,0
2177.697169640,0,1
2177.699582658,0,0
2178.707184776,0,1
2178.709598042,0,0
2179.717200034,0,1
2179.719613052,0,0
2180.727215312,0,1
2180.729628328,0,0
2181.737230510,0,1
2181.738500250,1,1
2181.741131962,0,1
2181.741167776,0,0
2182.747245764,0,1
2182.749659032,0,0
2183.757261024,0,1
2183.759674042,0,0
2184.767276254,0,1
2184.769689272,0,0
2185.777291438,0,1
2185.779704706,0,0
2186.787306658,0,1
2186.789719674,0,0
2187.797321894,0,1
2187.799734912,0,0
2188.807337132,0,1
2188.809750400,0,0
2189.817352334,0,1
2189.819765600,0,0
2190.827367562,0,1
2190.829780580,0,0
2191.837382720,0,1
2191.838652410,1,1
2191.841284336,0,1
2191.841319986,0,0
2192.847398022,0,1
2192.849811290,0,0
2193.857413274,0,1
2193.859826292,0,0
2194.867428512,0,1
2194.869841530,0,0
2195.877443680,0,1
2195.879856948,0,0
2196.887458878,0,1
2196.889872144,0,0
2197.897474106,0,1
2197.899887124,0,0
2198.907489334,0,1
2198.909902600,0,0
2199.917504566,0,1
2199.919917834,0,0
2200.927519774,0,1
2200.929932790,0,0
2201.937534998,0,1
2201.938804598,1,1
2201.941436730,0,1
2201.941472266,0,0
2202.947550180,0,1
2202.949963448,0,0
2203.957565348,0,1
2203.959978366,0,0
2204.967580608,0,1
2204.969993626,0,0
2205.977595770,0,1
2205.980009036,0,0
2206.987611006,0,1
2206.990024274,0,0
2207.997626214,0,1
2208.000039232,0,0
2209.007641458,0,1
2209.010054476,0,0
2210.017656664,0,1
2210.020069930,0,0
2211.027671842,0,1
2211.030085110,0,0
2212.037687082,0,1
2212.038956712,1,1
2212.041588576,0,1
2212.041624348,0,0
2213.047702232,0,1
2213.050115500,0,0
2214.057717440,0,1
2214.060130458,0,0
2215.067732712,0,1
2215.070145728,0,0
2216.077747912,0,1
2216.080161180,0,0
2217.087763098,0,1
2217.090176366,0,0
2218.097778326,0,1
2218.100191342,0,0
2219.107793468,0,1
2219.110206736,0,0
2220.117808660,0,1
2220.120221928,0,0
2221.127823978,0,1
2221.130236996,0,0
2222.137839116,0,1
2222.139108718,1,1
2222.141740466,0,1
2222.141776384,0,0
2223.147854246,0,1
2223.150267512,0,0
2224.157869554,0,1
2224.160282572,0,0
2225.167884738,0,1
2225.170297754,0,0
2226.177899842,0,1
2226.180313110,0,0
2227.187915084,0,1
2227.190328100,0,0
2228.197930304,0,1
2228.200343322,0,0
2229.207945490,0,1
2229.210358758,0,0
2230.217960720,0,1
2230.220373986,0,0
2231.227975956,0,1
2231.229245516,1,1
2231.231877254,0,1
2231.231913222,0,0
2232.237991048,0,1
2232.240404316,0,0
2233.248006292,0,1
2233.250419310,0,0
2234.258021492,0,1
2234.260434508,0,0
2235.268036690,0,1
2235.270449956,0,0
2236.278051876,0,1
2236.280464892,0,0
2237.288067076,0,1
2237.290480094,0,0
2238.298082278,0,1
2238.300495546,0,0
2239.308097502,0,1
2239.310510770,0,0
2240.318112668,0,1
2240.320525686,0,0
2241.328127860,0,1
2241.329397500,1,1
2241.332029636,0,1
2241.332065126,0,0
2242.338142964,0,1
2242.340556232,0,0
2243.348158166,0,1
2243.350571184,0,0
2244.358173418,0,1
2244.360586436,0,0
2245.368188538,0,1
2245.370601806,0,0
2246.378203770,0,1
2246.380616788,0,0
2247.388218994,0,1
2247.390632012,0,0
2248.398234124,0,1
2248.400647392,0,0
2249.408249338,0,1
2249.410662356,0,0
2250.418264576,0,1
2250.420677592,0,0
2251.428279720,0,1
2251.429549444,1,1
2251.432181468,0,1
2251.432217238,0,0
2252.438294988,0,1
2252.440708256,0,0
2253.448310196,0,1
2253.450723214,0,0
2254.458325412,0,1
2254.460738430,0,0
2255.468340518,0,1
2255.470753784,0,0
2256.478355728,0,1
2256.480768996,0,0
2257.488370970,0,1
2257.490783988,0,0
2258.498386164,0,1
2258.500799182,0,0
2259.508401294,0,1
2259.510814562,0,0
2260.518416526,0,1
2260.520829544,0,0
2261.528431728,0,1
2261.529701288,1,1
2261.532332898,0,1
2261.532368996,0,0
2262.538446824,0,1
2262.540860092,0,0
2263.548462080,0,1
2263.550875098,0,0
2264.558477270,0,1
2264.560890286,0,0
2265.568492406,0,1
2265.570905674,0,0
2266.578507596,0,1
2266.580920864,0,0
2267.588522818,0,1
2267.590935834,0,0
2268.598537960,0,1
2268.600951228,0,0
2269.608553196,0,1
2269.610966464,0,0
2270.618568366,0,1
2270.620981382,0,0
2271.628583556,0,1
2271.629853080,1,1
2271.632485152,0,1
2271.632520572,0,0
2272.638598616,0,1
2272.641011884,0,0
2273.648613772,0,1
2273.651026788,0,0
2274.658628966,0,1
2274.661041984,0,0
2275.668644104,0,1
2275.671057370,0,0
2276.678659352,0,1
2276.681072368,0,0
2277.688674536,0,1
2277.691087554,0,0
2278.698689648,0,1
2278.701102916,0,0
2279.708704906,0,1
2279.711117924,0,0
2280.718719958,0,1
2280.721133224,0,0
2281.728735176,0,1
2281.730004770,1,1
2281.732636384,0,1
2281.732672444,0,0
2282.738750320,0,1
2282.741163588,0,0
2283.748765484,0,1
2283.751178502,0,0
2284.758780646,0,1
2284.761193912,0,0
2285.768795838,0,1
2285.771209106,0,0
2286.778811044,0,1
2286.781224062,0,0
2287.788826220,0,1
2287.791239488,0,0
2288.798841398,0,1
2288.801254416,0,0
2289.808856508,0,1
2289.811269776,0,0
2290.818871702,0,1
2290.821284968,0,0
2291.828886916,0,1
2291.830156412,1,1
2291.832788126,0,1
2291.832824182,0,0
2292.838902056,0,1
2292.841315324,0,0
2293.848917246,0,1
2293.851330262,0,0
2294.858932412,0,1
2294.861345680,0,0
2295.868947590,0,1
2295.871360856,0,0
2296.878962732,0,1
2296.881375750,0,0
2297.888977886,0,1
2297.891391154,0,0
2298.898993066,0,1
2298.901406084,0,0
2299.909008254,0,1
2299.911421272,0,0
2300.919023406,0,1
2300.921436672,0,0
2301.929038564,0,1
2301.930308070,1,1
2301.932940112,0,1
2301.932975830,0,0
2302.939053580,0,1
2302.941466846,0,0
2303.949068766,0,1
2303.951481782,0,0
2304.959083898,0,1
2304.961497166,0,0
2305.969099110,0,1
2305.971512128,0,0
2306.979114290,0,1
2306.981527308,0,0
2307.989129428,0,1
2307.991542696,0,0
2308.999144572,0,1
2309.001557590,0,0
2310.009159710,0,1
2310.011572978,0,0
2311.019174928,0,1
2311.021587944,0,0
2312.029190100,0,1
2312.030459614,1,1
2312.033091328,0,1
2312.033127366,0,0
2313.039205064,0,1
2313.041618332,0,0
2314.049220278,0,1
2314.051633294,0,0
2315.059235430,0,1
2315.061648696,0,0
2316.069250592,0,1
2316.071663608,0,0
2317.079265726,0,1
2317.081678992,0,0
2318.089280876,0,1
2318.091693894,0,0
2319.099296068,0,1
2319.101709084,0,0
2320.109311216,0,1
2320.111724484,0,0
2321.119326388,0,1
2321.121739404,0,0
2322.129341538,0,1
2322.130611238,1,1
2322.133242974,0,1
2322.133243170,1,1
2322.133243174,0,1
2322.133278804,0,0
2323.139356758,0,1
2323.141770026,0,0
2324.149371902,0,1
2324.151784918,0,0
2325.159387022,0,1
2325.161800290,0,0
2326.169402254,0,1
2326.171815272,0,0
2327.179417440,0,1
2327.181830458,0,0
2328.189432528,0,1
2328.191845796,0,0
2329.199447742,0,1
2329.201860758,0,0
2330.209462816,0,1
2330.211876084,0,0
2331.219478046,0,1
2331.220747582,1,1
2331.223379502,0,1
2331.223415314,0,0
2332.229492980,0,1
2332.231906246,0,0
2333.239508154,0,1
2333.241921172,0,0
2334.249523286,0,1
2334.251936554,0,0
2335.259538428,0,1
2335.261951444,0,0
2336.269553616,0,1
2336.271966884,0,0
2337.279568726,0,1
2337.281981744,0,0
2338.289583924,0,1
2338.291997192,0,0
2339.299599010,0,1
2339.302012028,0,0
2340.309614176,0,1
2340.312027444,0,0
2341.319629354,0,1
2341.320899152,1,1
2341.323531128,0,1
2341.323566872,0,0
2342.329644708,0,1
2342.332057976,0,0
2343.339659844,0,1
2343.342072860,0,0
2344.349675002,0,1
2344.352088270,0,0
2345.359690172,0,1
2345.362103190,0,0
2346.369705248,0,1
2346.372118516,0,0
2347.379720432,0,1
2347.382133448,0,0
2348.389735568,0,1
2348.392148834,0,0
2349.399750768,0,1
2349.402163784,0,0
2350.409765896,0,1
2350.412178914,0,0
2351.419780944,0,1
2351.421050534,1,1
2351.423682756,0,1
2351.423718212,0,0
2352.429796086,0,1
2352.432209104,0,0
2353.439811274,0,1
2353.442224542,0,0
2354.449826426,0,1
2354.452239444,0,0
2355.459841596,0,1
2355.462254612,0,0
2356.469856666,0,1
2356.472269934,0,0
2357.479871842,0,1
2357.482284860,0,0
2358.489886950,0,1
2358.492300216,0,0
2359.499902120,0,1
2359.502315138,0,0
2360.509917212,0,1
2360.512330480,0,0
2361.519932374,0,1
2361.521201988,1,1
2361.523833820,0,1
2361.523869640,0,0
2362.529947502,0,1
2362.532360770,0,0
2363.539962708,0,1
2363.542375726,0,0
2364.549977800,0,1
2364.552391068,0,0
2365.559992926,0,1
2365.562405944,0,0
2366.570008026,0,1
2366.572421292,0,0
2367.580023170,0,1
2367.582436188,0,0
2368.590038298,0,1
2368.592451566,0,0
2369.600053478,0,1
2369.602466496,0,0
2370.610068632,0,1
2370.612481648,0,0
2371.620083740,0,1
2371.621353316,1,1
2371.623985574,0,1
2371.624021008,0,0
2372.630098806,0,1
2372.632512072,0,0
2373.640113976,0,1
2373.642526994,0,0
2374.650129090,0,1
2374.652542358,0,0
2375.660144218,0,1
2375.662557234,0,0
2376.670159308,0,1
2376.672572574,0,0
2377.680174496,0,1
2377.682587514,0,0
2378.690189578,0,1
2378.692602846,0,0
2379.700204756,0,1
2379.702617772,0,0
2380.710219830,0,1
2380.712633098,0,0
2381.720235010,0,1
2381.721504634,1,1
2381.724136226,0,1
2381.724172276,0,0
2382.730250154,0,1
2382.732663420,0,0
2383.740265268,0,1
2383.742678286,0,0
2384.750280366,0,1
2384.752693632,0,0
2385.760295548,0,1
2385.762708566,0,0
2386.770310608,0,1
2386.772723876,0,0
2387.780325752,0,1
2387.782738768,0,0
2388.790340862,0,1
2388.792754128,0,0
2389.800356024,0,1
2389.802769040,0,0
2390.810371092,0,1
2390.812784360,0,0
2391.820386236,0,1
2391.821655974,1,1
2391.824287710,0,1
2391.824323754,0,0
2392.830401488,0,1
2392.832814754,0,0
2393.840416676,0,1
2393.842829692,0,0
2394.850431740,0,1
2394.852845008,0,0
2395.860446874,0,1
2395.862859890,0,0
2396.870461982,0,1
2396.872875250,0,0
2397.880477114,0,1
2397.882890382,0,0
2398.890492272,0,1
2398.892905290,0,0
2399.900507400,0,1
2399.902920668,0,0
2400.910522538,0,1
2400.912935554,0,0
2401.920537622,0,1
2401.921807186,1,1
2401.924439368,0,1
2401.924474890,0,0
2402.930552694,0,1
2402.932965960,0,0
2403.940567868,0,1
2403.942980886,0,0
2404.950582938,0,1
2404.952996206,0,0
2405.960598140,0,1
2405.963011158,0,0
2406.970613186,0,1
2406.973026454,0,0
2407.980628330,0,1
2407.983041348,0,0
2408.990643432,0,1
2408.993056700,0,0
2410.000658562,0,1
2410.003071580,0,0
2411.010673740,0,1
2411.013086758,0,0
2412.020688834,0,1
2412.021958404,1,1
2412.024590096,0,1
2412.024626102,0,0
2413.030703882,0,1
2413.033117150,0,0
2414.040719100,0,1
2414.043132116,0,0
2415.050734154,0,1
2415.053147422,0,0
2416.060749284,0,1
2416.063162302,0,0
2417.070764386,0,1
2417.073177654,0,0
2418.080779528,0,1
2418.083192544,0,0
2419.090794658,0,1
2419.093207926,0,0
2420.100809796,0,1
2420.103222812,0,0
2421.110824850,0,1
2421.113238118,0,0
2422.120839992,0,1
2422.122109578,1,1
2422.124741732,0,1
2422.124777258,0,0
2423.130855054,0,1
2423.133268322,0,0
2424.140870196,0,1
2424.143283212,0,0
2425.150885302,0,1
2425.153298570,0,0
2426.160900450,0,1
2426.163313466,0,0
2427.170915512,0,1
2427.173328778,0,0
2428.180930680,0,1
2428.183343696,0,0
2429.190945764,0,1
2429.193359030,0,0
2430.200960922,0,1
2430.203373940,0,0
2431.210976010,0,1
2431.212245600,1,1
2431.214877232,0,1
2431.214913278,0,0
2432.220991070,0,1
2432.223404338,0,0
2433.231006212,0,1
2433.233419228,0,0
2434.241021288,0,1
2434.243434556,0,0
2435.251036442,0,1
2435.253449458,0,0
2436.261051516,0,1
2436.263464784,0,0
2437.271066640,0,1
2437.273479658,0,0
2438.281081694,0,1
2438.283494962,0,0
2439.291096850,0,1
2439.293509868,0,0
2440.301111932,0,1
2440.303525198,0,0
2441.311127044,0,1
2441.312396752,1,1
2441.315028124,0,1
2441.315064562,0,0
2442.321142286,0,1
2442.323555554,0,0
2443.331157408,0,1
2443.333570426,0,0
2444.341172464,0,1
2444.343585730,0,0
2445.351187628,0,1
2445.353600644,0,0
2446.361202684,0,1
2446.363615950,0,0
2447.371217854,0,1
2447.373630870,0,0
2448.381232934,0,1
2448.383646202,0,0
2449.391248072,0,1
2449.393661088,0,0
2450.401263128,0,1
2450.403676396,0,0
2451.411278252,0,1
2451.412547742,1,1
2451.415180164,0,1
2451.415215518,0,0
2452.421293156,0,1
2452.423706424,0,0
2453.431308368,0,1
2453.433721386,0,0
2454.441323394,0,1
2454.443736662,0,0
2455.451338522,0,1
2455.453751540,0,0
2456.461353558,0,1
2456.463766824,0,0
2457.471368716,0,1
2457.473781732,0,0
2458.481383788,0,1
2458.483797056,0,0
2459.491398926,0,1
2459.493811944,0,0
2460.501413990,0,1
2460.503827258,0,0
2461.511429108,0,1
2461.512698858,1,1
2461.515330576,0,1
2461.515366624,0,0
2462.521444324,0,1
2462.523857592,0,0
2463.531459448,0,1
2463.533872466,0,0
2464.541474512,0,1
2464.543887780,0,0
2465.551489648,0,1
2465.553902664,0,0
2466.561504718,0,1
2466.563917986,0,0
2467.571519836,0,1
2467.573932854,0,0
2468.581534904,0,1
2468.583948172,0,0
2469.591550062,0,1
2469.593963078,0,0
2470.601565112,0,1
2470.603978378,0,0
2471.611580234,0,1
2471.612849814,1,1
2471.615481646,0,1
2471.615517500,0,0
2472.621595246,0,1
2472.624008512,0,0
2473.631610408,0,1
2473.634023426,0,0
2474.641625458,0,1
2474.644038724,0,0
2475.651640596,0,1
2475.654053612,0,0
2476.661655636,0,1
2476.664068904,0,0
2477.671670758,0,1
2477.674083774,0,0
2478.681685818,0,1
2478.684099086,0,0
2479.691700982,0,1
2479.694114000,0,0
2480.701716048,0,1
2480.704129316,0,0
2481.711731198,0,1
2481.713000808,1,1
2481.715632406,0,1
2481.715668464,0,0
2482.721746222,0,1
2482.724159488,0,0
2483.731761300,0,1
2483.734174568,0,0
2484.741776432,0,1
2484.744189448,0,0
2485.751791536,0,1
2485.754204802,0,0
2486.761806610,0,1
2486.764219628,0,0
2487.771821680,0,1
2487.774234948,0,0
2488.781836808,0,1
2488.784249826,0,0
2489.791851818,0,1
2489.794265084,0,0
2490.801866944,0,1
2490.804279962,0,0
2491.811882030,0,1
2491.813151774,1,1
2491.815783518,0,1
2491.815819546,0,0
2492.821897220,0,1
2492.824310488,0,0
2493.831912310,0,1
2493.834325326,0,0
2494.841927394,0,1
2494.844340662,0,0
2495.851942460,0,1
2495.854355476,0,0
2496.861957562,0,1
2496.864370828,0,0
2497.871972656,0,1
2497.874385674,0,0
2498.881987740,0,1
2498.884401008,0,0
2499.892002882,0,1
2499.894415900,0,0
2500.902017908,0,1
2500.904431176,0,0
2501.912033038,0,1
2501.913302636,1,1
2501.915934156,0,1
2501.915970304,0,0
2502.922048062,0,1
2502.924461328,0,0
2503.932063202,0,1
2503.934476218,0,0
2504.942078222,0,1
2504.944491490,0,0
2505.952093338,0,1
2505.954506356,0,0
2506.962108416,0,1
2506.964521682,0,0
2507.972123480,0,1
2507.974536498,0,0
2508.982138594,0,1
2508.984551860,0,0
2509.992153684,0,1
2509.994566702,0,0
2511.002168762,0,1
2511.004582030,0,0
2512.012183868,0,1
2512.013453536,1,1
2512.016085352,0,1
2512.016121136,0,0
2513.022198932,0,1
2513.024612200,0,0
2514.032213968,0,1
2514.034626986,0,0
2515.042229098,0,1
2515.044642364,0,0
2516.052244158,0,1
2516.054657174,0,0
2517.062259228,0,1
2517.064672494,0,0
2518.072274366,0,1
2518.074687382,0,0
2519.082289408,0,1
2519.084702676,0,0
2520.092304524,0,1
2520.094717542,0,0
2521.102319566,0,1
2521.104732832,0,0
2522.112334642,0,1
2522.113604376,1,1
2522.116236436,0,1
2522.116272158,0,0
2523.122349816,0,1
2523.124763084,0,0
2524.132364936,0,1
2524.134777954,0,0
2525.142379994,0,1
2525.144793262,0,0
2526.152395108,0,1
2526.154808124,0,0
2527.162410160,0,1
2527.164823426,0,0
2528.172425236,0,1
2528.174838254,0,0
2529.182440300,0,1
2529.184853568,0,0
2530.192455416,0,1
2530.194868432,0,0
2531.202470442,0,1
2531.203740094,1,1
2531.206371714,0,1
2531.206407708,0,0
2532.212485490,0,1
2532.214898758,0,0
2533.222500614,0,1
2533.224913632,0,0
2534.232515646,0,1
2534.234928914,0,0
2535.242530784,0,1
2535.244943800,0,0
2536.252545748,0,1
2536.254959016,0,0
2537.262560866,0,1
2537.264973882,0,0
2538.272575936,0,1
2538.274989204,0,0
2539.282591038,0,1
2539.285004056,0,0
2540.292606130,0,1
2540.295019148,0,0
2541.302621166,0,1
2541.303890828,1,1
2541.306522680,0,1
2541.306558434,0,0
2542.312636226,0,1
2542.315049494,0,0
2543.322651328,0,1
2543.325064346,0,0
2544.332666384,0,1
2544.335079652,0,0
2545.342681454,0,1
2545.345094470,0,0
2546.352696518,0,1
2546.355109786,0,0
2547.362711614,0,1
2547.365124632,0,0
2548.372726686,0,1
2548.375139704,0,0
2549.382741760,0,1
2549.385154778,0,0
2550.392756774,0,1
2550.395170040,0,0
2551.402771896,0,1
2551.404041536,1,1
2551.406673302,0,1
2551.406709162,0,0
2552.412787064,0,1
2552.415200330,0,0
2553.422802170,0,1
2553.425215188,0,0
2554.432817174,0,1
2554.435230442,0,0
2555.442832274,0,1
2555.445245290,0,0
2556.452847312,0,1
2556.455260578,0,0
2557.462862458,0,1
2557.465275474,0,0
2558.472877488,0,1
2558.475290756,0,0
2559.482892556,0,1
2559.485305822,0,0
2560.492907702,0,1
2560.495320720,0,0
2561.502922738,0,1
2561.504192286,1,1
2561.506824596,0,1
2561.506860004,0,0
2562.512937746,0,1
2562.515351014,0,0
2563.522952846,0,1
2563.525365864,0,0
2564.532967924,0,1
2564.535381192,0,0
2565.542983002,0,1
2565.545396020,0,0
2566.552998010,0,1
2566.555411278,0,0
2567.563013122,0,1
2567.565426140,0,0
2568.573028096,0,1
2568.575441362,0,0
2569.583043228,0,1
2569.585456494,0,0
2570.593058320,0,1
2570.595471336,0,0
2571.603073320,0,1
2571.604342978,1,1
2571.606974638,0,1
2571.607010586,0,0
2572.613088410,0,1
2572.615501678,0,0
2573.623103480,0,1
2573.625516496,0,0
2574.633118506,0,1
2574.635531774,0,0
2575.643133612,0,1
2575.645546628,0,0
2576.653148660,0,1
2576.655561926,0,0
2577.663163700,0,1
2577.665576718,0,0
2578.673178766,0,1
2578.675592034,0,0
2579.683193836,0,1
2579.685606852,0,0
2580.693208894,0,1
2580.695622160,0,0
2581.703223962,0,1
2581.704493578,1,1
2581.707125454,0,1
2581.707161228,0,0
2582.713238998,0,1
2582.715652266,0,0
2583.723254080,0,1
2583.725667096,0,0
2584.733269104,0,1
2584.735682372,0,0
2585.743284200,0,1
2585.745697218,0,0
2586.753299280,0,1
2586.755712546,0,0
2587.763314334,0,1
2587.765727352,0,0
2588.773329360,0,1
2588.775742628,0,0
2589.783344456,0,1
2589.785757472,0,0
2590.793359454,0,1
2590.795772722,0,0
2591.803374532,0,1
2591.804644242,1,1
2591.807276628,0,1
2591.807312048,0,0
2592.813389686,0,1
2592.815802954,0,0
2593.823404764,0,1
2593.825817782,0,0
2594.833419826,0,1
2594.835833092,0,0
2595.843434894,0,1
2595.845847910,0,0
2596.853449886,0,1
2596.855863154,0,0
2597.863465044,0,1
2597.865878062,0,0
2598.873480064,0,1
2598.875893082,0,0
2599.883495094,0,1
2599.885908360,0,0
2600.893510184,0,1
2600.895923200,0,0
2601.903525174,0,1
2601.904794714,1,1
2601.907426312,0,1
2601.907462440,0,0
2602.913540224,0,1
2602.915953492,0,0
2603.923555320,0,1
2603.925968338,0,0
2604.933570320,0,1
2604.935983586,0,0
2605.943585440,0,1
2605.945998458,0,0
2606.953600440,0,1
2606.956013708,0,0
2607.963615512,0,1
2607.966028530,0,0
2608.973630568,0,1
2608.976043834,0,0
2609.983645648,0,1
2609.986058664,0,0
2610.993660648,0,1
2610.996073916,0,0
2612.003675710,0,1
2612.004945356,1,1
2612.007577824,0,1
2612.007612976,0,0
2613.013690788,0,1
2613.016104056,0,0
2614.023705830,0,1
2614.026119098,0,0
2615.033720860,0,1
2615.036133876,0,0
2616.043735896,0,1
2616.046149164,0,0
2617.053750950,0,1
2617.056163968,0,0
2618.063766072,0,1
2618.066179090,0,0
2619.073781044,0,1
2619.076194312,0,0
2620.083796118,0,1
2620.086209134,0,0
2621.093811162,0,1
2621.096224430,0,0
2622.103826260,0,1
2622.105095834,1,1
2622.107727634,0,1
2622.107763528,0,0
2623.113841226,0,1
2623.116254494,0,0
2624.123856320,0,1
2624.126269338,0,0
2625.133871320,0,1
2625.136284588,0,0
2626.143886444,0,1
2626.146299460,0,0
2627.153901430,0,1
2627.156314696,0,0
2628.163916494,0,1
2628.166329510,0,0
2629.173931548,0,1
2629.176344816,0,0
2630.183946556,0,1
2630.186359574,0,0
2631.193961668,0,1
2631.195231276,1,1
2631.197862934,0,1
2631.197898934,0,0
2632.203976684,0,1
2632.206389952,0,0
2633.213991778,0,1
2633.216404796,0,0
2634.224006780,0,1
2634.226420046,0,0
2635.234021836,0,1
2635.236434854,0,0
2636.244036840,0,1
2636.246450106,0,0
2637.254051926,0,1
2637.256464944,0,0
2638.264066902,0,1
2638.266480168,0,0
2639.274081996,0,1
2639.276495014,0,0
2640.284097048,0,1
2640.286510314,0,0
2641.294112080,0,1
2641.295381688,1,1
2641.298013484,0,1
2641.298049346,0,0
2642.304127098,0,1
2642.306540366,0,0
2643.314142180,0,1
2643.316555198,0,0
2644.324157174,0,1
2644.326570442,0,0
2645.334172284,0,1
2645.336585302,0,0
2646.344187258,0,1
2646.346600526,0,0
2647.354202338,0,1
2647.356615356,0,0
2648.364217362,0,1
2648.366630628,0,0
2649.374232412,0,1
2649.376645430,0,0
2650.384247434,0,1
2650.386660700,0,0
2651.394262508,0,1
2651.395532108,1,1
2651.398164070,0,1
2651.398199774,0,0
2652.404277512,0,1
2652.406690780,0,0
2653.414292566,0,1
2653.416705582,0,0
2654.424307568,0,1
2654.426720834,0,0
2655.434322588,0,1
2655.436735606,0,0
2656.444337614,0,1
2656.446750882,0,0
2657.454352684,0,1
2657.456765700,0,0
2658.464367674,0,1
2658.466780940,0,0
2659.474382792,0,1
2659.476795810,0,0
2660.484397780,0,1
2660.486811048,0,0
2661.494412876,0,1
2661.495682548,1,1
2661.498314498,0,1
2661.498350144,0,0
2662.504427978,0,1
2662.506841246,0,0
2663.514443040,0,1
2663.516856058,0,0
2664.524458026,0,1
2664.526871294,0,0
2665.534473114,0,1
2665.536886130,0,0
2666.544488106,0,1
2666.546901372,0,0
2667.554503184,0,1
2667.556916200,0,0
2668.564518192,0,1
2668.566931458,0,0
2669.574533224,0,1
2669.576946242,0,0
2670.584548262,0,1
2670.586961280,0,0
2671.594563316,0,1
2671.595832866,1,1
2671.598464554,0,1
2671.598500582,0,0
2672.604578312,0,1
2672.606991580,0,0
2673.614593384,0,1
2673.617006402,0,0
2674.624608334,0,1
2674.627021602,0,0
2675.634623428,0,1
2675.637036444,0,0
2676.644638404,0,1
2676.647051670,0,0
2677.654653470,0,1
2677.657066488,0,0
2678.664668490,0,1
2678.667081758,0,0
2679.674683578,0,1
2679.677096596,0,0
2680.684698578,0,1
2680.687111844,0,0
2681.694713588,0,1
2681.695983240,1,1
2681.698614776,0,1
2681.698650854,0,0
2682.704728628,0,1
2682.707141896,0,0
2683.714743682,0,1
2683.717156700,0,0
2684.724758658,0,1
2684.727171926,0,0
2685.734773714,0,1
2685.737186732,0,0
2686.744788756,0,1
2686.747202022,0,0
2687.754803810,0,1
2687.757216828,0,0
2688.764818764,0,1
2688.767232032,0,0
2689.774833878,0,1
2689.777246896,0,0
2690.784848834,0,1
2690.787262100,0,0
2691.794863906,0,1
2691.796133476,1,1
2691.798765150,0,1
2691.798801172,0,0
2692.804878902,0,1
2692.807292170,0,0
2693.814893980,0,1
2693.817306996,0,0
2694.824908978,0,1
2694.827322246,0,0
2695.834923990,0,1
2695.837337008,0,0
2696.844939032,0,1
2696.847352300,0,0
2697.854954088,0,1
2697.857367106,0,0
2698.864969058,0,1
2698.867382326,0,0
2699.874984142,0,1
2699.877397160,0,0
2700.884999106,0,1
2700.887412372,0,0
2701.895014136,0,1
2701.896283722,1,1
2701.898915662,0,1
2701.898951404,0,0
2702.905029210,0,1
2702.907442478,0,0
2703.915044268,0,1
2703.917457286,0,0
2704.925059190,0,1
2704.927472456,0,0
2705.935074270,0,1
2705.937487288,0,0
2706.945089256,0,1
2706.947502522,0,0
2707.955104306,0,1
2707.957517324,0,0
2708.965119324,0,1
2708.967532592,0,0
2709.975134364,0,1
2709.977547382,0,0
2710.985149348,0,1
2710.987562616,0,0
2711.995164408,0,1
2711.996434012,1,1
2711.999065852,0,1
2711.999101674,0,0
2713.005179364,0,1
2713.007592630,0,0
2714.015194416,0,1
2714.017607434,0,0
2715.025209426,0,1
2715.027622694,0,0
2716.035224478,0,1
2716.037637496,0,0
2717.045239456,0,1
2717.047652724,0,0
2718.055254480,0,1
2718.057667498,0,0
2719.065269468,0,1
2719.067682734,0,0
2720.075284500,0,1
2720.077697518,0,0
2721.085299498,0,1
2721.087712766,0,0
2722.095314582,0,1
2722.096584234,1,1
2722.099215828,0,1
2722.099251848,0,0
2723.105329550,0,1
2723.107742818,0,0
2724.115344654,0,1
2724.117757672,0,0
2725.125359584,0,1
2725.127772852,0,0
2726.135374630,0,1
2726.137787648,0,0
2727.145389672,0,1
2727.147802938,0,0
2728.155404634,0,1
2728.157817652,0,0
2729.165419680,0,1
2729.167832948,0,0
2730.175434686,0,1
2730.177847702,0,0
2731.185449720,0,1
2731.186719366,1,1
2731.189351702,0,1
2731.189386988,0,0
2732.195464648,0,1
2732.197877914,0,0
2733.205479718,0,1
2733.207892736,0,0
2734.215494718,0,1
2734.217907986,0,0
2735.225509750,0,1
2735.227922766,0,0
2736.235524756,0,1
2736.237938022,0,0
2737.245539760,0,1
2737.247952776,0,0
2738.255554768,0,1
2738.257968034,0,0
2739.265569816,0,1
2739.267982832,0,0
2740.275584824,0,1
2740.277998092,0,0
2741.285599816,0,1
2741.286869504,1,1
2741.289501864,0,1
2741.289537082,0,0
2742.295614882,0,1
2742.298028148,0,0
2743.305629976,0,1
2743.308042994,0,0
2744.315644944,0,1
2744.318058210,0,0
2745.325659970,0,1
2745.328073238,0,0
2746.335674938,0,1
2746.338087956,0,0
2747.345689942,0,1
2747.348103208,0,0
2748.355704962,0,1
2748.358117980,0,0
2749.365719976,0,1
2749.368133244,0,0
2750.375735010,0,1
2750.378148026,0,0
2751.385750002,0,1
2751.387019696,1,1
2751.389651676,0,1
2751.389687268,0,0
2752.395765078,0,1
2752.398178346,0,0
2753.405780098,0,1
2753.408193116,0,0
2754.415795066,0,1
2754.418208334,0,0
2755.425810124,0,1
2755.428223142,0,0
2756.435825094,0,1
2756.438238362,0,0
2757.445840098,0,1
2757.448253114,0,0
2758.455855138,0,1
2758.458268406,0,0
2759.465870164,0,1
2759.468283182,0,0
2760.475885140,0,1
2760.478298406,0,0
2761.485900188,0,1
2761.487169764,1,1
2761.489801544,0,1
2761.489837454,0,0
2762.495915140,0,1
2762.498328406,0,0
2763.505930194,0,1
2763.508343210,0,0
2764.515945168,0,1
2764.518358436,0,0
2765.525960206,0,1
2765.528373224,0,0
2766.535975220,0,1
2766.538388486,0,0
2767.545990242,0,1
2767.548403258,0,0
2768.556005180,0,1
2768.558418446,0,0
2769.566020176,0,1
2769.568433192,0,0
2770.576035168,0,1
2770.578448436,0,0
2771.586050196,0,1
2771.587319790,1,1
2771.589951810,0,1
2771.589987462,0,0
2772.596065200,0,1
2772.598478468,0,0
2773.606080250,0,1
2773.608493268,0,0
2774.616095204,0,1
2774.618508472,0,0
2775.626110238,0,1
2775.628523254,0,0
2776.636125180,0,1
2776.638538448,0,0
2777.646140176,0,1
2777.648553194,0,0
2778.656155156,0,1
2778.658568424,0,0
2779.666170202,0,1
2779.668583218,0,0
2780.676185182,0,1
2780.678598448,0,0
2781.686200202,0,1
2781.687469784,1,1
2781.690102144,0,1
2781.690137470,0,0
2782.696215198,0,1
2782.698628464,0,0
2783.706230192,0,1
2783.708643210,0,0
2784.716245162,0,1
2784.718658430,0,0
2785.726260162,0,1
2785.728673180,0,0
2786.736275134,0,1
2786.738688400,0,0
2787.746290218,0,1
2787.748703236,0,0
2788.756305140,0,1
2788.758718406,0,0
2789.766320160,0,1
2789.768733178,0,0
2790.776335150,0,1
2790.778748416,0,0
2791.786350162,0,1
2791.787619798,1,1
2791.790251482,0,1
2791.790287428,0,0
2792.796365126,0,1
2792.798778392,0,0
2793.806380172,0,1
2793.808793188,0,0
2794.816395148,0,1
2794.818808414,0,0
2795.826410148,0,1
2795.828823164,0,0
2796.836425108,0,1
2796.838838374,0,0
2797.846440140,0,1
2797.848853156,0,0
2798.856455138,0,1
2798.858868404,0,0
2799.866470134,0,1
2799.868883152,0,0
2800.876485104,0,1
2800.878898372,0,0
2801.886500118,0,1
2801.887769754,1,1
2801.890402000,0,1
2801.890437384,0,0
2802.896515104,0,1
2802.898928370,0,0
2803.906530100,0,1
2803.908943116,0,0
2804.916545086,0,1
2804.918958354,0,0
2805.926560088,0,1
2805.928973104,0,0
2806.936575070,0,1
2806.938988338,0,0
2807.946590094,0,1
2807.949003112,0,0
2808.956605002,0,1
2808.959018268,0,0
2809.966620090,0,1
2809.969033106,0,0
2810.976635022,0,1
2810.979048288,0,0
2811.986650080,0,1
2811.987919706,1,1
2811.990551884,0,1
2811.990587346,0,0
2812.996665028,0,1
2812.999078296,0,0
2814.006680052,0,1
2814.009093068,0,0
2815.016695012,0,1
2815.019108278,0,0
2816.026710074,0,1
2816.029123090,0,0
2817.036724998,0,1
2817.039138264,0,0
2818.046739986,0,1
2818.049153002,0,0
2819.056754950,0,1
2819.059168218,0,0
2820.066769982,0,1
2820.069183000,0,0
2821.076784954,0,1
2821.079198222,0,0
2822.086799998,0,1
2822.088069536,1,1
2822.090700926,0,1
2822.090737264,0,0
2823.096814820,0,1
2823.099228088,0,0
2824.106829812,0,1
2824.109242830,0,0
2825.116844770,0,1
2825.119257788,0,0
2826.126859804,0,1
2826.129272820,0,0
2827.136874766,0,1
2827.139287782,0,0
2828.146889732,0,1
2828.149302750,0,0
2829.156904748,0,1
2829.159317764,0,0
2830.166919700,0,1
2830.169332718,0,0
2831.176934712,0,1
2831.178204456,1,1
2831.180835892,0,1
2831.180872228,0,0
2832.186949732,0,1
2832.189362748,0,0
2833.196964774,0,1
2833.199377792,0,0
2834.206979780,0,1
2834.209392798,0,0
2835.216994750,0,1
2835.219407768,0,0
2836.227009700,0,1
2836.229422718,0,0
2837.237024730,0,1
2837.239437746,0,0
2838.247039662,0,1
2838.249452678,0,0
2839.257054696,0,1
2839.259467712,0,0
2840.267069666,0,1
2840.269482682,0,0
2841.277084656,0,1
2841.278354298,1,1
2841.280986044,0,1
2841.281021922,0,0
2842.287099672,0,1
2842.289512938,0,0
2843.297114648,0,1
2843.299527666,0,0
2844.307129584,0,1
2844.309542600,0,0
2845.317144602,0,1
2845.319557620,0,0
2846.327159530,0,1
2846.329572796,0,0
2847.337174572,0,1
2847.339587590,0,0
2848.347189516,0,1
2848.349602532,0,0
2849.357204502,0,1
2849.359617518,0,0
2850.367219488,0,1
2850.369632504,0,0
2851.377234478,0,1
2851.378504142,1,1
2851.381135764,0,1
2851.381171744,0,0
2852.387249588,0,1
2852.389662854,0,0
2853.397264564,0,1
2853.399677582,0,0
2854.407279498,0,1
2854.409692764,0,0
2855.417294510,0,1
2855.419707528,0,0
2856.427309504,0,1
2856.429722772,0,0
2857.437324504,0,1
2857.439737522,0,0
2858.447339446,0,1
2858.449752712,0,0
2859.457354428,0,1
2859.459767444,0,0
2860.467369386,0,1
2860.469782654,0,0
2861.477384404,0,1
2861.478653862,1,1
2861.481285646,0,1
2861.481321670,0,0
2862.487399216,0,1
2862.489812482,0,0
2863.497414198,0,1
2863.499827214,0,0
2864.507429172,0,1
2864.509842188,0,0
2865.517444168,0,1
2865.519857186,0,0
2866.527459114,0,1
2866.529872382,0,0
2867.537474106,0,1
2867.539887122,0,0
2868.547489074,0,1
2868.549902090,0,0
2869.557504074,0,1
2869.559917092,0,0
2870.567518970,0,1
2870.569931988,0,0
2871.577534016,0,1
2871.578803658,1,1
2871.581435534,0,1
2871.581471282,0,0
2872.587548954,0,1
2872.589961970,0,0
2873.597563990,0,1
2873.599977006,0,0
2874.607578918,0,1
2874.609991934,0,0
2875.617593932,0,1
2875.620006948,0,0
2876.627608862,0,1
2876.630021878,0,0
2877.637623854,0,1
2877.640037122,0,0
2878.647638786,0,1
2878.650051804,0,0
2879.657653772,0,1
2879.660067040,0,0
2880.667668752,0,1
2880.670081768,0,0
2881.677683696,0,1
2881.678953342,1,1
2881.681585014,0,1
2881.681620964,0,0
2882.687698656,0,1
2882.690111672,0,0
2883.697713596,0,1
2883.700126614,0,0
2884.707728610,0,1
2884.710141626,0,0
2885.717743516,0,1
2885.720156784,0,0
2886.727758564,0,1
2886.730171580,0,0
2887.737773490,0,1
2887.740186756,0,0
2888.747788444,0,1
2888.750201460,0,0
2889.757803380,0,1
2889.760216646,0,0
2890.767818424,0,1
2890.770231440,0,0
2891.777833338,0,1
2891.779103010,1,1
2891.781734626,0,1
2891.781770604,0,0
2892.787848398,0,1
2892.790261664,0,0
2893.797863394,0,1
2893.800276412,0,0
2894.807878342,0,1
2894.810291608,0,0
2895.817893326,0,1
2895.820306344,0,0
2896.827908294,0,1
2896.830321310,0,0
2897.837923320,0,1
2897.840336336,0,0
2898.847938196,0,1
2898.850351212,0,0
2899.857953206,0,1
2899.860366222,0,0
2900.867968160,0,1
2900.870381176,0,0
2901.877983114,0,1
2901.879252738,1,1
2901.881884284,0,1
2901.881920380,0,0
2902.887998064,0,1
2902.890411330,0,0
2903.898013036,0,1
2903.900426052,0,0
2904.908028032,0,1
2904.910441300,0,0
2905.918043020,0,1
2905.920456036,0,0
2906.928057934,0,1
2906.930471200,0,0
2907.938072924,0,1
2907.940485940,0,0
2908.948087850,0,1
2908.950501116,0,0
2909.958102896,0,1
2909.960515914,0,0
2910.968117774,0,1
2910.970531042,0,0
2911.978132794,0,1
2911.979402372,1,1
2911.982034392,0,1
2911.982070060,0,0
2912.988147752,0,1
2912.990560770,0,0
2913.998162726,0,1
2914.000575744,0,0
2915.008177638,0,1
2915.010590904,0,0
2916.018192630,0,1
2916.020605648,0,0
2917.028207590,0,1
2917.030620856,0,0
2918.038222554,0,1
2918.040635572,0,0
2919.048237472,0,1
2919.050650740,0,0
2920.058252440,0,1
2920.060665456,0,0
2921.068267360,0,1
2921.070680626,0,0
2922.078282406,0,1
2922.079552006,1,1
2922.082183844,0,1
2922.082219672,0,0
2923.088297302,0,1
2923.090710568,0,0
2924.098312338,0,1
2924.100725356,0,0
2925.108327234,0,1
2925.110740502,0,0
2926.118342212,0,1
2926.120755228,0,0
2927.128357202,0,1
2927.130770468,0,0
2928.138372180,0,1
2928.140785196,0,0
2929.148387074,0,1
2929.150800340,0,0
2930.158402090,0,1
2930.160815106,0,0
2931.168417014,0,1
2931.169686612,1,1
2931.172318646,0,1
2931.172354280,0,0
2932.178431922,0,1
2932.180844940,0,0
2933.188446844,0,1
2933.190860110,0,0
2934.198461830,0,1
2934.200874846,0,0
2935.208476796,0,1
2935.210890062,0,0
2936.218491768,0,1
2936.220904786,0,0
2937.228506710,0,1
2937.230919978,0,0
2938.238521650,0,1
2938.240934668,0,0
2939.248536632,0,1
2939.250949898,0,0
2940.258551590,0,1
2940.260964608,0,0
2941.268566538,0,1
2941.269836232,1,1
2941.272468354,0,1
2941.272503804,0,0
2942.278581560,0,1
2942.280994578,0,0
2943.288596470,0,1
2943.291009736,0,0
2944.298611532,0,1
2944.301024548,0,0
2945.308626436,0,1
2945.311039702,0,0
2946.318641378,0,1
2946.321054394,0,0
2947.328656300,0,1
2947.331069566,0,0
2948.338671308,0,1
2948.341084324,0,0
2949.348686254,0,1
2949.351099520,0,0
2950.358701222,0,1
2950.361114238,0,0
2951.368716114,0,1
2951.369985754,1,1
2951.372617240,0,1
2951.372653380,0,0
2952.378731058,0,1
2952.381144074,0,0
2953.388746016,0,1
2953.391159034,0,0
2954.398760994,0,1
2954.401174260,0,0
2955.408775954,0,1
2955.411188972,0,0
2956.418790886,0,1
2956.421204154,0,0
2957.428805836,0,1
2957.431218854,0,0
2958.438820756,0,1
2958.441234022,0,0
2959.448835764,0,1
2959.451248780,0,0
2960.458850686,0,1
2960.461263704,0,0
2961.468865678,0,1
2961.470135252,1,1
2961.472767284,0,1
2961.472802944,0,0
2962.478880604,0,1
2962.481293870,0,0
2963.488895536,0,1
2963.491308554,0,0
2964.498910428,0,1
2964.501323696,0,0
2965.508925478,0,1
2965.511338494,0,0
2966.518940356,0,1
2966.521353622,0,0
2967.528955334,0,1
2967.531368350,0,0
2968.538970228,0,1
2968.541383496,0,0
2969.548985190,0,1
2969.551398206,0,0
2970.559000130,0,1
2970.561413396,0,0
2971.569015124,0,1
2971.570284764,1,1
2971.572917024,0,1
2971.572952392,0,0
2972.579030036,0,1
2972.581443054,0,0
2973.589045054,0,1
2973.591458070,0,0
2974.599059950,0,1
2974.601472966,0,0
2975.609074936,0,1
2975.611487952,0,0
2976.619089784,0,1
2976.621502800,0,0
2977.629104810,0,1
2977.631517828,0,0
2978.639119730,0,1
2978.641532746,0,0
2979.649134704,0,1
2979.651547720,0,0
2980.659149600,0,1
2980.661562616,0,0
2981.669164524,0,1
2981.670434188,1,1
2981.673065672,0,1
2981.673101790,0,0
2982.679179422,0,1
2982.681592438,0,0
2983.689194406,0,1
2983.691607424,0,0
2984.699209372,0,1
2984.701622388,0,0
2985.709224262,0,1
2985.711637528,0,0
2986.719239206,0,1
2986.721652224,0,0
2987.729254142,0,1
2987.731667408,0,0
2988.739269114,0,1
2988.741682132,0,0
2989.749283984,0,1
2989.751697252,0,0
2990.759299030,0,1
2990.761712046,0,0
2991.769313918,0,1
2991.770583678,1,1
2991.773215604,0,1
2991.773251434,0,0
2992.779328908,0,1
2992.781741924,0,0
2993.789343914,0,1
2993.791756930,0,0
2994.799358824,0,1
2994.801771840,0,0
2995.809373802,0,1
2995.811786818,0,0
2996.819388690,0,1
2996.821801708,0,0
2997.829403682,0,1
2997.831816700,0,0
2998.839418598,0,1
2998.841831616,0,0
2999.849433540,0,1
2999.851846556,0,0
3000.859448424,0,1
3000.861861442,0,0
3001.869463410,0,1
3001.870733042,1,1
3001.873364780,0,1
3001.873400676,0,0
3002.879478366,0,1
3002.881891632,0,0
3003.889493316,0,1
3003.891906332,0,0
3004.899508176,0,1
3004.901921194,0,0
3005.909523184,0,1
3005.911936200,0,0
3006.919538114,0,1
3006.921951380,0,0
3007.929552976,0,1
3007.931966244,0,0
3008.939567964,0,1
3008.941980980,0,0
3009.949582850,0,1
3009.951996118,0,0
3010.959597850,0,1
3010.962010866,0,0
3011.969612766,0,1
3011.970882382,1,1
3011.973514078,0,1
3011.973550032,0,0
3012.979627654,0,1
3012.982040920,0,0
3013.989642670,0,1
3013.992055686,0,0
3014.999657528,0,1
3015.002070544,0,0
3016.009672496,0,1
3016.012085512,0,0
3017.019687466,0,1
3017.022100482,0,0
3018.029702370,0,1
3018.032115386,0,0
3019.039717286,0,1
3019.042130304,0,0
3020.049732250,0,1
3020.052145268,0,0
3021.059747140,0,1
3021.062160156,0,0
3022.069762158,0,1
3022.071031822,1,1
3022.073663642,0,1
3022.073699424,0,0
3023.079777044,0,1
3023.082190060,0,0
3024.089791962,0,1
3024.092205230,0,0
3025.099806910,0,1
3025.102219928,0,0
3026.109821826,0,1
3026.112235092,0,0
3027.119836760,0,1
3027.122249778,0,0
3028.129851674,0,1
3028.132264940,0,0
3029.139866618,0,1
3029.142279636,0,0
3030.149881530,0,1
3030.152294796,0,0
3031.159896512,0,1
3031.161166178,1,1
3031.163798212,0,1
3031.163833778,0,0
3032.169911488,0,1
3032.172324754,0,0
3033.179926482,0,1
3033.182339500,0,0
3034.189941362,0,1
3034.192354630,0,0
3035.199956350,0,1
3035.202369368,0,0
3036.209971252,0,1
3036.212384520,0,0
3037.219986234,0,1
3037.222399250,0,0
3038.230001146,0,1
3038.232414414,0,0
3039.240016092,0,1
3039.242429110,0,0
3040.250030984,0,1
3040.252444250,0,0
3041.260045926,0,1
3041.261315522,1,1
3041.263946974,0,1
3041.263983192,0,0
3042.270060822,0,1
3042.272473838,0,0
3043.280075802,0,1
3043.282488820,0,0
3044.290090688,0,1
3044.292503954,0,0
3045.300105674,0,1
3045.302518690,0,0
3046.310120564,0,1
3046.312533830,0,0
3047.320135530,0,1
3047.322548548,0,0
3048.330150422,0,1
3048.332563688,0,0
3049.340165400,0,1
3049.342578418,0,0
3050.350180252,0,1
3050.352593518,0,0
3051.360195210,0,1
3051.361464718,1,1
3051.364096280,0,1
3051.364132476,0,0
3052.370209992,0,1
3052.372623010,0,0
3053.380224992,0,1
3053.382638010,0,0
3054.390239892,0,1
3054.392652908,0,0
3055.400254744,0,1
3055.402668010,0,0
3056.410269746,0,1
3056.412682764,0,0
3057.420284620,0,1
3057.422697886,0,0
3058.430299582,0,1
3058.432712600,0,0
3059.440314494,0,1
3059.442727762,0,0
3060.450329412,0,1
3060.452742428,0,0
3061.460344308,0,1
3061.461613984,1,1
3061.464245770,0,1
3061.464281576,0,0
3062.470359360,0,1
3062.472772626,0,0
3063.480374312,0,1
3063.482787328,0,0
3064.490389168,0,1
3064.492802434,0,0
3065.500404140,0,1
3065.502817158,0,0
3066.510419046,0,1
3066.512832314,0,0
3067.520434026,0,1
3067.522847042,0,0
3068.530448882,0,1
3068.532862150,0,0
3069.540463832,0,1
3069.542876848,0,0
3070.550478738,0,1
3070.552892004,0,0
3071.560493678,0,1
3071.561763306,1,1
3071.564394856,0,1
3071.564430944,0,0
3072.570508546,0,1
3072.572921564,0,0
3073.580523484,0,1
3073.582936750,0,0
3074.590538466,0,1
3074.592951482,0,0
3075.600553310,0,1
3075.602966578,0,0
3076.610568288,0,1
3076.612981304,0,0
3077.620583164,0,1
3077.622996430,0,0
3078.630598130,0,1
3078.633011148,0,0
3079.640613010,0,1
3079.643026276,0,0
3080.650627960,0,1
3080.653040976,0,0
3081.660642864,0,1
3081.661912450,1,1
3081.664544254,0,1
3081.664580130,0,0
3082.670657758,0,1
3082.673070776,0,0
3083.680672728,0,1
3083.683085744,0,0
3084.690687578,0,1
3084.693100596,0,0
3085.700702510,0,1
3085.703115526,0,0
3086.710717444,0,1
3086.713130460,0,0
3087.720732280,0,1
3087.723145546,0,0
3088.730747222,0,1
3088.733160238,0,0
3089.740762180,0,1
3089.743175448,0,0
3090.750777080,0,1
3090.753190096,0,0
3091.760791974,0,1
3091.762061678,1,1
3091.764693198,0,1
3091.764729490,0,0
3092.770806944,0,1
3092.773219960,0,0
3093.780821948,0,1
3093.783234966,0,0
3094.790836828,0,1
3094.793250094,0,0
3095.800851734,0,1
3095.803264750,0,0
3096.810866680,0,1
3096.813279946,0,0
3097.820881584,0,1
3097.823294600,0,0
3098.830896496,0,1
3098.833309762,0,0
3099.840911420,0,1
3099.843324436,0,0
3100.850926294,0,1
3100.853339562,0,0
3101.860941278,0,1
3101.862210862,1,1
3101.864842480,0,1
3101.864878544,0,0
3102.870956140,0,1
3102.873369408,0,0
3103.880971126,0,1
3103.883384144,0,0
3104.890985966,0,1
3104.893399232,0,0
3105.901000916,0,1
3105.903413932,0,0
3106.911015798,0,1
3106.913429064,0,0
3107.921030754,0,1
3107.923443772,0,0
3108.931045640,0,1
3108.933458906,0,0
3109.941060556,0,1
3109.943473574,0,0
3110.951075462,0,1
3110.953488730,0,0
3111.961090420,0,1
3111.962359948,1,1
3111.964991732,0,1
3111.965027436,0,0
3112.971105108,0,1
3112.973518124,0,0
3113.981120030,0,1
3113.983533296,0,0
3114.991134992,0,1
3114.993548008,0,0
3116.001149846,0,1
3116.003563112,0,0
3117.011164812,0,1
3117.013577828,0,0
3118.021179668,0,1
3118.023592936,0,0
3119.031194616,0,1
3119.033607632,0,0
3120.041209454,0,1
3120.043622720,0,0
3121.051224426,0,1
3121.053637444,0,0
3122.061239308,0,1
3122.062509134,1,1
3122.065141052,0,1
3122.065176824,0,0
3123.071254478,0,1
3123.073667744,0,0
3124.081269412,0,1
3124.083682430,0,0
3125.091284244,0,1
3125.093697510,0,0
3126.101299202,0,1
3126.103712218,0,0
3127.111314076,0,1
3127.113727344,0,0
3128.121329026,0,1
3128.123742042,0,0
3129.131343950,0,1
3129.133757218,0,0
3130.141358836,0,1
3130.143771852,0,0
3131.151373736,0,1
3131.153787002,0,0
3132.161388682,0,1
3132.162658200,1,1
3132.165289736,0,1
3132.165325950,0,0
3133.171403528,0,1
3133.173816794,0,0
3134.181418490,0,1
3134.183831508,0,0
3135.191433380,0,1
3135.193846646,0,0
3136.201448262,0,1
3136.203861280,0,0
3137.211463198,0,1
3137.213876464,0,0
3138.221478076,0,1
3138.223891092,0,0
3139.231492984,0,1
3139.233906002,0,0
3140.241507898,0,1
3140.243921166,0,0
3141.251522776,0,1
3141.252792354,1,1
3141.255424506,0,1
3141.255460042,0,0
3142.261537704,0,1
3142.263950972,0,0
3143.271552646,0,1
3143.273965662,0,0
3144.281567532,0,1
3144.283980800,0,0
3145.291582476,0,1
3145.293995494,0,0
3146.301597328,0,1
3146.304010596,0,0
3147.311612242,0,1
3147.314025260,0,0
3148.321627148,0,1
3148.324040414,0,0
3149.331642076,0,1
3149.334055094,0,0
3150.341656944,0,1
3150.344070210,0,0
3151.351671886,0,1
3151.352941364,1,1
3151.355573098,0,1
3151.355609150,0,0
3152.361686618,0,1
3152.364099634,0,0
3153.371701576,0,1
3153.374114594,0,0
3154.381716424,0,1
3154.384129442,0,0
3155.391731294,0,1
3155.394144562,0,0
3156.401746254,0,1
3156.404159270,0,0
3157.411761102,0,1
3157.414174368,0,0
3158.421776060,0,1
3158.424189076,0,0
3159.431790916,0,1
3159.434204182,0,0
3160.441805836,0,1
3160.444218852,0,0
3161.451820714,0,1
3161.453090430,1,1
3161.455722302,0,1
3161.455758232,0,0
3162.461835648,0,1
3162.464248914,0,0
3163.471850662,0,1
3163.474263678,0,0
3164.481865460,0,1
3164.484278728,0,0
3165.491880418,0,1
3165.494293434,0,0
3166.501895304,0,1
3166.504308570,0,0
3167.511910252,0,1
3167.514323270,0,0
3168.521925128,0,1
3168.524338394,0,0
3169.531940060,0,1
3169.534353076,0,0
3170.541954896,0,1
3170.544368162,0,0
3171.551969826,0,1
3171.553239406,1,1
3171.555871440,0,1
3171.555907092,0,0
3172.561984654,0,1
3172.564397672,0,0
3173.571999616,0,1
3173.574412634,0,0
3174.582014502,0,1
3174.584427520,0,0
3175.592029438,0,1
3175.594442456,0,0
3176.602044316,0,1
3176.604457332,0,0
3177.612059220,0,1
3177.614472236,0,0
3178.622074060,0,1
3178.624487078,0,0
3179.632088976,0,1
3179.634501992,0,0
3180.642103874,0,1
3180.644516890,0,0
3181.652118796,0,1
3181.653388412,1,1
3181.656020240,0,1
3181.656056062,0,0
3182.662133642,0,1
3182.664546908,0,0
3183.672148582,0,1
3183.674561598,0,0
3184.682163414,0,1
3184.684576430,0,0
3185.692178368,0,1
3185.694591384,0,0
3186.702193230,0,1
3186.704606496,0,0
3187.712208178,0,1
3187.714621194,0,0
3188.722223024,0,1
3188.724636042,0,0
3189.732237934,0,1
3189.734650950,0,0
3190.742252794,0,1
3190.744665810,0,0
3191.752267744,0,1
3191.753537396,1,1
3191.756169538,0,1
3191.756205010,0,0
3192.762282586,0,1
3192.764695854,0,0
3193.772297508,0,1
3193.774710524,0,0
3194.782312386,0,1
3194.784725652,0,0
3195.792327324,0,1
3195.794740340,0,0
3196.802342156,0,1
3196.804755422,0,0
3197.812357072,0,1
3197.814770090,0,0
3198.822371958,0,1
3198.824785226,0,0
3199.832386892,0,1
3199.834799910,0,0
3200.842401724,0,1
3200.844814990,0,0
3201.852416666,0,1
3201.853686196,1,1
3201.856317918,0,1
3201.856353932,0,0
3202.862431410,0,1
3202.864844428,0,0
3203.872446216,0,1
3203.874859482,0,0
3204.882461196,0,1
3204.884874214,0,0
3205.892476050,0,1
3205.894889316,0,0
3206.902490952,0,1
3206.904903968,0,0
3207.912505820,0,1
3207.914918836,0,0
3208.922520702,0,1
3208.924933968,0,0
3209.932535620,0,1
3209.934948636,0,0
3210.942550444,0,1
3210.944963712,0,0
3211.952565404,0,1
3211.953835186,1,1
3211.956467304,0,1
3211.956502920,0,0
3212.962580400,0,1
3212.964993416,0,0
3213.972595320,0,1
3213.975008336,0,0
3214.982610182,0,1
3214.985023198,0,0
3215.992625002,0,1
3215.995038270,0,0
3217.002639948,0,1
3217.005052966,0,0
3218.012654810,0,1
3218.015068076,0,0
3219.022669724,0,1
3219.025082740,0,0
3220.032684568,0,1
3220.035097834,0,0
3221.042699480,0,1
3221.045112498,0,0
3222.052714320,0,1
3222.053984048,1,1
3222.056615694,0,1
3222.056651586,0,0
3223.062729340,0,1
3223.065142606,0,0
3224.072744252,0,1
3224.075157270,0,0
3225.082759100,0,1
3225.085172118,0,0
3226.092774034,0,1
3226.095187050,0,0
3227.102788902,0,1
3227.105201920,0,0
3228.112803770,0,1
3228.115217036,0,0
3229.122818668,0,1
3229.125231686,0,0
3230.132833550,0,1
3230.135246818,0,0
3231.142848428,0,1
3231.145261446,0,0
3232.152863322,0,1
3232.154132916,1,1
3232.156764690,0,1
3232.156800588,0,0
3233.162878198,0,1
3233.165291464,0,0
3234.172893026,0,1
3234.175306042,0,0
3235.182907978,0,1
3235.185321246,0,0
3236.192922804,0,1
3236.195335820,0,0
3237.202937702,0,1
3237.205350970,0,0
3238.212952632,0,1
3238.215365648,0,0
3239.222967428,0,1
3239.225380694,0,0
3240.232982400,0,1
3240.235395416,0,0
3241.242997262,0,1
3241.244266832,1,1
3241.246898804,0,1
3241.246934528,0,0
3242.253012096,0,1
3242.255425112,0,0
3243.263027008,0,1
3243.265440026,0,0
3244.273041828,0,1
3244.275454846,0,0
3245.283056700,0,1
3245.285469968,0,0
3246.293071584,0,1
3246.295484600,0,0
3247.303086418,0,1
3247.305499684,0,0
3248.313101356,0,1
3248.315514374,0,0
3249.323116250,0,1
3249.325529518,0,0
3250.333131162,0,1
3250.335544180,0,0
3251.343145960,0,1
3251.344415644,1,1
3251.347047528,0,1
3251.347083226,0,0
3252.353160992,0,1
3252.355574008,0,0
3253.363175886,0,1
3253.365588904,0,0
3254.373190768,0,1
3254.375603786,0,0
3255.383205648,0,1
3255.385618664,0,0
3256.393220512,0,1
3256.395633528,0,0
3257.403235406,0,1
3257.405648422,0,0
3258.413250268,0,1
3258.415663284,0,0
3259.423265140,0,1
3259.425678156,0,0
3260.433280014,0,1
3260.435693032,0,0
3261.443294904,0,1
3261.444564474,1,1
3261.447196148,0,1
3261.447232170,0,0
3262.453309756,0,1
3262.455723024,0,0
3263.463324692,0,1
3263.465737708,0,0
3264.473339506,0,1
3264.475752524,0,0
3265.483354426,0,1
3265.485767444,0,0
3266.493369326,0,1
3266.495782594,0,0
3267.503384192,0,1
3267.505797208,0,0
3268.513399058,0,1
3268.515812074,0,0
3269.523413956,0,1
3269.525826972,0,0
3270.533428836,0,1
3270.535841852,0,0
3271.543443682,0,1
3271.544713220,1,1
3271.547344828,0,1
3271.547380948,0,0
3272.553458512,0,1
3272.555871530,0,0
3273.563473452,0,1
3273.565886468,0,0
3274.573488264,0,1
3274.575901280,0,0
3275.583503168,0,1
3275.585916186,0,0
3276.593518008,0,1
3276.595931024,0,0
3277.603532872,0,1
3277.605946140,0,0
3278.613547758,0,1
3278.615960776,0,0
3279.623562622,0,1
3279.625975890,0,0
3280.633577510,0,1
3280.635990528,0,0
3281.643592346,0,1
3281.644861988,1,1
3281.647493302,0,1
3281.647529612,0,0
3282.653607212,0,1
3282.656020480,0,0
3283.663622096,0,1
3283.666035114,0,0
3284.673636940,0,1
3284.676050206,0,0
3285.683651842,0,1
3285.686064860,0,0
3286.693666682,0,1
3286.696079948,0,0
3287.703681574,0,1
3287.706094590,0,0
3288.713696456,0,1
3288.716109474,0,0
3289.723711356,0,1
3289.726124372,0,0
3290.733726208,0,1
3290.736139476,0,0
3291.743741116,0,1
3291.745010690,1,1
3291.747642826,0,1
3291.747678382,0,0
3292.753755948,0,1
3292.756168964,0,0
3293.763770802,0,1
3293.766184068,0,0
3294.773785684,0,1
3294.776198700,0,0
3295.783800538,0,1
3295.786213804,0,0
3296.793815430,0,1
3296.796228446,0,0
3297.803830260,0,1
3297.806243528,0,0
3298.813845210,0,1
3298.816258228,0,0
3299.823860006,0,1
3299.826273272,0,0
3300.833874898,0,1
3300.836287916,0,0
3301.843889732,0,1
3301.845159398,1,1
3301.847791344,0,1
3301.847827000,0,0
3302.853904584,0,1
3302.856317600,0,0
3303.863919432,0,1
3303.866332700,0,0
3304.873934378,0,1
3304.876347394,0,0
3305.883949212,0,1
3305.886362480,0,0
3306.893964076,0,1
3306.896377094,0,0
3307.903978914,0,1
3307.906392182,0,0
3308.913993786,0,1
3308.916406804,0,0
3309.924008680,0,1
3309.926421946,0,0
3310.934023548,0,1
3310.936436564,0,0
3311.944038430,0,1
3311.945308122,1,1
3311.947939692,0,1
3311.947975696,0,0
3312.954053342,0,1
3312.956466358,0,0
3313.964068284,0,1
3313.966481300,0,0
3314.974083120,0,1
3314.976496136,0,0
3315.984097956,0,1
3315.986511222,0,0
3316.994112834,0,1
3316.996525850,0,0
3318.004127644,0,1
3318.006540910,0,0
3319.014142582,0,1
3319.016555598,0,0
3320.024157436,0,1
3320.026570704,0,0
3321.034172344,0,1
3321.036585360,0,0
3322.044187152,0,1
3322.045456796,1,1
3322.048088726,0,1
3322.048124418,0,0
3323.054201988,0,1
3323.056615004,0,0
3324.064216838,0,1
3324.066629854,0,0
3325.074231726,0,1
3325.076644742,0,0
3326.084246508,0,1
3326.086659774,0,0
3327.094261424,0,1
3327.096674440,0,0
3328.104276288,0,1
3328.106689554,0,0
3329.114291204,0,1
3329.116704220,0,0
3330.124306000,0,1
3330.126719268,0,0
3331.134320894,0,1
3331.136733910,0,0
3332.144335700,0,1
3332.145605452,1,1
3332.148237156,0,1
3332.148272966,0,0
3333.154350684,0,1
3333.156763700,0,0
3334.164365490,0,1
3334.166778758,0,0
3335.174380422,0,1
3335.176793438,0,0
3336.184395216,0,1
3336.186808482,0,0
3337.194410176,0,1
3337.196823192,0,0
3338.204425024,0,1
3338.206838290,0,0
3339.214439876,0,1
3339.216852892,0,0
3340.224454724,0,1
3340.226867990,0,0
3341.234469648,0,1
3341.235739208,1,1
3341.238371064,0,1
3341.238406914,0,0
3342.244484460,0,1
3342.246897478,0,0
3343.254499328,0,1
3343.256912344,0,0
3344.264514132,0,1
3344.266927148,0,0
3345.274529034,0,1
3345.276942302,0,0
3346.284543926,0,1
3346.286956944,0,0
3347.294558758,0,1
3347.296972024,0,0
3348.304573590,0,1
3348.306986606,0,0
3349.314588448,0,1
3349.317001714,0,0
3350.324603348,0,1
3350.327016364,0,0
3351.334618170,0,1
3351.335887818,1,1
3351.338519610,0,1
3351.338555436,0,0
3352.344632986,0,1
3352.347046002,0,0
3353.354647884,0,1
3353.357060902,0,0
3354.364662698,0,1
3354.367075714,0,0
3355.374677566,0,1
3355.377090832,0,0
3356.384692424,0,1
3356.387105442,0,0
3357.394707296,0,1
3357.397120564,0,0
3358.404722144,0,1
3358.407135160,0,0
3359.414736972,0,1
3359.417150238,0,0
3360.424751926,0,1
3360.427164942,0,0
3361.434766728,0,1
3361.436036442,1,1
3361.438668256,0,1
3361.438704244,0,0
3362.444781702,0,1
3362.447194970,0,0
3363.454796546,0,1
3363.457209564,0,0
3364.464811406,0,1
3364.467224422,0,0
3365.474826252,0,1
3365.477239270,0,0
3366.484841098,0,1
3366.487254364,0,0
3367.494855992,0,1
3367.497269008,0,0
3368.504870836,0,1
3368.507283852,0,0
3369.514885714,0,1
3369.517298732,0,0
3370.524900550,0,1
3370.527313566,0,0
3371.534915386,0,1
3371.536184960,1,1
3371.538816530,0,1
3371.538852652,0,0
3372.544930278,0,1
3372.547343294,0,0
3373.554945144,0,1
3373.557358160,0,0
3374.564959994,0,1
3374.567373010,0,0
3375.574974852,0,1
3375.577387868,0,0
3376.584989690,0,1
3376.587402706,0,0
3377.595004536,0,1
3377.597417554,0,0
3378.605019396,0,1
3378.607432414,0,0
3379.615034298,0,1
3379.617447316,0,0
3380.625049086,0,1
3380.627462102,0,0
3381.635063990,0,1
3381.636333510,1,1
3381.638965296,0,1
3381.639001256,0,0
3382.645078734,0,1
3382.647492000,0,0
3383.655093596,0,1
3383.657506612,0,0
3384.665108472,0,1
3384.667521488,0,0
3385.675123242,0,1
3385.677536508,0,0
3386.685138090,0,1
3386.687551108,0,0
3387.695152980,0,1
3387.697566248,0,0
3388.705167860,0,1
3388.707580876,0,0
3389.715182708,0,1
3389.717595974,0,0
3390.725197558,0,1
3390.727610574,0,0
3391.735212380,0,1
3391.736482036,1,1
3391.739113908,0,1
3391.739149646,0,0
3392.745227208,0,1
3392.747640224,0,0
3393.755242022,0,1
3393.757655290,0,0
3394.765256934,0,1
3394.767669952,0,0
3395.775271732,0,1
3395.777685000,0,0
3396.785286642,0,1
3396.787699658,0,0
3397.795301460,0,1
3397.797714726,0,0
3398.805316320,0,1
3398.807729336,0,0
3399.815331146,0,1
3399.817744412,0,0
3400.825346008,0,1
3400.827759024,0,0
3401.835360848,0,1
3401.836630526,1,1
3401.839262488,0,1
3401.839298114,0,0
3402.845375782,0,1
3402.847788800,0,0
3403.855390636,0,1
3403.857803902,0,0
3404.865405474,0,1
3404.867818492,0,0
3405.875420340,0,1
3405.877833608,0,0
3406.885435202,0,1
3406.887848218,0,0
3407.895450050,0,1
3407.897863318,0,0
3408.905464890,0,1
3408.907877908,0,0
3409.915479742,0,1
3409.917893008,0,0
3410.925494612,0,1
3410.927907630,0,0
3411.935509426,0,1
3411.936778970,1,1
3411.939410804,0,1
3411.939446692,0,0
3412.945524240,0,1
3412.947937256,0,0
3413.955539038,0,1
3413.957952304,0,0
3414.965553972,0,1
3414.967966988,0,0
3415.975568800,0,1
3415.977982066,0,0
3416.985583630,0,1
3416.987996646,0,0
3417.995598466,0,1
3417.998011732,0,0
3419.005613382,0,1
3419.008026400,0,0
3420.015628186,0,1
3420.018041454,0,0
3421.025643038,0,1
3421.028056056,0,0
3422.035657862,0,1
3422.036927458,1,1
3422.039559276,0,1
3422.039595128,0,0
3423.045672696,0,1
3423.048085712,0,0
3424.055687518,0,1
3424.058100784,0,0
3425.065702380,0,1
3425.068115396,0,0
3426.075717170,0,1
3426.078130436,0,0
3427.085732032,0,1
3427.088145048,0,0
3428.095746876,0,1
3428.098160144,0,0
3429.105761758,0,1
3429.108174774,0,0
3430.115776540,0,1
3430.118189806,0,0
3431.125791440,0,1
3431.128204458,0,0
3432.135806252,0,1
3432.137075884,1,1
3432.139707574,0,1
3432.139743518,0,0
3433.145821076,0,1
3433.148234092,0,0
3434.155835884,0,1
3434.158249150,0,0
3435.165850736,0,1
3435.168263752,0,0
3436.175865588,0,1
3436.178278854,0,0
3437.185880476,0,1
3437.188293492,0,0
3438.195895264,0,1
3438.198308530,0,0
3439.205910188,0,1
3439.208323204,0,0
3440.215924952,0,1
3440.218338220,0,0
3441.225939824,0,1
3441.227209428,1,1
3441.229841044,0,1
3441.229877090,0,0
3442.235954664,0,1
3442.238367680,0,0
3443.245969456,0,1
3443.248382722,0,0
3444.255984358,0,1
3444.258397376,0,0
3445.265999122,0,1
3445.268412388,0,0
3446.276014020,0,1
3446.278427036,0,0
3447.286028874,0,1
3447.288442140,0,0
3448.296043722,0,1
3448.298456738,0,0
3449.306058542,0,1
3449.308471558,0,0
3450.316073362,0,1
3450.318486630,0,0
3451.326088180,0,1
3451.327357860,1,1
3451.329989544,0,1
3451.330025446,0,0
3452.336103142,0,1
3452.338516158,0,0
3453.346117948,0,1
3453.348531216,0,0
3454.356132860,0,1
3454.358545876,0,0
3455.366147658,0,1
3455.368560924,0,0
3456.376162514,0,1
3456.378575530,0,0
3457.386177320,0,1
3457.388590586,0,0
3458.396192212,0,1
3458.398605228,0,0
3459.406207006,0,1
3459.408620274,0,0
3460.416221856,0,1
3460.418634872,0,0
3461.426236688,0,1
3461.427506280,1,1
3461.430138216,0,1
3461.430173954,0,0
3462.436251546,0,1
3462.438664562,0,0
3463.446266302,0,1
3463.448679570,0,0
3464.456281156,0,1
3464.458694172,0,0
3465.466295940,0,1
3465.468709206,0,0
3466.476310896,0,1
3466.478723912,0,0
3467.486325680,0,1
3467.488738946,0,0
3468.496340530,0,1
3468.498753546,0,0
3469.506355370,0,1
3469.508768388,0,0
3470.516370138,0,1
3470.518783406,0,0
3471.526385000,0,1
3471.527654654,1,1
3471.530286160,0,1
3471.530322266,0,0
3472.536399862,0,1
3472.538812878,0,0
3473.546414666,0,1
3473.548827934,0,0
3474.556429524,0,1
3474.558842540,0,0
3475.566444296,0,1
3475.568857562,0,0
3476.576459186,0,1
3476.578872202,0,0
3477.586474028,0,1
3477.588887294,0,0
3478.596488852,0,1
3478.598901870,0,0
3479.606503694,0,1
3479.608916960,0,0
3480.616518522,0,1
3480.618931538,0,0
3481.626533352,0,1
3481.627802958,1,1
3481.630434424,0,1
3481.630470618,0,0
3482.636548194,0,1
3482.638961210,0,0
3483.646562982,0,1
3483.648976250,0,0
3484.656577780,0,1
3484.658990798,0,0
3485.666592668,0,1
3485.669005934,0,0
3486.676607500,0,1
3486.679020518,0,0
3487.686622268,0,1
3487.689035536,0,0
3488.696637162,0,1
3488.699050180,0,0
3489.706651988,0,1
3489.709065006,0,0
3490.716666804,0,1
3490.719080070,0,0
3491.726681646,0,1
3491.727951294,1,1
3491.730583536,0,1
3491.730618910,0,0
3492.736696444,0,1
3492.739109460,0,0
3493.746711236,0,1
3493.749124504,0,0
3494.756726116,0,1
3494.759139132,0,0
3495.766740912,0,1
3495.769154180,0,0
3496.776755756,0,1
3496.779168774,0,0
3497.786770600,0,1
3497.789183868,0,0
3498.796785410,0,1
3498.799198426,0,0
3499.806800250,0,1
3499.809213266,0,0
3500.816815076,0,1
3500.819228344,0,0
3501.826829952,0,1
3501.828099602,1,1
3501.830731086,0,1
3501.830767216,0,0
3502.836844860,0,1
3502.839257878,0,0
3503.846859614,0,1
3503.849272882,0,0
3504.856874510,0,1
3504.859287526,0,0
3505.866889276,0,1
3505.869302542,0,0
3506.876904174,0,1
3506.879317190,0,0
3507.886918994,0,1
3507.889332260,0,0
3508.896933846,0,1
3508.899346862,0,0
3509.906948640,0,1
3509.909361906,0,0
3510.916963480,0,1
3510.919376496,0,0
3511.926978230,0,1
3511.928247886,1,1
3511.930879514,0,1
3511.930915496,0,0
3512.936993052,0,1
3512.939406068,0,0
3513.947007886,0,1
3513.949421152,0,0
3514.957022766,0,1
3514.959435784,0,0
3515.967037510,0,1
3515.969450778,0,0
3516.977052408,0,1
3516.979465424,0,0
3517.987067212,0,1
3517.989480480,0,0
3518.997082114,0,1
3518.999495130,0,0
3520.007096862,0,1
3520.009510128,0,0
3521.017111700,0,1
3521.019524718,0,0
3522.027126512,0,1
3522.028396184,1,1
3522.031027734,0,1
3522.031063778,0,0
3523.037141424,0,1
3523.039554440,0,0
3524.047156326,0,1
3524.049569344,0,0
3525.057171122,0,1
3525.059584138,0,0
3526.067185890,0,1
3526.069599158,0,0
3527.077200774,0,1
3527.079613792,0,0
3528.087215548,0,1
3528.089628814,0,0
3529.097230450,0,1
3529.099643466,0,0
3530.107245210,0,1
3530.109658476,0,0
3531.117260056,0,1
3531.119673074,0,0
3532.127274896,0,1
3532.128544402,1,1
3532.131176344,0,1
3532.131212162,0,0
3533.137289584,0,1
3533.139702600,0,0
3534.147304348,0,1
3534.149717616,0,0
3535.157319228,0,1
3535.159732244,0,0
3536.167334018,0,1
3536.169747036,0,0
3537.177348842,0,1
3537.179762108,0,0
3538.187363700,0,1
3538.189776716,0,0
3539.197378466,0,1
3539.199791732,0,0
3540.207393330,0,1
3540.209806346,0,0
3541.217408106,0,1
3541.218677738,1,1
3541.221309404,0,1
3541.221345372,0,0
3542.227422912,0,1
3542.229835928,0,0
3543.237437664,0,1
3543.239850932,0,0
3544.247452546,0,1
3544.249865562,0,0
3545.257467404,0,1
3545.259880670,0,0
3546.267482206,0,1
3546.269895222,0,0
3547.277496980,0,1
3547.279910248,0,0
3548.287511856,0,1
3548.289924874,0,0
3549.297526610,0,1
3549.299939626,0,0
3550.307541458,0,1
3550.309954726,0,0
3551.317556266,0,1
3551.318826032,1,1
3551.321457672,0,1
3551.321493782,0,0
3552.327571202,0,1
3552.329984220,0,0
3553.337586038,0,1
3553.339999306,0,0
3554.347600852,0,1
3554.350013868,0,0
3555.357615622,0,1
3555.360028888,0,0
3556.367630480,0,1
3556.370043496,0,0
3557.377645274,0,1
3557.380058542,0,0
3558.387660144,0,1
3558.390073160,0,0
3559.397674936,0,1
3559.400088202,0,0
3560.407689774,0,1
3560.410102792,0,0
3561.417704560,0,1
3561.418974214,1,1
3561.421606306,0,1
3561.421641826,0,0
3562.427719368,0,1
3562.430132384,0,0
3563.437734174,0,1
3563.440147442,0,0
3564.447749008,0,1
3564.450162024,0,0
3565.457763838,0,1
3565.460177104,0,0
3566.467778642,0,1
3566.470191660,0,0
3567.477793384,0,1
3567.480206652,0,0
3568.487808274,0,1
3568.490221292,0,0
3569.497823122,0,1
3569.500236388,0,0
3570.507837960,0,1
3570.510250976,0,0
3571.517852704,0,1
3571.519122458,1,1
3571.521754228,0,1
3571.521789970,0,0
3572.527867634,0,1
3572.530280650,0,0
3573.537882408,0,1
3573.540295674,0,0
3574.547897316,0,1
3574.550310332,0,0
3575.557912018,0,1
3575.560325284,0,0
3576.567926896,0,1
3576.570339912,0,0
3577.577941704,0,1
3577.580354970,0,0
3578.587956500,0,1
3578.590369518,0,0
3579.597971336,0,1
3579.600384602,0,0
3580.607986184,0,1
3580.610399202,0,0
3581.618000988,0,1
3581.619270624,1,1
3581.621902288,0,1
3581.621938254,0,0
3582.628015770,0,1
3582.630428788,0,0
3583.638030548,0,1
3583.640443816,0,0
3584.648045420,0,1
3584.650458438,0,0
3585.658060180,0,1
3585.660473446,0,0
3586.668075026,0,1
3586.670488042,0,0
3587.678089824,0,1
3587.680503090,0,0
3588.688104630,0,1
3588.690517646,0,0
3589.698119458,0,1
3589.700532724,0,0
3590.708134260,0,1
3590.710547276,0,0
3591.718149060,0,1
3591.719418758,1,1
3591.722050476,0,1
3591.722086576,0,0
3592.728163970,0,1
3592.730576986,0,0
3593.738178806,0,1
3593.740592072,0,0
3594.748193616,0,1
3594.750606632,0,0
3595.758208430,0,1
3595.760621698,0,0
3596.768223244,0,1
3596.770636262,0,0
3597.778238052,0,1
3597.780651318,0,0
3598.788252916,0,1
3598.790665934,0,0
3599.798267646,0,1
3599.800680912,0,0
3600.808282496,0,1
3600.810695764,0,0
3601.818297306,0,1
3601.819566924,1,1
3601.822198666,0,1
3601.822234572,0,0
3602.828312122,0,1
3602.830725138,0,0
3603.838326900,0,1
3603.840740168,0,0
3604.848341766,0,1
3604.850754782,0,0
3605.858356486,0,1
3605.860769754,0,0
3606.868371346,0,1
3606.870784364,0,0
3607.878386154,0,1
3607.880799420,0,0
3608.888400972,0,1
3608.890813988,0,0
3609.898415766,0,1
3609.900829032,0,0
3610.908430628,0,1
3610.910843646,0,0
3611.918445394,0,1
3611.919715004,1,1
3611.922346848,0,1
3611.922382660,0,0
3612.928460188,0,1
3612.930873204,0,0
3613.938475012,0,1
3613.940888280,0,0
3614.948489826,0,1
3614.950902844,0,0
3615.958504616,0,1
3615.960917882,0,0
3616.968519464,0,1
3616.970932480,0,0
3617.978534270,0,1
3617.980947536,0,0
3618.988549066,0,1
3618.990962082,0,0
3619.998563868,0,1
3620.000977134,0,0
3621.008578726,0,1
3621.010991744,0,0
3622.018593504,0,1
3622.019863136,1,1
3622.022494644,0,1
3622.022530770,0,0
3623.028608268,0,1
3623.031021284,0,0
3624.038623100,0,1
3624.041036118,0,0
3625.048637864,0,1
3625.051050880,0,0
3626.058652670,0,1
3626.061065936,0,0
3627.068667506,0,1
3627.071080522,0,0
3628.078682274,0,1
3628.081095540,0,0
3629.088697090,0,1
3629.091110106,0,0
3630.098711910,0,1
3630.101125176,0,0
3631.108726730,0,1
3631.111139746,0,0
3632.118741546,0,1
3632.120011186,1,1
3632.122642838,0,1
3632.122678812,0,0
3633.128756288,0,1
3633.131169304,0,0
3634.138771110,0,1
3634.141184378,0,0
3635.148785942,0,1
3635.151198958,0,0
3636.158800700,0,1
3636.161213966,0,0
3637.168815552,0,1
3637.171228568,0,0
3638.178830318,0,1
3638.181243584,0,0
3639.188845170,0,1
3639.191258186,0,0
3640.198859918,0,1
3640.201273186,0,0
3641.208874808,0,1
3641.210144442,1,1
3641.212776050,0,1
3641.212812074,0,0
3642.218889568,0,1
3642.221302586,0,0
3643.228904358,0,1
3643.231317626,0,0
3644.238919214,0,1
3644.241332230,0,0
3645.248933970,0,1
3645.251347236,0,0
3646.258948800,0,1
3646.261361818,0,0
3647.268963554,0,1
3647.271376820,0,0
3648.278978432,0,1
3648.281391448,0,0
3649.288993178,0,1
3649.291406446,0,0
3650.299008062,0,1
3650.301421080,0,0
3651.309022822,0,1
3651.310292472,1,1
3651.312924270,0,1
3651.312960088,0,0
3652.319037712,0,1
3652.321450730,0,0
3653.329052462,0,1
3653.331465728,0,0
3654.339067296,0,1
3654.341480312,0,0
3655.349082094,0,1
3655.351495360,0,0
3656.359096952,0,1
3656.361509968,0,0
3657.369111700,0,1
3657.371524966,0,0
3658.379126540,0,1
3658.381539556,0,0
3659.389141268,0,1
3659.391554534,0,0
3660.399156166,0,1
3660.401569184,0,0
3661.409170930,0,1
3661.410440414,1,1
3661.413072548,0,1
3661.413108194,0,0
3662.419185554,0,1
3662.421598572,0,0
3663.429200326,0,1
3663.431613592,0,0
3664.439215186,0,1
3664.441628202,0,0
3665.449229940,0,1
3665.451643206,0,0
3666.459244774,0,1
3666.461657790,0,0
3667.469259598,0,1
3667.471672616,0,0
3668.479274338,0,1
3668.481687604,0,0
3669.489289194,0,1
3669.491702210,0,0
3670.499303958,0,1
3670.501717224,0,0
3671.509318768,0,1
3671.510588494,1,1
3671.513220196,0,1
3671.513256284,0,0
3672.519333658,0,1
3672.521746674,0,0
3673.529348464,0,1
3673.531761732,0,0
3674.539363276,0,1
3674.541776294,0,0
3675.549378060,0,1
3675.551791326,0,0
3676.559392864,0,1
3676.561805880,0,0
3677.569407686,0,1
3677.571820952,0,0
3678.579422492,0,1
3678.581835510,0,0
3679.589437268,0,1
3679.591850536,0,0
3680.599452026,0,1
3680.601865292,0,0
3681.609466824,0,1
3681.610736444,1,1
3681.613368032,0,1
3681.613404090,0,0
3682.619481608,0,1
3682.621894624,0,0
3683.629496358,0,1
3683.631909624,0,0
3684.639511258,0,1
3684.641924276,0,0
3685.649526014,0,1
3685.651939282,0,0
3686.659540800,0,1
3686.661953818,0,0
3687.669555574,0,1
3687.671968840,0,0
3688.679570436,0,1
3688.681983452,0,0
3689.689585222,0,1
3689.691998238,0,0
3690.699599954,0,1
3690.702013222,0,0
3691.709614802,0,1
3691.710884406,1,1
3691.713516068,0,1
3691.713552068,0,0
3692.719629578,0,1
3692.722042594,0,0
3693.729644356,0,1
3693.732057624,0,0
3694.739659128,0,1
3694.742072144,0,0
3695.749673928,0,1
3695.752087196,0,0
3696.759688750,0,1
3696.762101766,0,0
3697.769703556,0,1
3697.772116824,0,0
3698.779718340,0,1
3698.782131356,0,0
3699.789733134,0,1
3699.792146150,0,0
3700.799747876,0,1
3700.802161142,0,0
3701.809762684,0,1
3701.811032358,1,1
3701.813664156,0,1
3701.813699950,0,0
3702.819777622,0,1
3702.822190638,0,0
3703.829792394,0,1
3703.832205660,0,0
3704.839807202,0,1
3704.842220218,0,0
3705.849821930,0,1
3705.852235196,0,0
3706.859836812,0,1
3706.862249828,0,0
3707.869851616,0,1
3707.872264882,0,0
3708.879866404,0,1
3708.882279422,0,0
3709.889881182,0,1
3709.892294448,0,0
3710.899895984,0,1
3710.902309000,0,0
3711.909910744,0,1
3711.911180334,1,1
3711.913812610,0,1
3711.913848010,0,0
3712.919925500,0,1
3712.922338516,0,0
3713.929940262,0,1
3713.932353528,0,0
3714.939955108,0,1
3714.942368124,0,0
3715.949969900,0,1
3715.952383166,0,0
3716.959984748,0,1
3716.962397766,0,0
3717.969999458,0,1
3717.972412724,0,0
3718.980014298,0,1
3718.982427314,0,0
3719.990029038,0,1
3719.992442304,0,0
3721.000043844,0,1
3721.002456860,0,0
3722.010058650,0,1
3722.011328290,1,1
3722.013960510,0,1
3722.013995914,0,0
3723.020073416,0,1
3723.022486432,0,0
3724.030088186,0,1
3724.032501452,0,0
3725.040102976,0,1
3725.042515992,0,0
3726.050117744,0,1
3726.052531010,0,0
3727.060132610,0,1
3727.062545626,0,0
3728.070147374,0,1
3728.072560640,0,0
3729.080162168,0,1
3729.082575184,0,0
3730.090176908,0,1
3730.092590174,0,0
3731.100191722,0,1
3731.102604738,0,0
3732.110206520,0,1
3732.111476146,1,1
3732.114108256,0,1
3732.114143786,0,0
3733.120221312,0,1
3733.122634328,0,0
3734.130236056,0,1
3734.132649322,0,0
3735.140250908,0,1
3735.142663926,0,0
3736.150265652,0,1
3736.152678668,0,0
3737.160280436,0,1
3737.162693704,0,0
3738.170295276,0,1
3738.172708292,0,0
3739.180309958,0,1
3739.182723224,0,0
3740.190324802,0,1
3740.192737820,0,0
3741.200339600,0,1
3741.201609236,1,1
3741.204240632,0,1
3741.204276866,0,0
3742.210354340,0,1
3742.212767356,0,0
3743.220369078,0,1
3743.222782344,0,0
3744.230383938,0,1
3744.232796954,0,0
3745.240398680,0,1
3745.242811946,0,0
3746.250413462,0,1
3746.252826478,0,0
3747.260428222,0,1
3747.262841488,0,0
3748.270443054,0,1
3748.272856072,0,0
3749.280457804,0,1
3749.282871072,0,0
3750.290472658,0,1
3750.292885674,0,0
3751.300487398,0,1
3751.301757102,1,1
3751.304388768,0,1
3751.304424914,0,0
3752.310502314,0,1
3752.312915330,0,0
3753.320517050,0,1
3753.322930316,0,0
3754.330531828,0,1
3754.332944844,0,0
3755.340546590,0,1
3755.342959856,0,0
3756.350561416,0,1
3756.352974434,0,0
3757.360576208,0,1
3757.362989474,0,0
3758.370591054,0,1
3758.373004070,0,0
3759.380605750,0,1
3759.383019016,0,0
3760.390620602,0,1
3760.393033618,0,0
3761.400635364,0,1
3761.401904966,1,1
3761.404536942,0,1
3761.404572630,0,0
3762.410650128,0,1
3762.413063144,0,0
3763.420664884,0,1
3763.423078152,0,0
3764.430679678,0,1
3764.433092694,0,0
3765.440694414,0,1
3765.443107680,0,0
3766.450709232,0,1
3766.453122248,0,0
3767.460724038,0,1
3767.463137304,0,0
3768.470738872,0,1
3768.473151888,0,0
3769.480753608,0,1
3769.483166876,0,0
3770.490768442,0,1
3770.493181458,0,0
3771.500783140,0,1
3771.502052810,1,1
3771.504684278,0,1
3771.504720404,0,0
3772.510798010,0,1
3772.513211028,0,0
3773.520812812,0,1
3773.523226078,0,0
3774.530827642,0,1
3774.533240658,0,0
3775.540842372,0,1
3775.543255640,0,0
3776.550857152,0,1
3776.553270170,0,0
3777.560871926,0,1
3777.563285192,0,0
3778.570886762,0,1
3778.573299780,0,0
3779.580901542,0,1
3779.583314810,0,0
3780.590916306,0,1
3780.593329324,0,0
3781.600931060,0,1
3781.602200620,1,1
3781.604832556,0,1
3781.604868326,0,0
3782.610945812,0,1
3782.613358828,0,0
3783.620960574,0,1
3783.623373840,0,0
3784.630975392,0,1
3784.633388408,0,0
3785.640990142,0,1
3785.643403408,0,0
3786.651004956,0,1
3786.653417974,0,0
3787.661019676,0,1
3787.663432942,0,0
3788.671034500,0,1
3788.673447516,0,0
3789.681049278,0,1
3789.683462544,0,0
3790.691064044,0,1
3790.693477062,0,0
3791.701078808,0,1
3791.702348474,1,1
3791.704980242,0,1
3791.705016074,0,0
3792.711093596,0,1
3792.713506614,0,0
3793.721108300,0,1
3793.723521566,0,0
3794.731123144,0,1
3794.733536160,0,0
3795.741137906,0,1
3795.743551172,0,0
3796.751152708,0,1
3796.753565724,0,0
3797.761167474,0,1
3797.763580742,0,0
3798.771182242,0,1
3798.773595260,0,0
3799.781197052,0,1
3799.783610070,0,0
3800.791211770,0,1
3800.793625038,0,0
3801.801226626,0,1
3801.802496228,1,1
3801.805128214,0,1
3801.805163890,0,0
3802.811241358,0,1
3802.813654374,0,0
3803.821256054,0,1
3803.823669320,0,0
3804.831270918,0,1
3804.833683936,0,0
3805.841285682,0,1
3805.843698948,0,0
3806.851300436,0,1
3806.853713452,0,0
3807.861315236,0,1
3807.863728502,0,0
3808.871330034,0,1
3808.873743050,0,0
3809.881344796,0,1
3809.883758062,0,0
3810.891359612,0,1
3810.893772628,0,0
3811.901374348,0,1
3811.902644040,1,1
3811.905275750,0,1
3811.905311614,0,0
3812.911389228,0,1
3812.913802244,0,0
3813.921404020,0,1
3813.923817038,0,0
3814.931418814,0,1
3814.933831830,0,0
3815.941433562,0,1
3815.943846828,0,0
3816.951448332,0,1
3816.953861350,0,0
3817.961463098,0,1
3817.963876364,0,0
3818.971477870,0,1
3818.973890886,0,0
3819.981492612,0,1
3819.983905878,0,0
3820.991507472,0,1
3820.993920488,0,0
3822.001522182,0,1
3822.002791750,1,1
3822.005423374,0,1
3822.005459448,0,0
3823.011536966,0,1
3823.013949982,0,0
3824.021551734,0,1
3824.023964750,0,0
3825.031566492,0,1
3825.033979510,0,0
3826.041581280,0,1
3826.043994548,0,0
3827.051596050,0,1
3827.054009068,0,0
3828.061610810,0,1
3828.064024076,0,0
3829.071625606,0,1
3829.074038624,0,0
3830.081640352,0,1
3830.084053618,0,0
3831.091655154,0,1
3831.094068170,0,0
3832.101669936,0,1
3832.102939470,1,1
3832.105570866,0,1
3832.105607202,0,0
3833.111684542,0,1
3833.114097558,0,0
3834.121699316,0,1
3834.124112584,0,0
3835.131714084,0,1
3835.134127100,0,0
3836.141728816,0,1
3836.144142082,0,0
3837.151743662,0,1
3837.154156680,0,0
3838.161758388,0,1
3838.164171654,0,0
3839.171773200,0,1
3839.174186216,0,0
3840.181787928,0,1
3840.184200946,0,0
3841.191802704,0,1
3841.193072450,1,1
3841.195704128,0,1
3841.195740220,0,0
3842.201817530,0,1
3842.204230548,0,0
3843.211832298,0,1
3843.214245564,0,0
3844.221847086,0,1
3844.224260104,0,0
3845.231861848,0,1
3845.234275116,0,0
3846.241876648,0,1
3846.244289666,0,0
3847.251891400,0,1
3847.254304666,0,0
3848.261906212,0,1
3848.264319228,0,0
3849.271920970,0,1
3849.274334238,0,0
3850.281935764,0,1
3850.284348780,0,0
3851.291950528,0,1
3851.293220184,1,1
3851.295851788,0,1
3851.295887794,0,0
3852.301965274,0,1
3852.304378290,0,0
3853.311980000,0,1
3853.314393266,0,0
3854.321994824,0,1
3854.324407840,0,0
3855.332009578,0,1
3855.334422844,0,0
3856.342024314,0,1
3856.344437330,0,0
3857.352039098,0,1
3857.354452366,0,0
3858.362053812,0,1
3858.364467078,0,0
3859.372068604,0,1
3859.374481620,0,0
3860.382083398,0,1
3860.384496664,0,0
3861.392098154,0,1
3861.393367864,1,1
3861.395999916,0,1
3861.396035670,0,0
3862.402113052,0,1
3862.404526070,0,0
3863.412127806,0,1
3863.414541072,0,0
3864.422142554,0,1
3864.424555570,0,0
3865.432157302,0,1
3865.434570568,0,0
3866.442172150,0,1
3866.444585166,0,0
3867.452186870,0,1
3867.454599886,0,0
3868.462201616,0,1
3868.464614882,0,0
3869.472216398,0,1
3869.474629414,0,0
3870.482231122,0,1
3870.484644388,0,0
3871.492245926,0,1
3871.493515534,1,1
3871.496147690,0,1
3871.496183192,0,0
3872.502260690,0,1
3872.504673708,0,0
3873.512275422,0,1
3873.514688688,0,0
3874.522290226,0,1
3874.524703242,0,0
3875.532304976,0,1
3875.534718242,0,0
3876.542319776,0,1
3876.544732792,0,0
3877.552334544,0,1
3877.554747812,0,0
3878.562349318,0,1
3878.564762334,0,0
3879.572364082,0,1
3879.574777348,0,0
3880.582378872,0,1
3880.584791888,0,0
3881.592393640,0,1
3881.593663244,1,1
3881.596294960,0,1
3881.596330906,0,0
3882.602408344,0,1
3882.604821360,0,0
3883.612423038,0,1
3883.614836304,0,0
3884.622437870,0,1
3884.624850886,0,0
3885.632452584,0,1
3885.634865850,0,0
3886.642467456,0,1
3886.644880472,0,0
3887.652482120,0,1
3887.654895388,0,0
3888.662496954,0,1
3888.664909970,0,0
3889.672511666,0,1
3889.674924932,0,0
3890.682526492,0,1
3890.684939508,0,0
3891.692541234,0,1
3891.693810860,1,1
3891.696442604,0,1
3891.696478500,0,0
3892.702555946,0,1
3892.704968964,0,0
3893.712570692,0,1
3893.714983958,0,0
3894.722585454,0,1
3894.724998472,0,0
3895.732600218,0,1
3895.735013484,0,0
3896.742615024,0,1
3896.745028040,0,0
3897.752629772,0,1
3897.755043038,0,0
3898.762644530,0,1
3898.765057548,0,0
3899.772659302,0,1
3899.775072318,0,0
3900.782674038,0,1
3900.785087306,0,0
3901.792688832,0,1
3901.793958422,1,1
3901.796590034,0,1
3901.796626096,0,0
3902.802703542,0,1
3902.805116558,0,0
3903.812718232,0,1
3903.815131498,0,0
3904.822733050,0,1
3904.825146066,0,0
3905.832747834,0,1
3905.835161100,0,0
3906.842762600,0,1
3906.845175616,0,0
3907.852777362,0,1
3907.855190628,0,0
3908.862792054,0,1
3908.865205320,0,0
3909.872806872,0,1
3909.875219888,0,0
3910.882821618,0,1
3910.885234886,0,0
3911.892836400,0,1
3911.894106092,1,1
3911.896737420,0,1
3911.896773666,0,0
3912.902851262,0,1
3912.905264278,0,0
3913.912866010,0,1
3913.915279276,0,0
3914.922880808,0,1
3914.925293824,0,0
3915.932895504,0,1
3915.935308770,0,0
3916.942910320,0,1
3916.945323336,0,0
3917.952925074,0,1
3917.955338340,0,0
3918.962939866,0,1
3918.965352882,0,0
3919.972954574,0,1
3919.975367840,0,0
3920.982969384,0,1
3920.985382402,0,0
3921.992984086,0,1
3921.994253632,1,1
3921.996885086,0,1
3921.996921102,0,0
3923.002998818,0,1
3923.005411834,0,0
3924.013013584,0,1
3924.015426850,0,0
3925.023028322,0,1
3925.025441338,0,0
3926.033043094,0,1
3926.035456362,0,0
3927.043057902,0,1
3927.045470918,0,0
3928.053072588,0,1
3928.055485856,0,0
3929.063087402,0,1
3929.065500418,0,0
3930.073102136,0,1
3930.075515402,0,0
3931.083116890,0,1
3931.085529906,0,0
3932.093131662,0,1
3932.094401254,1,1
3932.097032742,0,1
3932.097068928,0,0
3933.103146416,0,1
3933.105559432,0,0
3934.113161152,0,1
3934.115574420,0,0
3935.123175926,0,1
3935.125588944,0,0
3936.133190658,0,1
3936.135603924,0,0
3937.143205464,0,1
3937.145618480,0,0
3938.153220130,0,1
3938.155633398,0,0
3939.163235002,0,1
3939.165648018,0,0
3940.173249706,0,1
3940.175662972,0,0
3941.183264478,0,1
3941.184534004,1,1
3941.187165628,0,1
3941.187201492,0,0
3942.193279088,0,1
3942.195692106,0,0
3943.203293774,0,1
3943.205707042,0,0
3944.213308570,0,1
3944.215721586,0,0
3945.223323302,0,1
3945.225736570,0,0
3946.233338084,0,1
3946.235751100,0,0
3947.243352816,0,1
3947.245765832,0,0
3948.253367554,0,1
3948.255780820,0,0
3949.263382362,0,1
3949.265795378,0,0
3950.273397104,0,1
3950.275810370,0,0
3951.283411834,0,1
3951.284681610,1,1
3951.287313510,0,1
3951.287349100,0,0
3952.293426730,0,1
3952.295839746,0,0
3953.303441448,0,1
3953.305854714,0,0
3954.313456246,0,1
3954.315869264,0,0
3955.323470902,0,1
3955.325884170,0,0
3956.333485762,0,1
3956.335898778,0,0
3957.343500446,0,1
3957.345913712,0,0
3958.353515204,0,1
3958.355928222,0,0
3959.363529972,0,1
3959.365942988,0,0
3960.373544674,0,1
3960.375957942,0,0
3961.383559494,0,1
3961.384829140,1,1
3961.387460490,0,1
3961.387496760,0,0
3962.393574182,0,1
3962.395987198,0,0
3963.403588928,0,1
3963.406002196,0,0
3964.413603692,0,1
3964.416016708,0,0
3965.423618420,0,1
3965.426031686,0,0
3966.433633222,0,1
3966.436046238,0,0
3967.443647958,0,1
3967.446061226,0,0
3968.453662736,0,1
3968.456075752,0,0
3969.463677428,0,1
3969.466090444,0,0
3970.473692138,0,1
3970.476105406,0,0
3971.483706950,0,1
3971.484976612,1,1
3971.487608498,0,1
3971.487644216,0,0
3972.493721740,0,1
3972.496134756,0,0
3973.503736410,0,1
3973.506149676,0,0
3974.513751190,0,1
3974.516164206,0,0
3975.523765896,0,1
3975.526179162,0,0
3976.533780722,0,1
3976.536193740,0,0
3977.543795408,0,1
3977.546208674,0,0
3978.553810224,0,1
3978.556223240,0,0
3979.563824930,0,1
3979.566237946,0,0
3980.573839660,0,1
3980.576252926,0,0
3981.583854492,0,1
3981.585124240,1,1
3981.587755890,0,1
3981.587792008,0,0
3982.593869340,0,1
3982.596282356,0,0
3983.603884036,0,1
3983.606297302,0,0
3984.613898788,0,1
3984.616311804,0,0
3985.623913482,0,1
3985.626326750,0,0
3986.633928308,0,1
3986.636341326,0,0
3987.643943076,0,1
3987.646356342,0,0
3988.653957802,0,1
3988.656370818,0,0
3989.663972548,0,1
3989.666385816,0,0
3990.673987290,0,1
3990.676400308,0,0
3991.684002064,0,1
3991.685271676,1,1
3991.687903426,0,1
3991.687939328,0,0
3992.694016748,0,1
3992.696429764,0,0
3993.704031502,0,1
3993.706444768,0,0
3994.714046226,0,1
3994.716459242,0,0
3995.724060984,0,1
3995.726474250,0,0
3996.734075778,0,1
3996.736488794,0,0
3997.744090520,0,1
3997.746503788,0,0
3998.754105208,0,1
3998.756518474,0,0
3999.764120002,0,1
3999.766533018,0,0
4000.774134754,0,1
4000.776548022,0,0
4001.784149538,0,1
4001.785419228,1,1
4001.788050944,0,1
4001.788086802,0,0
4002.794164372,0,1
4002.796577388,0,0
4003.804179056,0,1
4003.806592324,0,0
4004.814193886,0,1
4004.816606902,0,0
4005.824208564,0,1
4005.826621832,0,0
4006.834223358,0,1
4006.836636374,0,0
4007.844238118,0,1
4007.846651384,0,0
4008.854252916,0,1
4008.856665934,0,0
4009.864267592,0,1
4009.866680858,0,0
4010.874282376,0,1
4010.876695392,0,0
4011.884297074,0,1
4011.885566606,1,1
4011.888198280,0,1
4011.888234088,0,0
4012.894311704,0,1
4012.896724720,0,0
4013.904326436,0,1
4013.906739702,0,0
4014.914341170,0,1
4014.916754186,0,0
4015.924355870,0,1
4015.926769138,0,0
4016.934370648,0,1
4016.936783666,0,0
4017.944385392,0,1
4017.946798658,0,0
4018.954400178,0,1
4018.956813194,0,0
4019.964414886,0,1
4019.966827902,0,0
4020.974429582,0,1
4020.976842850,0,0
4021.984444360,0,1
4021.985714044,1,1
4021.988345464,0,1
4021.988381624,0,0
4022.994459192,0,1
4022.996872208,0,0
4024.004474008,0,1
4024.006887026,0,0
4025.014488720,0,1
4025.016901736,0,0
4026.024503452,0,1
4026.026916720,0,0
4027.034518224,0,1
4027.036931240,0,0
4028.044532900,0,1
4028.046946166,0,0
4029.054547672,0,1
4029.056960688,0,0
4030.064562434,0,1
4030.066975700,0,0
4031.074577202,0,1
4031.076990220,0,0
4032.084591922,0,1
4032.085861518,1,1
4032.088493800,0,1
4032.088529188,0,0
4033.094606590,0,1
4033.097019608,0,0
4034.104621368,0,1
4034.107034634,0,0
4035.114636062,0,1
4035.117049080,0,0
4036.124650822,0,1
4036.127064088,0,0
4037.134665602,0,1
4037.137078618,0,0
4038.144680316,0,1
4038.147093582,0,0
4039.154695058,0,1
4039.157108076,0,0
4040.164709802,0,1
4040.167123068,0,0
4041.174724596,0,1
4041.175994188,1,1
4041.178625870,0,1
4041.178661860,0,0
4042.184739278,0,1
4042.187152296,0,0
4043.194753968,0,1
4043.197167234,0,0
4044.204768806,0,1
4044.207181824,0,0
4045.214783460,0,1
4045.217196726,0,0
4046.224798278,0,1
4046.227211294,0,0
4047.234812978,0,1
4047.237226246,0,0
4048.244827784,0,1
4048.247240802,0,0
4049.254842430,0,1
4049.257255696,0,0
4050.264857234,0,1
4050.267270250,0,0
4051.274871956,0,1
4051.276141606,1,1
4051.278772952,0,1
4051.278809222,0,0
4052.284886634,0,1
4052.287299650,0,0
4053.294901328,0,1
4053.297314594,0,0
4054.304916130,0,1
4054.307329146,0,0
4055.314930852,0,1
4055.317344120,0,0
4056.324945652,0,1
4056.327358668,0,0
4057.334960342,0,1
4057.337373610,0,0
4058.344975112,0,1
4058.347388130,0,0
4059.354989828,0,1
4059.357403094,0,0
4060.365004578,0,1
4060.367417596,0,0
4061.375019324,0,1
4061.376289042,1,1
4061.378921200,0,1
4061.378956838,0,0
4062.385034072,0,1
4062.387447088,0,0
4063.395048882,0,1
4063.397462148,0,0
4064.405063610,0,1
4064.407476626,0,0
4065.415078336,0,1
4065.417491602,0,0
4066.425093098,0,1
4066.427506116,0,0
4067.435107832,0,1
4067.437520848,0,0
4068.445122512,0,1
4068.447535778,0,0
4069.455137272,0,1
4069.457550288,0,0
4070.465152008,0,1
4070.467565274,0,0
4071.475166748,0,1
4071.476436388,1,1
4071.479068260,0,1
4071.479104014,0,0
4072.485181480,0,1
4072.487594496,0,0
4073.495196232,0,1
4073.497609498,0,0
4074.505210978,0,1
4074.507623994,0,0
4075.515225680,0,1
4075.517638946,0,0
4076.525240434,0,1
4076.527653452,0,0
4077.535255140,0,1
4077.537668406,0,0
4078.545269948,0,1
4078.547682966,0,0
4079.555284616,0,1
4079.557697882,0,0
4080.565299406,0,1
4080.567712422,0,0
4081.575314136,0,1
4081.576583808,1,1
4081.579215832,0,1
4081.579251402,0,0
4082.585328922,0,1
4082.587741938,0,0
4083.595343708,0,1
4083.597756974,0,0
4084.605358406,0,1
4084.607771422,0,0
4085.615373140,0,1
4085.617786408,0,0
4086.625387902,0,1
4086.627800920,0,0
4087.635402650,0,1
4087.637815918,0,0
4088.645417356,0,1
4088.647830372,0,0
4089.655432068,0,1
4089.657845334,0,0
4090.665446836,0,1
4090.667859852,0,0
4091.675461560,0,1
4091.676731144,1,1
4091.679362916,0,1
4091.679398824,0,0
4092.685476292,0,1
4092.687889308,0,0
4093.695491068,0,1
4093.697904086,0,0
4094.705505758,0,1
4094.707918776,0,0
4095.715520496,0,1
4095.717933762,0,0
4096.725535264,0,1
4096.727948280,0,0
4097.735549904,0,1
4097.737963170,0,0
4098.745564742,0,1
4098.747977758,0,0
4099.755579428,0,1
4099.757992694,0,0
4100.765594202,0,1
4100.768007218,0,0
4101.775608906,0,1
4101.776878538,1,1
4101.779510186,0,1
4101.779546172,0,0
4102.785623584,0,1
4102.788036600,0,0
4103.795638284,0,1
4103.798051550,0,0
4104.805653086,0,1
4104.808066104,0,0
4105.815667772,0,1
4105.818081038,0,0
4106.825682534,0,1
4106.828095550,0,0
4107.835697240,0,1
4107.838110506,0,0
4108.845711986,0,1
4108.848125004,0,0
4109.855726702,0,1
4109.858139968,0,0
4110.865741494,0,1
4110.868154510,0,0
4111.875756190,0,1
4111.877025806,1,1
4111.879658058,0,1
4111.879693454,0,0
4112.885770892,0,1
4112.888183908,0,0
4113.895785620,0,1
4113.898198886,0,0
4114.905800398,0,1
4114.908213416,0,0
4115.915815062,0,1
4115.918228328,0,0
4116.925829850,0,1
4116.928242866,0,0
4117.935844488,0,1
4117.938257754,0,0
4118.945859330,0,1
4118.948272348,0,0
4119.955874054,0,1
4119.958287318,0,0
4120.965888764,0,1
4120.968301780,0,0
4121.975903442,0,1
4121.977173168,1,1
4121.979805024,0,1
4121.979840958,0,0
4122.985918340,0,1
4122.988331358,0,0
4123.995933072,0,1
4123.998346088,0,0
4125.005947802,0,1
4125.008360818,0,0
4126.015962454,0,1
4126.018375720,0,0
4127.025977244,0,1
4127.028390260,0,0
4128.035991954,0,1
4128.038405220,0,0
4129.046006740,0,1
4129.048419758,0,0
4130.056021456,0,1
4130.058434722,0,0
4131.066036172,0,1
4131.068449188,0,0
4132.076050882,0,1
4132.077320484,1,1
4132.079952036,0,1
4132.079988148,0,0
4133.086065596,0,1
4133.088478612,0,0
4134.096080366,0,1
4134.098493382,0,0
4135.106095086,0,1
4135.108508102,0,0
4136.116109780,0,1
4136.118523048,0,0
4137.126124538,0,1
4137.128537554,0,0
4138.136139214,0,1
4138.138552482,0,0
4139.146154016,0,1
4139.148567032,0,0
4140.156168738,0,1
4140.158582004,0,0
4141.166183448,0,1
4141.168596464,0,0
4142.176198188,0,1
4142.177467718,1,1
4142.180099276,0,1
4142.180135204,0,0
4143.186212774,0,1
4143.188625790,0,0
4144.196227402,0,1
4144.198640668,0,0
4145.206242246,0,1
4145.208655262,0,0
4146.216256938,0,1
4146.218670204,0,0
4147.226271660,0,1
4147.228684678,0,0
4148.236286360,0,1
4148.238699626,0,0
4149.246301130,0,1
4149.248714148,0,0
4150.256315854,0,1
4150.258728872,0,0
4151.266330558,0,1
4151.267600338,1,1
4151.270231856,0,1
4151.270267824,0,0
4152.276345420,0,1
4152.278758436,0,0
4153.286360074,0,1
4153.288773340,0,0
4154.296374874,0,1
4154.298787890,0,0
4155.306389592,0,1
4155.308802858,0,0
4156.316404294,0,1
4156.318817310,0,0
4157.326419016,0,1
4157.328832282,0,0
4158.336433838,0,1
4158.338846854,0,0
4159.346448470,0,1
4159.348861736,0,0
4160.356463232,0,1
4160.358876248,0,0
4161.366477910,0,1
4161.367747532,1,1
4161.370379300,0,1
4161.370415176,0,0
4162.376492608,0,1
4162.378905624,0,0
4163.386507312,0,1
4163.388920578,0,0
4164.396522088,0,1
4164.398935104,0,0
4165.406536738,0,1
4165.408950004,0,0
4166.416551528,0,1
4166.418964544,0,0
4167.426566208,0,1
4167.428979474,0,0
4168.436580918,0,1
4168.438994184,0,0
4169.446595730,0,1
4169.449008748,0,0
4170.456610378,0,1
4170.459023646,0,0
4171.466625126,0,1
4171.467894826,1,1
4171.470526534,0,1
4171.470562390,0,0
4172.476639958,0,1
4172.479052974,0,0
4173.486654662,0,1
4173.489067930,0,0
4174.496669412,0,1
4174.499082428,0,0
4175.506684128,0,1
4175.509097394,0,0
4176.516698856,0,1
4176.519111872,0,0
4177.526713558,0,1
4177.529126824,0,0
4178.536728362,0,1
4178.539141378,0,0
4179.546743022,0,1
4179.549156290,0,0
4180.556757732,0,1
4180.559170748,0,0
4181.566772424,0,1
4181.568042030,1,1
4181.570673552,0,1
4181.570709690,0,0
4182.576787168,0,1
4182.579200184,0,0
4183.586801854,0,1
4183.589215122,0,0
4184.596816646,0,1
4184.599229662,0,0
4185.606831298,0,1
4185.609244564,0,0
4186.616846088,0,1
4186.619259106,0,0
4187.626860768,0,1
4187.629274034,0,0
4188.636875542,0,1
4188.639288558,0,0
4189.646890192,0,1
4189.649303458,0,0
4190.656904966,0,1
4190.659317984,0,0
4191.666919664,0,1
4191.668189182,1,1
4191.670821060,0,1
4191.670856680,0,0
4192.676934278,0,1
4192.679347296,0,0
4193.686948954,0,1
4193.689362220,0,0
4194.696963698,0,1
4194.699376714,0,0
4195.706978372,0,1
4195.709391640,0,0
4196.716993128,0,1
4196.719406144,0,0
4197.727007834,0,1
4197.729420852,0,0
4198.737022554,0,1
4198.739435822,0,0
4199.747037308,0,1
4199.749450326,0,0
4200.757052034,0,1
4200.759465300,0,0
4201.767066694,0,1
4201.768336452,1,1
4201.770965892,0,1
4201.770965900,1,1
4201.770965914,0,1
4201.770965922,1,1
4201.770967228,0,1
4201.770967238,1,1
4201.770967256,0,1
4201.770967262,1,1
4201.770967388,0,1
4201.770967396,1,1
4201.770967408,0,1
4201.770967420,1,1
4201.770967740,0,1
4201.771003960,0,0
4202.777081528,0,1
4202.779494546,0,0
4203.787096234,0,1
4203.789509502,0,0
4204.797110974,0,1
4204.799523990,0,0
4205.807125618,0,1
4205.809538886,0,0
4206.817140414,0,1
4206.819553430,0,0
4207.827155110,0,1
4207.829568126,0,0
4208.837169828,0,1
4208.839583094,0,0
4209.847184584,0,1
4209.849597600,0,0
4210.857199268,0,1
4210.859612534,0,0
4211.867214008,0,1
4211.868483608,1,1
4211.871115414,0,1
4211.871151274,0,0
4212.877228682,0,1
4212.879641698,0,0
4213.887243394,0,1
4213.889656660,0,0
4214.897258114,0,1
4214.899671130,0,0
4215.907272844,0,1
4215.909686110,0,0
4216.917287574,0,1
4216.919700590,0,0
4217.927302296,0,1
4217.929715312,0,0
4218.937316934,0,1
4218.939730202,0,0
4219.947331738,0,1
4219.949744754,0,0
4220.957346446,0,1
4220.959759712,0,0
4221.967361204,0,1
4221.968630754,1,1
4221.971263072,0,1
4221.971298470,0,0
4222.977375824,0,1
4222.979788840,0,0
4223.987390540,0,1
4223.989803806,0,0
4224.997405284,0,1
4224.999818300,0,0
4226.007419998,0,1
4226.009833264,0,0
4227.017434706,0,1
4227.019847722,0,0
4228.027449398,0,1
4228.029862664,0,0
4229.037464170,0,1
4229.039877186,0,0
4230.047478860,0,1
4230.049891876,0,0
4231.057493530,0,1
4231.059906796,0,0
4232.067508336,0,1
4232.068777868,1,1
4232.071409722,0,1
4232.071445602,0,0
4233.077522864,0,1
4233.079935880,0,0
4234.087537580,0,1
4234.089950846,0,0
4235.097552278,0,1
4235.099965294,0,0
4236.107566998,0,1
4236.109980264,0,0
4237.117581686,0,1
4237.119994952,0,0
4238.127596434,0,1
4238.130009452,0,0
4239.137611154,0,1
4239.140024420,0,0
4240.147625904,0,1
4240.150038920,0,0
4241.157640584,0,1
4241.160053850,0,0
4242.167655258,0,1
4242.168925018,1,1
4242.171556678,0,1
4242.171592774,0,0
4243.177670102,0,1
4243.180083120,0,0
4244.187684758,0,1
4244.190098024,0,0
4245.197699468,0,1
4245.200112484,0,0
4246.207714214,0,1
4246.210127482,0,0
4247.217728916,0,1
4247.220141932,0,0
4248.227743608,0,1
4248.230156624,0,0
4249.237758322,0,1
4249.240171588,0,0
4250.247773072,0,1
4250.250186090,0,0
4251.257787754,0,1
4251.259057398,1,1
4251.261689120,0,1
4251.261725018,0,0
4252.267802456,0,1
4252.270215472,0,0
4253.277817128,0,1
4253.280230396,0,0
4254.287831872,0,1
4254.290244888,0,0
4255.297846540,0,1
4255.300259556,0,0
4256.307861232,0,1
4256.310274498,0,0
4257.317876006,0,1
4257.320289022,0,0
4258.327890682,0,1
4258.330303948,0,0
4259.337905456,0,1
4259.340318472,0,0
4260.347920096,0,1
4260.350333112,0,0
4261.357934800,0,1
4261.359204516,1,1
4261.361836324,0,1
4261.361872316,0,0
4262.367949606,0,1
4262.370362624,0,0
4263.377964312,0,1
4263.380377578,0,0
4264.387979034,0,1
4264.390392300,0,0
4265.397993758,0,1
4265.400406776,0,0
4266.408008462,0,1
4266.410421728,0,0
4267.418023178,0,1
4267.420436194,0,0
4268.428037852,0,1
4268.430450868,0,0
4269.438052542,0,1
4269.440465808,0,0
4270.448067308,0,1
4270.450480324,0,0
4271.458081988,0,1
4271.459351628,1,1
4271.461983212,0,1
4271.462019252,0,0
4272.468096686,0,1
4272.470509702,0,0
4273.478111358,0,1
4273.480524624,0,0
4274.488126084,0,1
4274.490539100,0,0
4275.498140830,0,1
4275.500554096,0,0
4276.508155580,0,1
4276.510568596,0,0
4277.518170224,0,1
4277.520583240,0,0
4278.528184894,0,1
4278.530598160,0,0
4279.538199672,0,1
4279.540612688,0,0
4280.548214356,0,1
4280.550627622,0,0
4281.558229060,0,1
4281.559498720,1,1
4281.562130628,0,1
4281.562166326,0,0
4282.568243914,0,1
4282.570656932,0,0
4283.578258534,0,1
4283.580671802,0,0
4284.588273368,0,1
4284.590686384,0,0
4285.598288038,0,1
4285.600701304,0,0
4286.608302742,0,1
4286.610715758,0,0
4287.618317418,0,1
4287.620730434,0,0
4288.628332098,0,1
4288.630745364,0,0
4289.638346864,0,1
4289.640759880,0,0
4290.648361578,0,1
4290.650774844,0,0
4291.658376272,0,1
4291.659645832,1,1
4291.662277442,0,1
4291.662313538,0,0
4292.668390976,0,1
4292.670803992,0,0
4293.678405630,0,1
4293.680818898,0,0
4294.688420434,0,1
4294.690833450,0,0
4295.698435054,0,1
4295.700848322,0,0
4296.708449852,0,1
4296.710862868,0,0
4297.718464488,0,1
4297.720877506,0,0
4298.728479216,0,1
4298.730892482,0,0
4299.738493934,0,1
4299.740906950,0,0
4300.748508620,0,1
4300.750921888,0,0
4301.758523306,0,1
4301.759792836,1,1
4301.762424586,0,1
4301.762460572,0,0
4302.768538038,0,1
4302.770951054,0,0
4303.778552678,0,1
4303.780965944,0,0
4304.788567452,0,1
4304.790980468,0,0
4305.798582098,0,1
4305.800995364,0,0
4306.808596872,0,1
4306.811009888,0,0
4307.818611558,0,1
4307.821024574,0,0
4308.828626210,0,1
4308.831039478,0,0
4309.838640998,0,1
4309.841054016,0,0
4310.848655680,0,1
4310.851068946,0,0
4311.858670416,0,1
4311.859939872,1,1
4311.862571836,0,1
4311.862607430,0,0
4312.868684954,0,1
4312.871097970,0,0
4313.878699646,0,1
4313.881112912,0,0
4314.888714330,0,1
4314.891127348,0,0
4315.898729070,0,1
4315.901142336,0,0
4316.908743810,0,1
4316.911156826,0,0
4317.918758450,0,1
4317.921171466,0,0
4318.928773166,0,1
4318.931186432,0,0
4319.938787868,0,1
4319.941200884,0,0
4320.948802550,0,1
4320.951215816,0,0
4321.958817302,0,1
4321.960086972,1,1
4321.962718650,0,1
4321.962754566,0,0
4322.968832130,0,1
4322.971245146,0,0
4323.978846784,0,1
4323.981260050,0,0
4324.988861544,0,1
4324.991274562,0,0
4325.998876204,0,1
4326.001289470,0,0
4327.008890924,0,1
4327.011303940,0,0
4328.018905600,0,1
4328.021318866,0,0
4329.028920386,0,1
4329.031333402,0,0
4330.038935042,0,1
4330.041348060,0,0
4331.048949696,0,1
4331.051362962,0,0
4332.058964390,0,1
4332.060233944,1,1
4332.062865634,0,1
4332.062901406,0,0
4333.068979054,0,1
4333.071392070,0,0
4334.078993782,0,1
4334.081407048,0,0
4335.089008526,0,1
4335.091421542,0,0
4336.099023208,0,1
4336.101436474,0,0
4337.109037928,0,1
4337.111450944,0,0
4338.119052622,0,1
4338.121465888,0,0
4339.129067230,0,1
4339.131480496,0,0
4340.139081996,0,1
4340.141495014,0,0
4341.149096676,0,1
4341.151509942,0,0
4342.159111430,0,1
4342.160380992,1,1
4342.163013226,0,1
4342.163048696,0,0
4343.169126104,0,1
4343.171539120,0,0
4344.179140780,0,1
4344.181554046,0,0
4345.189155544,0,1
4345.191568560,0,0
4346.199170170,0,1
4346.201583436,0,0
4347.209184936,0,1
4347.211597954,0,0
4348.219199644,0,1
4348.221612660,0,0
4349.229214304,0,1
4349.231627570,0,0
4350.239229036,0,1
4350.241642052,0,0
4351.249243720,0,1
4351.250513300,1,1
4351.253144898,0,1
4351.253180986,0,0
4352.259258352,0,1
4352.261671368,0,0
4353.269273062,0,1
4353.271686328,0,0
4354.279287782,0,1
4354.281700798,0,0
4355.289302454,0,1
4355.291715720,0,0
4356.299317188,0,1
4356.301730206,0,0
4357.309331894,0,1
4357.311744910,0,0
4358.319346538,0,1
4358.321759804,0,0
4359.329361258,0,1
4359.331774274,0,0
4360.339375936,0,1
4360.341789202,0,0
4361.349390702,0,1
4361.350660320,1,1
4361.353292036,0,1
4361.353327966,0,0
4362.359405394,0,1
4362.361818410,0,0
4363.369420016,0,1
4363.371833282,0,0
4364.379434750,0,1
4364.381847768,0,0
4365.389449468,0,1
4365.391862734,0,0
4366.399464112,0,1
4366.401877378,0,0
4367.409478808,0,1
4367.411891824,0,0
4368.419493556,0,1
4368.421906822,0,0
4369.429508298,0,1
4369.431921314,0,0
4370.439522920,0,1
4370.441935936,0,0
4371.449537580,0,1
4371.450807264,1,1
4371.453439140,0,1
4371.453474846,0,0
4372.459552394,0,1
4372.461965412,0,0
4373.469567090,0,1
4373.471980356,0,0
4374.479581792,0,1
4374.481994810,0,0
4375.489596480,0,1
4375.492009746,0,0
4376.499611180,0,1
4376.502024196,0,0
4377.509625866,0,1
4377.512038882,0,0
4378.519640548,0,1
4378.522053814,0,0
4379.529655304,0,1
4379.532068322,0,0
4380.539669976,0,1
4380.542083242,0,0
4381.549684668,0,1
4381.550954196,1,1
4381.553586020,0,1
4381.553621684,0,0
4382.559699238,0,1
4382.562112256,0,0
4383.569713928,0,1
4383.572127194,0,0
4384.579728620,0,1
4384.582141636,0,0
4385.589743328,0,1
4385.592156344,0,0
4386.599757978,0,1
4386.602171246,0,0
4387.609772672,0,1
4387.612185688,0,0
4388.619787400,0,1
4388.622200666,0,0
4389.629802150,0,1
4389.632215166,0,0
4390.639816804,0,1
4390.642229820,0,0
4391.649831482,0,1
4391.651101188,1,1
4391.653733270,0,1
4391.653768998,0,0
4392.659846244,0,1
4392.662259260,0,0
4393.669860942,0,1
4393.672274208,0,0
4394.679875646,0,1
4394.682288662,0,0
4395.689890318,0,1
4395.692303584,0,0
4396.699905056,0,1
4396.702318074,0,0
4397.709919768,0,1
4397.712332786,0,0
4398.719934420,0,1
4398.722347686,0,0
4399.729949146,0,1
4399.732362162,0,0
4400.739963820,0,1
4400.742376836,0,0
4401.749978486,0,1
4401.751248068,1,1
4401.753879998,0,1
4401.753915752,0,0
4402.759993140,0,1
4402.762406158,0,0
4403.770007826,0,1
4403.772421092,0,0
4404.780022546,0,1
4404.782435562,0,0
4405.790037202,0,1
4405.792450468,0,0
4406.800051910,0,1
4406.802465176,0,0
4407.810066616,0,1
4407.812479634,0,0
4408.820081324,0,1
4408.822494592,0,0
4409.830095984,0,1
4409.832509002,0,0
4410.840110714,0,1
4410.842523732,0,0
4411.850125342,0,1
4411.851395034,1,1
4411.854026770,0,1
4411.854062608,0,0
4412.860140124,0,1
4412.862553140,0,0
4413.870154790,0,1
4413.872568056,0,0
4414.880169562,0,1
4414.882582578,0,0
4415.890184242,0,1
4415.892597510,0,0
4416.900198978,0,1
4416.902611994,0,0
4417.910213612,0,1
4417.912626630,0,0
4418.920228264,0,1
4418.922641532,0,0
4419.930243012,0,1
4419.932656028,0,0
4420.940257628,0,1
4420.942670894,0,0
4421.950272298,0,1
4421.951541928,1,1
4421.954173624,0,1
4421.954209562,0,0
4422.960286968,0,1
4422.962699984,0,0
4423.970301670,0,1
4423.972714938,0,0
4424.980316384,0,1
4424.982729400,0,0
4425.990331034,0,1
4425.992744300,0,0
4427.000345742,0,1
4427.002759008,0,0
4428.010360454,0,1
4428.012773470,0,0
4429.020375132,0,1
4429.022788400,0,0
4430.030389854,0,1
4430.032802870,0,0
4431.040404534,0,1
4431.042817550,0,0
4432.050419156,0,1
4432.051688866,1,1
4432.054320496,0,1
4432.054356672,0,0
4433.060433958,0,1
4433.062846974,0,0
4434.070448612,0,1
4434.072861878,0,0
4435.080463366,0,1
4435.082876382,0,0
4436.090478004,0,1
4436.092891272,0,0
4437.100492738,0,1
4437.102905756,0,0
4438.110507432,0,1
4438.112920448,0,0
4439.120522096,0,1
4439.122935362,0,0
4440.130536800,0,1
4440.132949816,0,0
4441.140551476,0,1
4441.142964742,0,0
4442.150566202,0,1
4442.151835750,1,1
4442.154467296,0,1
4442.154503466,0,0
4443.160580906,0,1
4443.162993924,0,0
4444.170595534,0,1
4444.173008800,0,0
4445.180610214,0,1
4445.183023230,0,0
4446.190624860,0,1
4446.193038128,0,0
4447.200639644,0,1
4447.203052660,0,0
4448.210654278,0,1
4448.213067294,0,0
4449.220668992,0,1
4449.223082260,0,0
4450.230683686,0,1
4450.233096702,0,0
4451.240698362,0,1
4451.241967904,1,1
4451.244599516,0,1
4451.244635376,0,0
4452.250713024,0,1
4452.253126042,0,0
4453.260727650,0,1
4453.263140918,0,0
4454.270742456,0,1
4454.273155472,0,0
4455.280757082,0,1
4455.283170348,0,0
4456.290771738,0,1
4456.293185004,0,0
4457.300786430,0,1
4457.303199446,0,0
4458.310801136,0,1
4458.313214404,0,0
4459.320815792,0,1
4459.323228808,0,0
4460.330830492,0,1
4460.333243508,0,0
4461.340845142,0,1
4461.342114854,1,1
4461.344746872,0,1
4461.344782658,0,0
4462.350859930,0,1
4462.353272946,0,0
4463.360874608,0,1
4463.363287874,0,0
4464.370889384,0,1
4464.373302402,0,0
4465.380904032,0,1
4465.383317048,0,0
4466.390918630,0,1
4466.393331898,0,0
4467.400933430,0,1
4467.403346446,0,0
4468.410948052,0,1
4468.413361318,0,0
4469.420962764,0,1
4469.423375780,0,0
4470.430977432,0,1
4470.433390698,0,0
4471.440992084,0,1
4471.442261652,1,1
4471.444893270,0,1
4471.444929350,0,0
4472.451006750,0,1
4472.453419766,0,0
4473.461021450,0,1
4473.463434716,0,0
4474.471036096,0,1
4474.473449112,0,0
4475.481050782,0,1
4475.483464048,0,0
4476.491065512,0,1
4476.493478528,0,0
4477.501080194,0,1
4477.503493210,0,0
4478.511094856,0,1
4478.513508122,0,0
4479.521109552,0,1
4479.523522568,0,0
4480.531124212,0,1
4480.533537478,0,0
4481.541138962,0,1
4481.542408532,1,1
4481.545040248,0,1
4481.545076226,0,0
4482.551153598,0,1
4482.553566614,0,0
4483.561168222,0,1
4483.563581488,0,0
4484.571183008,0,1
4484.573596024,0,0
4485.581197648,0,1
4485.583610914,0,0
4486.591212372,0,1
4486.593625388,0,0
4487.601227034,0,1
4487.603640052,0,0
4488.611241668,0,1
4488.613654934,0,0
4489.621256434,0,1
4489.623669450,0,0
4490.631271030,0,1
4490.633684296,0,0
4491.641285774,0,1
4491.642555332,1,1
4491.645187084,0,1
4491.645223038,0,0
4492.651300470,0,1
4492.653713486,0,0
4493.661315098,0,1
4493.663728364,0,0
4494.671329830,0,1
4494.673742848,0,0
4495.681344498,0,1
4495.683757764,0,0
4496.691359214,0,1
4496.693772230,0,0
4497.701373830,0,1
4497.703786846,0,0
4498.711388530,0,1
4498.713801796,0,0
4499.721403246,0,1
4499.723816262,0,0
4500.731417892,0,1
4500.733831158,0,0
4501.741432558,0,1
4501.742702164,1,1
4501.745334462,0,1
4501.745369824,0,0
4502.751447220,0,1
4502.753860236,0,0
4503.761461884,0,1
4503.763875150,0,0
4504.771476594,0,1
4504.773889612,0,0
4505.781491234,0,1
4505.783904500,0,0
4506.791505990,0,1
4506.793919006,0,0
4507.801520642,0,1
4507.803933658,0,0
4508.811535282,0,1
4508.813948548,0,0
4509.821549974,0,1
4509.823962990,0,0
4510.831564666,0,1
4510.833977932,0,0
4511.841579360,0,1
4511.842848980,1,1
4511.845480662,0,1
4511.845516626,0,0
4512.851594048,0,1
4512.854007064,0,0
4513.861608638,0,1
4513.864021904,0,0
4514.871623404,0,1
4514.874036420,0,0
4515.881638042,0,1
4515.884051308,0,0
4516.891652670,0,1
4516.894065936,0,0
4517.901667424,0,1
4517.904080440,0,0
4518.911682046,0,1
4518.914095312,0,0
4519.921696788,0,1
4519.924109804,0,0
4520.931711456,0,1
4520.934124474,0,0
4521.941726116,0,1
4521.942995818,1,1
4521.945627286,0,1
4521.945663632,0,0
4522.951740938,0,1
4522.954153954,0,0
4523.961755568,0,1
4523.964168834,0,0
4524.971770244,0,1
4524.974183260,0,0
4525.981784948,0,1
4525.984198214,0,0
4526.991799618,0,1
4526.994212634,0,0
4528.001814288,0,1
4528.004227304,0,0
4529.011828948,0,1
4529.014242214,0,0
4530.021843654,0,1
4530.024256670,0,0
4531.031858378,0,1
4531.034271394,0,0
4532.041872978,0,1
4532.043142646,1,1
4532.045774470,0,1
4532.045810244,0,0
4533.051887770,0,1
4533.054300786,0,0
4534.061902432,0,1
4534.064315698,0,0
4535.071917116,0,1
4535.074330134,0,0
4536.081931752,0,1
4536.084345018,0,0
4537.091946496,0,1
4537.094359512,0,0
4538.101961120,0,1
4538.104374388,0,0
4539.111975834,0,1
4539.114389102,0,0
4540.121990534,0,1
4540.124403550,0,0
4541.132005170,0,1
4541.134418438,0,0
4542.142019846,0,1
4542.143289416,1,1
4542.145921080,0,1
4542.145957110,0,0
4543.152034488,0,1
4543.154447504,0,0
4544.162049188,0,1
4544.164462454,0,0
4545.172063896,0,1
4545.174476912,0,0
4546.182078564,0,1
4546.184491832,0,0
4547.192093272,0,1
4547.194506288,0,0
4548.202107948,0,1
4548.204520964,0,0
4549.212122576,0,1
4549.214535842,0,0
4550.222137276,0,1
4550.224550294,0,0
4551.232151956,0,1
4551.233421472,1,1
4551.236053362,0,1
4551.236089220,0,0
4552.242166530,0,1
4552.244579546,0,0
4553.252181140,0,1
4553.254594406,0,0
4554.262195856,0,1
4554.264608872,0,0
4555.272210520,0,1
4555.274623786,0,0
4556.282225156,0,1
4556.284638422,0,0
4557.292239852,0,1
4557.294652868,0,0
4558.302254526,0,1
4558.304667792,0,0
4559.312269202,0,1
4559.314682218,0,0
4560.322283868,0,1
4560.324696886,0,0
4561.332298548,0,1
4561.333568334,1,1
4561.336200468,0,1
4561.336236062,0,0
4562.342313392,0,1
4562.344726408,0,0
4563.352328094,0,1
4563.354741362,0,0
4564.362342754,0,1
4564.364755770,0,0
4565.372357486,0,1
4565.374770752,0,0
4566.382372170,0,1
4566.384785186,0,0
4567.392386812,0,1
4567.394800078,0,0
4568.402401532,0,1
4568.404814548,0,0
4569.412416108,0,1
4569.414829126,0,0
4570.422430816,0,1
4570.424844082,0,0
4571.432445504,0,1
4571.433715066,1,1
4571.436346774,0,1
4571.436382768,0,0
4572.442460208,0,1
4572.444873226,0,0
4573.452474850,0,1
4573.454888116,0,0
4574.462489578,0,1
4574.464902594,0,0
4575.472504170,0,1
4575.474917436,0,0
4576.482518940,0,1
4576.484931958,0,0
4577.492533570,0,1
4577.494946836,0,0
4578.502548220,0,1
4578.504961486,0,0
4579.512562914,0,1
4579.514975930,0,0
4580.522577610,0,1
4580.524990876,0,0
4581.532592292,0,1
4581.533861848,1,1
4581.536493692,0,1
4581.536529308,0,0
4582.542606932,0,1
4582.545019948,0,0
4583.552621606,0,1
4583.555034872,0,0
4584.562636328,0,1
4584.565049344,0,0
4585.572650964,0,1
4585.575064230,0,0
4586.582665652,0,1
4586.585078670,0,0
4587.592680330,0,1
4587.595093596,0,0
4588.602695036,0,1
4588.605108052,0,0
4589.612709676,0,1
4589.615122692,0,0
4590.622724300,0,1
4590.625137566,0,0
4591.632739038,0,1
4591.634008570,1,1
4591.636640650,0,1
4591.636676054,0,0
4592.642753580,0,1
4592.645166596,0,0
4593.652768194,0,1
4593.655181460,0,0
4594.662782912,0,1
4594.665195928,0,0
4595.672797526,0,1
4595.675210794,0,0
4596.682812298,0,1
4596.685225314,0,0
4597.692826914,0,1
4597.695239930,0,0
4598.702841578,0,1
4598.705254846,0,0
4599.712856306,0,1
4599.715269324,0,0
4600.722870944,0,1
4600.725283960,0,0
4601.732885592,0,1
4601.734155286,1,1
4601.736787030,0,1
4601.736822856,0,0
4602.742900382,0,1
4602.745313398,0,0
4603.752915018,0,1
4603.755328284,0,0
4604.762929724,0,1
4604.765342740,0,0
4605.772944356,0,1
4605.775357622,0,0
4606.782959058,0,1
4606.785372074,0,0
4607.792973692,0,1
4607.795386708,0,0
4608.802988356,0,1
4608.805401620,0,0
4609.813003048,0,1
4609.815416066,0,0
4610.823017708,0,1
4610.825430974,0,0
4611.833032442,0,1
4611.834302030,1,1
4611.836933704,0,1
4611.836969706,0,0
4612.843047084,0,1
4612.845460102,0,0
4613.853061702,0,1
4613.855474966,0,0
4614.863076472,0,1
4614.865489488,0,0
4615.873091084,0,1
4615.875504350,0,0
4616.883105774,0,1
4616.885518790,0,0
4617.893120412,0,1
4617.895533428,0,0
4618.903135050,0,1
4618.905548316,0,0
4619.913149800,0,1
4619.915562816,0,0
4620.923164440,0,1
4620.925577706,0,0
4621.933179136,0,1
4621.934448654,1,1
4621.937080240,0,1
4621.937116402,0,0
4622.943193650,0,1
4622.945606668,0,0
4623.953208244,0,1
4623.955621510,0,0
4624.963222996,0,1
4624.965636012,0,0
4625.973237636,0,1
4625.975650652,0,0
4626.983252302,0,1
4626.985665568,0,0
4627.993267008,0,1
4627.995680024,0,0
4629.003281660,0,1
4629.005694926,0,0
4630.013296372,0,1
4630.015709390,0,0
4631.023310958,0,1
4631.025723974,0,0
4632.033325622,0,1
4632.034595406,1,1
4632.037227370,0,1
4632.037263138,0,0
4633.043340508,0,1
4633.045753524,0,0
4634.053355202,0,1
4634.055768468,0,0
4635.063369896,0,1
4635.065782912,0,0
4636.073384510,0,1
4636.075797776,0,0
4637.083399226,0,1
4637.085812244,0,0
4638.093413888,0,1
4638.095827154,0,0
4639.103428560,0,1
4639.105841576,0,0
4640.113443232,0,1
4640.115856498,0,0
4641.123457920,0,1
4641.125870938,0,0
4642.133472554,0,1
4642.134742042,1,1
4642.137374054,0,1
4642.137409818,0,0
4643.143487118,0,1
4643.145900134,0,0
4644.153501712,0,1
4644.155914978,0,0
4645.163516404,0,1
4645.165929420,0,0
4646.173531098,0,1
4646.175944364,0,0
4647.183545748,0,1
4647.185959014,0,0
4648.193560416,0,1
4648.195973434,0,0
4649.203575066,0,1
4649.205988332,0,0
4650.213589754,0,1
4650.216002772,0,0
4651.223604438,0,1
4651.224874074,1,1
4651.227505768,0,1
4651.227541702,0,0
4652.233619040,0,1
4652.236032058,0,0
4653.243633722,0,1
4653.246046988,0,0
4654.253648406,0,1
4654.256061422,0,0
4655.263663044,0,1
4655.266076060,0,0
4656.273677652,0,1
4656.276090918,0,0
4657.283692406,0,1
4657.286105422,0,0
4658.293707012,0,1
4658.296120278,0,0
4659.303721692,0,1
4659.306134708,0,0
4660.313736402,0,1
4660.316149418,0,0
4661.323750972,0,1
4661.325020758,1,1
4661.327652510,0,1
4661.327688238,0,0
4662.333765770,0,1
4662.336178786,0,0
4663.343780408,0,1
4663.346193674,0,0
4664.353795082,0,1
4664.356208348,0,0
4665.363809790,0,1
4665.366222806,0,0
4666.373824436,0,1
4666.376237702,0,0
4667.383839108,0,1
4667.386252124,0,0
4668.393853736,0,1
4668.396266754,0,0
4669.403868402,0,1
4669.406281668,0,0
4670.413883080,0,1
4670.416296096,0,0
4671.423897726,0,1
4671.425167368,1,1
4671.427798908,0,1
4671.427834992,0,0
4672.433912374,0,1
4672.436325390,0,0
4673.443926990,0,1
4673.446340256,0,0
4674.453941734,0,1
4674.456354750,0,0
4675.463956372,0,1
4675.466369638,0,0
4676.473971064,0,1
4676.476384080,0,0
4677.483985716,0,1
4677.486398732,0,0
4678.494000362,0,1
4678.496413628,0,0
4679.504015060,0,1
4679.506428076,0,0
4680.514029666,0,1
4680.516442932,0,0
4681.524044420,0,1
4681.525314016,1,1
4681.527945512,0,1
4681.527981686,0,0
4682.534059034,0,1
4682.536472052,0,0
4683.544073658,0,1
4683.546486924,0,0
4684.554088318,0,1
4684.556501334,0,0
4685.564102994,0,1
4685.566516260,0,0
4686.574117674,0,1
4686.576530940,0,0
4687.584132360,0,1
4687.586545376,0,0
4688.594146992,0,1
4688.596560260,0,0
4689.604161690,0,1
4689.606574706,0,0
4690.614176318,0,1
4690.616589336,0,0
4691.624190940,0,1
4691.625460648,1,1
4691.628092468,0,1
4691.628128204,0,0
4692.634205746,0,1
4692.636618764,0,0
4693.644220378,0,1
4693.646633644,0,0
4694.654235090,0,1
4694.656648106,0,0
4695.664249712,0,1
4695.666662978,0,0
4696.674264358,0,1
4696.676677374,0,0
4697.684279050,0,1
4697.686692068,0,0
4698.694293666,0,1
4698.696706932,0,0
4699.704308364,0,1
4699.706721380,0,0
4700.714322996,0,1
4700.716736262,0,0
4701.724337682,0,1
4701.725607296,1,1
4701.728238976,0,1
4701.728274946,0,0
4702.734352366,0,1
4702.736765382,0,0
4703.744366984,0,1
4703.746780250,0,0
4704.754381720,0,1
4704.756794736,0,0
4705.764396322,0,1
4705.766809588,0,0
4706.774411066,0,1
4706.776824082,0,0
4707.784425702,0,1
4707.786838970,0,0
4708.794440312,0,1
4708.796853578,0,0
4709.804455026,0,1
4709.806868042,0,0
4710.814469646,0,1
4710.816882912,0,0
4711.824484336,0,1
4711.825753848,1,1
4711.828385500,0,1
4711.828421602,0,0
4712.834498824,0,1
4712.836911840,0,0
4713.844513468,0,1
4713.846926734,0,0
4714.854528176,0,1
4714.856941194,0,0
4715.864542854,0,1
4715.866955872,0,0
4716.874557490,0,1
4716.876970756,0,0
4717.884572202,0,1
4717.886985218,0,0
4718.894586790,0,1
4718.897000058,0,0
4719.904601424,0,1
4719.907014690,0,0
4720.914616168,0,1
4720.917029186,0,0
4721.924630766,0,1
4721.925900446,1,1
4721.928532816,0,1
4721.928568030,0,0
4722.934645552,0,1
4722.937058568,0,0
4723.944660200,0,1
4723.947073466,0,0
4724.954674902,0,1
4724.957087918,0,0
4725.964689492,0,1
4725.967102758,0,0
4726.974704232,0,1
4726.977117250,0,0
4727.984718856,0,1
4727.987131874,0,0
4728.994733460,0,1
4728.997146726,0,0
4730.004748174,0,1
4730.007161190,0,0
4731.014762860,0,1
4731.017175876,0,0
4732.024777482,0,1
4732.026047094,1,1
4732.028678938,0,1
4732.028714748,0,0
4733.034792092,0,1
4733.037205108,0,0
4734.044806726,0,1
4734.047219994,0,0
4735.054821436,0,1
4735.057234454,0,0
4736.064836072,0,1
4736.067249338,0,0
4737.074850742,0,1
4737.077263758,0,0
4738.084865374,0,1
4738.087278390,0,0
4739.094880016,0,1
4739.097293282,0,0
4740.104894778,0,1
4740.107307794,0,0
4741.114909346,0,1
4741.117322610,0,0
4742.124923970,0,1
4742.126193614,1,1
4742.128825250,0,1
4742.128861234,0,0
4743.134938602,0,1
4743.137351618,0,0
4744.144953298,0,1
4744.147366564,0,0
4745.154967944,0,1
4745.157380960,0,0
4746.164982588,0,1
4746.167395604,0,0
4747.174997210,0,1
4747.177410476,0,0
4748.185011918,0,1
4748.187424936,0,0
4749.195026516,0,1
4749.197439782,0,0
4750.205041178,0,1
4750.207454446,0,0
4751.215055918,0,1
4751.216325572,1,1
4751.218957366,0,1
4751.218993182,0,0
4752.225070516,0,1
4752.227483532,0,0
4753.235085166,0,1
4753.237498432,0,0
4754.245099844,0,1
4754.247512862,0,0
4755.255114478,0,1
4755.257527494,0,0
4756.265129126,0,1
4756.267542392,0,0
4757.275143844,0,1
4757.277556860,0,0
4758.285158444,0,1
4758.287571710,0,0
4759.295173154,0,1
4759.297586170,0,0
4760.305187794,0,1
4760.307600810,0,0
4761.315202374,0,1
4761.316472058,1,1
4761.319103744,0,1
4761.319139640,0,0
4762.325217138,0,1
4762.327630154,0,0
4763.335231764,0,1
4763.337645030,0,0
4764.345246506,0,1
4764.347659522,0,0
4765.355261096,0,1
4765.357674362,0,0
4766.365275756,0,1
4766.367689024,0,0
4767.375290458,0,1
4767.377703474,0,0
4768.385305038,0,1
4768.387718306,0,0
4769.395319768,0,1
4769.397732784,0,0
4770.405334432,0,1
4770.407747448,0,0
4771.415349012,0,1
4771.416618628,1,1
4771.419250290,0,1
4771.419286278,0,0
4772.425363686,0,1
4772.427776702,0,0
4773.435378274,0,1
4773.437791540,0,0
4774.445392982,0,1
4774.447805998,0,0
4775.455407634,0,1
4775.457820650,0,0
4776.465422270,0,1
4776.467835536,0,0
4777.475436950,0,1
4777.477849966,0,0
4778.485451584,0,1
4778.487864850,0,0
4779.495466230,0,1
4779.497879498,0,0
4780.505480936,0,1
4780.507893952,0,0
4781.515495544,0,1
4781.516765120,1,1
4781.519396616,0,1
4781.519432810,0,0
4782.525510160,0,1
4782.527923176,0,0
4783.535524790,0,1
4783.537938056,0,0
4784.545539444,0,1
4784.547952460,0,0
4785.555554096,0,1
4785.557967112,0,0
4786.565568724,0,1
4786.567981992,0,0
4787.575583432,0,1
4787.577996450,0,0
4788.585598048,0,1
4788.588011066,0,0
4789.595612664,0,1
4789.598025930,0,0
4790.605627364,0,1
4790.608040380,0,0
4791.615642040,0,1
4791.616911622,1,1
4791.619543344,0,1
4791.619579304,0,0
4792.625656654,0,1
4792.628069672,0,0
4793.635671284,0,1
4793.638084552,0,0
4794.645685974,0,1
4794.648098990,0,0
4795.655700570,0,1
4795.658113586,0,0
4796.665715188,0,1
4796.668128454,0,0
4797.675729834,0,1
4797.678143100,0,0
4798.685744580,0,1
4798.688157596,0,0
4799.695759142,0,1
4799.698172408,0,0
4800.705773830,0,1
4800.708187094,0,0
4801.715788480,0,1
4801.717058134,1,1
4801.719689788,0,1
4801.719725746,0,0
4802.725803132,0,1
4802.728216150,0,0
4803.735817766,0,1
4803.738231032,0,0
4804.745832410,0,1
4804.748245426,0,0
4805.755847064,0,1
4805.758260080,0,0
4806.765861706,0,1
4806.768274972,0,0
4807.775876394,0,1
4807.778289410,0,0
4808.785891050,0,1
4808.788304066,0,0
4809.795905632,0,1
4809.798318898,0,0
4810.805920366,0,1
4810.808333382,0,0
4811.815934922,0,1
4811.817204634,1,1
4811.819836290,0,1
4811.819872438,0,0
4812.825949720,0,1
4812.828362736,0,0
4813.835964340,0,1
4813.838377606,0,0
4814.845979062,0,1
4814.848392078,0,0
4815.855993682,0,1
4815.858406700,0,0
4816.866008266,0,1
4816.868421532,0,0
4817.876022954,0,1
4817.878435970,0,0
4818.886037576,0,1
4818.888450592,0,0
4819.896052244,0,1
4819.898465512,0,0
4820.906066928,0,1
4820.908479946,0,0
4821.916081534,0,1
4821.917351192,1,1
4821.919983298,0,1
4821.920018798,0,0
4822.926096294,0,1
4822.928509310,0,0
4823.936110912,0,1
4823.938524178,0,0
4824.946125624,0,1
4824.948538640,0,0
4825.956140246,0,1
4825.958553512,0,0
4826.966154846,0,1
4826.968568112,0,0
4827.976169538,0,1
4827.978582554,0,0
4828.986184202,0,1
4828.988597468,0,0
4829.996198854,0,1
4829.998611870,0,0
4831.006213470,0,1
4831.008626486,0,0
4832.016228076,0,1
4832.017497592,1,1
4832.020129006,0,1
4832.020165090,0,0
4833.026242614,0,1
4833.028655630,0,0
4834.036257246,0,1
4834.038670512,0,0
4835.046271888,0,1
4835.048684904,0,0
4836.056286518,0,1
4836.058699534,0,0
4837.066301160,0,1
4837.068714428,0,0
4838.076315844,0,1
4838.078728860,0,0
4839.086330490,0,1
4839.088743506,0,0
4840.096345124,0,1
4840.098758390,0,0
4841.106359748,0,1
4841.108772764,0,0
4842.116374404,0,1
4842.117644110,1,1
4842.120275924,0,1
4842.120311918,0,0
4843.126389152,0,1
4843.128802168,0,0
4844.136403758,0,1
4844.138817026,0,0
4845.146418480,0,1
4845.148831498,0,0
4846.156433100,0,1
4846.158846116,0,0
4847.166447690,0,1
4847.168860956,0,0
4848.176462406,0,1
4848.178875422,0,0
4849.186477012,0,1
4849.188890030,0,0
4850.196491638,0,1
4850.198904904,0,0
4851.206506348,0,1
4851.207775886,1,1
4851.210407802,0,1
4851.210443612,0,0
4852.216520814,0,1
4852.218933830,0,0
4853.226535476,0,1
4853.228948742,0,0
4854.236550142,0,1
4854.238963160,0,0
4855.246564772,0,1
4855.248977790,0,0
4856.256579382,0,1
4856.258992648,0,0
4857.266594022,0,1
4857.269007038,0,0
4858.276608674,0,1
4858.279021692,0,0
4859.286623308,0,1
4859.289036576,0,0
4860.296637996,0,1
4860.299051014,0,0
4861.306652590,0,1
4861.307922324,1,1
4861.310554192,0,1
4861.310590106,0,0
4862.316667340,0,1
4862.319080356,0,0
4863.326681970,0,1
4863.329095238,0,0
4864.336696658,0,1
4864.339109674,0,0
4865.346711290,0,1
4865.349124306,0,0
4866.356725938,0,1
4866.359139206,0,0
4867.366740542,0,1
4867.369153808,0,0
4868.376755220,0,1
4868.379168236,0,0
4869.386769826,0,1
4869.389183092,0,0
4870.396784470,0,1
4870.399197736,0,0
4871.406799154,0,1
4871.408068770,1,1
4871.410700450,0,1
4871.410736420,0,0
4872.416813746,0,1
4872.419226762,0,0
4873.426828378,0,1
4873.429241644,0,0
4874.436843058,0,1
4874.439256074,0,0
4875.446857666,0,1
4875.449270682,0,0
4876.456872330,0,1
4876.459285596,0,0
4877.466887028,0,1
4877.469300044,0,0
4878.476901636,0,1
4878.479314902,0,0
4879.486916216,0,1
4879.489329482,0,0
4880.496930884,0,1
4880.499343902,0,0
4881.506945548,0,1
4881.508215242,1,1
4881.510846746,0,1
4881.510882814,0,0
4882.516960282,0,1
4882.519373298,0,0
4883.526974904,0,1
4883.529388170,0,0
4884.536989570,0,1
4884.539402586,0,0
4885.547004226,0,1
4885.549417492,0,0
4886.557018812,0,1
4886.559432078,0,0
4887.567033524,0,1
4887.569446540,0,0
4888.577048116,0,1
4888.579461382,0,0
4889.587062794,0,1
4889.589475812,0,0
4890.597077408,0,1
4890.599490424,0,0
4891.607092064,0,1
4891.608361678,1,1
4891.610993396,0,1
4891.611029328,0,0
4892.617106652,0,1
4892.619519668,0,0
4893.627121276,0,1
4893.629534544,0,0
4894.637136006,0,1
4894.639549024,0,0
4895.647150586,0,1
4895.649563604,0,0
4896.657165238,0,1
4896.659578504,0,0
4897.667179892,0,1
4897.669592908,0,0
4898.677194490,0,1
4898.679607758,0,0
4899.687209158,0,1
4899.689622424,0,0
4900.697223776,0,1
4900.699636794,0,0
4901.707238440,0,1
4901.708508044,1,1
4901.711139918,0,1
4901.711175706,0,0
4902.717253032,0,1
4902.719666050,0,0
4903.727267662,0,1
4903.729680928,0,0
4904.737282344,0,1
4904.739695360,0,0
4905.747296978,0,1
4905.749709994,0,0
4906.757311542,0,1
4906.759724808,0,0
4907.767326286,0,1
4907.769739302,0,0
4908.777340884,0,1
4908.779753900,0,0
4909.787355522,0,1
4909.789768788,0,0
4910.797370236,0,1
4910.799783254,0,0
4911.807384824,0,1
4911.808654458,1,1
4911.811286228,0,1
4911.811322088,0,0
4912.817399390,0,1
4912.819812406,0,0
4913.827414050,0,1
4913.829827318,0,0
4914.837428714,0,1
4914.839841730,0,0
4915.847443316,0,1
4915.849856332,0,0
4916.857457940,0,1
4916.859871206,0,0
4917.867472650,0,1
4917.869885668,0,0
4918.877487244,0,1
4918.879900510,0,0
4919.887501894,0,1
4919.889915160,0,0
4920.897516530,0,1
4920.899929546,0,0
4921.907531122,0,1
4921.908800872,1,1
4921.911432742,0,1
4921.911468638,0,0
4922.917546028,0,1
4922.919959046,0,0
4923.927560622,0,1
4923.929973888,0,0
4924.937575342,0,1
4924.939988358,0,0
4925.947589938,0,1
4925.950003204,0,0
4926.957604544,0,1
4926.960017812,0,0
4927.967619236,0,1
4927.970032252,0,0
4928.977633854,0,1
4928.980047120,0,0
4929.987648530,0,1
4929.990061546,0,0
4930.997663112,0,1
4931.000076128,0,0
4932.007677804,0,1
4932.008947222,1,1
4932.011579336,0,1
4932.011614818,0,0
4933.017692122,0,1
4933.020105138,0,0
4934.027706746,0,1
4934.030120012,0,0
4935.037721442,0,1
4935.040134458,0,0
4936.047736052,0,1
4936.050149070,0,0
4937.057750692,0,1
4937.060163958,0,0
4938.067765364,0,1
4938.070178382,0,0
4939.077779958,0,1
4939.080193224,0,0
4940.087794562,0,1
4940.090207828,0,0
4941.097809256,0,1
4941.100222270,0,0
4942.107823902,0,1
4942.109093682,1,1
4942.111725678,0,1
4942.111761418,0,0
4943.117838604,0,1
4943.120251620,0,0
4944.127853254,0,1
4944.130266520,0,0
4945.137867912,0,1
4945.140280928,0,0
4946.147882562,0,1
4946.150295578,0,0
4947.157897142,0,1
4947.160310408,0,0
4948.167911796,0,1
4948.170324812,0,0
4949.177926426,0,1
4949.180339442,0,0
4950.187941040,0,1
4950.190354306,0,0
4951.197955706,0,1
4951.199225364,1,1
4951.201857100,0,1
4951.201892972,0,0
4952.207970306,0,1
4952.210383322,0,0
4953.217984928,0,1
4953.220398194,0,0
4954.227999648,0,1
4954.230412664,0,0
4955.238014266,0,1
4955.240427284,0,0
4956.248028872,0,1
4956.250442140,0,0
4957.258043546,0,1
4957.260456562,0,0
4958.268058128,0,1
4958.270471394,0,0
4959.278072752,0,1
4959.280486018,0,0
4960.288087468,0,1
4960.290500484,0,0
4961.298102024,0,1
4961.299371778,1,1
4961.302003868,0,1
4961.302039538,0,0
4962.308116768,0,1
4962.310529786,0,0
4963.318131392,0,1
4963.320544658,0,0
4964.328146044,0,1
4964.330559060,0,0
4965.338160664,0,1
4965.340573680,0,0
4966.348175288,0,1
4966.350588554,0,0
4967.358189956,0,1
4967.360602972,0,0
4968.368204590,0,1
4968.370617856,0,0
4969.378219178,0,1
4969.380632444,0,0
4970.388233866,0,1
4970.390646882,0,0
4971.398248444,0,1
4971.399518092,1,1
4971.402149738,0,1
4971.402185708,0,0
4972.408263076,0,1
4972.410676092,0,0
4973.418277660,0,1
4973.420690926,0,0
4974.428292410,0,1
4974.430705426,0,0
4975.438307026,0,1
4975.440720042,0,0
4976.448321582,0,1
4976.450734848,0,0
4977.458336256,0,1
4977.460749272,0,0
4978.468350922,0,1
4978.470763940,0,0
4979.478365476,0,1
4979.480778744,0,0
4980.488380160,0,1
4980.490793176,0,0
4981.498394748,0,1
4981.499664360,1,1
4981.502296400,0,1
4981.502332014,0,0
4982.508409414,0,1
4982.510822430,0,0
4983.518424006,0,1
4983.520837272,0,0
4984.528438674,0,1
4984.530851690,0,0
4985.538453288,0,1
4985.540866304,0,0
4986.548467892,0,1
4986.550881158,0,0
4987.558482568,0,1
4987.560895584,0,0
4988.568497162,0,1
4988.570910428,0,0
4989.578511792,0,1
4989.580925058,0,0
4990.588526444,0,1
4990.590939460,0,0
4991.598541076,0,1
4991.599810724,1,1
4991.602442386,0,1
4991.602478342,0,0
4992.608555648,0,1
4992.610968664,0,0
4993.618570328,0,1
4993.620983594,0,0
4994.628584962,0,1
4994.630997978,0,0
4995.638599612,0,1
4995.641012630,0,0
4996.648614158,0,1
4996.651027424,0,0
4997.658628836,0,1
4997.661041852,0,0
4998.668643462,0,1
4998.671056478,0,0
4999.678658130,0,1
4999.681071396,0,0
5000.688672700,0,1
5000.691085966,0,0
5001.698687400,0,1
5001.699957064,1,1
5001.702589278,0,1
5001.702624664,0,0
5002.708701940,0,1
5002.711114958,0,0
5003.718716584,0,1
5003.721129852,0,0
5004.728731182,0,1
5004.731144448,0,0
5005.738745890,0,1
5005.741158908,0,0
5006.748760510,0,1
5006.751173776,0,0
5007.758775076,0,1
5007.761188342,0,0
5008.768789808,0,1
5008.771202824,0,0
5009.778804380,0,1
5009.781217396,0,0
5010.788818946,0,1
5010.791232212,0,0
5011.798833678,0,1
5011.800103436,1,1
5011.802735140,0,1
5011.802771192,0,0
5012.808848350,0,1
5012.811261366,0,0
5013.818863004,0,1
5013.821276270,0,0
5014.828877638,0,1
5014.831290654,0,0
5015.838892238,0,1
5015.841305504,0,0
5016.848906850,0,1
5016.851320116,0,0
5017.858921522,0,1
5017.861334540,0,0
5018.868936156,0,1
5018.871349422,0,0
5019.878950816,0,1
5019.881363832,0,0
5020.888965446,0,1
5020.891378462,0,0
5021.898980058,0,1
5021.900249654,1,1
5021.902881368,0,1
5021.902917322,0,0
5022.908994646,0,1
5022.911407662,0,0
5023.919009256,0,1
5023.921422524,0,0
5024.929023924,0,1
5024.931436940,0,0
5025.939038498,0,1
5025.941451514,0,0
5026.949053146,0,1
5026.951466412,0,0
5027.959067778,0,1
5027.961480796,0,0
5028.969082392,0,1
5028.971495658,0,0
5029.979097012,0,1
5029.981510278,0,0
5030.989111688,0,1
5030.991524704,0,0
5031.999126292,0,1
5032.000395920,1,1
5032.003027692,0,1
5032.003063556,0,0
5033.009140914,0,1
5033.011553930,0,0
5034.019155472,0,1
5034.021568740,0,0
5035.029170138,0,1
5035.031583156,0,0
5036.039184734,0,1
5036.041597750,0,0
5037.049199408,0,1
5037.051612674,0,0
5038.059214030,0,1
5038.061627046,0,0
5039.069228638,0,1
5039.071641654,0,0
5040.079243286,0,1
5040.081656554,0,0
5041.089257924,0,1
5041.091670940,0,0
5042.099272512,0,1
5042.100542218,1,1
5042.103174200,0,1
5042.103210028,0,0
5043.109287270,0,1
5043.111700286,0,0
5044.119301894,0,1
5044.121715162,0,0
5045.129316514,0,1
5045.131729530,0,0
5046.139331100,0,1
5046.141744116,0,0
5047.149345726,0,1
5047.151758992,0,0
5048.159360374,0,1
5048.161773390,0,0
5049.169375052,0,1
5049.171788068,0,0
5050.179389612,0,1
5050.181802878,0,0
5051.189404300,0,1
5051.190673828,1,1
5051.193305980,0,1
5051.193341564,0,0
5052.199418742,0,1
5052.201831760,0,0
5053.209433338,0,1
5053.211846604,0,0
5054.219448036,0,1
5054.221861052,0,0
5055.229462610,0,1
5055.231875628,0,0
5056.239477216,0,1
5056.241890482,0,0
5057.249491918,0,1
5057.251904934,0,0
5058.259506480,0,1
5058.261919496,0,0
5059.269521084,0,1
5059.271934350,0,0
5060.279535768,0,1
5060.281948784,0,0
5061.289550366,0,1
5061.290820154,1,1
5061.293451960,0,1
5061.293487630,0,0
5062.299565214,0,1
5062.301978232,0,0
5063.309579850,0,1
5063.311993116,0,0
5064.319594530,0,1
5064.322007546,0,0
5065.329609118,0,1
5065.332022134,0,0
5066.339623762,0,1
5066.342037028,0,0
5067.349638378,0,1
5067.352051394,0,0
5068.359653048,0,1
5068.362066066,0,0
5069.369667640,0,1
5069.372080908,0,0
5070.379682254,0,1
5070.382095272,0,0
5071.389696904,0,1
5071.390966352,1,1
5071.393598094,0,1
5071.393634168,0,0
5072.399711360,0,1
5072.402124376,0,0
5073.409725934,0,1
5073.412139200,0,0
5074.419740648,0,1
5074.422153664,0,0
5075.429755254,0,1
5075.432168272,0,0
5076.439769810,0,1
5076.442183076,0,0
5077.449784502,0,1
5077.452197520,0,0
5078.459799110,0,1
5078.462212378,0,0
5079.469813710,0,1
5079.472226976,0,0
5080.479828392,0,1
5080.482241408,0,0
5081.489842994,0,1
5081.491112586,1,1
5081.493743892,0,1
5081.493780260,0,0
5082.499857588,0,1
5082.502270604,0,0
5083.509872180,0,1
5083.512285446,0,0
5084.519886888,0,1
5084.522299904,0,0
5085.529901454,0,1
5085.532314470,0,0
5086.539916070,0,1
5086.542329338,0,0
5087.549930710,0,1
5087.552343726,0,0
5088.559945326,0,1
5088.562358594,0,0
5089.569959928,0,1
5089.572373194,0,0
5090.579974556,0,1
5090.582387572,0,0
5091.589989214,0,1
5091.591258892,1,1
5091.593890798,0,1
5091.593926480,0,0
5092.600003906,0,1
5092.602416922,0,0
5093.610018538,0,1
5093.612431804,0,0
5094.620033186,0,1
5094.622446202,0,0
5095.630047742,0,1
5095.632460758,0,0
5096.640062432,0,1
5096.642475698,0,0
5097.650077060,0,1
5097.652490078,0,0
5098.660091662,0,1
5098.662504928,0,0
5099.670106280,0,1
5099.672519546,0,0
5100.680120902,0,1
5100.682533920,0,0
5101.690135514,0,1
5101.691405008,1,1
5101.694036776,0,1
5101.694072780,0,0
5102.700150042,0,1
5102.702563058,0,0
5103.710164628,0,1
5103.712577896,0,0
5104.720179274,0,1
5104.722592290,0,0
5105.730193842,0,1
5105.732606858,0,0
5106.740208440,0,1
5106.742621708,0,0
5107.750223100,0,1
5107.752636118,0,0
5108.760237744,0,1
5108.762650760,0,0
5109.770252366,0,1
5109.772665632,0,0
5110.780267026,0,1
5110.782680042,0,0
5111.790281606,0,1
5111.791551318,1,1
5111.794183568,0,1
5111.794219120,0,0
5112.800296324,0,1
5112.802709342,0,0
5113.810310968,0,1
5113.812724234,0,0
5114.820325572,0,1
5114.822738590,0,0
5115.830340222,0,1
5115.832753240,0,0
5116.840354828,0,1
5116.842768094,0,0
5117.850369486,0,1
5117.852782502,0,0
5118.860384040,0,1
5118.862797306,0,0
5119.870398690,0,1
5119.872811956,0,0
5120.880413372,0,1
5120.882826390,0,0
5121.890427900,0,1
5121.891697474,1,1
5121.894329262,0,1
5121.894365166,0,0
5122.900442652,0,1
5122.902855668,0,0
5123.910457288,0,1
5123.912870554,0,0
5124.920471892,0,1
5124.922884910,0,0
5125.930486534,0,1
5125.932899550,0,0
5126.940501118,0,1
5126.942914384,0,0
5127.950515786,0,1
5127.952928802,0,0
5128.960530360,0,1
5128.962943626,0,0
5129.970545008,0,1
5129.972958274,0,0
5130.980559638,0,1
5130.982972656,0,0
5131.990574240,0,1
5131.991843622,1,1
5131.994475216,0,1
5131.994511256,0,0
5133.000588618,0,1
5133.003001634,0,0
5134.010603238,0,1
5134.013016254,0,0
5135.020617778,0,1
5135.023031044,0,0
5136.030632502,0,1
5136.033045518,0,0
5137.040647062,0,1
5137.043060080,0,0
5138.050661644,0,1
5138.053074910,0,0
5139.060676312,0,1
5139.063089328,0,0
5140.070690916,0,1
5140.073103932,0,0
5141.080705514,0,1
5141.083118780,0,0
5142.090720200,0,1
5142.091989864,1,1
5142.094621322,0,1
5142.094657466,0,0
5143.100734768,0,1
5143.103147784,0,0
5144.110749386,0,1
5144.113162652,0,0
5145.120763962,0,1
5145.123177228,0,0
5146.130778628,0,1
5146.133191644,0,0
5147.140793238,0,1
5147.143206254,0,0
5148.150807850,0,1
5148.153221118,0,0
5149.160822468,0,1
5149.163235486,0,0
5150.170837090,0,1
5150.173250108,0,0
5151.180851682,0,1
5151.183264948,0,0
5152.190866270,0,1
5152.192135936,1,1
5152.194767770,0,1
5152.194803536,0,0
5153.200881042,0,1
5153.203294058,0,0
5154.210895636,0,1
5154.213308902,0,0
5155.220910230,0,1
5155.223323496,0,0
5156.230924860,0,1
5156.233337876,0,0
5157.240939456,0,1
5157.243352722,0,0
5158.250954086,0,1
5158.253367352,0,0
5159.260968734,0,1
5159.263381750,0,0
5160.270983298,0,1
5160.273396564,0,0
5161.280997944,0,1
5161.282267582,1,1
5161.284899404,0,1
5161.284935210,0,0
5162.291012472,0,1
5162.293425488,0,0
5163.301027092,0,1
5163.303440358,0,0
5164.311041668,0,1
5164.313454936,0,0
5165.321056362,0,1
5165.323469380,0,0
5166.331070920,0,1
5166.333484188,0,0
5167.341085524,0,1
5167.343498792,0,0
5168.351100230,0,1
5168.353513248,0,0
5169.361114810,0,1
5169.363527826,0,0
5170.371129358,0,1
5170.373542626,0,0
5171.381144070,0,1
5171.382413674,1,1
5171.385045446,0,1
5171.385081334,0,0
5172.391158678,0,1
5172.393571694,0,0
5173.401173264,0,1
5173.403586532,0,0
5174.411187826,0,1
5174.413601094,0,0
5175.421202534,0,1
5175.423615548,0,0
5176.431217106,0,1
5176.433630124,0,0
5177.441231708,0,1
5177.443644974,0,0
5178.451246352,0,1
5178.453659370,0,0
5179.461260944,0,1
5179.463673960,0,0
5180.471275542,0,1
5180.473688808,0,0
5181.481290120,0,1
5181.482559944,1,1
5181.485191424,0,1
5181.485227634,0,0
5182.491305020,0,1
5182.493718036,0,0
5183.501319616,0,1
5183.503732884,0,0
5184.511334248,0,1
5184.513747264,0,0
5185.521348846,0,1
5185.523761860,0,0
5186.531363424,0,1
5186.533776692,0,0
5187.541378074,0,1
5187.543791090,0,0
5188.551392718,0,1
5188.553805734,0,0
5189.561407244,0,1
5189.563820510,0,0
5190.571421934,0,1
5190.573834950,0,0
5191.581436490,0,1
5191.582706046,1,1
5191.585337712,0,1
5191.585373504,0,0
5192.591451144,0,1
5192.593864160,0,0
5193.601465698,0,1
5193.603878964,0,0
5194.611480362,0,1
5194.613893380,0,0
5195.621494982,0,1
5195.623907998,0,0
5196.631509550,0,1
5196.633922816,0,0
5197.641524160,0,1
5197.643937428,0,0
5198.651538822,0,1
5198.653951838,0,0
5199.661553384,0,1
5199.663966650,0,0
5200.671567998,0,1
5200.673981266,0,0
5201.681582628,0,1
5201.682852154,1,1
5201.685483976,0,1
5201.685519894,0,0
5202.691597060,0,1
5202.694010078,0,0
5203.701611652,0,1
5203.704024918,0,0
5204.711626258,0,1
5204.714039526,0,0
5205.721640932,0,1
5205.724053948,0,0
5206.731655534,0,1
5206.734068550,0,0
5207.741670130,0,1
5207.744083396,0,0
5208.751684714,0,1
5208.754097980,0,0
5209.761699382,0,1
5209.764112398,0,0
5210.771713938,0,1
5210.774126954,0,0
5211.781728522,0,1
5211.782998342,1,1
5211.785629844,0,1
5211.785666038,0,0
5212.791743426,0,1
5212.794156444,0,0
5213.801757998,0,1
5213.804171264,0,0
5214.811772658,0,1
5214.814185676,0,0
5215.821787266,0,1
5215.824200282,0,0
5216.831801810,0,1
5216.834215076,0,0
5217.841816546,0,1
5217.844229562,0,0
5218.851831094,0,1
5218.854244110,0,0
5219.861845686,0,1
5219.864258952,0,0
5220.871860298,0,1
5220.874273316,0,0
5221.881874928,0,1
5221.883144390,1,1
5221.885776174,0,1
5221.885812192,0,0
5222.891889398,0,1
5222.894302414,0,0
5223.901903972,0,1
5223.904317238,0,0
5224.911918660,0,1
5224.914331676,0,0
5225.921933250,0,1
5225.924346266,0,0
5226.931947828,0,1
5226.934361094,0,0
5227.941962420,0,1
5227.944375686,0,0
5228.951977062,0,1
5228.954390078,0,0
5229.961991692,0,1
5229.964404958,0,0
5230.972006236,0,1
5230.974419504,0,0
5231.982020958,0,1
5231.983290580,1,1
5231.985921962,0,1
5231.985958222,0,0
5232.992035502,0,1
5232.994448520,0,0
5234.002050096,0,1
5234.004463364,0,0
5235.012064702,0,1
5235.014477968,0,0
5236.022079368,0,1
5236.024492384,0,0
5237.032093932,0,1
5237.034507198,0,0
5238.042108516,0,1
5238.044521782,0,0
5239.052123182,0,1
5239.054536200,0,0
5240.062137768,0,1
5240.064550784,0,0
5241.072152398,0,1
5241.074565664,0,0
5242.082167048,0,1
5242.083436636,1,1
5242.086068752,0,1
5242.086104314,0,0
5243.092181634,0,1
5243.094594650,0,0
5244.102196174,0,1
5244.104609442,0,0
5245.112210794,0,1
5245.114624060,0,0
5246.122225452,0,1
5246.124638468,0,0
5247.132240006,0,1
5247.134653272,0,0
5248.142254654,0,1
5248.144667920,0,0
5249.152269254,0,1
5249.154682270,0,0
5250.162283878,0,1
5250.164697144,0,0
5251.172298498,0,1
5251.174711764,0,0
5252.182313108,0,1
5252.183582752,1,1
5252.186214500,0,1
5252.186250372,0,0
5253.192327752,0,1
5253.194740768,0,0
5254.202342328,0,1
5254.204755596,0,0
5255.212356922,0,1
5255.214770188,0,0
5256.222371560,0,1
5256.224784576,0,0
5257.232386124,0,1
5257.234799390,0,0
5258.242400748,0,1
5258.244814014,0,0
5259.252415422,0,1
5259.254828438,0,0
5260.262429952,0,1
5260.264843218,0,0
5261.272444534,0,1
5261.273714204,1,1
5261.276345884,0,1
5261.276381798,0,0
5262.282459288,0,1
5262.284872304,0,0
5263.292473912,0,1
5263.294887178,0,0
5264.302488460,0,1
5264.304901726,0,0
5265.312503072,0,1
5265.314916088,0,0
5266.322517704,0,1
5266.324930720,0,0
5267.332532280,0,1
5267.334945546,0,0
5268.342546922,0,1
5268.344960188,0,0
5269.352561570,0,1
5269.354974586,0,0
5270.362576148,0,1
5270.364989164,0,0
5271.372590736,0,1
5271.373860316,1,1
5271.376492060,0,1
5271.376528002,0,0
5272.382605318,0,1
5272.385018334,0,0
5273.392619924,0,1
5273.395033190,0,0
5274.402634504,0,1
5274.405047770,0,0
5275.412649162,0,1
5275.415062178,0,0
5276.422663716,0,1
5276.425076732,0,0
5277.432678340,0,1
5277.435091606,0,0
5278.442693008,0,1
5278.445106024,0,0
5279.452707586,0,1
5279.455120604,0,0
5280.462722194,0,1
5280.465135460,0,0
5281.472736740,0,1
5281.474006362,1,1
5281.476638070,0,1
5281.476674006,0,0
5282.482751326,0,1
5282.485164342,0,0
5283.492765876,0,1
5283.495179142,0,0
5284.502780444,0,1
5284.505193710,0,0
5285.512795160,0,1
5285.515208176,0,0
5286.522809766,0,1
5286.525223032,0,0
5287.532824304,0,1
5287.535237570,0,0
5288.542839022,0,1
5288.545252038,0,0
5289.552853600,0,1
5289.555266616,0,0
5290.562868134,0,1
5290.565281400,0,0
5291.572882782,0,1
5291.574152406,1,1
5291.576784102,0,1
5291.576820046,0,0
5292.582897424,0,1
5292.585310440,0,0
5293.592911946,0,1
5293.595325212,0,0
5294.602926574,0,1
5294.605339842,0,0
5295.612941220,0,1
5295.615354236,0,0
5296.622955774,0,1
5296.625368790,0,0
5297.632970382,0,1
5297.635383648,0,0
5298.642984986,0,1
5298.645398252,0,0
5299.652999654,0,1
5299.655412670,0,0
5300.663014148,0,1
5300.665427164,0,0
5301.673028814,0,1
5301.674298488,1,1
5301.676930412,0,1
5301.676966080,0,0
5302.683043474,0,1
5302.685456488,0,0
5303.693058112,0,1
5303.695471378,0,0
5304.703072724,0,1
5304.705485992,0,0
5305.713087328,0,1
5305.715500344,0,0
5306.723101870,0,1
5306.725515136,0,0
5307.733116476,0,1
5307.735529742,0,0
5308.743131170,0,1
5308.745544186,0,0
5309.753145776,0,1
5309.755558792,0,0
5310.763160324,0,1
5310.765573590,0,0
5311.773174978,0,1
5311.774444510,1,1
5311.777076184,0,1
5311.777112242,0,0
5312.783189450,0,1
5312.785602466,0,0
5313.793204014,0,1
5313.795617282,0,0
5314.803218592,0,1
5314.805631858,0,0
5315.813233246,0,1
5315.815646262,0,0
5316.823247876,0,1
5316.825660892,0,0
5317.833262400,0,1
5317.835675666,0,0
5318.843277078,0,1
5318.845690094,0,0
5319.853291624,0,1
5319.855704640,0,0
5320.863306202,0,1
5320.865719470,0,0
5321.873320794,0,1
5321.874590546,1,1
5321.877222404,0,1
5321.877258308,0,0
5322.883335634,0,1
5322.885748650,0,0
5323.893350218,0,1
5323.895763486,0,0
5324.903364856,0,1
5324.905777872,0,0
5325.913379436,0,1
5325.915792452,0,0
5326.923394078,0,1
5326.925807344,0,0
5327.933408608,0,1
5327.935821874,0,0
5328.943423296,0,1
5328.945836312,0,0
5329.953437826,0,1
5329.955851092,0,0
5330.963452448,0,1
5330.965865714,0,0
5331.973467100,0,1
5331.974736628,1,1
5331.977368178,0,1
5331.977404366,0,0
5332.983481660,0,1
5332.985894676,0,0
5333.993496238,0,1
5333.995909504,0,0
5335.003510896,0,1
5335.005923912,0,0
5336.013525510,0,1
5336.015938526,0,0
5337.023540094,0,1
5337.025953110,0,0
5338.033554648,0,1
5338.035967914,0,0
5339.043569314,0,1
5339.045982330,0,0
5340.053583886,0,1
5340.055996902,0,0
5341.063598498,0,1
5341.066011764,0,0
5342.073613050,0,1
5342.074882646,1,1
5342.077514392,0,1
5342.077550316,0,0
5343.083627678,0,1
5343.086040694,0,0
5344.093642234,0,1
5344.096055502,0,0
5345.103656822,0,1
5345.106070090,0,0
5346.113671438,0,1
5346.116084454,0,0
5347.123686018,0,1
5347.126099034,0,0
5348.133700596,0,1
5348.136113862,0,0
5349.143715286,0,1
5349.146128302,0,0
5350.153729862,0,1
5350.156142880,0,0
5351.163744398,0,1
5351.166157664,0,0
5352.173759062,0,1
5352.175028736,1,1
5352.177660550,0,1
5352.177696326,0,0
5353.183773736,0,1
5353.186186752,0,0
5354.193788318,0,1
5354.196201586,0,0
5355.203802966,0,1
5355.206215982,0,0
5356.213817566,0,1
5356.216230582,0,0
5357.223832156,0,1
5357.226245420,0,0
5358.233846796,0,1
5358.236259812,0,0
5359.243861346,0,1
5359.246274362,0,0
5360.253875980,0,1
5360.256289246,0,0
5361.263890536,0,1
5361.265160054,1,1
5361.267791776,0,1
5361.267827800,0,0
5362.273905016,0,1
5362.276318032,0,0
5363.283919576,0,1
5363.286332842,0,0
5364.293934158,0,1
5364.296347426,0,0
5365.303948822,0,1
5365.306361838,0,0
5366.313963440,0,1
5366.316376706,0,0
5367.323977988,0,1
5367.326391254,0,0
5368.333992614,0,1
5368.336405630,0,0
5369.344007198,0,1
5369.346420214,0,0
5370.354021814,0,1
5370.356435080,0,0
5371.364036434,0,1
5371.365306090,1,1
5371.367937740,0,1
5371.367973698,0,0
5372.374051146,0,1
5372.376464164,0,0
5373.384065710,0,1
5373.386478976,0,0
5374.394080400,0,1
5374.396493416,0,0
5375.404094964,0,1
5375.406507980,0,0
5376.414109546,0,1
5376.416522812,0,0
5377.424124170,0,1
5377.426537186,0,0
5378.434138732,0,1
5378.436551748,0,0
5379.444153338,0,1
5379.446566604,0,0
5380.454167984,0,1
5380.456581000,0,0
5381.464182562,0,1
5381.465452114,1,1
5381.468083824,0,1
5381.468119828,0,0
5382.474197124,0,1
5382.476610140,0,0
5383.484211766,0,1
5383.486625032,0,0
5384.494226346,0,1
5384.496639362,0,0
5385.504240956,0,1
5385.506653972,0,0
5386.514255506,0,1
5386.516668772,0,0
5387.524270068,0,1
5387.526683334,0,0
5388.534284764,0,1
5388.536697780,0,0
5389.544299338,0,1
5389.546712604,0,0
5390.554313902,0,1
5390.556727168,0,0
5391.564328518,0,1
5391.565598068,1,1
5391.568230060,0,1
5391.568265784,0,0
5392.574343134,0,1
5392.576756150,0,0
5393.584357722,0,1
5393.586770988,0,0
5394.594372338,0,1
5394.596785356,0,0
5395.604386898,0,1
5395.606799914,0,0
5396.614401496,0,1
5396.616814762,0,0
5397.624416174,0,1
5397.626829190,0,0
5398.634430748,0,1
5398.636843764,0,0
5399.644445294,0,1
5399.646858560,0,0
5400.654459960,0,1
5400.656872976,0,0
5401.664474486,0,1
5401.665744008,1,1
5401.668375754,0,1
5401.668411750,0,0
5402.674488942,0,1
5402.676901958,0,0
5403.684503548,0,1
5403.686916564,0,0
5404.694518136,0,1
5404.696931404,0,0
5405.704532730,0,1
5405.706945996,0,0
5406.714547376,0,1
5406.716960392,0,0
5407.724561960,0,1
5407.726974976,0,0
5408.734576542,0,1
5408.736989810,0,0
5409.744591162,0,1
5409.747004178,0,0
5410.754605788,0,1
5410.757018804,0,0
5411.764620298,0,1
5411.765890024,1,1
5411.768521900,0,1
5411.768557814,0,0
5412.774635006,0,1
5412.777048022,0,0
5413.784649568,0,1
5413.787062834,0,0
5414.794664204,0,1
5414.797077470,0,0
5415.804678830,0,1
5415.807091846,0,0
5416.814693418,0,1
5416.817106436,0,0
5417.824707968,0,1
5417.827121234,0,0
5418.834722660,0,1
5418.837135674,0,0
5419.844737194,0,1
5419.847150212,0,0
5420.854751774,0,1
5420.857165040,0,0
5421.864766382,0,1
5421.866035966,1,1
5421.868667306,0,1
5421.868703648,0,0
5422.874780952,0,1
5422.877193968,0,0
5423.884795566,0,1
5423.887208832,0,0
5424.894810126,0,1
5424.897223394,0,0
5425.904824784,0,1
5425.907237800,0,0
5426.914839370,0,1
5426.917252636,0,0
5427.924853918,0,1
5427.927267184,0,0
5428.934868544,0,1
5428.937281560,0,0
5429.944883134,0,1
5429.947296150,0,0
5430.954897712,0,1
5430.957310978,0,0
5431.964912366,0,1
5431.966181914,1,1
5431.968813374,0,1
5431.968849380,0,0
5432.974926910,0,1
5432.977339928,0,0
5433.984941482,0,1
5433.987354748,0,0
5434.994956112,0,1
5434.997369380,0,0
5436.004970732,0,1
5436.007383748,0,0
5437.014985276,0,1
5437.017398294,0,0
5438.024999892,0,1
5438.027413158,0,0
5439.035014562,0,1
5439.037427578,0,0
5440.045029116,0,1
5440.047442132,0,0
5441.055043706,0,1
5441.057456972,0,0
5442.065058222,0,1
5442.066327900,1,1
5442.068959574,0,1
5442.068995488,0,0
5443.075072948,0,1
5443.077485964,0,0
5444.085087546,0,1
5444.087500812,0,0
5445.095102194,0,1
5445.097515212,0,0
5446.105116708,0,1
5446.107529722,0,0
5447.115131344,0,1
5447.117544610,0,0
5448.125145982,0,1
5448.127558998,0,0
5449.135160548,0,1
5449.137573566,0,0
5450.145175076,0,1
5450.147588342,0,0
5451.155189760,0,1
5451.157602776,0,0
5452.165204364,0,1
5452.166473858,1,1
5452.169105678,0,1
5452.169141628,0,0
5453.175218766,0,1
5453.177631782,0,0
5454.185233398,0,1
5454.187646664,0,0
5455.195247926,0,1
5455.197661192,0,0
5456.205262626,0,1
5456.207675642,0,0
5457.215277174,0,1
5457.217690190,0,0
5458.225291722,0,1
5458.227704988,0,0
5459.235306280,0,1
5459.237719546,0,0
5460.245320926,0,1
5460.247733942,0,0
5461.255335478,0,1
5461.256605238,1,1
5461.259237052,0,1
5461.259272994,0,0
5462.265350170,0,1
5462.267763186,0,0
5463.275364744,0,1
5463.277778012,0,0
5464.285379326,0,1
5464.287792592,0,0
5465.295393990,0,1
5465.297807006,0,0
5466.305408532,0,1
5466.307821550,0,0
5467.315423166,0,1
5467.317836432,0,0
5468.325437764,0,1
5468.327850780,0,0
5469.335452350,0,1
5469.337865366,0,0
5470.345466926,0,1
5470.347880192,0,0
5471.355481512,0,1
5471.356751230,1,1
5471.359382852,0,1
5471.359419028,0,0
5472.365496210,0,1
5472.367909226,0,0
5473.375510818,0,1
5473.377924084,0,0
5474.385525342,0,1
5474.387938608,0,0
5475.395540020,0,1
5475.397953036,0,0
5476.405554574,0,1
5476.407967842,0,0
5477.415569126,0,1
5477.417982392,0,0
5478.425583744,0,1
5478.427996760,0,0
5479.435598368,0,1
5479.438011384,0,0
5480.445612942,0,1
5480.448026208,0,0
5481.455627548,0,1
5481.456897130,1,1
5481.459528464,0,1
5481.459564812,0,0
5482.465642102,0,1
5482.468055118,0,0
5483.475656676,0,1
5483.478069942,0,0
5484.485671342,0,1
5484.488084358,0,0
5485.495685894,0,1
5485.498098910,0,0
5486.505700484,0,1
5486.508113752,0,0
5487.515715118,0,1
5487.518128134,0,0
5488.525729670,0,1
5488.528142686,0,0
5489.535744224,0,1
5489.538157490,0,0
5490.545758888,0,1
5490.548171904,0,0
5491.555773442,0,1
5491.557043096,1,1
5491.559674870,0,1
5491.559710708,0,0
5492.565788060,0,1
5492.568201076,0,0
5493.575802592,0,1
5493.578215860,0,0
5494.585817250,0,1
5494.588230266,0,0
5495.595831798,0,1
5495.598244814,0,0
5496.605846410,0,1
5496.608259676,0,0
5497.615860974,0,1
5497.618274240,0,0
5498.625875620,0,1
5498.628288636,0,0
5499.635890152,0,1
5499.638303420,0,0
5500.645904740,0,1
5500.648318006,0,0
5501.655919414,0,1
5501.657188968,1,1
5501.659820682,0,1
5501.659856680,0,0
5502.665933954,0,1
5502.668346970,0,0
5503.675948518,0,1
5503.678361784,0,0
5504.685963164,0,1
5504.688376182,0,0
5505.695977722,0,1
5505.698390738,0,0
5506.705992348,0,1
5506.708405614,0,0
5507.716006872,0,1
5507.718420138,0,0
5508.726021526,0,1
5508.728434542,0,0
5509.736036088,0,1
5509.738449354,0,0
5510.746050644,0,1
5510.748463910,0,0
5511.756065292,0,1
5511.757334902,1,1
5511.759966562,0,1
5511.760002558,0,0
5512.766079844,0,1
5512.768492860,0,0
5513.776094452,0,1
5513.778507718,0,0
5514.786109068,0,1
5514.788522084,0,0
5515.796123654,0,1
5515.798536670,0,0
5516.806138278,0,1
5516.808551544,0,0
5517.816152752,0,1
5517.818566018,0,0
5518.826167468,0,1
5518.828580484,0,0
5519.836182020,0,1
5519.838595288,0,0
5520.846196574,0,1
5520.848609840,0,0
5521.856211162,0,1
5521.857480844,1,1
5521.860112878,0,1
5521.860148426,0,0
5522.866225864,0,1
5522.868638880,0,0
5523.876240448,0,1
5523.878653716,0,0
5524.886255062,0,1
5524.888668078,0,0
5525.896269690,0,1
5525.898682706,0,0
5526.906284256,0,1
5526.908697522,0,0
5527.916298890,0,1
5527.918711906,0,0
5528.926313450,0,1
5528.928726466,0,0
5529.936327994,0,1
5529.938741262,0,0
5530.946342616,0,1
5530.948755632,0,0
5531.956357214,0,1
5531.957626708,1,1
5531.960258456,0,1
5531.960294480,0,0
5532.966371700,0,1
5532.968784716,0,0
5533.976386216,0,1
5533.978799482,0,0
5534.986400828,0,1
5534.988813844,0,0
5535.996415430,0,1
5535.998828448,0,0
5537.006429988,0,1
5537.008843256,0,0
5538.016444614,0,1
5538.018857880,0,0
5539.026459232,0,1
5539.028872250,0,0
5540.036473812,0,1
5540.038886828,0,0
5541.046488388,0,1
5541.048901654,0,0
5542.056502972,0,1
5542.057772668,1,1
5542.060404988,0,1
5542.060440488,0,0
5543.066517702,0,1
5543.068930718,0,0
5544.076532274,0,1
5544.078945540,0,0
5545.086546892,0,1
5545.088959908,0,0
5546.096561458,0,1
5546.098974476,0,0
5547.106576070,0,1
5547.108989336,0,0
5548.116590666,0,1
5548.119003682,0,0
5549.126605250,0,1
5549.129018266,0,0
5550.136619796,0,1
5550.139033062,0,0
5551.146634432,0,1
5551.149047448,0,0
5552.156649004,0,1
5552.157918526,1,1
5552.160550004,0,1
5552.160586018,0,0
5553.166663466,0,1
5553.169076482,0,0
5554.176678048,0,1
5554.179091316,0,0
5555.186692600,0,1
5555.189105866,0,0
5556.196707236,0,1
5556.199120252,0,0
5557.206721766,0,1
5557.209135032,0,0
5558.216736366,0,1
5558.219149632,0,0
5559.226750972,0,1
5559.229163988,0,0
5560.236765528,0,1
5560.239178544,0,0
5561.246780088,0,1
5561.248049792,1,1
5561.250681410,0,1
5561.250717602,0,0
5562.256794824,0,1
5562.259207840,0,0
5563.266809382,0,1
5563.269222648,0,0
5564.276824034,0,1
5564.279237050,0,0
5565.286838588,0,1
5565.289251604,0,0
5566.296853112,0,1
5566.299266378,0,0
5567.306867748,0,1
5567.309281014,0,0
5568.316882378,0,1
5568.319295394,0,0
5569.326896934,0,1
5569.329310200,0,0
5570.336911468,0,1
5570.339324734,0,0
5571.346926108,0,1
5571.348195710,1,1
5571.350827492,0,1
5571.350863372,0,0
5572.356940730,0,1
5572.359353746,0,0
5573.366955270,0,1
5573.369368534,0,0
5574.376969864,0,1
5574.379382880,0,0
5575.386984446,0,1
5575.389397462,0,0
5576.396999024,0,1
5576.399412290,0,0
5577.407013620,0,1
5577.409426886,0,0
5578.417028276,0,1
5578.419441292,0,0
5579.427042842,0,1
5579.429456108,0,0
5580.437057358,0,1
5580.439470624,0,0
5581.447072002,0,1
5581.448341514,1,1
5581.450973350,0,1
5581.451009266,0,0
5582.457086446,0,1
5582.459499462,0,0
5583.467101018,0,1
5583.469514284,0,0
5584.477115620,0,1
5584.479528888,0,0
5585.487130176,0,1
5585.489543192,0,0
5586.497144788,0,1
5586.499557806,0,0
5587.507159324,0,1
5587.509572590,0,0
5588.517173950,0,1
5588.519586966,0,0
5589.527188554,0,1
5589.529601570,0,0
5590.537203096,0,1
5590.539616362,0,0
5591.547217678,0,1
5591.548487422,1,1
5591.551118896,0,1
5591.551155194,0,0
5592.557232352,0,1
5592.559645368,0,0
5593.567246892,0,1
5593.569660158,0,0
5594.577261498,0,1
5594.579674764,0,0
5595.587276156,0,1
5595.589689174,0,0
5596.597290668,0,1
5596.599703934,0,0
5597.607305260,0,1
5597.609718528,0,0
5598.617319898,0,1
5598.619732914,0,0
5599.627334438,0,1
5599.629747454,0,0
5600.637349010,0,1
5600.639762278,0,0
5601.647363620,0,1
5601.648633264,1,1
5601.651264858,0,1
5601.651300886,0,0
5602.657378200,0,1
5602.659791216,0,0
5603.667392782,0,1
5603.669806048,0,0
5604.677407314,0,1
5604.679820580,0,0
5605.687421902,0,1
5605.689835168,0,0
5606.697436544,0,1
5606.699849562,0,0
5607.707451102,0,1
5607.709864118,0,0
5608.717465664,0,1
5608.719878930,0,0
5609.727480314,0,1
5609.729893330,0,0
5610.737494892,0,1
5610.739907908,0,0
5611.747509410,0,1
5611.748779060,1,1
5611.751411246,0,1
5611.751446674,0,0
5612.757524110,0,1
5612.759937128,0,0
5613.767538690,0,1
5613.769951954,0,0
5614.777553290,0,1
5614.779966306,0,0
5615.787567884,0,1
5615.789980902,0,0
5616.797582410,0,1
5616.799995676,0,0
5617.807596994,0,1
5617.810010260,0,0
5618.817611610,0,1
5618.820024626,0,0
5619.827626202,0,1
5619.830039468,0,0
5620.837640728,0,1
5620.840053994,0,0
5621.847655358,0,1
5621.848924910,1,1
5621.851556558,0,1
5621.851592624,0,0
5622.857669898,0,1
5622.860082914,0,0
5623.867684510,0,1
5623.870097776,0,0
5624.877699040,0,1
5624.880112306,0,0
5625.887713722,0,1
5625.890126738,0,0
5626.897728284,0,1
5626.900141300,0,0
5627.907742808,0,1
5627.910156074,0,0
5628.917757440,0,1
5628.920170456,0,0
5629.927772026,0,1
5629.930185042,0,0
5630.937786576,0,1
5630.940199842,0,0
5631.947801138,0,1
5631.949070692,1,1
5631.951702380,0,1
5631.951738404,0,0
5632.957815678,0,1
5632.960228696,0,0
5633.967830256,0,1
5633.970243522,0,0
5634.977844822,0,1
5634.980258090,0,0
5635.987859414,0,1
5635.990272430,0,0
5636.997874008,0,1
5637.000287274,0,0
5638.007888570,0,1
5638.010301836,0,0
5639.017903236,0,1
5639.020316252,0,0
5640.027917748,0,1
5640.030330764,0,0
5641.037932354,0,1
5641.040345620,0,0
5642.047946958,0,1
5642.049216568,1,1
5642.051848672,0,1
5642.051884224,0,0
5643.057961546,0,1
5643.060374562,0,0
5644.067976098,0,1
5644.070389364,0,0
5645.077990646,0,1
5645.080403912,0,0
5646.088005300,0,1
5646.090418316,0,0
5647.098019826,0,1
5647.100432842,0,0
5648.108034384,0,1
5648.110447650,0,0
5649.118048994,0,1
5649.120462010,0,0
5650.128063584,0,1
5650.130476600,0,0
5651.138078170,0,1
5651.140491438,0,0
5652.148092698,0,1
5652.149362396,1,1
5652.151994358,0,1
5652.152030212,0,0
5653.158107368,0,1
5653.160520386,0,0
5654.168121934,0,1
5654.170535202,0,0
5655.178136518,0,1
5655.180549784,0,0
5656.188151186,0,1
5656.190564202,0,0
5657.198165696,0,1
5657.200578962,0,0
5658.208180288,0,1
5658.210593554,0,0
5659.218194920,0,1
5659.220607936,0,0
5660.228209498,0,1
5660.230622514,0,0
5661.238224064,0,1
5661.239493596,1,1
5661.242125034,0,1
5661.242161328,0,0
5662.248238460,0,1
5662.250651476,0,0
5663.258253026,0,1
5663.260666292,0,0
5664.268267566,0,1
5664.270680832,0,0
5665.278282196,0,1
5665.280695212,0,0
5666.288296766,0,1
5666.290709784,0,0
5667.298311354,0,1
5667.300724620,0,0
5668.308325990,0,1
5668.310739006,0,0
5669.318340544,0,1
5669.320753560,0,0
5670.328355066,0,1
5670.330768332,0,0
5671.338369640,0,1
5671.339639380,1,1
5671.342271226,0,1
5671.342306904,0,0
5672.348384292,0,1
5672.350797308,0,0
5673.358398876,0,1
5673.360811892,0,0
5674.368413432,0,1
5674.370826698,0,0
5675.378428060,0,1
5675.380841326,0,0
5676.388442634,0,1
5676.390855650,0,0
5677.398457224,0,1
5677.400870242,0,0
5678.408471742,0,1
5678.410885008,0,0
5679.418486388,0,1
5679.420899404,0,0
5680.428500954,0,1
5680.430913970,0,0
5681.438515492,0,1
5681.439785124,1,1
5681.442416996,0,1
5681.442452758,0,0
5682.448530082,0,1
5682.450943098,0,0
5683.458544640,0,1
5683.460957906,0,0
5684.468559192,0,1
5684.470972460,0,0
5685.478573778,0,1
5685.480986794,0,0
5686.488588398,0,1
5686.491001414,0,0
5687.498602924,0,1
5687.501016190,0,0
5688.508617544,0,1
5688.511030560,0,0
5689.518632096,0,1
5689.521045112,0,0
5690.528646636,0,1
5690.531059902,0,0
5691.538661218,0,1
5691.539930974,1,1
5691.542563044,0,1
5691.542598732,0,0
5692.548675908,0,1
5692.551088924,0,0
5693.558690462,0,1
5693.561103728,0,0
5694.568705010,0,1
5694.571118276,0,0
5695.578719636,0,1
5695.581132652,0,0
5696.588734222,0,1
5696.591147238,0,0
5697.598748760,0,1
5697.601162028,0,0
5698.608763420,0,1
5698.611176438,0,0
5699.618777950,0,1
5699.621190966,0,0
5700.628792500,0,1
5700.631205766,0,0
5701.638807052,0,1
5701.640076670,1,1
5701.642707986,0,1
5701.642744318,0,0
5702.648821620,0,1
5702.651234636,0,0
5703.658836214,0,1
5703.661249480,0,0
5704.668850760,0,1
5704.671264026,0,0
5705.678865356,0,1
5705.681278372,0,0
5706.688879924,0,1
5706.691292940,0,0
5707.698894492,0,1
5707.701307758,0,0
5708.708909054,0,1
5708.711322320,0,0
5709.718923636,0,1
5709.721336652,0,0
5710.728938222,0,1
5710.731351238,0,0
5711.738952760,0,1
5711.740222522,1,1
5711.742854200,0,1
5711.742890276,0,0
5712.748967424,0,1
5712.751380442,0,0
5713.758982026,0,1
5713.761395292,0,0
5714.768996558,0,1
5714.771409822,0,0
5715.779011190,0,1
5715.781424208,0,0
5716.789025772,0,1
5716.791438788,0,0
5717.799040272,0,1
5717.801453538,0,0
5718.809054924,0,1
5718.811467940,0,0
5719.819069494,0,1
5719.821482510,0,0
5720.829084018,0,1
5720.831497284,0,0
5721.839098572,0,1
5721.840368244,1,1
5721.842999816,0,1
5721.843035838,0,0
5722.849113278,0,1
5722.851526294,0,0
5723.859127822,0,1
5723.861541088,0,0
5724.869142394,0,1
5724.871555660,0,0
5725.879156984,0,1
5725.881570002,0,0
5726.889171552,0,1
5726.891584818,0,0
5727.899186120,0,1
5727.901599388,0,0
5728.909200742,0,1
5728.911613760,0,0
5729.919215318,0,1
5729.921628334,0,0
5730.929229898,0,1
5730.931643164,0,0
5731.939244498,0,1
5731.940513984,1,1
5731.943146012,0,1
5731.943181764,0,0
5732.949258948,0,1
5732.951671966,0,0
5733.959273488,0,1
5733.961686754,0,0
5734.969288058,0,1
5734.971701324,0,0
5735.979302638,0,1
5735.981715654,0,0
5736.989317222,0,1
5736.991730238,0,0
5737.999331722,0,1
5738.001744988,0,0
5739.009346324,0,1
5739.011759590,0,0
5740.019360946,0,1
5740.021773962,0,0
5741.029375562,0,1
5741.031788578,0,0
5742.039390072,0,1
5742.040659796,1,1
5742.043291368,0,1
5742.043327588,0,0
5743.049404722,0,1
5743.051817738,0,0
5744.059419288,0,1
5744.061832554,0,0
5745.069433922,0,1
5745.071846938,0,0
5746.079448502,0,1
5746.081861518,0,0
5747.089463072,0,1
5747.091876338,0,0
5748.099477564,0,1
5748.101890830,0,0
5749.109492204,0,1
5749.111905220,0,0
5750.119506780,0,1
5750.121920046,0,0
5751.129521322,0,1
5751.131934588,0,0
5752.139535948,0,1
5752.140805482,1,1
5752.143437252,0,1
5752.143473214,0,0
5753.149550364,0,1
5753.151963380,0,0
5754.159564930,0,1
5754.161978198,0,0
5755.169579486,0,1
5755.171992752,0,0
5756.179594136,0,1
5756.182007152,0,0
5757.189608624,0,1
5757.192021640,0,0
5758.199623204,0,1
5758.202036472,0,0
5759.209637848,0,1
5759.212050866,0,0
5760.219652420,0,1
5760.222065436,0,0
5761.229666948,0,1
5761.230936698,1,1
5761.233568710,0,1
5761.233604464,0,0
5762.239681650,0,1
5762.242094666,0,0
5763.249696206,0,1
5763.252109472,0,0
5764.259710726,0,1
5764.262123994,0,0
5765.269725346,0,1
5765.272138364,0,0
5766.279739898,0,1
5766.282153164,0,0
5767.289754450,0,1
5767.292167716,0,0
5768.299769076,0,1
5768.302182092,0,0
5769.309783612,0,1
5769.312196628,0,0
5770.319798232,0,1
5770.322211498,0,0
5771.329812828,0,1
5771.331082380,1,1
5771.333713928,0,1
5771.333750092,0,0
5772.339827352,0,1
5772.342240368,0,0
5773.349841934,0,1
5773.352255200,0,0
5774.359856492,0,1
5774.362269758,0,0
5775.369871072,0,1
5775.372284088,0,0
5776.379885628,0,1
5776.382298644,0,0
5777.389900206,0,1
5777.392313472,0,0
5778.399914872,0,1
5778.402327888,0,0
5779.409929386,0,1
5779.412342402,0,0
5780.419943938,0,1
5780.422357204,0,0
5781.429958458,0,1
5781.431228164,1,1
5781.433859764,0,1
5781.433895972,0,0
5782.439973166,0,1
5782.442386182,0,0
5783.449987732,0,1
5783.452400998,0,0
5784.460002308,0,1
5784.462415324,0,0
5785.470016872,0,1
5785.472429888,0,0
5786.480031466,0,1
5786.482444732,0,0
5787.490045982,0,1
5787.492459248,0,0
5788.500060598,0,1
5788.502473614,0,0
5789.510075184,0,1
5789.512488450,0,0
5790.520089686,0,1
5790.522502952,0,0
5791.530104310,0,1
5791.531373844,1,1
5791.534005596,0,1
5791.534041574,0,0
5792.540118764,0,1
5792.542531780,0,0
5793.550133352,0,1
5793.552546618,0,0
5794.560147840,0,1
5794.562561106,0,0
5795.570162494,0,1
5795.572575510,0,0
5796.580177058,0,1
5796.582590076,0,0
5797.590191580,0,1
5797.592604846,0,0
5798.600206208,0,1
5798.602619224,0,0
5799.610220794,0,1
5799.612633810,0,0
5800.620235330,0,1
5800.622648596,0,0
5801.630249904,0,1
5801.631519530,1,1
5801.634151196,0,1
5801.634187170,0,0
5802.640264412,0,1
5802.642677428,0,0
5803.650279008,0,1
5803.652692274,0,0
5804.660293496,0,1
5804.662706762,0,0
5805.670308126,0,1
5805.672721142,0,0
5806.680322696,0,1
5806.682735712,0,0
5807.690337288,0,1
5807.692750556,0,0
5808.700351818,0,1
5808.702765084,0,0
5809.710366378,0,1
5809.712779644,0,0
5810.720380976,0,1
5810.722793992,0,0
5811.730395572,0,1
5811.731665272,1,1
5811.734297246,0,1
5811.734333086,0,0
5812.740410234,0,1
5812.742823250,0,0
5813.750424788,0,1
5813.752838054,0,0
5814.760439310,0,1
5814.762852576,0,0
5815.770453964,0,1
5815.772866980,0,0
5816.780468494,0,1
5816.782881510,0,0
5817.790483058,0,1
5817.792896324,0,0
5818.800497628,0,1
5818.802910644,0,0
5819.810512216,0,1
5819.812925234,0,0
5820.820526786,0,1
5820.822940054,0,0
5821.830541362,0,1
5821.831811004,1,1
5821.834442708,0,1
5821.834478628,0,0
5822.840555946,0,1
5822.842968964,0,0
5823.850570488,0,1
5823.852983756,0,0
5824.860585052,0,1
5824.862998320,0,0
5825.870599678,0,1
5825.873012694,0,0
5826.880614206,0,1
5826.883027224,0,0
5827.890628778,0,1
5827.893042044,0,0
5828.900643370,0,1
5828.903056386,0,0
5829.910657912,0,1
5829.913070928,0,0
5830.920672500,0,1
5830.923085766,0,0
5831.930687010,0,1
5831.931956664,1,1
5831.934588504,0,1
5831.934624274,0,0
5832.940701600,0,1
5832.943114616,0,0
5833.950716128,0,1
5833.953129394,0,0
5834.960730700,0,1
5834.963143966,0,0
5835.970745264,0,1
5835.973158280,0,0
5836.980759846,0,1
5836.983172862,0,0
5837.990774398,0,1
5837.993187664,0,0
5839.000788974,0,1
5839.003201990,0,0
5840.010803578,0,1
5840.013216594,0,0
5841.020818126,0,1
5841.023231392,0,0
5842.030832650,0,1
5842.032102402,1,1
5842.034734504,0,1
5842.034770164,0,0
5843.040847342,0,1
5843.043260358,0,0
5844.050861890,0,1
5844.053275156,0,0
5845.060876428,0,1
5845.063289696,0,0
5846.070891008,0,1
5846.073304026,0,0
5847.080905558,0,1
5847.083318574,0,0
5848.090920146,0,1
5848.093333412,0,0
5849.100934774,0,1
5849.103347792,0,0
5850.110949316,0,1
5850.113362332,0,0
5851.120963862,0,1
5851.123377128,0,0
5852.130978432,0,1
5852.132248030,1,1
5852.134880102,0,1
5852.134915698,0,0
5853.140992932,0,1
5853.143405948,0,0
5854.151007528,0,1
5854.153420794,0,0
5855.161022042,0,1
5855.163435308,0,0
5856.171036716,0,1
5856.173449732,0,0
5857.181051192,0,1
5857.183464208,0,0
5858.191065802,0,1
5858.193479068,0,0
5859.201080354,0,1
5859.203493620,0,0
5860.211094930,0,1
5860.213507946,0,0
5861.221109500,0,1
5861.222379166,1,1
5861.225010810,0,1
5861.225046766,0,0
5862.231124184,0,1
5862.233537198,0,0
5863.241138748,0,1
5863.243552014,0,0
5864.251153218,0,1
5864.253566484,0,0
5865.261167856,0,1
5865.263580872,0,0
5866.271182428,0,1
5866.273595444,0,0
5867.281196992,0,1
5867.283610258,0,0
5868.291211594,0,1
5868.293624612,0,0
5869.301226118,0,1
5869.303639136,0,0
5870.311240662,0,1
5870.313653928,0,0
5871.321255236,0,1
5871.322524844,1,1
5871.325156360,0,1
5871.325192500,0,0
5872.331269790,0,1
5872.333682806,0,0
5873.341284286,0,1
5873.343697552,0,0
5874.351298880,0,1
5874.353712146,0,0
5875.361313450,0,1
5875.363726466,0,0
5876.371328040,0,1
5876.373741056,0,0
5877.381342578,0,1
5877.383755844,0,0
5878.391357136,0,1
5878.393770402,0,0
5879.401371718,0,1
5879.403784734,0,0
5880.411386274,0,1
5880.413799290,0,0
5881.421400832,0,1
5881.422670520,1,1
5881.425302646,0,1
5881.425338098,0,0
5882.431415518,0,1
5882.433828534,0,0
5883.441430056,0,1
5883.443843322,0,0
5884.451444666,0,1
5884.453857682,0,0
5885.461459236,0,1
5885.463872252,0,0
5886.471473778,0,1
5886.473887044,0,0
5887.481488358,0,1
5887.483901374,0,0
5888.491502910,0,1
5888.493915926,0,0
5889.501517490,0,1
5889.503930756,0,0
5890.511532024,0,1
5890.513945290,0,0
5891.521546632,0,1
5891.522816120,1,1
5891.525447692,0,1
5891.525483898,0,0
5892.531561060,0,1
5892.533974076,0,0
5893.541575574,0,1
5893.543988842,0,0
5894.551590162,0,1
5894.554003428,0,0
5895.561604746,0,1
5895.564017762,0,0
5896.571619342,0,1
5896.574032358,0,0
5897.581633858,0,1
5897.584047124,0,0
5898.591648440,0,1
5898.594061456,0,0
5899.601662986,0,1
5899.604076002,0,0
5900.611677526,0,1
5900.614090792,0,0
5901.621692094,0,1
5901.622961856,1,1
5901.625593452,0,1
5901.625629608,0,0
5902.631706786,0,1
5902.634119802,0,0
5903.641721318,0,1
5903.644134584,0,0
5904.651735844,0,1
5904.654149110,0,0
5905.661750428,0,1
5905.664163444,0,0
5906.671765036,0,1
5906.674178052,0,0
5907.681779580,0,1
5907.684192848,0,0
5908.691794186,0,1
5908.694207202,0,0
5909.701808730,0,1
5909.704221746,0,0
5910.711823280,0,1
5910.714236546,0,0
5911.721837818,0,1
5911.723107442,1,1
5911.725739576,0,1
5911.725775082,0,0
5912.731852328,0,1
5912.734265344,0,0
5913.741866952,0,1
5913.744280218,0,0
5914.751881432,0,1
5914.754294698,0,0
5915.761896048,0,1
5915.764309064,0,0
5916.771910536,0,1
5916.774323554,0,0
5917.781925154,0,1
5917.784338418,0,0
5918.791939726,0,1
5918.794352742,0,0
5919.801954340,0,1
5919.804367356,0,0
5920.811968858,0,1
5920.814382124,0,0
5921.821983406,0,1
5921.823253106,1,1
5921.825881350,0,1
5921.825881352,1,1
5921.825882686,0,1
5921.825882690,1,1
5921.825884894,0,1
5921.825920920,0,0
5922.831998088,0,1
5922.834411104,0,0
5923.842012588,0,1
5923.844425854,0,0
5924.852027158,0,1
5924.854440424,0,0
5925.862041766,0,1
5925.864454782,0,0
5926.872056314,0,1
5926.874469330,0,0
5927.882070824,0,1
5927.884484090,0,0
5928.892085416,0,1
5928.894498432,0,0
5929.902100000,0,1
5929.904513016,0,0
5930.912114544,0,1
5930.914527810,0,0
5931.922129088,0,1
5931.923398782,1,1
5931.926030182,0,1
5931.926066352,0,0
5932.932143738,0,1
5932.934556754,0,0
5933.942158288,0,1
5933.944571554,0,0
5934.952172910,0,1
5934.954585926,0,0
5935.962187510,0,1
5935.964600526,0,0
5936.972202006,0,1
5936.974615272,0,0
5937.982216520,0,1
5937.984629786,0,0
5938.992231180,0,1
5938.994644196,0,0
5940.002245672,0,1
5940.004658940,0,0
5941.012260264,0,1
5941.014673530,0,0
5942.022274884,0,1
5942.023544346,1,1
5942.026176200,0,1
5942.026211900,0,0
5943.032289244,0,1
5943.034702260,0,0
5944.042303794,0,1
5944.044716810,0,0
5945.052318376,0,1
5945.054731642,0,0
5946.062332928,0,1
5946.064746194,0,0
5947.072347554,0,1
5947.074760570,0,0
5948.082362084,0,1
5948.084775100,0,0
5949.092376588,0,1
5949.094789854,0,0
5950.102391186,0,1
5950.104804452,0,0
5951.112405786,0,1
5951.114818802,0,0
5952.122420346,0,1
5952.123690054,1,1
5952.126321502,0,1
5952.126357862,0,0
5953.132435008,0,1
5953.134848024,0,0
5954.142449504,0,1
5954.144862770,0,0
5955.152464082,0,1
5955.154877348,0,0
5956.162478666,0,1
5956.164891682,0,0
5957.172493208,0,1
5957.174906476,0,0
5958.182507796,0,1
5958.184921062,0,0
5959.192522394,0,1
5959.194935410,0,0
5960.202536922,0,1
5960.204949938,0,0
5961.212551478,0,1
5961.213821036,1,1
5961.216452850,0,1
5961.216488494,0,0
5962.222566038,0,1
5962.224979054,0,0
5963.232580580,0,1
5963.234993846,0,0
5964.242595082,0,1
5964.245008348,0,0
5965.252609684,0,1
5965.255022700,0,0
5966.262624232,0,1
5966.265037248,0,0
5967.272638770,0,1
5967.275052036,0,0
5968.282653386,0,1
5968.285066402,0,0
5969.292667976,0,1
5969.295080992,0,0
5970.302682480,0,1
5970.305095746,0,0
5971.312697002,0,1
5971.313966688,1,1
5971.316598214,0,1
5971.316634268,0,0
5972.322711692,0,1
5972.325124708,0,0
5973.332726242,0,1
5973.335139508,0,0
5974.342740840,0,1
5974.345153856,0,0
5975.352755350,0,1
5975.355168366,0,0
5976.362769934,0,1
5976.365183200,0,0
5977.372784458,0,1
5977.375197726,0,0
5978.382799076,0,1
5978.385212092,0,0
5979.392813644,0,1
5979.395226910,0,0
5980.402828174,0,1
5980.405241440,0,0
5981.412842764,0,1
5981.414112326,1,1
5981.416743622,0,1
5981.416780030,0,0
5982.422857334,0,1
5982.425270350,0,0
5983.432871820,0,1
5983.435285086,0,0
5984.442886378,0,1
5984.445299644,0,0
5985.452900992,0,1
5985.455314008,0,0
5986.462915516,0,1
5986.465328782,0,0
5987.472930086,0,1
5987.475343354,0,0
5988.482944682,0,1
5988.485357698,0,0
5989.492959212,0,1
5989.495372228,0,0
5990.502973732,0,1
5990.505387000,0,0
5991.512988406,0,1
5991.514257896,1,1
5991.516889232,0,1
5991.516925672,0,0
5992.523002820,0,1
5992.525415836,0,0
5993.533017326,0,1
5993.535430592,0,0
5994.543031854,0,1
5994.545445120,0,0
5995.553046448,0,1
5995.555459466,0,0
5996.563060970,0,1
5996.565473988,0,0
5997.573075548,0,1
5997.575488814,0,0
5998.583090152,0,1
5998.585503168,0,0
5999.593104688,0,1
5999.595517704,0,0
6000.603119216,0,1
6000.605532484,0,0
6001.613133754,0,1
6001.614403520,1,1
6001.617035290,0,1
6001.617071268,0,0
6002.623148564,0,1
6002.625561580,0,0
6003.633163126,0,1
6003.635576392,0,0
6004.643177774,0,1
6004.645590790,0,0
6005.653192288,0,1
6005.655605304,0,0
6006.663206794,0,1
6006.665620060,0,0
6007.673221326,0,1
6007.675634592,0,0
6008.683235972,0,1
6008.685648988,0,0
6009.693250466,0,1
6009.695663732,0,0
6010.703265048,0,1
6010.705678314,0,0
6011.713279638,0,1
6011.714549140,1,1
6011.717180934,0,1
6011.717216902,0,0
6012.723293984,0,1
6012.725707000,0,0
6013.733308548,0,1
6013.735721814,0,0
6014.743323098,0,1
6014.745736366,0,0
6015.753337672,0,1
6015.755750688,0,0
6016.763352234,0,1
6016.765765250,0,0
6017.773366764,0,1
6017.775780030,0,0
6018.783381308,0,1
6018.785794574,0,0
6019.793395920,0,1
6019.795808936,0,0
6020.803410460,0,1
6020.805823476,0,0
6021.813424972,0,1
6021.814694734,1,1
6021.817326288,0,1
6021.817362238,0,0
6022.823439666,0,1
6022.825852682,0,0
6023.833454172,0,1
6023.835867438,0,0
6024.843468774,0,1
6024.845882040,0,0
6025.853483316,0,1
6025.855896332,0,0
6026.863497890,0,1
6026.865911156,0,0
6027.873512420,0,1
6027.875925686,0,0
6028.883527012,0,1
6028.885940028,0,0
6029.893541598,0,1
6029.895954614,0,0
6030.903556132,0,1
6030.905969400,0,0
6031.913570720,0,1
6031.914840312,1,1
6031.917472384,0,1
6031.917507986,0,0
6032.923585210,0,1
6032.925998226,0,0
6033.933599752,0,1
6033.936013020,0,0
6034.943614302,0,1
6034.946027568,0,0
6035.953628920,0,1
6035.956041936,0,0
6036.963643460,0,1
6036.966056476,0,0
6037.973658030,0,1
6037.976071296,0,0
6038.983672584,0,1
6038.986085600,0,0
6039.993687168,0,1
6039.996100184,0,0
6041.003701708,0,1
6041.006114974,0,0
6042.013716312,0,1
6042.014985866,1,1
6042.017617634,0,1
6042.017653328,0,0
6043.023730822,0,1
6043.026143838,0,0
6044.033745372,0,1
6044.036158638,0,0
6045.043759944,0,1
6045.046173208,0,0
6046.053774538,0,1
6046.056187556,0,0
6047.063789060,0,1
6047.066202326,0,0
6048.073803574,0,1
6048.076216840,0,0
6049.083818240,0,1
6049.086231256,0,0
6050.093832742,0,1
6050.096245758,0,0
6051.103847310,0,1
6051.106260578,0,0
6052.113861890,0,1
6052.115131504,1,1
6052.117763310,0,1
6052.117799156,0,0
6053.123876408,0,1
6053.126289424,0,0
6054.133890970,0,1
6054.136304238,0,0
6055.143905482,0,1
6055.146318748,0,0
6056.153920096,0,1
6056.156333112,0,0
6057.163934662,0,1
6057.166347680,0,0
6058.173949178,0,1
6058.176362444,0,0
6059.183963792,0,1
6059.186376808,0,0
6060.193978340,0,1
6060.196391356,0,0
6061.203992900,0,1
6061.205262476,1,1
6061.207894322,0,1
6061.207930166,0,0
6062.214007422,0,1
6062.216420438,0,0
6063.224021924,0,1
6063.226435190,0,0
6064.234036510,0,1
6064.236449776,0,0
6065.244051068,0,1
6065.246464084,0,0
6066.254065662,0,1
6066.256478678,0,0
6067.264080152,0,1
6067.266493418,0,0
6068.274094782,0,1
6068.276507798,0,0
6069.284109366,0,1
6069.286522382,0,0
6070.294123862,0,1
6070.296537128,0,0
6071.304138390,0,1
6071.305408112,1,1
6071.308040032,0,1
6071.308075654,0,0
6072.314153040,0,1
6072.316566056,0,0
6073.324167590,0,1
6073.326580856,0,0
6074.334182184,0,1
6074.336595200,0,0
6075.344196772,0,1
6075.346609788,0,0
6076.354211284,0,1
6076.356624550,0,0
6077.364225810,0,1
6077.366639076,0,0
6078.374240378,0,1
6078.376653644,0,0
6079.384254952,0,1
6079.386667968,0,0
6080.394269498,0,1
6080.396682766,0,0
6081.404284040,0,1
6081.405553574,1,1
6081.408185178,0,1
6081.408221054,0,0
6082.414298476,0,1
6082.416711492,0,0
6083.424312936,0,1
6083.426726202,0,0
6084.434327518,0,1
6084.436740784,0,0
6085.444342174,0,1
6085.446755190,0,0
6086.454356646,0,1
6086.456769662,0,0
6087.464371234,0,1
6087.466784250,0,0
6088.474385708,0,1
6088.476798974,0,0
6089.484400360,0,1
6089.486813376,0,0
6090.494414882,0,1
6090.496827900,0,0
6091.504429428,0,1
6091.505699162,1,1
6091.508330904,0,1
6091.508366944,0,0
6092.514444074,0,1
6092.516857090,0,0
6093.524458594,0,1
6093.526871860,0,0
6094.534473158,0,1
6094.536886424,0,0
6095.544487738,0,1
6095.546900754,0,0
6096.554502254,0,1
6096.556915272,0,0
6097.564516838,0,1
6097.566930104,0,0
6098.574531398,0,1
6098.576944414,0,0
6099.584545912,0,1
6099.586958928,0,0
6100.594560452,0,1
6100.596973718,0,0
6101.604575004,0,1
6101.605844752,1,1
6101.608476156,0,1
6101.608512520,0,0
6102.614589632,0,1
6102.617002648,0,0
6103.624604224,0,1
6103.627017490,0,0
6104.634618768,0,1
6104.637032034,0,0
6105.644633362,0,1
6105.647046378,0,0
6106.654647898,0,1
6106.657060914,0,0
6107.664662394,0,1
6107.667075660,0,0
6108.674677016,0,1
6108.677090034,0,0
6109.684691556,0,1
6109.687104574,0,0
6110.694706112,0,1
6110.697119376,0,0
6111.704720640,0,1
6111.705990256,1,1
6111.708621762,0,1
6111.708657906,0,0
6112.714735218,0,1
6112.717148236,0,0
6113.724749754,0,1
6113.727163020,0,0
6114.734764294,0,1
6114.737177560,0,0
6115.744778898,0,1
6115.747191914,0,0
6116.754793376,0,1
6116.757206392,0,0
6117.764807906,0,1
6117.767221172,0,0
6118.774822508,0,1
6118.777235524,0,0
6119.784837074,0,1
6119.787250090,0,0
6120.794851598,0,1
6120.797264864,0,0
6121.804866146,0,1
6121.806135812,1,1
6121.808767704,0,1
6121.808803410,0,0
6122.814880806,0,1
6122.817293822,0,0
6123.824895328,0,1
6123.827308594,0,0
6124.834909896,0,1
6124.837323162,0,0
6125.844924482,0,1
6125.847337500,0,0
6126.854938962,0,1
6126.857351978,0,0
6127.864953542,0,1
6127.867366808,0,0
6128.874968100,0,1
6128.877381116,0,0
6129.884982636,0,1
6129.887395652,0,0
6130.894997218,0,1
6130.897410484,0,0
6131.905011752,0,1
6131.906281306,1,1
6131.908913626,0,1
6131.908948766,0,0
6132.915026262,0,1
6132.917439280,0,0
6133.925040804,0,1
6133.927454070,0,0
6134.935055344,0,1
6134.937468610,0,0
6135.945069914,0,1
6135.947482930,0,0
6136.955084440,0,1
6136.957497458,0,0
6137.965098980,0,1
6137.967512246,0,0
6138.975113552,0,1
6138.977526568,0,0
6139.985128088,0,1
6139.987541104,0,0
6140.995142658,0,1
6140.997555924,0,0
6142.005157206,0,1
6142.006426862,1,1
6142.009058582,0,1
6142.009094472,0,0
6143.015171722,0,1
6143.017584738,0,0
6144.025186236,0,1
6144.027599504,0,0
6145.035200780,0,1
6145.037614046,0,0
6146.045215398,0,1
6146.047628414,0,0
6147.055229964,0,1
6147.057642980,0,0
6148.065244482,0,1
6148.067657500,0,0
6149.075259006,0,1
6149.077672272,0,0
6150.085273586,0,1
6150.087686602,0,0
6151.095288118,0,1
6151.097701134,0,0
6152.105302694,0,1
6152.106572440,1,1
6152.109204158,0,1
6152.109240210,0,0
6153.115317310,0,1
6153.117730326,0,0
6154.125331862,0,1
6154.127745130,0,0
6155.135346346,0,1
6155.137759612,0,0
6156.145360998,0,1
6156.147774014,0,0
6157.155375568,0,1
6157.157788584,0,0
6158.165390092,0,1
6158.167803358,0,0
6159.175404666,0,1
6159.177817682,0,0
6160.185419180,0,1
6160.187832198,0,0
6161.195433770,0,1
6161.197847036,0,0
6162.205448266,0,1
6162.206717908,1,1
6162.209350158,0,1
6162.209385530,0,0
6163.215462794,0,1
6163.217875810,0,0
6164.225477344,0,1
6164.227890610,0,0
6165.235491874,0,1
6165.237905140,0,0
6166.245506484,0,1
6166.247919500,0,0
6167.255521002,0,1
6167.257934266,0,0
6168.265535516,0,1
6168.267948784,0,0
6169.275550110,0,1
6169.277963126,0,0
6170.285564674,0,1
6170.287977690,0,0
6171.295579224,0,1
6171.296848924,1,1
6171.299480730,0,1
6171.299516740,0,0
6172.305593868,0,1
6172.308006884,0,0
6173.315608428,0,1
6173.318021694,0,0
6174.325622936,0,1
6174.328036202,0,0
6175.335637508,0,1
6175.338050524,0,0
6176.345652072,0,1
6176.348065338,0,0
6177.355666582,0,1
6177.358079848,0,0
6178.365681174,0,1
6178.368094190,0,0
6179.375695714,0,1
6179.378108730,0,0
6180.385710272,0,1
6180.388123538,0,0
6181.395724854,0,1
6181.396994412,1,1
6181.399626072,0,1
6181.399662120,0,0
6182.405739368,0,1
6182.408152384,0,0
6183.415753930,0,1
6183.418167198,0,0
6184.425768484,0,1
6184.428181750,0,0
6185.435783048,0,1
6185.438196064,0,0
6186.445797600,0,1
6186.448210616,0,0
6187.455812114,0,1
6187.458225380,0,0
6188.465826710,0,1
6188.468239726,0,0
6189.475841214,0,1
6189.478254230,0,0
6190.485855754,0,1
6190.488269020,0,0
6191.495870332,0,1
6191.497139952,1,1
6191.499772264,0,1
6191.499807598,0,0
6192.505884854,0,1
6192.508297870,0,0
6193.515899358,0,1
6193.518312624,0,0
6194.525913874,0,1
6194.528327140,0,0
6195.535928476,0,1
6195.538341492,0,0
6196.545943010,0,1
6196.548356026,0,0
6197.555957554,0,1
6197.558370820,0,0
6198.565972116,0,1
6198.568385134,0,0
6199.575986688,0,1
6199.578399706,0,0
6200.586001202,0,1
6200.588414470,0,0
6201.596015784,0,1
6201.597285374,1,1
6201.599917054,0,1
6201.599953050,0,0
6202.606030308,0,1
6202.608443326,0,0
6203.616044820,0,1
6203.618458086,0,0
6204.626059308,0,1
6204.628472574,0,0
6205.636073950,0,1
6205.638486966,0,0
6206.646088440,0,1
6206.648501456,0,0
6207.656102996,0,1
6207.658516262,0,0
6208.666117538,0,1
6208.668530804,0,0
6209.676132134,0,1
6209.678545150,0,0
6210.686146638,0,1
6210.688559654,0,0
6211.696161216,0,1
6211.697430878,1,1
6211.700062446,0,1
6211.700098480,0,0
6212.706175722,0,1
6212.708588736,0,0
6213.716190256,0,1
6213.718603522,0,0
6214.726204840,0,1
6214.728618106,0,0
6215.736219338,0,1
6215.738632606,0,0
6216.746233972,0,1
6216.748646988,0,0
6217.756248488,0,1
6217.758661506,0,0
6218.766262998,0,1
6218.768676264,0,0
6219.776277542,0,1
6219.778690808,0,0
6220.786292116,0,1
6220.788705132,0,0
6221.796306710,0,1
6221.797576416,1,1
6221.800208172,0,1
6221.800244224,0,0
6222.806321338,0,1
6222.808734354,0,0
6223.816335858,0,1
6223.818749126,0,0
6224.826350368,0,1
6224.828763634,0,0
6225.836365002,0,1
6225.838778018,0,0
6226.846379488,0,1
6226.848792504,0,0
6227.856394064,0,1
6227.858807330,0,0
6228.866408656,0,1
6228.868821672,0,0
6229.876423138,0,1
6229.878836154,0,0
6230.886437698,0,1
6230.888850964,0,0
6231.896452278,0,1
6231.897721854,1,1
6231.900353620,0,1
6231.900353630,1,1
6231.900353642,0,1
6231.900353654,1,1
6231.900353670,0,1
6231.900353786,1,1
6231.900353794,0,1
6231.900353808,1,1
6231.900353816,0,1
6231.900389544,0,0
6232.906466818,0,1
6232.908879834,0,0
6233.916481330,0,1
6233.918894596,0,0
6234.926495902,0,1
6234.928909168,0,0
6235.936510492,0,1
6235.938923508,0,0
6236.946525000,0,1
6236.948938016,0,0
6237.956539534,0,1
6237.958952800,0,0
6238.966554084,0,1
6238.968967102,0,0
6239.976568678,0,1
6239.978981694,0,0
6240.986583172,0,1
6240.988996438,0,0
6241.996597708,0,1
6241.997867380,1,1
6242.000499222,0,1
6242.000534974,0,0
6243.006612362,0,1
6243.009025378,0,0
6244.016626954,0,1
6244.019040220,0,0
6245.026641428,0,1
6245.029054694,0,0
6246.036656066,0,1
6246.039069084,0,0
6247.046670600,0,1
6247.049083866,0,0
6248.056685124,0,1
6248.059098390,0,0
6249.066699650,0,1
6249.069112668,0,0
6250.076714178,0,1
6250.079127194,0,0
6251.086728734,0,1
6251.089142000,0,0
6252.096743362,0,1
6252.098012808,1,1
6252.100644702,0,1
6252.100680628,0,0
6253.106757720,0,1
6253.109170738,0,0
6254.116772274,0,1
6254.119185540,0,0
6255.126786810,0,1
6255.129200076,0,0
6256.136801368,0,1
6256.139214384,0,0
6257.146815942,0,1
6257.149228958,0,0
6258.156830442,0,1
6258.159243708,0,0
6259.166844954,0,1
6259.169258220,0,0
6260.176859532,0,1
6260.179272548,0,0
6261.186874134,0,1
6261.189287150,0,0
6262.196888626,0,1
6262.198158294,1,1
6262.200790046,0,1
6262.200825890,0,0
6263.206903146,0,1
6263.209316162,0,0
6264.216917692,0,1
6264.219330958,0,0
6265.226932220,0,1
6265.229345486,0,0
6266.236946832,0,1
6266.239359848,0,0
6267.246961338,0,1
6267.249374354,0,0
6268.256975872,0,1
6268.259389138,0,0
6269.266990432,0,1
6269.269403698,0,0
6270.277004968,0,1
6270.279417984,0,0
6271.287019532,0,1
6271.288289202,1,1
6271.290921238,0,1
6271.290956796,0,0
6272.297034030,0,1
6272.299447046,0,0
6273.307048562,0,1
6273.309461828,0,0
6274.317063082,0,1
6274.319476348,0,0
6275.327077692,0,1
6275.329490710,0,0
6276.337092222,0,1
6276.339505238,0,0
6277.347106722,0,1
6277.349519990,0,0
6278.357121276,0,1
6278.359534542,0,0
6279.367135844,0,1
6279.369548860,0,0
6280.377150398,0,1
6280.379563414,0,0
6281.387164942,0,1
6281.388434720,1,1
6281.391066414,0,1
6281.391102208,0,0
6282.397179588,0,1
6282.399592604,0,0
6283.407194134,0,1
6283.409607150,0,0
6284.417208632,0,1
6284.419621898,0,0
6285.427223180,0,1
6285.429636446,0,0
6286.437237762,0,1
6286.439650778,0,0
6287.447252328,0,1
6287.449665344,0,0
6288.457266804,0,1
6288.459680072,0,0
6289.467281438,0,1
6289.469694454,0,0
6290.477295938,0,1
6290.479708954,0,0
6291.487310464,0,1
6291.488580182,1,1
6291.491212070,0,1
6291.491212076,1,1
6291.491212090,0,1
6291.491247730,0,0
6292.497325150,0,1
6292.499738164,0,0
6293.507339670,0,1
6293.509752936,0,0
6294.517354146,0,1
6294.519767412,0,0
6295.527368810,0,1
6295.529781828,0,0
6296.537383268,0,1
6296.539796534,0,0
6297.547397860,0,1
6297.549811126,0,0
6298.557412382,0,1
6298.559825398,0,0
6299.567426910,0,1
6299.569839928,0,0
6300.577441492,0,1
6300.579854758,0,0
6301.587456082,0,1
6301.588725590,1,1
6301.591357168,0,1
6301.591393098,0,0
6302.597470450,0,1
6302.599883466,0,0
6303.607485018,0,1
6303.609898284,0,0
6304.617499492,0,1
6304.619912758,0,0
6305.627514168,0,1
6305.629927184,0,0
6306.637528622,0,1
6306.639941638,0,0
6307.647543150,0,1
6307.649956418,0,0
6308.657557708,0,1
6308.659970976,0,0
6309.667572286,0,1
6309.669985302,0,0
6310.677586836,0,1
6310.679999852,0,0
6311.687601308,0,1
6311.688871154,1,1
6311.691502880,0,1
6311.691538824,0,0
6312.697616108,0,1
6312.700029124,0,0
6313.707630650,0,1
6313.710043916,0,0
6314.717645178,0,1
6314.720058444,0,0
6315.727659762,0,1
6315.730072778,0,0
6316.737674290,0,1
6316.740087558,0,0
6317.747688784,0,1
6317.750102050,0,0
6318.757703428,0,1
6318.760116444,0,0
6319.767717914,0,1
6319.770130930,0,0
6320.777732450,0,1
6320.780145716,0,0
6321.787747072,0,1
6321.789016560,1,1
6321.791648218,0,1
6321.791684336,0,0
6322.797761422,0,1
6322.800174440,0,0
6323.807775956,0,1
6323.810189222,0,0
6324.817790512,0,1
6324.820203778,0,0
6325.827805066,0,1
6325.830218082,0,0
6326.837819590,0,1
6326.840232606,0,0
6327.847834172,0,1
6327.850247438,0,0
6328.857848650,0,1
6328.860261916,0,0
6329.867863284,0,1
6329.870276300,0,0
6330.877877758,0,1
6330.880290774,0,0
6331.887892328,0,1
6331.889161996,1,1
6331.891793702,0,1
6331.891829592,0,0
6332.897906924,0,1
6332.900319940,0,0
6333.907921484,0,1
6333.910334750,0,0
6334.917936000,0,1
6334.920349268,0,0
6335.927950614,0,1
6335.930363630,0,0
6336.937965098,0,1
6336.940378364,0,0
6337.947979636,0,1
6337.950392902,0,0
6338.957994224,0,1
6338.960407240,0,0
6339.968008776,0,1
6339.970421792,0,0
6340.978023270,0,1
6340.980436538,0,0
6341.988037872,0,1
6341.989307442,1,1
6341.991939498,0,1
6341.991975136,0,0
6342.998052378,0,1
6343.000465394,0,0
6344.008066916,0,1
6344.010480182,0,0
6345.018081510,0,1
6345.020494526,0,0
6346.028096052,0,1
6346.030509068,0,0
6347.038110538,0,1
6347.040523804,0,0
6348.048125058,0,1
6348.050538324,0,0
6349.058139644,0,1
6349.060552910,0,0
6350.068154228,0,1
6350.070567244,0,0
6351.078168736,0,1
6351.080582002,0,0
6352.088183274,0,1
6352.089452868,1,1
6352.092085020,0,1
6352.092120538,0,0
6353.098197776,0,1
6353.100610792,0,0
6354.108212268,0,1
6354.110625534,0,0
6355.118226914,0,1
6355.120639930,0,0
6356.128241386,0,1
6356.130654404,0,0
6357.138255930,0,1
6357.140669196,0,0
6358.148270514,0,1
6358.150683780,0,0
6359.158285068,0,1
6359.160698084,0,0
6360.168299536,0,1
6360.170712804,0,0
6361.178314138,0,1
6361.180727404,0,0
6362.188328646,0,1
6362.189598404,1,1
6362.192229868,0,1
6362.192265910,0,0
6363.198343342,0,1
6363.200756358,0,0
6364.208357868,0,1
6364.210771134,0,0
6365.218372432,0,1
6365.220785448,0,0
6366.228386958,0,1
6366.230799974,0,0
6367.238401476,0,1
6367.240814742,0,0
6368.248416066,0,1
6368.250829082,0,0
6369.258430578,0,1
6369.260843594,0,0
6370.268445130,0,1
6370.270858396,0,0
6371.278459764,0,1
6371.279729210,1,1
6371.282360868,0,1
6371.282397028,0,0
6372.288474104,0,1
6372.290887120,0,0
6373.298488678,0,1
6373.300901944,0,0
6374.308503154,0,1
6374.310916420,0,0
6375.318517752,0,1
6375.320930768,0,0
6376.328532284,0,1
6376.330945300,0,0
6377.338546812,0,1
6377.340960080,0,0
6378.348561424,0,1
6378.350974440,0,0
6379.358575940,0,1
6379.360988956,0,0
6380.368590452,0,1
6380.371003718,0,0
6381.378605028,0,1
6381.379874684,1,1
6381.382506578,0,1
6381.382542292,0,0
6382.388619556,0,1
6382.391032572,0,0
6383.398634080,0,1
6383.401047346,0,0
6384.408648644,0,1
6384.411061660,0,0
6385.418663214,0,1
6385.421076230,0,0
6386.428677724,0,1
6386.431090990,0,0
6387.438692226,0,1
6387.441105492,0,0
6388.448706808,0,1
6388.451119824,0,0
6389.458721384,0,1
6389.461134650,0,0
6390.468735894,0,1
6390.471149160,0,0
6391.478750480,0,1
6391.480020070,1,1
6391.482652130,0,1
6391.482687744,0,0
6392.488764964,0,1
6392.491177980,0,0
6393.498779504,0,1
6393.501192770,0,0
6394.508794018,0,1
6394.511207286,0,0
6395.518808628,0,1
6395.521221644,0,0
6396.528823134,0,1
6396.531236150,0,0
6397.538837700,0,1
6397.541250968,0,0
6398.548852234,0,1
6398.551265250,0,0
6399.558866804,0,1
6399.561279820,0,0
6400.568881290,0,1
6400.571294556,0,0
6401.578895846,0,1
6401.580165528,1,1
6401.582797282,0,1
6401.582833112,0,0
6402.588910496,0,1
6402.591323512,0,0
6403.598924972,0,1
6403.601338238,0,0
6404.608939570,0,1
6404.611352586,0,0
6405.618954092,0,1
6405.621367108,0,0
6406.628968594,0,1
6406.631381860,0,0
6407.638983150,0,1
6407.641396416,0,0
6408.648997684,0,1
6408.651410700,0,0
6409.659012294,0,1
6409.661425560,0,0
6410.669026786,0,1
6410.671440052,0,0
6411.679041360,0,1
6411.680310946,1,1
6411.682942632,0,1
6411.682978626,0,0
6412.689055872,0,1
6412.691468888,0,0
6413.699070396,0,1
6413.701483662,0,0
6414.709084930,0,1
6414.711498196,0,0
6415.719099490,0,1
6415.721512506,0,0
6416.729114028,0,1
6416.731527044,0,0
6417.739128584,0,1
6417.741541850,0,0
6418.749143070,0,1
6418.751556336,0,0
6419.759157676,0,1
6419.761570692,0,0
6420.769172196,0,1
6420.771585212,0,0
6421.779186720,0,1
6421.780456332,1,1
6421.783088238,0,1
6421.783123984,0,0
6422.789201224,0,1
6422.791614240,0,0
6423.799215738,0,1
6423.801629004,0,0
6424.809230286,0,1
6424.811643552,0,0
6425.819244898,0,1
6425.821657914,0,0
6426.829259364,0,1
6426.831672380,0,0
6427.839273900,0,1
6427.841687166,0,0
6428.849288470,0,1
6428.851701484,0,0
6429.859303020,0,1
6429.861716036,0,0
6430.869317482,0,1
6430.871730750,0,0
6431.879332086,0,1
6431.880601748,1,1
6431.883233594,0,1
6431.883269352,0,0
6432.889346622,0,1
6432.891759638,0,0
6433.899361176,0,1
6433.901774442,0,0
6434.909375662,0,1
6434.911788930,0,0
6435.919390260,0,1
6435.921803278,0,0
6436.929404782,0,1
6436.931818048,0,0
6437.939419278,0,1
6437.941832544,0,0
6438.949433882,0,1
6438.951846900,0,0
6439.959448418,0,1
6439.961861434,0,0
6440.969462920,0,1
6440.971876186,0,0
6441.979477508,0,1
6441.980747136,1,1
6441.983378812,0,1
6441.983414772,0,0
6442.989492034,0,1
6442.991905050,0,0
6443.999506560,0,1
6444.001919826,0,0
6445.009521050,0,1
6445.011934316,0,0
6446.019535644,0,1
6446.021948660,0,0
6447.029550176,0,1
6447.031963192,0,0
6448.039564716,0,1
6448.041977982,0,0
6449.049579236,0,1
6449.051992252,0,0
6450.059593780,0,1
6450.062006796,0,0
6451.069608284,0,1
6451.072021550,0,0
6452.079622848,0,1
6452.080892428,1,1
6452.083523976,0,1
6452.083560112,0,0
6453.089637340,0,1
6453.092050356,0,0
6454.099651902,0,1
6454.102065168,0,0
6455.109666376,0,1
6455.112079642,0,0
6456.119681020,0,1
6456.122094036,0,0
6457.129695530,0,1
6457.132108548,0,0
6458.139710026,0,1
6458.142123292,0,0
6459.149724626,0,1
6459.152137644,0,0
6460.159739124,0,1
6460.162152140,0,0
6461.169753638,0,1
6461.172166904,0,0
6462.179768176,0,1
6462.181037846,1,1
6462.183669692,0,1
6462.183705440,0,0
6463.189782784,0,1
6463.192195800,0,0
6464.199797298,0,1
6464.202210564,0,0
6465.209811854,0,1
6465.212225120,0,0
6466.219826396,0,1
6466.222239412,0,0
6467.229840956,0,1
6467.232254224,0,0
6468.239855458,0,1
6468.242268724,0,0
6469.249870034,0,1
6469.252283050,0,0
6470.259884540,0,1
6470.262297556,0,0
6471.269899096,0,1
6471.271168622,1,1
6471.273800042,0,1
6471.273836360,0,0
6472.279913484,0,1
6472.282326498,0,0
6473.289927974,0,1
6473.292341240,0,0
6474.299942520,0,1
6474.302355786,0,0
6475.309957102,0,1
6475.312370118,0,0
6476.319971620,0,1
6476.322384636,0,0
6477.329986084,0,1
6477.332399350,0,0
6478.340000626,0,1
6478.342413892,0,0
6479.350015206,0,1
6479.352428222,0,0
6480.360029716,0,1
6480.362442732,0,0
6481.370044244,0,1
6481.371314056,1,1
6481.373945682,0,1
6481.373981758,0,0
6482.380059014,0,1
6482.382472030,0,0
6483.390073552,0,1
6483.392486818,0,0
6484.400088076,0,1
6484.402501344,0,0
6485.410102622,0,1
6485.412515888,0,0
6486.420117176,0,1
6486.422530192,0,0
6487.430131714,0,1
6487.432544730,0,0
6488.440146218,0,1
6488.442559484,0,0
6489.450160808,0,1
6489.452573826,0,0
6490.460175296,0,1
6490.462588312,0,0
6491.470189810,0,1
6491.471459416,1,1
6491.474091672,0,1
6491.474127074,0,0
6492.480204362,0,1
6492.482617378,0,0
6493.490218878,0,1
6493.492632144,0,0
6494.500233358,0,1
6494.502646624,0,0
6495.510247974,0,1
6495.512660990,0,0
6496.520262464,0,1
6496.522675480,0,0
6497.530276984,0,1
6497.532690250,0,0
6498.540291590,0,1
6498.542704606,0,0
6499.550306138,0,1
6499.552719156,0,0
6500.560320634,0,1
6500.562733900,0,0
6501.570335142,0,1
6501.571604766,1,1
6501.574236728,0,1
6501.574272406,0,0
6502.580349654,0,1
6502.582762670,0,0
6503.590364172,0,1
6503.592777438,0,0
6504.600378708,0,1
6504.602791976,0,0
6505.610393300,0,1
6505.612806316,0,0
6506.620407766,0,1
6506.622820782,0,0
6507.630422310,0,1
6507.632835576,0,0
6508.640436880,0,1
6508.642849896,0,0
6509.650451440,0,1
6509.652864456,0,0
6510.660465938,0,1
6510.662879206,0,0
6511.670480474,0,1
6511.671750156,1,1
6511.674382270,0,1
6511.674417740,0,0
6512.680495078,0,1
6512.682908096,0,0
6513.690509640,0,1
6513.692922906,0,0
6514.700524170,0,1
6514.702937438,0,0
6515.710538730,0,1
6515.712951746,0,0
6516.720553226,0,1
6516.722966242,0,0
6517.730567722,0,1
6517.732980988,0,0
6518.740582376,0,1
6518.742995392,0,0
6519.750596862,0,1
6519.753009878,0,0
6520.760611344,0,1
6520.763024610,0,0
6521.770625956,0,1
6521.771895434,1,1
6521.774527170,0,1
6521.774563222,0,0
6522.780640330,0,1
6522.783053346,0,0
6523.790654834,0,1
6523.793068100,0,0
6524.800669386,0,1
6524.803082652,0,0
6525.810683956,0,1
6525.813096972,0,0
6526.820698500,0,1
6526.823111516,0,0
6527.830713018,0,1
6527.833126284,0,0
6528.840727506,0,1
6528.843140772,0,0
6529.850742082,0,1
6529.853155098,0,0
6530.860756614,0,1
6530.863169630,0,0
6531.870771080,0,1
6531.872040832,1,1
6531.874672450,0,1
6531.874708594,0,0
6532.880785796,0,1
6532.883198812,0,0
6533.890800264,0,1
6533.893213530,0,0
6534.900814780,0,1
6534.903228046,0,0
6535.910829360,0,1
6535.913242374,0,0
6536.920843874,0,1
6536.923256890,0,0
6537.930858368,0,1
6537.933271634,0,0
6538.940872964,0,1
6538.943285980,0,0
6539.950887490,0,1
6539.953300506,0,0
6540.960901992,0,1
6540.963315258,0,0
6541.970916478,0,1
6541.972186094,1,1
6541.974817826,0,1
6541.974853744,0,0
6542.980931052,0,1
6542.983344068,0,0
6543.990945554,0,1
6543.993358820,0,0
6545.000960062,0,1
6545.003373328,0,0
6546.010974650,0,1
6546.013387666,0,0
6547.020989122,0,1
6547.023402138,0,0
6548.031003720,0,1
6548.033416986,0,0
6549.041018206,0,1
6549.043431474,0,0
6550.051032774,0,1
6550.053445790,0,0
6551.061047270,0,1
6551.063460286,0,0
6552.071061814,0,1
6552.072331472,1,1
6552.074963084,0,1
6552.074999080,0,0
6553.081076356,0,1
6553.083489372,0,0
6554.091090846,0,1
6554.093503864,0,0
6555.101105352,0,1
6555.103518618,0,0
6556.111119892,0,1
6556.113533158,0,0
6557.121134448,0,1
6557.123547464,0,0
6558.131148932,0,1
6558.133561948,0,0
6559.141163498,0,1
6559.143576764,0,0
6560.151178044,0,1
6560.153591060,0,0
6561.161192578,0,1
6561.163605594,0,0
6562.171207064,0,1
6562.172476792,1,1
6562.175108724,0,1
6562.175144578,0,0
6563.181221748,0,1
6563.183634764,0,0
6564.191236282,0,1
6564.193649548,0,0
6565.201250800,0,1
6565.203664066,0,0
6566.211265320,0,1
6566.213678336,0,0
6567.221279888,0,1
6567.223692904,0,0
6568.231294388,0,1
6568.233707654,0,0
6569.241308898,0,1
6569.243722164,0,0
6570.251323466,0,1
6570.253736482,0,0
6571.261338004,0,1
6571.262607466,1,1
6571.265238906,0,1
6571.265275268,0,0
6572.271352374,0,1
6572.273765390,0,0
6573.281366880,0,1
6573.283779898,0,0
6574.291381404,0,1
6574.293794670,0,0
6575.301395984,0,1
6575.303809000,0,0
6576.311410492,0,1
6576.313823508,0,0
6577.321425004,0,1
6577.323838020,0,0
6578.331439530,0,1
6578.333852796,0,0
6579.341454154,0,1
6579.343867172,0,0
6580.351468680,0,1
6580.353881696,0,0
6581.361483160,0,1
6581.362752866,1,1
6581.365384686,0,1
6581.365420674,0,0
6582.371497810,0,1
6582.373910826,0,0
6583.381512280,0,1
6583.383925546,0,0
6584.391526788,0,1
6584.393940054,0,0
6585.401541396,0,1
6585.403954410,0,0
6586.411555906,0,1
6586.413968922,0,0
6587.421570426,0,1
6587.423983690,0,0
6588.431584914,0,1
6588.433998180,0,0
6589.441599496,0,1
6589.444012512,0,0
6590.451614060,0,1
6590.454027076,0,0
6591.461628522,0,1
6591.462898078,1,1
6591.465529756,0,1
6591.465565536,0,0
6592.471643042,0,1
6592.474056058,0,0
6593.481657574,0,1
6593.484070592,0,0
6594.491672110,0,1
6594.494085376,0,0
6595.501686702,0,1
6595.504099718,0,0
6596.511701210,0,1
6596.514114226,0,0
6597.521715662,0,1
6597.524128678,0,0
6598.531730258,0,1
6598.534143524,0,0
6599.541744796,0,1
6599.544157812,0,0
6600.551759324,0,1
6600.554172340,0,0
6601.561773834,0,1
6601.563043460,1,1
6601.565675164,0,1
6601.565711098,0,0
6602.571788374,0,1
6602.574201390,0,0
6603.581802858,0,1
6603.584216124,0,0
6604.591817378,0,1
6604.594230644,0,0
6605.601831952,0,1
6605.604244968,0,0
6606.611846434,0,1
6606.614259450,0,0
6607.621860982,0,1
6607.624274248,0,0
6608.631875456,0,1
6608.634288722,0,0
6609.641890068,0,1
6609.644303084,0,0
6610.651904598,0,1
6610.654317614,0,0
6611.661919084,0,1
6611.663188778,1,1
6611.665821068,0,1
6611.665856348,0,0
6612.671933688,0,1
6612.674346704,0,0
6613.681948236,0,1
6613.684361502,0,0
6614.691962768,0,1
6614.694376032,0,0
6615.701977320,0,1
6615.704390336,0,0
6616.711991836,0,1
6616.714404854,0,0
6617.722006354,0,1
6617.724419620,0,0
6618.732020882,0,1
6618.734434148,0,0
6619.742035460,0,1
6619.744448476,0,0
6620.752049988,0,1
6620.754463002,0,0
6621.762064456,0,1
6621.763334002,1,1
6621.765965738,0,1
6621.766001722,0,0
6622.772078990,0,1
6622.774492006,0,0
6623.782093526,0,1
6623.784506792,0,0
6624.792108066,0,1
6624.794521332,0,0
6625.802122606,0,1
6625.804535622,0,0
6626.812137110,0,1
6626.814550126,0,0
6627.822151618,0,1
6627.824564884,0,0
6628.832166122,0,1
6628.834579390,0,0
6629.842180690,0,1
6629.844593706,0,0
6630.852195250,0,1
6630.854608266,0,0
6631.862209716,0,1
6631.863479404,1,1
6631.866111232,0,1
6631.866146982,0,0
6632.872224430,0,1
6632.874637446,0,0
6633.882238876,0,1
6633.884652142,0,0
6634.892253394,0,1
6634.894666660,0,0
6635.902268008,0,1
6635.904681024,0,0
6636.912282512,0,1
6636.914695528,0,0
6637.922296960,0,1
6637.924710226,0,0
6638.932311600,0,1
6638.934724616,0,0
6639.942326038,0,1
6639.944739054,0,0
6640.952340604,0,1
6640.954753870,0,0
6641.962355140,0,1
6641.963624626,1,1
6641.966256404,0,1
6641.966292406,0,0
6642.972369468,0,1
6642.974782484,0,0
6643.982383960,0,1
6643.984796976,0,0
6644.992398496,0,1
6644.994811762,0,0
6646.002413024,0,1
6646.004826290,0,0
6647.012427596,0,1
6647.014840612,0,0
6648.022442108,0,1
6648.024855124,0,0
6649.032456630,0,1
6649.034869896,0,0
6650.042471136,0,1
6650.044884402,0,0
6651.052485682,0,1
6651.054898698,0,0
6652.062500208,0,1
6652.063769946,1,1
6652.066401504,0,1
6652.066437472,0,0
6653.072514876,0,1
6653.074927892,0,0
6654.082529352,0,1
6654.084942618,0,0
6655.092543888,0,1
6655.094957154,0,0
6656.102558458,0,1
6656.104971474,0,0
6657.112572978,0,1
6657.114985994,0,0
6658.122587442,0,1
6658.125000708,0,0
6659.132602088,0,1
6659.135015104,0,0
6660.142616538,0,1
6660.145029556,0,0
6661.152631068,0,1
6661.155044334,0,0
6662.162645578,0,1
6662.163915208,1,1
6662.166547392,0,1
6662.166582844,0,0
6663.172660114,0,1
6663.175073130,0,0
6664.182674624,0,1
6664.185087890,0,0
6665.192689132,0,1
6665.195102398,0,0
6666.202703682,0,1
6666.205116700,0,0
6667.212718216,0,1
6667.215131232,0,0
6668.222732758,0,1
6668.225146024,0,0
6669.232747228,0,1
6669.235160494,0,0
6670.242761794,0,1
6670.245174810,0,0
6671.252776256,0,1
6671.254045984,1,1
6671.256678158,0,1
6671.256713770,0,0
6672.262790928,0,1
6672.265203944,0,0
6673.272805426,0,1
6673.275218692,0,0
6674.282819926,0,1
6674.285233192,0,0
6675.292834490,0,1
6675.295247506,0,0
6676.302849006,0,1
6676.305262022,0,0
6677.312863514,0,1
6677.315276782,0,0
6678.322878076,0,1
6678.325291092,0,0
6679.332892624,0,1
6679.335305642,0,0
6680.342907134,0,1
6680.345320400,0,0
6681.352921674,0,1
6681.354191256,1,1
6681.356823258,0,1
6681.356858938,0,0
6682.362936134,0,1
6682.365349150,0,0
6683.372950642,0,1
6683.375363908,0,0
6684.382965164,0,1
6684.385378430,0,0
6685.392979748,0,1
6685.395392766,0,0
6686.402994246,0,1
6686.405407262,0,0
6687.413008782,0,1
6687.415422048,0,0
6688.423023310,0,1
6688.425436576,0,0
6689.433037854,0,1
6689.435450870,0,0
6690.443052384,0,1
6690.445465400,0,0
6691.453066926,0,1
6691.454336454,1,1
6691.456968168,0,1
6691.457004190,0,0
6692.463081266,0,1
6692.465494282,0,0
6693.473095770,0,1
6693.475508788,0,0
6694.483110260,0,1
6694.485523528,0,0
6695.493124784,0,1
6695.495538052,0,0
6696.503139396,0,1
6696.505552412,0,0
6697.513153872,0,1
6697.515566888,0,0
6698.523168384,0,1
6698.525581650,0,0
6699.533182908,0,1
6699.535596174,0,0
6700.543197456,0,1
6700.545610472,0,0
6701.553212010,0,1
6701.554481762,1,1
6701.557113328,0,1
6701.557149524,0,0
6702.563226646,0,1
6702.565639662,0,0
6703.573241162,0,1
6703.575654430,0,0
6704.583255590,0,1
6704.585668856,0,0
6705.593270156,0,1
6705.595683172,0,0
6706.603284680,0,1
6706.605697696,0,0
6707.613299182,0,1
6707.615712448,0,0
6708.623313736,0,1
6708.625727002,0,0
6709.633328288,0,1
6709.635741304,0,0
6710.643342770,0,1
6710.645755786,0,0
6711.653357330,0,1
6711.654626990,1,1
6711.657258342,0,1
6711.657294594,0,0
6712.663371932,0,1
6712.665784948,0,0
6713.673386424,0,1
6713.675799690,0,0
6714.683400954,0,1
6714.685814220,0,0
6715.693415536,0,1
6715.695828554,0,0
6716.703430026,0,1
6716.705843042,0,0
6717.713444528,0,1
6717.715857794,0,0
6718.723459038,0,1
6718.725872306,0,0
6719.733473596,0,1
6719.735886612,0,0
6720.743488154,0,1
6720.745901170,0,0
6721.753502634,0,1
6721.754772344,1,1
6721.757404174,0,1
6721.757440150,0,0
6722.763517224,0,1
6722.765930242,0,0
6723.773531750,0,1
6723.775945016,0,0
6724.783546278,0,1
6724.785959544,0,0
6725.793560884,0,1
6725.795973900,0,0
6726.803575382,0,1
6726.805988648,0,0
6727.813589860,0,1
6727.816003126,0,0
6728.823604412,0,1
6728.826017428,0,0
6729.833618944,0,1
6729.836031960,0,0
6730.843633476,0,1
6730.846046742,0,0
6731.853647982,0,1
6731.854917592,1,1
6731.857549320,0,1
6731.857585248,0,0
6732.863662536,0,1
6732.866075552,0,0
6733.873677056,0,1
6733.876090322,0,0
6734.883691580,0,1
6734.886104846,0,0
6735.893706134,0,1
6735.896119150,0,0
6736.903720608,0,1
6736.906133624,0,0
6737.913735112,0,1
6737.916148378,0,0
6738.923749682,0,1
6738.926162700,0,0
6739.933764198,0,1
6739.936177214,0,0
6740.943778752,0,1
6740.946192020,0,0
6741.953793260,0,1
6741.955062794,1,1
6741.957695024,0,1
6741.957730524,0,0
6742.963807684,0,1
6742.966220700,0,0
6743.973822162,0,1
6743.976235428,0,0
6744.983836666,0,1
6744.986249932,0,0
6745.993851260,0,1
6745.996264276,0,0
6747.003865764,0,1
6747.006278780,0,0
6748.013880282,0,1
6748.016293548,0,0
6749.023894848,0,1
6749.026307864,0,0
6750.033909300,0,1
6750.036322316,0,0
6751.043923850,0,1
6751.046337116,0,0
6752.053938348,0,1
6752.055208028,1,1
6752.057839870,0,1
6752.057875612,0,0
6753.063953006,0,1
6753.066366022,0,0
6754.073967540,0,1
6754.076380806,0,0
6755.083982012,0,1
6755.086395280,0,0
6756.093996508,0,1
6756.096409774,0,0
6757.104011124,0,1
6757.106424140,0,0
6758.114025574,0,1
6758.116438590,0,0
6759.124040136,0,1
6759.126453402,0,0
6760.134054632,0,1
6760.136467900,0,0
6761.144069176,0,1
6761.146482192,0,0
6762.154083676,0,1
6762.155353216,1,1
6762.157984958,0,1
6762.158020692,0,0
6763.164098224,0,1
6763.166511240,0,0
6764.174112704,0,1
6764.176525970,0,0
6765.184127242,0,1
6765.186540508,0,0
6766.194141758,0,1
6766.196554774,0,0
6767.204156320,0,1
6767.206569336,0,0
6768.214170826,0,1
6768.216584092,0,0
6769.224185352,0,1
6769.226598368,0,0
6770.234199882,0,1
6770.236612898,0,0
6771.244214410,0,1
6771.245484000,1,1
6771.248115714,0,1
6771.248151676,0,0
6772.254228920,0,1
6772.256641934,0,0
6773.264243402,0,1
6773.266656668,0,0
6774.274257894,0,1
6774.276671160,0,0
6775.284272442,0,1
6775.286685458,0,0
6776.294286976,0,1
6776.296700242,0,0
6777.304301484,0,1
6777.306714750,0,0
6778.314316020,0,1
6778.316729036,0,0
6779.324330574,0,1
6779.326743590,0,0
6780.334345066,0,1
6780.336758332,0,0
6781.344359600,0,1
6781.345629162,1,1
6781.348260444,0,1
6781.348296864,0,0
6782.354374170,0,1
6782.356787186,0,0
6783.364388608,0,1
6783.366801874,0,0
6784.374403128,0,1
6784.376816396,0,0
6785.384417694,0,1
6785.386830710,0,0
6786.394432224,0,1
6786.396845240,0,0
6787.404446714,0,1
6787.406859980,0,0
6788.414461326,0,1
6788.416874344,0,0
6789.424475798,0,1
6789.426888814,0,0
6790.434490294,0,1
6790.436903560,0,0
6791.444504822,0,1
6791.445774484,1,1
6791.448406428,0,1
6791.448442086,0,0
6792.454519268,0,1
6792.456932284,0,0
6793.464533802,0,1
6793.466947068,0,0
6794.474548328,0,1
6794.476961594,0,0
6795.484562916,0,1
6795.486975932,0,0
6796.494577358,0,1
6796.496990374,0,0
6797.504591916,0,1
6797.507005182,0,0
6798.514606422,0,1
6798.517019690,0,0
6799.524620996,0,1
6799.527034012,0,0
6800.534635470,0,1
6800.537048486,0,0
6801.544649956,0,1
6801.545919626,1,1
6801.548551744,0,1
6801.548587220,0,0
6802.554664604,0,1
6802.557077620,0,0
6803.564679148,0,1
6803.567092414,0,0
6804.574693616,0,1
6804.577106882,0,0
6805.584708174,0,1
6805.587121190,0,0
6806.594722666,0,1
6806.597135682,0,0
6807.604737216,0,1
6807.607150482,0,0
6808.614751718,0,1
6808.617164984,0,0
6809.624766278,0,1
6809.627179294,0,0
6810.634780750,0,1
6810.637193766,0,0
6811.644795272,0,1
6811.646064798,1,1
6811.648696942,0,1
6811.648732538,0,0
6812.654809626,0,1
6812.657222642,0,0
6813.664824154,0,1
6813.667237170,0,0
6814.674838668,0,1
6814.677251936,0,0
6815.684853174,0,1
6815.687266440,0,0
6816.694867736,0,1
6816.697280752,0,0
6817.704882242,0,1
6817.707295258,0,0
6818.714896724,0,1
6818.717309990,0,0
6819.724911244,0,1
6819.727324510,0,0
6820.734925802,0,1
6820.737338818,0,0
6821.744940288,0,1
6821.746210086,1,1
6821.748841926,0,1
6821.748877554,0,0
6822.754955100,0,1
6822.757368116,0,0
6823.764969574,0,1
6823.767382590,0,0
6824.774984108,0,1
6824.777397374,0,0
6825.784998616,0,1
6825.787411882,0,0
6826.795013226,0,1
6826.797426242,0,0
6827.805027692,0,1
6827.807440708,0,0
6828.815042168,0,1
6828.817455436,0,0
6829.825056776,0,1
6829.827469792,0,0
6830.835071284,0,1
6830.837484300,0,0
6831.845085790,0,1
6831.846355280,1,1
6831.848986678,0,1
6831.849023054,0,0
6832.855100172,0,1
6832.857513188,0,0
6833.865114676,0,1
6833.867527942,0,0
6834.875129170,0,1
6834.877542436,0,0
6835.885143698,0,1
6835.887556714,0,0
6836.895158186,0,1
6836.897571202,0,0
6837.905172744,0,1
6837.907585762,0,0
6838.915187228,0,1
6838.917600492,0,0
6839.925201824,0,1
6839.927614840,0,0
6840.935216290,0,1
6840.937629308,0,0
6841.945230816,0,1
6841.946500512,1,1
6841.949132196,0,1
6841.949168330,0,0
6842.955245430,0,1
6842.957658446,0,0
6843.965259954,0,1
6843.967673220,0,0
6844.975274442,0,1
6844.977687708,0,0
6845.985289034,0,1
6845.987702052,0,0
6846.995303526,0,1
6846.997716542,0,0
6848.005318026,0,1
6848.007731292,0,0
6849.015332492,0,1
6849.017745758,0,0
6850.025347084,0,1
6850.027760100,0,0
6851.035361610,0,1
6851.037774626,0,0
6852.045376070,0,1
6852.046645706,1,1
6852.049277104,0,1
6852.049313334,0,0
6853.055390550,0,1
6853.057803566,0,0
6854.065405088,0,1
6854.067818354,0,0
6855.075419590,0,1
6855.077832856,0,0
6856.085434176,0,1
6856.087847192,0,0
6857.095448628,0,1
6857.097861644,0,0
6858.105463174,0,1
6858.107876440,0,0
6859.115477686,0,1
6859.117890952,0,0
6860.125492206,0,1
6860.127905224,0,0
6861.135506712,0,1
6861.137919730,0,0
6862.145521242,0,1
6862.146790920,1,1
6862.149422578,0,1
6862.149458506,0,0
6863.155535824,0,1
6863.157948840,0,0
6864.165550354,0,1
6864.167963620,0,0
6865.175564880,0,1
6865.177978146,0,0
6866.185579412,0,1
6866.187992428,0,0
6867.195593886,0,1
6867.198006902,0,0
6868.205608442,0,1
6868.208021708,0,0
6869.215622940,0,1
6869.218036206,0,0
6870.225637506,0,1
6870.228050524,0,0
6871.235651984,0,1
6871.236921634,1,1
6871.239553782,0,1
6871.239589248,0,0
6872.245666482,0,1
6872.248079498,0,0
6873.255681018,0,1
6873.258094284,0,0
6874.265695516,0,1
6874.268108782,0,0
6875.275710010,0,1
6875.278123028,0,0
6876.285724574,0,1
6876.288137590,0,0
6877.295739096,0,1
6877.298152362,0,0
6878.305753586,0,1
6878.308166602,0,0
6879.315768098,0,1
6879.318181114,0,0
6880.325782646,0,1
6880.328195912,0,0
6881.335797116,0,1
6881.337066802,1,1
6881.339698240,0,1
6881.339734382,0,0
6882.345811752,0,1
6882.348224768,0,0
6883.355826254,0,1
6883.358239520,0,0
6884.365840750,0,1
6884.368254016,0,0
6885.375855284,0,1
6885.378268302,0,0
6886.385869840,0,1
6886.388282858,0,0
6887.395884384,0,1
6887.398297650,0,0
6888.405898878,0,1
6888.408311894,0,0
6889.415913378,0,1
6889.418326394,0,0
6890.425927882,0,1
6890.428341148,0,0
6891.435942410,0,1
6891.437212010,1,1
6891.439844190,0,1
6891.439879676,0,0
6892.445956950,0,1
6892.448369966,0,0
6893.455971456,0,1
6893.458384722,0,0
6894.465985910,0,1
6894.468399174,0,0
6895.476000490,0,1
6895.478413506,0,0
6896.486014990,0,1
6896.488428258,0,0
6897.496029502,0,1
6897.498442770,0,0
6898.506044086,0,1
6898.508457102,0,0
6899.516058552,0,1
6899.518471568,0,0
6900.526073040,0,1
6900.528486306,0,0
6901.536087618,0,1
6901.537357228,1,1
6901.539988936,0,1
6901.540024884,0,0
6902.546102144,0,1
6902.548515160,0,0
6903.556116656,0,1
6903.558529924,0,0
6904.566131138,0,1
6904.568544404,0,0
6905.576145744,0,1
6905.578558762,0,0
6906.586160230,0,1
6906.588573246,0,0
6907.596174738,0,1
6907.598588004,0,0
6908.606189220,0,1
6908.608602486,0,0
6909.616203790,0,1
6909.618616806,0,0
6910.626218258,0,1
6910.628631274,0,0
6911.636232764,0,1
6911.637502444,1,1
6911.640133986,0,1
6911.640170028,0,0
6912.646247424,0,1
6912.648660440,0,0
6913.656261894,0,1
6913.658675160,0,0
6914.666276516,0,1
6914.668689532,0,0
6915.676290958,0,1
6915.678703974,0,0
6916.686305448,0,1
6916.688718714,0,0
6917.696320008,0,1
6917.698733274,0,0
6918.706334520,0,1
6918.708747536,0,0
6919.716349006,0,1
6919.718762272,0,0
6920.726363518,0,1
6920.728776784,0,0
6921.736378104,0,1
6921.737647580,1,1
6921.740279086,0,1
6921.740315370,0,0
6922.746392536,0,1
6922.748805552,0,0
6923.756406974,0,1
6923.758820240,0,0
6924.766421482,0,1
6924.768834748,0,0
6925.776436040,0,1
6925.778849056,0,0
6926.786450594,0,1
6926.788863610,0,0
6927.796465092,0,1
6927.798878358,0,0
6928.806479664,0,1
6928.808892680,0,0
6929.816494166,0,1
6929.818907182,0,0
6930.826508660,0,1
6930.828921926,0,0
6931.836523160,0,1
6931.837792774,1,1
6931.840424372,0,1
6931.840460424,0,0
6932.846537652,0,1
6932.848950670,0,0
6933.856552172,0,1
6933.858965438,0,0
6934.866566616,0,1
6934.868979884,0,0
6935.876581232,0,1
6935.878994248,0,0
6936.886595698,0,1
6936.889008714,0,0
6937.896610178,0,1
6937.899023444,0,0
6938.906624802,0,1
6938.909037818,0,0
6939.916639322,0,1
6939.919052338,0,0
6940.926653792,0,1
6940.929067058,0,0
6941.936668286,0,1
6941.937937960,1,1
6941.940569670,0,1
6941.940605552,0,0
6942.946682900,0,1
6942.949095916,0,0
6943.956697448,0,1
6943.959110714,0,0
6944.966711894,0,1
6944.969125160,0,0
6945.976726472,0,1
6945.979139488,0,0
6946.986740934,0,1
6946.989153950,0,0
6947.996755460,0,1
6947.999168726,0,0
6949.006770026,0,1
6949.009183042,0,0
6950.016784492,0,1
6950.019197508,0,0
6951.026799010,0,1
6951.029212276,0,0
6952.036813488,0,1
6952.038083088,1,1
6952.040714766,0,1
6952.040750754,0,0
6953.046828012,0,1
6953.049241030,0,0
6954.056842502,0,1
6954.059255768,0,0
6955.066857046,0,1
6955.069270312,0,0
6956.076871578,0,1
6956.079284594,0,0
6957.086886090,0,1
6957.089299106,0,0
6958.096900582,0,1
6958.099313848,0,0
6959.106915124,0,1
6959.109328390,0,0
6960.116929690,0,1
6960.119342706,0,0
6961.126944158,0,1
6961.129357174,0,0
6962.136958700,0,1
6962.138228314,1,1
6962.140860012,0,1
6962.140895964,0,0
6963.146973122,0,1
6963.149386138,0,0
6964.156987644,0,1
6964.159400910,0,0
6965.167002176,0,1
6965.169415442,0,0
6966.177016728,0,1
6966.179429744,0,0
6967.187031242,0,1
6967.189444258,0,0
6968.197045742,0,1
6968.199459006,0,0
6969.207060204,0,1
6969.209473470,0,0
6970.217074768,0,1
6970.219487784,0,0
6971.227089266,0,1
6971.228358976,1,1
6971.230990508,0,1
6971.231026782,0,0
6972.237103924,0,1
6972.239516938,0,0
6973.247118388,0,1
6973.249531654,0,0
6974.257132922,0,1
6974.259546188,0,0
6975.267147472,0,1
6975.269560488,0,0
6976.277161920,0,1
6976.279574936,0,0
6977.287176448,0,1
6977.289589714,0,0
6978.297191052,0,1
6978.299604070,0,0
6979.307205550,0,1
6979.309618566,0,0
6980.317220066,0,1
6980.319633330,0,0
6981.327234504,0,1
6981.328504174,1,1
6981.331135868,0,1
6981.331171768,0,0
6982.337249124,0,1
6982.339662140,0,0
6983.347263630,0,1
6983.349676896,0,0
6984.357278088,0,1
6984.359691354,0,0
6985.367292714,0,1
6985.369705730,0,0
6986.377307182,0,1
6986.379720200,0,0
6987.387321646,0,1
6987.389734914,0,0
6988.397336250,0,1
6988.399749266,0,0
6989.407350756,0,1
6989.409763772,0,0
6990.417365232,0,1
6990.419778498,0,0
6991.427379746,0,1
6991.428649334,1,1
6991.431281086,0,1
6991.431317010,0,0
6992.437394244,0,1
6992.439807260,0,0
6993.447408730,0,1
6993.449821996,0,0
6994.457423208,0,1
6994.459836474,0,0
6995.467437758,0,1
6995.469850774,0,0
6996.477452320,0,1
6996.479865336,0,0
6997.487466728,0,1
6997.489879994,0,0
6998.497481276,0,1
6998.499894542,0,0
6999.507495822,0,1
6999.509908838,0,0
7000.517510338,0,1
7000.519923354,0,0
7001.527524844,0,1
7001.528794426,1,1
7001.531426114,0,1
7001.531462108,0,0
7002.537539336,0,1
7002.539952352,0,0
7003.547553806,0,1
7003.549967072,0,0
7004.557568300,0,1
7004.559981566,0,0
7005.567582900,0,1
7005.569995916,0,0
7006.577597366,0,1
7006.580010382,0,0
7007.587611862,0,1
7007.590025128,0,0
7008.597626422,0,1
7008.600039438,0,0
7009.607640934,0,1
7009.610053952,0,0
7010.617655428,0,1
7010.620068694,0,0
7011.627669936,0,1
7011.628939632,1,1
7011.631571644,0,1
7011.631607450,0,0
7012.637684548,0,1
7012.640097564,0,0
7013.647699072,0,1
7013.650112338,0,0
7014.657713520,0,1
7014.660126786,0,0
7015.667728102,0,1
7015.670141118,0,0
7016.677742594,0,1
7016.680155860,0,0
7017.687757080,0,1
7017.690170346,0,0
7018.697771686,0,1
7018.700184702,0,0
7019.707786204,0,1
7019.710199220,0,0
7020.717800666,0,1
7020.720213932,0,0
7021.727815226,0,1
7021.729084752,1,1
7021.731716462,0,1
7021.731752492,0,0
7022.737829560,0,1
7022.740242578,0,0
7023.747844042,0,1
7023.750257308,0,0
7024.757858558,0,1
7024.760271824,0,0
7025.767873118,0,1
7025.770286134,0,0
7026.777887628,0,1
7026.780300644,0,0
7027.787902144,0,1
7027.790315160,0,0
7028.797916696,0,1
7028.800329962,0,0
7029.807931188,0,1
7029.810344454,0,0
7030.817945740,0,1
7030.820358756,0,0
7031.827960180,0,1
7031.829229924,1,1
7031.831861612,0,1
7031.831897696,0,0
7032.837974806,0,1
7032.840387822,0,0
7033.847989346,0,1
7033.850402612,0,0
7034.858003812,0,1
7034.860417078,0,0
7035.868018412,0,1
7035.870431426,0,0
7036.878032878,0,1
7036.880445894,0,0
7037.888047354,0,1
7037.890460620,0,0
7038.898061930,0,1
7038.900474946,0,0
7039.908076476,0,1
7039.910489494,0,0
7040.918090936,0,1
7040.920504202,0,0
7041.928105508,0,1
7041.929375064,1,1
7041.932006740,0,1
7041.932042772,0,0
7042.938120018,0,1
7042.940533034,0,0
7043.948134536,0,1
7043.950547802,0,0
7044.958148992,0,1
7044.960562258,0,0
7045.968163560,0,1
7045.970576576,0,0
7046.978178048,0,1
7046.980591314,0,0
7047.988192510,0,1
7047.990605776,0,0
7048.998207124,0,1
7049.000620138,0,0
7050.008221600,0,1
7050.010634616,0,0
7051.018236090,0,1
7051.020649356,0,0
7052.028250678,0,1
7052.029520136,1,1
7052.032151854,0,1
7052.032187942,0,0
7053.038265026,0,1
7053.040678042,0,0
7054.048279526,0,1
7054.050692792,0,0
7055.058294072,0,1
7055.060707338,0,0
7056.068308616,0,1
7056.070721634,0,0
7057.078323078,0,1
7057.080736094,0,0
7058.088337566,0,1
7058.090750832,0,0
7059.098352070,0,1
7059.100765336,0,0
7060.108366672,0,1
7060.110779688,0,0
7061.118381104,0,1
7061.120794120,0,0
7062.128395628,0,1
7062.129665318,1,1
7062.132297670,0,1
7062.132332892,0,0
7063.138410272,0,1
7063.140823288,0,0
7064.148424784,0,1
7064.150838050,0,0
7065.158439244,0,1
7065.160852510,0,0
7066.168453784,0,1
7066.170866800,0,0
7067.178468312,0,1
7067.180881328,0,0
7068.188482798,0,1
7068.190896064,0,0
7069.198497302,0,1
7069.200910568,0,0
7070.208511862,0,1
7070.210924878,0,0
7071.218526334,0,1
7071.219795892,1,1
7071.222427518,0,1
7071.222463600,0,0
7072.228540916,0,1
7072.230953932,0,0
7073.238555436,0,1
7073.240968702,0,0
7074.248569904,0,1
7074.250983170,0,0
7075.258584492,0,1
7075.260997508,0,0
7076.268599018,0,1
7076.271012034,0,0
7077.278613518,0,1
7077.281026784,0,0
7078.288628050,0,1
7078.291041066,0,0
7079.298642556,0,1
7079.301055572,0,0
7080.308657066,0,1
7080.311070332,0,0
7081.318671574,0,1
7081.319941072,1,1
7081.322572704,0,1
7081.322608840,0,0
7082.328685910,0,1
7082.331098926,0,0
7083.338700466,0,1
7083.341113732,0,0
7084.348714954,0,1
7084.351128220,0,0
7085.358729496,0,1
7085.361142512,0,0
7086.368743964,0,1
7086.371156982,0,0
7087.378758484,0,1
7087.381171752,0,0
7088.388772954,0,1
7088.391186220,0,0
7089.398787496,0,1
7089.401200512,0,0
7090.408801996,0,1
7090.411215012,0,0
7091.418816502,0,1
7091.420086158,1,1
7091.422718292,0,1
7091.422753766,0,0
7092.428830994,0,1
7092.431244010,0,0
7093.438845492,0,1
7093.441258508,0,0
7094.448860002,0,1
7094.451273268,0,0
7095.458874478,0,1
7095.461287744,0,0
7096.468888994,0,1
7096.471302260,0,0
7097.478903556,0,1
7097.481316572,0,0
7098.488918042,0,1
7098.491331058,0,0
7099.498932508,0,1
7099.501345774,0,0
7100.508947034,0,1
7100.511360300,0,0
7101.518961622,0,1
7101.520231254,1,1
7101.522862600,0,1
7101.522898888,0,0
7102.528976098,0,1
7102.531389114,0,0
7103.538990598,0,1
7103.541403864,0,0
7104.549005088,0,1
7104.551418354,0,0
7105.559019642,0,1
7105.561432660,0,0
7106.569034124,0,1
7106.571447140,0,0
7107.579048658,0,1
7107.581461924,0,0
7108.589063136,0,1
7108.591476400,0,0
7109.599077706,0,1
7109.601490722,0,0
7110.609092192,0,1
7110.611505208,0,0
7111.619106700,0,1
7111.620376434,1,1
7111.623008192,0,1
7111.623044214,0,0
7112.629121284,0,1
7112.631534302,0,0
7113.639135778,0,1
7113.641549044,0,0
7114.649150322,0,1
7114.651563588,0,0
7115.659164882,0,1
7115.661577898,0,0
7116.669179342,0,1
7116.671592358,0,0
7117.679193862,0,1
7117.681607128,0,0
7118.689208356,0,1
7118.691621622,0,0
7119.699222870,0,1
7119.701635888,0,0
7120.709237372,0,1
7120.711650388,0,0
7121.719251854,0,1
7121.720521524,1,1
7121.723153152,0,1
7121.723189118,0,0
7122.729266476,0,1
7122.731679494,0,0
7123.739280978,0,1
7123.741694246,0,0
7124.749295456,0,1
7124.751708722,0,0
7125.759310026,0,1
7125.761723042,0,0
7126.769324530,0,1
7126.771737546,0,0
7127.779339066,0,1
7127.781752332,0,0
7128.789353518,0,1
7128.791766784,0,0
7129.799368084,0,1
7129.801781100,0,0
7130.809382614,0,1
7130.811795630,0,0
7131.819397058,0,1
7131.820666682,1,1
7131.823298850,0,1
7131.823334322,0,0
7132.829411560,0,1
7132.831824576,0,0
7133.839426060,0,1
7133.841839328,0,0
7134.849440526,0,1
7134.851853792,0,0
7135.859455110,0,1
7135.861868126,0,0
7136.869469606,0,1
7136.871882622,0,0
7137.879484086,0,1
7137.881897354,0,0
7138.889498660,0,1
7138.891911676,0,0
7139.899513196,0,1
7139.901926212,0,0
7140.909527628,0,1
7140.911940894,0,0
7141.919542160,0,1
7141.920811742,1,1
7141.923443760,0,1
7141.923479426,0,0
7142.929556628,0,1
7142.931969644,0,0
7143.939571146,0,1
7143.941984412,0,0
7144.949585618,0,1
7144.951998884,0,0
7145.959600158,0,1
7145.962013176,0,0
7146.969614648,0,1
7146.972027664,0,0
7147.979629154,0,1
7147.982042420,0,0
7148.989643638,0,1
7148.992056902,0,0
7149.999658236,0,1
7150.002071252,0,0
7151.009672704,0,1
7151.012085720,0,0
7152.019687200,0,1
7152.020956768,1,1
7152.023588412,0,1
7152.023624466,0,0
7153.029701734,0,1
7153.032114750,0,0
7154.039716198,0,1
7154.042129214,0,0
7155.049730650,0,1
7155.052143916,0,0
7156.059745196,0,1
7156.062158460,0,0
7157.069759706,0,1
7157.072172722,0,0
7158.079774182,0,1
7158.082187198,0,0
7159.089788724,0,1
7159.092201990,0,0
7160.099803196,0,1
7160.102216462,0,0
7161.109817742,0,1
7161.112230758,0,0
7162.119832234,0,1
7162.121101888,1,1
7162.123733452,0,1
7162.123769500,0,0
7163.129846698,0,1
7163.132259964,0,0
7164.139861304,0,1
7164.142274320,0,0
7165.149875714,0,1
7165.152288730,0,0
7166.159890220,0,1
7166.162303486,0,0
7167.169904796,0,1
7167.172317812,0,0
7168.179919298,0,1
7168.182332314,0,0
7169.189933806,0,1
7169.192346824,0,0
7170.199948314,0,1
7170.202361580,0,0
7171.209962844,0,1
7171.212375860,0,0
7172.219977324,0,1
7172.221246950,1,1
7172.223878648,0,1
7172.223914590,0,0
7173.229991840,0,1
7173.232404858,0,0
7174.240006318,0,1
7174.242419584,0,0
7175.250020788,0,1
7175.252434054,0,0
7176.260035394,0,1
7176.262448410,0,0
7177.270049852,0,1
7177.272462868,0,0
7178.280064376,0,1
7178.282477642,0,0
7179.290078822,0,1
7179.292492088,0,0
7180.300093400,0,1
7180.302506416,0,0
7181.310107846,0,1
7181.311377606,1,1
7181.314009730,0,1
7181.314045362,0,0
7182.320122486,0,1
7182.322535502,0,0
7183.330137000,0,1
7183.332550266,0,0
7184.340151448,0,1
7184.342564714,0,0
7185.350166050,0,1
7185.352579066,0,0
7186.360180476,0,1
7186.362593492,0,0
7187.370194996,0,1
7187.372608262,0,0
7188.380209570,0,1
7188.382622586,0,0
7189.390224060,0,1
7189.392637076,0,0
7190.400238532,0,1
7190.402651798,0,0
7191.410253062,0,1
7191.411522662,1,1
7191.414154494,0,1
7191.414190326,0,0
7192.420267490,0,1
7192.422680506,0,0
7193.430282002,0,1
7193.432695270,0,0
7194.440296518,0,1
7194.442709784,0,0
7195.450311052,0,1
7195.452724068,0,0
7196.460325552,0,1
7196.462738568,0,0
7197.470340022,0,1
7197.472753288,0,0
7198.480354550,0,1
7198.482767816,0,0
7199.490369108,0,1
7199.492782124,0,0
7200.500383532,0,1
7200.502796548,0,0
7201.510398076,0,1
7201.511667784,1,1
7201.514299358,0,1
7201.514335592,0,0
7202.520412684,0,1
7202.522825700,0,0
7203.530427148,0,1
7203.532840416,0,0
7204.540441668,0,1
7204.542854934,0,0
7205.550456236,0,1
7205.552869252,0,0
7206.560470722,0,1
7206.562883738,0,0
7207.570485152,0,1
7207.572898418,0,0
7208.580499646,0,1
7208.582912912,0,0
7209.590514234,0,1
7209.592927250,0,0
7210.600528702,0,1
7210.602941718,0,0
7211.610543218,0,1
7211.611812860,1,1
7211.614445138,0,1
7211.614480482,0,0
7212.620557714,0,1
7212.622970730,0,0
7213.630572210,0,1
7213.632985476,0,0
7214.640586726,0,1
7214.642999992,0,0
7215.650601230,0,1
7215.653014246,0,0
7216.660615728,0,1
7216.663028746,0,0
7217.670630244,0,1
7217.673043510,0,0
7218.680644694,0,1
7218.683057960,0,0
7219.690659248,0,1
7219.693072264,0,0
7220.700673728,0,1
7220.703086744,0,0
7221.710688230,0,1
7221.711957986,1,1
7221.714589678,0,1
7221.714625746,0,0
7222.720702826,0,1
7222.723115842,0,0
7223.730717322,0,1
7223.733130590,0,0
7224.740731842,0,1
7224.743145108,0,0
7225.750746440,0,1
7225.753159456,0,0
7226.760760922,0,1
7226.763173938,0,0
7227.770775406,0,1
7227.773188672,0,0
7228.780789944,0,1
7228.783202960,0,0
7229.790804382,0,1
7229.793217398,0,0
7230.800818900,0,1
7230.803231916,0,0
7231.810833414,0,1
7231.812103088,1,1
7231.814734722,0,1
7231.814770680,0,0
7232.820848042,0,1
7232.823261058,0,0
7233.830862492,0,1
7233.833275758,0,0
7234.840876960,0,1
7234.843290226,0,0
7235.850891556,0,1
7235.853304572,0,0
7236.860906034,0,1
7236.863319300,0,0
7237.870920516,0,1
7237.873333784,0,0
7238.880935072,0,1
7238.883348088,0,0
7239.890949552,0,1
7239.893362568,0,0
7240.900964024,0,1
7240.903377290,0,0
7241.910978620,0,1
7241.912248142,1,1
7241.914879874,0,1
7241.914915886,0,0
7242.920992954,0,1
7242.923405970,0,0
7243.931007486,0,1
7243.933420752,0,0
7244.941021936,0,1
7244.943435202,0,0
7245.951036522,0,1
7245.953449538,0,0
7246.961050982,0,1
7246.963463998,0,0
7247.971065474,0,1
7247.973478740,0,0
7248.981080028,0,1
7248.983493044,0,0
7249.991094508,0,1
7249.993507524,0,0
7251.001109006,0,1
7251.003522272,0,0
7252.011123568,0,1
7252.012393252,1,1
7252.015025164,0,1
7252.015060834,0,0
7253.021138182,0,1
7253.023551198,0,0
7254.031152678,0,1
7254.033565944,0,0
7255.041167242,0,1
7255.043580258,0,0
7256.051181716,0,1
7256.053594732,0,0
7257.061196224,0,1
7257.063609490,0,0
7258.071210764,0,1
7258.073623780,0,0
7259.081225220,0,1
7259.083638236,0,0
7260.091239728,0,1
7260.093652994,0,0
7261.101254274,0,1
7261.103667290,0,0
7262.111268786,0,1
7262.112538296,1,1
7262.115170048,0,1
7262.115206050,0,0
7263.121283172,0,1
7263.123696188,0,0
7264.131297636,0,1
7264.133710902,0,0
7265.141312084,0,1
7265.143725350,0,0
7266.151326662,0,1
7266.153739678,0,0
7267.161341148,0,1
7267.163754164,0,0
7268.171355614,0,1
7268.173768880,0,0
7269.181370200,0,1
7269.183783216,0,0
7270.191384716,0,1
7270.193797732,0,0
7271.201399162,0,1
7271.203812430,0,0
7272.211413706,0,1
7272.212683308,1,1
7272.215314936,0,1
7272.215350972,0,0
7273.221428160,0,1
7273.223841178,0,0
7274.231442634,0,1
7274.233855900,0,0
7275.241457106,0,1
7275.243870372,0,0
7276.251471724,0,1
7276.253884740,0,0
7277.261486144,0,1
7277.263899160,0,0
7278.271500666,0,1
7278.273913932,0,0
7279.281515196,0,1
7279.283928214,0,0
7280.291529730,0,1
7280.293942746,0,0
7281.301544174,0,1
7281.302813866,1,1
7281.305445440,0,1
7281.305481438,0,0
7282.311558826,0,1
7282.313971842,0,0
7283.321573292,0,1
7283.323986558,0,0
7284.331587824,0,1
7284.334001090,0,0
7285.341602310,0,1
7285.344015326,0,0
7286.351616808,0,1
7286.354029824,0,0
7287.361631340,0,1
7287.364044606,0,0
7288.371645848,0,1
7288.374058864,0,0
7289.381660386,0,1
7289.384073402,0,0
7290.391674828,0,1
7290.394088094,0,0
7291.401689336,0,1
7291.402958928,1,1
7291.405590552,0,1
7291.405626600,0,0
7292.411703790,0,1
7292.414116806,0,0
7293.421718296,0,1
7293.424131562,0,0
7294.431732764,0,1
7294.434146030,0,0
7295.441747354,0,1
7295.444160372,0,0
7296.451761868,0,1
7296.454174884,0,0
7297.461776344,0,1
7297.464189612,0,0
7298.471790836,0,1
7298.474204102,0,0
7299.481805404,0,1
7299.484218420,0,0
7300.491819866,0,1
7300.494232882,0,0
7301.501834336,0,1
7301.503104008,1,1
7301.505735694,0,1
7301.505771600,0,0
7302.511848954,0,1
7302.514261972,0,0
7303.521863460,0,1
7303.524276726,0,0
7304.531877944,0,1
7304.534291210,0,0
7305.541892478,0,1
7305.544305494,0,0
7306.551906944,0,1
7306.554319960,0,0
7307.561921458,0,1
7307.564334726,0,0
7308.571936044,0,1
7308.574349060,0,0
7309.581950560,0,1
7309.584363576,0,0
7310.591964998,0,1
7310.594378264,0,0
7311.601979560,0,1
7311.603249038,1,1
7311.605880966,0,1
7311.605916824,0,0
7312.611993908,0,1
7312.614406924,0,0
7313.622008386,0,1
7313.624421652,0,0
7314.632022876,0,1
7314.634436142,0,0
7315.642037452,0,1
7315.644450468,0,0
7316.652051880,0,1
7316.654464896,0,0
7317.662066412,0,1
7317.664479678,0,0
7318.672080926,0,1
7318.674494192,0,0
7319.682095434,0,1
7319.684508452,0,0
7320.692109964,0,1
7320.694522980,0,0
7321.702124442,0,1
7321.703394164,1,1
7321.706025900,0,1
7321.706061958,0,0
7322.712139060,0,1
7322.714552076,0,0
7323.722153534,0,1
7323.724566800,0,0
7324.732167976,0,1
7324.734581244,0,0
7325.742182528,0,1
7325.744595544,0,0
7326.752197078,0,1
7326.754610094,0,0
7327.762211508,0,1
7327.764624774,0,0
7328.772226050,0,1
7328.774639066,0,0
7329.782240588,0,1
7329.784653604,0,0
7330.792255074,0,1
7330.794668342,0,0
7331.802269556,0,1
7331.803539172,1,1
7331.806170794,0,1
7331.806206820,0,0
7332.812284028,0,1
7332.814697044,0,0
7333.822298524,0,1
7333.824711790,0,0
7334.832312988,0,1
7334.834726254,0,0
7335.842327556,0,1
7335.844740572,0,0
7336.852342064,0,1
7336.854755080,0,0
7337.862356568,0,1
7337.864769834,0,0
7338.872371030,0,1
7338.874784296,0,0
7339.882385560,0,1
7339.884798578,0,0
7340.892400066,0,1
7340.894813082,0,0
7341.902414534,0,1
7341.903684172,1,1
7341.906316120,0,1
7341.906351798,0,0
7342.912429016,0,1
7342.914842030,0,0
7343.922443512,0,1
7343.924856778,0,0
7344.932458044,0,1
7344.934871310,0,0
7345.942472584,0,1
7345.944885600,0,0
7346.952487000,0,1
7346.954900016,0,0
7347.962501508,0,1
7347.964914774,0,0
7348.972516048,0,1
7348.974929314,0,0
7349.982530548,0,1
7349.984943564,0,0
7350.992545050,0,1
7350.994958066,0,0
7352.002559538,0,1
7352.003829268,1,1
7352.006460836,0,1
7352.006496802,0,0
7353.012574160,0,1
7353.014987176,0,0
7354.022588626,0,1
7354.025001892,0,0
7355.032603144,0,1
7355.035016410,0,0
7356.042617646,0,1
7356.045030662,0,0
7357.052632198,0,1
7357.055045214,0,0
7358.062646642,0,1
7358.065059908,0,0
7359.072661208,0,1
7359.075074224,0,0
7360.082675694,0,1
7360.085088710,0,0
7361.092690212,0,1
7361.095103478,0,0
7362.102704660,0,1
7362.103974280,1,1
7362.106606530,0,1
7362.106641924,0,0
7363.112719146,0,1
7363.115132162,0,0
7364.122733644,0,1
7364.125146910,0,0
7365.132748110,0,1
7365.135161376,0,0
7366.142762616,0,1
7366.145175884,0,0
7367.152777152,0,1
7367.155190168,0,0
7368.162791650,0,1
7368.165204666,0,0
7369.172806158,0,1
7369.175219424,0,0
7370.182820648,0,1
7370.185233914,0,0
7371.192835186,0,1
7371.195248202,0,0
7372.202849666,0,1
7372.204119390,1,1
7372.206751016,0,1
7372.206787182,0,0
7373.212864262,0,1
7373.215277278,0,0
7374.222878788,0,1
7374.225292054,0,0
7375.232893260,0,1
7375.235306528,0,0
7376.242907784,0,1
7376.245320802,0,0
7377.252922294,0,1
7377.255335310,0,0
7378.262936814,0,1
7378.265350080,0,0
7379.272951296,0,1
7379.275364312,0,0
7380.282965842,0,1
7380.285378858,0,0
7381.292980274,0,1
7381.294249858,1,1
7381.296881268,0,1
7381.296917538,0,0
7382.302994780,0,1
7382.305407796,0,0
7383.313009270,0,1
7383.315422536,0,0
7384.323023774,0,1
7384.325437040,0,0
7385.333038282,0,1
7385.335451298,0,0
7386.343052766,0,1
7386.345465780,0,0
7387.353067290,0,1
7387.355480556,0,0
7388.363081750,0,1
7388.365495016,0,0
7389.373096352,0,1
7389.375509368,0,0
7390.383110780,0,1
7390.385523796,0,0
7391.393125260,0,1
7391.394394948,1,1
7391.397026834,0,1
7391.397062524,0,0
7392.403140016,0,1
7392.405553032,0,0
7393.413154528,0,1
7393.415567794,0,0
7394.423169050,0,1
7394.425582066,0,0
7395.433183550,0,1
7395.435596566,0,0
7396.443198048,0,1
7396.445611314,0,0
7397.453212564,0,1
7397.455625580,0,0
7398.463227088,0,1
7398.465640104,0,0
7399.473241566,0,1
7399.475654834,0,0
7400.483256086,0,1
7400.485669102,0,0
7401.493270596,0,1
7401.494540002,1,1
7401.497171350,0,1
7401.497207610,0,0
7402.503284840,0,1
7402.505697856,0,0
7403.513299294,0,1
7403.515712560,0,0
7404.523313814,0,1
7404.525727080,0,0
7405.533328322,0,1
7405.535741338,0,0
7406.543342838,0,1
7406.545755854,0,0
7407.553357304,0,1
7407.555770570,0,0
7408.563371820,0,1
7408.565785086,0,0
7409.573386380,0,1
7409.575799396,0,0
7410.583400816,0,1
7410.585813830,0,0
7411.593415300,0,1
7411.594684966,1,1
7411.597317038,0,1
7411.597352564,0,0
7412.603429932,0,1
7412.605842948,0,0
7413.613444440,0,1
7413.615857706,0,0
7414.623458898,0,1
7414.625872164,0,0
7415.633473432,0,1
7415.635886448,0,0
7416.643487930,0,1
7416.645900946,0,0
7417.653502406,0,1
7417.655915672,0,0
7418.663517032,0,1
7418.665930048,0,0
7419.673531476,0,1
7419.675944492,0,0
7420.683545990,0,1
7420.685959256,0,0
7421.693560434,0,1
7421.694830056,1,1
7421.697461434,0,1
7421.697497698,0,0
7422.703574934,0,1
7422.705987952,0,0
7423.713589458,0,1
7423.716002724,0,0
7424.723603870,0,1
7424.726017136,0,0
7425.733618444,0,1
7425.736031460,0,0
7426.743632904,0,1
7426.746045920,0,0
7427.753647416,0,1
7427.756060682,0,0
7428.763661964,0,1
7428.766074980,0,0
7429.773676432,0,1
7429.776089448,0,0
7430.783690936,0,1
7430.786104202,0,0
7431.793705396,0,1
7431.794975062,1,1
7431.797606346,0,1
7431.797642660,0,0
7432.803719906,0,1
7432.806132922,0,0
7433.813734432,0,1
7433.816147448,0,0
7434.823748904,0,1
7434.826162170,0,0
7435.833763358,0,1
7435.836176624,0,0
7436.843777928,0,1
7436.846190944,0,0
7437.853792404,0,1
7437.856205422,0,0
7438.863806906,0,1
7438.866220172,0,0
7439.873821344,0,1
7439.876234610,0,0
7440.883835948,0,1
7440.886248964,0,0
7441.893850406,0,1
7441.895120082,1,1
7441.897751420,0,1
7441.897787670,0,0
7442.903865004,0,1
7442.906278020,0,0
7443.913879532,0,1
7443.916292798,0,0
7444.923894006,0,1
7444.926307272,0,0
7445.933908516,0,1
7445.936321532,0,0
7446.943923054,0,1
7446.946336070,0,0
7447.953937506,0,1
7447.956350772,0,0
7448.963952022,0,1
7448.966365038,0,0
7449.973966572,0,1
7449.976379588,0,0
7450.983981036,0,1
7450.986394302,0,0
7451.993995584,0,1
7451.995265156,1,1
7451.997896572,0,1
7451.997932850,0,0
7453.004010084,0,1
7453.006423098,0,0
7454.014024532,0,1
7454.016437798,0,0
7455.024039050,0,1
7455.026452318,0,0
7456.034053574,0,1
7456.036466590,0,0
7457.044068040,0,1
7457.046481056,0,0
7458.054082552,0,1
7458.056495818,0,0
7459.064097106,0,1
7459.066510122,0,0
7460.074111560,0,1
7460.076524576,0,0
7461.084126036,0,1
7461.086539302,0,0
7462.094140580,0,1
7462.095410112,1,1
7462.098041704,0,1
7462.098077594,0,0
7463.104154962,0,1
7463.106567980,0,0
7464.114169364,0,1
7464.116582632,0,0
7465.124183906,0,1
7465.126597172,0,0
7466.134198398,0,1
7466.136611414,0,0
7467.144212928,0,1
7467.146625944,0,0
7468.154227360,0,1
7468.156640626,0,0
7469.164241858,0,1
7469.166655124,0,0
7470.174256400,0,1
7470.176669418,0,0
7471.184270934,0,1
7471.186683948,0,0
7472.194285390,0,1
7472.195555126,1,1
7472.198186852,0,1
7472.198222654,0,0
7473.204300018,0,1
7473.206713034,0,0
7474.214314438,0,1
7474.216727454,0,0
7475.224328990,0,1
7475.226742258,0,0
7476.234343448,0,1
7476.236756714,0,0
7477.244358008,0,1
7477.246771024,0,0
7478.254372492,0,1
7478.256785508,0,0
7479.264386976,0,1
7479.266800242,0,0
7480.274401460,0,1
7480.276814726,0,0
7481.284415950,0,1
7481.285685588,1,1
7481.288317466,0,1
7481.288353216,0,0
7482.294430486,0,1
7482.296843500,0,0
7483.304444996,0,1
7483.306858262,0,0
7484.314459430,0,1
7484.316872696,0,0
7485.324474008,0,1
7485.326887024,0,0
7486.334488504,0,1
7486.336901520,0,0
7487.344502986,0,1
7487.346916252,0,0
7488.354517470,0,1
7488.356930736,0,0
7489.364531986,0,1
7489.366945002,0,0
7490.374546454,0,1
7490.376959470,0,0
7491.384560976,0,1
7491.385830640,1,1
7491.388462696,0,1
7491.388498240,0,0
7492.394575502,0,1
7492.396988518,0,0
7493.404589952,0,1
7493.407002968,0,0
7494.414604408,0,1
7494.417017674,0,0
7495.424618960,0,1
7495.427031976,0,0
7496.434633456,0,1
7496.437046472,0,0
7497.444647948,0,1
7497.447060964,0,0
7498.454662404,0,1
7498.457075670,0,0
7499.464676980,0,1
7499.467089996,0,0
7500.474691442,0,1
7500.477104460,0,0
7501.484705960,0,1
7501.485975608,1,1
7501.488607722,0,1
7501.488643224,0,0
7502.494720426,0,1
7502.497133442,0,0
7503.504734890,0,1
7503.507148154,0,0
7504.514749430,0,1
7504.517162696,0,0
7505.524763962,0,1
7505.527176978,0,0
7506.534778412,0,1
7506.537191428,0,0
7507.544792904,0,1
7507.547205920,0,0
7508.554807372,0,1
7508.557220638,0,0
7509.564821920,0,1
7509.567234934,0,0
7510.574836440,0,1
7510.577249458,0,0
7511.584850910,0,1
7511.586120636,1,1
7511.588752132,0,1
7511.588788424,0,0
7512.594865496,0,1
7512.597278512,0,0
7513.604880012,0,1
7513.607293278,0,0
7514.614894498,0,1
7514.617307764,0,0
7515.624909004,0,1
7515.627322020,0,0
7516.634923498,0,1
7516.637336514,0,0
7517.644937970,0,1
7517.647351236,0,0
7518.654952478,0,1
7518.657365746,0,0
7519.664966990,0,1
7519.667380006,0,0
7520.674981466,0,1
7520.677394482,0,0
7521.684995956,0,1
7521.686265556,1,1
7521.688897112,0,1
7521.688933222,0,0
7522.695010424,0,1
7522.697423440,0,0
7523.705024948,0,1
7523.707437964,0,0
7524.715039386,0,1
7524.717452652,0,0
7525.725053934,0,1
7525.727466952,0,0
7526.735068436,0,1
7526.737481452,0,0
7527.745082928,0,1
7527.747495944,0,0
7528.755097424,0,1
7528.757510690,0,0
7529.765111918,0,1
7529.767524934,0,0
7530.775126438,0,1
7530.777539454,0,0
7531.785140918,0,1
7531.786410536,1,1
7531.789042334,0,1
7531.789078182,0,0
7532.795155386,0,1
7532.797568402,0,0
7533.805169888,0,1
7533.807582906,0,0
7534.815184362,0,1
7534.817597628,0,0
7535.825198852,0,1
7535.827612120,0,0
7536.835213330,0,1
7536.837626346,0,0
7537.845227882,0,1
7537.847640898,0,0
7538.855242310,0,1
7538.857655576,0,0
7539.865256820,0,1
7539.867670086,0,0
7540.875271378,0,1
7540.877684394,0,0
7541.885285828,0,1
7541.886555582,1,1
7541.889187310,0,1
7541.889223092,0,0
7542.895300500,0,1
7542.897713516,0,0
7543.905314964,0,1
7543.907728232,0,0
7544.915329402,0,1
7544.917742668,0,0
7545.925344002,0,1
7545.927757018,0,0
7546.935358486,0,1
7546.937771502,0,0
7547.945372914,0,1
7547.947786180,0,0
7548.955387494,0,1
7548.957800510,0,0
7549.965401984,0,1
7549.967815000,0,0
7550.975416422,0,1
7550.977829688,0,0
7551.985430930,0,1
7551.986700520,1,1
7551.989332290,0,1
7551.989368196,0,0
7552.995445374,0,1
7552.997858390,0,0
7554.005459892,0,1
7554.007873160,0,0
7555.015474410,0,1
7555.017887676,0,0
7556.025488872,0,1
7556.027901888,0,0
7557.035503436,0,1
7557.037916450,0,0
7558.045517894,0,1
7558.047931160,0,0
7559.055532344,0,1
7559.057945610,0,0
7560.065546908,0,1
7560.067959924,0,0
7561.075561374,0,1
7561.077974390,0,0
7562.085575896,0,1
7562.086845528,1,1
7562.089477526,0,1
7562.089513160,0,0
7563.095590344,0,1
7563.098003360,0,0
7564.105604838,0,1
7564.108017854,0,0
7565.115619326,0,1
7565.118032592,0,0
7566.125633866,0,1
7566.128046882,0,0
7567.135648334,0,1
7567.138061352,0,0
7568.145662788,0,1
7568.148076054,0,0
7569.155677342,0,1
7569.158090358,0,0
7570.165691754,0,1
7570.168105020,0,0
7571.175706396,0,1
7571.178119412,0,0
7572.185720830,0,1
7572.186990440,1,1
7572.189622174,0,1
7572.189658096,0,0
7573.195735334,0,1
7573.198148350,0,0
7574.205749776,0,1
7574.208163042,0,0
7575.215764254,0,1
7575.218177522,0,0
7576.225778820,0,1
7576.228191838,0,0
7577.235793292,0,1
7577.238206308,0,0
7578.245807808,0,1
7578.248221074,0,0
7579.255822280,0,1
7579.258235546,0,0
7580.265836804,0,1
7580.268249820,0,0
7581.275851334,0,1
7581.277120876,1,1
7581.279752966,0,1
7581.279788600,0,0
7582.285865630,0,1
7582.288278648,0,0
7583.295880134,0,1
7583.298293150,0,0
7584.305894576,0,1
7584.308307842,0,0
7585.315909064,0,1
7585.318322330,0,0
7586.325923612,0,1
7586.328336628,0,0
7587.335938082,0,1
7587.338351098,0,0
7588.345952586,0,1
7588.348365852,0,0
7589.355967082,0,1
7589.358380348,0,0
7590.365981606,0,1
7590.368394622,0,0
7591.375996062,0,1
7591.377265868,1,1
7591.379897666,0,1
7591.379933326,0,0
7592.386010816,0,1
7592.388423832,0,0
7593.396025302,0,1
7593.398438568,0,0
7594.406039782,0,1
7594.408453048,0,0
7595.416054314,0,1
7595.418467330,0,0
7596.426068764,0,1
7596.428481780,0,0
7597.436083250,0,1
7597.438496516,0,0
7598.446097742,0,1
7598.448511008,0,0
7599.456112318,0,1
7599.458525334,0,0
7600.466126750,0,1
7600.468539766,0,0
7601.476141262,0,1
7601.477410770,1,1
7601.480042870,0,1
7601.480078526,0,0
7602.486155634,0,1
7602.488568650,0,0
7603.496170090,0,1
7603.498583106,0,0
7604.506184568,0,1
7604.508597834,0,0
7605.516199032,0,1
7605.518612298,0,0
7606.526213622,0,1
7606.528626638,0,0
7607.536228042,0,1
7607.538641058,0,0
7608.546242518,0,1
7608.548655784,0,0
7609.556257032,0,1
7609.558670298,0,0
7610.566271562,0,1
7610.568684578,0,0
7611.576286050,0,1
7611.577555812,1,1
7611.580187148,0,1
7611.580223566,0,0
7612.586300688,0,1
7612.588713704,0,0
7613.596315164,0,1
7613.598728430,0,0
7614.606329600,0,1
7614.608742866,0,0
7615.616344164,0,1
7615.618757180,0,0
7616.626358628,0,1
7616.628771644,0,0
7617.636373106,0,1
7617.638786372,0,0
7618.646387596,0,1
7618.648800862,0,0
7619.656402160,0,1
7619.658815176,0,0
7620.666416612,0,1
7620.668829630,0,0
7621.676431080,0,1
7621.677700736,1,1
7621.680332200,0,1
7621.680368344,0,0
7622.686445716,0,1
7622.688858732,0,0
7623.696460216,0,1
7623.698873482,0,0
7624.706474648,0,1
7624.708887914,0,0
7625.716489198,0,1
7625.718902214,0,0
7626.726503708,0,1
7626.728916724,0,0
7627.736518160,0,1
7627.738931426,0,0
7628.746532660,0,1
7628.748945926,0,0
7629.756547180,0,1
7629.758960196,0,0
7630.766561706,0,1
7630.768974724,0,0
7631.776576130,0,1
7631.777845636,1,1
7631.780477456,0,1
7631.780513394,0,0
7632.786590528,0,1
7632.789003546,0,0
7633.796604990,0,1
7633.799018006,0,0
7634.806619474,0,1
7634.809032738,0,0
7635.816633940,0,1
7635.819047206,0,0
7636.826648530,0,1
7636.829061546,0,0
7637.836662992,0,1
7637.839076008,0,0
7638.846677448,0,1
7638.849090464,0,0
7639.856691944,0,1
7639.859105210,0,0
7640.866706428,0,1
7640.869119694,0,0
7641.876720974,0,1
7641.877990610,1,1
7641.880622730,0,1
7641.880658238,0,0
7642.886735412,0,1
7642.889148428,0,0
7643.896749894,0,1
7643.899162910,0,0
7644.906764384,0,1
7644.909177650,0,0
7645.916778922,0,1
7645.919191938,0,0
7646.926793396,0,1
7646.929206412,0,0
7647.936807886,0,1
7647.939220902,0,0
7648.946822376,0,1
7648.949235642,0,0
7649.956836840,0,1
7649.959250108,0,0
7650.966851422,0,1
7650.969264438,0,0
7651.976865840,0,1
7651.978135470,1,1
7651.980767142,0,1
7651.980803104,0,0
7652.986880366,0,1
7652.989293382,0,0
7653.996894856,0,1
7653.999307872,0,0
7655.006909282,0,1
7655.009322548,0,0
7656.016923824,0,1
7656.019337088,0,0
7657.026938356,0,1
7657.029351370,0,0
7658.036952840,0,1
7658.039365856,0,0
7659.046967280,0,1
7659.049380546,0,0
7660.056981748,0,1
7660.059395014,0,0
7661.066996336,0,1
7661.069409352,0,0
7662.077010804,0,1
7662.078280518,1,1
7662.080912088,0,1
7662.080948320,0,0
7663.087025412,0,1
7663.089438428,0,0
7664.097039848,0,1
7664.099453114,0,0
7665.107054384,0,1
7665.109467648,0,0
7666.117068902,0,1
7666.119481918,0,0
7667.127083384,0,1
7667.129496400,0,0
7668.137097824,0,1
7668.139511090,0,0
7669.147112374,0,1
7669.149525640,0,0
7670.157126856,0,1
7670.159539872,0,0
7671.167141294,0,1
7671.169554560,0,0
7672.177155824,0,1
7672.178425382,1,1
7672.181057080,0,1
7672.181093088,0,0
7673.187170310,0,1
7673.189583326,0,0
7674.197184800,0,1
7674.199597816,0,0
7675.207199284,0,1
7675.209612550,0,0
7676.217213742,0,1
7676.219627008,0,0
7677.227228294,0,1
7677.229641310,0,0
7678.237242752,0,1
7678.239655770,0,0
7679.247257222,0,1
7679.249670488,0,0
7680.257271716,0,1
7680.259684982,0,0
7681.267286240,0,1
7681.268555898,1,1
7681.271187800,0,1
7681.271223506,0,0
7682.277300888,0,1
7682.279713906,0,0
7683.287315326,0,1
7683.289728592,0,0
7684.297329792,0,1
7684.299743060,0,0
7685.307344374,0,1
7685.309757388,0,0
7686.317358800,0,1
7686.319771816,0,0
7687.327373266,0,1
7687.329786532,0,0
7688.337387850,0,1
7688.339800866,0,0
7689.347402308,0,1
7689.349815324,0,0
7690.357416808,0,1
7690.359830074,0,0
7691.367431300,0,1
7691.368700750,1,1
7691.371332364,0,1
7691.371368314,0,0
7692.377445628,0,1
7692.379858644,0,0
7693.387460074,0,1
7693.389873090,0,0
7694.397474552,0,1
7694.399887818,0,0
7695.407489064,0,1
7695.409902330,0,0
7696.417503616,0,1
7696.419916632,0,0
7697.427518086,0,1
7697.429931104,0,0
7698.437532580,0,1
7698.439945846,0,0
7699.447547028,0,1
7699.449960294,0,0
7700.457561590,0,1
7700.459974608,0,0
7701.467576068,0,1
7701.468845664,1,1
7701.471477176,0,1
7701.471513332,0,0
7702.477590512,0,1
7702.480003530,0,0
7703.487604966,0,1
7703.490017982,0,0
7704.497619520,0,1
7704.500032786,0,0
7705.507633996,0,1
7705.510047262,0,0
7706.517648500,0,1
7706.520061766,0,0
7707.527662950,0,1
7707.530076216,0,0
7708.537677484,0,1
7708.540090500,0,0
7709.547691956,0,1
7709.550104972,0,0
7710.557706398,0,1
7710.560119664,0,0
7711.567720924,0,1
7711.568990626,1,1
7711.571622678,0,1
7711.571658438,0,0
7712.577735510,0,1
7712.580148526,0,0
7713.587749972,0,1
7713.590163238,0,0
7714.597764442,0,1
7714.600177708,0,0
7715.607778996,0,1
7715.610192012,0,0
7716.617793498,0,1
7716.620206514,0,0
7717.627807962,0,1
7717.630221228,0,0
7718.637822452,0,1
7718.640235718,0,0
7719.647836990,0,1
7719.650250006,0,0
7720.657851482,0,1
7720.660264498,0,0
7721.667865904,0,1
7721.669135472,1,1
7721.671767208,0,1
7721.671803168,0,0
7722.677880424,0,1
7722.680293440,0,0
7723.687894924,0,1
7723.690307940,0,0
7724.697909396,0,1
7724.700322662,0,0
7725.707923912,0,1
7725.710336928,0,0
7726.717938408,0,1
7726.720351424,0,0
7727.727952900,0,1
7727.730365916,0,0
7728.737967338,0,1
7728.740380604,0,0
7729.747981886,0,1
7729.750394902,0,0
7730.757996352,0,1
7730.760409368,0,0
7731.768010806,0,1
7731.769280402,1,1
7731.771912406,0,1
7731.771948072,0,0
7732.778025318,0,1
7732.780438336,0,0
7733.788039796,0,1
7733.790452812,0,0
7734.798054250,0,1
7734.800467516,0,0
7735.808068818,0,1
7735.810481834,0,0
7736.818083254,0,1
7736.820496270,0,0
7737.828097766,0,1
7737.830510782,0,0
7738.838112188,0,1
7738.840525454,0,0
7739.848126802,0,1
7739.850539818,0,0
7740.858141258,0,1
7740.860554274,0,0
7741.868155752,0,1
7741.869425288,1,1
7741.872057296,0,1
7741.872093018,0,0
7742.878170050,0,1
7742.880583066,0,0
7743.888184556,0,1
7743.890597572,0,0
7744.898199058,0,1
7744.900612324,0,0
7745.908213544,0,1
7745.910626810,0,0
7746.918228022,0,1
7746.920641038,0,0
7747.928242530,0,1
7747.930655546,0,0
7748.938257020,0,1
7748.940670036,0,0
7749.948271500,0,1
7749.950684766,0,0
7750.958285952,0,1
7750.960699218,0,0
7751.968300428,0,1
7751.969570182,1,1
7751.972202016,0,1
7751.972237942,0,0
7752.978315018,0,1
7752.980728034,0,0
7753.988329524,0,1
7753.990742540,0,0
7754.998343980,0,1
7755.000757246,0,0
7756.008358460,0,1
7756.010771724,0,0
7757.018372990,0,1
7757.020786006,0,0
7758.028387448,0,1
7758.030800464,0,0
7759.038401982,0,1
7759.040814998,0,0
7760.048416420,0,1
7760.050829686,0,0
7761.058430958,0,1
7761.060844224,0,0
7762.068445434,0,1
7762.069715108,1,1
7762.072346640,0,1
7762.072382700,0,0
7763.078460018,0,1
7763.080873034,0,0
7764.088474506,0,1
7764.090887522,0,0
7765.098488972,0,1
7765.100902238,0,0
7766.108503448,0,1
7766.110916714,0,0
7767.118517980,0,1
7767.120930996,0,0
7768.128532524,0,1
7768.130945540,0,0
7769.138546962,0,1
7769.140959980,0,0
7770.148561424,0,1
7770.150974690,0,0
7771.158575894,0,1
7771.160989160,0,0
7772.168590454,0,1
7772.169860014,1,1
7772.172491436,0,1
7772.172527718,0,0
7773.178604914,0,1
7773.181017930,0,0
7774.188619418,0,1
7774.191032434,0,0
7775.198633878,0,1
7775.201046894,0,0
7776.208648354,0,1
7776.211061620,0,0
7777.218662834,0,1
7777.221076100,0,0
7778.228677384,0,1
7778.231090400,0,0
7779.238691872,0,1
7779.241104888,0,0
7780.248706352,0,1
7780.251119618,0,0
7781.258720836,0,1
7781.259990398,1,1
7781.262622098,0,1
7781.262658100,0,0
7782.268735322,0,1
7782.271148338,0,0
7783.278749760,0,1
7783.281162776,0,0
7784.288764256,0,1
7784.291177522,0,0
7785.298778758,0,1
7785.301192024,0,0
7786.308793214,0,1
7786.311206230,0,0
7787.318807694,0,1
7787.321220710,0,0
7788.328822194,0,1
7788.331235460,0,0
7789.338836680,0,1
7789.341249946,0,0
7790.348851240,0,1
7790.351264256,0,0
7791.358865690,0,1
7791.360135340,1,1
7791.362766962,0,1
7791.362802956,0,0
7792.368880146,0,1
7792.371293164,0,0
7793.378894594,0,1
7793.381307610,0,0
7794.388909092,0,1
7794.391322358,0,0
7795.398923552,0,1
7795.401336818,0,0
7796.408938134,0,1
7796.411351150,0,0
7797.418952622,0,1
7797.421365638,0,0
7798.428967088,0,1
7798.431380106,0,0
7799.438981548,0,1
7799.441394814,0,0
7800.448996032,0,1
7800.451409298,0,0
7801.459010570,0,1
7801.460280212,1,1
7801.462911728,0,1
7801.462947834,0,0
7802.469025048,0,1
7802.471438064,0,0
7803.479039494,0,1
7803.481452508,0,0
7804.489053976,0,1
7804.491467242,0,0
7805.499068496,0,1
7805.501481762,0,0
7806.509083024,0,1
7806.511496040,0,0
7807.519097456,0,1
7807.521510472,0,0
7808.529111960,0,1
7808.531524976,0,0
7809.539126410,0,1
7809.541539676,0,0
7810.549140884,0,1
7810.551554150,0,0
7811.559155436,0,1
7811.560425062,1,1
7811.563056728,0,1
7811.563092702,0,0
7812.569169924,0,1
7812.571582940,0,0
7813.579184388,0,1
7813.581597404,0,0
7814.589198878,0,1
7814.591612144,0,0
7815.599213322,0,1
7815.601626588,0,0
7816.609227878,0,1
7816.611640896,0,0
7817.619242370,0,1
7817.621655386,0,0
7818.629256816,0,1
7818.631669832,0,0
7819.639271314,0,1
7819.641684582,0,0
7820.649285816,0,1
7820.651699082,0,0
7821.659300306,0,1
7821.660569956,1,1
7821.663201942,0,1
7821.663237570,0,0
7822.669314822,0,1
7822.671727836,0,0
7823.679329256,0,1
7823.681742274,0,0
7824.689343724,0,1
7824.691756990,0,0
7825.699358194,0,1
7825.701771460,0,0
7826.709372730,0,1
7826.711785746,0,0
7827.719387208,0,1
7827.721800224,0,0
7828.729401698,0,1
7828.731814964,0,0
7829.739416148,0,1
7829.741829414,0,0
7830.749430730,0,1
7830.751843746,0,0
7831.759445208,0,1
7831.760714854,1,1
7831.763346394,0,1
7831.763382472,0,0
7832.769459674,0,1
7832.771872690,0,0
7833.779474088,0,1
7833.781887104,0,0
7834.789488614,0,1
7834.791901880,0,0
7835.799503032,0,1
7835.801916298,0,0
7836.809517652,0,1
7836.811930668,0,0
7837.819532130,0,1
7837.821945146,0,0
7838.829546542,0,1
7838.831959808,0,0
7839.839561032,0,1
7839.841974298,0,0
7840.849575574,0,1
7840.851988590,0,0
7841.859590064,0,1
7841.860859698,1,1
7841.863491332,0,1
7841.863527330,0,0
7842.869604498,0,1
7842.872017764,0,0
7843.879619010,0,1
7843.882032026,0,0
7844.889633470,0,1
7844.892046488,0,0
7845.899647988,0,1
7845.902061004,0,0
7846.909662464,0,1
7846.912075730,0,0
7847.919676892,0,1
7847.922090158,0,0
7848.929691452,0,1
7848.932104470,0,0
7849.939705966,0,1
7849.942118982,0,0
7850.949720408,0,1
7850.952133424,0,0
7851.959734876,0,1
7851.961004626,1,1
7851.963636390,0,1
7851.963672392,0,0
7852.969749474,0,1
7852.972162490,0,0
7853.979763954,0,1
7853.982176972,0,0
7854.989778398,0,1
7854.992191664,0,0
7855.999792924,0,1
7856.002206190,0,0
7857.009807414,0,1
7857.012220430,0,0
7858.019821890,0,1
7858.022234908,0,0
7859.029836354,0,1
7859.032249370,0,0
7860.039850862,0,1
7860.042264128,0,0
7861.049865340,0,1
7861.052278608,0,0
7862.059879816,0,1
7862.061149484,1,1
7862.063781674,0,1
7862.063817082,0,0
7863.069894468,0,1
7863.072307484,0,0
7864.079908900,0,1
7864.082321916,0,0
7865.089923386,0,1
7865.092336652,0,0
7866.099937966,0,1
7866.102350984,0,0
7867.109952442,0,1
7867.112365458,0,0
7868.119966944,0,1
7868.122379960,0,0
7869.129981418,0,1
7869.132394684,0,0
7870.139995874,0,1
7870.142409140,0,0
7871.150010390,0,1
7871.152423406,0,0
7872.160024840,0,1
7872.161294288,1,1
7872.163926230,0,1
7872.163961856,0,0
7873.170039168,0,1
7873.172452184,0,0
7874.180053686,0,1
7874.182466702,0,0
7875.190068110,0,1
7875.192481376,0,0
7876.200082608,0,1
7876.202495874,0,0
7877.210097150,0,1
7877.212510166,0,0
7878.220111624,0,1
7878.222524642,0,0
7879.230126102,0,1
7879.232539368,0,0
7880.240140548,0,1
7880.242553814,0,0
7881.250155026,0,1
7881.251424658,1,1
7881.254056500,0,1
7881.254092292,0,0
7882.260169536,0,1
7882.262582552,0,0
7883.270183972,0,1
7883.272596988,0,0
7884.280198476,0,1
7884.282611742,0,0
7885.290212932,0,1
7885.292626198,0,0
7886.300227480,0,1
7886.302640496,0,0
7887.310241944,0,1
7887.312654960,0,0
7888.320256440,0,1
7888.322669456,0,0
7889.330270900,0,1
7889.332684166,0,0
7890.340285392,0,1
7890.342698658,0,0
7891.350299870,0,1
7891.351569542,1,1
7891.354201320,0,1
7891.354237134,0,0
7892.360314502,0,1
7892.362727518,0,0
7893.370328998,0,1
7893.372742014,0,0
7894.380343472,0,1
7894.382756738,0,0
7895.390357914,0,1
7895.392771180,0,0
7896.400372436,0,1
7896.402785452,0,0
7897.410386948,0,1
7897.412799964,0,0
7898.420401420,0,1
7898.422814688,0,0
7899.430415868,0,1
7899.432829134,0,0
7900.440430418,0,1
7900.442843434,0,0
7901.450444920,0,1
7901.451714404,1,1
7901.454346090,0,1
7901.454381934,0,0
7902.460459238,0,1
7902.462872254,0,0
7903.470473722,0,1
7903.472886738,0,0
7904.480488172,0,1
7904.482901440,0,0
7905.490502668,0,1
7905.492915936,0,0
7906.500517196,0,1
7906.502930212,0,0
7907.510531698,0,1
7907.512944716,0,0
7908.520546096,0,1
7908.522959112,0,0
7909.530560600,0,1
7909.532973866,0,0
7910.540575084,0,1
7910.542988350,0,0
7911.550589548,0,1
7911.551859272,1,1
7911.554491092,0,1
7911.554526814,0,0
7912.560604136,0,1
7912.563017154,0,0
7913.570618660,0,1
7913.573031676,0,0
7914.580633104,0,1
7914.583046370,0,0
7915.590647586,0,1
7915.593060852,0,0
7916.600662114,0,1
7916.603075130,0,0
7917.610676596,0,1
7917.613089612,0,0
7918.620691070,0,1
7918.623104338,0,0
7919.630705536,0,1
7919.633118802,0,0
7920.640720070,0,1
7920.643133086,0,0
7921.650734510,0,1
7921.652004172,1,1
7921.654635668,0,1
7921.654671776,0,0
7922.660748978,0,1
7922.663161994,0,0
7923.670763476,0,1
7923.673176492,0,0
7924.680777912,0,1
7924.683191176,0,0
7925.690792458,0,1
7925.693205724,0,0
7926.700807024,0,1
7926.703220040,0,0
7927.710821432,0,1
7927.713234448,0,0
7928.720835950,0,1
7928.723249216,0,0
7929.730850354,0,1
7929.733263620,0,0
7930.740864920,0,1
7930.743277936,0,0
7931.750879424,0,1
7931.752148982,1,1
7931.754781204,0,1
7931.754816440,0,0
7932.760893886,0,1
7932.763306902,0,0
7933.770908294,0,1
7933.773321310,0,0
7934.780922774,0,1
7934.783336040,0,0
7935.790937286,0,1
7935.793350552,0,0
7936.800951792,0,1
7936.803364808,0,0
7937.810966290,0,1
7937.813379306,0,0
7938.820980760,0,1
7938.823393776,0,0
7939.830995192,0,1
7939.833408460,0,0
7940.841009700,0,1
7940.843422966,0,0
7941.851024212,0,1
7941.852293822,1,1
7941.854925478,0,1
7941.854961476,0,0
7942.861038696,0,1
7942.863451712,0,0
7943.871053174,0,1
7943.873466190,0,0
7944.881067638,0,1
7944.883480904,0,0
7945.891082104,0,1
7945.893495370,0,0
7946.901096594,0,1
7946.903509860,0,0
7947.911111076,0,1
7947.913524092,0,0
7948.921125560,0,1
7948.923538576,0,0
7949.931140046,0,1
7949.933553062,0,0
7950.941154462,0,1
7950.943567728,0,0
7951.951169008,0,1
7951.952438676,1,1
7951.955070172,0,1
7951.955106272,0,0
7952.961183552,0,1
7952.963596570,0,0
7953.971198102,0,1
7953.973611118,0,0
7954.981212536,0,1
7954.983625802,0,0
7955.991227024,0,1
7955.993640290,0,0
7957.001241544,0,1
7957.003654560,0,0
7958.011255998,0,1
7958.013669014,0,0
7959.021270464,0,1
7959.023683730,0,0
7960.031284964,0,1
7960.033698230,0,0
7961.041299496,0,1
7961.043712512,0,0
7962.051313986,0,1
7962.052583506,1,1
7962.055215282,0,1
7962.055251250,0,0
7963.061328308,0,1
7963.063741324,0,0
7964.071342792,0,1
7964.073755808,0,0
7965.081357200,0,1
7965.083770466,0,0
7966.091371732,0,1
7966.093785000,0,0
7967.101386256,0,1
7967.103799272,0,0
7968.111400698,0,1
7968.113813712,0,0
7969.121415212,0,1
7969.123828228,0,0
7970.131429666,0,1
7970.133842932,0,0
7971.141444136,0,1
7971.143857402,0,0
7972.151458660,0,1
7972.152728346,1,1
7972.155360128,0,1
7972.155395924,0,0
7973.161473238,0,1
7973.163886254,0,0
7974.171487706,0,1
7974.173900722,0,0
7975.181502144,0,1
7975.183915410,0,0
7976.191516678,0,1
7976.193929944,0,0
7977.201531192,0,1
7977.203944208,0,0
7978.211545696,0,1
7978.213958712,0,0
7979.221560120,0,1
7979.223973136,0,0
7980.231574670,0,1
7980.233987686,0,0
7981.241589080,0,1
7981.242858696,1,1
7981.245490122,0,1
7981.245526346,0,0
7982.251603518,0,1
7982.254016534,0,0
7983.261618064,0,1
7983.264031082,0,0
7984.271632530,0,1
7984.274045796,0,0
7985.281646980,0,1
7985.284060246,0,0
7986.291661478,0,1
7986.294074494,0,0
7987.301675996,0,1
7987.304089012,0,0
7988.311690476,0,1
7988.314103742,0,0
7989.321704966,0,1
7989.324118234,0,0
7990.331719434,0,1
7990.334132450,0,0
7991.341733948,0,1
7991.343003614,1,1
7991.345635330,0,1
7991.345671214,0,0
7992.351748532,0,1
7992.354161548,0,0
7993.361762994,0,1
7993.364176010,0,0
7994.371777494,0,1
7994.374190760,0,0
7995.381791976,0,1
7995.384205242,0,0
7996.391806446,0,1
7996.394219462,0,0
7997.401820898,0,1
7997.404233914,0,0
7998.411835422,0,1
7998.414248688,0,0
7999.421849866,0,1
7999.424263132,0,0
8000.431864402,0,1
8000.434277418,0,0
8001.441878848,0,1
8001.443148392,1,1
8001.445780330,0,1
8001.445815862,0,0
8002.451893300,0,1
8002.454306316,0,0
8003.461907830,0,1
8003.464320846,0,0
8004.471922270,0,1
8004.474335536,0,0
8005.481936732,0,1
8005.484349998,0,0
8006.491951276,0,1
8006.494364292,0,0
8007.501965776,0,1
8007.504378792,0,0
8008.511980198,0,1
8008.514393464,0,0
8009.521994718,0,1
8009.524407984,0,0
8010.532009214,0,1
8010.534422230,0,0
8011.542023710,0,1
8011.543293182,1,1
8011.545924952,0,1
8011.545960974,0,0
8012.552038070,0,1
8012.554451086,0,0
8013.562052510,0,1
8013.564465526,0,0
8014.572067002,0,1
8014.574480268,0,0
8015.582081456,0,1
8015.584494722,0,0
8016.592095968,0,1
8016.594508984,0,0
8017.602110446,0,1
8017.604523462,0,0
8018.612124900,0,1
8018.614537916,0,0
8019.622139358,0,1
8019.624552626,0,0
8020.632153842,0,1
8020.634567108,0,0
8021.642168422,0,1
8021.643438010,1,1
8021.646069722,0,1
8021.646105686,0,0
8022.652182838,0,1
8022.654595854,0,0
8023.662197344,0,1
8023.664610360,0,0
8024.672211786,0,1
8024.674625052,0,0
8025.682226210,0,1
8025.684639476,0,0
8026.692240774,0,1
8026.694653790,0,0
8027.702255250,0,1
8027.704668268,0,0
8028.712269714,0,1
8028.714682730,0,0
8029.722284230,0,1
8029.724697496,0,0
8030.732298648,0,1
8030.734711912,0,0
8031.742313188,0,1
8031.743582844,1,1
8031.746214862,0,1
8031.746250454,0,0
8032.752327680,0,1
8032.754740696,0,0
8033.762342094,0,1
8033.764755110,0,0
8034.772356614,0,1
8034.774769880,0,0
8035.782371020,0,1
8035.784784286,0,0
8036.792385568,0,1
8036.794798584,0,0
8037.802400118,0,1
8037.804813134,0,0
8038.812414522,0,1
8038.814827538,0,0
8039.822428992,0,1
8039.824842258,0,0
8040.832443462,0,1
8040.834856728,0,0
8041.842457900,0,1
8041.843727672,1,1
8041.846359210,0,1
8041.846395166,0,0
8042.852472488,0,1
8042.854885504,0,0
8043.862486944,0,1
8043.864899960,0,0
8044.872501470,0,1
8044.874914736,0,0
8045.882515946,0,1
8045.884929210,0,0
8046.892530458,0,1
8046.894943474,0,0
8047.902544940,0,1
8047.904957956,0,0
8048.912559390,0,1
8048.914972406,0,0
8049.922573866,0,1
8049.924987134,0,0
8050.932588304,0,1
8050.935001570,0,0
8051.942602868,0,1
8051.943872506,1,1
8051.946504226,0,1
8051.946540132,0,0
8052.952617316,0,1
8052.955030332,0,0
8053.962631778,0,1
8053.965044794,0,0
8054.972646266,0,1
8054.975059534,0,0
8055.982660734,0,1
8055.985074000,0,0
8056.992675276,0,1
8056.995088292,0,0
8058.002689758,0,1
8058.005102774,0,0
8059.012704184,0,1
8059.015117200,0,0
8060.022718698,0,1
8060.025131964,0,0
8061.032733118,0,1
8061.035146384,0,0
8062.042747648,0,1
8062.044017280,1,1
8062.046648868,0,1
8062.046684914,0,0
8063.052762084,0,1
8063.055175100,0,0
8064.062776582,0,1
8064.065189598,0,0
8065.072791052,0,1
8065.075204318,0,0
8066.082805510,0,1
8066.085218776,0,0
8067.092820056,0,1
8067.095233072,0,0
8068.102834496,0,1
8068.105247512,0,0
8069.112848986,0,1
8069.115262252,0,0
8070.122863444,0,1
8070.125276710,0,0
8071.132877918,0,1
8071.135291184,0,0
8072.142892478,0,1
8072.144162128,1,1
8072.146793696,0,1
8072.146829742,0,0
8073.152906950,0,1
8073.155319966,0,0
8074.162921392,0,1
8074.165334408,0,0
8075.172935878,0,1
8075.175349144,0,0
8076.182950308,0,1
8076.185363574,0,0
8077.192964858,0,1
8077.195377872,0,0
8078.202979330,0,1
8078.205392346,0,0
8079.212993796,0,1
8079.215406812,0,0
8080.223008266,0,1
8080.225421532,0,0
8081.233022750,0,1
8081.234292418,1,1
8081.236924524,0,1
8081.236960016,0,0
8082.243037322,0,1
8082.245450338,0,0
8083.253051808,0,1
8083.255464824,0,0
8084.263066202,0,1
8084.265479468,0,0
8085.273080682,0,1
8085.275493948,0,0
8086.283095264,0,1
8086.285508280,0,0
8087.293109722,0,1
8087.295522740,0,0
8088.303124198,0,1
8088.305537214,0,0
8089.313138658,0,1
8089.315551924,0,0
8090.323153094,0,1
8090.325566360,0,0
8091.333167610,0,1
8091.334437242,1,1
8091.337069402,0,1
8091.337104874,0,0
8092.343182120,0,1
8092.345595136,0,0
8093.353196574,0,1
8093.355609590,0,0
8094.363211072,0,1
8094.365624338,0,0
8095.373225506,0,1
8095.375638774,0,0
8096.383240014,0,1
8096.385653030,0,0
8097.393254536,0,1
8097.395667552,0,0
8098.403269002,0,1
8098.405682268,0,0
8099.413283418,0,1
8099.415696684,0,0
8100.423297962,0,1
8100.425710980,0,0
8101.433312402,0,1
8101.434582030,1,1
8101.437213654,0,1
8101.437249668,0,0
8102.443326910,0,1
8102.445739926,0,0
8103.453341350,0,1
8103.455754366,0,0
8104.463355844,0,1
8104.465769110,0,0
8105.473370272,0,1
8105.475783538,0,0
8106.483384832,0,1
8106.485797848,0,0
8107.493399280,0,1
8107.495812296,0,0
8108.503413778,0,1
8108.505827044,0,0
8109.513428214,0,1
8109.515841480,0,0
8110.523442780,0,1
8110.525855796,0,0
8111.533457226,0,1
8111.534726776,1,1
8111.537358694,0,1
8111.537394240,0,0
8112.543471712,0,1
8112.545884728,0,0
8113.553486134,0,1
8113.555899150,0,0
8114.563500624,0,1
8114.565913890,0,0
8115.573515114,0,1
8115.575928380,0,0
8116.583529598,0,1
8116.585942864,0,0
8117.593544142,0,1
8117.595957158,0,0
8118.603558564,0,1
8118.605971580,0,0
8119.613573050,0,1
8119.615986318,0,0
8120.623587518,0,1
8120.626000784,0,0
8121.633602014,0,1
8121.634871668,1,1
8121.637503370,0,1
8121.637539278,0,0
8122.643616484,0,1
8122.646029500,0,0
8123.653630978,0,1
8123.656043994,0,0
8124.663645416,0,1
8124.666058682,0,0
8125.673659874,0,1
8125.676073140,0,0
8126.683674426,0,1
8126.686087442,0,0
8127.693688864,0,1
8127.696101882,0,0
8128.703703374,0,1
8128.706116642,0,0
8129.713717796,0,1
8129.716131062,0,0
8130.723732364,0,1
8130.726145382,0,0
8131.733746832,0,1
8131.735016406,1,1
8131.737648030,0,1
8131.737684096,0,0
8132.743761312,0,1
8132.746174328,0,0
8133.753775754,0,1
8133.756188770,0,0
8134.763790162,0,1
8134.766203428,0,0
8135.773804644,0,1
8135.776217910,0,0
8136.783819180,0,1
8136.786232196,0,0
8137.793833702,0,1
8137.796246718,0,0
8138.803848114,0,1
8138.806261380,0,0
8139.813862582,0,1
8139.816275848,0,0
8140.823877138,0,1
8140.826290154,0,0
8141.833891614,0,1
8141.835161286,1,1
8141.837793124,0,1
8141.837828878,0,0
8142.843906196,0,1
8142.846319212,0,0
8143.853920632,0,1
8143.856333648,0,0
8144.863935122,0,1
8144.866348388,0,0
8145.873949660,0,1
8145.876362676,0,0
8146.883964076,0,1
8146.886377094,0,0
8147.893978588,0,1
8147.896391604,0,0
8148.903993042,0,1
8148.906406308,0,0
8149.914007570,0,1
8149.916420588,0,0
8150.924022056,0,1
8150.926435072,0,0
8151.934036474,0,1
8151.935306042,1,1
8151.937937478,0,1
8151.937973740,0,0
8152.944050934,0,1
8152.946463952,0,0
8153.954065454,0,1
8153.956478470,0,0
8154.964079906,0,1
8154.966493172,0,0
8155.974094426,0,1
8155.976507442,0,0
8156.984108894,0,1
8156.986521910,0,0
8157.994123380,0,1
8157.996536396,0,0
8159.004137852,0,1
8159.006551118,0,0
8160.014152366,0,1
8160.016565382,0,0
8161.024166800,0,1
8161.026579816,0,0
8162.034181264,0,1
8162.035450810,1,1
8162.038082902,0,1
8162.038118528,0,0
8163.044195772,0,1
8163.046608788,0,0
8164.054210252,0,1
8164.056623268,0,0
8165.064224694,0,1
8165.066637960,0,0
8166.074239142,0,1
8166.076652408,0,0
8167.084253726,0,1
8167.086666742,0,0
8168.094268172,0,1
8168.096681188,0,0
8169.104282594,0,1
8169.106695860,0,0
8170.114297116,0,1
8170.116710382,0,0
8171.124311626,0,1
8171.126724642,0,0
8172.134326102,0,1
8172.135595620,1,1
8172.138227468,0,1
8172.138263116,0,0
8173.144340368,0,1
8173.146753384,0,0
8174.154354852,0,1
8174.156767868,0,0
8175.164369338,0,1
8175.166782604,0,0
8176.174383792,0,1
8176.176797058,0,0
8177.184398324,0,1
8177.186811340,0,0
8178.194412820,0,1
8178.196825836,0,0
8179.204427278,0,1
8179.206840294,0,0
8180.214441770,0,1
8180.216855036,0,0
8181.224456196,0,1
8181.226869460,0,0
8182.234470714,0,1
8182.235740336,1,1
8182.238372002,0,1
8182.238407980,0,0
8183.244485212,0,1
8183.246898228,0,0
8184.254499624,0,1
8184.256912640,0,0
8185.264514092,0,1
8185.266927108,0,0
8186.274528620,0,1
8186.276941888,0,0
8187.284543062,0,1
8187.286956328,0,0
8188.294557538,0,1
8188.296970804,0,0
8189.304572096,0,1
8189.306985112,0,0
8190.314586488,0,1
8190.316999504,0,0
8191.324600950,0,1
8191.325870690,1,1
8191.328502508,0,1
8191.328538466,0,0
8192.334615552,0,1
8192.337028568,0,0
8193.344630052,0,1
8193.347043068,0,0
8194.354644478,0,1
8194.357057744,0,0
8195.364658944,0,1
8195.367072212,0,0
8196.374673500,0,1
8196.377086516,0,0
8197.384687962,0,1
8197.387100976,0,0
8198.394702444,0,1
8198.397115710,0,0
8199.404716864,0,1
8199.407130130,0,0
8200.414731384,0,1
8200.417144400,0,0
8201.424745836,0,1
8201.426015380,1,1
8201.428647170,0,1
8201.428683102,0,0
8202.434760354,0,1
8202.437173370,0,0
8203.444774774,0,1
8203.447187790,0,0
8204.454789260,0,1
8204.457202526,0,0
8205.464803744,0,1
8205.467217010,0,0
8206.474818274,0,1
8206.477231290,0,0
8207.484832722,0,1
8207.487245738,0,0
8208.494847198,0,1
8208.497260464,0,0
8209.504861662,0,1
8209.507274928,0,0
8210.514876178,0,1
8210.517289194,0,0
8211.524890650,0,1
8211.526160248,1,1
8211.528792024,0,1
8211.528827916,0,0
8212.534905130,0,1
8212.537318146,0,0
8213.544919578,0,1
8213.547332594,0,0
8214.554934020,0,1
8214.557347286,0,0
8215.564948484,0,1
8215.567361750,0,0
8216.574963036,0,1
8216.577376052,0,0
8217.584977502,0,1
8217.587390518,0,0
8218.594991932,0,1
8218.597405198,0,0
8219.605006400,0,1
8219.607419666,0,0
8220.615020918,0,1
8220.617433934,0,0
8221.625035418,0,1
8221.626304976,1,1
8221.628936500,0,1
8221.628972432,0,0
8222.635049894,0,1
8222.637462910,0,0
8223.645064336,0,1
8223.647477352,0,0
8224.655078776,0,1
8224.657492042,0,0
8225.665093268,0,1
8225.667506534,0,0
8226.675107806,0,1
8226.677520822,0,0
8227.685122250,0,1
8227.687535266,0,0
8228.695136708,0,1
8228.697549724,0,0
8229.705151174,0,1
8229.707564440,0,0
8230.715165646,0,1
8230.717578912,0,0
8231.725180122,0,1
8231.726449752,1,1
8231.729081886,0,1
8231.729117388,0,0
8232.735194552,0,1
8232.737607568,0,0
8233.745209026,0,1
8233.747622042,0,0
8234.755223480,0,1
8234.757636748,0,0
8235.765237968,0,1
8235.767651234,0,0
8236.775252448,0,1
8236.777665714,0,0
8237.785266970,0,1
8237.787679986,0,0
8238.795281382,0,1
8238.797694398,0,0
8239.805295870,0,1
8239.807708888,0,0
8240.815310330,0,1
8240.817723596,0,0
8241.825324788,0,1
8241.826594546,1,1
8241.829225814,0,1
8241.829262302,0,0
8242.835339380,0,1
8242.837752396,0,0
8243.845353880,0,1
8243.847766896,0,0
8244.855368270,0,1
8244.857781536,0,0
8245.865382778,0,1
8245.867796044,0,0
8246.875397322,0,1
8246.877810338,0,0
8247.885411750,0,1
8247.887824766,0,0
8248.895426226,0,1
8248.897839242,0,0
8249.905440710,0,1
8249.907853978,0,0
8250.915455184,0,1
8250.917868450,0,0
8251.925469612,0,1
8251.926739316,1,1
8251.929371012,0,1
8251.929407128,0,0
8252.935484260,0,1
8252.937897276,0,0
8253.945498690,0,1
8253.947911706,0,0
8254.955513162,0,1
8254.957926178,0,0
8255.965527662,0,1
8255.967940928,0,0
8256.975542074,0,1
8256.977955340,0,0
8257.985556640,0,1
8257.987969656,0,0
8258.995571066,0,1
8258.997984082,0,0
8260.005585542,0,1
8260.007998808,0,0
8261.015599990,0,1
8261.018013256,0,0
8262.025614526,0,1
8262.026884042,1,1
8262.029515706,0,1
8262.029551792,0,0
8263.035628862,0,1
8263.038041878,0,0
8264.045643330,0,1
8264.048056346,0,0
8265.055657828,0,1
8265.058071094,0,0
8266.065672266,0,1
8266.068085532,0,0
8267.075686824,0,1
8267.078099840,0,0
8268.085701240,0,1
8268.088114256,0,0
8269.095715718,0,1
8269.098128734,0,0
8270.105730222,0,1
8270.108143488,0,0
8271.115744634,0,1
8271.118157900,0,0
8272.125759166,0,1
8272.127028840,1,1
8272.129660642,0,1
8272.129696432,0,0
8273.135773764,0,1
8273.138186780,0,0
8274.145788220,0,1
8274.148201236,0,0
8275.155802716,0,1
8275.158215982,0,0
8276.165817208,0,1
8276.168230474,0,0
8277.175831670,0,1
8277.178244686,0,0
8278.185846134,0,1
8278.188259150,0,0
8279.195860622,0,1
8279.198273890,0,0
8280.205875060,0,1
8280.208288326,0,0
8281.215889532,0,1
8281.218302798,0,0
8282.225904072,0,1
8282.227173506,1,1
8282.229805760,0,1
8282.229841086,0,0
8283.235918436,0,1
8283.238331452,0,0
8284.245932850,0,1
8284.248345866,0,0
8285.255947344,0,1
8285.258360610,0,0
8286.265961758,0,1
8286.268375024,0,0
8287.275976246,0,1
8287.278389512,0,0
8288.285990830,0,1
8288.288403846,0,0
8289.296005240,0,1
8289.298418256,0,0
8290.306019726,0,1
8290.308432994,0,0
8291.316034158,0,1
8291.317303850,1,1
8291.319935320,0,1
8291.319971422,0,0
8292.326048738,0,1
8292.328461754,0,0
8293.336063192,0,1
8293.338476208,0,0
8294.346077718,0,1
8294.348490984,0,0
8295.356092150,0,1
8295.358505418,0,0
8296.366106670,0,1
8296.368519686,0,0
8297.376121152,0,1
8297.378534170,0,0
8298.386135622,0,1
8298.388548640,0,0
8299.396150072,0,1
8299.398563338,0,0
8300.406164560,0,1
8300.408577826,0,0
8301.416179080,0,1
8301.417448550,1,1
8301.420080278,0,1
8301.420116094,0,0
8302.426193394,0,1
8302.428606410,0,0
8303.436207856,0,1
8303.438620870,0,0
8304.446222318,0,1
8304.448635584,0,0
8305.456236806,0,1
8305.458650072,0,0
8306.466251284,0,1
8306.468664550,0,0
8307.476265756,0,1
8307.478678772,0,0
8308.486280214,0,1
8308.488693230,0,0
8309.496294706,0,1
8309.498707722,0,0
8310.506309178,0,1
8310.508722444,0,0
8311.516323622,0,1
8311.517593396,1,1
8311.520224896,0,1
8311.520261136,0,0
8312.526338210,0,1
8312.528751226,0,0
8313.536352670,0,1
8313.538765686,0,0
8314.546367104,0,1
8314.548780370,0,0
8315.556381588,0,1
8315.558794854,0,0
8316.566396096,0,1
8316.568809112,0,0
8317.576410574,0,1
8317.578823590,0,0
8318.586425040,0,1
8318.588838056,0,0
8319.596439474,0,1
8319.598852740,0,0
8320.606453986,0,1
8320.608867254,0,0
8321.616468392,0,1
8321.617738050,1,1
8321.620369872,0,1
8321.620405658,0,0
8322.626482884,0,1
8322.628895900,0,0
8323.636497368,0,1
8323.638910384,0,0
8324.646511808,0,1
8324.648925074,0,0
8325.656526270,0,1
8325.658939536,0,0
8326.666540738,0,1
8326.668954004,0,0
8327.676555284,0,1
8327.678968300,0,0
8328.686569754,0,1
8328.688982770,0,0
8329.696584172,0,1
8329.698997188,0,0
8330.706598636,0,1
8330.709011902,0,0
8331.716613146,0,1
8331.717882864,1,1
8331.720514562,0,1
8331.720550410,0,0
8332.726627728,0,1
8332.729040744,0,0
8333.736642166,0,1
8333.739055182,0,0
8334.746656628,0,1
8334.749069892,0,0
8335.756671078,0,1
8335.759084344,0,0
8336.766685576,0,1
8336.769098842,0,0
8337.776700080,0,1
8337.779113096,0,0
8338.786714572,0,1
8338.789127588,0,0
8339.796729044,0,1
8339.799142060,0,0
8340.806743492,0,1
8340.809156758,0,0
8341.816757920,0,1
8341.818027604,1,1
8341.820659050,0,1
8341.820695186,0,0
8342.826772522,0,1
8342.829185538,0,0
8343.836786966,0,1
8343.839199982,0,0
8344.846801470,0,1
8344.849214736,0,0
8345.856815884,0,1
8345.859229150,0,0
8346.866830436,0,1
8346.869243450,0,0
8347.876844902,0,1
8347.879257918,0,0
8348.886859362,0,1
8348.889272628,0,0
8349.896873770,0,1
8349.899287036,0,0
8350.906888358,0,1
8350.909301374,0,0
8351.916902810,0,1
8351.918172298,1,1
8351.920804004,0,1
8351.920840074,0,0
8352.926917128,0,1
8352.929330144,0,0
8353.936931614,0,1
8353.939344630,0,0
8354.946946046,0,1
8354.949359312,0,0
8355.956960530,0,1
8355.959373796,0,0
8356.966974966,0,1
8356.969388232,0,0
8357.976989514,0,1
8357.979402530,0,0
8358.987003972,0,1
8358.989416988,0,0
8359.997018432,0,1
8359.999431448,0,0
8361.007032884,0,1
8361.009446150,0,0
8362.017047328,0,1
8362.018317020,1,1
8362.020948884,0,1
8362.020984594,0,0
8363.027061930,0,1
8363.029474944,0,0
8364.037076404,0,1
8364.039489420,0,0
8365.047090884,0,1
8365.049504150,0,0
8366.057105330,0,1
8366.059518596,0,0
8367.067119788,0,1
8367.069532804,0,0
8368.077134306,0,1
8368.079547322,0,0
8369.087148754,0,1
8369.089561770,0,0
8370.097163214,0,1
8370.099576480,0,0
8371.107177690,0,1
8371.109590956,0,0
8372.117192250,0,1
8372.118461760,1,1
8372.121094090,0,1
8372.121129516,0,0
8373.127206586,0,1
8373.129619602,0,0
8374.137220962,0,1
8374.139633978,0,0
8375.147235454,0,1
8375.149648720,0,0
8376.157249920,0,1
8376.159663186,0,0
8377.167264432,0,1
8377.169677698,0,0
8378.177278910,0,1
8378.179691926,0,0
8379.187293336,0,1
8379.189706352,0,0
8380.197307820,0,1
8380.199720836,0,0
8381.207322300,0,1
8381.209735566,0,0
8382.217336710,0,1
8382.218606512,1,1
8382.221238688,0,1
8382.221274226,0,0
8383.227351414,0,1
8383.229764430,0,0
8384.237365962,0,1
8384.239778978,0,0
8385.247380378,0,1
8385.249793644,0,0
8386.257394884,0,1
8386.259808150,0,0
8387.267409334,0,1
8387.269822350,0,0
8388.277423860,0,1
8388.279836876,0,0
8389.287438306,0,1
8389.289851322,0,0
8390.297452790,0,1
8390.299866056,0,0
8391.307467244,0,1
8391.308736760,1,1
8391.311369004,0,1
8391.311404508,0,0
8392.317481532,0,1
8392.319894548,0,0
8393.327496040,0,1
8393.329909056,0,0
8394.337510462,0,1
8394.339923728,0,0
8395.347524966,0,1
8395.349938232,0,0
8396.357539428,0,1
8396.359952694,0,0
8397.367553916,0,1
8397.369966932,0,0
8398.377568402,0,1
8398.379981416,0,0
8399.387582852,0,1
8399.389995868,0,0
8400.397597294,0,1
8400.400010560,0,0
8401.407611770,0,1
8401.408881516,1,1
8401.411513238,0,1
8401.411549034,0,0
8402.417626350,0,1
8402.420039366,0,0
8403.427640832,0,1
8403.430053848,0,0
8404.437655280,0,1
8404.440068546,0,0
8405.447669704,0,1
8405.450082970,0,0
8406.457684238,0,1
8406.460097252,0,0
8407.467698696,0,1
8407.470111712,0,0
8408.477713182,0,1
8408.480126198,0,0
8409.487727620,0,1
8409.490140886,0,0
8410.497742088,0,1
8410.500155354,0,0
8411.507756626,0,1
8411.509026210,1,1
8411.511657876,0,1
8411.511693892,0,0
8412.517771096,0,1
8412.520184112,0,0
8413.527785540,0,1
8413.530198556,0,0
8414.537799980,0,1
8414.540213246,0,0
8415.547814464,0,1
8415.550227730,0,0
8416.557828996,0,1
8416.560242012,0,0
8417.567843398,0,1
8417.570256414,0,0
8418.577857880,0,1
8418.580270896,0,0
8419.587872372,0,1
8419.590285638,0,0
8420.597886792,0,1
8420.600300058,0,0
8421.607901308,0,1
8421.609170958,1,1
8421.611802512,0,1
8421.611838572,0,0
8422.617915728,0,1
8422.620328744,0,0
8423.627930194,0,1
8423.630343210,0,0
8424.637944640,0,1
8424.640357908,0,0
8425.647959074,0,1
8425.650372340,0,0
8426.657973572,0,1
8426.660386838,0,0
8427.667988112,0,1
8427.670401128,0,0
8428.678002534,0,1
8428.680415550,0,0
8429.688017000,0,1
8429.690430016,0,0
8430.698031456,0,1
8430.700444722,0,0
8431.708045954,0,1
8431.709315784,1,1
8431.711947570,0,1
8431.711983468,0,0
8432.718060616,0,1
8432.720473632,0,0
8433.728075096,0,1
8433.730488112,0,0
8434.738089582,0,1
8434.740502848,0,0
8435.748104022,0,1
8435.750517290,0,0
8436.758118536,0,1
8436.760531552,0,0
8437.768132962,0,1
8437.770545978,0,0
8438.778147430,0,1
8438.780560696,0,0
8439.788161914,0,1
8439.790575182,0,0
8440.798176480,0,1
8440.800589496,0,0
8441.808190876,0,1
8441.809460536,1,1
8441.812092234,0,1
8441.812128140,0,0
8442.818205428,0,1
8442.820618444,0,0
8443.828219954,0,1
8443.830632970,0,0
8444.838234356,0,1
8444.840647622,0,0
8445.848248910,0,1
8445.850661926,0,0
8446.858263358,0,1
8446.860676376,0,0
8447.868277830,0,1
8447.870690846,0,0
8448.878292282,0,1
8448.880705548,0,0
8449.888306832,0,1
8449.890719848,0,0
8450.898321256,0,1
8450.900734274,0,0
8451.908335706,0,1
8451.909605362,1,1
8451.912236990,0,1
8451.912272970,0,0
8452.918350176,0,1
8452.920763192,0,0
8453.928364608,0,1
8453.930777874,0,0
8454.938379138,0,1
8454.940792404,0,0
8455.948393604,0,1
8455.950806622,0,0
8456.958408044,0,1
8456.960821060,0,0
8457.968422534,0,1
8457.970835548,0,0
8458.978437014,0,1
8458.980850278,0,0
8459.988451456,0,1
8459.990864722,0,0
8460.998466006,0,1
8461.000879022,0,0
8462.008480464,0,1
8462.009750158,1,1
8462.012382052,0,1
8462.012417730,0,0
8463.018495022,0,1
8463.020908038,0,0
8464.028509462,0,1
8464.030922728,0,0
8465.038523952,0,1
8465.040937218,0,0
8466.048538458,0,1
8466.050951476,0,0
8467.058552876,0,1
8467.060965892,0,0
8468.068567400,0,1
8468.070980666,0,0
8469.078581838,0,1
8469.080995104,0,0
8470.088596372,0,1
8470.091009388,0,0
8471.098610824,0,1
8471.101023840,0,0
8472.108625258,0,1
8472.109894924,1,1
8472.112526532,0,1
8472.112562522,0,0
8473.118639850,0,1
8473.121052866,0,0
8474.128654296,0,1
8474.131067562,0,0
8475.138668808,0,1
8475.141082074,0,0
8476.148683332,0,1
8476.151096348,0,0
8477.158697772,0,1
8477.161111038,0,0
8478.168712194,0,1
8478.171125460,0,0
8479.178726752,0,1
8479.181139768,0,0
8480.188741222,0,1
8480.191154488,0,0
8481.198755654,0,1
8481.201168920,0,0
8482.208770152,0,1
8482.210039734,1,1
8482.212671116,0,1
8482.212707416,0,0
8483.218784600,0,1
8483.221197616,0,0
8484.228799074,0,1
8484.231212340,0,0
8485.238813558,0,1
8485.241226824,0,0
8486.248828020,0,1
8486.251241036,0,0
8487.258842524,0,1
8487.261255792,0,0
8488.268857000,0,1
8488.271270266,0,0
8489.278871508,0,1
8489.281284524,0,0
8490.288885942,0,1
8490.291299208,0,0
8491.298900396,0,1
8491.300169976,1,1
8491.302801854,0,1
8491.302837660,0,0
8492.308914866,0,1
8492.311327880,0,0
8493.318929370,0,1
8493.321342636,0,0
8494.328943868,0,1
8494.331356884,0,0
8495.338958314,0,1
8495.341371330,0,0
8496.348972752,0,1
8496.351386018,0,0
8497.358987264,0,1
8497.361400530,0,0
8498.369001722,0,1
8498.371414738,0,0
8499.379016222,0,1
8499.381429488,0,0
8500.389030674,0,1
8500.391443940,0,0
8501.399045194,0,1
8501.400314790,1,1
8501.402946402,0,1
8501.402982460,0,0
8502.409059628,0,1
8502.411472644,0,0
8503.419074118,0,1
8503.421487384,0,0
8504.429088602,0,1
8504.431501618,0,0
8505.439103054,0,1
8505.441516070,0,0
8506.449117532,0,1
8506.451530798,0,0
8507.459132062,0,1
8507.461545078,0,0
8508.469146518,0,1
8508.471559534,0,0
8509.479160922,0,1
8509.481574190,0,0
8510.489175484,0,1
8510.491588502,0,0
8511.499189980,0,1
8511.500459514,1,1
8511.503091230,0,1
8511.503127246,0,0
8512.509204296,0,1
8512.511617312,0,0
8513.519218706,0,1
8513.521631972,0,0
8514.529233212,0,1
8514.531646478,0,0
8515.539247736,0,1
8515.541660752,0,0
8516.549262188,0,1
8516.551675204,0,0
8517.559276632,0,1
8517.561689898,0,0
8518.569291108,0,1
8518.571704124,0,0
8519.579305614,0,1
8519.581718630,0,0
8520.589320080,0,1
8520.591733344,0,0
8521.599334484,0,1
8521.600604276,1,1
8521.603236140,0,1
8521.603271998,0,0
8522.609349216,0,1
8522.611762232,0,0
8523.619363682,0,1
8523.621776948,0,0
8524.629378156,0,1
8524.631791422,0,0
8525.639392652,0,1
8525.641805668,0,0
8526.649407120,0,1
8526.651820136,0,0
8527.659421584,0,1
8527.661834850,0,0
8528.669436030,0,1
8528.671849296,0,0
8529.679450508,0,1
8529.681863526,0,0
8530.689465014,0,1
8530.691878280,0,0
8531.699479464,0,1
8531.700749078,1,1
8531.703380890,0,1
8531.703416728,0,0
8532.709493930,0,1
8532.711906946,0,0
8533.719508378,0,1
8533.721921644,0,0
8534.729522872,0,1
8534.731935888,0,0
8535.739537350,0,1
8535.741950366,0,0
8536.749551782,0,1
8536.751965048,0,0
8537.759566242,0,1
8537.761979508,0,0
8538.769580786,0,1
8538.771993802,0,0
8539.779595222,0,1
8539.782008488,0,0
8540.789609670,0,1
8540.792022936,0,0
8541.799624218,0,1
8541.800893748,1,1
8541.803525430,0,1
8541.803561482,0,0
8542.809638532,0,1
8542.812051548,0,0
8543.819652998,0,1
8543.822066264,0,0
8544.829667448,0,1
8544.832080714,0,0
8545.839681990,0,1
8545.842095006,0,0
8546.849696424,0,1
8546.852109440,0,0
8547.859710868,0,1
8547.862124134,0,0
8548.869725392,0,1
8548.872138408,0,0
8549.879739884,0,1
8549.882152898,0,0
8550.889754272,0,1
8550.892167538,0,0
8551.899768762,0,1
8551.901038554,1,1
8551.903670342,0,1
8551.903706028,0,0
8552.909783484,0,1
8552.912196500,0,0
8553.919797956,0,1
8553.922211222,0,0
8554.929812356,0,1
8554.932225622,0,0
8555.939826880,0,1
8555.942239896,0,0
8556.949841346,0,1
8556.952254612,0,0
8557.959855820,0,1
8557.962269086,0,0
8558.969870322,0,1
8558.972283338,0,0
8559.979884812,0,1
8559.982297828,0,0
8560.989899214,0,1
8560.992312480,0,0
8561.999913786,0,1
8562.001183318,1,1
8562.003814932,0,1
8562.003850800,0,0
8563.009928088,0,1
8563.012341104,0,0
8564.019942528,0,1
8564.022355796,0,0
8565.029956978,0,1
8565.032370244,0,0
8566.039971530,0,1
8566.042384546,0,0
8567.049985984,0,1
8567.052399000,0,0
8568.060000418,0,1
8568.062413684,0,0
8569.070014918,0,1
8569.072427934,0,0
8570.080029406,0,1
8570.082442424,0,0
8571.090043896,0,1
8571.092457162,0,0
8572.100058292,0,1
8572.101328152,1,1
8572.103959784,0,1
8572.103995808,0,0
8573.110073172,0,1
8573.112486188,0,0
8574.120087566,0,1
8574.122500832,0,0
8575.130102118,0,1
8575.132515134,0,0
8576.140116592,0,1
8576.142529608,0,0
8577.150131050,0,1
8577.152544316,0,0
8578.160145574,0,1
8578.162558590,0,0
8579.170160024,0,1
8579.172573040,0,0
8580.180174454,0,1
8580.182587720,0,0
8581.190188978,0,1
8581.192601996,0,0
8582.200203436,0,1
8582.201472816,1,1
8582.204104550,0,1
8582.204140450,0,0
8583.210217646,0,1
8583.212630662,0,0
8584.220232076,0,1
8584.222645342,0,0
8585.230246548,0,1
8585.232659814,0,0
8586.240261036,0,1
8586.242674052,0,0
8587.250275530,0,1
8587.252688796,0,0
8588.260289948,0,1
8588.262703214,0,0
8589.270304482,0,1
8589.272717498,0,0
8590.280318970,0,1
8590.282731986,0,0
8591.290333412,0,1
8591.291603084,1,1
8591.294234986,0,1
8591.294270678,0,0
8592.300348018,0,1
8592.302761034,0,0
8593.310362452,0,1
8593.312775468,0,0
8594.320376894,0,1
8594.322790160,0,0
8595.330391424,0,1
8595.332804440,0,0
8596.340405876,0,1
8596.342818892,0,0
8597.350420326,0,1
8597.352833592,0,0
8598.360434838,0,1
8598.362847854,0,0
8599.370449304,0,1
8599.372862320,0,0
8600.380463766,0,1
8600.382877032,0,0
8601.390478280,0,1
8601.391747910,1,1
8601.394379558,0,1
8601.394415544,0,0
8602.400492720,0,1
8602.402905734,0,0
8603.410507190,0,1
8603.412920456,0,0
8604.420521646,0,1
8604.422934912,0,0
8605.430536130,0,1
8605.432949146,0,0
8606.440550622,0,1
8606.442963888,0,0
8607.450565084,0,1
8607.452978350,0,0
8608.460579580,0,1
8608.462992596,0,0
8609.470594030,0,1
8609.473007046,0,0
8610.480608480,0,1
8610.483021746,0,0
8611.490623028,0,1
8611.491892556,1,1
8611.494524250,0,1
8611.494560292,0,0
8612.500637328,0,1
8612.503050344,0,0
8613.510651784,0,1
8613.513065050,0,0
8614.520666260,0,1
8614.523079526,0,0
8615.530680712,0,1
8615.533093730,0,0
8616.540695194,0,1
8616.543108210,0,0
8617.550709672,0,1
8617.553122938,0,0
8618.560724148,0,1
8618.563137164,0,0
8619.570738644,0,1
8619.573151660,0,0
8620.580753054,0,1
8620.583166320,0,0
8621.590767514,0,1
8621.592037372,1,1
8621.594669248,0,1
8621.594705030,0,0
8622.600782224,0,1
8622.603195240,0,0
8623.610796644,0,1
8623.613209910,0,0
8624.620811226,0,1
8624.623224242,0,0
8625.630825670,0,1
8625.633238686,0,0
8626.640840114,0,1
8626.643253380,0,0
8627.650854660,0,1
8627.653267676,0,0
8628.660869064,0,1
8628.663282080,0,0
8629.670883560,0,1
8629.673296826,0,0
8630.680898086,0,1
8630.683311102,0,0
8631.690912510,0,1
8631.692182054,1,1
8631.694813442,0,1
8631.694849774,0,0
8632.700926946,0,1
8632.703339962,0,0
8633.710941408,0,1
8633.713354674,0,0
8634.720955942,0,1
8634.723368960,0,0
8635.730970394,0,1
8635.733383410,0,0
8636.740984854,0,1
8636.743398122,0,0
8637.750999334,0,1
8637.753412600,0,0
8638.761013812,0,1
8638.763426828,0,0
8639.771028248,0,1
8639.773441514,0,0
8640.781042700,0,1
8640.783455966,0,0
8641.791057284,0,1
8641.792326778,1,1
8641.794958306,0,1
8641.794994548,0,0
8642.801071586,0,1
8642.803484602,0,0
8643.811086026,0,1
8643.813499292,0,0
8644.821100524,0,1
8644.823513540,0,0
8645.831115000,0,1
8645.833528018,0,0
8646.841129444,0,1
8646.843542710,0,0
8647.851143918,0,1
8647.853557184,0,0
8648.861158396,0,1
8648.863571412,0,0
8649.871172852,0,1
8649.873586118,0,0
8650.881187320,0,1
8650.883600586,0,0
8651.891201836,0,1
8651.892471562,1,1
8651.895103550,0,1
8651.895139352,0,0
8652.901216402,0,1
8652.903629418,0,0
8653.911230854,0,1
8653.913644122,0,0
8654.921245290,0,1
8654.923658556,0,0
8655.931259814,0,1
8655.933672830,0,0
8656.941274286,0,1
8656.943687302,0,0
8657.951288746,0,1
8657.953702012,0,0
8658.961303232,0,1
8658.963716248,0,0
8659.971317724,0,1
8659.973730740,0,0
8660.981332172,0,1
8660.983745188,0,0
8661.991346650,0,1
8661.992616260,1,1
8661.995247738,0,1
8661.995283914,0,0
8663.001361078,0,1
8663.003774094,0,0
8664.011375558,0,1
8664.013788824,0,0
8665.021390050,0,1
8665.023803066,0,0
8666.031404500,0,1
8666.033817516,0,0
8667.041418950,0,1
8667.043832216,0,0
8668.051433376,0,1
8668.053846640,0,0
8669.061447946,0,1
8669.063860962,0,0
8670.071462374,0,1
8670.073875640,0,0
8671.081476800,0,1
8671.083890066,0,0
8672.091491314,0,1
8672.092760982,1,1
8672.095393058,0,1
8672.095428580,0,0
8673.101505906,0,1
8673.103918922,0,0
8674.111520350,0,1
8674.113933616,0,0
8675.121534900,0,1
8675.123947916,0,0
8676.131549346,0,1
8676.133962362,0,0
8677.141563780,0,1
8677.143977046,0,0
8678.151578266,0,1
8678.153991282,0,0
8679.161592744,0,1
8679.164005760,0,0
8680.171607178,0,1
8680.174020444,0,0
8681.181621706,0,1
8681.184034722,0,0
8682.191636212,0,1
8682.192905664,1,1
8682.195537780,0,1
8682.195573478,0,0
8683.201650474,0,1
8683.204063490,0,0
8684.211664906,0,1
8684.214078172,0,0
8685.221679342,0,1
8685.224092608,0,0
8686.231693882,0,1
8686.234106898,0,0
8687.241708348,0,1
8687.244121614,0,0
8688.251722786,0,1
8688.254136052,0,0
8689.261737310,0,1
8689.264150326,0,0
8690.271751734,0,1
8690.274164750,0,0
8691.281766220,0,1
8691.283035996,1,1
8691.285667672,0,1
8691.285703734,0,0
8692.291780800,0,1
8692.294193816,0,0
8693.301795234,0,1
8693.304208500,0,0
8694.311809786,0,1
8694.314222802,0,0
8695.321824218,0,1
8695.324237234,0,0
8696.331838660,0,1
8696.334251926,0,0
8697.341853192,0,1
8697.344266208,0,0
8698.351867660,0,1
8698.354280678,0,0
8699.361882064,0,1
8699.364295330,0,0
8700.371896624,0,1
8700.374309640,0,0
8701.381911048,0,1
8701.383180666,1,1
8701.385812542,0,1
8701.385848312,0,0
8702.391925520,0,1
8702.394338536,0,0
8703.401939932,0,1
8703.404353198,0,0
8704.411954442,0,1
8704.414367708,0,0
8705.421968938,0,1
8705.424381952,0,0
8706.431983354,0,1
8706.434396620,0,0
8707.441997820,0,1
8707.444411086,0,0
8708.452012354,0,1
8708.454425370,0,0
8709.462026784,0,1
8709.464439800,0,0
8710.472041240,0,1
8710.474454506,0,0
8711.482055740,0,1
8711.483325372,1,1
8711.485957240,0,1
8711.485993004,0,0
8712.492070194,0,1
8712.494483210,0,0
8713.502084668,0,1
8713.504497934,0,0
8714.512099076,0,1
8714.514512342,0,0
8715.522113606,0,1
8715.524526622,0,0
8716.532128082,0,1
8716.534541348,0,0
8717.542142508,0,1
8717.544555774,0,0
8718.552157046,0,1
8718.554570064,0,0
8719.562171500,0,1
8719.564584516,0,0
8720.572185948,0,1
8720.574599214,0,0
8721.582200426,0,1
8721.583470172,1,1
8721.586102146,0,1
8721.586137692,0,0
8722.592215048,0,1
8722.594628064,0,0
8723.602229442,0,1
8723.604642708,0,0
8724.612244002,0,1
8724.614657018,0,0
8725.622258418,0,1
8725.624671436,0,0
8726.632272912,0,1
8726.634686178,0,0
8727.642287386,0,1
8727.644700652,0,0
8728.652301894,0,1
8728.654714910,0,0
8729.662316352,0,1
8729.664729618,0,0
8730.672330760,0,1
8730.674744026,0,0
8731.682345256,0,1
8731.683614824,1,1
8731.686246562,0,1
8731.686282520,0,0
8732.692359722,0,1
8732.694772736,0,0
8733.702374212,0,1
8733.704787478,0,0
8734.712388724,0,1
8734.714801742,0,0
8735.722403128,0,1
8735.724816144,0,0
8736.732417606,0,1
8736.734830872,0,0
8737.742432110,0,1
8737.744845126,0,0
8738.752446554,0,1
8738.754859570,0,0
8739.762461010,0,1
8739.764874276,0,0
8740.772475554,0,1
8740.774888570,0,0
8741.782489964,0,1
8741.783759528,1,1
8741.786391268,0,1
8741.786427230,0,0
8742.792504472,0,1
8742.794917490,0,0
8743.802518884,0,1
8743.804932150,0,0
8744.812533400,0,1
8744.814946418,0,0
8745.822547852,0,1
8745.824960868,0,0
8746.832562320,0,1
8746.834975586,0,0
8747.842576810,0,1
8747.844989826,0,0
8748.852591282,0,1
8748.855004298,0,0
8749.862605704,0,1
8749.865018970,0,0
8750.872620258,0,1
8750.875033274,0,0
8751.882634692,0,1
8751.883904240,1,1
8751.886536180,0,1
8751.886571708,0,0
8752.892649094,0,1
8752.895062110,0,0
8753.902663616,0,1
8753.905076882,0,0
8754.912678104,0,1
8754.915091120,0,0
8755.922692506,0,1
8755.925105522,0,0
8756.932707040,0,1
8756.935120306,0,0
8757.942721466,0,1
8757.945134734,0,0
8758.952735954,0,1
8758.955148970,0,0
8759.962750444,0,1
8759.965163710,0,0
8760.972764856,0,1
8760.975178122,0,0
8761.982779408,0,1
8761.984048936,1,1
8761.986680650,0,1
8761.986716674,0,0
8762.992793726,0,1
8762.995206744,0,0
8764.002808176,0,1
8764.005221444,0,0
8765.012822684,0,1
8765.015235700,0,0
8766.022837128,0,1
8766.025250144,0,0
8767.032851560,0,1
8767.035264826,0,0
8768.042866016,0,1
8768.045279282,0,0
8769.052880542,0,1
8769.055293558,0,0
8770.062894984,0,1
8770.065308250,0,0
8771.072909418,0,1
8771.075322684,0,0
8772.082923912,0,1
8772.084193734,1,1
8772.086825328,0,1
8772.086861426,0,0
8773.092938638,0,1
8773.095351654,0,0
8774.102953114,0,1
8774.105366380,0,0
8775.112967586,0,1
8775.115380602,0,0
8776.122982048,0,1
8776.125395064,0,0
8777.132996490,0,1
8777.135409756,0,0
8778.143011016,0,1
8778.145424032,0,0
8779.153025452,0,1
8779.155438468,0,0
8780.163039896,0,1
8780.165453162,0,0
8781.173054426,0,1
8781.175467442,0,0
8782.183068860,0,1
8782.184338390,1,1
8782.186970192,0,1
8782.187005874,0,0
8783.193083194,0,1
8783.195496210,0,0
8784.203097652,0,1
8784.205510918,0,0
8785.213112148,0,1
8785.215525164,0,0
8786.223126624,0,1
8786.225539640,0,0
8787.233141026,0,1
8787.235554292,0,0
8788.243155554,0,1
8788.245568570,0,0
8789.253170008,0,1
8789.255583024,0,0
8790.263184464,0,1
8790.265597730,0,0
8791.273199000,0,1
8791.274468670,1,1
8791.277100216,0,1
8791.277136264,0,0
8792.283213564,0,1
8792.285626580,0,0
8793.293228000,0,1
8793.295641266,0,0
8794.303242456,0,1
8794.305655722,0,0
8795.313256992,0,1
8795.315670008,0,0
8796.323271428,0,1
8796.325684694,0,0
8797.333285904,0,1
8797.335699170,0,0
8798.343300394,0,1
8798.345713410,0,0
8799.353314854,0,1
8799.355728118,0,0
8800.363329300,0,1
8800.365742566,0,0
8801.373343810,0,1
8801.374613334,1,1
8801.377244636,0,1
8801.377244646,1,1
8801.377244658,0,1
8801.377280824,0,0
8802.383358172,0,1
8802.385771188,0,0
8803.393372612,0,1
8803.395785880,0,0
8804.403387034,0,1
8804.405800300,0,0
8805.413401606,0,1
8805.415814622,0,0
8806.423416026,0,1
8806.425829292,0,0
8807.433430456,0,1
8807.435843722,0,0
8808.443444950,0,1
8808.445857966,0,0
8809.453459426,0,1
8809.455872440,0,0
8810.463473908,0,1
8810.465887174,0,0
8811.473488378,0,1
8811.474758074,1,1
8811.477389742,0,1
8811.477425642,0,0
8812.483502992,0,1
8812.485916008,0,0
8813.493517408,0,1
8813.495930674,0,0
8814.503531902,0,1
8814.505944918,0,0
8815.513546368,0,1
8815.515959384,0,0
8816.523560836,0,1
8816.525974102,0,0
8817.533575360,0,1
8817.535988376,0,0
8818.543589786,0,1
8818.546002802,0,0
8819.553604254,0,1
8819.556017520,0,0
8820.563618764,0,1
8820.566031780,0,0
8821.573633234,0,1
8821.574902746,1,1
8821.577534254,0,1
8821.577570500,0,0
8822.583647584,0,1
8822.586060600,0,0
8823.593662010,0,1
8823.596075276,0,0
8824.603676406,0,1
8824.606089672,0,0
8825.613690974,0,1
8825.616103990,0,0
8826.623705404,0,1
8826.626118670,0,0
8827.633719836,0,1
8827.636133102,0,0
8828.643734360,0,1
8828.646147376,0,0
8829.653748790,0,1
8829.656161806,0,0
8830.663763300,0,1
8830.666176564,0,0
8831.673777808,0,1
8831.675047420,1,1
8831.677679446,0,1
8831.677715074,0,0
8832.683792260,0,1
8832.686205276,0,0
8833.693806678,0,1
8833.696219944,0,0
8834.703821126,0,1
8834.706234392,0,0
8835.713835654,0,1
8835.716248670,0,0
8836.723850100,0,1
8836.726263366,0,0
8837.733864516,0,1
8837.736277782,0,0
8838.743879082,0,1
8838.746292098,0,0
8839.753893532,0,1
8839.756306548,0,0
8840.763907986,0,1
8840.766321252,0,0
8841.773922478,0,1
8841.775192134,1,1
8841.777823936,0,1
8841.777859742,0,0
8842.783936920,0,1
8842.786349938,0,0
8843.793951426,0,1
8843.796364692,0,0
8844.803965886,0,1
8844.806378902,0,0
8845.813980312,0,1
8845.816393328,0,0
8846.823994814,0,1
8846.826408080,0,0
8847.834009274,0,1
8847.836422290,0,0
8848.844023752,0,1
8848.846436768,0,0
8849.854038168,0,1
8849.856451434,0,0
8850.864052720,0,1
8850.866465734,0,0
8851.874067192,0,1
8851.875336808,1,1
8851.877968386,0,1
8851.878004458,0,0
8852.884081612,0,1
8852.886494628,0,0
8853.894096022,0,1
8853.896509288,0,0
8854.904110488,0,1
8854.906523754,0,0
8855.914124976,0,1
8855.916537992,0,0
8856.924139444,0,1
8856.926552460,0,0
8857.934153910,0,1
8857.936567176,0,0
8858.944168432,0,1
8858.946581450,0,0
8859.954182842,0,1
8859.956595858,0,0
8860.964197356,0,1
8860.966610622,0,0
8861.974211748,0,1
8861.975481554,1,1
8861.978113166,0,1
8861.978149014,0,0
8862.984226458,0,1
8862.986639474,0,0
8863.994240974,0,1
8863.996654240,0,0
8865.004255436,0,1
8865.006668452,0,0
8866.014269888,0,1
8866.016682904,0,0
8867.024284366,0,1
8867.026697634,0,0
8868.034298838,0,1
8868.036711852,0,0
8869.044313326,0,1
8869.046726342,0,0
8870.054327746,0,1
8870.056741012,0,0
8871.064342300,0,1
8871.066755316,0,0
8872.074356692,0,1
8872.075626180,1,1
8872.078258162,0,1
8872.078293956,0,0
8873.084371048,0,1
8873.086784064,0,0
8874.094385476,0,1
8874.096798742,0,0
8875.104399924,0,1
8875.106813190,0,0
8876.114414408,0,1
8876.116827424,0,0
8877.124428884,0,1
8877.126841900,0,0
8878.134443332,0,1
8878.136856598,0,0
8879.144457858,0,1
8879.146870874,0,0
8880.154472328,0,1
8880.156885342,0,0
8881.164486770,0,1
8881.166900036,0,0
8882.174501228,0,1
8882.175770814,1,1
8882.178402746,0,1
8882.178438492,0,0
8883.184515660,0,1
8883.186928676,0,0
8884.194530128,0,1
8884.196943394,0,0
8885.204544524,0,1
8885.206957790,0,0
8886.214559058,0,1
8886.216972074,0,0
8887.224573546,0,1
8887.226986812,0,0
8888.234588002,0,1
8888.237001266,0,0
8889.244602476,0,1
8889.247015492,0,0
8890.254616938,0,1
8890.257029954,0,0
8891.264631406,0,1
8891.265901030,1,1
8891.268533046,0,1
8891.268568670,0,0
8892.274645822,0,1
8892.277058840,0,0
8893.284660288,0,1
8893.287073554,0,0
8894.294674758,0,1
8894.297088024,0,0
8895.304689224,0,1
8895.307102242,0,0
8896.314703736,0,1
8896.317116752,0,0
8897.324718110,0,1
8897.327131376,0,0
8898.334732614,0,1
8898.337145880,0,0
8899.344747118,0,1
8899.347160134,0,0
8900.354761576,0,1
8900.357174590,0,0
8901.364776006,0,1
8901.366045660,1,1
8901.368677366,0,1
8901.368713270,0,0
8902.374790422,0,1
8902.377203436,0,0
8903.384804864,0,1
8903.387218130,0,0
8904.394819342,0,1
8904.397232608,0,0
8905.404833844,0,1
8905.407246860,0,0
8906.414848306,0,1
8906.417261322,0,0
8907.424862782,0,1
8907.427276048,0,0
8908.434877264,0,1
8908.437290280,0,0
8909.444891706,0,1
8909.447304720,0,0
8910.454906172,0,1
8910.457319438,0,0
8911.464920578,0,1
8911.466190302,1,1
8911.468821572,0,1
8911.468858092,0,0
8912.474935208,0,1
8912.477348224,0,0
8913.484949622,0,1
8913.487362888,0,0
8914.494964068,0,1
8914.497377334,0,0
8915.504978618,0,1
8915.507391634,0,0
8916.514993046,0,1
8916.517406062,0,0
8917.525007504,0,1
8917.527420770,0,0
8918.535021982,0,1
8918.537435000,0,0
8919.545036426,0,1
8919.547449442,0,0
8920.555050890,0,1
8920.557464156,0,0
8921.565065434,0,1
8921.566334972,1,1
8921.568966628,0,1
8921.569002450,0,0
8922.575079846,0,1
8922.577492862,0,0
8923.585094284,0,1
8923.587507550,0,0
8924.595108778,0,1
8924.597522044,0,0
8925.605123294,0,1
8925.607536310,0,0
8926.615137732,0,1
8926.617550748,0,0
8927.625152144,0,1
8927.627565410,0,0
8928.635166680,0,1
8928.637579696,0,0
8929.645181144,0,1
8929.647594162,0,0
8930.655195582,0,1
8930.657608598,0,0
8931.665210054,0,1
8931.666479710,1,1
8931.669111594,0,1
8931.669147318,0,0
8932.675224514,0,1
8932.677637530,0,0
8933.685238946,0,1
8933.687652212,0,0
8934.695253416,0,1
8934.697666682,0,0
8935.705267888,0,1
8935.707680904,0,0
8936.715282360,0,1
8936.717695376,0,0
8937.725296824,0,1
8937.727710090,0,0
8938.735311286,0,1
8938.737724302,0,0
8939.745325762,0,1
8939.747738778,0,0
8940.755340180,0,1
8940.757753446,0,0
8941.765354664,0,1
8941.766624296,1,1
8941.769255972,0,1
8941.769291930,0,0
8942.775369056,0,1
8942.777782072,0,0
8943.785383534,0,1
8943.787796550,0,0
8944.795397992,0,1
8944.797811258,0,0
8945.805412458,0,1
8945.807825724,0,0
8946.815426956,0,1
8946.817839972,0,0
8947.825441390,0,1
8947.827854408,0,0
8948.835455876,0,1
8948.837869142,0,0
8949.845470294,0,1
8949.847883560,0,0
8950.855484826,0,1
8950.857897842,0,0
8951.865499260,0,1
8951.866768926,1,1
8951.869400742,0,1
8951.869436526,0,0
8952.875513728,0,1
8952.877926744,0,0
8953.885528176,0,1
8953.887941194,0,0
8954.895542610,0,1
8954.897955878,0,0
8955.905557140,0,1
8955.907970156,0,0
8956.915571548,0,1
8956.917984566,0,0
8957.925586034,0,1
8957.927999050,0,0
8958.935600468,0,1
8958.938013734,0,0
8959.945615000,0,1
8959.948028016,0,0
8960.955629414,0,1
8960.958042432,0,0
8961.965643862,0,1
8961.966913616,1,1
8961.969545120,0,1
8961.969581378,0,0
8962.975658456,0,1
8962.978071472,0,0
8963.985672874,0,1
8963.988086140,0,0
8964.995687326,0,1
8964.998100592,0,0
8966.005701846,0,1
8966.008114862,0,0
8967.015716276,0,1
8967.018129292,0,0
8968.025730710,0,1
8968.028143976,0,0
8969.035745122,0,1
8969.038158388,0,0
8970.045759666,0,1
8970.048172682,0,0
8971.055774126,0,1
8971.058187142,0,0
8972.065788570,0,1
8972.067058244,1,1
8972.069689876,0,1
8972.069725836,0,0
8973.075803146,0,1
8973.078216162,0,0
8974.085817606,0,1
8974.088230872,0,0
8975.095832048,0,1
8975.098245314,0,0
8976.105846558,0,1
8976.108259574,0,0
8977.115860952,0,1
8977.118273970,0,0
8978.125875410,0,1
8978.128288676,0,0
8979.135889978,0,1
8979.138302994,0,0
8980.145904430,0,1
8980.148317446,0,0
8981.155918852,0,1
8981.158332118,0,0
8982.165933246,0,1
8982.167202918,1,1
8982.169834342,0,1
8982.169870510,0,0
8983.175947862,0,1
8983.178360878,0,0
8984.185962288,0,1
8984.188375554,0,0
8985.195976796,0,1
8985.198390062,0,0
8986.205991258,0,1
8986.208404274,0,0
8987.216005702,0,1
8987.218418968,0,0
8988.226020160,0,1
8988.228433426,0,0
8989.236034654,0,1
8989.238447670,0,0
8990.246049122,0,1
8990.248462388,0,0
8991.256063542,0,1
8991.257333106,1,1
8991.259964706,0,1
8991.260000806,0,0
8992.266078052,0,1
8992.268491068,0,0
8993.276092472,0,1
8993.278505736,0,0
8994.286106904,0,1
8994.288520170,0,0
8995.296121384,0,1
8995.298534402,0,0
8996.306135820,0,1
8996.308548836,0,0
8997.316150308,0,1
8997.318563574,0,0
8998.326164798,0,1
8998.328578064,0,0
8999.336179274,0,1
8999.338592290,0,0
9000.346193728,0,1
9000.348606744,0,0
9001.356208170,0,1
9001.357477796,1,1
9001.360109496,0,1
9001.360145434,0,0
9002.366222630,0,1
9002.368635646,0,0
9003.376237072,0,1
9003.378650336,0,0
9004.386251526,0,1
9004.388664792,0,0
9005.396266000,0,1
9005.398679016,0,0
9006.406280458,0,1
9006.408693474,0,0
9007.416294872,0,1
9007.418708140,0,0
9008.426309452,0,1
9008.428722468,0,0
9009.436323882,0,1
9009.438736898,0,0
9010.446338300,0,1
9010.448751566,0,0
9011.456352770,0,1
9011.457622412,1,1
9011.460254436,0,1
9011.460290034,0,0
9012.466367178,0,1
9012.468780194,0,0
9013.476381658,0,1
9013.478794924,0,0
9014.486396116,0,1
9014.488809382,0,0
9015.496410590,0,1
9015.498823606,0,0
9016.506425088,0,1
9016.508838104,0,0
9017.516439476,0,1
9017.518852742,0,0
9018.526453994,0,1
9018.528867010,0,0
9019.536468428,0,1
9019.538881444,0,0
9020.546482878,0,1
9020.548896144,0,0
9021.556497344,0,1
9021.557767026,1,1
9021.560398886,0,1
9021.560434610,0,0
9022.566511890,0,1
9022.568924906,0,0
9023.576526334,0,1
9023.578939600,0,0
9024.586540806,0,1
9024.588954072,0,0
9025.596555334,0,1
9025.598968350,0,0
9026.606569790,0,1
9026.608983056,0,0
9027.616584202,0,1
9027.618997468,0,0
9028.626598736,0,1
9028.629011752,0,0
9029.636613126,0,1
9029.639026140,0,0
9030.646627602,0,1
9030.649040868,0,0
9031.656642094,0,1
9031.657911764,1,1
9031.660543698,0,1
9031.660579360,0,0
9032.666656718,0,1
9032.669069734,0,0
9033.676671152,0,1
9033.679084418,0,0
9034.686685642,0,1
9034.689098658,0,0
9035.696700074,0,1
9035.699113090,0,0
9036.706714520,0,1
9036.709127786,0,0
9037.716729066,0,1
9037.719142082,0,0
9038.726743464,0,1
9038.729156480,0,0
9039.736757936,0,1
9039.739171202,0,0
9040.746772450,0,1
9040.749185466,0,0
9041.756786884,0,1
9041.758056362,1,1
9041.760688122,0,1
9041.760724150,0,0
9042.766801192,0,1
9042.769214208,0,0
9043.776815684,0,1
9043.779228950,0,0
9044.786830104,0,1
9044.789243370,0,0
9045.796844620,0,1
9045.799257636,0,0
9046.806859106,0,1
9046.809272372,0,0
9047.816873486,0,1
9047.819286752,0,0
9048.826888028,0,1
9048.829301044,0,0
9049.836902412,0,1
9049.839315430,0,0
9050.846916942,0,1
9050.849330208,0,0
9051.856931400,0,1
9051.858201062,1,1
9051.860832818,0,1
9051.860868664,0,0
9052.866945854,0,1
9052.869358872,0,0
9053.876960350,0,1
9053.879373616,0,0
9054.886974760,0,1
9054.889388026,0,0
9055.896989286,0,1
9055.899402302,0,0
9056.907003742,0,1
9056.909416758,0,0
9057.917018130,0,1
9057.919431396,0,0
9058.927032696,0,1
9058.929445712,0,0
9059.937047160,0,1
9059.939460176,0,0
9060.947061574,0,1
9060.949474840,0,0
9061.957075998,0,1
9061.958345756,1,1
9061.960977180,0,1
9061.961013512,0,0
9062.967090600,0,1
9062.969503616,0,0
9063.977105030,0,1
9063.979518296,0,0
9064.987119528,0,1
9064.989532794,0,0
9065.997133950,0,1
9065.999547216,0,0
9067.007148508,0,1
9067.009561524,0,0
9068.017162898,0,1
9068.019575914,0,0
9069.027177344,0,1
9069.029590610,0,0
9070.037191882,0,1
9070.039604896,0,0
9071.047206298,0,1
9071.049619314,0,0
9072.057220778,0,1
9072.058490340,1,1
9072.061121960,0,1
9072.061158042,0,0
9073.067235204,0,1
9073.069648222,0,0
9074.077249640,0,1
9074.079662906,0,0
9075.087264124,0,1
9075.089677390,0,0
9076.097278610,0,1
9076.099691626,0,0
9077.107293056,0,1
9077.109706074,0,0
9078.117307482,0,1
9078.119720748,0,0
9079.127322050,0,1
9079.129735066,0,0
9080.137336420,0,1
9080.139749434,0,0
9081.147350890,0,1
9081.149764158,0,0
9082.157365356,0,1
9082.158634998,1,1
9082.161267264,0,1
9082.161302622,0,0
9083.167379790,0,1
9083.169792806,0,0
9084.177394198,0,1
9084.179807466,0,0
9085.187408676,0,1
9085.189821942,0,0
9086.197423194,0,1
9086.199836210,0,0
9087.207437602,0,1
9087.209850618,0,0
9088.217452086,0,1
9088.219865352,0,0
9089.227466566,0,1
9089.229879584,0,0
9090.237481030,0,1
9090.239894046,0,0
9091.247495446,0,1
9091.248765166,1,1
9091.251397052,0,1
9091.251432960,0,0
9092.257509992,0,1
9092.259923006,0,0
9093.267524484,0,1
9093.269937748,0,0
9094.277539014,0,1
9094.279952030,0,0
9095.287553476,0,1
9095.289966492,0,0
9096.297567908,0,1
9096.299981174,0,0
9097.307582320,0,1
9097.309995586,0,0
9098.317596820,0,1
9098.320009836,0,0
9099.327611304,0,1
9099.330024570,0,0
9100.337625718,0,1
9100.340038984,0,0
9101.347640238,0,1
9101.348909846,1,1
9101.351541806,0,1
9101.351577504,0,0
9102.357654650,0,1
9102.360067666,0,0
9103.367669116,0,1
9103.370082382,0,0
9104.377683576,0,1
9104.380096842,0,0
9105.387698090,0,1
9105.390111106,0,0
9106.397712514,0,1
9106.400125780,0,0
9107.407726956,0,1
9107.410140222,0,0
9108.417741480,0,1
9108.420154496,0,0
9109.427755944,0,1
9109.430168960,0,0
9110.437770402,0,1
9110.440183666,0,0
9111.447784858,0,1
9111.449054404,1,1
9111.451686130,0,1
9111.451721872,0,0
9112.457799288,0,1
9112.460212304,0,0
9113.467813760,0,1
9113.470227026,0,0
9114.477828216,0,1
9114.480241482,0,0
9115.487842726,0,1
9115.490255742,0,0
9116.497857170,0,1
9116.500270186,0,0
9117.507871602,0,1
9117.510284868,0,0
9118.517886184,0,1
9118.520299200,0,0
9119.527900580,0,1
9119.530313596,0,0
9120.537915022,0,1
9120.540328288,0,0
9121.547929440,0,1
9121.549199084,1,1
9121.551831054,0,1
9121.551866704,0,0
9122.557943932,0,1
9122.560356948,0,0
9123.567958368,0,1
9123.570371634,0,0
9124.577972806,0,1
9124.580386072,0,0
9125.587987316,0,1
9125.590400332,0,0
9126.598001724,0,1
9126.600414740,0,0
9127.608016228,0,1
9127.610429494,0,0
9128.618030690,0,1
9128.620443706,0,0
9129.628045170,0,1
9129.630458188,0,0
9130.638059642,0,1
9130.640472908,0,0
9131.648074138,0,1
9131.649343732,1,1
9131.651975398,0,1
9131.652011402,0,0
9132.658088550,0,1
9132.660501568,0,0
9133.668103018,0,1
9133.670516034,0,0
9134.678117468,0,1
9134.680530736,0,0
9135.688131944,0,1
9135.690545210,0,0
9136.698146420,0,1
9136.700559436,0,0
9137.708160880,0,1
9137.710573896,0,0
9138.718175328,0,1
9138.720588594,0,0
9139.728189808,0,1
9139.730602824,0,0
9140.738204260,0,1
9140.740617276,0,0
9141.748218700,0,1
9141.749488334,1,1
9141.752120220,0,1
9141.752155964,0,0
9142.758233162,0,1
9142.760646180,0,0
9143.768247636,0,1
9143.770660902,0,0
9144.778262046,0,1
9144.780675312,0,0
9145.788276514,0,1
9145.790689530,0,0
9146.798290980,0,1
9146.800703996,0,0
9147.808305448,0,1
9147.810718714,0,0
9148.818319914,0,1
9148.820733180,0,0
9149.828334400,0,1
9149.830747416,0,0
9150.838348834,0,1
9150.840761848,0,0
9151.848363280,0,1
9151.849633044,1,1
9151.852265286,0,1
9151.852300796,0,0
9152.858377858,0,1
9152.860790874,0,0
9153.868392278,0,1
9153.870805544,0,0
9154.878406732,0,1
9154.880819998,0,0
9155.888421272,0,1
9155.890834288,0,0
9156.898435714,0,1
9156.900848730,0,0
9157.908450108,0,1
9157.910863374,0,0
9158.918464656,0,1
9158.920877672,0,0
9159.928479096,0,1
9159.930892112,0,0
9160.938493554,0,1
9160.940906820,0,0
9161.948508000,0,1
9161.949777644,1,1
9161.952409350,0,1
9161.952445264,0,0
9162.958522368,0,1
9162.960935384,0,0
9163.968536886,0,1
9163.970950152,0,0
9164.978551326,0,1
9164.980964592,0,0
9165.988565836,0,1
9165.990978852,0,0
9166.998580290,0,1
9167.000993306,0,0
9168.008594710,0,1
9168.011007976,0,0
9169.018609248,0,1
9169.021022264,0,0
9170.028623634,0,1
9170.031036650,0,0
9171.038638090,0,1
9171.041051356,0,0
9172.048652518,0,1
9172.049922260,1,1
9172.052554042,0,1
9172.052590034,0,0
9173.058667124,0,1
9173.061080140,0,0
9174.068681558,0,1
9174.071094824,0,0
9175.078696002,0,1
9175.081109268,0,0
9176.088710542,0,1
9176.091123558,0,0
9177.098724994,0,1
9177.101138010,0,0
9178.108739442,0,1
9178.111152708,0,0
9179.118753896,0,1
9179.121166912,0,0
9180.128768378,0,1
9180.131181394,0,0
9181.138782778,0,1
9181.141196044,0,0
9182.148797238,0,1
9182.150066914,1,1
9182.152699096,0,1
9182.152734502,0,0
9183.158811816,0,1
9183.161224832,0,0
9184.168826228,0,1
9184.171239494,0,0
9185.178840730,0,1
9185.181253996,0,0
9186.188855188,0,1
9186.191268204,0,0
9187.198869652,0,1
9187.201282918,0,0
9188.208884114,0,1
9188.211297378,0,0
9189.218898578,0,1
9189.221311594,0,0
9190.228913070,0,1
9190.231326086,0,0
9191.238927468,0,1
9191.241340734,0,0
9192.248941986,0,1
9192.250211456,1,1
9192.252843136,0,1
9192.252879252,0,0
9193.258956296,0,1
9193.261369312,0,0
9194.268970722,0,1
9194.271383988,0,0
9195.278985214,0,1
9195.281398480,0,0
9196.288999718,0,1
9196.291412734,0,0
9197.299014198,0,1
9197.301427214,0,0
9198.309028574,0,1
9198.311441840,0,0
9199.319043122,0,1
9199.321456138,0,0
9200.329057532,0,1
9200.331470798,0,0
9201.339071976,0,1
9201.340341730,1,1
9201.342973400,0,1
9201.343009490,0,0
9202.349086606,0,1
9202.351499622,0,0
9203.359101050,0,1
9203.361514316,0,0
9204.369115496,0,1
9204.371528762,0,0
9205.379129984,0,1
9205.381543000,0,0
9206.389144410,0,1
9206.391557678,0,0
9207.399158868,0,1
9207.401572134,0,0
9208.409173386,0,1
9208.411586402,0,0
9209.419187790,0,1
9209.421600806,0,0
9210.429202224,0,1
9210.431615490,0,0
9211.439216794,0,1
9211.440486274,1,1
9211.443117734,0,1
9211.443154060,0,0
9212.449231100,0,1
9212.451644114,0,0
9213.459245514,0,1
9213.461658782,0,0
9214.469259978,0,1
9214.471673244,0,0
9215.479274498,0,1
9215.481687516,0,0
9216.489288918,0,1
9216.491701934,0,0
9217.499303378,0,1
9217.501716644,0,0
9218.509317828,0,1
9218.511730844,0,0
9219.519332264,0,1
9219.521745282,0,0
9220.529346756,0,1
9220.531760022,0,0
9221.539361200,0,1
9221.540630918,1,1
9221.543262690,0,1
9221.543298464,0,0
9222.549375720,0,1
9222.551788736,0,0
9223.559390212,0,1
9223.561803478,0,0
9224.569404662,0,1
9224.571817928,0,0
9225.579419166,0,1
9225.581832182,0,0
9226.589433588,0,1
9226.591846856,0,0
9227.599448006,0,1
9227.601861272,0,0
9228.609462540,0,1
9228.611875556,0,0
9229.619476984,0,1
9229.621890000,0,0
9230.629491478,0,1
9230.631904744,0,0
9231.639505918,0,1
9231.640775488,1,1
9231.643407874,0,1
9231.643443182,0,0
9232.649520370,0,1
9232.651933386,0,0
9233.659534822,0,1
9233.661948088,0,0
9234.669549284,0,1
9234.671962550,0,0
9235.679563772,0,1
9235.681976788,0,0
9236.689578216,0,1
9236.691991232,0,0
9237.699592672,0,1
9237.702005938,0,0
9238.709607170,0,1
9238.712020186,0,0
9239.719621650,0,1
9239.722034666,0,0
9240.729636052,0,1
9240.732049318,0,0
9241.739650466,0,1
9241.740920142,1,1
9241.743552284,0,1
9241.743587730,0,0
9242.749665030,0,1
9242.752078048,0,0
9243.759679568,0,1
9243.762092836,0,0
9244.769694006,0,1
9244.772107022,0,0
9245.779708492,0,1
9245.782121508,0,0
9246.789722900,0,1
9246.792136168,0,0
9247.799737356,0,1
9247.802150622,0,0
9248.809751828,0,1
9248.812164842,0,0
9249.819766288,0,1
9249.822179554,0,0
9250.829780768,0,1
9250.832194034,0,0
9251.839795236,0,1
9251.841064762,1,1
9251.843696326,0,1
9251.843732502,0,0
9252.849809602,0,1
9252.852222618,0,0
9253.859824024,0,1
9253.862237290,0,0
9254.869838440,0,1
9254.872251706,0,0
9255.879852950,0,1
9255.882265966,0,0
9256.889867410,0,1
9256.892280426,0,0
9257.899881836,0,1
9257.902295102,0,0
9258.909896362,0,1
9258.912309378,0,0
9259.919910794,0,1
9259.922323810,0,0
9260.929925248,0,1
9260.932338514,0,0
9261.939939670,0,1
9261.941209356,1,1
9261.943840940,0,1
9261.943876936,0,0
9262.949954260,0,1
9262.952367276,0,0
9263.959968718,0,1
9263.962381984,0,0
9264.969983104,0,1
9264.972396372,0,0
9265.979997666,0,1
9265.982410682,0,0
9266.990012090,0,1
9266.992425106,0,0
9268.000026538,0,1
9268.002439554,0,0
9269.010040980,0,1
9269.012454246,0,0
9270.020055508,0,1
9270.022468524,0,0
9271.030069912,0,1
9271.032482928,0,0
9272.040084358,0,1
9272.041353992,1,1
9272.043985404,0,1
9272.044021624,0,0
9273.050098802,0,1
9273.052511818,0,0
9274.060113244,0,1
9274.062526510,0,0
9275.070127692,0,1
9275.072540958,0,0
9276.080142190,0,1
9276.082555206,0,0
9277.090156676,0,1
9277.092569692,0,0
9278.100171104,0,1
9278.102584370,0,0
9279.110185568,0,1
9279.112598586,0,0
9280.120200002,0,1
9280.122613018,0,0
9281.130214458,0,1
9281.132627724,0,0
9282.140228988,0,1
9282.141498584,1,1
9282.144130084,0,1
9282.144166254,0,0
9283.150243412,0,1
9283.152656428,0,0
9284.160257846,0,1
9284.162671114,0,0
9285.170272304,0,1
9285.172685570,0,0
9286.180286792,0,1
9286.182699808,0,0
9287.190301220,0,1
9287.192714236,0,0
9288.200315710,0,1
9288.202728976,0,0
9289.210330122,0,1
9289.212743388,0,0
9290.220344614,0,1
9290.222757630,0,0
9291.230359086,0,1
9291.232772352,0,0
9292.240373544,0,1
9292.241643168,1,1
9292.244275294,0,1
9292.244310808,0,0
9293.250387992,0,1
9293.252801010,0,0
9294.260402418,0,1
9294.262815684,0,0
9295.270416842,0,1
9295.272830108,0,0
9296.280431376,0,1
9296.282844392,0,0
9297.290445826,0,1
9297.292858844,0,0
9298.300460192,0,1
9298.302873458,0,0
9299.310474768,0,1
9299.312887784,0,0
9300.320489162,0,1
9300.322902178,0,0
9301.330503638,0,1
9301.331773298,1,1
9301.334404710,0,1
9301.334440904,0,0
9302.340518096,0,1
9302.342931110,0,0
9303.350532472,0,1
9303.352945740,0,0
9304.360546928,0,1
9304.362960194,0,0
9305.370561408,0,1
9305.372974424,0,0
9306.380575876,0,1
9306.382988892,0,0
9307.390590336,0,1
9307.393003602,0,0
9308.400604792,0,1
9308.403018058,0,0
9309.410619314,0,1
9309.413032330,0,0
9310.420633722,0,1
9310.423046738,0,0
9311.430648152,0,1
9311.431917902,1,1
9311.434549796,0,1
9311.434585668,0,0
9312.440662690,0,1
9312.443075706,0,0
9313.450677168,0,1
9313.453090434,0,0
9314.460691618,0,1
9314.463104884,0,0
9315.470706122,0,1
9315.473119138,0,0
9316.480720548,0,1
9316.483133564,0,0
9317.490734976,0,1
9317.493148242,0,0
9318.500749494,0,1
9318.503162510,0,0
9319.510763972,0,1
9319.513176986,0,0
9320.520778384,0,1
9320.523191650,0,0
9321.530792850,0,1
9321.532062486,1,1
9321.534694290,0,1
9321.534730114,0,0
9322.540807292,0,1
9322.543220308,0,0
9323.550821732,0,1
9323.553234998,0,0
9324.560836126,0,1
9324.563249394,0,0
9325.570850676,0,1
9325.573263692,0,0
9326.580865078,0,1
9326.583278094,0,0
9327.590879578,0,1
9327.593292844,0,0
9328.600893942,0,1
9328.603307208,0,0
9329.610908494,0,1
9329.613321512,0,0
9330.620922914,0,1
9330.623335930,0,0
9331.630937404,0,1
9331.632207128,1,1
9331.634838802,0,1
9331.634874918,0,0
9332.640951922,0,1
9332.643364938,0,0
9333.650966362,0,1
9333.653379628,0,0
9334.660980812,0,1
9334.663394078,0,0
9335.670995254,0,1
9335.673408520,0,0
9336.681009742,0,1
9336.683422758,0,0
9337.691024250,0,1
9337.693437266,0,0
9338.701038614,0,1
9338.703451880,0,0
9339.711053134,0,1
9339.713466150,0,0
9340.721067574,0,1
9340.723480590,0,0
9341.731082038,0,1
9341.732351712,1,1
9341.734982900,0,1
9341.735019304,0,0
9342.741096600,0,1
9342.743509616,0,0
9343.751111034,0,1
9343.753524300,0,0
9344.761125486,0,1
9344.763538752,0,0
9345.771139972,0,1
9345.773552988,0,0
9346.781154434,0,1
9346.783567450,0,0
9347.791168820,0,1
9347.793582086,0,0
9348.801183376,0,1
9348.803596392,0,0
9349.811197772,0,1
9349.813610788,0,0
9350.821212208,0,1
9350.823625474,0,0
9351.831226748,0,1
9351.832496330,1,1
9351.835128076,0,1
9351.835164012,0,0
9352.841241192,0,1
9352.843654208,0,0
9353.851255654,0,1
9353.853668920,0,0
9354.861270096,0,1
9354.863683362,0,0
9355.871284550,0,1
9355.873697568,0,0
9356.881298990,0,1
9356.883712256,0,0
9357.891313428,0,1
9357.893726694,0,0
9358.901327988,0,1
9358.903741004,0,0
9359.911342414,0,1
9359.913755430,0,0
9360.921356834,0,1
9360.923770100,0,0
9361.931371364,0,1
9361.932640858,1,1
9361.935272766,0,1
9361.935308628,0,0
9362.941385684,0,1
9362.943798700,0,0
9363.951400144,0,1
9363.953813412,0,0
9364.961414532,0,1
9364.963827798,0,0
9365.971429068,0,1
9365.973842084,0,0
9366.981443476,0,1
9366.983856492,0,0
9367.991457892,0,1
9367.993871158,0,0
9369.001472438,0,1
9369.003885454,0,0
9370.011486864,0,1
9370.013899880,0,0
9371.021501310,0,1
9371.023914576,0,0
9372.031515714,0,1
9372.032785448,1,1
9372.035417316,0,1
9372.035453228,0,0
9373.041530334,0,1
9373.043943350,0,0
9374.051544766,0,1
9374.053958032,0,0
9375.061559162,0,1
9375.063972428,0,0
9376.071573684,0,1
9376.073986700,0,0
9377.081588128,0,1
9377.084001394,0,0
9378.091602580,0,1
9378.094015846,0,0
9379.101617044,0,1
9379.104030060,0,0
9380.111631498,0,1
9380.114044514,0,0
9381.121645962,0,1
9381.124059226,0,0
9382.131660400,0,1
9382.132930050,1,1
9382.135561690,0,1
9382.135597664,0,0
9383.141674892,0,1
9383.144087908,0,0
9384.151689320,0,1
9384.154102584,0,0
9385.161703806,0,1
9385.164117072,0,0
9386.171718252,0,1
9386.174131268,0,0
9387.181732694,0,1
9387.184145960,0,0
9388.191747184,0,1
9388.194160448,0,0
9389.201761650,0,1
9389.204174666,0,0
9390.211776092,0,1
9390.214189358,0,0
9391.221790562,0,1
9391.224203828,0,0
9392.231805018,0,1
9392.233074686,1,1
9392.235706968,0,1
9392.235742284,0,0
9393.241819648,0,1
9393.244232664,0,0
9394.251834052,0,1
9394.254247318,0,0
9395.261848518,0,1
9395.264261534,0,0
9396.271863018,0,1
9396.274276036,0,0
9397.281877472,0,1
9397.284290738,0,0
9398.291891942,0,1
9398.294304958,0,0
9399.301906400,0,1
9399.304319416,0,0
9400.311920844,0,1
9400.314334110,0,0
9401.321935312,0,1
9401.323204790,1,1
9401.325836542,0,1
9401.325872578,0,0
9402.331949624,0,1
9402.334362640,0,0
9403.341964120,0,1
9403.344377136,0,0
9404.351978558,0,1
9404.354391824,0,0
9405.361993084,0,1
9405.364406100,0,0
9406.372007506,0,1
9406.374420524,0,0
9407.382021926,0,1
9407.384435192,0,0
9408.392036438,0,1
9408.394449454,0,0
9409.402050846,0,1
9409.404463862,0,0
9410.412065316,0,1
9410.414478582,0,0
9411.422079748,0,1
9411.423349442,1,1
9411.425981212,0,1
9411.426017012,0,0
9412.432094328,0,1
9412.434507344,0,0
9413.442108798,0,1
9413.444522064,0,0
9414.452123254,0,1
9414.454536270,0,0
9415.462137668,0,1
9415.464550684,0,0
9416.472152100,0,1
9416.474565366,0,0
9417.482166600,0,1
9417.484579866,0,0
9418.492181094,0,1
9418.494594110,0,0
9419.502195498,0,1
9419.504608764,0,0
9420.512209962,0,1
9420.514623228,0,0
9421.522224472,0,1
9421.523493990,1,1
9421.526126006,0,1
9421.526161736,0,0
9422.532238752,0,1
9422.534651768,0,0
9423.542253252,0,1
9423.544666518,0,0
9424.552267642,0,1
9424.554680908,0,0
9425.562282184,0,1
9425.564695200,0,0
9426.572296596,0,1
9426.574709612,0,0
9427.582311018,0,1
9427.584724286,0,0
9428.592325538,0,1
9428.594738554,0,0
9429.602340002,0,1
9429.604753020,0,0
9430.612354398,0,1
9430.614767664,0,0
9431.622368890,0,1
9431.623638542,1,1
9431.626270212,0,1
9431.626306154,0,0
9432.632383366,0,1
9432.634796382,0,0
9433.642397750,0,1
9433.644811018,0,0
9434.652412190,0,1
9434.654825456,0,0
9435.662426690,0,1
9435.664839706,0,0
9436.672441140,0,1
9436.674854156,0,0
9437.682455588,0,1
9437.684868854,0,0
9438.692469988,0,1
9438.694883254,0,0
9439.702484498,0,1
9439.704897516,0,0
9440.712498992,0,1
9440.714912008,0,0
9441.722513414,0,1
9441.723783108,1,1
9441.726414926,0,1
9441.726450680,0,0
9442.732527954,0,1
9442.734940968,0,0
9443.742542432,0,1
9443.744955698,0,0
9444.752556830,0,1
9444.754970096,0,0
9445.762571302,0,1
9445.764984318,0,0
9446.772585830,0,1
9446.774999096,0,0
9447.782600206,0,1
9447.785013472,0,0
9448.792614762,0,1
9448.795027778,0,0
9449.802629154,0,1
9449.805042172,0,0
9450.812643586,0,1
9450.815056852,0,0
9451.822658106,0,1
9451.823927662,1,1
9451.826559362,0,1
9451.826595372,0,0
9452.832672548,0,1
9452.835085564,0,0
9453.842686974,0,1
9453.845100240,0,0
9454.852701452,0,1
9454.855114718,0,0
9455.862715932,0,1
9455.865128948,0,0
9456.872730328,0,1
9456.875143344,0,0
9457.882744840,0,1
9457.885158106,0,0
9458.892759326,0,1
9458.895172342,0,0
9459.902773742,0,1
9459.905186758,0,0
9460.912788146,0,1
9460.915201412,0,0
9461.922802710,0,1
9461.924072218,1,1
9461.926703902,0,1
9461.926739974,0,0
9462.932816980,0,1
9462.935229996,0,0
9463.942831480,0,1
9463.945244746,0,0
9464.952845882,0,1
9464.955259148,0,0
9465.962860396,0,1
9465.965273412,0,0
9466.972874818,0,1
9466.975287836,0,0
9467.982889280,0,1
9467.985302546,0,0
9468.992903698,0,1
9468.995316964,0,0
9470.002918230,0,1
9470.005331246,0,0
9471.012932636,0,1
9471.015345652,0,0
9472.022947120,0,1
9472.024216794,1,1
9472.026848504,0,1
9472.026884384,0,0
9473.032961678,0,1
9473.035374694,0,0
9474.042976096,0,1
9474.045389364,0,0
9475.052990590,0,1
9475.055403856,0,0
9476.063005056,0,1
9476.065418074,0,0
9477.073019510,0,1
9477.075432526,0,0
9478.083033904,0,1
9478.085447170,0,0
9479.093048344,0,1
9479.095461610,0,0
9480.103062898,0,1
9480.105475914,0,0
9481.113077316,0,1
9481.115490332,0,0
9482.123091714,0,1
9482.124361290,1,1
9482.126993084,0,1
9482.127028978,0,0
9483.133106170,0,1
9483.135519186,0,0
9484.143120654,0,1
9484.145533920,0,0
9485.153135070,0,1
9485.155548338,0,0
9486.163149552,0,1
9486.165562568,0,0
9487.173164024,0,1
9487.175577040,0,0
9488.183178432,0,1
9488.185591698,0,0
9489.193192908,0,1
9489.195606174,0,0
9490.203207408,0,1
9490.205620424,0,0
9491.213221824,0,1
9491.215634840,0,0
9492.223236286,0,1
9492.224505938,1,1
9492.227137540,0,1
9492.227173550,0,0
9493.233250726,0,1
9493.235663742,0,0
9494.243265146,0,1
9494.245678162,0,0
9495.253279618,0,1
9495.255692884,0,0
9496.263294078,0,1
9496.265707094,0,0
9497.273308520,0,1
9497.275721538,0,0
9498.283322968,0,1
9498.285735984,0,0
9499.293337430,0,1
9499.295750696,0,0
9500.303351878,0,1
9500.305765144,0,0
9501.313366370,0,1
9501.314635960,1,1
9501.317267940,0,1
9501.317303634,0,0
9502.323380804,0,1
9502.325793820,0,0
9503.333395218,0,1
9503.335808484,0,0
9504.343409708,0,1
9504.345822974,0,0
9505.353424188,0,1
9505.355837204,0,0
9506.363438620,0,1
9506.365851636,0,0
9507.373453048,0,1
9507.375866314,0,0
9508.383467516,0,1
9508.385880782,0,0
9509.393482016,0,1
9509.395895032,0,0
9510.403496448,0,1
9510.405909464,0,0
9511.413510840,0,1
9511.414780556,1,1
9511.417412550,0,1
9511.417448356,0,0
9512.423525440,0,1
9512.425938456,0,0
9513.433539876,0,1
9513.435953142,0,0
9514.443554300,0,1
9514.445967566,0,0
9515.453568822,0,1
9515.455981840,0,0
9516.463583260,0,1
9516.465996276,0,0
9517.473597732,0,1
9517.476010998,0,0
9518.483612206,0,1
9518.486025224,0,0
9519.493626662,0,1
9519.496039678,0,0
9520.503641060,0,1
9520.506054326,0,0
9521.513655546,0,1
9521.514925120,1,1
9521.517557192,0,1
9521.517592812,0,0
9522.523669972,0,1
9522.526082990,0,0
9523.533684404,0,1
9523.536097670,0,0
9524.543698808,0,1
9524.546112074,0,0
9525.553713390,0,1
9525.556126406,0,0
9526.563727814,0,1
9526.566140830,0,0
9527.573742224,0,1
9527.576155490,0,0
9528.583756652,0,1
9528.586169916,0,0
9529.593771216,0,1
9529.596184234,0,0
9530.603785602,0,1
9530.606198618,0,0
9531.613800090,0,1
9531.615069784,1,1
9531.617701420,0,1
9531.617737354,0,0
9532.623814610,0,1
9532.626227626,0,0
9533.633829032,0,1
9533.636242298,0,0
9534.643843480,0,1
9534.646256746,0,0
9535.653858004,0,1
9535.656271020,0,0
9536.663872396,0,1
9536.666285412,0,0
9537.673886890,0,1
9537.676300154,0,0
9538.683901344,0,1
9538.686314610,0,0
9539.693915776,0,1
9539.696329042,0,0
9540.703930258,0,1
9540.706343276,0,0
9541.713944756,0,1
9541.715214300,1,1
9541.717845812,0,1
9541.717881772,0,0
9542.723959096,0,1
9542.726372112,0,0
9543.733973566,0,1
9543.736386832,0,0
9544.743988004,0,1
9544.746401270,0,0
9545.754002510,0,1
9545.756415526,0,0
9546.764016930,0,1
9546.766429948,0,0
9547.774031392,0,1
9547.776444660,0,0
9548.784045930,0,1
9548.786458948,0,0
9549.794060324,0,1
9549.796473342,0,0
9550.804074766,0,1
9550.806488032,0,0
9551.814089234,0,1
9551.815358896,1,1
9551.817991110,0,1
9551.818026500,0,0
9552.824103690,0,1
9552.826516706,0,0
9553.834118084,0,1
9553.836531350,0,0
9554.844132544,0,1
9554.846545812,0,0
9555.854147036,0,1
9555.856560054,0,0
9556.864161520,0,1
9556.866574536,0,0
9557.874175908,0,1
9557.876589174,0,0
9558.884190348,0,1
9558.886603614,0,0
9559.894204876,0,1
9559.896617892,0,0
9560.904219288,0,1
9560.906632304,0,0
9561.914233776,0,1
9561.915503454,1,1
9561.918135096,0,1
9561.918171040,0,0
9562.924248296,0,1
9562.926661312,0,0
9563.934262742,0,1
9563.936676008,0,0
9564.944277182,0,1
9564.946690448,0,0
9565.954291700,0,1
9565.956704716,0,0
9566.964306096,0,1
9566.966719112,0,0
9567.974320582,0,1
9567.976733848,0,0
9568.984335096,0,1
9568.986748114,0,0
9569.994349528,0,1
9569.996762544,0,0
9571.004363962,0,1
9571.006777228,0,0
9572.014378392,0,1
9572.015648004,1,1
9572.018280196,0,1
9572.018315658,0,0
9573.024392874,0,1
9573.026805890,0,0
9574.034407276,0,1
9574.036820542,0,0
9575.044421718,0,1
9575.046834984,0,0
9576.054436166,0,1
9576.056849182,0,0
9577.064450614,0,1
9577.066863630,0,0
9578.074465102,0,1
9578.076878368,0,0
9579.084479560,0,1
9579.086892576,0,0
9580.094494046,0,1
9580.096907062,0,0
9581.104508462,0,1
9581.106921728,0,0
9582.114522902,0,1
9582.115792602,1,1
9582.118424358,0,1
9582.118460416,0,0
9583.124537434,0,1
9583.126950450,0,0
9584.134551876,0,1
9584.136965142,0,0
9585.144566340,0,1
9585.146979606,0,0
9586.154580824,0,1
9586.156993840,0,0
9587.164595300,0,1
9587.167008566,0,0
9588.174609680,0,1
9588.177022946,0,0
9589.184624230,0,1
9589.187037246,0,0
9590.194638672,0,1
9590.197051688,0,0
9591.204653128,0,1
9591.207066394,0,0
9592.214667606,0,1
9592.215937108,1,1
9592.218569186,0,1
9592.218604872,0,0
9593.224681884,0,1
9593.227094900,0,0
9594.234696318,0,1
9594.237109584,0,0
9595.244710774,0,1
9595.247124040,0,0
9596.254725284,0,1
9596.257138300,0,0
9597.264739722,0,1
9597.267152740,0,0
9598.274754136,0,1
9598.277167402,0,0
9599.284768616,0,1
9599.287181884,0,0
9600.294783066,0,1
9600.297196082,0,0
9601.304797526,0,1
9601.306067234,1,1
9601.308699058,0,1
9601.308735042,0,0
9602.314812082,0,1
9602.317225100,0,0
9603.324826512,0,1
9603.327239778,0,0
9604.334840980,0,1
9604.337254248,0,0
9605.344855464,0,1
9605.347268480,0,0
9606.354869914,0,1
9606.357282930,0,0
9607.364884378,0,1
9607.367297644,0,0
9608.374898814,0,1
9608.377312080,0,0
9609.384913324,0,1
9609.387326340,0,0
9610.394927728,0,1
9610.397340744,0,0
9611.404942168,0,1
9611.406211798,1,1
9611.408843772,0,1
9611.408879432,0,0
9612.414956614,0,1
9612.417369632,0,0
9613.424971020,0,1
9613.427384286,0,0
9614.434985512,0,1
9614.437398778,0,0
9615.445000014,0,1
9615.447413030,0,0
9616.455014446,0,1
9616.457427462,0,0
9617.465028858,0,1
9617.467442124,0,0
9618.475043270,0,1
9618.477456538,0,0
9619.485057784,0,1
9619.487470800,0,0
9620.495072212,0,1
9620.497485228,0,0
9621.505086648,0,1
9621.506356278,1,1
9621.508987910,0,1
9621.509023912,0,0
9622.515101124,0,1
9622.517514140,0,0
9623.525115560,0,1
9623.527528826,0,0
9624.535129984,0,1
9624.537543250,0,0
9625.545144448,0,1
9625.547557464,0,0
9626.555158906,0,1
9626.557571922,0,0
9627.565173316,0,1
9627.567586582,0,0
9628.575187780,0,1
9628.577601046,0,0
9629.585202276,0,1
9629.587615292,0,0
9630.595216706,0,1
9630.597629722,0,0
9631.605231162,0,1
9631.606500930,1,1
9631.609132492,0,1
9631.609168676,0,0
9632.615245738,0,1
9632.617658754,0,0
9633.625260136,0,1
9633.627673400,0,0
9634.635274594,0,1
9634.637687860,0,0
9635.645289074,0,1
9635.647702090,0,0
9636.655303538,0,1
9636.657716554,0,0
9637.665317966,0,1
9637.667731232,0,0
9638.675332478,0,1
9638.677745494,0,0
9639.685346944,0,1
9639.687759960,0,0
9640.695361338,0,1
9640.697774604,0,0
9641.705375848,0,1
9641.706645448,1,1
9641.709277214,0,1
9641.709313112,0,0
9642.715390310,0,1
9642.717803324,0,0
9643.725404714,0,1
9643.727817980,0,0
9644.735419138,0,1
9644.737832406,0,0
9645.745433628,0,1
9645.747846644,0,0
9646.755448128,0,1
9646.757861144,0,0
9647.765462566,0,1
9647.767875832,0,0
9648.775477062,0,1
9648.777890078,0,0
9649.785491458,0,1
9649.787904474,0,0
9650.795505948,0,1
9650.797919214,0,0
9651.805520390,0,1
9651.806789974,1,1
9651.809421808,0,1
9651.809457654,0,0
9652.815534800,0,1
9652.817947818,0,0
9653.825549206,0,1
9653.827962472,0,0
9654.835563642,0,1
9654.837976908,0,0
9655.845578132,0,1
9655.847991148,0,0
9656.855592642,0,1
9656.858005660,0,0
9657.865607050,0,1
9657.868020318,0,0
9658.875621550,0,1
9658.878034566,0,0
9659.885635994,0,1
9659.888049012,0,0
9660.895650414,0,1
9660.898063680,0,0
9661.905664860,0,1
9661.906934544,1,1
9661.909566116,0,1
9661.909602126,0,0
9662.915679392,0,1
9662.918092408,0,0
9663.925693868,0,1
9663.928107134,0,0
9664.935708270,0,1
9664.938121536,0,0
9665.945722764,0,1
9665.948135780,0,0
9666.955737250,0,1
9666.958150266,0,0
9667.965751620,0,1
9667.968164886,0,0
9668.975766174,0,1
9668.978179190,0,0
9669.985780622,0,1
9669.988193638,0,0
9670.995795010,0,1
9670.998208276,0,0
9672.005809488,0,1
9672.007079076,1,1
9672.009710740,0,1
9672.009746754,0,0
9673.015823924,0,1
9673.018236940,0,0
9674.025838382,0,1
9674.028251398,0,0
9675.035852782,0,1
9675.038266048,0,0
9676.045867300,0,1
9676.048280566,0,0
9677.055881738,0,1
9677.058294754,0,0
9678.065896206,0,1
9678.068309222,0,0
9679.075910600,0,1
9679.078323866,0,0
9680.085925114,0,1
9680.088338130,0,0
9681.095939544,0,1
9681.098352560,0,0
9682.105954010,0,1
9682.107223636,1,1
9682.109855280,0,1
9682.109891276,0,0
9683.115968442,0,1
9683.118381458,0,0
9684.125982842,0,1
9684.128396108,0,0
9685.135997344,0,1
9685.138410608,0,0
9686.146011824,0,1
9686.148424840,0,0
9687.156026246,0,1
9687.158439262,0,0
9688.166040664,0,1
9688.168453930,0,0
9689.176055130,0,1
9689.178468396,0,0
9690.186069618,0,1
9690.188482634,0,0
9691.196084008,0,1
9691.198497024,0,0
9692.206098444,0,1
9692.207368156,1,1
9692.209999854,0,1
9692.210035958,0,0
9693.216113044,0,1
9693.218526060,0,0
9694.226127488,0,1
9694.228540754,0,0
9695.236141908,0,1
9695.238555176,0,0
9696.246156450,0,1
9696.248569468,0,0
9697.256170850,0,1
9697.258583866,0,0
9698.266185278,0,1
9698.268598544,0,0
9699.276199834,0,1
9699.278612850,0,0
9700.286214218,0,1
9700.288627234,0,0
9701.296228692,0,1
9701.297498334,1,1
9701.300130078,0,1
9701.300165956,0,0
9702.306243086,0,1
9702.308656102,0,0
9703.316257514,0,1
9703.318670780,0,0
9704.326272014,0,1
9704.328685280,0,0
9705.336286480,0,1
9705.338699496,0,0
9706.346300926,0,1
9706.348713942,0,0
9707.356315348,0,1
9707.358728614,0,0
9708.366329858,0,1
9708.368742874,0,0
9709.376344318,0,1
9709.378757334,0,0
9710.386358758,0,1
9710.388772024,0,0
9711.396373228,0,1
9711.397642878,1,1
9711.400274440,0,1
9711.400310494,0,0
9712.406387684,0,1
9712.408800700,0,0
9713.416402096,0,1
9713.418815362,0,0
9714.426416568,0,1
9714.428829834,0,0
9715.436431066,0,1
9715.438844084,0,0
9716.446445464,0,1
9716.448858480,0,0
9717.456459958,0,1
9717.458873224,0,0
9718.466474426,0,1
9718.468887442,0,0
9719.476488896,0,1
9719.478901912,0,0
9720.486503314,0,1
9720.488916580,0,0
9721.496517714,0,1
9721.497787380,1,1
9721.500418620,0,1
9721.500454978,0,0
9722.506532170,0,1
9722.508945184,0,0
9723.516546612,0,1
9723.518959878,0,0
9724.526561070,0,1
9724.528974336,0,0
9725.536575538,0,1
9725.538988554,0,0
9726.546590012,0,1
9726.549003028,0,0
9727.556604408,0,1
9727.559017674,0,0
9728.566618852,0,1
9728.569032118,0,0
9729.576633372,0,1
9729.579046388,0,0
9730.586647800,0,1
9730.589060816,0,0
9731.596662244,0,1
9731.597931902,1,1
9731.600563316,0,1
9731.600599510,0,0
9732.606676636,0,1
9732.609089652,0,0
9733.616691072,0,1
9733.619104338,0,0
9734.626705576,0,1
9734.629118842,0,0
9735.636720034,0,1
9735.639133050,0,0
9736.646734456,0,1
9736.649147472,0,0
9737.656748936,0,1
9737.659162200,0,0
9738.666763368,0,1
9738.669176634,0,0
9739.676777828,0,1
9739.679190844,0,0
9740.686792324,0,1
9740.689205340,0,0
9741.696806748,0,1
9741.698076444,1,1
9741.700708556,0,1
9741.700744012,0,0
9742.706821288,0,1
9742.709234304,0,0
9743.716835724,0,1
9743.719248990,0,0
9744.726850138,0,1
9744.729263404,0,0
9745.736864682,0,1
9745.739277698,0,0
9746.746879098,0,1
9746.749292114,0,0
9747.756893584,0,1
9747.759306850,0,0
9748.766907958,0,1
9748.769321226,0,0
9749.776922502,0,1
9749.779335518,0,0
9750.786936926,0,1
9750.789349942,0,0
9751.796951332,0,1
9751.798221046,1,1
9751.800853044,0,1
9751.800888848,0,0
9752.806965872,0,1
9752.809378888,0,0
9753.816980316,0,1
9753.819393582,0,0
9754.826994756,0,1
9754.829408024,0,0
9755.837009302,0,1
9755.839422318,0,0
9756.847023712,0,1
9756.849436728,0,0
9757.857038122,0,1
9757.859451388,0,0
9758.867052664,0,1
9758.869465680,0,0
9759.877067084,0,1
9759.879480100,0,0
9760.887081564,0,1
9760.889494830,0,0
9761.897096042,0,1
9761.898365534,1,1
9761.900997704,0,1
9761.901033308,0,0
9762.907110322,0,1
9762.909523338,0,0
9763.917124772,0,1
9763.919538036,0,0
9764.927139224,0,1
9764.929552490,0,0
9765.937153748,0,1
9765.939566764,0,0
9766.947168164,0,1
9766.949581180,0,0
9767.957182556,0,1
9767.959595822,0,0
9768.967197134,0,1
9768.969610150,0,0
9769.977211470,0,1
9769.979624488,0,0
9770.987225938,0,1
9770.989639202,0,0
9771.997240364,0,1
9771.998510062,1,1
9772.001141568,0,1
9772.001177878,0,0
9773.007254938,0,1
9773.009667954,0,0
9774.017269378,0,1
9774.019682644,0,0
9775.027283784,0,1
9775.029697050,0,0
9776.037298288,0,1
9776.039711304,0,0
9777.047312748,0,1
9777.049725764,0,0
9778.057327150,0,1
9778.059740416,0,0
9779.067341658,0,1
9779.069754674,0,0
9780.077356118,0,1
9780.079769134,0,0
9781.087370528,0,1
9781.089783794,0,0
9782.097384978,0,1
9782.098654588,1,1
9782.101286284,0,1
9782.101322242,0,0
9783.107399410,0,1
9783.109812426,0,0
9784.117413842,0,1
9784.119827108,0,0
9785.127428262,0,1
9785.129841528,0,0
9786.137442762,0,1
9786.139855778,0,0
9787.147457166,0,1
9787.149870182,0,0
9788.157471656,0,1
9788.159884922,0,0
9789.167486078,0,1
9789.169899344,0,0
9790.177500568,0,1
9790.179913586,0,0
9791.187514992,0,1
9791.189928258,0,0
9792.197529436,0,1
9792.198799074,1,1
9792.201430908,0,1
9792.201466700,0,0
9793.207543852,0,1
9793.209956868,0,0
9794.217558300,0,1
9794.219971566,0,0
9795.227572756,0,1
9795.229986022,0,0
9796.237587228,0,1
9796.240000246,0,0
9797.247601670,0,1
9797.250014686,0,0
9798.257616156,0,1
9798.260029422,0,0
9799.267630574,0,1
9799.270043842,0,0
9800.277645036,0,1
9800.280058052,0,0
9801.287659480,0,1
9801.288929178,1,1
9801.291560960,0,1
9801.291596996,0,0
9802.297674030,0,1
9802.300087046,0,0
9803.307688476,0,1
9803.310101742,0,0
9804.317702906,0,1
9804.320116172,0,0
9805.327717396,0,1
9805.330130412,0,0
9806.337731850,0,1
9806.340144866,0,0
9807.347746280,0,1
9807.350159546,0,0
9808.357760772,0,1
9808.360173788,0,0
9809.367775224,0,1
9809.370188240,0,0
9810.377789656,0,1
9810.380202670,0,0
9811.387804074,0,1
9811.389073608,1,1
9811.391705336,0,1
9811.391741338,0,0
9812.397818388,0,1
9812.400231404,0,0
9813.407832854,0,1
9813.410246120,0,0
9814.417847234,0,1
9814.420260500,0,0
9815.427861768,0,1
9815.430274784,0,0
9816.437876242,0,1
9816.440289260,0,0
9817.447890642,0,1
9817.450303908,0,0
9818.457905090,0,1
9818.460318356,0,0
9819.467919590,0,1
9819.470332606,0,0
9820.477934020,0,1
9820.480347036,0,0
9821.487948468,0,1
9821.489218176,1,1
9821.491849864,0,1
9821.491885982,0,0
9822.497962996,0,1
9822.500376014,0,0
9823.507977440,0,1
9823.510390706,0,0
9824.517991890,0,1
9824.520405156,0,0
9825.528006412,0,1
9825.530419428,0,0
9826.538020820,0,1
9826.540433836,0,0
9827.548035248,0,1
9827.550448514,0,0
9828.558049694,0,1
9828.560462960,0,0
9829.568064250,0,1
9829.570477266,0,0
9830.578078684,0,1
9830.580491700,0,0
9831.588093106,0,1
9831.589362644,1,1
9831.591994302,0,1
9831.592030120,0,0
9832.598107472,0,1
9832.600520488,0,0
9833.608121964,0,1
9833.610534980,0,0
9834.618136346,0,1
9834.620549612,0,0
9835.628150888,0,1
9835.630563904,0,0
9836.638165312,0,1
9836.640578328,0,0
9837.648179746,0,1
9837.650592762,0,0
9838.658194208,0,1
9838.660607474,0,0
9839.668208730,0,1
9839.670621746,0,0
9840.678223160,0,1
9840.680636176,0,0
9841.688237554,0,1
9841.689507122,1,1
9841.692138670,0,1
9841.692174818,0,0
9842.698252014,0,1
9842.700665030,0,0
9843.708266462,0,1
9843.710679728,0,0
9844.718280874,0,1
9844.720694142,0,0
9845.728295310,0,1
9845.730708326,0,0
9846.738309790,0,1
9846.740722806,0,0
9847.748324244,0,1
9847.750737510,0,0
9848.758338674,0,1
9848.760751940,0,0
9849.768353176,0,1
9849.770766192,0,0
9850.778367580,0,1
9850.780780596,0,0
9851.788381988,0,1
9851.789651652,1,1
9851.792283334,0,1
9851.792319254,0,0
9852.798396586,0,1
9852.800809604,0,0
9853.808411070,0,1
9853.810824336,0,0
9854.818425480,0,1
9854.820838746,0,0
9855.828439928,0,1
9855.830852944,0,0
9856.838454378,0,1
9856.840867394,0,0
9857.848468826,0,1
9857.850882090,0,0
9858.858483250,0,1
9858.860896516,0,0
9859.868497748,0,1
9859.870910764,0,0
9860.878512164,0,1
9860.880925182,0,0
9861.888526588,0,1
9861.889796096,1,1
9861.892427414,0,1
9861.892463854,0,0
9862.898540908,0,1
9862.900953924,0,0
9863.908555346,0,1
9863.910968364,0,0
9864.918569774,0,1
9864.920983040,0,0
9865.928584250,0,1
9865.930997516,0,0
9866.938598696,0,1
9866.941011712,0,0
9867.948613124,0,1
9867.951026140,0,0
9868.958627606,0,1
9868.961040872,0,0
9869.968642020,0,1
9869.971055286,0,0
9870.978656536,0,1
9870.981069552,0,0
9871.988670998,0,1
9871.989940680,1,1
9871.992571930,0,1
9871.992608262,0,0
9872.998685508,0,1
9873.001098524,0,0
9874.008699944,0,1
9874.011113210,0,0
9875.018714354,0,1
9875.021127620,0,0
9876.028728858,0,1
9876.031141874,0,0
9877.038743302,0,1
9877.041156318,0,0
9878.048757742,0,1
9878.051170758,0,0
9879.058772200,0,1
9879.061185466,0,0
9880.068786658,0,1
9880.071199924,0,0
9881.078801140,0,1
9881.081214156,0,0
9882.088815578,0,1
9882.090085116,1,1
9882.092716940,0,1
9882.092752594,0,0
9883.098830038,0,1
9883.101243054,0,0
9884.108844460,0,1
9884.111257476,0,0
9885.118858850,0,1
9885.121272116,0,0
9886.128873304,0,1
9886.131286568,0,0
9887.138887850,0,1
9887.141300866,0,0
9888.148902232,0,1
9888.151315248,0,0
9889.158916662,0,1
9889.161329928,0,0
9890.168931146,0,1
9890.171344412,0,0
9891.178945610,0,1
9891.181358626,0,0
9892.188960050,0,1
9892.190229578,1,1
9892.192861402,0,1
9892.192897064,0,0
9893.198974366,0,1
9893.201387382,0,0
9894.208988816,0,1
9894.211401834,0,0
9895.219003222,0,1
9895.221416488,0,0
9896.229017690,0,1
9896.231430956,0,0
9897.239032122,0,1
9897.241445138,0,0
9898.249046586,0,1
9898.251459602,0,0
9899.259061004,0,1
9899.261474270,0,0
9900.269075482,0,1
9900.271488748,0,0
9901.279089988,0,1
9901.280359674,1,1
9901.282991400,0,1
9901.283027254,0,0
9902.289104514,0,1
9902.291517530,0,0
9903.299119000,0,1
9903.301532016,0,0
9904.309133358,0,1
9904.311546624,0,0
9905.319147872,0,1
9905.321561138,0,0
9906.329162324,0,1
9906.331575340,0,0
9907.339176780,0,1
9907.341589796,0,0
9908.349191226,0,1
9908.351604492,0,0
9909.359205660,0,1
9909.361618928,0,0
9910.369220130,0,1
9910.371633146,0,0
9911.379234544,0,1
9911.380504106,1,1
9911.383135872,0,1
9911.383171810,0,0
9912.389249002,0,1
9912.391662018,0,0
9913.399263426,0,1
9913.401676442,0,0
9914.409277882,0,1
9914.411691150,0,0
9915.419292290,0,1
9915.421705556,0,0
9916.429306802,0,1
9916.431719818,0,0
9917.439321188,0,1
9917.441734204,0,0
9918.449335648,0,1
9918.451748914,0,0
9919.459350110,0,1
9919.461763376,0,0
9920.469364594,0,1
9920.471777610,0,0
9921.479379022,0,1
9921.480648580,1,1
9921.483280724,0,1
9921.483316286,0,0
9922.489393490,0,1
9922.491806506,0,0
9923.499407896,0,1
9923.501820912,0,0
9924.509422328,0,1
9924.511835594,0,0
9925.519436792,0,1
9925.521850058,0,0
9926.529451258,0,1
9926.531864274,0,0
9927.539465676,0,1
9927.541878692,0,0
9928.549480110,0,1
9928.551893376,0,0
9929.559494544,0,1
9929.561907810,0,0
9930.569509038,0,1
9930.571922052,0,0
9931.579523444,0,1
9931.580793102,1,1
9931.583424670,0,1
9931.583460710,0,0
9932.589537884,0,1
9932.591950900,0,0
9933.599552364,0,1
9933.601965380,0,0
9934.609566798,0,1
9934.611980064,0,0
9935.619581214,0,1
9935.621994480,0,0
9936.629595706,0,1
9936.632008722,0,0
9937.639610160,0,1
9937.642023176,0,0
9938.649624576,0,1
9938.652037592,0,0
9939.659638980,0,1
9939.662052246,0,0
9940.669653472,0,1
9940.672066738,0,0
9941.679667948,0,1
9941.680937606,1,1
9941.683569268,0,1
9941.683605214,0,0
9942.689682360,0,1
9942.692095376,0,0
9943.699696792,0,1
9943.702109808,0,0
9944.709711222,0,1
9944.712124488,0,0
9945.719725678,0,1
9945.722138944,0,0
9946.729740138,0,1
9946.732153404,0,0
9947.739754588,0,1
9947.742167604,0,0
9948.749769058,0,1
9948.752182074,0,0
9949.759783492,0,1
9949.762196758,0,0
9950.769797910,0,1
9950.772211176,0,0
9951.779812426,0,1
9951.781082120,1,1
9951.783713800,0,1
9951.783749690,0,0
9952.789827010,0,1
9952.792240026,0,0
9953.799841414,0,1
9953.802254432,0,0
9954.809855880,0,1
9954.812269146,0,0
9955.819870314,0,1
9955.822283330,0,0
9956.829884726,0,1
9956.832297742,0,0
9957.839899220,0,1
9957.842312236,0,0
9958.849913614,0,1
9958.852326880,0,0
9959.859928068,0,1
9959.862341334,0,0
9960.869942522,0,1
9960.872355538,0,0
9961.879957000,0,1
9961.881226584,1,1
9961.883858160,0,1
9961.883894264,0,0
9962.889971396,0,1
9962.892384412,0,0
9963.899985888,0,1
9963.902398904,0,0
9964.910000272,0,1
9964.912413538,0,0
9965.920014728,0,1
9965.922427994,0,0
9966.930029214,0,1
9966.932442230,0,0
9967.940043634,0,1
9967.942456650,0,0
9968.950058080,0,1
9968.952471346,0,0
9969.960072566,0,1
9969.962485832,0,0
9970.970087054,0,1
9970.972500070,0,0
9971.980101502,0,1
9971.981371132,1,1
9971.984002988,0,1
9971.984038768,0,0
9972.990115870,0,1
9972.992528886,0,0
9974.000130342,0,1
9974.002543608,0,0
9975.010144716,0,1
9975.012557980,0,0
9976.020159268,0,1
9976.022572284,0,0
9977.030173658,0,1
9977.032586674,0,0
9978.040188100,0,1
9978.042601366,0,0
9979.050202496,0,1
9979.052615762,0,0
9980.060216990,0,1
9980.062630006,0,0
9981.070231440,0,1
9981.072644456,0,0
9982.080245932,0,1
9982.081515590,1,1
9982.084147388,0,1
9982.084183196,0,0
9983.090260344,0,1
9983.092673360,0,0
9984.100274752,0,1
9984.102687768,0,0
9985.110289190,0,1
9985.112702456,0,0
9986.120303604,0,1
9986.122716870,0,0
9987.130318138,0,1
9987.132731156,0,0
9988.140332580,0,1
9988.142745596,0,0
9989.150346950,0,1
9989.152760216,0,0
9990.160361422,0,1
9990.162774688,0,0
9991.170375886,0,1
9991.172788902,0,0
9992.180390336,0,1
9992.181660114,1,1
9992.184291848,0,1
9992.184327850,0,0
9993.190404892,0,1
9993.192817908,0,0
9994.200419324,0,1
9994.202832590,0,0
9995.210433734,0,1
9995.212847000,0,0
9996.220448258,0,1
9996.222861274,0,0
9997.230462684,0,1
9997.232875698,0,0
9998.240477104,0,1
9998.242890370,0,0
9999.250491554,0,1
9999.252904822,0,0
10000.260506014,0,1
10000.262919030,0,0
10001.270520440,0,1
10001.271790082,1,1
10001.274421612,0,1
10001.274457704,0,0
10002.280534918,0,1
10002.282947934,0,0
10003.290549298,0,1
10003.292962564,0,0
10004.300563772,0,1
10004.302977038,0,0
10005.310578284,0,1
10005.312991300,0,0
10006.320592686,0,1
10006.323005702,0,0
10007.330607104,0,1
10007.333020370,0,0
10008.340621544,0,1
10008.343034810,0,0
10009.350636034,0,1
10009.353049050,0,0
10010.360650492,0,1
10010.363063508,0,0
10011.370664896,0,1
10011.371934614,1,1
10011.374566632,0,1
10011.374602410,0,0
10012.380679506,0,1
10012.383092522,0,0
10013.390693914,0,1
10013.393106930,0,0
10014.400708342,0,1
10014.403121608,0,0
10015.410722758,0,1
10015.413136024,0,0
10016.420737236,0,1
10016.423150252,0,0
10017.430751688,0,1
10017.433164704,0,0
10018.440766124,0,1
10018.443179390,0,0
10019.450780638,0,1
10019.453193654,0,0
10020.460795026,0,1
10020.463208042,0,0
10021.470809524,0,1
10021.472079092,1,1
10021.474710328,0,1
10021.474746790,0,0
10022.480823896,0,1
10022.483236912,0,0
10023.490838344,0,1
10023.493251610,0,0
10024.500852762,0,1
10024.503266028,0,0
10025.510867274,0,1
10025.513280290,0,0
10026.520881706,0,1
10026.523294722,0,0
10027.530896184,0,1
10027.533309450,0,0
10028.540910638,0,1
10028.543323654,0,0
10029.550925066,0,1
10029.553338084,0,0
10030.560939490,0,1
10030.563352756,0,0
10031.570953982,0,1
10031.572223490,1,1
10031.574855172,0,1
10031.574891248,0,0
10032.580968236,0,1
10032.583381252,0,0
10033.590982684,0,1
10033.593395700,0,0
10034.600997090,0,1
10034.603410356,0,0
10035.611011554,0,1
10035.613424820,0,0
10036.621026032,0,1
10036.623439050,0,0
10037.631040450,0,1
10037.633453466,0,0
10038.641054890,0,1
10038.643468156,0,0
10039.651069352,0,1
10039.653482620,0,0
10040.661083856,0,1
10040.663496872,0,0
10041.671098256,0,1
10041.672368044,1,1
10041.674999576,0,1
10041.675035770,0,0
10042.681112940,0,1
10042.683525956,0,0
10043.691127370,0,1
10043.693540636,0,0
10044.701141786,0,1
10044.703555052,0,0
10045.711156300,0,1
10045.713569316,0,0
10046.721170692,0,1
10046.723583708,0,0
10047.731185144,0,1
10047.733598410,0,0
10048.741199666,0,1
10048.743612682,0,0
10049.751214048,0,1
10049.753627064,0,0
10050.761228544,0,1
10050.763641810,0,0
10051.771242916,0,1
10051.772512456,1,1
10051.775143828,0,1
10051.775180180,0,0
10052.781257374,0,1
10052.783670390,0,0
10053.791271830,0,1
10053.793685096,0,0
10054.801286248,0,1
10054.803699514,0,0
10055.811300764,0,1
10055.813713778,0,0
10056.821315154,0,1
10056.823728170,0,0
10057.831329634,0,1
10057.833742900,0,0
10058.841344118,0,1
10058.843757134,0,0
10059.851358554,0,1
10059.853771570,0,0
10060.861372956,0,1
10060.863786222,0,0
10061.871387432,0,1
10061.872656950,1,1
10061.875288708,0,1
10061.875324696,0,0
10062.881401714,0,1
10062.883814730,0,0
10063.891416152,0,1
10063.893829418,0,0
10064.901430548,0,1
10064.903843814,0,0
10065.911445058,0,1
10065.913858074,0,0
10066.921459532,0,1
10066.923872548,0,0
10067.931473900,0,1
10067.933887166,0,0
10068.941488348,0,1
10068.943901614,0,0
10069.951502846,0,1
10069.953915862,0,0
10070.961517262,0,1
10070.963930278,0,0
10071.971531704,0,1
10071.972801360,1,1
10071.975432938,0,1
10071.975468968,0,0
10072.981546134,0,1
10072.983959150,0,0
10073.991560568,0,1
10073.993973584,0,0
10075.001575006,0,1
10075.003988272,0,0
10076.011589412,0,1
10076.014002678,0,0
10077.021603976,0,1
10077.024016992,0,0
10078.031618368,0,1
10078.034031384,0,0
10079.041632804,0,1
10079.044046070,0,0
10080.051647216,0,1
10080.054060482,0,0
10081.061661726,0,1
10081.064074742,0,0
10082.071676150,0,1
10082.072945766,1,1
10082.075577494,0,1
10082.075613414,0,0
10083.081690634,0,1
10083.084103650,0,0
10084.091705008,0,1
10084.094118026,0,0
10085.101719476,0,1
10085.104132742,0,0
10086.111733872,0,1
10086.114147138,0,0
10087.121748428,0,1
10087.124161444,0,0
10088.131762848,0,1
10088.134175864,0,0
10089.141777264,0,1
10089.144190530,0,0
10090.151791672,0,1
10090.154204938,0,0
10091.161806208,0,1
10091.164219224,0,0
10092.171820614,0,1
10092.173090254,1,1
10092.175721916,0,1
10092.175757878,0,0
10093.181835026,0,1
10093.184248042,0,0
10094.191849446,0,1
10094.194262462,0,0
10095.201863892,0,1
10095.204277158,0,0
10096.211878334,0,1
10096.214291600,0,0
10097.221892852,0,1
10097.224305866,0,0
10098.231907248,0,1
10098.234320264,0,0
10099.241921674,0,1
10099.244334692,0,0
10100.251936106,0,1
10100.254349372,0,0
10101.261950532,0,1
10101.263220298,1,1
10101.265851852,0,1
10101.265888048,0,0
10102.271965086,0,1
10102.274378104,0,0
10103.281979526,0,1
10103.284392540,0,0
10104.291993962,0,1
10104.294407228,0,0
10105.302008418,0,1
10105.304421684,0,0
10106.312022910,0,1
10106.314435926,0,0
10107.322037382,0,1
10107.324450398,0,0
10108.332051774,0,1
10108.334465040,0,0
10109.342066258,0,1
10109.344479524,0,0
10110.352080690,0,1
10110.354493706,0,0
10111.362095154,0,1
10111.363364746,1,1
10111.365996712,0,1
10111.366032420,0,0
10112.372109548,0,1
10112.374522564,0,0
10113.382123970,0,1
10113.384536986,0,0
10114.392138430,0,1
10114.394551696,0,0
10115.402152902,0,1
10115.404565918,0,0
10116.412167386,0,1
10116.414580402,0,0
10117.422181796,0,1
10117.424594812,0,0
10118.432196190,0,1
10118.434609456,0,0
10119.442210678,0,1
10119.444623694,0,0
10120.452225108,0,1
10120.454638124,0,0
10121.462239574,0,1
10121.463509230,1,1
10121.466140928,0,1
10121.466176838,0,0
10122.472254010,0,1
10122.474667026,0,0
10123.482268460,0,1
10123.484681476,0,0
10124.492282870,0,1
10124.494696136,0,0
10125.502297302,0,1
10125.504710568,0,0
10126.512311788,0,1
10126.514724804,0,0
10127.522326228,0,1
10127.524739244,0,0
10128.532340634,0,1
10128.534753650,0,0
10129.542355112,0,1
10129.544768378,0,0
10130.552369518,0,1
10130.554782784,0,0
10131.562383906,0,1
10131.563653608,1,1
10131.566285064,0,1
10131.566321422,0,0
10132.572398474,0,1
10132.574811490,0,0
10133.582412948,0,1
10133.584825964,0,0
10134.592427374,0,1
10134.594840640,0,0
10135.602441766,0,1
10135.604855032,0,0
10136.612456308,0,1
10136.614869324,0,0
10137.622470720,0,1
10137.624883736,0,0
10138.632485186,0,1
10138.634898202,0,0
10139.642499594,0,1
10139.644912860,0,0
10140.652514030,0,1
10140.654927296,0,0
10141.662528542,0,1
10141.663798148,1,1
10141.666430020,0,1
10141.666465806,0,0
10142.672542966,0,1
10142.674955982,0,0
10143.682557338,0,1
10143.684970354,0,0
10144.692571828,0,1
10144.694985094,0,0
10145.702586238,0,1
10145.704999504,0,0
10146.712600738,0,1
10146.715013756,0,0
10147.722615168,0,1
10147.725028184,0,0
10148.732629576,0,1
10148.735042842,0,0
10149.742644050,0,1
10149.745057316,0,0
10150.752658458,0,1
10150.755071724,0,0
10151.762672916,0,1
10151.763942550,1,1
10151.766574350,0,1
10151.766610182,0,0
10152.772687396,0,1
10152.775100412,0,0
10153.782701808,0,1
10153.785114824,0,0
10154.792716230,0,1
10154.795129496,0,0
10155.802730650,0,1
10155.805143916,0,0
10156.812745164,0,1
10156.815158180,0,0
10157.822759600,0,1
10157.825172616,0,0
10158.832774000,0,1
10158.835187268,0,0
10159.842788466,0,1
10159.845201732,0,0
10160.852802938,0,1
10160.855215954,0,0
10161.862817390,0,1
10161.864087096,1,1
10161.866719300,0,1
10161.866754906,0,0
10162.872831950,0,1
10162.875244966,0,0
10163.882846370,0,1
10163.885259636,0,0
10164.892860762,0,1
10164.895274028,0,0
10165.902875262,0,1
10165.905288278,0,0
10166.912889724,0,1
10166.915302740,0,0
10167.922904178,0,1
10167.925317444,0,0
10168.932918580,0,1
10168.935331844,0,0
10169.942933112,0,1
10169.945346128,0,0
10170.952947506,0,1
10170.955360522,0,0
10171.962961922,0,1
10171.964231540,1,1
10171.966863498,0,1
10171.966899186,0,0
10172.972976340,0,1
10172.975389356,0,0
10173.982990790,0,1
10173.985404056,0,0
10174.993005246,0,1
10174.995418512,0,0
10176.003019770,0,1
10176.005432786,0,0
10177.013034160,0,1
10177.015447176,0,0
10178.023048592,0,1
10178.025461858,0,0
10179.033062994,0,1
10179.035476260,0,0
10180.043077530,0,1
10180.045490546,0,0
10181.053091914,0,1
10181.055504930,0,0
10182.063106388,0,1
10182.064375982,1,1
10182.067007610,0,1
10182.067043652,0,0
10183.073120824,0,1
10183.075533840,0,0
10184.083135238,0,1
10184.085548254,0,0
10185.093149666,0,1
10185.095562932,0,0
10186.103164168,0,1
10186.105577184,0,0
10187.113178640,0,1
10187.115591656,0,0
10188.123193030,0,1
10188.125606046,0,0
10189.133207452,0,1
10189.135620718,0,0
10190.143221906,0,1
10190.145635174,0,0
10191.153236386,0,1
10191.155649404,0,0
10192.163250790,0,1
10192.164520462,1,1
10192.167152498,0,1
10192.167188054,0,0
10193.173265402,0,1
10193.175678418,0,0
10194.183279790,0,1
10194.185693056,0,0
10195.193294218,0,1
10195.195707484,0,0
10196.203308704,0,1
10196.205721720,0,0
10197.213323166,0,1
10197.215736182,0,0
10198.223337560,0,1
10198.225750826,0,0
10199.233352004,0,1
10199.235765272,0,0
10200.243366478,0,1
10200.245779494,0,0
10201.253380924,0,1
10201.255793940,0,0
10202.263395390,0,1
10202.264664876,1,1
10202.267296428,0,1
10202.267332404,0,0
10203.273409686,0,1
10203.275822702,0,0
10204.283424114,0,1
10204.285837132,0,0
10205.293438522,0,1
10205.295851788,0,0
10206.303453014,0,1
10206.305866030,0,0
10207.313467488,0,1
10207.315880504,0,0
10208.323481890,0,1
10208.325894906,0,0
10209.333496334,0,1
10209.335909600,0,0
10210.343510744,0,1
10210.345924010,0,0
10211.353525252,0,1
10211.354794964,1,1
10211.357426402,0,1
10211.357462766,0,0
10212.363539774,0,1
10212.365952790,0,0
10213.373554192,0,1
10213.375967458,0,0
10214.383568622,0,1
10214.385981888,0,0
10215.393583164,0,1
10215.395996180,0,0
10216.403597590,0,1
10216.406010606,0,0
10217.413612034,0,1
10217.416025300,0,0
10218.423626444,0,1
10218.426039712,0,0
10219.433640882,0,1
10219.436054148,0,0
10220.443655354,0,1
10220.446068370,0,0
10221.453669830,0,1
10221.454939372,1,1
10221.457571158,0,1
10221.457606844,0,0
10222.463684196,0,1
10222.466097212,0,0
10223.473698704,0,1
10223.476111970,0,0
10224.483713104,0,1
10224.486126370,0,0
10225.493727602,0,1
10225.496140618,0,0
10226.503742052,0,1
10226.506155068,0,0
10227.513756404,0,1
10227.516169670,0,0
10228.523770896,0,1
10228.526184162,0,0
10229.533785376,0,1
10229.536198392,0,0
10230.543799818,0,1
10230.546212834,0,0
10231.553814240,0,1
10231.555083888,1,1
10231.557715898,0,1
10231.557751504,0,0
10232.563828650,0,1
10232.566241666,0,0
10233.573843106,0,1
10233.576256372,0,0
10234.583857512,0,1
10234.586270778,0,0
10235.593872000,0,1
10235.596285014,0,0
10236.603886424,0,1
10236.606299440,0,0
10237.613900846,0,1
10237.616314112,0,0
10238.623915290,0,1
10238.626328556,0,0
10239.633929756,0,1
10239.636342772,0,0
10240.643944218,0,1
10240.646357234,0,0
10241.653958626,0,1
10241.655228302,1,1
10241.657859624,0,1
10241.657895890,0,0
10242.663973188,0,1
10242.666386204,0,0
10243.673987594,0,1
10243.676400860,0,0
10244.684002032,0,1
10244.686415298,0,0
10245.694016526,0,1
10245.696429542,0,0
10246.704030978,0,1
10246.706443994,0,0
10247.714045430,0,1
10247.716458696,0,0
10248.724059860,0,1
10248.726473126,0,0
10249.734074298,0,1
10249.736487314,0,0
10250.744088746,0,1
10250.746501762,0,0
10251.754103162,0,1
10251.755372724,1,1
10251.758004378,0,1
10251.758040428,0,0
10252.764117588,0,1
10252.766530606,0,0
10253.774132050,0,1
10253.776545316,0,0
10254.784146488,0,1
10254.786559754,0,0
10255.794160944,0,1
10255.796573962,0,0
10256.804175418,0,1
10256.806588434,0,0
10257.814189814,0,1
10257.816603080,0,0
10258.824204256,0,1
10258.826617522,0,0
10259.834218768,0,1
10259.836631786,0,0
10260.844233120,0,1
10260.846646136,0,0
10261.854247604,0,1
10261.855517276,1,1
10261.858149050,0,1
10261.858184868,0,0
10262.864262156,0,1
10262.866675172,0,0
10263.874276610,0,1
10263.876689876,0,0
10264.884291054,0,1
10264.886704320,0,0
10265.894305544,0,1
10265.896718560,0,0
10266.904319964,0,1
10266.906732980,0,0
10267.914334346,0,1
10267.916747612,0,0
10268.924348874,0,1
10268.926761892,0,0
10269.934363328,0,1
10269.936776344,0,0
10270.944377706,0,1
10270.946790972,0,0
10271.954392162,0,1
10271.955661642,1,1
10271.958293088,0,1
10271.958329428,0,0
10272.964406470,0,1
10272.966819486,0,0
10273.974420910,0,1
10273.976833926,0,0
10274.984435352,0,1
10274.986848618,0,0
10275.994449714,0,1
10275.996862980,0,0
10277.004464244,0,1
10277.006877260,0,0
10278.014478708,0,1
10278.016891724,0,0
10279.024493128,0,1
10279.026906394,0,0
10280.034507560,0,1
10280.036920826,0,0
10281.044522006,0,1
10281.046935022,0,0
10282.054536478,0,1
10282.055806166,1,1
10282.058437912,0,1
10282.058473744,0,0
10283.064551030,0,1
10283.066964046,0,0
10284.074565464,0,1
10284.076978730,0,0
10285.084579860,0,1
10285.086993126,0,0
10286.094594330,0,1
10286.097007596,0,0
10287.104608796,0,1
10287.107021812,0,0
10288.114623252,0,1
10288.117036268,0,0
10289.124637690,0,1
10289.127050956,0,0
10290.134652140,0,1
10290.137065156,0,0
10291.144666576,0,1
10291.147079592,0,0
10292.154680982,0,1
10292.155950586,1,1
10292.158582742,0,1
10292.158618248,0,0
10293.164695574,0,1
10293.167108588,0,0
10294.174709988,0,1
10294.177123252,0,0
10295.184724406,0,1
10295.187137672,0,0
10296.194738934,0,1
10296.197151950,0,0
10297.204753340,0,1
10297.207166358,0,0
10298.214767760,0,1
10298.217181026,0,0
10299.224782286,0,1
10299.227195302,0,0
10300.234796706,0,1
10300.237209722,0,0
10301.244811164,0,1
10301.247224430,0,0
10302.254825588,0,1
10302.256095014,1,1
10302.258726964,0,1
10302.258762602,0,0
10303.264839858,0,1
10303.267252874,0,0
10304.274854242,0,1
10304.277267508,0,0
10305.284868780,0,1
10305.287282046,0,0
10306.294883250,0,1
10306.297296266,0,0
10307.304897658,0,1
10307.307310676,0,0
10308.314912090,0,1
10308.317325354,0,0
10309.324926520,0,1
10309.327339786,0,0
10310.334941014,0,1
10310.337354030,0,0
10311.344955448,0,1
10311.346225038,1,1
10311.348856856,0,1
10311.348892714,0,0
10312.354969894,0,1
10312.357382910,0,0
10313.364984278,0,1
10313.367397544,0,0
10314.374998732,0,1
10314.377411998,0,0
10315.385013248,0,1
10315.387426264,0,0
10316.395027668,0,1
10316.397440684,0,0
10317.405042068,0,1
10317.407455334,0,0
10318.415056530,0,1
10318.417469796,0,0
10319.425071020,0,1
10319.427484038,0,0
10320.435085464,0,1
10320.437498480,0,0
10321.445099818,0,1
10321.446369474,1,1
10321.449001074,0,1
10321.449037082,0,0
10322.455114314,0,1
10322.457527330,0,0
10323.465128734,0,1
10323.467541752,0,0
10324.475143098,0,1
10324.477556364,0,0
10325.485157586,0,1
10325.487570852,0,0
10326.495172090,0,1
10326.497585106,0,0
10327.505186518,0,1
10327.507599534,0,0
10328.515200926,0,1
10328.517614192,0,0
10329.525215340,0,1
10329.527628606,0,0
10330.535229820,0,1
10330.537642836,0,0
10331.545244276,0,1
10331.546513982,1,1
10331.549145558,0,1
10331.549181790,0,0
10332.555258816,0,1
10332.557671832,0,0
10333.565273238,0,1
10333.567686506,0,0
10334.575287678,0,1
10334.577700944,0,0
10335.585302184,0,1
10335.587715200,0,0
10336.595316598,0,1
10336.597729616,0,0
10337.605331092,0,1
10337.607744358,0,0
10338.615345496,0,1
10338.617758762,0,0
10339.625359970,0,1
10339.627772986,0,0
10340.635374412,0,1
10340.637787428,0,0
10341.645388804,0,1
10341.646658354,1,1
10341.649290482,0,1
10341.649325818,0,0
10342.655403206,0,1
10342.657816222,0,0
10343.665417650,0,1
10343.667830666,0,0
10344.675432062,0,1
10344.677845328,0,0
10345.685446546,0,1
10345.687859812,0,0
10346.695461048,0,1
10346.697874064,0,0
10347.705475406,0,1
10347.707888422,0,0
10348.715489902,0,1
10348.717903168,0,0
10349.725504344,0,1
10349.727917610,0,0
10350.735518794,0,1
10350.737931810,0,0
10351.745533206,0,1
10351.746802846,1,1
10351.749434066,0,1
10351.749470470,0,0
10352.755547676,0,1
10352.757960694,0,0
10353.765562088,0,1
10353.767975106,0,0
10354.775576560,0,1
10354.777989578,0,0
10355.785590974,0,1
10355.788004240,0,0
10356.795605446,0,1
10356.798018462,0,0
10357.805619890,0,1
10357.808032906,0,0
10358.815634314,0,1
10358.818047580,0,0
10359.825648784,0,1
10359.828062050,0,0
10360.835663264,0,1
10360.838076280,0,0
10361.845677654,0,1
10361.846947298,1,1
10361.849578890,0,1
10361.849614918,0,0
10362.855692108,0,1
10362.858105124,0,0
10363.865706538,0,1
10363.868119554,0,0
10364.875720932,0,1
10364.878134196,0,0
10365.885735406,0,1
10365.888148672,0,0
10366.895749894,0,1
10366.898162910,0,0
10367.905764312,0,1
10367.908177328,0,0
10368.915778694,0,1
10368.918191958,0,0
10369.925793192,0,1
10369.928206460,0,0
10370.935807670,0,1
10370.938220686,0,0
10371.945822106,0,1
10371.947091738,1,1
10371.949723278,0,1
10371.949759370,0,0
10372.955836522,0,1
10372.958249538,0,0
10373.965850934,0,1
10373.968263950,0,0
10374.975865404,0,1
10374.978278670,0,0
10375.985879814,0,1
10375.988293080,0,0
10376.995894312,0,1
10376.998307328,0,0
10378.005908728,0,1
10378.008321744,0,0
10379.015923182,0,1
10379.018336198,0,0
10380.025937558,0,1
10380.028350824,0,0
10381.035952052,0,1
10381.038365318,0,0
10382.045966502,0,1
10382.047236186,1,1
10382.049867802,0,1
10382.049903766,0,0
10383.055981058,0,1
10383.058394074,0,0
10384.065995494,0,1
10384.068408760,0,0
10385.076009878,0,1
10385.078423146,0,0
10386.086024394,0,1
10386.088437410,0,0
10387.096038838,0,1
10387.098451854,0,0
10388.106053246,0,1
10388.108466510,0,0
10389.116067660,0,1
10389.118480926,0,0
10390.126082198,0,1
10390.128495214,0,0
10391.136096606,0,1
10391.138509622,0,0
10392.146111026,0,1
10392.147380598,1,1
10392.150012024,0,1
10392.150048292,0,0
10393.156125426,0,1
10393.158538442,0,0
10394.166139890,0,1
10394.168553156,0,0
10395.176154342,0,1
10395.178567608,0,0
10396.186168832,0,1
10396.188581850,0,0
10397.196183194,0,1
10397.198596210,0,0
10398.206197644,0,1
10398.208610910,0,0
10399.216212070,0,1
10399.218625336,0,0
10400.226226622,0,1
10400.228639638,0,0
10401.236240986,0,1
10401.238654002,0,0
10402.246255418,0,1
10402.247525098,1,1
10402.250156516,0,1
10402.250192682,0,0
10403.256270004,0,1
10403.258683020,0,0
10404.266284408,0,1
10404.268697674,0,0
10405.276298860,0,1
10405.278712126,0,0
10406.286313338,0,1
10406.288726354,0,0
10407.296327754,0,1
10407.298740770,0,0
10408.306342164,0,1
10408.308755430,0,0
10409.316356600,0,1
10409.318769866,0,0
10410.326371138,0,1
10410.328784154,0,0
10411.336385524,0,1
10411.337655036,1,1
10411.340286882,0,1
10411.340322788,0,0
10412.346399836,0,1
10412.348812852,0,0
10413.356414258,0,1
10413.358827274,0,0
10414.366428700,0,1
10414.368841966,0,0
10415.376443136,0,1
10415.378856402,0,0
10416.386457572,0,1
10416.388870588,0,0
10417.396472036,0,1
10417.398885054,0,0
10418.406486504,0,1
10418.408899770,0,0
10419.416500872,0,1
10419.418914138,0,0
10420.426515380,0,1
10420.428928396,0,0
10421.436529810,0,1
10421.437799544,1,1
10421.440431294,0,1
10421.440467324,0,0
10422.446544382,0,1
10422.448957398,0,0
10423.456558742,0,1
10423.458971758,0,0
10424.466573206,0,1
10424.468986222,0,0
10425.476587646,0,1
10425.479000912,0,0
10426.486602180,0,1
10426.489015196,0,0
10427.496616598,0,1
10427.499029614,0,0
10428.506631036,0,1
10428.509044304,0,0
10429.516645456,0,1
10429.519058720,0,0
10430.526659976,0,1
10430.529072992,0,0
10431.536674358,0,1
10431.537943962,1,1
10431.540575702,0,1
10431.540611622,0,0
10432.546688772,0,1
10432.549101788,0,0
10433.556703210,0,1
10433.559116476,0,0
10434.566717670,0,1
10434.569130936,0,0
10435.576732164,0,1
10435.579145180,0,0
10436.586746562,0,1
10436.589159578,0,0
10437.596761000,0,1
10437.599174266,0,0
10438.606775420,0,1
10438.609188686,0,0
10439.616789924,0,1
10439.619202940,0,0
10440.626804338,0,1
10440.629217354,0,0
10441.636818776,0,1
10441.638088352,1,1
10441.640720068,0,1
10441.640756040,0,0
10442.646833194,0,1
10442.649246208,0,0
10443.656847616,0,1
10443.659260882,0,0
10444.666862032,0,1
10444.669275298,0,0
10445.676876530,0,1
10445.679289546,0,0
10446.686890972,0,1
10446.689303990,0,0
10447.696905412,0,1
10447.699318678,0,0
10448.706919828,0,1
10448.709333094,0,0
10449.716934340,0,1
10449.719347356,0,0
10450.726948772,0,1
10450.729361788,0,0
10451.736963182,0,1
10451.738232818,1,1
10451.740864508,0,1
10451.740900446,0,0
10452.746977592,0,1
10452.749390608,0,0
10453.756992034,0,1
10453.759405300,0,0
10454.767006488,0,1
10454.769419756,0,0
10455.777020932,0,1
10455.779433948,0,0
10456.787035414,0,1
10456.789448430,0,0
10457.797049818,0,1
10457.799463084,0,0
10458.807064266,0,1
10458.809477532,0,0
10459.817078748,0,1
10459.819491764,0,0
10460.827093192,0,1
10460.829506208,0,0
10461.837107602,0,1
10461.838377234,1,1
10461.841008492,0,1
10461.841044868,0,0
10462.847122038,0,1
10462.849535052,0,0
10463.857136468,0,1
10463.859549484,0,0
10464.867150882,0,1
10464.869564148,0,0
10465.877165302,0,1
10465.879578568,0,0
10466.887179776,0,1
10466.889592792,0,0
10467.897194224,0,1
10467.899607240,0,0
10468.907208648,0,1
10468.909621914,0,0
10469.917223056,0,1
10469.919636322,0,0
10470.927237584,0,1
10470.929650600,0,0
10471.937252006,0,1
10471.938521684,1,1
10471.941153462,0,1
10471.941189270,0,0
10472.947266500,0,1
10472.949679516,0,0
10473.957281006,0,1
10473.959694272,0,0
10474.967295414,0,1
10474.969708680,0,0
10475.977309908,0,1
10475.979722926,0,0
10476.987324278,0,1
10476.989737294,0,0
10477.997338718,0,1
10477.999751984,0,0
10479.007353210,0,1
10479.009766476,0,0
10480.017367654,0,1
10480.019780670,0,0
10481.027382108,0,1
10481.029795124,0,0
10482.037396506,0,1
10482.038666076,1,1
10482.041297674,0,1
10482.041333770,0,0
10483.047410962,0,1
10483.049823978,0,0
10484.057425412,0,1
10484.059838426,0,0
10485.067439832,0,1
10485.069853098,0,0
10486.077454250,0,1
10486.079867518,0,0
10487.087468720,0,1
10487.089881736,0,0
10488.097483136,0,1
10488.099896152,0,0
10489.107497598,0,1
10489.109910864,0,0
10490.117512052,0,1
10490.119925318,0,0
10491.127526454,0,1
10491.129939720,0,0
10492.137540922,0,1
10492.138810498,1,1
10492.141442604,0,1
10492.141478186,0,0
10493.147555390,0,1
10493.149968406,0,0
10494.157569798,0,1
10494.159983066,0,0
10495.167584220,0,1
10495.169997486,0,0
10496.177598710,0,1
10496.180011726,0,0
10497.187613166,0,1
10497.190026182,0,0
10498.197627546,0,1
10498.200040812,0,0
10499.207642024,0,1
10499.210055290,0,0
10500.217656522,0,1
10500.220069536,0,0
10501.227670906,0,1
10501.230083922,0,0
10502.237685404,0,1
10502.238954954,1,1
10502.241586762,0,1
10502.241622420,0,0
10503.247699800,0,1
10503.250112816,0,0
10504.257714180,0,1
10504.260127196,0,0
10505.267728614,0,1
10505.270141880,0,0
10506.277743078,0,1
10506.280156344,0,0
10507.287757552,0,1
10507.290170568,0,0
10508.297771970,0,1
10508.300184986,0,0
10509.307786394,0,1
10509.310199660,0,0
10510.317800808,0,1
10510.320214076,0,0
10511.327815322,0,1
10511.329084892,1,1
10511.331716760,0,1
10511.331752588,0,0
10512.337829754,0,1
10512.340242770,0,0
10513.347844186,0,1
10513.350257202,0,0
10514.357858588,0,1
10514.360271854,0,0
10515.367873010,0,1
10515.370286276,0,0
10516.377887546,0,1
10516.380300562,0,0
10517.387901994,0,1
10517.390315010,0,0
10518.397916368,0,1
10518.400329634,0,0
10519.407930790,0,1
10519.410344056,0,0
10520.417945300,0,1
10520.420358318,0,0
10521.427959692,0,1
10521.429229346,1,1
10521.431860854,0,1
10521.431896956,0,0
10522.437974148,0,1
10522.440387164,0,0
10523.447988614,0,1
10523.450401630,0,0
10524.458003016,0,1
10524.460416282,0,0
10525.468017446,0,1
10525.470430712,0,0
10526.478031922,0,1
10526.480444938,0,0
10527.488046366,0,1
10527.490459382,0,0
10528.498060784,0,1
10528.500474050,0,0
10529.508075222,0,1
10529.510488488,0,0
10530.518089722,0,1
10530.520502738,0,0
10531.528104120,0,1
10531.529373792,1,1
10531.532005742,0,1
10531.532041384,0,0
10532.538118694,0,1
10532.540531710,0,0
10533.548133134,0,1
10533.550546400,0,0
10534.558147544,0,1
10534.560560810,0,0
10535.568162024,0,1
10535.570575040,0,0
10536.578176478,0,1
10536.580589494,0,0
10537.588190876,0,1
10537.590604142,0,0
10538.598205304,0,1
10538.600618570,0,0
10539.608219784,0,1
10539.610632800,0,0
10540.618234204,0,1
10540.620647220,0,0
10541.628248634,0,1
10541.629518240,1,1
10541.632149938,0,1
10541.632185900,0,0
10542.638263094,0,1
10542.640676110,0,0
10543.648277540,0,1
10543.650690806,0,0
10544.658291966,0,1
10544.660705232,0,0
10545.668306476,0,1
10545.670719494,0,0
10546.678320876,0,1
10546.680733894,0,0
10547.688335300,0,1
10547.690748566,0,0
10548.698349702,0,1
10548.700762970,0,0
10549.708364198,0,1
10549.710777214,0,0
10550.718378624,0,1
10550.720791640,0,0
10551.728393094,0,1
10551.729662634,1,1
10551.732294380,0,1
10551.732330358,0,0
10552.738407516,0,1
10552.740820532,0,0
10553.748421904,0,1
10553.750834920,0,0
10554.758436360,0,1
10554.760849626,0,0
10555.768450810,0,1
10555.770864076,0,0
10556.778465308,0,1
10556.780878324,0,0
10557.788479700,0,1
10557.790892716,0,0
10558.798494148,0,1
10558.800907164,0,0
10559.808508544,0,1
10559.810921808,0,0
10560.818522988,0,1
10560.820936254,0,0
10561.828537510,0,1
10561.829807022,1,1
10561.832438796,0,1
10561.832474774,0,0
10562.838551782,0,1
10562.840964798,0,0
10563.848566186,0,1
10563.850979202,0,0
10564.858580600,0,1
10564.860993866,0,0
10565.868595044,0,1
10565.871008310,0,0
10566.878609564,0,1
10566.881022580,0,0
10567.888623952,0,1
10567.891036968,0,0
10568.898638422,0,1
10568.901051438,0,0
10569.908652850,0,1
10569.911066116,0,0
10570.918667238,0,1
10570.921080504,0,0
10571.928681796,0,1
10571.929951482,1,1
10571.932583556,0,1
10571.932619062,0,0
10572.938696306,0,1
10572.941109322,0,0
10573.948710762,0,1
10573.951123780,0,0
10574.958725162,0,1
10574.961138428,0,0
10575.968739608,0,1
10575.971152874,0,0
10576.978754074,0,1
10576.981167090,0,0
10577.988768534,0,1
10577.991181552,0,0
10578.998782906,0,1
10579.001196172,0,0
10580.008797416,0,1
10580.011210682,0,0
10581.018811816,0,1
10581.021224832,0,0
10582.028826306,0,1
10582.030095882,1,1
10582.032727332,0,1
10582.032763570,0,0
10583.038840728,0,1
10583.041253744,0,0
10584.048855136,0,1
10584.051268152,0,0
10585.058869582,0,1
10585.061282848,0,0
10586.068883982,0,1
10586.071297248,0,0
10587.078898492,0,1
10587.081311508,0,0
10588.088912912,0,1
10588.091325928,0,0
10589.098927352,0,1
10589.101340620,0,0
10590.108941760,0,1
10590.111355026,0,0
10591.118956218,0,1
10591.121369234,0,0
10592.128970668,0,1
10592.130240376,1,1
10592.132872132,0,1
10592.132908182,0,0
10593.138985200,0,1
10593.141398216,0,0
10594.148999618,0,1
10594.151412636,0,0
10595.159014070,0,1
10595.161427336,0,0
10596.169028616,0,1
10596.171441632,0,0
10597.179042970,0,1
10597.181455986,0,0
10598.189057464,0,1
10598.191470730,0,0
10599.199071850,0,1
10599.201485116,0,0
10600.209086330,0,1
10600.211499348,0,0
10601.219100798,0,1
10601.221513814,0,0
10602.229115230,0,1
10602.230384736,1,1
10602.233016198,0,1
10602.233052494,0,0
10603.239129534,0,1
10603.241542552,0,0
10604.249143920,0,1
10604.251556936,0,0
10605.259158344,0,1
10605.261571610,0,0
10606.269172770,0,1
10606.271586036,0,0
10607.279187302,0,1
10607.281600318,0,0
10608.289201678,0,1
10608.291614694,0,0
10609.299216088,0,1
10609.301629354,0,0
10610.309230514,0,1
10610.311643780,0,0
10611.319245032,0,1
10611.320514662,1,1
10611.323146824,0,1
10611.323182298,0,0
10612.329259436,0,1
10612.331672452,0,0
10613.339273892,0,1
10613.341686908,0,0
10614.349288300,0,1
10614.351701566,0,0
10615.359302720,0,1
10615.361715986,0,0
10616.369317206,0,1
10616.371730222,0,0
10617.379331690,0,1
10617.381744706,0,0
10618.389346050,0,1
10618.391759066,0,0
10619.399360504,0,1
10619.401773770,0,0
10620.409374920,0,1
10620.411788186,0,0
10621.419389454,0,1
10621.420659104,1,1
10621.423291290,0,1
10621.423326718,0,0
10622.429403842,0,1
10622.431816856,0,0
10623.439418256,0,1
10623.441831272,0,0
10624.449432724,0,1
10624.451845990,0,0
10625.459447168,0,1
10625.461860434,0,0
10626.469461586,0,1
10626.471874854,0,0
10627.479476024,0,1
10627.481889290,0,0
10628.489490468,0,1
10628.491903484,0,0
10629.499504898,0,1
10629.501917914,0,0
10630.509519360,0,1
10630.511932626,0,0
10631.519533810,0,1
10631.520803484,1,1
10631.523435630,0,1
10631.523471074,0,0
10632.529548320,0,1
10632.531961336,0,0
10633.539562718,0,1
10633.541975734,0,0
10634.549577182,0,1
10634.551990448,0,0
10635.559591588,0,1
10635.562004854,0,0
10636.569606098,0,1
10636.572019114,0,0
10637.579620506,0,1
10637.582033522,0,0
10638.589634942,0,1
10638.592048210,0,0
10639.599649332,0,1
10639.602062598,0,0
10640.609663892,0,1
10640.612076908,0,0
10641.619678274,0,1
10641.620947932,1,1
10641.623579318,0,1
10641.623615538,0,0
10642.629692698,0,1
10642.632105714,0,0
10643.639707152,0,1
10643.642120168,0,0
10644.649721594,0,1
10644.652134860,0,0
10645.659736056,0,1
10645.662149072,0,0
10646.669750492,0,1
10646.672163508,0,0
10647.679764894,0,1
10647.682177910,0,0
10648.689779370,0,1
10648.692192636,0,0
10649.699793888,0,1
10649.702206904,0,0
10650.709808292,0,1
10650.712221308,0,0
10651.719822716,0,1
10651.721092266,1,1
10651.723724046,0,1
10651.723759982,0,0
10652.729837160,0,1
10652.732250176,0,0
10653.739851550,0,1
10653.742264566,0,0
10654.749865984,0,1
10654.752279250,0,0
10655.759880398,0,1
10655.762293664,0,0
10656.769894890,0,1
10656.772307906,0,0
10657.779909376,0,1
10657.782322392,0,0
10658.789923802,0,1
10658.792337068,0,0
10659.799938206,0,1
10659.802351472,0,0
10660.809952664,0,1
10660.812365680,0,0
10661.819967084,0,1
10661.821236678,1,1
10661.823868116,0,1
10661.823904348,0,0
10662.829981508,0,1
10662.832394524,0,0
10663.839995976,0,1
10663.842408992,0,0
10664.850010378,0,1
10664.852423644,0,0
10665.860024854,0,1
10665.862438120,0,0
10666.870039340,0,1
10666.872452356,0,0
10667.880053744,0,1
10667.882466760,0,0
10668.890068166,0,1
10668.892481432,0,0
10669.900082574,0,1
10669.902495840,0,0
10670.910097036,0,1
10670.912510052,0,0
10671.920111478,0,1
10671.921381136,1,1
10671.924012874,0,1
10671.924048744,0,0
10672.930125888,0,1
10672.932538904,0,0
10673.940140354,0,1
10673.942553370,0,0
10674.950154776,0,1
10674.952568044,0,0
10675.960169206,0,1
10675.962582472,0,0
10676.970183696,0,1
10676.972596712,0,0
10677.980198118,0,1
10677.982611134,0,0
10678.990212524,0,1
10678.992625540,0,0
10680.000226920,0,1
10680.002640186,0,0
10681.010241360,0,1
10681.012654626,0,0
10682.020255802,0,1
10682.021525528,1,1
10682.024157424,0,1
10682.024193316,0,0
10683.030270346,0,1
10683.032683360,0,0
10684.040284760,0,1
10684.042697774,0,0
10685.050299202,0,1
10685.052712468,0,0
10686.060313646,0,1
10686.062726912,0,0
10687.070328138,0,1
10687.072741154,0,0
10688.080342554,0,1
10688.082755570,0,0
10689.090356994,0,1
10689.092770260,0,0
10690.100371448,0,1
10690.102784714,0,0
10691.110385884,0,1
10691.112798900,0,0
10692.120400314,0,1
10692.121669994,1,1
10692.124301718,0,1
10692.124337578,0,0
10693.130414876,0,1
10693.132827892,0,0
10694.140429326,0,1
10694.142842592,0,0
10695.150443744,0,1
10695.152856760,0,0
10696.160458188,0,1
10696.162871454,0,0
10697.170472664,0,1
10697.172885680,0,0
10698.180487058,0,1
10698.182900076,0,0
10699.190501506,0,1
10699.192914522,0,0
10700.200515944,0,1
10700.202929210,0,0
10701.210530448,0,1
10701.212943464,0,0
10702.220544816,0,1
10702.221814378,1,1
10702.224446068,0,1
10702.224482080,0,0
10703.230559254,0,1
10703.232972270,0,0
10704.240573724,0,1
10704.242986990,0,0
10705.250588126,0,1
10705.253001392,0,0
10706.260602628,0,1
10706.263015644,0,0
10707.270617040,0,1
10707.273030056,0,0
10708.280631442,0,1
10708.283044708,0,0
10709.290645906,0,1
10709.293059172,0,0
10710.300660370,0,1
10710.303073386,0,0
10711.310674792,0,1
10711.311944372,1,1
10711.314576458,0,1
10711.314612056,0,0
10712.320689232,0,1
10712.323102248,0,0
10713.330703666,0,1
10713.333116682,0,0
10714.340718104,0,1
10714.343131370,0,0
10715.350732610,0,1
10715.353145626,0,0
10716.360747040,0,1
10716.363160058,0,0
10717.370761460,0,1
10717.373174476,0,0
10718.380775812,0,1
10718.383189078,0,0
10719.390790368,0,1
10719.393203384,0,0
10720.400804800,0,1
10720.403217816,0,0
10721.410819220,0,1
10721.412088754,1,1
10721.414720448,0,1
10721.414756484,0,0
10722.420833484,0,1
10722.423246500,0,0
10723.430847968,0,1
10723.433260984,0,0
10724.440862382,0,1
10724.443275650,0,0
10725.450876802,0,1
10725.453290068,0,0
10726.460891268,0,1
10726.463304284,0,0
10727.470905702,0,1
10727.473318718,0,0
10728.480920130,0,1
10728.483333394,0,0
10729.490934546,0,1
10729.493347812,0,0
10730.500949034,0,1
10730.503362048,0,0
10731.510963472,0,1
10731.512233156,1,1
10731.514865250,0,1
10731.514900736,0,0
10732.520978006,0,1
10732.523391024,0,0
10733.530992450,0,1
10733.533405466,0,0
10734.541006880,0,1
10734.543420146,0,0
10735.551021340,0,1
10735.553434356,0,0
10736.561035762,0,1
10736.563448778,0,0
10737.571050214,0,1
10737.573463230,0,0
10738.581064646,0,1
10738.583477912,0,0
10739.591079126,0,1
10739.593492142,0,0
10740.601093562,0,1
10740.603506578,0,0
10741.611108002,0,1
10741.612377546,1,1
10741.615009238,0,1
10741.615045268,0,0
10742.621122292,0,1
10742.623535308,0,0
10743.631136730,0,1
10743.633549746,0,0
10744.641151110,0,1
10744.643564376,0,0
10745.651165566,0,1
10745.653578832,0,0
10746.661180094,0,1
10746.663593110,0,0
10747.671194456,0,1
10747.673607474,0,0
10748.681208932,0,1
10748.683622198,0,0
10749.691223282,0,1
10749.693636548,0,0
10750.701237856,0,1
10750.703650872,0,0
10751.711252246,0,1
10751.712521956,1,1
10751.715153500,0,1
10751.715189760,0,0
10752.721266802,0,1
10752.723679818,0,0
10753.731281238,0,1
10753.733694254,0,0
10754.741295690,0,1
10754.743708956,0,0
10755.751310174,0,1
10755.753723190,0,0
10756.761324568,0,1
10756.763737584,0,0
10757.771338980,0,1
10757.773751996,0,0
10758.781353398,0,1
10758.783766664,0,0
10759.791367892,0,1
10759.793780908,0,0
10760.801382330,0,1
10760.803795346,0,0
10761.811396766,0,1
10761.812666386,1,1
10761.815297970,0,1
10761.815334030,0,0
10762.821411228,0,1
10762.823824244,0,0
10763.831425636,0,1
10763.833838652,0,0
10764.841440044,0,1
10764.843853060,0,0
10765.851454500,0,1
10765.853867766,0,0
10766.861468948,0,1
10766.863882216,0,0
10767.871483404,0,1
10767.873896420,0,0
10768.881497822,0,1
10768.883910838,0,0
10769.891512274,0,1
10769.893925540,0,0
10770.901526722,0,1
10770.903939988,0,0
10771.911541190,0,1
10771.912810812,1,1
10771.915442668,0,1
10771.915478454,0,0
10772.921555580,0,1
10772.923968596,0,0
10773.931570034,0,1
10773.933983050,0,0
10774.941584446,0,1
10774.943997712,0,0
10775.951598890,0,1
10775.954012158,0,0
10776.961613372,0,1
10776.964026388,0,0
10777.971627780,0,1
10777.974040796,0,0
10778.981642214,0,1
10778.984055230,0,0
10779.991656640,0,1
10779.994069906,0,0
10781.001671070,0,1
10781.004084336,0,0
10782.011685552,0,1
10782.012955182,1,1
10782.015587118,0,1
10782.015622816,0,0
10783.021700020,0,1
10783.024113036,0,0
10784.031714404,0,1
10784.034127420,0,0
10785.041728804,0,1
10785.044142070,0,0
10786.051743268,0,1
10786.054156534,0,0
10787.061757708,0,1
10787.064170724,0,0
10788.071772156,0,1
10788.074185172,0,0
10789.081786614,0,1
10789.084199630,0,0
10790.091801002,0,1
10790.094214268,0,0
10791.101815414,0,1
10791.104228680,0,0
10792.111829906,0,1
10792.113099632,1,1
10792.115731272,0,1
10792.115767172,0,0
10793.121844430,0,1
10793.124257448,0,0
10794.131858846,0,1
10794.134271862,0,0
10795.141873322,0,1
10795.144286588,0,0
10796.151887714,0,1
10796.154300980,0,0
10797.161902214,0,1
10797.164315230,0,0
10798.171916676,0,1
10798.174329692,0,0
10799.181931072,0,1
10799.184344338,0,0
10800.191945548,0,1
10800.194358814,0,0
10801.201959994,0,1
10801.204373010,0,0
10802.211974430,0,1
10802.213243956,1,1
10802.215875630,0,1
10802.215911444,0,0
10803.221988724,0,1
10803.224401740,0,0
10804.232003166,0,1
10804.234416182,0,0
10805.242017552,0,1
10805.244430818,0,0
10806.252032018,0,1
10806.254445284,0,0
10807.262046484,0,1
10807.264459500,0,0
10808.272060890,0,1
10808.274473906,0,0
10809.282075302,0,1
10809.284488568,0,0
10810.292089770,0,1
10810.294503038,0,0
10811.302104234,0,1
10811.303373936,1,1
10811.306005798,0,1
10811.306041750,0,0
10812.312118822,0,1
10812.314531838,0,0
10813.322133202,0,1
10813.324546218,0,0
10814.332147630,0,1
10814.334560896,0,0
10815.342162084,0,1
10815.344575350,0,0
10816.352176572,0,1
10816.354589588,0,0
10817.362191018,0,1
10817.364604034,0,0
10818.372205448,0,1
10818.374618714,0,0
10819.382219850,0,1
10819.384633116,0,0
10820.392234352,0,1
10820.394647368,0,0
10821.402248794,0,1
10821.403518342,1,1
10821.406149952,0,1
10821.406185810,0,0
10822.412263234,0,1
10822.414676250,0,0
10823.422277618,0,1
10823.424690884,0,0
10824.432291996,0,1
10824.434705262,0,0
10825.442306560,0,1
10825.444719576,0,0
10826.452320970,0,1
10826.454733986,0,0
10827.462335372,0,1
10827.464748638,0,0
10828.472349796,0,1
10828.474763062,0,0
10829.482364300,0,1
10829.484777318,0,0
10830.492378704,0,1
10830.494791720,0,0
10831.502393136,0,1
10831.503662780,1,1
10831.506294404,0,1
10831.506330402,0,0
10832.512407614,0,1
10832.514820630,0,0
10833.522422026,0,1
10833.524835042,0,0
10834.532436448,0,1
10834.534849714,0,0
10835.542450878,0,1
10835.544864144,0,0
10836.552465332,0,1
10836.554878348,0,0
10837.562479762,0,1
10837.564892778,0,0
10838.572494218,0,1
10838.574907484,0,0
10839.582508580,0,1
10839.584921846,0,0
10840.592523074,0,1
10840.594936090,0,0
10841.602537514,0,1
10841.603807174,1,1
10841.606438900,0,1
10841.606474780,0,0
10842.612551958,0,1
10842.614964974,0,0
10843.622566352,0,1
10843.624979368,0,0
10844.632580804,0,1
10844.634994070,0,0
10845.642595206,0,1
10845.645008472,0,0
10846.652609714,0,1
10846.655022730,0,0
10847.662624124,0,1
10847.665037140,0,0
10848.672638522,0,1
10848.675051788,0,0
10849.682652998,0,1
10849.685066264,0,0
10850.692667430,0,1
10850.695080446,0,0
10851.702681882,0,1
10851.703951530,1,1
10851.706583068,0,1
10851.706619146,0,0
10852.712696342,0,1
10852.715109358,0,0
10853.722710712,0,1
10853.725123728,0,0
10854.732725156,0,1
10854.735138422,0,0
10855.742739620,0,1
10855.745152886,0,0
10856.752754052,0,1
10856.755167066,0,0
10857.762768484,0,1
10857.765181500,0,0
10858.772782992,0,1
10858.775196258,0,0
10859.782797328,0,1
10859.785210594,0,0
10860.792811848,0,1
10860.795224862,0,0
10861.802826282,0,1
10861.804095948,1,1
10861.806727564,0,1
10861.806763548,0,0
10862.812840808,0,1
10862.815253824,0,0
10863.822855262,0,1
10863.825268528,0,0
10864.832869654,0,1
10864.835282920,0,0
10865.842884122,0,1
10865.845297138,0,0
10866.852898600,0,1
10866.855311616,0,0
10867.862912968,0,1
10867.865326232,0,0
10868.872927416,0,1
10868.875340684,0,0
10869.882941940,0,1
10869.885354956,0,0
10870.892956354,0,1
10870.895369370,0,0
10871.902970744,0,1
10871.904240304,1,1
10871.906872044,0,1
10871.906908008,0,0
10872.912985156,0,1
10872.915398172,0,0
10873.922999652,0,1
10873.925412666,0,0
10874.933014056,0,1
10874.935427322,0,0
10875.943028476,0,1
10875.945441742,0,0
10876.953042972,0,1
10876.955455988,0,0
10877.963057378,0,1
10877.965470394,0,0
10878.973071802,0,1
10878.975485068,0,0
10879.983086232,0,1
10879.985499498,0,0
10880.993100700,0,1
10880.995513716,0,0
10882.003115108,0,1
10882.004384752,1,1
10882.007016858,0,1
10882.007052374,0,0
10883.013129544,0,1
10883.015542560,0,0
10884.023143992,0,1
10884.025557258,0,0
10885.033158442,0,1
10885.035571708,0,0
10886.043172898,0,1
10886.045585914,0,0
10887.053187302,0,1
10887.055600318,0,0
10888.063201728,0,1
10888.065614994,0,0
10889.073216154,0,1
10889.075629420,0,0
10890.083230620,0,1
10890.085643636,0,0
10891.093245078,0,1
10891.095658094,0,0
10892.103259490,0,1
10892.104529128,1,1
10892.107160596,0,1
10892.107196754,0,0
10893.113273954,0,1
10893.115686970,0,0
10894.123288344,0,1
10894.125701360,0,0
10895.133302762,0,1
10895.135716030,0,0
10896.143317200,0,1
10896.145730466,0,0
10897.153331664,0,1
10897.155744680,0,0
10898.163346092,0,1
10898.165759108,0,0
10899.173360572,0,1
10899.175773588,0,0
10900.183375014,0,1
10900.185788280,0,0
10901.193389366,0,1
10901.195802632,0,0
10902.203403896,0,1
10902.204673508,1,1
10902.207305126,0,1
10902.207341160,0,0
10903.213418350,0,1
10903.215831366,0,0
10904.223432766,0,1
10904.225845782,0,0
10905.233447176,0,1
10905.235860442,0,0
10906.243461588,0,1
10906.245874854,0,0
10907.253476088,0,1
10907.255889104,0,0
10908.263490482,0,1
10908.265903496,0,0
10909.273504952,0,1
10909.275918218,0,0
10910.283519342,0,1
10910.285932608,0,0
10911.293533822,0,1
10911.294803520,1,1
10911.297435250,0,1
10911.297471086,0,0
10912.303548362,0,1
10912.305961378,0,0
10913.313562824,0,1
10913.315976090,0,0
10914.323577268,0,1
10914.325990534,0,0
10915.333591720,0,1
10915.336004736,0,0
10916.343606154,0,1
10916.346019170,0,0
10917.353620542,0,1
10917.356033808,0,0
10918.363635016,0,1
10918.366048282,0,0
10919.373649504,0,1
10919.376062520,0,0
10920.383663932,0,1
10920.386076948,0,0
10921.393678308,0,1
10921.394947874,1,1
10921.397579292,0,1
10921.397615572,0,0
10922.403692774,0,1
10922.406105790,0,0
10923.413707152,0,1
10923.416120418,0,0
10924.423721636,0,1
10924.426134902,0,0
10925.433736074,0,1
10925.436149090,0,0
10926.443750494,0,1
10926.446163510,0,0
10927.453764996,0,1
10927.456178262,0,0
10928.463779348,0,1
10928.466192614,0,0
10929.473793834,0,1
10929.476206852,0,0
10930.483808260,0,1
10930.486221276,0,0
10931.493822696,0,1
10931.495092304,1,1
10931.497723780,0,1
10931.497759960,0,0
10932.503837168,0,1
10932.506250184,0,0
10933.513851596,0,1
10933.516264862,0,0
10934.523865978,0,1
10934.526279244,0,0
10935.533880484,0,1
10935.536293500,0,0
10936.543894854,0,1
10936.546307870,0,0
10937.553909312,0,1
10937.556322578,0,0
10938.563923752,0,1
10938.566337018,0,0
10939.573938222,0,1
10939.576351238,0,0
10940.583952652,0,1
10940.586365668,0,0
10941.593967064,0,1
10941.595236662,1,1
10941.597868284,0,1
10941.597904328,0,0
10942.603981502,0,1
10942.606394520,0,0
10943.613995964,0,1
10943.616408980,0,0
10944.624010352,0,1
10944.626423620,0,0
10945.634024780,0,1
10945.636438046,0,0
10946.644039262,0,1
10946.646452278,0,0
10947.654053706,0,1
10947.656466722,0,0
10948.664068148,0,1
10948.666481414,0,0
10949.674082534,0,1
10949.676495800,0,0
10950.684097028,0,1
10950.686510044,0,0
10951.694111412,0,1
10951.695381090,1,1
10951.698012546,0,1
10951.698048676,0,0
10952.704126004,0,1
10952.706539020,0,0
10953.714140408,0,1
10953.716553674,0,0
10954.724154826,0,1
10954.726568092,0,0
10955.734169322,0,1
10955.736582340,0,0
10956.744183754,0,1
10956.746596770,0,0
10957.754198220,0,1
10957.756611484,0,0
10958.764212636,0,1
10958.766625902,0,0
10959.774227088,0,1
10959.776640104,0,0
10960.784241540,0,1
10960.786654556,0,0
10961.794255886,0,1
10961.795525458,1,1
10961.798157164,0,1
10961.798193150,0,0
10962.804270342,0,1
10962.806683358,0,0
10963.814284770,0,1
10963.816698036,0,0
10964.824299188,0,1
10964.826712456,0,0
10965.834313716,0,1
10965.836726732,0,0
10966.844328122,0,1
10966.846741138,0,0
10967.854342544,0,1
10967.856755560,0,0
10968.864356958,0,1
10968.866770226,0,0
10969.874371438,0,1
10969.876784704,0,0
10970.884385924,0,1
10970.886798940,0,0
10971.894400296,0,1
10971.895669792,1,1
10971.898301894,0,1
10971.898337560,0,0
10972.904414622,0,1
10972.906827638,0,0
10973.914429050,0,1
10973.916842066,0,0
10974.924443490,0,1
10974.926856756,0,0
10975.934457948,0,1
10975.936870964,0,0
10976.944472366,0,1
10976.946885382,0,0
10977.954486838,0,1
10977.956899854,0,0
10978.964501216,0,1
10978.966914482,0,0
10979.974515642,0,1
10979.976928908,0,0
10980.984530120,0,1
10980.986943134,0,0
10981.994544540,0,1
10981.995814182,1,1
10981.998446046,0,1
10981.998481804,0,0
10983.004559008,0,1
10983.006972024,0,0
10984.014573396,0,1
10984.016986412,0,0
10985.024587872,0,1
10985.027001136,0,0
10986.034602262,0,1
10986.037015528,0,0
10987.044616780,0,1
10987.047029796,0,0
10988.054631156,0,1
10988.057044172,0,0
10989.064645612,0,1
10989.067058878,0,0
10990.074660020,0,1
10990.077073286,0,0
10991.084674512,0,1
10991.087087528,0,0
10992.094688910,0,1
10992.095958530,1,1
10992.098590160,0,1
10992.098626174,0,0
10993.104703334,0,1
10993.107116350,0,0
10994.114717808,0,1
10994.117130824,0,0
10995.124732194,0,1
10995.127145460,0,0
10996.134746628,0,1
10996.137159894,0,0
10997.144761098,0,1
10997.147174114,0,0
10998.154775564,0,1
10998.157188580,0,0
10999.164789948,0,1
10999.167202964,0,0
11000.174804382,0,1
11000.177217648,0,0
11001.184818808,0,1
11001.187232074,0,0
11002.194833296,0,1
11002.196102946,1,1
11002.198734780,0,1
11002.198770560,0,0
11003.204847752,0,1
11003.207260768,0,0
11004.214862106,0,1
11004.217275124,0,0
11005.224876574,0,1
11005.227289840,0,0
11006.234891012,0,1
11006.237304278,0,0
11007.244905444,0,1
11007.247318460,0,0
11008.254919882,0,1
11008.257332898,0,0
11009.264934366,0,1
11009.267347382,0,0
11010.274948762,0,1
11010.277362028,0,0
11011.284963208,0,1
11011.286232870,1,1
11011.288864712,0,1
11011.288900472,0,0
11012.294977566,0,1
11012.297390582,0,0
11013.304992046,0,1
11013.307405062,0,0
11014.315006430,0,1
11014.317419696,0,0
11015.325020826,0,1
11015.327434092,0,0
11016.335035368,0,1
11016.337448384,0,0
11017.345049762,0,1
11017.347462778,0,0
11018.355064194,0,1
11018.357477212,0,0
11019.365078608,0,1
11019.367491874,0,0
11020.375093042,0,1
11020.377506308,0,0
11021.385107436,0,1
11021.386377320,1,1
11021.389008922,0,1
11021.389044950,0,0
11022.395122134,0,1
11022.397535150,0,0
11023.405136546,0,1
11023.407549562,0,0
11024.415150964,0,1
11024.417564230,0,0
11025.425165436,0,1
11025.427578702,0,0
11026.435179890,0,1
11026.437592906,0,0
11027.445194326,0,1
11027.447607342,0,0
11028.455208754,0,1
11028.457622020,0,0
11029.465223132,0,1
11029.467636398,0,0
11030.475237610,0,1
11030.477650626,0,0
11031.485252064,0,1
11031.486521616,1,1
11031.489153194,0,1
11031.489189330,0,0
11032.495266510,0,1
11032.497679528,0,0
11033.505280944,0,1
11033.507693960,0,0
11034.515295382,0,1
11034.517708648,0,0
11035.525309782,0,1
11035.527723048,0,0
11036.535324196,0,1
11036.537737462,0,0
11037.545338608,0,1
11037.547751874,0,0
11038.555353114,0,1
11038.557766130,0,0
11039.565367494,0,1
11039.567780510,0,0
11040.575381942,0,1
11040.577795208,0,0
11041.585396376,0,1
11041.586665978,1,1
11041.589297520,0,1
11041.589333640,0,0
11042.595410792,0,1
11042.597823808,0,0
11043.605425250,0,1
11043.607838266,0,0
11044.615439680,0,1
11044.617852946,0,0
11045.625454098,0,1
11045.627867364,0,0
11046.635468528,0,1
11046.637881542,0,0
11047.645482984,0,1
11047.647896000,0,0
11048.655497422,0,1
11048.657910438,0,0
11049.665511792,0,1
11049.667925058,0,0
11050.675526264,0,1
11050.677939530,0,0
11051.685540758,0,1
11051.686810370,1,1
11051.689442130,0,1
11051.689478022,0,0
11052.695555172,0,1
11052.697968188,0,0
11053.705569548,0,1
11053.707982564,0,0
11054.715583988,0,1
11054.717997254,0,0
11055.725598446,0,1
11055.728011714,0,0
11056.735612878,0,1
11056.738025894,0,0
11057.745627348,0,1
11057.748040366,0,0
11058.755641740,0,1
11058.758055006,0,0
11059.765656170,0,1
11059.768069436,0,0
11060.775670652,0,1
11060.778083668,0,0
11061.785685094,0,1
11061.786954786,1,1
11061.789586390,0,1
11061.789622608,0,0
11062.795699614,0,1
11062.798112630,0,0
11063.805714054,0,1
11063.808127070,0,0
11064.815728502,0,1
11064.818141768,0,0
11065.825742960,0,1
11065.828155976,0,0
11066.835757398,0,1
11066.838170414,0,0
11067.845771782,0,1
11067.848184798,0,0
11068.855786216,0,1
11068.858199482,0,0
11069.865800732,0,1
11069.868213748,0,0
11070.875815182,0,1
11070.878228198,0,0
11071.885829566,0,1
11071.887099146,1,1
11071.889730840,0,1
11071.889766830,0,0
11072.895843992,0,1
11072.898257008,0,0
11073.905858434,0,1
11073.908271450,0,0
11074.915872826,0,1
11074.918286092,0,0
11075.925887352,0,1
11075.928300368,0,0
11076.935901780,0,1
11076.938314796,0,0
11077.945916146,0,1
11077.948329162,0,0
11078.955930574,0,1
11078.958343840,0,0
11079.965945086,0,1
11079.968358102,0,0
11080.975959510,0,1
11080.978372526,0,0
11081.985973928,0,1
11081.987243502,1,1
11081.989875502,0,1
11081.989911194,0,0
11082.995988370,0,1
11082.998401384,0,0
11084.006002792,0,1
11084.008415808,0,0
11085.016017202,0,1
11085.018430468,0,0
11086.026031698,0,1
11086.028444714,0,0
11087.036046076,0,1
11087.038459092,0,0
11088.046060560,0,1
11088.048473578,0,0
11089.056074926,0,1
11089.058488192,0,0
11090.066089402,0,1
11090.068502420,0,0
11091.076103866,0,1
11091.078516882,0,0
11092.086118282,0,1
11092.087387816,1,1
11092.090019172,0,1
11092.090055546,0,0
11093.096132564,0,1
11093.098545580,0,0
11094.106146982,0,1
11094.108559998,0,0
11095.116161440,0,1
11095.118574704,0,0
11096.126175868,0,1
11096.128589134,0,0
11097.136190348,0,1
11097.138603364,0,0
11098.146204762,0,1
11098.148617778,0,0
11099.156219192,0,1
11099.158632458,0,0
11100.166233600,0,1
11100.168646866,0,0
11101.176248122,0,1
11101.178661138,0,0
11102.186262506,0,1
11102.187532242,1,1
11102.190163924,0,1
11102.190200020,0,0
11103.196277072,0,1
11103.198690088,0,0
11104.206291520,0,1
11104.208704536,0,0
11105.216305930,0,1
11105.218718946,0,0
11106.226320384,0,1
11106.228733650,0,0
11107.236334746,0,1
11107.238748012,0,0
11108.246349272,0,1
11108.248762288,0,0
11109.256363648,0,1
11109.258776664,0,0
11110.266378096,0,1
11110.268791112,0,0
11111.276392536,0,1
11111.277662134,1,1
11111.280293768,0,1
11111.280329802,0,0
11112.286406928,0,1
11112.288819944,0,0
11113.296421354,0,1
11113.298834372,0,0
11114.306435816,0,1
11114.308849080,0,0
11115.316450196,0,1
11115.318863462,0,0
11116.326464710,0,1
11116.328877726,0,0
11117.336479136,0,1
11117.338892152,0,0
11118.346493574,0,1
11118.348906590,0,0
11119.356507964,0,1
11119.358921230,0,0
11120.366522400,0,1
11120.368935666,0,0
11121.376536918,0,1
11121.377806608,1,1
11121.380438554,0,1
11121.380474182,0,0
11122.386551458,0,1
11122.388964474,0,0
11123.396565864,0,1
11123.398978880,0,0
11124.406580284,0,1
11124.408993550,0,0
11125.416594746,0,1
11125.419007762,0,0
11126.426609190,0,1
11126.429022206,0,0
11127.436623578,0,1
11127.439036594,0,0
11128.446638042,0,1
11128.449051308,0,0
11129.456652458,0,1
11129.459065474,0,0
11130.466666964,0,1
11130.469079980,0,0
11131.476681384,0,1
11131.477950948,1,1
11131.480582536,0,1
11131.480618650,0,0
11132.486695742,0,1
11132.489108758,0,0
11133.496710220,0,1
11133.499123236,0,0
11134.506724638,0,1
11134.509137904,0,0
11135.516739150,0,1
11135.519152166,0,0
11136.526753526,0,1
11136.529166542,0,0
11137.536767924,0,1
11137.539180940,0,0
11138.546782366,0,1
11138.549195632,0,0
11139.556796898,0,1
11139.559209914,0,0
11140.566811316,0,1
11140.569224332,0,0
11141.576825682,0,1
11141.578095302,1,1
11141.580727290,0,1
11141.580762948,0,0
11142.586840128,0,1
11142.589253144,0,0
11143.596854526,0,1
11143.599267542,0,0
11144.606868982,0,1
11144.609282248,0,0
11145.616883396,0,1
11145.619296664,0,0
11146.626897890,0,1
11146.629310906,0,0
11147.636912322,0,1
11147.639325338,0,0
11148.646926702,0,1
11148.649339968,0,0
11149.656941160,0,1
11149.659354426,0,0
11150.666955614,0,1
11150.669368630,0,0
11151.676970040,0,1
11151.678239684,1,1
11151.680871450,0,1
11151.680907304,0,0
11152.686984472,0,1
11152.689397488,0,0
11153.696998864,0,1
11153.699411880,0,0
11154.707013296,0,1
11154.709426562,0,0
11155.717027706,0,1
11155.719440972,0,0
11156.727042206,0,1
11156.729455224,0,0
11157.737056676,0,1
11157.739469692,0,0
11158.747071044,0,1
11158.749484310,0,0
11159.757085448,0,1
11159.759498714,0,0
11160.767099954,0,1
11160.769512972,0,0
11161.777114418,0,1
11161.778384016,1,1
11161.781015824,0,1
11161.781051682,0,0
11162.787128802,0,1
11162.789541818,0,0
11163.797143244,0,1
11163.799556260,0,0
11164.807157654,0,1
11164.809570920,0,0
11165.817172056,0,1
11165.819585322,0,0
11166.827186590,0,1
11166.829599606,0,0
11167.837200936,0,1
11167.839613952,0,0
11168.847215376,0,1
11168.849628644,0,0
11169.857229802,0,1
11169.859643068,0,0
11170.867244342,0,1
11170.869657358,0,0
11171.877258724,0,1
11171.878528462,1,1
11171.881160136,0,1
11171.881196238,0,0
11172.887273222,0,1
11172.889686238,0,0
11173.897287686,0,1
11173.899700952,0,0
11174.907302122,0,1
11174.909715388,0,0
11175.917316568,0,1
11175.919729586,0,0
11176.927330990,0,1
11176.929744004,0,0
11177.937345396,0,1
11177.939758662,0,0
11178.947359874,0,1
11178.949773140,0,0
11179.957374304,0,1
11179.959787320,0,0
11180.967388766,0,1
11180.969801780,0,0
11181.977403158,0,1
11181.978672784,1,1
11181.981304526,0,1
11181.981340424,0,0
11182.987417638,0,1
11182.989830654,0,0
11183.997431998,0,1
11183.999845014,0,0
11185.007446436,0,1
11185.009859702,0,0
11186.017460858,0,1
11186.019874124,0,0
11187.027475338,0,1
11187.029888354,0,0
11188.037489752,0,1
11188.039902770,0,0
11189.047504214,0,1
11189.049917480,0,0
11190.057518622,0,1
11190.059931888,0,0
11191.067533092,0,1
11191.069946108,0,0
11192.077547514,0,1
11192.078817114,1,1
11192.081449272,0,1
11192.081484780,0,0
11193.087561928,0,1
11193.089974944,0,0
11194.097576352,0,1
11194.099989368,0,0
11195.107590760,0,1
11195.110004026,0,0
11196.117605236,0,1
11196.120018252,0,0
11197.127619722,0,1
11197.130032738,0,0
11198.137634140,0,1
11198.140047154,0,0
11199.147648522,0,1
11199.150061788,0,0
11200.157662970,0,1
11200.160076236,0,0
11201.167677422,0,1
11201.170090438,0,0
11202.177691876,0,1
11202.178961538,1,1
11202.181593764,0,1
11202.181629142,0,0
11203.187706314,0,1
11203.190119330,0,0
11204.197720720,0,1
11204.200133736,0,0
11205.207735182,0,1
11205.210148448,0,0
11206.217749568,0,1
11206.220162834,0,0
11207.227764044,0,1
11207.230177060,0,0
11208.237778460,0,1
11208.240191476,0,0
11209.247792924,0,1
11209.250206190,0,0
11210.257807350,0,1
11210.260220616,0,0
11211.267821768,0,1
11211.270235036,0,0
11212.277836222,0,1
11212.279105840,1,1
11212.281737184,0,1
11212.281773486,0,0
11213.287850654,0,1
11213.290263670,0,0
11214.297865040,0,1
11214.300278058,0,0
11215.307879466,0,1
11215.310292732,0,0
11216.317893914,0,1
11216.320307180,0,0
11217.327908402,0,1
11217.330321418,0,0
11218.337922854,0,1
11218.340335870,0,0
11219.347937232,0,1
11219.350350498,0,0
11220.357951666,0,1
11220.360364934,0,0
11221.367966064,0,1
11221.369235772,1,1
11221.371867254,0,1
11221.371903580,0,0
11222.377980660,0,1
11222.380393676,0,0
11223.387995056,0,1
11223.390408072,0,0
11224.398009456,0,1
11224.400422722,0,0
11225.408023910,0,1
11225.410437176,0,0
11226.418038414,0,1
11226.420451430,0,0
11227.428052812,0,1
11227.430465828,0,0
11228.438067250,0,1
11228.440480516,0,0
11229.448081676,0,1
11229.450494942,0,0
11230.458096162,0,1
11230.460509180,0,0
11231.468110592,0,1
11231.469380154,1,1
11231.472012288,0,1
11231.472047856,0,0
11232.478125024,0,1
11232.480538040,0,0
11233.488139414,0,1
11233.490552430,0,0
11234.498153862,0,1
11234.500567128,0,0
11235.508168284,0,1
11235.510581550,0,0
11236.518182752,0,1
11236.520595770,0,0
11237.528197190,0,1
11237.530610206,0,0
11238.538211604,0,1
11238.540624870,0,0
11239.548225998,0,1
11239.550639262,0,0
11240.558240438,0,1
11240.560653704,0,0
11241.568254900,0,1
11241.569524552,1,1
11241.572155782,0,1
11241.572192166,0,0
11242.578269332,0,1
11242.580682350,0,0
11243.588283762,0,1
11243.590696778,0,0
11244.598298222,0,1
11244.600711488,0,0
11245.608312608,0,1
11245.610725874,0,0
11246.618327074,0,1
11246.620740090,0,0
11247.628341524,0,1
11247.630754540,0,0
11248.638355960,0,1
11248.640769226,0,0
11249.648370354,0,1
11249.650783622,0,0
11250.658384854,0,1
11250.660797870,0,0
11251.668399258,0,1
11251.669668862,1,1
11251.672300772,0,1
11251.672336522,0,0
11252.678413678,0,1
11252.680826694,0,0
11253.688428128,0,1
11253.690841144,0,0
11254.698442584,0,1
11254.700855852,0,0
11255.708456996,0,1
11255.710870262,0,0
11256.718471446,0,1
11256.720884462,0,0
11257.728485844,0,1
11257.730898860,0,0
11258.738500318,0,1
11258.740913584,0,0
11259.748514712,0,1
11259.750927976,0,0
11260.758529194,0,1
11260.760942212,0,0
11261.768543636,0,1
11261.769813214,1,1
11261.772444814,0,1
11261.772480900,0,0
11262.778557988,0,1
11262.780971004,0,0
11263.788572468,0,1
11263.790985484,0,0
11264.798586852,0,1
11264.801000118,0,0
11265.808601324,0,1
11265.811014590,0,0
11266.818615796,0,1
11266.821028812,0,0
11267.828630192,0,1
11267.831043208,0,0
11268.838644638,0,1
11268.841057904,0,0
11269.848659068,0,1
11269.851072334,0,0
11270.858673574,0,1
11270.861086590,0,0
11271.868687924,0,1
11271.869957606,1,1
11271.872589156,0,1
11271.872625188,0,0
11272.878702478,0,1
11272.881115492,0,0
11273.888716920,0,1
11273.891129936,0,0
11274.898731334,0,1
11274.901144600,0,0
11275.908745826,0,1
11275.911158842,0,0
11276.918760222,0,1
11276.921173238,0,0
11277.928774658,0,1
11277.931187674,0,0
11278.938789080,0,1
11278.941202346,0,0
11279.948803546,0,1
11279.951216562,0,0
11280.958817952,0,1
11280.961230966,0,0
11281.968832356,0,1
11281.970101938,1,1
11281.972733176,0,1
11281.972769622,0,0
11282.978846814,0,1
11282.981259830,0,0
11283.988861260,0,1
11283.991274276,0,0
11284.998875668,0,1
11285.001288934,0,0
11286.008890162,0,1
11286.011303178,0,0
11287.018904572,0,1
11287.021317588,0,0
11288.028919026,0,1
11288.031332042,0,0
11289.038933386,0,1
11289.041346652,0,0
11290.048947848,0,1
11290.051360864,0,0
11291.058962320,0,1
11291.061375336,0,0
11292.068976726,0,1
11292.070246336,1,1
11292.072878014,0,1
11292.072913992,0,0
11293.078991164,0,1
11293.081404180,0,0
11294.089005542,0,1
11294.091418558,0,0
11295.099020016,0,1
11295.101433282,0,0
11296.109034462,0,1
11296.111447478,0,0
11297.119048882,0,1
11297.121461898,0,0
11298.129063260,0,1
11298.131476276,0,0
11299.139077748,0,1
11299.141491014,0,0
11300.149092224,0,1
11300.151505240,0,0
11301.159106600,0,1
11301.161519616,0,0
11302.169120994,0,1
11302.170390658,1,1
11302.173022326,0,1
11302.173058258,0,0
11303.179135432,0,1
11303.181548448,0,0
11304.189149862,0,1
11304.191562878,0,0
11305.199164248,0,1
11305.201577514,0,0
11306.209178714,0,1
11306.211591980,0,0
11307.219193184,0,1
11307.221606200,0,0
11308.229207660,0,1
11308.231620676,0,0
11309.239222070,0,1
11309.241635086,0,0
11310.249236506,0,1
11310.251649772,0,0
11311.259250882,0,1
11311.261664148,0,0
11312.269265348,0,1
11312.270535010,1,1
11312.273167028,0,1
11312.273202612,0,0
11313.279279910,0,1
11313.281692926,0,0
11314.289294360,0,1
11314.291707626,0,0
11315.299308768,0,1
11315.301722034,0,0
11316.309323232,0,1
11316.311736248,0,0
11317.319337690,0,1
11317.321750706,0,0
11318.329352084,0,1
11318.331765350,0,0
11319.339366498,0,1
11319.341779764,0,0
11320.349380992,0,1
11320.351794008,0,0
11321.359395366,0,1
11321.360664966,1,1
11321.363297204,0,1
11321.363299446,1,1
11321.363299452,0,1
11321.363332632,0,0
11322.369409818,0,1
11322.371822836,0,0
11323.379424262,0,1
11323.381837528,0,0
11324.389438638,0,1
11324.391851904,0,0
11325.399453110,0,1
11325.401866126,0,0
11326.409467598,0,1
11326.411880614,0,0
11327.419482010,0,1
11327.421895276,0,0
11328.429496432,0,1
11328.431909698,0,0
11329.439510880,0,1
11329.441923896,0,0
11330.449525314,0,1
11330.451938330,0,0
11331.459539724,0,1
11331.460809314,1,1
11331.463440702,0,1
11331.463476988,0,0
11332.469554110,0,1
11332.471967126,0,0
11333.479568530,0,1
11333.481981796,0,0
11334.489582952,0,1
11334.491996220,0,0
11335.499597490,0,1
11335.502010506,0,0
11336.509611900,0,1
11336.512024914,0,0
11337.519626332,0,1
11337.522039598,0,0
11338.529640714,0,1
11338.532053980,0,0
11339.539655180,0,1
11339.542068196,0,0
11340.549669646,0,1
11340.552082662,0,0
11341.559684074,0,1
11341.560953682,1,1
11341.563585876,0,1
11341.563621340,0,0
11342.569698470,0,1
11342.572111486,0,0
11343.579712860,0,1
11343.582126126,0,0
11344.589727326,0,1
11344.592140592,0,0
11345.599741802,0,1
11345.602154818,0,0
11346.609756202,0,1
11346.612169218,0,0
11347.619770618,0,1
11347.622183884,0,0
11348.629785058,0,1
11348.632198324,0,0
11349.639799522,0,1
11349.642212538,0,0
11350.649813934,0,1
11350.652226950,0,0
11351.659828354,0,1
11351.661097952,1,1
11351.663729752,0,1
11351.663765618,0,0
11352.669842808,0,1
11352.672255824,0,0
11353.679857204,0,1
11353.682270220,0,0
11354.689871618,0,1
11354.692284884,0,0
11355.699886014,0,1
11355.702299280,0,0
11356.709900506,0,1
11356.712313524,0,0
11357.719914942,0,1
11357.722327958,0,0
11358.729929380,0,1
11358.732342648,0,0
11359.739943800,0,1
11359.742357066,0,0
11360.749958282,0,1
11360.752371298,0,0
11361.759972698,0,1
11361.761242348,1,1
11361.763874282,0,1
11361.763909962,0,0
11362.769987100,0,1
11362.772400116,0,0
11363.780001564,0,1
11363.782414580,0,0
11364.790015996,0,1
11364.792429262,0,0
11365.800030376,0,1
11365.802443642,0,0
11366.810044866,0,1
11366.812457882,0,0
11367.820059292,0,1
11367.822472308,0,0
11368.830073680,0,1
11368.832486946,0,0
11369.840088138,0,1
11369.842501404,0,0
11370.850102588,0,1
11370.852515604,0,0
11371.860116994,0,1
11371.861386616,1,1
11371.864018322,0,1
11371.864054258,0,0
11372.870131420,0,1
11372.872544436,0,0
11373.880145862,0,1
11373.882558878,0,0
11374.890160272,0,1
11374.892573538,0,0
11375.900174670,0,1
11375.902587936,0,0
11376.910189142,0,1
11376.912602408,0,0
11377.920203574,0,1
11377.922616590,0,0
11378.930218002,0,1
11378.932631018,0,0
11379.940232406,0,1
11379.942645672,0,0
11380.950246844,0,1
11380.952660112,0,0
11381.960261314,0,1
11381.961530948,1,1
11381.964162634,0,1
11381.964198578,0,0
11382.970275722,0,1
11382.972688738,0,0
11383.980290170,0,1
11383.982703186,0,0
11384.990304608,0,1
11384.992717874,0,0
11386.000318996,0,1
11386.002732262,0,0
11387.010333522,0,1
11387.012746538,0,0
11388.020347906,0,1
11388.022760922,0,0
11389.030362340,0,1
11389.032775606,0,0
11390.040376726,0,1
11390.042789992,0,0
11391.050391196,0,1
11391.052804212,0,0
11392.060405658,0,1
11392.061675330,1,1
11392.064306994,0,1
11392.064342922,0,0
11393.070420190,0,1
11393.072833206,0,0
11394.080434596,0,1
11394.082847612,0,0
11395.090448992,0,1
11395.092862260,0,0
11396.100463434,0,1
11396.102876702,0,0
11397.110477934,0,1
11397.112890950,0,0
11398.120492346,0,1
11398.122905362,0,0
11399.130506736,0,1
11399.132920002,0,0
11400.140521186,0,1
11400.142934452,0,0
11401.150535624,0,1
11401.152948640,0,0
11402.160550102,0,1
11402.161819608,1,1
11402.164451226,0,1
11402.164487366,0,0
11403.170564372,0,1
11403.172977388,0,0
11404.180578820,0,1
11404.182991836,0,0
11405.190593210,0,1
11405.193006476,0,0
11406.200607604,0,1
11406.203020870,0,0
11407.210622080,0,1
11407.213035096,0,0
11408.220636536,0,1
11408.223049552,0,0
11409.230650968,0,1
11409.233063984,0,0
11410.240665376,0,1
11410.243078642,0,0
11411.250679832,0,1
11411.253093098,0,0
11412.260694318,0,1
11412.261963974,1,1
11412.264595884,0,1
11412.264631582,0,0
11413.270708666,0,1
11413.273121682,0,0
11414.280723116,0,1
11414.283136132,0,0
11415.290737506,0,1
11415.293150772,0,0
11416.300751972,0,1
11416.303165238,0,0
11417.310766438,0,1
11417.313179454,0,0
11418.320780830,0,1
11418.323193846,0,0
11419.330795296,0,1
11419.333208312,0,0
11420.340809690,0,1
11420.343222956,0,0
11421.350824092,0,1
11421.352093802,1,1
11421.354725136,0,1
11421.354761356,0,0
11422.360838660,0,1
11422.363251676,0,0
11423.370853028,0,1
11423.373266044,0,0
11424.380867460,0,1
11424.383280726,0,0
11425.390881870,0,1
11425.393295136,0,0
11426.400896362,0,1
11426.403309378,0,0
11427.410910750,0,1
11427.413323766,0,0
11428.420925210,0,1
11428.423338478,0,0
11429.430939646,0,1
11429.433352912,0,0
11430.440954084,0,1
11430.443367100,0,0
11431.450968540,0,1
11431.452238152,1,1
11431.454869770,0,1
11431.454905806,0,0
11432.460982930,0,1
11432.463395946,0,0
11433.470997356,0,1
11433.473410374,0,0
11434.481011776,0,1
11434.483425042,0,0
11435.491026178,0,1
11435.493439444,0,0
11436.501040694,0,1
11436.503453710,0,0
11437.511055100,0,1
11437.513468116,0,0
11438.521069482,0,1
11438.523482748,0,0
11439.531083914,0,1
11439.533497180,0,0
11440.541098396,0,1
11440.543511412,0,0
11441.551112768,0,1
11441.552382510,1,1
11441.555014050,0,1
11441.555050032,0,0
11442.561127368,0,1
11442.563540384,0,0
11443.571141760,0,1
11443.573554776,0,0
11444.581156210,0,1
11444.583569226,0,0
11445.591170634,0,1
11445.593583900,0,0
11446.601185032,0,1
11446.603598298,0,0
11447.611199524,0,1
11447.613612540,0,0
11448.621213932,0,1
11448.623626948,0,0
11449.631228348,0,1
11449.633641616,0,0
11450.641242780,0,1
11450.643656046,0,0
11451.651257256,0,1
11451.652526784,1,1
11451.655158946,0,1
11451.655194520,0,0
11452.661271518,0,1
11452.663684534,0,0
11453.671285926,0,1
11453.673698942,0,0
11454.681300388,0,1
11454.683713654,0,0
11455.691314758,0,1
11455.693728024,0,0
11456.701329290,0,1
11456.703742308,0,0
11457.711343698,0,1
11457.713756714,0,0
11458.721358080,0,1
11458.723771346,0,0
11459.731372548,0,1
11459.733785814,0,0
11460.741386990,0,1
11460.743800006,0,0
11461.751401394,0,1
11461.752671096,1,1
11461.755302430,0,1
11461.755338910,0,0
11462.761415932,0,1
11462.763828948,0,0
11463.771430386,0,1
11463.773843404,0,0
11464.781444812,0,1
11464.783858080,0,0
11465.791459300,0,1
11465.793872314,0,0
11466.801473710,0,1
11466.803886724,0,0
11467.811488154,0,1
11467.813901170,0,0
11468.821502536,0,1
11468.823915802,0,0
11469.831517078,0,1
11469.833930094,0,0
11470.841531452,0,1
11470.843944468,0,0
11471.851545898,0,1
11471.852815408,1,1
11471.855447076,0,1
11471.855483162,0,0
11472.861560198,0,1
11472.863973214,0,0
11473.871574586,0,1
11473.873987602,0,0
11474.881589020,0,1
11474.884002286,0,0
11475.891603424,0,1
11475.894016690,0,0
11476.901617884,0,1
11476.904030900,0,0
11477.911632326,0,1
11477.914045342,0,0
11478.921646720,0,1
11478.924059736,0,0
11479.931661136,0,1
11479.934074402,0,0
11480.941675536,0,1
11480.944088802,0,0
11481.951689948,0,1
11481.952959700,1,1
11481.955591078,0,1
11481.955627464,0,0
11482.961704498,0,1
11482.964117514,0,0
11483.971718924,0,1
11483.974131940,0,0
11484.981733366,0,1
11484.984146632,0,0
11485.991747794,0,1
11485.994161060,0,0
11487.001762246,0,1
11487.004175262,0,0
11488.011776664,0,1
11488.014189678,0,0
11489.021791100,0,1
11489.024204366,0,0
11490.031805494,0,1
11490.034218760,0,0
11491.041819986,0,1
11491.044233004,0,0
11492.051834420,0,1
11492.053104016,1,1
11492.055735646,0,1
11492.055771684,0,0
11493.061848816,0,1
11493.064261832,0,0
11494.071863244,0,1
11494.074276260,0,0
11495.081877686,0,1
11495.084290952,0,0
11496.091892038,0,1
11496.094305304,0,0
11497.101906572,0,1
11497.104319588,0,0
11498.111920968,0,1
11498.114333984,0,0
11499.121935396,0,1
11499.124348662,0,0
11500.131949844,0,1
11500.134363110,0,0
11501.141964272,0,1
11501.144377288,0,0
11502.151978724,0,1
11502.153248358,1,1
11502.155879924,0,1
11502.155915988,0,0
11503.161993152,0,1
11503.164406168,0,0
11504.172007538,0,1
11504.174420554,0,0
11505.182021936,0,1
11505.184435202,0,0
11506.192036364,0,1
11506.194449630,0,0
11507.202050846,0,1
11507.204463862,0,0
11508.212065268,0,1
11508.214478284,0,0
11509.222079714,0,1
11509.224492980,0,0
11510.232094058,0,1
11510.234507324,0,0
11511.242108514,0,1
11511.244521780,0,0
11512.252122992,0,1
11512.253392642,1,1
11512.256024714,0,1
11512.256060258,0,0
11513.262137372,0,1
11513.264550638,0,0
11514.272151844,0,1
11514.274564860,0,0
11515.282166248,0,1
11515.284579264,0,0
11516.292180666,0,1
11516.294593932,0,0
11517.302195134,0,1
11517.304608400,0,0
11518.312209576,0,1
11518.314622592,0,0
11519.322223998,0,1
11519.324637014,0,0
11520.332238454,0,1
11520.334651470,0,0
11521.342252814,0,1
11521.343522470,1,1
11521.346154246,0,1
11521.346190078,0,0
11522.352267238,0,1
11522.354680254,0,0
11523.362281654,0,1
11523.364694670,0,0
11524.372296050,0,1
11524.374709316,0,0
11525.382310526,0,1
11525.384723792,0,0
11526.392324904,0,1
11526.394738170,0,0
11527.402339404,0,1
11527.404752420,0,0
11528.412353806,0,1
11528.414766822,0,0
11529.422368246,0,1
11529.424781262,0,0
11530.432382658,0,1
11530.434795924,0,0
11531.442397090,0,1
11531.443666856,1,1
11531.446298674,0,1
11531.446334356,0,0
11532.452411610,0,1
11532.454824626,0,0
11533.462426014,0,1
11533.464839030,0,0
11534.472440466,0,1
11534.474853732,0,0
11535.482454874,0,1
11535.484868140,0,0
11536.492469340,0,1
11536.494882356,0,0
11537.502483770,0,1
11537.504896788,0,0
11538.512498192,0,1
11538.514911458,0,0
11539.522512622,0,1
11539.524925888,0,0
11540.532527068,0,1
11540.534940084,0,0
11541.542541516,0,1
11541.543811098,1,1
11541.546442830,0,1
11541.546478780,0,0
11542.552555892,0,1
11542.554968908,0,0
11543.562570322,0,1
11543.564983338,0,0
11544.572584738,0,1
11544.574998004,0,0
11545.582599194,0,1
11545.585012460,0,0
11546.592613664,0,1
11546.595026680,0,0
11547.602628022,0,1
11547.605041038,0,0
11548.612642464,0,1
11548.615055480,0,0
11549.622656860,0,1
11549.625070126,0,0
11550.632671332,0,1
11550.635084598,0,0
11551.642685752,0,1
11551.643955468,1,1
11551.646587174,0,1
11551.646623268,0,0
11552.652700244,0,1
11552.655113260,0,0
11553.662714682,0,1
11553.665127700,0,0
11554.672729096,0,1
11554.675142362,0,0
11555.682743490,0,1
11555.685156756,0,0
11556.692757990,0,1
11556.695171006,0,0
11557.702772418,0,1
11557.705185434,0,0
11558.712786834,0,1
11558.715200100,0,0
11559.722801244,0,1
11559.725214510,0,0
11560.732815700,0,1
11560.735228716,0,0
11561.742830104,0,1
11561.744099778,1,1
11561.746731364,0,1
11561.746767368,0,0
11562.752844680,0,1
11562.755257696,0,0
11563.762859110,0,1
11563.765272126,0,0
11564.772873512,0,1
11564.775286778,0,0
11565.782887992,0,1
11565.785301008,0,0
11566.792902406,0,1
11566.795315422,0,0
11567.802916816,0,1
11567.805329832,0,0
11568.812931276,0,1
11568.815344542,0,0
11569.822945690,0,1
11569.825358706,0,0
11570.832960146,0,1
11570.835373162,0,0
11571.842974550,0,1
11571.844243998,1,1
11571.846875274,0,1
11571.846911814,0,0
11572.852988890,0,1
11572.855401906,0,0
11573.863003232,0,1
11573.865416248,0,0
11574.873017658,0,1
11574.875430924,0,0
11575.883032106,0,1
11575.885445372,0,0
11576.893046588,0,1
11576.895459604,0,0
11577.903061020,0,1
11577.905474036,0,0
11578.913075414,0,1
11578.915488680,0,0
11579.923089794,0,1
11579.925503060,0,0
11580.933104268,0,1
11580.935517284,0,0
11581.943118698,0,1
11581.944388386,1,1
11581.947019948,0,1
11581.947055964,0,0
11582.953133182,0,1
11582.955546198,0,0
11583.963147620,0,1
11583.965560636,0,0
11584.973162054,0,1
11584.975575320,0,0
11585.983176532,0,1
11585.985589548,0,0
11586.993190940,0,1
11586.995603956,0,0
11588.003205372,0,1
11588.005618388,0,0
11589.013219804,0,1
11589.015633070,0,0
11590.023234222,0,1
11590.025647488,0,0
11591.033248666,0,1
11591.035661682,0,0
11592.043263070,0,1
11592.044532648,1,1
11592.047164836,0,1
11592.047200334,0,0
11593.053277454,0,1
11593.055690468,0,0
11594.063291930,0,1
11594.065704946,0,0
11595.073306352,0,1
11595.075719618,0,0
11596.083320816,0,1
11596.085733832,0,0
11597.093335256,0,1
11597.095748274,0,0
11598.103349668,0,1
11598.105762684,0,0
11599.113364050,0,1
11599.115777316,0,0
11600.123378476,0,1
11600.125791742,0,0
11601.133392962,0,1
11601.135805978,0,0
11602.143407344,0,1
11602.144676936,1,1
11602.147308300,0,1
11602.147344610,0,0
11603.153421838,0,1
11603.155834854,0,0
11604.163436206,0,1
11604.165849222,0,0
11605.173450606,0,1
11605.175863872,0,0
11606.183465102,0,1
11606.185878118,0,0
11607.193479546,0,1
11607.195892562,0,0
11608.203493936,0,1
11608.205906952,0,0
11609.213508358,0,1
11609.215921624,0,0
11610.223522766,0,1
11610.225936032,0,0
11611.233537254,0,1
11611.235950270,0,0
11612.243551674,0,1
11612.244821248,1,1
11612.247452932,0,1
11612.247488940,0,0
11613.253566118,0,1
11613.255979134,0,0
11614.263580482,0,1
11614.265993498,0,0
11615.273594922,0,1
11615.276008188,0,0
11616.283609362,0,1
11616.286022628,0,0
11617.293623818,0,1
11617.296036834,0,0
11618.303638280,0,1
11618.306051296,0,0
11619.313652668,0,1
11619.316065934,0,0
11620.323667058,0,1
11620.326080324,0,0
11621.333681552,0,1
11621.334951076,1,1
11621.337582688,0,1
11621.337618568,0,0
11622.343695802,0,1
11622.346108818,0,0
11623.353710228,0,1
11623.356123246,0,0
11624.363724690,0,1
11624.366137954,0,0
11625.373739110,0,1
11625.376152376,0,0
11626.383753578,0,1
11626.386166594,0,0
11627.393767994,0,1
11627.396181010,0,0
11628.403782420,0,1
11628.406195438,0,0
11629.413796840,0,1
11629.416210106,0,0
11630.423811262,0,1
11630.426224528,0,0
11631.433825686,0,1
11631.435095422,1,1
11631.437727438,0,1
11631.437763200,0,0
11632.443840302,0,1
11632.446253320,0,0
11633.453854708,0,1
11633.456267724,0,0
11634.463869100,0,1
11634.466282366,0,0
11635.473883518,0,1
11635.476296784,0,0
11636.483897986,0,1
11636.486311002,0,0
11637.493912430,0,1
11637.496325446,0,0
11638.503926814,0,1
11638.506340080,0,0
11639.513941200,0,1
11639.516354466,0,0
11640.523955718,0,1
11640.526368734,0,0
11641.533970136,0,1
11641.535239730,1,1
11641.537871122,0,1
11641.537907400,0,0
11642.543984556,0,1
11642.546397572,0,0
11643.553998972,0,1
11643.556411988,0,0
11644.564013358,0,1
11644.566426624,0,0
11645.574027772,0,1
11645.576441038,0,0
11646.584042272,0,1
11646.586455288,0,0
11647.594056660,0,1
11647.596469678,0,0
11648.604071100,0,1
11648.606484114,0,0
11649.614085508,0,1
11649.616498524,0,0
11650.624099950,0,1
11650.626512966,0,0
11651.634114420,0,1
11651.635384038,1,1
11651.638015702,0,1
11651.638051684,0,0
11652.644128812,0,1
11652.646541828,0,0
11653.654143224,0,1
11653.656556240,0,0
11654.664157608,0,1
11654.666570876,0,0
11655.674172092,0,1
11655.676585358,0,0
11656.684186524,0,1
11656.686599540,0,0
11657.694200922,0,1
11657.696613938,0,0
11658.704215336,0,1
11658.706628352,0,0
11659.714229740,0,1
11659.716643006,0,0
11660.724244142,0,1
11660.726657408,0,0
11661.734258680,0,1
11661.735528306,1,1
11661.738160740,0,1
11661.738195944,0,0
11662.744273088,0,1
11662.746686104,0,0
11663.754287490,0,1
11663.756700506,0,0
11664.764301918,0,1
11664.766715184,0,0
11665.774316352,0,1
11665.776729618,0,0
11666.784330774,0,1
11666.786743790,0,0
11667.794345210,0,1
11667.796758226,0,0
11668.804359658,0,1
11668.806772674,0,0
11669.814374028,0,1
11669.816787296,0,0
11670.824388458,0,1
11670.826801724,0,0
11671.834402908,0,1
11671.835672606,1,1
11671.838304474,0,1
11671.838340424,0,0
11672.844417438,0,1
11672.846830454,0,0
11673.854431882,0,1
11673.856844898,0,0
11674.864446272,0,1
11674.866859538,0,0
11675.874460650,0,1
11675.876873916,0,0
11676.884475178,0,1
11676.886888194,0,0
11677.894489594,0,1
11677.896902610,0,0
11678.904503974,0,1
11678.906916992,0,0
11679.914518356,0,1
11679.916931624,0,0
11680.924532832,0,1
11680.926946098,0,0
11681.934547300,0,1
11681.935816924,1,1
11681.938448906,0,1
11681.938484564,0,0
11682.944561700,0,1
11682.946974718,0,0
11683.954576106,0,1
11683.956989124,0,0
11684.964590520,0,1
11684.967003786,0,0
11685.974604930,0,1
11685.977018198,0,0
11686.984619430,0,1
11686.987032446,0,0
11687.994633846,0,1
11687.997046862,0,0
11689.004648234,0,1
11689.007061250,0,0
11690.014662658,0,1
11690.017075924,0,0
11691.024677062,0,1
11691.027090328,0,0
11692.034691574,0,1
11692.035961166,1,1
11692.038592722,0,1
11692.038628838,0,0
11693.044705970,0,1
11693.047118986,0,0
11694.054720400,0,1
11694.057133416,0,0
11695.064734850,0,1
11695.067148116,0,0
11696.074749278,0,1
11696.077162544,0,0
11697.084763722,0,1
11697.087176738,0,0
11698.094778132,0,1
11698.097191146,0,0
11699.104792562,0,1
11699.107205578,0,0
11700.114806964,0,1
11700.117220232,0,0
11701.124821380,0,1
11701.127234646,0,0
11702.134835846,0,1
11702.136105542,1,1
11702.138737224,0,1
11702.138773112,0,0
11703.144850396,0,1
11703.147263412,0,0
11704.154864782,0,1
11704.157278048,0,0
11705.164879218,0,1
11705.167292484,0,0
11706.174893714,0,1
11706.177306730,0,0
11707.184908086,0,1
11707.187321102,0,0
11708.194922576,0,1
11708.197335842,0,0
11709.204936962,0,1
11709.207350228,0,0
11710.214951432,0,1
11710.217364448,0,0
11711.224965848,0,1
11711.227378864,0,0
11712.234980258,0,1
11712.236249810,1,1
11712.238881514,0,1
11712.238917522,0,0
11713.244994710,0,1
11713.247407726,0,0
11714.255009082,0,1
11714.257422098,0,0
11715.265023562,0,1
11715.267436828,0,0
11716.275037968,0,1
11716.277451234,0,0
11717.285052400,0,1
11717.287465416,0,0
11718.295066836,0,1
11718.297479852,0,0
11719.305081312,0,1
11719.307494328,0,0
11720.315095692,0,1
11720.317508958,0,0
11721.325110088,0,1
11721.326379628,1,1
11721.329011332,0,1
11721.329047354,0,0
11722.335124394,0,1
11722.337537410,0,0
11723.345138868,0,1
11723.347551884,0,0
11724.355153260,0,1
11724.357566526,0,0
11725.365167686,0,1
11725.367580954,0,0
11726.375182108,0,1
11726.377595124,0,0
11727.385196526,0,1
11727.387609542,0,0
11728.395210940,0,1
11728.397623956,0,0
11729.405225356,0,1
11729.407638622,0,0
11730.415239838,0,1
11730.417653104,0,0
11731.425254256,0,1
11731.426523928,1,1
11731.429155334,0,1
11731.429191522,0,0
11732.435268798,0,1
11732.437681814,0,0
11733.445283268,0,1
11733.447696284,0,0
11734.455297622,0,1
11734.457710888,0,0
11735.465312078,0,1
11735.467725344,0,0
11736.475326540,0,1
11736.477739556,0,0
11737.485340986,0,1
11737.487754004,0,0
11738.495355418,0,1
11738.497768686,0,0
11739.505369842,0,1
11739.507783110,0,0
11740.515384286,0,1
11740.517797302,0,0
11741.525398698,0,1
11741.526668128,1,1
11741.529299892,0,1
11741.529335714,0,0
11742.535412986,0,1
11742.537826002,0,0
11743.545427426,0,1
11743.547840442,0,0
11744.555441828,0,1
11744.557855094,0,0
11745.565456238,0,1
11745.567869504,0,0
11746.575470682,0,1
11746.577883698,0,0
11747.585485186,0,1
11747.587898202,0,0
11748.595499524,0,1
11748.597912540,0,0
11749.605513996,0,1
11749.607927262,0,0
11750.615528414,0,1
11750.617941680,0,0
11751.625542886,0,1
11751.626812522,1,1
11751.629444306,0,1
11751.629480150,0,0
11752.635557402,0,1
11752.637970418,0,0
11753.645571800,0,1
11753.647984816,0,0
11754.655586264,0,1
11754.657999530,0,0
11755.665600678,0,1
11755.668013944,0,0
11756.675615148,0,1
11756.678028164,0,0
11757.685629556,0,1
11757.688042574,0,0
11758.695643974,0,1
11758.698057240,0,0
11759.705658360,0,1
11759.708071626,0,0
11760.715672900,0,1
11760.718085916,0,0
11761.725687330,0,1
11761.726956712,1,1
11761.729588402,0,1
11761.729624346,0,0
11762.735701428,0,1
11762.738114444,0,0
11763.745715902,0,1
11763.748128918,0,0
11764.755730292,0,1
11764.758143308,0,0
11765.765744670,0,1
11765.768157936,0,0
11766.775759098,0,1
11766.778172364,0,0
11767.785773588,0,1
11767.788186604,0,0
11768.795788022,0,1
11768.798201038,0,0
11769.805802450,0,1
11769.808215468,0,0
11770.815816826,0,1
11770.818230092,0,0
11771.825831246,0,1
11771.827101062,1,1
11771.829733018,0,1
11771.829768760,0,0
11772.835845904,0,1
11772.838258920,0,0
11773.845860328,0,1
11773.848273344,0,0
11774.855874790,0,1
11774.858288056,0,0
11775.865889130,0,1
11775.868302396,0,0
11776.875903678,0,1
11776.878316694,0,0
11777.885918036,0,1
11777.888331052,0,0
11778.895932482,0,1
11778.898345498,0,0
11779.905946908,0,1
11779.908360176,0,0
11780.915961328,0,1
11780.918374594,0,0
11781.925975774,0,1
11781.927245314,1,1
11781.929877140,0,1
11781.929912788,0,0
11782.935990192,0,1
11782.938403208,0,0
11783.946004620,0,1
11783.948417638,0,0
11784.956019030,0,1
11784.958432296,0,0
11785.966033450,0,1
11785.968446716,0,0
11786.976047882,0,1
11786.978461148,0,0
11787.986062270,0,1
11787.988475536,0,0
11788.996076774,0,1
11788.998489790,0,0
11790.006091204,0,1
11790.008504220,0,0
11791.016105612,0,1
11791.018518628,0,0
11792.026120048,0,1
11792.027389592,1,1
11792.030021522,0,1
11792.030057314,0,0
11793.036134452,0,1
11793.038547468,0,0
11794.046148856,0,1
11794.048561872,0,0
11795.056163304,0,1
11795.058576570,0,0
11796.066177672,0,1
11796.068590938,0,0
11797.076192118,0,1
11797.078605384,0,0
11798.086206534,0,1
11798.088619550,0,0
11799.096220976,0,1
11799.098633992,0,0
11800.106235414,0,1
11800.108648430,0,0
11801.116249806,0,1
11801.118663072,0,0
11802.126264204,0,1
11802.127533910,1,1
11802.130165738,0,1
11802.130201720,0,0
11803.136278762,0,1
11803.138691778,0,0
11804.146293212,0,1
11804.148706228,0,0
11805.156307640,0,1
11805.158720908,0,0
11806.166322048,0,1
11806.168735314,0,0
11807.176336534,0,1
11807.178749550,0,0
11808.186350942,0,1
11808.188763958,0,0
11809.196365340,0,1
11809.198778606,0,0
11810.206379786,0,1
11810.208793052,0,0
11811.216394226,0,1
11811.218807242,0,0
11812.226408674,0,1
11812.227678154,1,1
11812.230310418,0,1
11812.230345938,0,0
11813.236422950,0,1
11813.238835964,0,0
11814.246437360,0,1
11814.248850376,0,0
11815.256451802,0,1
11815.258865068,0,0
11816.266466212,0,1
11816.268879478,0,0
11817.276480590,0,1
11817.278893856,0,0
11818.286495084,0,1
11818.288908100,0,0
11819.296509480,0,1
11819.298922496,0,0
11820.306523932,0,1
11820.308936950,0,0
11821.316538338,0,1
11821.317808016,1,1
11821.320439448,0,1
11821.320475602,0,0
11822.326552866,0,1
11822.328965882,0,0
11823.336567310,0,1
11823.338980326,0,0
11824.346581728,0,1
11824.348994994,0,0
11825.356596138,0,1
11825.359009404,0,0
11826.366610580,0,1
11826.369023596,0,0
11827.376624994,0,1
11827.379038010,0,0
11828.386639464,0,1
11828.389052480,0,0
11829.396653864,0,1
11829.399067130,0,0
11830.406668300,0,1
11830.409081566,0,0
11831.416682758,0,1
11831.417952304,1,1
11831.420584078,0,1
11831.420620022,0,0
11832.426697198,0,1
11832.429110214,0,0
11833.436711606,0,1
11833.439124622,0,0
11834.446726014,0,1
11834.449139280,0,0
11835.456740442,0,1
11835.459153708,0,0
11836.466754854,0,1
11836.469168120,0,0
11837.476769336,0,1
11837.479182352,0,0
11838.486783734,0,1
11838.489196750,0,0
11839.496798144,0,1
11839.499211160,0,0
11840.506812534,0,1
11840.509225800,0,0
11841.516826944,0,1
11841.518096664,1,1
11841.520728968,0,1
11841.520764208,0,0
11842.526841500,0,1
11842.529254516,0,0
11843.536855976,0,1
11843.539268992,0,0
11844.546870388,0,1
11844.549283654,0,0
11845.556884850,0,1
11845.559297864,0,0
11846.566899218,0,1
11846.569312234,0,0
11847.576913654,0,1
11847.579326670,0,0
11848.586928096,0,1
11848.589341362,0,0
11849.596942560,0,1
11849.599355576,0,0
11850.606956974,0,1
11850.609369990,0,0
11851.616971400,0,1
11851.618240934,1,1
11851.620872652,0,1
11851.620908414,0,0
11852.626985676,0,1
11852.629398692,0,0
11853.637000092,0,1
11853.639413110,0,0
11854.647014490,0,1
11854.649427756,0,0
11855.657028916,0,1
11855.659441932,0,0
11856.667043356,0,1
11856.669456622,0,0
11857.677057754,0,1
11857.679471020,0,0
11858.687072280,0,1
11858.689485296,0,0
11859.697086672,0,1
11859.699499688,0,0
11860.707101088,0,1
11860.709514104,0,0
11861.717115460,0,1
11861.718385144,1,1
11861.721017248,0,1
11861.721052724,0,0
11862.727130030,0,1
11862.729543046,0,0
11863.737144436,0,1
11863.739557452,0,0
11864.747158858,0,1
11864.749572124,0,0
11865.757173234,0,1
11865.759586500,0,0
11866.767187774,0,1
11866.769600790,0,0
11867.777202152,0,1
11867.779615168,0,0
11868.787216564,0,1
11868.789629580,0,0
11869.797231000,0,1
11869.799644266,0,0
11870.807245378,0,1
11870.809658642,0,0
11871.817259884,0,1
11871.818529472,1,1
11871.821161322,0,1
11871.821197148,0,0
11872.827274298,0,1
11872.829687314,0,0
11873.837288706,0,1
11873.839701724,0,0
11874.847303152,0,1
11874.849716418,0,0
11875.857317534,0,1
11875.859730800,0,0
11876.867331998,0,1
11876.869745014,0,0
11877.877346430,0,1
11877.879759446,0,0
11878.887360850,0,1
11878.889773864,0,0
11879.897375294,0,1
11879.899788560,0,0
11880.907389692,0,1
11880.909802958,0,0
11881.917404150,0,1
11881.918673770,1,1
11881.921305388,0,1
11881.921341414,0,0
11882.927418576,0,1
11882.929831592,0,0
11883.937432984,0,1
11883.939846000,0,0
11884.947447410,0,1
11884.949860676,0,0
11885.957461832,0,1
11885.959875098,0,0
11886.967476294,0,1
11886.969889310,0,0
11887.977490706,0,1
11887.979903722,0,0
11888.987505134,0,1
11888.989918150,0,0
11889.997519518,0,1
11889.999932784,0,0
11891.007533962,0,1
11891.009947228,0,0
11892.017548348,0,1
11892.018818056,1,1
11892.021449318,0,1
11892.021485612,0,0
11893.027562934,0,1
11893.029975948,0,0
11894.037577370,0,1
11894.039990386,0,0
11895.047591768,0,1
11895.050005034,0,0
11896.057606178,0,1
11896.060019444,0,0
11897.067620650,0,1
11897.070033666,0,0
11898.077635072,0,1
11898.080048088,0,0
11899.087649480,0,1
11899.090062746,0,0
11900.097663856,0,1
11900.100077122,0,0
11901.107678366,0,1
11901.110091382,0,0
11902.117692772,0,1
11902.118962296,1,1
11902.121593962,0,1
11902.121630038,0,0
11903.127707100,0,1
11903.130120116,0,0
11904.137721456,0,1
11904.140134472,0,0
11905.147735894,0,1
11905.150149160,0,0
11906.157750280,0,1
11906.160163544,0,0
11907.167764792,0,1
11907.170177808,0,0
11908.177779194,0,1
11908.180192210,0,0
11909.187793626,0,1
11909.190206642,0,0
11910.197808026,0,1
11910.200221292,0,0
11911.207822482,0,1
11911.210235748,0,0
11912.217836848,0,1
11912.219106580,1,1
11912.221738714,0,1
11912.221774364,0,0
11913.227851414,0,1
11913.230264430,0,0
11914.237865814,0,1
11914.240278830,0,0
11915.247880242,0,1
11915.250293508,0,0
11916.257894644,0,1
11916.260307910,0,0
11917.267909122,0,1
11917.270322138,0,0
11918.277923520,0,1
11918.280336536,0,0
11919.287937960,0,1
11919.290350976,0,0
11920.297952328,0,1
11920.300365594,0,0
11921.307966734,0,1
11921.309236390,1,1
11921.311867978,0,1
11921.311903998,0,0
11922.317981186,0,1
11922.320394202,0,0
11923.327995640,0,1
11923.330408656,0,0
11924.338010012,0,1
11924.340423028,0,0
11925.348024452,0,1
11925.350437468,0,0
11926.358038876,0,1
11926.360452142,0,0
11927.368053272,0,1
11927.370466538,0,0
11928.378067732,0,1
11928.380480748,0,0
11929.388082156,0,1
11929.390495172,0,0
11930.398096574,0,1
11930.400509590,0,0
11931.408111014,0,1
11931.409380664,1,1
11931.412012376,0,1
11931.412048280,0,0
11932.418125420,0,1
11932.420538436,0,0
11933.428139850,0,1
11933.430552866,0,0
11934.438154200,0,1
11934.440567468,0,0
11935.448168620,0,1
11935.450581886,0,0
11936.458183102,0,1
11936.460596118,0,0
11937.468197498,0,1
11937.470610514,0,0
11938.478211920,0,1
11938.480624936,0,0
11939.488226346,0,1
11939.490639614,0,0
11940.498240786,0,1
11940.500654052,0,0
11941.508255284,0,1
11941.509525020,1,1
11941.512157184,0,1
11941.512192798,0,0
11942.518269832,0,1
11942.520682848,0,0
11943.528284230,0,1
11943.530697246,0,0
11944.538298636,0,1
11944.540711902,0,0
11945.548313044,0,1
11945.550726310,0,0
11946.558327476,0,1
11946.560740492,0,0
11947.568341968,0,1
11947.570754984,0,0
11948.578356362,0,1
11948.580769378,0,0
11949.588370776,0,1
11949.590784042,0,0
11950.598385152,0,1
11950.600798418,0,0
11951.608399666,0,1
11951.609669186,1,1
11951.612300922,0,1
11951.612336930,0,0
11952.618413936,0,1
11952.620826952,0,0
11953.628428300,0,1
11953.630841316,0,0
11954.638442756,0,1
11954.640856022,0,0
11955.648457152,0,1
11955.650870418,0,0
11956.658471592,0,1
11956.660884858,0,0
11957.668486046,0,1
11957.670899062,0,0
11958.678500480,0,1
11958.680913496,0,0
11959.688514874,0,1
11959.690927890,0,0
11960.698529306,0,1
11960.700942572,0,0
11961.708543728,0,1
11961.709813568,1,1
11961.712445346,0,1
11961.712481244,0,0
11962.718558410,0,1
11962.720971426,0,0
11963.728572814,0,1
11963.730985830,0,0
11964.738587194,0,1
11964.741000460,0,0
11965.748601618,0,1
11965.751014886,0,0
11966.758616148,0,1
11966.761029164,0,0
11967.768630550,0,1
11967.771043566,0,0
11968.778644922,0,1
11968.781058190,0,0
11969.788659336,0,1
11969.791072604,0,0
11970.798673806,0,1
11970.801086822,0,0
11971.808688240,0,1
11971.809957762,1,1
11971.812589646,0,1
11971.812625256,0,0
11972.818702558,0,1
11972.821115574,0,0
11973.828716944,0,1
11973.831129960,0,0
11974.838731368,0,1
11974.841144636,0,0
11975.848745820,0,1
11975.851159086,0,0
11976.858760182,0,1
11976.861173448,0,0
11977.868774660,0,1
11977.871187676,0,0
11978.878789074,0,1
11978.881202090,0,0
11979.888803506,0,1
11979.891216522,0,0
11980.898817916,0,1
11980.901231182,0,0
11981.908832310,0,1
11981.910102024,1,1
11981.912733410,0,1
11981.912769824,0,0
11982.918846860,0,1
11982.921259876,0,0
11983.928861252,0,1
11983.931274268,0,0
11984.938875690,0,1
11984.941288956,0,0
11985.948890092,0,1
11985.951303358,0,0
11986.958904534,0,1
11986.961317550,0,0
11987.968918980,0,1
11987.971331996,0,0
11988.978933404,0,1
11988.981346670,0,0
11989.988947766,0,1
11989.991361032,0,0
11990.998962298,0,1
11991.001375316,0,0
11992.008976658,0,1
11992.010246364,1,1
11992.012878122,0,1
11992.012914172,0,0
11993.018991318,0,1
11993.021404336,0,0
11994.029005764,0,1
11994.031419030,0,0
11995.039020126,0,1
11995.041433392,0,0
11996.049034648,0,1
11996.051447662,0,0
11997.059049082,0,1
11997.061462100,0,0
11998.069063426,0,1
11998.071476442,0,0
11999.079077868,0,1
11999.081491134,0,0
12000.089092342,0,1
12000.091505358,0,0
12001.099106758,0,1
12001.101519774,0,0
12002.109121180,0,1
12002.110390598,1,1
12002.113022650,0,1
12002.113058196,0,0
12003.119135442,0,1
12003.121548458,0,0
12004.129149864,0,1
12004.131562880,0,0
12005.139164288,0,1
12005.141577554,0,0
12006.149178712,0,1
12006.151591978,0,0
12007.159193166,0,1
12007.161606182,0,0
12008.169207582,0,1
12008.171620598,0,0
12009.179222030,0,1
12009.181635296,0,0
12010.189236428,0,1
12010.191649692,0,0
12011.199250898,0,1
12011.201663914,0,0
12012.209265326,0,1
12012.210534914,1,1
12012.213166976,0,1
12012.213202590,0,0
12013.219279684,0,1
12013.221692700,0,0
12014.229294086,0,1
12014.231707102,0,0
12015.239308556,0,1
12015.241721822,0,0
12016.249323020,0,1
12016.251736036,0,0
12017.259337422,0,1
12017.261750438,0,0
12018.269351878,0,1
12018.271764894,0,0
12019.279366280,0,1
12019.281779546,0,0
12020.289380666,0,1
12020.291793932,0,0
12021.299395142,0,1
12021.300664724,1,1
12021.303296830,0,1
12021.303332408,0,0
12022.309409560,0,1
12022.311822576,0,0
12023.319423962,0,1
12023.321836978,0,0
12024.329438420,0,1
12024.331851686,0,0
12025.339452824,0,1
12025.341866090,0,0
12026.349467290,0,1
12026.351880306,0,0
12027.359481700,0,1
12027.361894716,0,0
12028.369496142,0,1
12028.371909408,0,0
12029.379510544,0,1
12029.381923810,0,0
12030.389525026,0,1
12030.391938042,0,0
12031.399539416,0,1
12031.400809004,1,1
12031.403440772,0,1
12031.403476682,0,0
12032.409553866,0,1
12032.411966882,0,0
12033.419568244,0,1
12033.421981260,0,0
12034.429582708,0,1
12034.431995974,0,0
12035.439597174,0,1
12035.442010190,0,0
12036.449611582,0,1
12036.452024598,0,0
12037.459625952,0,1
12037.462038968,0,0
12038.469640374,0,1
12038.472053640,0,0
12039.479654866,0,1
12039.482067882,0,0
12040.489669268,0,1
12040.492082284,0,0
12041.499683666,0,1
12041.500953288,1,1
12041.503584788,0,1
12041.503620930,0,0
12042.509698118,0,1
12042.512111134,0,0
12043.519712480,0,1
12043.522125496,0,0
12044.529726938,0,1
12044.532140202,0,0
12045.539741364,0,1
12045.542154630,0,0
12046.549755828,0,1
12046.552168844,0,0
12047.559770238,0,1
12047.562183254,0,0
12048.569784652,0,1
12048.572197670,0,0
12049.579799088,0,1
12049.582212354,0,0
12050.589813444,0,1
12050.592226710,0,0
12051.599827966,0,1
12051.601097464,1,1
12051.603729284,0,1
12051.603765230,0,0
12052.609842224,0,1
12052.612255240,0,0
12053.619856626,0,1
12053.622269642,0,0
12054.629871090,0,1
12054.632284354,0,0
12055.639885452,0,1
12055.642298718,0,0
12056.649899968,0,1
12056.652312984,0,0
12057.659914340,0,1
12057.662327356,0,0
12058.669928772,0,1
12058.672341788,0,0
12059.679943168,0,1
12059.682356434,0,0
12060.689957626,0,1
12060.692370892,0,0
12061.699972030,0,1
12061.701241850,1,1
12061.703873350,0,1
12061.703909544,0,0
12062.709986664,0,1
12062.712399680,0,0
12063.720001140,0,1
12063.722414156,0,0
12064.730015512,0,1
12064.732428778,0,0
12065.740029968,0,1
12065.742442986,0,0
12066.750044420,0,1
12066.752457436,0,0
12067.760058814,0,1
12067.762471830,0,0
12068.770073198,0,1
12068.772486464,0,0
12069.780087636,0,1
12069.782500902,0,0
12070.790102126,0,1
12070.792515142,0,0
12071.800116542,0,1
12071.801386080,1,1
12071.804017576,0,1
12071.804053808,0,0
12072.810130896,0,1
12072.812543912,0,0
12073.820145290,0,1
12073.822558306,0,0
12074.830159742,0,1
12074.832573008,0,0
12075.840174200,0,1
12075.842587468,0,0
12076.850188642,0,1
12076.852601658,0,0
12077.860203040,0,1
12077.862616056,0,0
12078.870217452,0,1
12078.872630468,0,0
12079.880231864,0,1
12079.882645130,0,0
12080.890246282,0,1
12080.892659548,0,0
12081.900260686,0,1
12081.901530390,1,1
12081.904162254,0,1
12081.904198202,0,0
12082.910275248,0,1
12082.912688264,0,0
12083.920289598,0,1
12083.922702616,0,0
12084.930304084,0,1
12084.932717350,0,0
12085.940318446,0,1
12085.942731712,0,0
12086.950332966,0,1
12086.952745982,0,0
12087.960347352,0,1
12087.962760368,0,0
12088.970361776,0,1
12088.972775042,0,0
12089.980376196,0,1
12089.982789462,0,0
12090.990390686,0,1
12090.992803702,0,0
12092.000405092,0,1
12092.001674618,1,1
12092.004306182,0,1
12092.004342106,0,0
12093.010419328,0,1
12093.012832344,0,0
12094.020433778,0,1
12094.022846794,0,0
12095.030448218,0,1
12095.032861484,0,0
12096.040462592,0,1
12096.042875858,0,0
12097.050477096,0,1
12097.052890112,0,0
12098.060491478,0,1
12098.062904496,0,0
12099.070505876,0,1
12099.072918892,0,0
12100.080520312,0,1
12100.082933578,0,0
12101.090534720,0,1
12101.092947986,0,0
12102.100549186,0,1
12102.101818834,1,1
12102.104450520,0,1
12102.104486450,0,0
12103.110563618,0,1
12103.112976634,0,0
12104.120577974,0,1
12104.122990990,0,0
12105.130592444,0,1
12105.133005710,0,0
12106.140606868,0,1
12106.143020134,0,0
12107.150621338,0,1
12107.153034354,0,0
12108.160635770,0,1
12108.163048786,0,0
12109.170650156,0,1
12109.173063172,0,0
12110.180664538,0,1
12110.183077806,0,0
12111.190678962,0,1
12111.193092226,0,0
12112.200693458,0,1
12112.201963096,1,1
12112.204594592,0,1
12112.204630722,0,0
12113.210707836,0,1
12113.213120852,0,0
12114.220722282,0,1
12114.223135298,0,0
12115.230736720,0,1
12115.233149986,0,0
12116.240751074,0,1
12116.243164340,0,0
12117.250765554,0,1
12117.253178570,0,0
12118.260779942,0,1
12118.263192958,0,0
12119.270794418,0,1
12119.273207434,0,0
12120.280808830,0,1
12120.283222096,0,0
12121.290823224,0,1
12121.292092936,1,1
12121.294724614,0,1
12121.294760488,0,0
12122.300837744,0,1
12122.303250760,0,0
12123.310852148,0,1
12123.313265164,0,0
12124.320866590,0,1
12124.323279856,0,0
12125.330881008,0,1
12125.333294274,0,0
12126.340895510,0,1
12126.343308526,0,0
12127.350909850,0,1
12127.353322866,0,0
12128.360924346,0,1
12128.363337612,0,0
12129.370938740,0,1
12129.373351756,0,0
12130.380953158,0,1
12130.383366424,0,0
12131.390967580,0,1
12131.392237264,1,1
12131.394868530,0,1
12131.394904844,0,0
12132.400982072,0,1
12132.403395088,0,0
12133.410996498,0,1
12133.413409764,0,0
12134.421010922,0,1
12134.423424188,0,0
12135.431025394,0,1
12135.433438410,0,0
12136.441039806,0,1
12136.443452822,0,0
12137.451054244,0,1
12137.453467510,0,0
12138.461068614,0,1
12138.463481880,0,0
12139.471083108,0,1
12139.473496124,0,0
12140.481097502,0,1
12140.483510516,0,0
12141.491111920,0,1
12141.492381474,1,1
12141.495013148,0,1
12141.495049186,0,0
12142.501126370,0,1
12142.503539386,0,0
12143.511140746,0,1
12143.513553762,0,0
12144.521155186,0,1
12144.523568452,0,0
12145.531169574,0,1
12145.533582840,0,0
12146.541184066,0,1
12146.543597084,0,0
12147.551198508,0,1
12147.553611524,0,0
12148.561212926,0,1
12148.563626194,0,0
12149.571227330,0,1
12149.573640596,0,0
12150.581241800,0,1
12150.583654816,0,0
12151.591256166,0,1
12151.592525710,1,1
12151.595157132,0,1
12151.595193430,0,0
12152.601270598,0,1
12152.603683614,0,0
12153.611285002,0,1
12153.613698020,0,0
12154.621299430,0,1
12154.623712696,0,0
12155.631313844,0,1
12155.633727110,0,0
12156.641328312,0,1
12156.643741328,0,0
12157.651342716,0,1
12157.653755734,0,0
12158.661357140,0,1
12158.663770406,0,0
12159.671371582,0,1
12159.673784848,0,0
12160.681386022,0,1
12160.683799038,0,0
12161.691400458,0,1
12161.692670040,1,1
12161.695301812,0,1
12161.695337722,0,0
12162.701414838,0,1
12162.703827854,0,0
12163.711429300,0,1
12163.713842316,0,0
12164.721443694,0,1
12164.723856960,0,0
12165.731458100,0,1
12165.733871366,0,0
12166.741472574,0,1
12166.743885590,0,0
12167.751486990,0,1
12167.753900006,0,0
12168.761501372,0,1
12168.763914388,0,0
12169.771515834,0,1
12169.773929100,0,0
12170.781530194,0,1
12170.783943460,0,0
12171.791544728,0,1
12171.792814232,1,1
12171.795445564,0,1
12171.795481992,0,0
12172.801558996,0,1
12172.803972012,0,0
12173.811573440,0,1
12173.813986454,0,0
12174.821587860,0,1
12174.824001126,0,0
12175.831602266,0,1
12175.834015532,0,0
12176.841616676,0,1
12176.844029692,0,0
12177.851631164,0,1
12177.854044180,0,0
12178.861645538,0,1
12178.864058554,0,0
12179.871659996,0,1
12179.874073262,0,0
12180.881674388,0,1
12180.884087656,0,0
12181.891688840,0,1
12181.892958530,1,1
12181.895590150,0,1
12181.895626104,0,0
12182.901703412,0,1
12182.904116428,0,0
12183.911717778,0,1
12183.914130794,0,0
12184.921732224,0,1
12184.924145490,0,0
12185.931746596,0,1
12185.934159862,0,0
12186.941761100,0,1
12186.944174116,0,0
12187.951775492,0,1
12187.954188508,0,0
12188.961789964,0,1
12188.964203230,0,0
12189.971804318,0,1
12189.974217584,0,0
12190.981818848,0,1
12190.984231864,0,0
12191.991833228,0,1
12191.993102726,1,1
12191.995734144,0,1
12191.995770492,0,0
12193.001847504,0,1
12193.004260520,0,0
12194.011861908,0,1
12194.014274924,0,0
12195.021876360,0,1
12195.024289626,0,0
12196.031890792,0,1
12196.034304058,0,0
12197.041905202,0,1
12197.044318468,0,0
12198.051919702,0,1
12198.054332718,0,0
12199.061934086,0,1
12199.064347102,0,0
12200.071948526,0,1
12200.074361542,0,0
12201.081962862,0,1
12201.084376128,0,0
12202.091977296,0,1
12202.093246988,1,1
12202.095878814,0,1
12202.095914560,0,0
12203.101991812,0,1
12203.104404828,0,0
12204.112006272,0,1
12204.114419290,0,0
12205.122020690,0,1
12205.124433956,0,0
12206.132035070,0,1
12206.134448336,0,0
12207.142049556,0,1
12207.144462572,0,0
12208.152063926,0,1
12208.154476942,0,0
12209.162078394,0,1
12209.164491410,0,0
12210.172092834,0,1
12210.174506100,0,0
12211.182107214,0,1
12211.184520482,0,0
12212.192121658,0,1
12212.193391264,1,1
12212.196023472,0,1
12212.196058922,0,0
12213.202136086,0,1
12213.204549102,0,0
12214.212150502,0,1
12214.214563518,0,0
12215.222164926,0,1
12215.224578192,0,0
12216.232179360,0,1
12216.234592626,0,0
12217.242193836,0,1
12217.244606852,0,0
12218.252208214,0,1
12218.254621230,0,0
12219.262222612,0,1
12219.264635628,0,0
12220.272237038,0,1
12220.274650304,0,0
12221.282251468,0,1
12221.284664734,0,0
12222.292265888,0,1
12222.293535534,1,1
12222.296167292,0,1
12222.296203152,0,0
12223.302280294,0,1
12223.304693310,0,0
12224.312294686,0,1
12224.314707702,0,0
12225.322309106,0,1
12225.324722372,0,0
12226.332323552,0,1
12226.334736818,0,0
12227.342337982,0,1
12227.344751248,0,0
12228.352352400,0,1
12228.354765416,0,0
12229.362366848,0,1
12229.364779864,0,0
12230.372381212,0,1
12230.374794228,0,0
12231.382395680,0,1
12231.383665386,1,1
12231.386296918,0,1
12231.386332944,0,0
12232.392410244,0,1
12232.394823260,0,0
12233.402424602,0,1
12233.404837618,0,0
12234.412439022,0,1
12234.414852288,0,0
12235.422453474,0,1
12235.424866740,0,0
12236.432467912,0,1
12236.434880928,0,0
12237.442482266,0,1
12237.444895282,0,0
12238.452496712,0,1
12238.454909728,0,0
12239.462511136,0,1
12239.464924402,0,0
12240.472525566,0,1
12240.474938832,0,0
12241.482539972,0,1
12241.483809530,1,1
12241.486441188,0,1
12241.486477236,0,0
12242.492554386,0,1
12242.494967402,0,0
12243.502568798,0,1
12243.504981814,0,0
12244.512583254,0,1
12244.514996520,0,0
12245.522597632,0,1
12245.525010898,0,0
12246.532612038,0,1
12246.535025302,0,0
12247.542626526,0,1
12247.545039542,0,0
12248.552640952,0,1
12248.555053968,0,0
12249.562655350,0,1
12249.565068366,0,0
12250.572669748,0,1
12250.575083014,0,0
12251.582684176,0,1
12251.583953820,1,1
12251.586585216,0,1
12251.586621442,0,0
12252.592698560,0,1
12252.595111576,0,0
12253.602712986,0,1
12253.605126004,0,0
12254.612727432,0,1
12254.615140698,0,0
12255.622741796,0,1
12255.625155064,0,0
12256.632756280,0,1
12256.635169296,0,0
12257.642770688,0,1
12257.645183704,0,0
12258.652785140,0,1
12258.655198156,0,0
12259.662799516,0,1
12259.665212782,0,0
12260.672813956,0,1
12260.675227222,0,0
12261.682828362,0,1
12261.684098078,1,1
12261.686729664,0,1
12261.686765876,0,0
12262.692842894,0,1
12262.695255910,0,0
12263.702857266,0,1
12263.705270284,0,0
12264.712871704,0,1
12264.715284970,0,0
12265.722886124,0,1
12265.725299140,0,0
12266.732900546,0,1
12266.735313812,0,0
12267.742914976,0,1
12267.745328242,0,0
12268.752929400,0,1
12268.755342416,0,0
12269.762943866,0,1
12269.765356882,0,0
12270.772958250,0,1
12270.775371266,0,0
12271.782972636,0,1
12271.784242260,1,1
12271.786873998,0,1
12271.786909900,0,0
12272.792987114,0,1
12272.795400130,0,0
12273.803001532,0,1
12273.805414548,0,0
12274.813015898,0,1
12274.815429164,0,0
12275.823030324,0,1
12275.825443590,0,0
12276.833044792,0,1
12276.835457808,0,0
12277.843059224,0,1
12277.845472242,0,0
12278.853073614,0,1
12278.855486630,0,0
12279.863088014,0,1
12279.865501280,0,0
12280.873102428,0,1
12280.875515692,0,0
12281.883116928,0,1
12281.884386628,1,1
12281.887018686,0,1
12281.887054444,0,0
12282.893131468,0,1
12282.895544484,0,0
12283.903145844,0,1
12283.905558860,0,0
12284.913160260,0,1
12284.915573526,0,0
12285.923174666,0,1
12285.925587932,0,0
12286.933189136,0,1
12286.935602152,0,0
12287.943203594,0,1
12287.945616610,0,0
12288.953217948,0,1
12288.955630964,0,0
12289.963232386,0,1
12289.965645652,0,0
12290.973246870,0,1
12290.975660136,0,0
12291.983261270,0,1
12291.984530782,1,1
12291.987162590,0,1
12291.987198534,0,0
12292.993275572,0,1
12292.995688588,0,0
12294.003289990,0,1
12294.005703006,0,0
12295.013304430,0,1
12295.015717696,0,0
12296.023318806,0,1
12296.025732072,0,0
12297.033333294,0,1
12297.035746560,0,0
12298.043347704,0,1
12298.045760720,0,0
12299.053362118,0,1
12299.055775134,0,0
12300.063376548,0,1
12300.065789564,0,0
12301.073390952,0,1
12301.075804220,0,0
12302.083405394,0,1
12302.084675042,1,1
12302.087306902,0,1
12302.087342660,0,0
12303.093419778,0,1
12303.095832794,0,0
12304.103434184,0,1
12304.105847200,0,0
12305.113448648,0,1
12305.115861914,0,0
12306.123463024,0,1
12306.125876290,0,0
12307.133477424,0,1
12307.135890690,0,0
12308.143491898,0,1
12308.145904914,0,0
12309.153506290,0,1
12309.155919306,0,0
12310.163520736,0,1
12310.165933752,0,0
12311.173535108,0,1
12311.175948374,0,0
12312.183549546,0,1
12312.184819274,1,1
12312.187450694,0,1
12312.187486810,0,0
12313.193564090,0,1
12313.195977106,0,0
12314.203578496,0,1
12314.205991512,0,0
12315.213592900,0,1
12315.216006166,0,0
12316.223607332,0,1
12316.226020598,0,0
12317.233621726,0,1
12317.236034992,0,0
12318.243636150,0,1
12318.246049166,0,0
12319.253650602,0,1
12319.256063618,0,0
12320.263665012,0,1
12320.266078028,0,0
12321.273679422,0,1
12321.276092686,0,0
12322.283693888,0,1
12322.284963476,1,1
12322.287595270,0,1
12322.287631152,0,0
12323.293708258,0,1
12323.296121274,0,0
12324.303722688,0,1
12324.306135704,0,0
12325.313737094,0,1
12325.316150360,0,0
12326.323751450,0,1
12326.326164716,0,0
12327.333765890,0,1
12327.336179156,0,0
12328.343780406,0,1
12328.346193422,0,0
12329.353794754,0,1
12329.356207770,0,0
12330.363809192,0,1
12330.366222208,0,0
12331.373823594,0,1
12331.375093308,1,1
12331.377725282,0,1
12331.377761110,0,0
12332.383838170,0,1
12332.386251184,0,0
12333.393852572,0,1
12333.396265588,0,0
12334.403867028,0,1
12334.406280044,0,0
12335.413881410,0,1
12335.416294676,0,0
12336.423895844,0,1
12336.426309110,0,0
12337.433910272,0,1
12337.436323538,0,0
12338.443924700,0,1
12338.446337716,0,0
12339.453939156,0,1
12339.456352172,0,0
12340.463953512,0,1
12340.466366778,0,0
12341.473967956,0,1
12341.475237522,1,1
12341.477869274,0,1
12341.477905220,0,0
12342.483982364,0,1
12342.486395380,0,0
12343.493996786,0,1
12343.496409804,0,0
12344.504011158,0,1
12344.506424424,0,0
12345.514025634,0,1
12345.516438902,0,0
12346.524040002,0,1
12346.526453268,0,0
12347.534054522,0,1
12347.536467538,0,0
12348.544068874,0,1
12348.546481890,0,0
12349.554083286,0,1
12349.556496302,0,0
12350.564097720,0,1
12350.566510986,0,0
12351.574112158,0,1
12351.575381818,1,1
12351.578013898,0,1
12351.578049422,0,0
12352.584126684,0,1
12352.586539700,0,0
12353.594141022,0,1
12353.596554038,0,0
12354.604155472,0,1
12354.606568738,0,0
12355.614169930,0,1
12355.616583196,0,0
12356.624184384,0,1
12356.626597400,0,0
12357.634198776,0,1
12357.636611792,0,0
12358.644213220,0,1
12358.646626236,0,0
12359.654227578,0,1
12359.656640842,0,0
12360.664242020,0,1
12360.666655286,0,0
12361.674256462,0,1
12361.675526022,1,1
12361.678157426,0,1
12361.678193726,0,0
12362.684270922,0,1
12362.686683938,0,0
12363.694285306,0,1
12363.696698322,0,0
12364.704299698,0,1
12364.706712964,0,0
12365.714314164,0,1
12365.716727430,0,0
12366.724328562,0,1
12366.726741828,0,0
12367.734343056,0,1
12367.736756072,0,0
12368.744357430,0,1
12368.746770446,0,0
12369.754371844,0,1
12369.756784860,0,0
12370.764386272,0,1
12370.766799538,0,0
12371.774400638,0,1
12371.775670284,1,1
12371.778302030,0,1
12371.778337902,0,0
12372.784415092,0,1
12372.786828108,0,0
12373.794429474,0,1
12373.796842490,0,0
12374.804443878,0,1
12374.806857144,0,0
12375.814458302,0,1
12375.816871570,0,0
12376.824472780,0,1
12376.826885796,0,0
12377.834487184,0,1
12377.836900202,0,0
12378.844501566,0,1
12378.846914582,0,0
12379.854516028,0,1
12379.856929294,0,0
12380.864530442,0,1
12380.866943708,0,0
12381.874544804,0,1
12381.875814488,1,1
12381.878446620,0,1
12381.878482068,0,0
12382.884559388,0,1
12382.886972404,0,0
12383.894573780,0,1
12383.896986796,0,0
12384.904588226,0,1
12384.907001492,0,0
12385.914602614,0,1
12385.917015880,0,0
12386.924617118,0,1
12386.927030134,0,0
12387.934631480,0,1
12387.937044496,0,0
12388.944645884,0,1
12388.947059150,0,0
12389.954660348,0,1
12389.957073614,0,0
12390.964674798,0,1
12390.967087814,0,0
12391.974689202,0,1
12391.975958702,1,1
12391.978590630,0,1
12391.978626466,0,0
12392.984703508,0,1
12392.987116524,0,0
12393.994717894,0,1
12393.997130910,0,0
12395.004732314,0,1
12395.007145582,0,0
12396.014746722,0,1
12396.017159988,0,0
12397.024761128,0,1
12397.027174394,0,0
12398.034775628,0,1
12398.037188644,0,0
12399.044790034,0,1
12399.047203050,0,0
12400.054804454,0,1
12400.057217470,0,0
12401.064818836,0,1
12401.067232102,0,0
12402.074833270,0,1
12402.076102950,1,1
12402.078734936,0,1
12402.078770534,0,0
12403.084847770,0,1
12403.087261036,0,0
12404.094862210,0,1
12404.097275226,0,0
12405.104876624,0,1
12405.107289640,0,0
12406.114891058,0,1
12406.117304324,0,0
12407.124905512,0,1
12407.127318778,0,0
12408.134919896,0,1
12408.137333162,0,0
12409.144934338,0,1
12409.147347354,0,0
12410.154948738,0,1
12410.157361754,0,0
12411.164963158,0,1
12411.167376424,0,0
12412.174977612,0,1
12412.176247176,1,1
12412.178879252,0,1
12412.178914876,0,0
12413.184991996,0,1
12413.187405012,0,0
12414.195006400,0,1
12414.197419416,0,0
12415.205020816,0,1
12415.207434082,0,0
12416.215035254,0,1
12416.217448520,0,0
12417.225049628,0,1
12417.227462894,0,0
12418.235064096,0,1
12418.237477112,0,0
12419.245078530,0,1
12419.247491546,0,0
12420.255092970,0,1
12420.257505986,0,0
12421.265107368,0,1
12421.267520634,0,0
12422.275121772,0,1
12422.276391476,1,1
12422.279023430,0,1
12422.279059286,0,0
12423.285136282,0,1
12423.287549298,0,0
12424.295150696,0,1
12424.297563712,0,0
12425.305165108,0,1
12425.307578374,0,0
12426.315179498,0,1
12426.317592764,0,0
12427.325194008,0,1
12427.327607024,0,0
12428.335208430,0,1
12428.337621446,0,0
12429.345222806,0,1
12429.347635822,0,0
12430.355237214,0,1
12430.357650480,0,0
12431.365251624,0,1
12431.366521252,1,1
12431.369153162,0,1
12431.369188888,0,0
12432.375266056,0,1
12432.377679072,0,0
12433.385280442,0,1
12433.387693458,0,0
12434.395294890,0,1
12434.397708156,0,0
12435.405309284,0,1
12435.407722550,0,0
12436.415323682,0,1
12436.417736950,0,0
12437.425338170,0,1
12437.427751186,0,0
12438.435352562,0,1
12438.437765580,0,0
12439.445366982,0,1
12439.447779998,0,0
12440.455381446,0,1
12440.457794712,0,0
12441.465395790,0,1
12441.466665484,1,1
12441.469297276,0,1
12441.469333054,0,0
12442.475410368,0,1
12442.477823384,0,0
12443.485424762,0,1
12443.487837778,0,0
12444.495439164,0,1
12444.497852430,0,0
12445.505453592,0,1
12445.507866858,0,0
12446.515468050,0,1
12446.517881066,0,0
12447.525482446,0,1
12447.527895462,0,0
12448.535496898,0,1
12448.537909914,0,0
12449.545511332,0,1
12449.547924598,0,0
12450.555525740,0,1
12450.557939006,0,0
12451.565540066,0,1
12451.566809756,1,1
12451.569441750,0,1
12451.569477332,0,0
12452.575554662,0,1
12452.577967680,0,0
12453.585569070,0,1
12453.587982086,0,0
12454.595583468,0,1
12454.597996734,0,0
12455.605597846,0,1
12455.608011112,0,0
12456.615612360,0,1
12456.618025376,0,0
12457.625626738,0,1
12457.628039754,0,0
12458.635641202,0,1
12458.638054468,0,0
12459.645655604,0,1
12459.648068868,0,0
12460.655670044,0,1
12460.658083060,0,0
12461.665684502,0,1
12461.666953916,1,1
12461.669585968,0,1
12461.669621518,0,0
12462.675698754,0,1
12462.678111770,0,0
12463.685713160,0,1
12463.688126176,0,0
12464.695727600,0,1
12464.698140866,0,0
12465.705741982,0,1
12465.708155248,0,0
12466.715756390,0,1
12466.718169658,0,0
12467.725770922,0,1
12467.728183938,0,0
12468.735785342,0,1
12468.738198358,0,0
12469.745799680,0,1
12469.748212694,0,0
12470.755814118,0,1
12470.758227384,0,0
12471.765828584,0,1
12471.767098188,1,1
12471.769729720,0,1
12471.769765850,0,0
12472.775842946,0,1
12472.778255962,0,0
12473.785857390,0,1
12473.788270406,0,0
12474.795871816,0,1
12474.798285082,0,0
12475.805886174,0,1
12475.808299440,0,0
12476.815900682,0,1
12476.818313696,0,0
12477.825915100,0,1
12477.828328118,0,0
12478.835929492,0,1
12478.838342508,0,0
12479.845943884,0,1
12479.848357150,0,0
12480.855958296,0,1
12480.858371562,0,0
12481.865972758,0,1
12481.867242452,1,1
12481.869874072,0,1
12481.869910024,0,0
12482.875987294,0,1
12482.878400310,0,0
12483.886001732,0,1
12483.888414748,0,0
12484.896016164,0,1
12484.898429430,0,0
12485.906030580,0,1
12485.908443846,0,0
12486.916045028,0,1
12486.918458044,0,0
12487.926059444,0,1
12487.928472460,0,0
12488.936073870,0,1
12488.938486886,0,0
12489.946088302,0,1
12489.948501568,0,0
12490.956102704,0,1
12490.958515970,0,0
12491.966117170,0,1
12491.967386700,1,1
12491.970018142,0,1
12491.970054184,0,0
12492.976131438,0,1
12492.978544454,0,0
12493.986145828,0,1
12493.988558844,0,0
12494.996160246,0,1
12494.998573512,0,0
12496.006174654,0,1
12496.008587920,0,0
12497.016189192,0,1
12497.018602208,0,0
12498.026203550,0,1
12498.028616566,0,0
12499.036217978,0,1
12499.038630994,0,0
12500.046232438,0,1
12500.048645704,0,0
12501.056246826,0,1
12501.058660092,0,0
12502.066261228,0,1
12502.067530928,1,1
12502.070162644,0,1
12502.070198742,0,0
12503.076275766,0,1
12503.078688784,0,0
12504.086290146,0,1
12504.088703162,0,0
12505.096304540,0,1
12505.098717808,0,0
12506.106318960,0,1
12506.108732226,0,0
12507.116333474,0,1
12507.118746490,0,0
12508.126347910,0,1
12508.128760926,0,0
12509.136362278,0,1
12509.138775294,0,0
12510.146376712,0,1
12510.148789978,0,0
12511.156391154,0,1
12511.158804420,0,0
12512.166405512,0,1
12512.167675068,1,1
12512.170306664,0,1
12512.170342528,0,0
12513.176419938,0,1
12513.178832954,0,0
12514.186434316,0,1
12514.188847334,0,0
12515.196448744,0,1
12515.198862010,0,0
12516.206463164,0,1
12516.208876430,0,0
12517.216477662,0,1
12517.218890678,0,0
12518.226492032,0,1
12518.228905048,0,0
12519.236506444,0,1
12519.238919460,0,0
12520.246520880,0,1
12520.248934146,0,0
12521.256535310,0,1
12521.258948576,0,0
12522.266549718,0,1
12522.267819294,1,1
12522.270450740,0,1
12522.270486982,0,0
12523.276564112,0,1
12523.278977128,0,0
12524.286578528,0,1
12524.288991544,0,0
12525.296592934,0,1
12525.299006200,0,0
12526.306607314,0,1
12526.309020580,0,0
12527.316621724,0,1
12527.319034990,0,0
12528.326636226,0,1
12528.329049242,0,0
12529.336650602,0,1
12529.339063618,0,0
12530.346665054,0,1
12530.349078070,0,0
12531.356679474,0,1
12531.357949106,1,1
12531.360580644,0,1
12531.360616738,0,0
12532.366693886,0,1
12532.369106902,0,0
12533.376708274,0,1
12533.379121290,0,0
12534.386722704,0,1
12534.389135720,0,0
12535.396737100,0,1
12535.399150366,0,0
12536.406751536,0,1
12536.409164802,0,0
12537.416765924,0,1
12537.419179190,0,0
12538.426780422,0,1
12538.429193438,0,0
12539.436794824,0,1
12539.439207840,0,0
12540.446809210,0,1
12540.449222228,0,0
12541.456823622,0,1
12541.458093362,1,1
12541.460725000,0,1
12541.460761136,0,0
12542.466838176,0,1
12542.469251192,0,0
12543.476852576,0,1
12543.479265592,0,0
12544.486867040,0,1
12544.489280306,0,0
12545.496881406,0,1
12545.499294672,0,0
12546.506895842,0,1
12546.509309110,0,0
12547.516910322,0,1
12547.519323338,0,0
12548.526924694,0,1
12548.529337710,0,0
12549.536939090,0,1
12549.539352106,0,0
12550.546953536,0,1
12550.549366800,0,0
12551.556967966,0,1
12551.558237582,1,1
12551.560869350,0,1
12551.560905230,0,0
12552.566982386,0,1
12552.569395402,0,0
12553.576996780,0,1
12553.579409796,0,0
12554.587011202,0,1
12554.589424468,0,0
12555.597025552,0,1
12555.599438818,0,0
12556.607040018,0,1
12556.609453284,0,0
12557.617054472,0,1
12557.619467488,0,0
12558.627068898,0,1
12558.629481914,0,0
12559.637083312,0,1
12559.639496328,0,0
12560.647097722,0,1
12560.649510988,0,0
12561.657112146,0,1
12561.658381840,1,1
12561.661013518,0,1
12561.661049410,0,0
12562.667126638,0,1
12562.669539654,0,0
12563.677141068,0,1
12563.679554084,0,0
12564.687155462,0,1
12564.689568478,0,0
12565.697169894,0,1
12565.699583160,0,0
12566.707184342,0,1
12566.709597608,0,0
12567.717198764,0,1
12567.719611780,0,0
12568.727213242,0,1
12568.729626258,0,0
12569.737227564,0,1
12569.739640578,0,0
12570.747241994,0,1
12570.749655260,0,0
12571.757256394,0,1
12571.758526022,1,1
12571.761157590,0,1
12571.761193658,0,0
12572.767270856,0,1
12572.769683872,0,0
12573.777285220,0,1
12573.779698236,0,0
12574.787299640,0,1
12574.789712906,0,0
12575.797314064,0,1
12575.799727330,0,0
12576.807328504,0,1
12576.809741770,0,0
12577.817342952,0,1
12577.819755968,0,0
12578.827357350,0,1
12578.829770366,0,0
12579.837371734,0,1
12579.839784750,0,0
12580.847386196,0,1
12580.849799464,0,0
12581.857400580,0,1
12581.858670164,1,1
12581.861302424,0,1
12581.861337846,0,0
12582.867415016,0,1
12582.869828032,0,0
12583.877429410,0,1
12583.879842424,0,0
12584.887443818,0,1
12584.889856834,0,0
12585.897458202,0,1
12585.899871468,0,0
12586.907472632,0,1
12586.909885900,0,0
12587.917487032,0,1
12587.919900298,0,0
12588.927501540,0,1
12588.929914556,0,0
12589.937515908,0,1
12589.939928924,0,0
12590.947530342,0,1
12590.949943358,0,0
12591.957544726,0,1
12591.958814412,1,1
12591.961446222,0,1
12591.961481990,0,0
12592.967559280,0,1
12592.969972296,0,0
12593.977573710,0,1
12593.979986726,0,0
12594.987588122,0,1
12594.990001388,0,0
12595.997602498,0,1
12596.000015764,0,0
12597.007616962,0,1
12597.010030228,0,0
12598.017631382,0,1
12598.020044400,0,0
12599.027645788,0,1
12599.030058804,0,0
12600.037660216,0,1
12600.040073232,0,0
12601.047674626,0,1
12601.050087892,0,0
12602.057689002,0,1
12602.058958570,1,1
12602.061589942,0,1
12602.061626268,0,0
12603.067703470,0,1
12603.070116488,0,0
12604.077717870,0,1
12604.080130886,0,0
12605.087732258,0,1
12605.090145524,0,0
12606.097746680,0,1
12606.100159946,0,0
12607.107761112,0,1
12607.110174378,0,0
12608.117775516,0,1
12608.120188532,0,0
12609.127789988,0,1
12609.130203004,0,0
12610.137804404,0,1
12610.140217420,0,0
12611.147818814,0,1
12611.150231830,0,0
12612.157833190,0,1
12612.159102868,1,1
12612.161735012,0,1
12612.161770456,0,0
12613.167847786,0,1
12613.170260802,0,0
12614.177862150,0,1
12614.180275166,0,0
12615.187876568,0,1
12615.190289834,0,0
12616.197891018,0,1
12616.200304284,0,0
12617.207905436,0,1
12617.210318454,0,0
12618.217919872,0,1
12618.220332886,0,0
12619.227934288,0,1
12619.230347304,0,0
12620.237948692,0,1
12620.240361960,0,0
12621.247963076,0,1
12621.250376342,0,0
12622.257977558,0,1
12622.259246970,1,1
12622.261879100,0,1
12622.261914574,0,0
12623.267991718,0,1
12623.270404734,0,0
12624.278006136,0,1
12624.280419152,0,0
12625.288020540,0,1
12625.290433556,0,0
12626.298034942,0,1
12626.300448208,0,0
12627.308049402,0,1
12627.310462668,0,0
12628.318063758,0,1
12628.320477024,0,0
12629.328078272,0,1
12629.330491288,0,0
12630.338092652,0,1
12630.340505668,0,0
12631.348107068,0,1
12631.349376736,1,1
12631.352008228,0,1
12631.352044332,0,0
12632.358121600,0,1
12632.360534616,0,0
12633.368135988,0,1
12633.370549004,0,0
12634.378150424,0,1
12634.380563690,0,0
12635.388164822,0,1
12635.390578088,0,0
12636.398179260,0,1
12636.400592526,0,0
12637.408193694,0,1
12637.410606710,0,0
12638.418208108,0,1
12638.420621124,0,0
12639.428222556,0,1
12639.430635572,0,0
12640.438236992,0,1
12640.440650258,0,0
12641.448251376,0,1
12641.449520986,1,1
12641.452152740,0,1
12641.452188640,0,0
12642.458265812,0,1
12642.460678828,0,0
12643.468280218,0,1
12643.470693234,0,0
12644.478294612,0,1
12644.480707628,0,0
12645.488309020,0,1
12645.490722288,0,0
12646.498323398,0,1
12646.500736664,0,0
12647.508337878,0,1
12647.510751146,0,0
12648.518352306,0,1
12648.520765322,0,0
12649.528366704,0,1
12649.530779720,0,0
12650.538381110,0,1
12650.540794126,0,0
12651.548395536,0,1
12651.549665114,1,1
12651.552296648,0,1
12651.552332802,0,0
12652.558409910,0,1
12652.560822926,0,0
12653.568424328,0,1
12653.570837344,0,0
12654.578438746,0,1
12654.580851762,0,0
12655.588453130,0,1
12655.590866396,0,0
12656.598467590,0,1
12656.600880856,0,0
12657.608482020,0,1
12657.610895286,0,0
12658.618496446,0,1
12658.620909462,0,0
12659.628510890,0,1
12659.630923908,0,0
12660.638525308,0,1
12660.640938324,0,0
12661.648539706,0,1
12661.649809334,1,1
12661.652441054,0,1
12661.652476972,0,0
12662.658554122,0,1
12662.660967138,0,0
12663.668568520,0,1
12663.670981536,0,0
12664.678582952,0,1
12664.680995968,0,0
12665.688597358,0,1
12665.691010624,0,0
12666.698611726,0,1
12666.701024992,0,0
12667.708626156,0,1
12667.711039420,0,0
12668.718640636,0,1
12668.721053652,0,0
12669.728654986,0,1
12669.731068002,0,0
12670.738669416,0,1
12670.741082432,0,0
12671.748683826,0,1
12671.749953570,1,1
12671.752585358,0,1
12671.752621090,0,0
12672.758698374,0,1
12672.761111390,0,0
12673.768712800,0,1
12673.771125816,0,0
12674.778727184,0,1
12674.781140200,0,0
12675.788741646,0,1
12675.791154912,0,0
12676.798756002,0,1
12676.801169268,0,0
12677.808770440,0,1
12677.811183706,0,0
12678.818784850,0,1
12678.821198116,0,0
12679.828799238,0,1
12679.831212504,0,0
12680.838813682,0,1
12680.841226698,0,0
12681.848828160,0,1
12681.850097752,1,1
12681.852729706,0,1
12681.852765426,0,0
12682.858842552,0,1
12682.861255568,0,0
12683.868856936,0,1
12683.871269952,0,0
12684.878871372,0,1
12684.881284388,0,0
12685.888885736,0,1
12685.891299002,0,0
12686.898900194,0,1
12686.901313460,0,0
12687.908914612,0,1
12687.911327876,0,0
12688.918929106,0,1
12688.921342122,0,0
12689.928943510,0,1
12689.931356526,0,0
12690.938957870,0,1
12690.941370886,0,0
12691.948972296,0,1
12691.950242030,1,1
12691.952874298,0,1
12691.952909810,0,0
12692.958986830,0,1
12692.961399846,0,0
12693.969001258,0,1
12693.971414274,0,0
12694.979015608,0,1
12694.981428624,0,0
12695.989030094,0,1
12695.991443360,0,0
12696.999044508,0,1
12697.001457774,0,0
12698.009058860,0,1
12698.011472126,0,0
12699.019073362,0,1
12699.021486378,0,0
12700.029087768,0,1
12700.031500784,0,0
12701.039102166,0,1
12701.041515182,0,0
12702.049116616,0,1
12702.050386204,1,1
12702.053018332,0,1
12702.053053882,0,0
12703.059131022,0,1
12703.061544038,0,0
12704.069145376,0,1
12704.071558392,0,0
12705.079159774,0,1
12705.081573040,0,0
12706.089174260,0,1
12706.091587524,0,0
12707.099188650,0,1
12707.101601916,0,0
12708.109203140,0,1
12708.111616158,0,0
12709.119217496,0,1
12709.121630510,0,0
12710.129231924,0,1
12710.131644940,0,0
12711.139246350,0,1
12711.141659614,0,0
12712.149260758,0,1
12712.150530362,1,1
12712.153161746,0,1
12712.153198022,0,0
12713.159275146,0,1
12713.161688162,0,0
12714.169289562,0,1
12714.171702578,0,0
12715.179304004,0,1
12715.181717020,0,0
12716.189318396,0,1
12716.191731662,0,0
12717.199332804,0,1
12717.201746070,0,0
12718.209347164,0,1
12718.211760430,0,0
12719.219361638,0,1
12719.221774654,0,0
12720.229376072,0,1
12720.231789088,0,0
12721.239390454,0,1
12721.241803470,0,0
12722.249404938,0,1
12722.250674556,1,1
12722.253306246,0,1
12722.253342202,0,0
12723.259419344,0,1
12723.261832360,0,0
12724.269433724,0,1
12724.271846740,0,0
12725.279448166,0,1
12725.281861182,0,0
12726.289462566,0,1
12726.291875832,0,0
12727.299476982,0,1
12727.301890248,0,0
12728.309491338,0,1
12728.311904604,0,0
12729.319505826,0,1
12729.321918840,0,0
12730.329520254,0,1
12730.331933270,0,0
12731.339534654,0,1
12731.340804392,1,1
12731.343436048,0,1
12731.343472168,0,0
12732.349549226,0,1
12732.351962242,0,0
12733.359563606,0,1
12733.361976622,0,0
12734.369577972,0,1
12734.371991238,0,0
12735.379592396,0,1
12735.382005662,0,0
12736.389606824,0,1
12736.392020090,0,0
12737.399621296,0,1
12737.402034310,0,0
12738.409635766,0,1
12738.412048782,0,0
12739.419650168,0,1
12739.422063184,0,0
12740.429664512,0,1
12740.432077778,0,0
12741.439678990,0,1
12741.440948554,1,1
12741.443580854,0,1
12741.443616254,0,0
12742.449693370,0,1
12742.452106388,0,0
12743.459707756,0,1
12743.462120772,0,0
12744.469722196,0,1
12744.472135462,0,0
12745.479736604,0,1
12745.482149870,0,0
12746.489750988,0,1
12746.492164254,0,0
12747.499765434,0,1
12747.502178700,0,0
12748.509779914,0,1
12748.512192930,0,0
12749.519794264,0,1
12749.522207280,0,0
12750.529808694,0,1
12750.532221710,0,0
12751.539823148,0,1
12751.541092752,1,1
12751.543724320,0,1
12751.543760414,0,0
12752.549837512,0,1
12752.552250528,0,0
12753.559851940,0,1
12753.562264956,0,0
12754.569866378,0,1
12754.572279394,0,0
12755.579880762,0,1
12755.582294028,0,0
12756.589895178,0,1
12756.592308442,0,0
12757.599909562,0,1
12757.602322830,0,0
12758.609924054,0,1
12758.612337070,0,0
12759.619938496,0,1
12759.622351512,0,0
12760.629952896,0,1
12760.632365912,0,0
12761.639967248,0,1
12761.641237028,1,1
12761.643869046,0,1
12761.643904764,0,0
12762.649981804,0,1
12762.652394820,0,0
12763.659996176,0,1
12763.662409192,0,0
12764.670010630,0,1
12764.672423896,0,0
12765.680024998,0,1
12765.682438266,0,0
12766.690039398,0,1
12766.692452664,0,0
12767.700053938,0,1
12767.702466954,0,0
12768.710068330,0,1
12768.712481344,0,0
12769.720082712,0,1
12769.722495730,0,0
12770.730097120,0,1
12770.732510386,0,0
12771.740111548,0,1
12771.741381144,1,1
12771.744012512,0,1
12771.744048812,0,0
12772.750125916,0,1
12772.752538932,0,0
12773.760140352,0,1
12773.762553368,0,0
12774.770154726,0,1
12774.772567742,0,0
12775.780169164,0,1
12775.782582430,0,0
12776.790183558,0,1
12776.792596824,0,0
12777.800197982,0,1
12777.802611248,0,0
12778.810212474,0,1
12778.812625492,0,0
12779.820226850,0,1
12779.822639864,0,0
12780.830241278,0,1
12780.832654294,0,0
12781.840255706,0,1
12781.841525428,1,1
12781.844157082,0,1
12781.844193222,0,0
12782.850270238,0,1
12782.852683254,0,0
12783.860284648,0,1
12783.862697664,0,0
12784.870299058,0,1
12784.872712324,0,0
12785.880313468,0,1
12785.882726734,0,0
12786.890327842,0,1
12786.892741108,0,0
12787.900342304,0,1
12787.902755320,0,0
12788.910356748,0,1
12788.912769764,0,0
12789.920371154,0,1
12789.922784172,0,0
12790.930385560,0,1
12790.932798826,0,0
12791.940399986,0,1
12791.941669576,1,1
12791.944301000,0,1
12791.944337250,0,0
12792.950414370,0,1
12792.952827388,0,0
12793.960428756,0,1
12793.962841770,0,0
12794.970443182,0,1
12794.972856448,0,0
12795.980457580,0,1
12795.982870846,0,0
12796.990472016,0,1
12796.992885282,0,0
12798.000486490,0,1
12798.002899506,0,0
12799.010500824,0,1
12799.012913840,0,0
12800.020515288,0,1
12800.022928304,0,0
12801.030529698,0,1
12801.032942964,0,0
12802.040544112,0,1
12802.041813750,1,1
12802.044445694,0,1
12802.044481376,0,0
12803.050558520,0,1
12803.052971536,0,0
12804.060572952,0,1
12804.062985968,0,0
12805.070587360,0,1
12805.073000626,0,0
12806.080601760,0,1
12806.083015026,0,0
12807.090616170,0,1
12807.093029436,0,0
12808.100630594,0,1
12808.103043610,0,0
12809.110645018,0,1
12809.113058034,0,0
12810.120659472,0,1
12810.123072488,0,0
12811.130673862,0,1
12811.133087128,0,0
12812.140688248,0,1
12812.141957964,1,1
12812.144589586,0,1
12812.144625512,0,0
12813.150702778,0,1
12813.153115794,0,0
12814.160717172,0,1
12814.163130188,0,0
12815.170731628,0,1
12815.173144644,0,0
12816.180746012,0,1
12816.183159026,0,0
12817.190760444,0,1
12817.193173710,0,0
12818.200774844,0,1
12818.203188110,0,0
12819.210789302,0,1
12819.213202318,0,0
12820.220803736,0,1
12820.223216752,0,0
12821.230818180,0,1
12821.233231196,0,0
12822.240832530,0,1
12822.242102174,1,1
12822.244733758,0,1
12822.244769794,0,0
12823.250846930,0,1
12823.253259946,0,0
12824.260861344,0,1
12824.263274360,0,0
12825.270875770,0,1
12825.273289036,0,0
12826.280890166,0,1
12826.283303432,0,0
12827.290904600,0,1
12827.293317866,0,0
12828.300919030,0,1
12828.303332046,0,0
12829.310933484,0,1
12829.313346500,0,0
12830.320947846,0,1
12830.323360862,0,0
12831.330962292,0,1
12831.332231928,1,1
12831.334864150,0,1
12831.334899558,0,0
12832.340976658,0,1
12832.343389674,0,0
12833.350991040,0,1
12833.353404056,0,0
12834.361005482,0,1
12834.363418748,0,0
12835.371019894,0,1
12835.373433160,0,0
12836.381034296,0,1
12836.383447562,0,0
12837.391048744,0,1
12837.393461760,0,0
12838.401063210,0,1
12838.403476226,0,0
12839.411077610,0,1
12839.413490626,0,0
12840.421092002,0,1
12840.423505268,0,0
12841.431106370,0,1
12841.432376132,1,1
12841.435008448,0,1
12841.435043634,0,0
12842.441120958,0,1
12842.443533974,0,0
12843.451135362,0,1
12843.453548378,0,0
12844.461149734,0,1
12844.463563000,0,0
12845.471164190,0,1
12845.473577456,0,0
12846.481178566,0,1
12846.483591832,0,0
12847.491193088,0,1
12847.493606104,0,0
12848.501207478,0,1
12848.503620494,0,0
12849.511221852,0,1
12849.513634870,0,0
12850.521236312,0,1
12850.523649578,0,0
12851.531250684,0,1
12851.532520378,1,1
12851.535151692,0,1
12851.535188200,0,0
12852.541265192,0,1
12852.543678208,0,0
12853.551279630,0,1
12853.553692646,0,0
12854.561294034,0,1
12854.563707298,0,0
12855.571308468,0,1
12855.573721734,0,0
12856.581322902,0,1
12856.583735918,0,0
12857.591337348,0,1
12857.593750364,0,0
12858.601351694,0,1
12858.603764710,0,0
12859.611366132,0,1
12859.613779398,0,0
12860.621380532,0,1
12860.623793798,0,0
12861.631395010,0,1
12861.632664554,1,1
12861.635296542,0,1
12861.635332274,0,0
12862.641409270,0,1
12862.643822286,0,0
12863.651423726,0,1
12863.653836742,0,0
12864.661438132,0,1
12864.663851398,0,0
12865.671452560,0,1
12865.673865826,0,0
12866.681466930,0,1
12866.683880196,0,0
12867.691481396,0,1
12867.693894412,0,0
12868.701495792,0,1
12868.703908808,0,0
12869.711510246,0,1
12869.713923262,0,0
12870.721524656,0,1
12870.723937922,0,0
12871.731539032,0,1
12871.732808778,1,1
12871.735440492,0,1
12871.735476548,0,0
12872.741553606,0,1
12872.743966622,0,0
12873.751567980,0,1
12873.753980996,0,0
12874.761582386,0,1
12874.763995652,0,0
12875.771596812,0,1
12875.774010078,0,0
12876.781611300,0,1
12876.784024316,0,0
12877.791625658,0,1
12877.794038674,0,0
12878.801640090,0,1
12878.804053106,0,0
12879.811654526,0,1
12879.814067792,0,0
12880.821668880,0,1
12880.824082146,0,0
12881.831683316,0,1
12881.832953000,1,1
12881.835584878,0,1
12881.835620580,0,0
12882.841697816,0,1
12882.844110832,0,0
12883.851712274,0,1
12883.854125290,0,0
12884.861726628,0,1
12884.864139644,0,0
12885.871741056,0,1
12885.874154322,0,0
12886.881755490,0,1
12886.884168756,0,0
12887.891769954,0,1
12887.894182970,0,0
12888.901784380,0,1
12888.904197394,0,0
12889.911798790,0,1
12889.914211806,0,0
12890.921813176,0,1
12890.924226442,0,0
12891.931827602,0,1
12891.933097130,1,1
12891.935728726,0,1
12891.935764616,0,0
12892.941841924,0,1
12892.944254940,0,0
12893.951856292,0,1
12893.954269308,0,0
12894.961870716,0,1
12894.964283982,0,0
12895.971885112,0,1
12895.974298378,0,0
12896.981899538,0,1
12896.984312804,0,0
12897.991913980,0,1
12897.994326996,0,0
12899.001928398,0,1
12899.004341414,0,0
12900.011942828,0,1
12900.014355844,0,0
12901.021957214,0,1
12901.024370480,0,0
12902.031971614,0,1
12902.033241344,1,1
12902.035873114,0,1
12902.035908878,0,0
12903.041986136,0,1
12903.044399152,0,0
12904.052000540,0,1
12904.054413556,0,0
12905.062014976,0,1
12905.064428242,0,0
12906.072029340,0,1
12906.074442606,0,0
12907.082043870,0,1
12907.084456888,0,0
12908.092058274,0,1
12908.094471290,0,0
12909.102072660,0,1
12909.104485676,0,0
12910.112087062,0,1
12910.114500328,0,0
12911.122101474,0,1
12911.124514740,0,0
12912.132115830,0,1
12912.133385574,1,1
12912.136017142,0,1
12912.136053344,0,0
12913.142130412,0,1
12913.144543428,0,0
12914.152144812,0,1
12914.154557828,0,0
12915.162159224,0,1
12915.164572490,0,0
12916.172173610,0,1
12916.174586876,0,0
12917.182188098,0,1
12917.184601114,0,0
12918.192202492,0,1
12918.194615508,0,0
12919.202216904,0,1
12919.204630170,0,0
12920.212231296,0,1
12920.214644562,0,0
12921.222245724,0,1
12921.224658992,0,0
12922.232260234,0,1
12922.233529704,1,1
12922.236161328,0,1
12922.236197248,0,0
12923.242274484,0,1
12923.244687500,0,0
12924.252288872,0,1
12924.254701888,0,0
12925.262303286,0,1
12925.264716552,0,0
12926.272317690,0,1
12926.274730956,0,0
12927.282332112,0,1
12927.284745378,0,0
12928.292346614,0,1
12928.294759630,0,0
12929.302361008,0,1
12929.304774024,0,0
12930.312375416,0,1
12930.314788432,0,0
12931.322389794,0,1
12931.323659512,1,1
12931.326291672,0,1
12931.326327308,0,0
12932.332404330,0,1
12932.334817346,0,0
12933.342418744,0,1
12933.344831760,0,0
12934.352433148,0,1
12934.354846414,0,0
12935.362447544,0,1
12935.364860810,0,0
12936.372461934,0,1
12936.374875200,0,0
12937.382476460,0,1
12937.384889476,0,0
12938.392490850,0,1
12938.394903866,0,0
12939.402505302,0,1
12939.404918318,0,0
12940.412519704,0,1
12940.414932970,0,0
12941.422534048,0,1
12941.423803684,1,1
12941.426435286,0,1
12941.426471314,0,0
12942.432548516,0,1
12942.434961532,0,0
12943.442562874,0,1
12943.444975890,0,0
12944.452577300,0,1
12944.454990566,0,0
12945.462591698,0,1
12945.465004964,0,0
12946.472606162,0,1
12946.475019178,0,0
12947.482620616,0,1
12947.485033632,0,0
12948.492634966,0,1
12948.495047982,0,0
12949.502649400,0,1
12949.505062666,0,0
12950.512663792,0,1
12950.515077058,0,0
12951.522678228,0,1
12951.523947884,1,1
12951.526579512,0,1
12951.526615492,0,0
12952.532692566,0,1
12952.535105832,0,0
12953.542707044,0,1
12953.545120060,0,0
12954.552721468,0,1
12954.555134484,0,0
12955.562735840,0,1
12955.565148856,0,0
12956.572750276,0,1
12956.575163542,0,0
12957.582764718,0,1
12957.585177984,0,0
12958.592779132,0,1
12958.595192396,0,0
12959.602793562,0,1
12959.605206578,0,0
12960.612807984,0,1
12960.615221000,0,0
12961.622822392,0,1
12961.624091994,1,1
12961.626723794,0,1
12961.626759656,0,0
12962.632836788,0,1
12962.635249804,0,0
12963.642851146,0,1
12963.645264162,0,0
12964.652865572,0,1
12964.655278588,0,0
12965.662879996,0,1
12965.665293262,0,0
12966.672894436,0,1
12966.675307702,0,0
12967.682908820,0,1
12967.685322088,0,0
12968.692923290,0,1
12968.695336306,0,0
12969.702937678,0,1
12969.705350696,0,0
12970.712952082,0,1
12970.715365098,0,0
12971.722966508,0,1
12971.724236242,1,1
12971.726868412,0,1
12971.726904024,0,0
12972.732981094,0,1
12972.735394110,0,0
12973.742995508,0,1
12973.745408524,0,0
12974.753009844,0,1
12974.755423110,0,0
12975.763024236,0,1
12975.765437502,0,0
12976.773038752,0,1
12976.775451768,0,0
12977.783053156,0,1
12977.785466172,0,0
12978.793067570,0,1
12978.795480586,0,0
12979.803081948,0,1
12979.805495214,0,0
12980.813096372,0,1
12980.815509638,0,0
12981.823110790,0,1
12981.824380438,1,1
12981.827012096,0,1
12981.827048054,0,0
12982.833125214,0,1
12982.835538230,0,0
12983.843139616,0,1
12983.845552632,0,0
12984.853153984,0,1
12984.855567250,0,0
12985.863168466,0,1
12985.865581732,0,0
12986.873182808,0,1
12986.875596074,0,0
12987.883197306,0,1
12987.885610322,0,0
12988.893211686,0,1
12988.895624702,0,0
12989.903226144,0,1
12989.905639160,0,0
12990.913240502,0,1
12990.915653770,0,0
12991.923254924,0,1
12991.924524630,1,1
12991.927154076,0,1
12991.927154082,1,1
12991.927154098,0,1
12991.927154102,1,1
12991.927155412,0,1
12991.927155420,1,1
12991.927155592,0,1
12991.927155600,1,1
12991.927156896,0,1
12991.927192438,0,0
12992.933269426,0,1
12992.935682442,0,0
12993.943283892,0,1
12993.945696908,0,0
12994.953298226,0,1
12994.955711242,0,0
12995.963312688,0,1
12995.965725954,0,0
12996.973327100,0,1
12996.975740366,0,0
12997.983341568,0,1
12997.985754584,0,0
12998.993355946,0,1
12998.995768962,0,0
13000.003370392,0,1
13000.005783408,0,0
13001.013384806,0,1
13001.015798072,0,0
13002.023399218,0,1
13002.024668788,1,1
13002.027300410,0,1
13002.027336482,0,0
13003.033413626,0,1
13003.035826642,0,0
13004.043427998,0,1
13004.045841016,0,0
13005.053442406,0,1
13005.055855672,0,0
13006.063456854,0,1
13006.065870122,0,0
13007.073471224,0,1
13007.075884490,0,0
13008.083485738,0,1
13008.085898754,0,0
13009.093500162,0,1
13009.095913178,0,0
13010.103514528,0,1
13010.105927544,0,0
13011.113528970,0,1
13011.115942236,0,0
13012.123543360,0,1
13012.124813016,1,1
13012.127444556,0,1
13012.127480624,0,0
13013.133557792,0,1
13013.135970808,0,0
13014.143572184,0,1
13014.145985200,0,0
13015.153586596,0,1
13015.155999612,0,0
13016.163600978,0,1
13016.166014244,0,0
13017.173615380,0,1
13017.176028646,0,0
13018.183629840,0,1
13018.186043106,0,0
13019.193644240,0,1
13019.196057256,0,0
13020.203658714,0,1
13020.206071730,0,0
13021.213673136,0,1
13021.216086152,0,0
13022.223687532,0,1
13022.224957208,1,1
13022.227589080,0,1
13022.227624796,0,0
13023.233702070,0,1
13023.236115088,0,0
13024.243716430,0,1
13024.246129446,0,0
13025.253730884,0,1
13025.256144150,0,0
13026.263745290,0,1
13026.266158556,0,0
13027.273759686,0,1
13027.276172954,0,0
13028.283774128,0,1
13028.286187144,0,0
13029.293788570,0,1
13029.296201586,0,0
13030.303802988,0,1
13030.306216004,0,0
13031.313817420,0,1
13031.315086990,1,1
13031.317718752,0,1
13031.317754684,0,0
13032.323831822,0,1
13032.326244838,0,0
13033.333846250,0,1
13033.336259266,0,0
13034.343860584,0,1
13034.346273850,0,0
13035.353875048,0,1
13035.356288314,0,0
13036.363889454,0,1
13036.366302720,0,0
13037.373903892,0,1
13037.376316908,0,0
13038.383918318,0,1
13038.386331336,0,0
13039.393932746,0,1
13039.396345762,0,0
13040.403947120,0,1
13040.406360386,0,0
13041.413961536,0,1
13041.415231198,1,1
13041.417863312,0,1
13041.417898800,0,0
13042.423975954,0,1
13042.426388970,0,0
13043.433990366,0,1
13043.436403382,0,0
13044.444004782,0,1
13044.446418048,0,0
13045.454019188,0,1
13045.456432452,0,0
13046.464033594,0,1
13046.466446860,0,0
13047.474048060,0,1
13047.476461076,0,0
13048.484062462,0,1
13048.486475478,0,0
13049.494076866,0,1
13049.496489882,0,0
13050.504091288,0,1
13050.506504554,0,0
13051.514105694,0,1
13051.515375348,1,1
13051.518007086,0,1
13051.518042960,0,0
13052.524120192,0,1
13052.526533208,0,0
13053.534134640,0,1
13053.536547656,0,0
13054.544148994,0,1
13054.546562260,0,0
13055.554163466,0,1
13055.556576732,0,0
13056.564177858,0,1
13056.566591126,0,0
13057.574192304,0,1
13057.576605320,0,0
13058.584206726,0,1
13058.586619742,0,0
13059.594221144,0,1
13059.596634160,0,0
13060.604235496,0,1
13060.606648762,0,0
13061.614249920,0,1
13061.615519526,1,1
13061.618151112,0,1
13061.618187184,0,0
13062.624264378,0,1
13062.626677394,0,0
13063.634278720,0,1
13063.636691736,0,0
13064.644293194,0,1
13064.646706460,0,0
13065.654307562,0,1
13065.656720828,0,0
13066.664321978,0,1
13066.666735244,0,0
13067.674336452,0,1
13067.676749468,0,0
13068.684350884,0,1
13068.686763900,0,0
13069.694365280,0,1
13069.696778296,0,0
13070.704379672,0,1
13070.706792938,0,0
13071.714394072,0,1
13071.715663762,1,1
13071.718295972,0,1
13071.718331338,0,0
13072.724408628,0,1
13072.726821644,0,0
13073.734423010,0,1
13073.736836026,0,0
13074.744437442,0,1
13074.746850710,0,0
13075.754451856,0,1
13075.756865122,0,0
13076.764466256,0,1
13076.766879522,0,0
13077.774480748,0,1
13077.776893764,0,0
13078.784495116,0,1
13078.786908132,0,0
13079.794509538,0,1
13079.796922554,0,0
13080.804523970,0,1
13080.806937236,0,0
13081.814538368,0,1
13081.815807968,1,1
13081.818439494,0,1
13081.818475632,0,0
13082.824552884,0,1
13082.826965900,0,0
13083.834567370,0,1
13083.836980386,0,0
13084.844581728,0,1
13084.846994994,0,0
13085.854596132,0,1
13085.857009398,0,0
13086.864610622,0,1
13086.867023638,0,0
13087.874625016,0,1
13087.877038032,0,0
13088.884639432,0,1
13088.887052450,0,0
13089.894653810,0,1
13089.897066826,0,0
13090.904668234,0,1
13090.907081500,0,0
13091.914682624,0,1
13091.915952190,1,1
13091.918584038,0,1
13091.918619890,0,0
13092.924697084,0,1
13092.927110102,0,0
13093.934711452,0,1
13093.937124468,0,0
13094.944725840,0,1
13094.947139106,0,0
13095.954740284,0,1
13095.957153550,0,0
13096.964754786,0,1
13096.967167802,0,0
13097.974769178,0,1
13097.977182196,0,0
13098.984783596,0,1
13098.987196612,0,0
13099.994797998,0,1
13099.997211264,0,0
13101.004812368,0,1
13101.007225634,0,0
13102.014826844,0,1
13102.016096332,1,1
13102.018728084,0,1
13102.018764110,0,0
13103.024841114,0,1
13103.027254130,0,0
13104.034855554,0,1
13104.037268570,0,0
13105.044869994,0,1
13105.047283260,0,0
13106.054884360,0,1
13106.057297626,0,0
13107.064898744,0,1
13107.067312010,0,0
13108.074913238,0,1
13108.077326254,0,0
13109.084927670,0,1
13109.087340686,0,0
13110.094942046,0,1
13110.097355062,0,0
13111.104956482,0,1
13111.107369748,0,0
13112.114970864,0,1
13112.116240426,1,1
13112.118871862,0,1
13112.118908130,0,0
13113.124985276,0,1
13113.127398292,0,0
13114.134999718,0,1
13114.137412734,0,0
13115.145014084,0,1
13115.147427100,0,0
13116.155028514,0,1
13116.157441780,0,0
13117.165042940,0,1
13117.167456206,0,0
13118.175057378,0,1
13118.177470394,0,0
13119.185071876,0,1
13119.187484892,0,0
13120.195086222,0,1
13120.197499240,0,0
13121.205100636,0,1
13121.207513652,0,0
13122.215115078,0,1
13122.216384664,1,1
13122.219016466,0,1
13122.219052342,0,0
13123.225129438,0,1
13123.227542454,0,0
13124.235143890,0,1
13124.237556906,0,0
13125.245158256,0,1
13125.247571522,0,0
13126.255172662,0,1
13126.257585928,0,0
13127.265187076,0,1
13127.267600340,0,0
13128.275201584,0,1
13128.277614600,0,0
13129.285215982,0,1
13129.287628998,0,0
13130.295230354,0,1
13130.297643370,0,0
13131.305244752,0,1
13131.306514372,1,1
13131.309145984,0,1
13131.309182018,0,0
13132.315259186,0,1
13132.317672204,0,0
13133.325273566,0,1
13133.327686582,0,0
13134.335287998,0,1
13134.337701014,0,0
13135.345302422,0,1
13135.347715690,0,0
13136.355316846,0,1
13136.357730112,0,0
13137.365331208,0,1
13137.367744474,0,0
13138.375345704,0,1
13138.377758720,0,0
13139.385360068,0,1
13139.387773084,0,0
13140.395374508,0,1
13140.397787524,0,0
13141.405388938,0,1
13141.406658582,1,1
13141.409290310,0,1
13141.409326202,0,0
13142.415403360,0,1
13142.417816376,0,0
13143.425417724,0,1
13143.427830740,0,0
13144.435432170,0,1
13144.437845186,0,0
13145.445446556,0,1
13145.447859822,0,0
13146.455460980,0,1
13146.457874246,0,0
13147.465475386,0,1
13147.467888652,0,0
13148.475489846,0,1
13148.477902862,0,0
13149.485504268,0,1
13149.487917284,0,0
13150.495518648,0,1
13150.497931664,0,0
13151.505533044,0,1
13151.506802718,1,1
13151.509434690,0,1
13151.509470308,0,0
13152.515547622,0,1
13152.517960638,0,0
13153.525562022,0,1
13153.527975038,0,0
13154.535576434,0,1
13154.537989450,0,0
13155.545590812,0,1
13155.548004078,0,0
13156.555605254,0,1
13156.558018520,0,0
13157.565619674,0,1
13157.568032940,0,0
13158.575634146,0,1
13158.578047162,0,0
13159.585648476,0,1
13159.588061742,0,0
13160.595662932,0,1
13160.598075948,0,0
13161.605677348,0,1
13161.606946898,1,1
13161.609579058,0,1
13161.609614362,0,0
13162.615691752,0,1
13162.618104768,0,0
13163.625706186,0,1
13163.628119202,0,0
13164.635720624,0,1
13164.638133640,0,0
13165.645734970,0,1
13165.648147986,0,0
13166.655749398,0,1
13166.658162664,0,0
13167.665763772,0,1
13167.668177038,0,0
13168.675778222,0,1
13168.678191488,0,0
13169.685792632,0,1
13169.688205648,0,0
13170.695807072,0,1
13170.698220088,0,0
13171.705821506,0,1
13171.707091094,1,1
13171.709722776,0,1
13171.709758770,0,0
13172.715835920,0,1
13172.718248936,0,0
13173.725850274,0,1
13173.728263290,0,0
13174.735864722,0,1
13174.738277738,0,0
13175.745879102,0,1
13175.748292118,0,0
13176.755893542,0,1
13176.758306806,0,0
13177.765907974,0,1
13177.768321240,0,0
13178.775922350,0,1
13178.778335618,0,0
13179.785936794,0,1
13179.788350060,0,0
13180.795951216,0,1
13180.798364232,0,0
13181.805965650,0,1
13181.807235264,1,1
13181.809866852,0,1
13181.809902914,0,0
13182.815980056,0,1
13182.818393072,0,0
13183.825994464,0,1
13183.828407480,0,0
13184.836008890,0,1
13184.838421906,0,0
13185.846023294,0,1
13185.848436562,0,0
13186.856037696,0,1
13186.858450962,0,0
13187.866052074,0,1
13187.868465340,0,0
13188.876066476,0,1
13188.878479744,0,0
13189.886080996,0,1
13189.888494012,0,0
13190.896095366,0,1
13190.898508382,0,0
13191.906109762,0,1
13191.907379514,1,1
13191.910011192,0,1
13191.910047278,0,0
13192.916124330,0,1
13192.918537346,0,0
13193.926138688,0,1
13193.928551704,0,0
13194.936153162,0,1
13194.938566178,0,0
13195.946167540,0,1
13195.948580806,0,0
13196.956181948,0,1
13196.958595212,0,0
13197.966196400,0,1
13197.968609666,0,0
13198.976210814,0,1
13198.978623830,0,0
13199.986225194,0,1
13199.988638210,0,0
13200.996239636,0,1
13200.998652652,0,0
13202.006254050,0,1
13202.007523652,1,1
13202.010155340,0,1
13202.010191314,0,0
13203.016268454,0,1
13203.018681470,0,0
13204.026282856,0,1
13204.028695872,0,0
13205.036297274,0,1
13205.038710290,0,0
13206.046311668,0,1
13206.048724934,0,0
13207.056326088,0,1
13207.058739352,0,0
13208.066340492,0,1
13208.068753760,0,0
13209.076354976,0,1
13209.078767992,0,0
13210.086369372,0,1
13210.088782388,0,0
13211.096383736,0,1
13211.098796752,0,0
13212.106398118,0,1
13212.107667816,1,1
13212.110299468,0,1
13212.110335382,0,0
13213.116412694,0,1
13213.118825710,0,0
13214.126427106,0,1
13214.128840122,0,0
13215.136441544,0,1
13215.138854810,0,0
13216.146455908,0,1
13216.148869174,0,0
13217.156470334,0,1
13217.158883600,0,0
13218.166484826,0,1
13218.168897842,0,0
13219.176499226,0,1
13219.178912242,0,0
13220.186513620,0,1
13220.188926636,0,0
13221.196528016,0,1
13221.198941282,0,0
13222.206542436,0,1
13222.207812084,1,1
13222.210444238,0,1
13222.210479700,0,0
13223.216556788,0,1
13223.218969804,0,0
13224.226571268,0,1
13224.228984286,0,0
13225.236585638,0,1
13225.238998904,0,0
13226.246600072,0,1
13226.249013338,0,0
13227.256614484,0,1
13227.259027750,0,0
13228.266628854,0,1
13228.269042120,0,0
13229.276643358,0,1
13229.279056374,0,0
13230.286657816,0,1
13230.289070834,0,0
13231.296672202,0,1
13231.299085218,0,0
13232.306686548,0,1
13232.307956190,1,1
13232.310587914,0,1
13232.310623812,0,0
13233.316701000,0,1
13233.319114016,0,0
13234.326715386,0,1
13234.329128400,0,0
13235.336729864,0,1
13235.339142880,0,0
13236.346744234,0,1
13236.349157500,0,0
13237.356758612,0,1
13237.359171878,0,0
13238.366773088,0,1
13238.369186104,0,0
13239.376787468,0,1
13239.379200484,0,0
13240.386801944,0,1
13240.389214960,0,0
13241.396816316,0,1
13241.398086038,1,1
13241.400717822,0,1
13241.400753830,0,0
13242.406830818,0,1
13242.409243834,0,0
13243.416845260,0,1
13243.419258276,0,0
13244.426859654,0,1
13244.429272920,0,0
13245.436874066,0,1
13245.439287332,0,0
13246.446888464,0,1
13246.449301730,0,0
13247.456902980,0,1
13247.459315996,0,0
13248.466917408,0,1
13248.469330424,0,0
13249.476931758,0,1
13249.479344774,0,0
13250.486946154,0,1
13250.489359420,0,0
13251.496960624,0,1
13251.498230132,1,1
13251.500862256,0,1
13251.500897888,0,0
13252.506974866,0,1
13252.509387882,0,0
13253.516989292,0,1
13253.519402308,0,0
13254.527003684,0,1
13254.529416700,0,0
13255.537018090,0,1
13255.539431354,0,0
13256.547032522,0,1
13256.549445788,0,0
13257.557046906,0,1
13257.559460172,0,0
13258.567061374,0,1
13258.569474388,0,0
13259.577075776,0,1
13259.579488794,0,0
13260.587090230,0,1
13260.589503246,0,0
13261.597104550,0,1
13261.598374386,1,1
13261.601005990,0,1
13261.601042064,0,0
13262.607119226,0,1
13262.609532242,0,0
13263.617133660,0,1
13263.619546676,0,0
13264.627148046,0,1
13264.629561310,0,0
13265.637162450,0,1
13265.639575716,0,0
13266.647176926,0,1
13266.649589942,0,0
13267.657191324,0,1
13267.659604340,0,0
13268.667205752,0,1
13268.669618768,0,0
13269.677220176,0,1
13269.679633442,0,0
13270.687234580,0,1
13270.689647846,0,0
13271.697249058,0,1
13271.698518600,1,1
13271.701150286,0,1
13271.701186072,0,0
13272.707263434,0,1
13272.709676450,0,0
13273.717277788,0,1
13273.719690804,0,0
13274.727292216,0,1
13274.729705482,0,0
13275.737306648,0,1
13275.739719914,0,0
13276.747321152,0,1
13276.749734168,0,0
13277.757335494,0,1
13277.759748510,0,0
13278.767349948,0,1
13278.769762964,0,0
13279.777364352,0,1
13279.779777618,0,0
13280.787378742,0,1
13280.789792008,0,0
13281.797393158,0,1
13281.798662716,1,1
13281.801294346,0,1
13281.801330422,0,0
13282.807407554,0,1
13282.809820572,0,0
13283.817421994,0,1
13283.819835010,0,0
13284.827436358,0,1
13284.829849624,0,0
13285.837450784,0,1
13285.839864050,0,0
13286.847465276,0,1
13286.849878292,0,0
13287.857479658,0,1
13287.859892674,0,0
13288.867494082,0,1
13288.869907098,0,0
13289.877508506,0,1
13289.879921772,0,0
13290.887522906,0,1
13290.889936172,0,0
13291.897537294,0,1
13291.898806930,1,1
13291.901438252,0,1
13291.901474558,0,0
13292.907551726,0,1
13292.909964742,0,0
13293.917566122,0,1
13293.919979138,0,0
13294.927580510,0,1
13294.929993776,0,0
13295.937594886,0,1
13295.940008152,0,0
13296.947609370,0,1
13296.950022636,0,0
13297.957623734,0,1
13297.960037000,0,0
13298.967638134,0,1
13298.970051400,0,0
13299.977652626,0,1
13299.980065642,0,0
13300.987667062,0,1
13300.990080078,0,0
13301.997681478,0,1
13301.998951092,1,1
13302.001582788,0,1
13302.001618742,0,0
13303.007695850,0,1
13303.010108866,0,0
13304.017710250,0,1
13304.020123266,0,0
13305.027724674,0,1
13305.030137940,0,0
13306.037739106,0,1
13306.040152372,0,0
13307.047753500,0,1
13307.050166766,0,0
13308.057767944,0,1
13308.060180960,0,0
13309.067782348,0,1
13309.070195364,0,0
13310.077796776,0,1
13310.080209792,0,0
13311.087811176,0,1
13311.090224442,0,0
13312.097825584,0,1
13312.099095350,1,1
13312.101726652,0,1
13312.101762850,0,0
13313.107840058,0,1
13313.110253072,0,0
13314.117854512,0,1
13314.120267528,0,0
13315.127868918,0,1
13315.130282184,0,0
13316.137883320,0,1
13316.140296586,0,0
13317.147897766,0,1
13317.150310782,0,0
13318.157912226,0,1
13318.160325242,0,0
13319.167926586,0,1
13319.170339602,0,0
13320.177941012,0,1
13320.180354278,0,0
13321.187955424,0,1
13321.190368690,0,0
13322.197969790,0,1
13322.199239510,1,1
13322.201871260,0,1
13322.201907304,0,0
13323.207984374,0,1
13323.210397388,0,0
13324.217998796,0,1
13324.220411812,0,0
13325.228013184,0,1
13325.230426450,0,0
13326.238027610,0,1
13326.240440878,0,0
13327.248042056,0,1
13327.250455072,0,0
13328.258056444,0,1
13328.260469460,0,0
13329.268070870,0,1
13329.270483886,0,0
13330.278085260,0,1
13330.280498526,0,0
13331.288099676,0,1
13331.290512942,0,0
13332.298114070,0,1
13332.299383714,1,1
13332.302015648,0,1
13332.302051334,0,0
13333.308128504,0,1
13333.310541520,0,0
13334.318142886,0,1
13334.320555902,0,0
13335.328157316,0,1
13335.330570582,0,0
13336.338171736,0,1
13336.340585004,0,0
13337.348186206,0,1
13337.350599222,0,0
13338.358200590,0,1
13338.360613606,0,0
13339.368214984,0,1
13339.370628250,0,0
13340.378229416,0,1
13340.380642682,0,0
13341.388243844,0,1
13341.389513464,1,1
13341.392144634,0,1
13341.392146780,1,1
13341.392146788,0,1
13341.392181108,0,0
13342.398258210,0,1
13342.400671226,0,0
13343.408272616,0,1
13343.410685632,0,0
13344.418287042,0,1
13344.420700308,0,0
13345.428301448,0,1
13345.430714714,0,0
13346.438315904,0,1
13346.440729170,0,0
13347.448330354,0,1
13347.450743370,0,0
13348.458344740,0,1
13348.460757756,0,0
13349.468359164,0,1
13349.470772180,0,0
13350.478373578,0,1
13350.480786842,0,0
13351.488388006,0,1
13351.489657636,1,1
13351.492289450,0,1
13351.492325270,0,0
13352.498402382,0,1
13352.500815398,0,0
13353.508416758,0,1
13353.510829774,0,0
13354.518431154,0,1
13354.520844172,0,0
13355.528445614,0,1
13355.530858880,0,0
13356.538460002,0,1
13356.540873270,0,0
13357.548474382,0,1
13357.550887648,0,0
13358.558488864,0,1
13358.560901880,0,0
13359.568503300,0,1
13359.570916316,0,0
13360.578517734,0,1
13360.580930750,0,0
13361.588532142,0,1
13361.589801838,1,1
13361.592433300,0,1
13361.592469408,0,0
13362.598546658,0,1
13362.600959674,0,0
13363.608561008,0,1
13363.610974024,0,0
13364.618575464,0,1
13364.620988730,0,0
13365.628589856,0,1
13365.631002872,0,0
13366.638604282,0,1
13366.641017550,0,0
13367.648618662,0,1
13367.651031928,0,0
13368.658633120,0,1
13368.661046136,0,0
13369.668647578,0,1
13369.671060594,0,0
13370.678661960,0,1
13370.681074976,0,0
13371.688676380,0,1
13371.689945976,1,1
13371.692578076,0,1
13371.692613644,0,0
13372.698690764,0,1
13372.701103780,0,0
13373.708705182,0,1
13373.711118198,0,0
13374.718719588,0,1
13374.721132854,0,0
13375.728734026,0,1
13375.731147292,0,0
13376.738748416,0,1
13376.741161682,0,0
13377.748762876,0,1
13377.751175892,0,0
13378.758777248,0,1
13378.761190264,0,0
13379.768791670,0,1
13379.771204686,0,0
13380.778806090,0,1
13380.781219356,0,0
13381.788820492,0,1
13381.790090148,1,1
13381.792722142,0,1
13381.792757756,0,0
13382.798834920,0,1
13382.801247936,0,0
13383.808849288,0,1
13383.811262304,0,0
13384.818863708,0,1
13384.821276972,0,0
13385.828878134,0,1
13385.831291400,0,0
13386.838892540,0,1
13386.841305804,0,0
13387.848907024,0,1
13387.851320040,0,0
13388.858921412,0,1
13388.861334428,0,0
13389.868935856,0,1
13389.871348872,0,0
13390.878950220,0,1
13390.881363486,0,0
13391.888964612,0,1
13391.890234348,1,1
13391.892866112,0,1
13391.892901878,0,0
13392.898979178,0,1
13392.901392194,0,0
13393.908993576,0,1
13393.911406592,0,0
13394.919008014,0,1
13394.921421280,0,0
13395.929022400,0,1
13395.931435666,0,0
13396.939036856,0,1
13396.941450122,0,0
13397.949051266,0,1
13397.951464282,0,0
13398.959065674,0,1
13398.961478690,0,0
13399.969080086,0,1
13399.971493102,0,0
13400.979094486,0,1
13400.981507752,0,0
13401.989108888,0,1
13401.990378462,1,1
13401.993010008,0,1
13401.993046152,0,0
13402.999123298,0,1
13403.001536314,0,0
13404.009137708,0,1
13404.011550724,0,0
13405.019152124,0,1
13405.021565140,0,0
13406.029166498,0,1
13406.031579766,0,0
13407.039180924,0,1
13407.041594190,0,0
13408.049195358,0,1
13408.051608624,0,0
13409.059209796,0,1
13409.061622812,0,0
13410.069224228,0,1
13410.071637244,0,0
13411.079238610,0,1
13411.081651626,0,0
13412.089253026,0,1
13412.090522700,1,1
13412.093154254,0,1
13412.093190290,0,0
13413.099267532,0,1
13413.101680548,0,0
13414.109281926,0,1
13414.111694942,0,0
13415.119296352,0,1
13415.121709618,0,0
13416.129310774,0,1
13416.131724040,0,0
13417.139325148,0,1
13417.141738414,0,0
13418.149339620,0,1
13418.151752636,0,0
13419.159354060,0,1
13419.161767076,0,0
13420.169368472,0,1
13420.171781488,0,0
13421.179382888,0,1
13421.181796154,0,0
13422.189397286,0,1
13422.190666912,1,1
13422.193298170,0,1
13422.193334550,0,0
13423.199411650,0,1
13423.201824666,0,0
13424.209426082,0,1
13424.211839098,0,0
13425.219440484,0,1
13425.221853750,0,0
13426.229454874,0,1
13426.231868140,0,0
13427.239469300,0,1
13427.241882566,0,0
13428.249483766,0,1
13428.251896782,0,0
13429.259498178,0,1
13429.261911192,0,0
13430.269512610,0,1
13430.271925628,0,0
13431.279526986,0,1
13431.281940252,0,0
13432.289541370,0,1
13432.290811114,1,1
13432.293442534,0,1
13432.293478634,0,0
13433.299555930,0,1
13433.301968946,0,0
13434.309570352,0,1
13434.311983368,0,0
13435.319584764,0,1
13435.321997780,0,0
13436.329599178,0,1
13436.332012444,0,0
13437.339613562,0,1
13437.342026828,0,0
13438.349627986,0,1
13438.352041252,0,0
13439.359642476,0,1
13439.362055492,0,0
13440.369656898,0,1
13440.372069914,0,0
13441.379671276,0,1
13441.380940900,1,1
13441.383572522,0,1
13441.383608542,0,0
13442.389685684,0,1
13442.392098700,0,0
13443.399700070,0,1
13443.402113086,0,0
13444.409714530,0,1
13444.412127796,0,0
13445.419728908,0,1
13445.422142174,0,0
13446.429743296,0,1
13446.432156562,0,0
13447.439757758,0,1
13447.442170772,0,0
13448.449772164,0,1
13448.452185180,0,0
13449.459786586,0,1
13449.462199602,0,0
13450.469800996,0,1
13450.472214264,0,0
13451.479815422,0,1
13451.481085052,1,1
13451.483716318,0,1
13451.483752686,0,0
13452.489829840,0,1
13452.492242856,0,0
13453.499844220,0,1
13453.502257236,0,0
13454.509858654,0,1
13454.512271920,0,0
13455.519872992,0,1
13455.522286258,0,0
13456.529887434,0,1
13456.532300700,0,0
13457.539901868,0,1
13457.542314884,0,0
13458.549916340,0,1
13458.552329356,0,0
13459.559930710,0,1
13459.562343728,0,0
13460.569945154,0,1
13460.572358420,0,0
13461.579959516,0,1
13461.581229276,1,1
13461.583860842,0,1
13461.583897030,0,0
13462.589974052,0,1
13462.592387068,0,0
13463.599988450,0,1
13463.602401466,0,0
13464.610002864,0,1
13464.612416130,0,0
13465.620017280,0,1
13465.622430546,0,0
13466.630031760,0,1
13466.632444776,0,0
13467.640046150,0,1
13467.642459166,0,0
13468.650060552,0,1
13468.652473568,0,0
13469.660074978,0,1
13469.662488244,0,0
13470.670089380,0,1
13470.672502644,0,0
13471.680103838,0,1
13471.681373380,1,1
13471.684004872,0,1
13471.684040852,0,0
13472.690118266,0,1
13472.692531282,0,0
13473.700132626,0,1
13473.702545642,0,0
13474.710147052,0,1
13474.712560318,0,0
13475.720161440,0,1
13475.722574706,0,0
13476.730175936,0,1
13476.732588952,0,0
13477.740190362,0,1
13477.742603378,0,0
13478.750204762,0,1
13478.752617778,0,0
13479.760219164,0,1
13479.762632430,0,0
13480.770233572,0,1
13480.772646838,0,0
13481.780247984,0,1
13481.781517628,1,1
13481.784149490,0,1
13481.784185250,0,0
13482.790262418,0,1
13482.792675434,0,0
13483.800276758,0,1
13483.802689774,0,0
13484.810291160,0,1
13484.812704426,0,0
13485.820305596,0,1
13485.822718860,0,0
13486.830320078,0,1
13486.832733094,0,0
13487.840334458,0,1
13487.842747474,0,0
13488.850348880,0,1
13488.852761898,0,0
13489.860363264,0,1
13489.862776530,0,0
13490.870377666,0,1
13490.872790930,0,0
13491.880392090,0,1
13491.881661760,1,1
13491.884293398,0,1
13491.884329354,0,0
13492.890406620,0,1
13492.892819636,0,0
13493.900421044,0,1
13493.902834060,0,0
13494.910435456,0,1
13494.912848722,0,0
13495.920449882,0,1
13495.922863148,0,0
13496.930464314,0,1
13496.932877330,0,0
13497.940478730,0,1
13497.942891746,0,0
13498.950493146,0,1
13498.952906162,0,0
13499.960507488,0,1
13499.962920754,0,0
13500.970521886,0,1
13500.972935152,0,0
13501.980536332,0,1
13501.981805938,1,1
13501.984438032,0,1
13501.984473596,0,0
13502.990550730,0,1
13502.992963996,0,0
13504.000565194,0,1
13504.002978210,0,0
13505.010579584,0,1
13505.012992600,0,0
13506.020593974,0,1
13506.023006990,0,0
13507.030608400,0,1
13507.033021668,0,0
13508.040622810,0,1
13508.043036078,0,0
13509.050637298,0,1
13509.053050314,0,0
13510.060651682,0,1
13510.063064698,0,0
13511.070666104,0,1
13511.073079120,0,0
13512.080680486,0,1
13512.081950120,1,1
13512.084581520,0,1
13512.084617750,0,0
13513.090694896,0,1
13513.093107912,0,0
13514.100709308,0,1
13514.103122324,0,0
13515.110723712,0,1
13515.113136978,0,0
13516.120738108,0,1
13516.123151374,0,0
13517.130752532,0,1
13517.133165796,0,0
13518.140766980,0,1
13518.143179996,0,0
13519.150781386,0,1
13519.153194402,0,0
13520.160795756,0,1
13520.163208772,0,0
13521.170810204,0,1
13521.173223470,0,0
13522.180824592,0,1
13522.182094300,1,1
13522.184726090,0,1
13522.184762108,0,0
13523.190839156,0,1
13523.193252172,0,0
13524.200853538,0,1
13524.203266554,0,0
13525.210867912,0,1
13525.213281178,0,0
13526.220882332,0,1
13526.223295598,0,0
13527.230896714,0,1
13527.233309980,0,0
13528.240911192,0,1
13528.243324208,0,0
13529.250925622,0,1
13529.253338638,0,0
13530.260940048,0,1
13530.263353314,0,0
13531.270954458,0,1
13531.273367724,0,0
13532.280968878,0,1
13532.282238470,1,1
13532.284870380,0,1
13532.284906144,0,0
13533.290983252,0,1
13533.293396268,0,0
13534.300997614,0,1
13534.303410630,0,0
13535.311012056,0,1
13535.313425322,0,0
13536.321026452,0,1
13536.323439718,0,0
13537.331040982,0,1
13537.333453998,0,0
13538.341055288,0,1
13538.343468304,0,0
13539.351069736,0,1
13539.353482752,0,0
13540.361084122,0,1
13540.363497388,0,0
13541.371098526,0,1
13541.372368222,1,1
13541.375000004,0,1
13541.375036040,0,0
13542.381113048,0,1
13542.383526064,0,0
13543.391127446,0,1
13543.393540462,0,0
13544.401141874,0,1
13544.403555140,0,0
13545.411156252,0,1
13545.413569518,0,0
13546.421170792,0,1
13546.423583808,0,0
13547.431185124,0,1
13547.433598140,0,0
13548.441199576,0,1
13548.443612592,0,0
13549.451214008,0,1
13549.453627274,0,0
13550.461228420,0,1
13550.463641686,0,0
13551.471242774,0,1
13551.472512404,1,1
13551.475144354,0,1
13551.475180038,0,0
13552.481257156,0,1
13552.483670172,0,0
13553.491271590,0,1
13553.493684606,0,0
13554.501285962,0,1
13554.503699228,0,0
13555.511300388,0,1
13555.513713654,0,0
13556.521314784,0,1
13556.523728050,0,0
13557.531329276,0,1
13557.533742292,0,0
13558.541343696,0,1
13558.543756712,0,0
13559.551358084,0,1
13559.553771100,0,0
13560.561372482,0,1
13560.563785748,0,0
13561.571386910,0,1
13561.572656582,1,1
13561.575288266,0,1
13561.575324176,0,0
13562.581401426,0,1
13562.583814442,0,0
13563.591415842,0,1
13563.593828858,0,0
13564.601430208,0,1
13564.603843474,0,0
13565.611444624,0,1
13565.613857890,0,0
13566.621459104,0,1
13566.623872120,0,0
13567.631473492,0,1
13567.633886508,0,0
13568.641487910,0,1
13568.643900926,0,0
13569.651502352,0,1
13569.653915618,0,0
13570.661516744,0,1
13570.663930010,0,0
13571.671531138,0,1
13571.672800776,1,1
13571.675432732,0,1
13571.675468402,0,0
13572.681545526,0,1
13572.683958542,0,0
13573.691559940,0,1
13573.693972956,0,0
13574.701574350,0,1
13574.703987616,0,0
13575.711588740,0,1
13575.714002006,0,0
13576.721603184,0,1
13576.724016450,0,0
13577.731617652,0,1
13577.734030668,0,0
13578.741632010,0,1
13578.744045026,0,0
13579.751646398,0,1
13579.754059414,0,0
13580.761660878,0,1
13580.764074144,0,0
13581.771675232,0,1
13581.772944934,1,1
13581.775576472,0,1
13581.775612748,0,0
13582.781689756,0,1
13582.784102772,0,0
13583.791704168,0,1
13583.794117184,0,0
13584.801718632,0,1
13584.804131898,0,0
13585.811733020,0,1
13585.814146286,0,0
13586.821747436,0,1
13586.824160452,0,0
13587.831761880,0,1
13587.834174896,0,0
13588.841776264,0,1
13588.844189280,0,0
13589.851790660,0,1
13589.854203926,0,0
13590.861805118,0,1
13590.864218382,0,0
13591.871819540,0,1
13591.873089032,1,1
13591.875721036,0,1
13591.875756804,0,0
13592.881833832,0,1
13592.884246848,0,0
13593.891848242,0,1
13593.894261258,0,0
13594.901862598,0,1
13594.904275864,0,0
13595.911877012,0,1
13595.914290278,0,0
13596.921891524,0,1
13596.924304540,0,0
13597.931905904,0,1
13597.934318920,0,0
13598.941920302,0,1
13598.944333318,0,0
13599.951934716,0,1
13599.954347982,0,0
13600.961949082,0,1
13600.964362348,0,0
13601.971963536,0,1
13601.973233234,1,1
13601.975865024,0,1
13601.975900802,0,0
13602.981978050,0,1
13602.984391066,0,0
13603.991992470,0,1
13603.994405486,0,0
13605.002006898,0,1
13605.004420164,0,0
13606.012021260,0,1
13606.014434526,0,0
13607.022035750,0,1
13607.024448766,0,0
13608.032050120,0,1
13608.034463136,0,0
13609.042064574,0,1
13609.044477590,0,0
13610.052078940,0,1
13610.054492206,0,0
13611.062093344,0,1
13611.064506610,0,0
13612.072107778,0,1
13612.073377406,1,1
13612.076009082,0,1
13612.076045042,0,0
13613.082122186,0,1
13613.084535202,0,0
13614.092136612,0,1
13614.094549628,0,0
13615.102150980,0,1
13615.104564248,0,0
13616.112165396,0,1
13616.114578662,0,0
13617.122179850,0,1
13617.124592868,0,0
13618.132194278,0,1
13618.134607294,0,0
13619.142208640,0,1
13619.144621656,0,0
13620.152223078,0,1
13620.154636344,0,0
13621.162237478,0,1
13621.164650744,0,0
13622.172251868,0,1
13622.173521630,1,1
13622.176153108,0,1
13622.176189382,0,0
13623.182266542,0,1
13623.184679558,0,0
13624.192280938,0,1
13624.194693954,0,0
13625.202295314,0,1
13625.204708580,0,0
13626.212309734,0,1
13626.214723000,0,0
13627.222324204,0,1
13627.224737220,0,0
13628.232338642,0,1
13628.234751658,0,0
13629.242353018,0,1
13629.244766284,0,0
13630.252367404,0,1
13630.254780670,0,0
13631.262381878,0,1
13631.264794894,0,0
13632.272396288,0,1
13632.273665800,1,1
13632.276297450,0,1
13632.276333552,0,0
13633.282410604,0,1
13633.284823620,0,0
13634.292425004,0,1
13634.294838022,0,0
13635.302439406,0,1
13635.304852672,0,0
13636.312453834,0,1
13636.314867100,0,0
13637.322468232,0,1
13637.324881248,0,0
13638.332482644,0,1
13638.334895662,0,0
13639.342497122,0,1
13639.344910138,0,0
13640.352511506,0,1
13640.354924522,0,0
13641.362525924,0,1
13641.363795536,1,1
13641.366427124,0,1
13641.366463188,0,0
13642.372540292,0,1
13642.374953308,0,0
13643.382554710,0,1
13643.384967726,0,0
13644.392569102,0,1
13644.394982366,0,0
13645.402583516,0,1
13645.404996782,0,0
13646.412597968,0,1
13646.415011234,0,0
13647.422612420,0,1
13647.425025436,0,0
13648.432626810,0,1
13648.435039828,0,0
13649.442641224,0,1
13649.445054240,0,0
13650.452655594,0,1
13650.455068862,0,0
13651.462670030,0,1
13651.463939700,1,1
13651.466570974,0,1
13651.466607294,0,0
13652.472684524,0,1
13652.475097540,0,0
13653.482698966,0,1
13653.485111982,0,0
13654.492713350,0,1
13654.495126616,0,0
13655.502727762,0,1
13655.505141030,0,0
13656.512742190,0,1
13656.515155206,0,0
13657.522756652,0,1
13657.525169668,0,0
13658.532770994,0,1
13658.535184010,0,0
13659.542785404,0,1
13659.545198672,0,0
13660.552799836,0,1
13660.555213102,0,0
13661.562814286,0,1
13661.564083808,1,1
13661.566715254,0,1
13661.566751552,0,0
13662.572828622,0,1
13662.575241638,0,0
13663.582842976,0,1
13663.585255992,0,0
13664.592857414,0,1
13664.595270430,0,0
13665.602871806,0,1
13665.605285074,0,0
13666.612886194,0,1
13666.615299460,0,0
13667.622900694,0,1
13667.625313710,0,0
13668.632915072,0,1
13668.635328088,0,0
13669.642929460,0,1
13669.645342476,0,0
13670.652943886,0,1
13670.655357152,0,0
13671.662958282,0,1
13671.664228052,1,1
13671.666859794,0,1
13671.666895796,0,0
13672.672972792,0,1
13672.675385808,0,0
13673.682987240,0,1
13673.685400256,0,0
13674.693001666,0,1
13674.695414932,0,0
13675.703016048,0,1
13675.705429316,0,0
13676.713030512,0,1
13676.715443528,0,0
13677.723044926,0,1
13677.725457942,0,0
13678.733059310,0,1
13678.735472326,0,0
13679.743073714,0,1
13679.745486980,0,0
13680.753088140,0,1
13680.755501406,0,0
13681.763102590,0,1
13681.764372146,1,1
13681.767003754,0,1
13681.767039854,0,0
13682.773117034,0,1
13682.775530050,0,0
13683.783131408,0,1
13683.785544424,0,0
13684.793145780,0,1
13684.795559046,0,0
13685.803160200,0,1
13685.805573466,0,0
13686.813174654,0,1
13686.815587670,0,0
13687.823189104,0,1
13687.825602120,0,0
13688.833203464,0,1
13688.835616480,0,0
13689.843217928,0,1
13689.845631194,0,0
13690.853232284,0,1
13690.855645550,0,0
13691.863246708,0,1
13691.864516336,1,1
13691.867148514,0,1
13691.867183972,0,0
13692.873261112,0,1
13692.875674128,0,0
13693.883275546,0,1
13693.885688562,0,0
13694.893289954,0,1
13694.895703220,0,0
13695.903304342,0,1
13695.905717608,0,0
13696.913318766,0,1
13696.915731782,0,0
13697.923333232,0,1
13697.925746248,0,0
13698.933347616,0,1
13698.935760632,0,0
13699.943362000,0,1
13699.945775266,0,0
13700.953376410,0,1
13700.955789676,0,0
13701.963390810,0,1
13701.964660530,1,1
13701.967292722,0,1
13701.967328326,0,0
13702.973405362,0,1
13702.975818378,0,0
13703.983419784,0,1
13703.985832800,0,0
13704.993434186,0,1
13704.995847452,0,0
13706.003448596,0,1
13706.005861862,0,0
13707.013462994,0,1
13707.015876258,0,0
13708.023477420,0,1
13708.025890686,0,0
13709.033491798,0,1
13709.035905064,0,0
13710.043506232,0,1
13710.045919250,0,0
13711.053520664,0,1
13711.055933680,0,0
13712.063535084,0,1
13712.064804672,1,1
13712.067436394,0,1
13712.067472348,0,0
13713.073549480,0,1
13713.075962496,0,0
13714.083563946,0,1
13714.085976962,0,0
13715.093578262,0,1
13715.095991528,0,0
13716.103592716,0,1
13716.106005982,0,0
13717.113607126,0,1
13717.116020392,0,0
13718.123621600,0,1
13718.126034616,0,0
13719.133636002,0,1
13719.136049018,0,0
13720.143650380,0,1
13720.146063396,0,0
13721.153664758,0,1
13721.156078024,0,0
13722.163679184,0,1
13722.164948816,1,1
13722.167580554,0,1
13722.167616450,0,0
13723.173693596,0,1
13723.176106612,0,0
13724.183708026,0,1
13724.186121042,0,0
13725.193722418,0,1
13725.196135684,0,0
13726.203736810,0,1
13726.206150076,0,0
13727.213751240,0,1
13727.216164506,0,0
13728.223765724,0,1
13728.226178740,0,0
13729.233780122,0,1
13729.236193138,0,0
13730.243794478,0,1
13730.246207494,0,0
13731.253808930,0,1
13731.256222196,0,0
13732.263823302,0,1
13732.265092982,1,1
13732.267724614,0,1
13732.267760566,0,0
13733.273837856,0,1
13733.276250872,0,0
13734.283852260,0,1
13734.286265276,0,0
13735.293866700,0,1
13735.296279966,0,0
13736.303881082,0,1
13736.306294348,0,0
13737.313895500,0,1
13737.316308766,0,0
13738.323909934,0,1
13738.326322952,0,0
13739.333924356,0,1
13739.336337372,0,0
13740.343938754,0,1
13740.346351770,0,0
13741.353953198,0,1
13741.355222708,1,1
13741.357854444,0,1
13741.357890462,0,0
13742.363967468,0,1
13742.366380484,0,0
13743.373981872,0,1
13743.376394888,0,0
13744.383996274,0,1
13744.386409290,0,0
13745.394010660,0,1
13745.396423928,0,0
13746.404025076,0,1
13746.406438342,0,0
13747.414039552,0,1
13747.416452568,0,0
13748.424053920,0,1
13748.426466936,0,0
13749.434068358,0,1
13749.436481374,0,0
13750.444082768,0,1
13750.446496034,0,0
13751.454097198,0,1
13751.455366908,1,1
13751.457998538,0,1
13751.458034712,0,0
13752.464111682,0,1
13752.466524698,0,0
13753.474126130,0,1
13753.476539146,0,0
13754.484140494,0,1
13754.486553760,0,0
13755.494154922,0,1
13755.496568188,0,0
13756.504169356,0,1
13756.506582622,0,0
13757.514183786,0,1
13757.516596802,0,0
13758.524198176,0,1
13758.526611192,0,0
13759.534212646,0,1
13759.536625662,0,0
13760.544227042,0,1
13760.546640308,0,0
13761.554241382,0,1
13761.555511076,1,1
13761.558142684,0,1
13761.558178648,0,0
13762.564255968,0,1
13762.566668984,0,0
13763.574270358,0,1
13763.576683374,0,0
13764.584284760,0,1
13764.586698026,0,0
13765.594299144,0,1
13765.596712410,0,0
13766.604313540,0,1
13766.606726806,0,0
13767.614328014,0,1
13767.616741030,0,0
13768.624342460,0,1
13768.626755476,0,0
13769.634356832,0,1
13769.636769848,0,0
13770.644371262,0,1
13770.646784526,0,0
13771.654385636,0,1
13771.655655274,1,1
13771.658286716,0,1
13771.658322900,0,0
13772.664400048,0,1
13772.666813064,0,0
13773.674414474,0,1
13773.676827490,0,0
13774.684428870,0,1
13774.686842136,0,0
13775.694443280,0,1
13775.696856546,0,0
13776.704457686,0,1
13776.706870952,0,0
13777.714472126,0,1
13777.716885390,0,0
13778.724486600,0,1
13778.726899616,0,0
13779.734500974,0,1
13779.736913990,0,0
13780.744515384,0,1
13780.746928402,0,0
13781.754529764,0,1
13781.755799394,1,1
13781.758431018,0,1
13781.758467028,0,0
13782.764544206,0,1
13782.766957222,0,0
13783.774558630,0,1
13783.776971646,0,0
13784.784573010,0,1
13784.786986026,0,0
13785.794587444,0,1
13785.797000710,0,0
13786.804601844,0,1
13786.807015110,0,0
13787.814616236,0,1
13787.817029502,0,0
13788.824630708,0,1
13788.827043724,0,0
13789.834645098,0,1
13789.837058114,0,0
13790.844659502,0,1
13790.847072518,0,0
13791.854673958,0,1
13791.855943636,1,1
13791.858575522,0,1
13791.858611222,0,0
13792.864688472,0,1
13792.867101488,0,0
13793.874702856,0,1
13793.877115872,0,0
13794.884717280,0,1
13794.887130546,0,0
13795.894731642,0,1
13795.897144910,0,0
13796.904746044,0,1
13796.907159310,0,0
13797.914760492,0,1
13797.917173508,0,0
13798.924774956,0,1
13798.927187972,0,0
13799.934789344,0,1
13799.937202360,0,0
13800.944803782,0,1
13800.947217048,0,0
13801.954818150,0,1
13801.956087726,1,1
13801.958719402,0,1
13801.958755414,0,0
13802.964832612,0,1
13802.967245628,0,0
13803.974846970,0,1
13803.977259986,0,0
13804.984861406,0,1
13804.987274672,0,0
13805.994875818,0,1
13805.997289084,0,0
13807.004890166,0,1
13807.007303432,0,0
13808.014904660,0,1
13808.017317676,0,0
13809.024919086,0,1
13809.027332102,0,0
13810.034933444,0,1
13810.037346460,0,0
13811.044947898,0,1
13811.047361164,0,0
13812.054962290,0,1
13812.056231842,1,1
13812.058863536,0,1
13812.058899556,0,0
13813.064976682,0,1
13813.067389700,0,0
13814.074991058,0,1
13814.077404072,0,0
13815.085005522,0,1
13815.087418538,0,0
13816.095019928,0,1
13816.097433192,0,0
13817.105034300,0,1
13817.107447566,0,0
13818.115048752,0,1
13818.117462016,0,0
13819.125063234,0,1
13819.127476250,0,0
13820.135077604,0,1
13820.137490620,0,0
13821.145091982,0,1
13821.147504998,0,0
13822.155106396,0,1
13822.156376086,1,1
13822.159008038,0,1
13822.159043662,0,0
13823.165120966,0,1
13823.167533982,0,0
13824.175135320,0,1
13824.177548336,0,0
13825.185149748,0,1
13825.187563014,0,0
13826.195164196,0,1
13826.197577462,0,0
13827.205178662,0,1
13827.207591676,0,0
13828.215193018,0,1
13828.217606034,0,0
13829.225207458,0,1
13829.227620474,0,0
13830.235221886,0,1
13830.237635154,0,0
13831.245236292,0,1
13831.247649558,0,0
13832.255250706,0,1
13832.256520128,1,1
13832.259151784,0,1
13832.259187720,0,0
13833.265265030,0,1
13833.267678048,0,0
13834.275279436,0,1
13834.277692452,0,0
13835.285293810,0,1
13835.287707076,0,0
13836.295308270,0,1
13836.297721536,0,0
13837.305322664,0,1
13837.307735930,0,0
13838.315337080,0,1
13838.317750098,0,0
13839.325351546,0,1
13839.327764562,0,0
13840.335365918,0,1
13840.337778934,0,0
13841.345380332,0,1
13841.346649948,1,1
13841.349281416,0,1
13841.349317596,0,0
13842.355394740,0,1
13842.357807756,0,0
13843.365409110,0,1
13843.367822126,0,0
13844.375423574,0,1
13844.377836590,0,0
13845.385437950,0,1
13845.387851216,0,0
13846.395452362,0,1
13846.397865376,0,0
13847.405466800,0,1
13847.407880066,0,0
13848.415481198,0,1
13848.417894464,0,0
13849.425495626,0,1
13849.427908892,0,0
13850.435510098,0,1
13850.437923114,0,0
13851.445524422,0,1
13851.446794014,1,1
13851.449425814,0,1
13851.449461686,0,0
13852.455538858,0,1
13852.457951874,0,0
13853.465553260,0,1
13853.467966276,0,0
13854.475567662,0,1
13854.477980678,0,0
13855.485582094,0,1
13855.487995360,0,0
13856.495596488,0,1
13856.498009754,0,0
13857.505610888,0,1
13857.508024154,0,0
13858.515625400,0,1
13858.518038418,0,0
13859.525639784,0,1
13859.528052800,0,0
13860.535654170,0,1
13860.538067186,0,0
13861.545668572,0,1
13861.546938260,1,1
13861.549569916,0,1
13861.549605838,0,0
13862.555683162,0,1
13862.558096178,0,0
13863.565697506,0,1
13863.568110522,0,0
13864.575711970,0,1
13864.578124986,0,0
13865.585726322,0,1
13865.588139590,0,0
13866.595740746,0,1
13866.598154012,0,0
13867.605755190,0,1
13867.608168206,0,0
13868.615769596,0,1
13868.618182612,0,0
13869.625784030,0,1
13869.628197046,0,0
13870.635798468,0,1
13870.638211734,0,0
13871.645812866,0,1
13871.647082358,1,1
13871.649714108,0,1
13871.649750132,0,0
13872.655827118,0,1
13872.658240134,0,0
13873.665841520,0,1
13873.668254536,0,0
13874.675855892,0,1
13874.678268908,0,0
13875.685870350,0,1
13875.688283366,0,0
13876.695884724,0,1
13876.698297992,0,0
13877.705899144,0,1
13877.708312410,0,0
13878.715913536,0,1
13878.718326802,0,0
13879.725927964,0,1
13879.728341230,0,0
13880.735942414,0,1
13880.738355430,0,0
13881.745956850,0,1
13881.747226522,1,1
13881.749858272,0,1
13881.749894116,0,0
13882.755971328,0,1
13882.758384344,0,0
13883.765985784,0,1
13883.768398800,0,0
13884.776000132,0,1
13884.778413148,0,0
13885.786014620,0,1
13885.788427886,0,0
13886.796028990,0,1
13886.798442256,0,0
13887.806043370,0,1
13887.808456636,0,0
13888.816057820,0,1
13888.818470836,0,0
13889.826072276,0,1
13889.828485292,0,0
13890.836086642,0,1
13890.838499658,0,0
13891.846101040,0,1
13891.847370678,1,1
13891.850002416,0,1
13891.850038306,0,0
13892.856115482,0,1
13892.858528498,0,0
13893.866129856,0,1
13893.868542872,0,0
13894.876144292,0,1
13894.878557308,0,0
13895.886158656,0,1
13895.888571920,0,0
13896.896173088,0,1
13896.898586354,0,0
13897.906187502,0,1
13897.908600768,0,0
13898.916201954,0,1
13898.918614970,0,0
13899.926216340,0,1
13899.928629356,0,0
13900.936230780,0,1
13900.938643798,0,0
13901.946245188,0,1
13901.947514802,1,1
13901.950146936,0,1
13901.950182454,0,0
13902.956259582,0,1
13902.958672598,0,0
13903.966273982,0,1
13903.968686998,0,0
13904.976288426,0,1
13904.978701442,0,0
13905.986302802,0,1
13905.988715820,0,0
13906.996317176,0,1
13906.998730442,0,0
13908.006331602,0,1
13908.008744868,0,0
13909.016345990,0,1
13909.018759256,0,0
13910.026360382,0,1
13910.028773648,0,0
13911.036374862,0,1
13911.038787878,0,0
13912.046389270,0,1
13912.047659050,1,1
13912.050290564,0,1
13912.050326534,0,0
13913.056403802,0,1
13913.058816818,0,0
13914.066418216,0,1
13914.068831232,0,0
13915.076432684,0,1
13915.078845700,0,0
13916.086447056,0,1
13916.088860072,0,0
13917.096461454,0,1
13917.098874720,0,0
13918.106475910,0,1
13918.108889176,0,0
13919.116490246,0,1
13919.118903512,0,0
13920.126504718,0,1
13920.128917734,0,0
13921.136519160,0,1
13921.138932176,0,0
13922.146533540,0,1
13922.147803138,1,1
13922.150434512,0,1
13922.150470804,0,0
13923.156547928,0,1
13923.158960944,0,0
13924.166562332,0,1
13924.168975348,0,0
13925.176576804,0,1
13925.178989820,0,0
13926.186591154,0,1
13926.189004420,0,0
13927.196605596,0,1
13927.199018862,0,0
13928.206619954,0,1
13928.209033220,0,0
13929.216634482,0,1
13929.219047498,0,0
13930.226648864,0,1
13930.229061880,0,0
13931.236663280,0,1
13931.239076296,0,0
13932.246677628,0,1
13932.247947304,1,1
13932.250578840,0,1
13932.250614892,0,0
13933.256692184,0,1
13933.259105200,0,0
13934.266706652,0,1
13934.269119668,0,0
13935.276720994,0,1
13935.279134260,0,0
13936.286735418,0,1
13936.289148684,0,0
13937.296749794,0,1
13937.299163060,0,0
13938.306764300,0,1
13938.309177316,0,0
13939.316778660,0,1
13939.319191676,0,0
13940.326793096,0,1
13940.329206112,0,0
13941.336807498,0,1
13941.338077076,1,1
13941.340708702,0,1
13941.340744764,0,0
13942.346821930,0,1
13942.349234948,0,0
13943.356836368,0,1
13943.359249384,0,0
13944.366850726,0,1
13944.369263740,0,0
13945.376865118,0,1
13945.379278384,0,0
13946.386879540,0,1
13946.389292804,0,0
13947.396893920,0,1
13947.399307186,0,0
13948.406908420,0,1
13948.409321436,0,0
13949.416922820,0,1
13949.419335836,0,0
13950.426937254,0,1
13950.429350270,0,0
13951.436951612,0,1
13951.438221158,1,1
13951.440852842,0,1
13951.440888876,0,0
13952.446966050,0,1
13952.449379066,0,0
13953.456980432,0,1
13953.459393448,0,0
13954.466994816,0,1
13954.469408082,0,0
13955.477009206,0,1
13955.479422472,0,0
13956.487023658,0,1
13956.489436924,0,0
13957.497038106,0,1
13957.499451122,0,0
13958.507052558,0,1
13958.509465574,0,0
13959.517066916,0,1
13959.519479932,0,0
13960.527081346,0,1
13960.529494612,0,0
13961.537095720,0,1
13961.538365386,1,1
13961.540997080,0,1
13961.541032984,0,0
13962.547110150,0,1
13962.549523166,0,0
13963.557124514,0,1
13963.559537530,0,0
13964.567138940,0,1
13964.569551956,0,0
13965.577153372,0,1
13965.579566638,0,0
13966.587167792,0,1
13966.589581058,0,0
13967.597182176,0,1
13967.599595442,0,0
13968.607196626,0,1
13968.609609642,0,0
13969.617211030,0,1
13969.619624046,0,0
13970.627225456,0,1
13970.629638472,0,0
13971.637239838,0,1
13971.638509496,1,1
13971.641140972,0,1
13971.641177104,0,0
13972.647254360,0,1
13972.649667376,0,0
13973.657268770,0,1
13973.659681786,0,0
13974.667283228,0,1
13974.669696494,0,0
13975.677297614,0,1
13975.679710882,0,0
13976.687312034,0,1
13976.689725300,0,0
13977.697326456,0,1
13977.699739472,0,0
13978.707340872,0,1
13978.709753888,0,0
13979.717355294,0,1
13979.719768310,0,0
13980.727369660,0,1
13980.729782926,0,0
13981.737384086,0,1
13981.738653680,1,1
13981.741285626,0,1
13981.741321350,0,0
13982.747398490,0,1
13982.749811506,0,0
13983.757412926,0,1
13983.759825942,0,0
13984.767427350,0,1
13984.769840366,0,0
13985.777441744,0,1
13985.779854760,0,0
13986.787456150,0,1
13986.789869418,0,0
13987.797470524,0,1
13987.799883790,0,0
13988.807485054,0,1
13988.809898070,0,0
13989.817499422,0,1
13989.819912438,0,0
13990.827513862,0,1
13990.829926878,0,0
13991.837528254,0,1
13991.838797882,1,1
13991.841429504,0,1
13991.841465518,0,0
13992.847542668,0,1
13992.849955684,0,0
13993.857557056,0,1
13993.859970072,0,0
13994.867571480,0,1
13994.869984496,0,0
13995.877585858,0,1
13995.879999124,0,0
13996.887600290,0,1
13996.890013558,0,0
13997.897614666,0,1
13997.900027932,0,0
13998.907629126,0,1
13998.910042142,0,0
13999.917643572,0,1
13999.920056588,0,0
14000.927657982,0,1
14000.930070998,0,0
14001.937672354,0,1
14001.938941966,1,1
14001.941573556,0,1
14001.941609618,0,0
14002.947686884,0,1
14002.950099900,0,0
14003.957701290,0,1
14003.960114306,0,0
14004.967715698,0,1
14004.970128966,0,0
14005.977730110,0,1
14005.980143376,0,0
14006.987744522,0,1
14006.990157786,0,0
14007.997758998,0,1
14008.000172014,0,0
14009.007773428,0,1
14009.010186444,0,0
14010.017787774,0,1
14010.020200790,0,0
14011.027802234,0,1
14011.030215500,0,0
14012.037816598,0,1
14012.039086154,1,1
14012.041717458,0,1
14012.041753612,0,0
14013.047831038,0,1
14013.050244056,0,0
14014.057845424,0,1
14014.060258440,0,0
14015.067859812,0,1
14015.070272828,0,0
14016.077874242,0,1
14016.080287508,0,0
14017.087888632,0,1
14017.090301898,0,0
14018.097903066,0,1
14018.100316332,0,0
14019.107917540,0,1
14019.110330556,0,0
14020.117931958,0,1
14020.120344972,0,0
14021.127946344,0,1
14021.130359360,0,0
14022.137960732,0,1
14022.139230274,1,1
14022.141861926,0,1
14022.141897746,0,0
14023.147975118,0,1
14023.150388134,0,0
14024.157989534,0,1
14024.160402550,0,0
14025.168003926,0,1
14025.170416942,0,0
14026.178018372,0,1
14026.180431638,0,0
14027.188032794,0,1
14027.190446060,0,0
14028.198047194,0,1
14028.200460460,0,0
14029.208061630,0,1
14029.210474646,0,0
14030.218076046,0,1
14030.220489062,0,0
14031.228090424,0,1
14031.230503440,0,0
14032.238104818,0,1
14032.239374434,1,1
14032.242005720,0,1
14032.242042082,0,0
14033.248119264,0,1
14033.250532282,0,0
14034.258133682,0,1
14034.260546698,0,0
14035.268148054,0,1
14035.270561070,0,0
14036.278162482,0,1
14036.280575748,0,0
14037.288176914,0,1
14037.290590178,0,0
14038.298191264,0,1
14038.300604530,0,0
14039.308205792,0,1
14039.310618808,0,0
14040.318220146,0,1
14040.320633160,0,0
14041.328234582,0,1
14041.329504138,1,1
14041.332135726,0,1
14041.332171846,0,0
14042.338248964,0,1
14042.340661980,0,0
14043.348263414,0,1
14043.350676430,0,0
14044.358277824,0,1
14044.360690840,0,0
14045.368292224,0,1
14045.370705490,0,0
14046.378306620,0,1
14046.380719886,0,0
14047.388321034,0,1
14047.390734300,0,0
14048.398335444,0,1
14048.400748460,0,0
14049.408349920,0,1
14049.410762936,0,0
14050.418364294,0,1
14050.420777310,0,0
14051.428378666,0,1
14051.429648334,1,1
14051.432279948,0,1
14051.432315932,0,0
14052.438393220,0,1
14052.440806486,0,0
14053.448407640,0,1
14053.450820656,0,0
14054.458422072,0,1
14054.460835088,0,0
14055.468436496,0,1
14055.470849512,0,0
14056.478450868,0,1
14056.480864134,0,0
14057.488465288,0,1
14057.490878554,0,0
14058.498479682,0,1
14058.500892948,0,0
14059.508494196,0,1
14059.510907212,0,0
14060.518508544,0,1
14060.520921562,0,0
14061.528522994,0,1
14061.529792498,1,1
14061.532424038,0,1
14061.532460260,0,0
14062.538537194,0,1
14062.540950210,0,0
14063.548551640,0,1
14063.550964656,0,0
14064.558566046,0,1
14064.560979062,0,0
14065.568580444,0,1
14065.570993710,0,0
14066.578594900,0,1
14066.581008166,0,0
14067.588609300,0,1
14067.591022566,0,0
14068.598623686,0,1
14068.601036952,0,0
14069.608638206,0,1
14069.611051222,0,0
14070.618652574,0,1
14070.621065590,0,0
14071.628666958,0,1
14071.629936668,1,1
14071.632568336,0,1
14071.632604474,0,0
14072.638681474,0,1
14072.641094492,0,0
14073.648695918,0,1
14073.651108934,0,0
14074.658710356,0,1
14074.661123372,0,0
14075.668724692,0,1
14075.671137958,0,0
14076.678739094,0,1
14076.681152360,0,0
14077.688753546,0,1
14077.691166812,0,0
14078.698767982,0,1
14078.701181000,0,0
14079.708782396,0,1
14079.711195412,0,0
14080.718796834,0,1
14080.721209850,0,0
14081.728811220,0,1
14081.730080834,1,1
14081.732712548,0,1
14081.732748486,0,0
14082.738825620,0,1
14082.741238636,0,0
14083.748840040,0,1
14083.751253056,0,0
14084.758854466,0,1
14084.761267482,0,0
14085.768868808,0,1
14085.771282076,0,0
14086.778883216,0,1
14086.781296482,0,0
14087.788897636,0,1
14087.791310902,0,0
14088.798912018,0,1
14088.801325284,0,0
14089.808926482,0,1
14089.811339498,0,0
14090.818940914,0,1
14090.821353930,0,0
14091.828955310,0,1
14091.830224966,1,1
14091.832856414,0,1
14091.832892576,0,0
14092.838969896,0,1
14092.841382912,0,0
14093.848984258,0,1
14093.851397274,0,0
14094.858998662,0,1
14094.861411678,0,0
14095.869013112,0,1
14095.871426378,0,0
14096.879027458,0,1
14096.881440726,0,0
14097.889041948,0,1
14097.891454964,0,0
14098.899056362,0,1
14098.901469378,0,0
14099.909070736,0,1
14099.911483754,0,0
14100.919085162,0,1
14100.921498178,0,0
14101.929099580,0,1
14101.930369212,1,1
14101.933000792,0,1
14101.933036844,0,0
14102.939113994,0,1
14102.941527010,0,0
14103.949128400,0,1
14103.951541416,0,0
14104.959142822,0,1
14104.961555838,0,0
14105.969157186,0,1
14105.971570454,0,0
14106.979171594,0,1
14106.981584862,0,0
14107.989186040,0,1
14107.991599306,0,0
14108.999200456,0,1
14109.001613472,0,0
14110.009214842,0,1
14110.011627858,0,0
14111.019229284,0,1
14111.021642300,0,0
14112.029243698,0,1
14112.030513358,1,1
14112.033145128,0,1
14112.033180964,0,0
14113.039258090,0,1
14113.041671106,0,0
14114.049272500,0,1
14114.051685516,0,0
14115.059286930,0,1
14115.061699946,0,0
14116.069301370,0,1
14116.071714636,0,0
14117.079315758,0,1
14117.081729024,0,0
14118.089330164,0,1
14118.091743430,0,0
14119.099344658,0,1
14119.101757674,0,0
14120.109359038,0,1
14120.111772054,0,0
14121.119373434,0,1
14121.121786450,0,0
14122.129387846,0,1
14122.130657450,1,1
14122.133289042,0,1
14122.133325110,0,0
14123.139402280,0,1
14123.141815296,0,0
14124.149416660,0,1
14124.151829676,0,0
14125.159431054,0,1
14125.161844068,0,0
14126.169445488,0,1
14126.171858754,0,0
14127.179459888,0,1
14127.181873154,0,0
14128.189474276,0,1
14128.191887542,0,0
14129.199488746,0,1
14129.201901762,0,0
14130.209503160,0,1
14130.211916176,0,0
14131.219517606,0,1
14131.221930622,0,0
14132.229531952,0,1
14132.230801666,1,1
14132.233433818,0,1
14132.233469466,0,0
14133.239546538,0,1
14133.241959554,0,0
14134.249560898,0,1
14134.251973914,0,0
14135.259575300,0,1
14135.261988316,0,0
14136.269589732,0,1
14136.272002998,0,0
14137.279604170,0,1
14137.282017436,0,0
14138.289618568,0,1
14138.292031834,0,0
14139.299632996,0,1
14139.302046012,0,0
14140.309647412,0,1
14140.312060428,0,0
14141.319661838,0,1
14141.320931374,1,1
14141.323563142,0,1
14141.323599102,0,0
14142.329676230,0,1
14142.332089246,0,0
14143.339690634,0,1
14143.342103650,0,0
14144.349705048,0,1
14144.352118314,0,0
14145.359719404,0,1
14145.362132670,0,0
14146.369733882,0,1
14146.372147148,0,0
14147.379748294,0,1
14147.382161310,0,0
14148.389762750,0,1
14148.392175766,0,0
14149.399777100,0,1
14149.402190116,0,0
14150.409791568,0,1
14150.412204834,0,0
14151.419805980,0,1
14151.421075618,1,1
14151.423707314,0,1
14151.423743246,0,0
14152.429820366,0,1
14152.432233382,0,0
14153.439834752,0,1
14153.442247768,0,0
14154.449849190,0,1
14154.452262206,0,0
14155.459863580,0,1
14155.462276846,0,0
14156.469877982,0,1
14156.472291250,0,0
14157.479892378,0,1
14157.482305644,0,0
14158.489906840,0,1
14158.492319856,0,0
14159.499921226,0,1
14159.502334242,0,0
14160.509935666,0,1
14160.512348682,0,0
14161.519950062,0,1
14161.521219748,1,1
14161.523851606,0,1
14161.523887326,0,0
14162.529964596,0,1
14162.532377612,0,0
14163.539978988,0,1
14163.542392004,0,0
14164.549993390,0,1
14164.552406656,0,0
14165.560007786,0,1
14165.562421052,0,0
14166.570022248,0,1
14166.572435514,0,0
14167.580036656,0,1
14167.582449672,0,0
14168.590051076,0,1
14168.592464094,0,0
14169.600065548,0,1
14169.602478564,0,0
14170.610079924,0,1
14170.612493190,0,0
14171.620094330,0,1
14171.621363892,1,1
14171.623995606,0,1
14171.624031596,0,0
14172.630108680,0,1
14172.632521696,0,0
14173.640123172,0,1
14173.642536188,0,0
14174.650137522,0,1
14174.652550538,0,0
14175.660151912,0,1
14175.662565178,0,0
14176.670166330,0,1
14176.672579598,0,0
14177.680180754,0,1
14177.682594020,0,0
14178.690195228,0,1
14178.692608244,0,0
14179.700209602,0,1
14179.702622620,0,0
14180.710223988,0,1
14180.712637004,0,0
14181.720238432,0,1
14181.721508066,1,1
14181.724139672,0,1
14181.724175698,0,0
14182.730252962,0,1
14182.732665978,0,0
14183.740267374,0,1
14183.742680390,0,0
14184.750281736,0,1
14184.752695002,0,0
14185.760296146,0,1
14185.762709414,0,0
14186.770310572,0,1
14186.772723838,0,0
14187.780325034,0,1
14187.782738050,0,0
14188.790339460,0,1
14188.792752476,0,0
14189.800353872,0,1
14189.802766888,0,0
14190.810368296,0,1
14190.812781312,0,0
14191.820382702,0,1
14191.821652182,1,1
14191.824283886,0,1
14191.824319966,0,0
14192.830396948,0,1
14192.832809964,0,0
14193.840411360,0,1
14193.842824376,0,0
14194.850425764,0,1
14194.852838780,0,0
14195.860440216,0,1
14195.862853482,0,0
14196.870454588,0,1
14196.872867854,0,0
14197.880469032,0,1
14197.882882048,0,0
14198.890483460,0,1
14198.892896476,0,0
14199.900497860,0,1
14199.902910876,0,0
14200.910512242,0,1
14200.912925258,0,0
14201.920526708,0,1
14201.921796420,1,1
14201.924428084,0,1
14201.924464222,0,0
14202.930541158,0,1
14202.932954174,0,0
14203.940555600,0,1
14203.942968616,0,0
14204.950570014,0,1
14204.952983280,0,0
14205.960584416,0,1
14205.962997682,0,0
14206.970598802,0,1
14206.973012068,0,0
14207.980613292,0,1
14207.983026308,0,0
14208.990627656,0,1
14208.993040672,0,0
14210.000642106,0,1
14210.003055122,0,0
14211.010656532,0,1
14211.013069798,0,0
14212.020670868,0,1
14212.021940506,1,1
14212.024572280,0,1
14212.024608134,0,0
14213.030685252,0,1
14213.033098268,0,0
14214.040699722,0,1
14214.043112738,0,0
14215.050714110,0,1
14215.053127126,0,0
14216.060728512,0,1
14216.063141778,0,0
14217.070742948,0,1
14217.073156214,0,0
14218.080757334,0,1
14218.083170600,0,0
14219.090771834,0,1
14219.093184850,0,0
14220.100786224,0,1
14220.103199240,0,0
14221.110800620,0,1
14221.113213636,0,0
14222.120814996,0,1
14222.122084602,1,1
14222.124716276,0,1
14222.124752260,0,0
14223.130829406,0,1
14223.133242422,0,0
14224.140843856,0,1
14224.143256872,0,0
14225.150858240,0,1
14225.153271256,0,0
14226.160872624,0,1
14226.163285890,0,0
14227.170886992,0,1
14227.173300258,0,0
14228.180901450,0,1
14228.183314716,0,0
14229.190915890,0,1
14229.193328906,0,0
14230.200930332,0,1
14230.203343348,0,0
14231.210944716,0,1
14231.213357732,0,0
14232.220959068,0,1
14232.222228794,1,1
14232.224860394,0,1
14232.224896584,0,0
14233.230973652,0,1
14233.233386668,0,0
14234.240988058,0,1
14234.243401074,0,0
14235.251002418,0,1
14235.253415684,0,0
14236.261016828,0,1
14236.263430094,0,0
14237.271031222,0,1
14237.273444488,0,0
14238.281045732,0,1
14238.283458748,0,0
14239.291060108,0,1
14239.293473124,0,0
14240.301074514,0,1
14240.303487530,0,0
14241.311088932,0,1
14241.313502198,0,0
14242.321103318,0,1
14242.322372938,1,1
14242.325004508,0,1
14242.325040584,0,0
14243.331117720,0,1
14243.333530738,0,0
14244.341132102,0,1
14244.343545118,0,0
14245.351146516,0,1
14245.353559532,0,0
14246.361160992,0,1
14246.363574258,0,0
14247.371175342,0,1
14247.373588608,0,0
14248.381189780,0,1
14248.383603046,0,0
14249.391204220,0,1
14249.393617236,0,0
14250.401218604,0,1
14250.403631622,0,0
14251.411233000,0,1
14251.412502664,1,1
14251.415134328,0,1
14251.415170264,0,0
14252.421247560,0,1
14252.423660576,0,0
14253.431261994,0,1
14253.433675010,0,0
14254.441276378,0,1
14254.443689644,0,0
14255.451290728,0,1
14255.453703994,0,0
14256.461305204,0,1
14256.463718470,0,0
14257.471319610,0,1
14257.473732626,0,0
14258.481334036,0,1
14258.483747052,0,0
14259.491348474,0,1
14259.493761490,0,0
14260.501362844,0,1
14260.503775860,0,0
14261.511377274,0,1
14261.512646790,1,1
14261.515278136,0,1
14261.515314538,0,0
14262.521391558,0,1
14262.523804574,0,0
14263.531405968,0,1
14263.533818984,0,0
14264.541420342,0,1
14264.543833358,0,0
14265.551434750,0,1
14265.553848016,0,0
14266.561449156,0,1
14266.563862424,0,0
14267.571463534,0,1
14267.573876800,0,0
14268.581477984,0,1
14268.583891250,0,0
14269.591492384,0,1
14269.593905400,0,0
14270.601506834,0,1
14270.603919850,0,0
14271.611521232,0,1
14271.612790960,1,1
14271.615423308,0,1
14271.615458746,0,0
14272.621535730,0,1
14272.623948746,0,0
14273.631550132,0,1
14273.633963148,0,0
14274.641564554,0,1
14274.643977820,0,0
14275.651578946,0,1
14275.653992212,0,0
14276.661593380,0,1
14276.664006646,0,0
14277.671607836,0,1
14277.674020852,0,0
14278.681622282,0,1
14278.684035296,0,0
14279.691636634,0,1
14279.694049650,0,0
14280.701651076,0,1
14280.704064342,0,0
14281.711665476,0,1
14281.712935040,1,1
14281.715566662,0,1
14281.715602742,0,0
14282.721679842,0,1
14282.724092858,0,0
14283.731694242,0,1
14283.734107258,0,0
14284.741708688,0,1
14284.744121706,0,0
14285.751723096,0,1
14285.754136362,0,0
14286.761737454,0,1
14286.764150720,0,0
14287.771751900,0,1
14287.774165166,0,0
14288.781766340,0,1
14288.784179356,0,0
14289.791780758,0,1
14289.794193774,0,0
14290.801795158,0,1
14290.804208174,0,0
14291.811809576,0,1
14291.813079170,1,1
14291.815710912,0,1
14291.815746840,0,0
14292.821823968,0,1
14292.824236984,0,0
14293.831838384,0,1
14293.834251400,0,0
14294.841852724,0,1
14294.844265740,0,0
14295.851867150,0,1
14295.854280416,0,0
14296.861881608,0,1
14296.864294874,0,0
14297.871895998,0,1
14297.874309264,0,0
14298.881910440,0,1
14298.884323458,0,0
14299.891924882,0,1
14299.894337898,0,0
14300.901939274,0,1
14300.904352290,0,0
14301.911953682,0,1
14301.913223350,1,1
14301.915855224,0,1
14301.915890948,0,0
14302.921968206,0,1
14302.924381222,0,0
14303.931982588,0,1
14303.934395604,0,0
14304.941996994,0,1
14304.944410260,0,0
14305.952011416,0,1
14305.954424682,0,0
14306.962025802,0,1
14306.964439068,0,0
14307.972040306,0,1
14307.974453322,0,0
14308.982054702,0,1
14308.984467718,0,0
14309.992069114,0,1
14309.994482130,0,0
14311.002083488,0,1
14311.004496752,0,0
14312.012097896,0,1
14312.013367456,1,1
14312.015999266,0,1
14312.016035160,0,0
14313.022112316,0,1
14313.024525332,0,0
14314.032126722,0,1
14314.034539738,0,0
14315.042141098,0,1
14315.044554114,0,0
14316.052155518,0,1
14316.054568784,0,0
14317.062169890,0,1
14317.064583156,0,0
14318.072184338,0,1
14318.074597354,0,0
14319.082198810,0,1
14319.084611826,0,0
14320.092213182,0,1
14320.094626198,0,0
14321.102227626,0,1
14321.104640642,0,0
14322.112241958,0,1
14322.113511640,1,1
14322.116143348,0,1
14322.116179222,0,0
14323.122256524,0,1
14323.124669540,0,0
14324.132270914,0,1
14324.134683930,0,0
14325.142285334,0,1
14325.144698600,0,0
14326.152299710,0,1
14326.154712976,0,0
14327.162314132,0,1
14327.164727398,0,0
14328.172328530,0,1
14328.174741796,0,0
14329.182343000,0,1
14329.184756018,0,0
14330.192357434,0,1
14330.194770450,0,0
14331.202371830,0,1
14331.204784846,0,0
14332.212386222,0,1
14332.213655672,1,1
14332.216287224,0,1
14332.216323488,0,0
14333.222400538,0,1
14333.224813554,0,0
14334.232414938,0,1
14334.234827954,0,0
14335.242429310,0,1
14335.244842326,0,0
14336.252443758,0,1
14336.254857024,0,0
14337.262458168,0,1
14337.264871434,0,0
14338.272472530,0,1
14338.274885796,0,0
14339.282486942,0,1
14339.284900208,0,0
14340.292501412,0,1
14340.294914428,0,0
14341.302515818,0,1
14341.304928834,0,0
14342.312530228,0,1
14342.313799820,1,1
14342.316431276,0,1
14342.316467492,0,0
14343.322544640,0,1
14343.324957656,0,0
14344.332559036,0,1
14344.334972052,0,0
14345.342573434,0,1
14345.344986448,0,0
14346.352587832,0,1
14346.355001098,0,0
14347.362602232,0,1
14347.365015498,0,0
14348.372616624,0,1
14348.375029890,0,0
14349.382631112,0,1
14349.385044128,0,0
14350.392645516,0,1
14350.395058532,0,0
14351.402659922,0,1
14351.403929660,1,1
14351.406561656,0,1
14351.406597438,0,0
14352.412674484,0,1
14352.415087500,0,0
14353.422688902,0,1
14353.425101918,0,0
14354.432703278,0,1
14354.435116294,0,0
14355.442717672,0,1
14355.445130938,0,0
14356.452732056,0,1
14356.455145322,0,0
14357.462746488,0,1
14357.465159754,0,0
14358.472760996,0,1
14358.475174012,0,0
14359.482775382,0,1
14359.485188398,0,0
14360.492789778,0,1
14360.495202794,0,0
14361.502804194,0,1
14361.504073690,1,1
14361.506705342,0,1
14361.506741208,0,0
14362.512818464,0,1
14362.515231480,0,0
14363.522832856,0,1
14363.525245872,0,0
14364.532847234,0,1
14364.535260252,0,0
14365.542861670,0,1
14365.545274936,0,0
14366.552876074,0,1
14366.555289340,0,0
14367.562890438,0,1
14367.565303704,0,0
14368.572904894,0,1
14368.575318160,0,0
14369.582919358,0,1
14369.585332372,0,0
14370.592933774,0,1
14370.595346790,0,0
14371.602948100,0,1
14371.604217846,1,1
14371.606849240,0,1
14371.606885366,0,0
14372.612962656,0,1
14372.615375672,0,0
14373.622977094,0,1
14373.625390110,0,0
14374.632991452,0,1
14374.635404468,0,0
14375.643005912,0,1
14375.645419178,0,0
14376.653020246,0,1
14376.655433512,0,0
14377.663034716,0,1
14377.665447982,0,0
14378.673049146,0,1
14378.675462162,0,0
14379.683063544,0,1
14379.685476560,0,0
14380.693077910,0,1
14380.695490926,0,0
14381.703092364,0,1
14381.704361954,1,1
14381.706993516,0,1
14381.707029630,0,0
14382.713106766,0,1
14382.715519782,0,0
14383.723121150,0,1
14383.725534166,0,0
14384.733135590,0,1
14384.735548606,0,0
14385.743150028,0,1
14385.745563294,0,0
14386.753164380,0,1
14386.755577646,0,0
14387.763178780,0,1
14387.765592046,0,0
14388.773193216,0,1
14388.775606482,0,0
14389.783207688,0,1
14389.785620704,0,0
14390.793222056,0,1
14390.795635072,0,0
14391.803236476,0,1
14391.804506134,1,1
14391.807138008,0,1
14391.807173740,0,0
14392.813250984,0,1
14392.815664000,0,0
14393.823265376,0,1
14393.825678392,0,0
14394.833279818,0,1
14394.835692834,0,0
14395.843294218,0,1
14395.845707484,0,0
14396.853308612,0,1
14396.855721628,0,0
14397.863323058,0,1
14397.865736324,0,0
14398.873337464,0,1
14398.875750730,0,0
14399.883351862,0,1
14399.885765128,0,0
14400.893366342,0,1
14400.895779358,0,0
14401.903380718,0,1
14401.904650292,1,1
14401.907282194,0,1
14401.907317982,0,0
14402.913395140,0,1
14402.915808156,0,0
14403.923409548,0,1
14403.925822564,0,0
14404.933423960,0,1
14404.935836978,0,0
14405.943438324,0,1
14405.945851590,0,0
14406.953452752,0,1
14406.955866018,0,0
14407.963467154,0,1
14407.965880420,0,0
14408.973481534,0,1
14408.975894800,0,0
14409.983496016,0,1
14409.985909032,0,0
14410.993510430,0,1
14410.995923446,0,0
14412.003524868,0,1
14412.004794382,1,1
14412.007426064,0,1
14412.007462134,0,0
14413.013539082,0,1
14413.015952098,0,0
14414.023553492,0,1
14414.025966508,0,0
14415.033567954,0,1
14415.035980970,0,0
14416.043582350,0,1
14416.045995616,0,0
14417.053596720,0,1
14417.056009986,0,0
14418.063611112,0,1
14418.066024378,0,0
14419.073625560,0,1
14419.076038826,0,0
14420.083639990,0,1
14420.086053006,0,0
14421.093654444,0,1
14421.096067460,0,0
14422.103668826,0,1
14422.104938532,1,1
14422.107570280,0,1
14422.107606090,0,0
14423.113683298,0,1
14423.116096314,0,0
14424.123697750,0,1
14424.126110766,0,0
14425.133712182,0,1
14425.136125198,0,0
14426.143726558,0,1
14426.146139824,0,0
14427.153740970,0,1
14427.156154236,0,0
14428.163755356,0,1
14428.166168622,0,0
14429.173769818,0,1
14429.176182834,0,0
14430.183784254,0,1
14430.186197270,0,0
14431.193798624,0,1
14431.196211640,0,0
14432.203813052,0,1
14432.205082694,1,1
14432.207714638,0,1
14432.207750316,0,0
14433.213827440,0,1
14433.216240456,0,0
14434.223841866,0,1
14434.226254882,0,0
14435.233856238,0,1
14435.236269254,0,0
14436.243870672,0,1
14436.246283940,0,0
14437.253885066,0,1
14437.256298332,0,0
14438.263899458,0,1
14438.266312724,0,0
14439.273913864,0,1
14439.276327130,0,0
14440.283928382,0,1
14440.286341398,0,0
14441.293942762,0,1
14441.296355778,0,0
14442.303957186,0,1
14442.305226832,1,1
14442.307858748,0,1
14442.307894450,0,0
14443.313971564,0,1
14443.316384580,0,0
14444.323985980,0,1
14444.326398996,0,0
14445.334000370,0,1
14445.336413384,0,0
14446.344014804,0,1
14446.346428070,0,0
14447.354029198,0,1
14447.356442464,0,0
14448.364043612,0,1
14448.366456876,0,0
14449.374058050,0,1
14449.376471066,0,0
14450.384072462,0,1
14450.386485478,0,0
14451.394086852,0,1
14451.395356544,1,1
14451.397987988,0,1
14451.398024118,0,0
14452.404101380,0,1
14452.406514396,0,0
14453.414115806,0,1
14453.416528822,0,0
14454.424130216,0,1
14454.426543232,0,0
14455.434144620,0,1
14455.436557886,0,0
14456.444158976,0,1
14456.446572242,0,0
14457.454173406,0,1
14457.456586672,0,0
14458.464187842,0,1
14458.466600858,0,0
14459.474202300,0,1
14459.476615316,0,0
14460.484216722,0,1
14460.486629738,0,0
14461.494231090,0,1
14461.495500752,1,1
14461.498132490,0,1
14461.498168354,0,0
14462.504245498,0,1
14462.506658514,0,0
14463.514259938,0,1
14463.516672954,0,0
14464.524274312,0,1
14464.526687328,0,0
14465.534288696,0,1
14465.536701962,0,0
14466.544303130,0,1
14466.546716146,0,0
14467.554317580,0,1
14467.556730846,0,0
14468.564331958,0,1
14468.566745224,0,0
14469.574346336,0,1
14469.576759604,0,0
14470.584360816,0,1
14470.586773834,0,0
14471.594375178,0,1
14471.595644824,1,1
14471.598276236,0,1
14471.598312442,0,0
14472.604389590,0,1
14472.606802606,0,0
14473.614404020,0,1
14473.616817036,0,0
14474.624418422,0,1
14474.626831438,0,0
14475.634432838,0,1
14475.636846106,0,0
14476.644447194,0,1
14476.646860460,0,0
14477.654461670,0,1
14477.656874936,0,0
14478.664476082,0,1
14478.666889348,0,0
14479.674490532,0,1
14479.676903548,0,0
14480.684504942,0,1
14480.686917958,0,0
14481.694519340,0,1
14481.695788954,1,1
14481.698420328,0,1
14481.698456604,0,0
14482.704533698,0,1
14482.706946714,0,0
14483.714548138,0,1
14483.716961154,0,0
14484.724562560,0,1
14484.726975576,0,0
14485.734576952,0,1
14485.736990218,0,0
14486.744591300,0,1
14486.747004566,0,0
14487.754605758,0,1
14487.757019024,0,0
14488.764620142,0,1
14488.767033408,0,0
14489.774634588,0,1
14489.777047604,0,0
14490.784649044,0,1
14490.787062060,0,0
14491.794663420,0,1
14491.795933076,1,1
14491.798564900,0,1
14491.798600684,0,0
14492.804677862,0,1
14492.807090878,0,0
14493.814692244,0,1
14493.817105260,0,0
14494.824706678,0,1
14494.827119694,0,0
14495.834721018,0,1
14495.837134286,0,0
14496.844735434,0,1
14496.847148700,0,0
14497.854749914,0,1
14497.857162930,0,0
14498.864764348,0,1
14498.867177362,0,0
14499.874778756,0,1
14499.877191772,0,0
14500.884793164,0,1
14500.887206178,0,0
14501.894807574,0,1
14501.896077216,1,1
14501.898708866,0,1
14501.898744840,0,0
14502.904821966,0,1
14502.907234982,0,0
14503.914836360,0,1
14503.917249378,0,0
14504.924850760,0,1
14504.927263776,0,0
14505.934865190,0,1
14505.937278456,0,0
14506.944879580,0,1
14506.947292848,0,0
14507.954893960,0,1
14507.957307226,0,0
14508.964908398,0,1
14508.967321664,0,0
14509.974922858,0,1
14509.977335876,0,0
14510.984937260,0,1
14510.987350278,0,0
14511.994951686,0,1
14511.996221398,1,1
14511.998853200,0,1
14511.998889202,0,0
14513.004966186,0,1
14513.007379202,0,0
14514.014980622,0,1
14514.017393638,0,0
14515.024994982,0,1
14515.027407998,0,0
14516.035009384,0,1
14516.037422650,0,0
14517.045023802,0,1
14517.047437068,0,0
14518.055038176,0,1
14518.057451442,0,0
14519.065052668,0,1
14519.067465684,0,0
14520.075067046,0,1
14520.077480062,0,0
14521.085081456,0,1
14521.087494472,0,0
14522.095095856,0,1
14522.096365462,1,1
14522.098997106,0,1
14522.099033120,0,0
14523.105110272,0,1
14523.107523288,0,0
14524.115124686,0,1
14524.117537702,0,0
14525.125139102,0,1
14525.127552116,0,0
14526.135153510,0,1
14526.137566776,0,0
14527.145167876,0,1
14527.147581142,0,0
14528.155182312,0,1
14528.157595578,0,0
14529.165196760,0,1
14529.167609776,0,0
14530.175211142,0,1
14530.177624158,0,0
14531.185225560,0,1
14531.187638576,0,0
14532.195239974,0,1
14532.196509614,1,1
14532.199141182,0,1
14532.199177238,0,0
14533.205254338,0,1
14533.207667354,0,0
14534.215268776,0,1
14534.217681792,0,0
14535.225283210,0,1
14535.227696226,0,0
14536.235297598,0,1
14536.237710614,0,0
14537.245312028,0,1
14537.247725044,0,0
14538.255326426,0,1
14538.257739440,0,0
14539.265340806,0,1
14539.267754074,0,0
14540.275355208,0,1
14540.277768474,0,0
14541.285369628,0,1
14541.287782894,0,0
14542.295384100,0,1
14542.296653764,1,1
14542.299285422,0,1
14542.299321364,0,0
14543.305398508,0,1
14543.307811526,0,0
14544.315412900,0,1
14544.317825916,0,0
14545.325427274,0,1
14545.327840290,0,0
14546.335441668,0,1
14546.337854934,0,0
14547.345456064,0,1
14547.347869330,0,0
14548.355470480,0,1
14548.357883746,0,0
14549.365484884,0,1
14549.367898150,0,0
14550.375499370,0,1
14550.377912386,0,0
14551.385513774,0,1
14551.386783454,1,1
14551.389415168,0,1
14551.389451038,0,0
14552.395528314,0,1
14552.397941330,0,0
14553.405542726,0,1
14553.407955742,0,0
14554.415557070,0,1
14554.417970086,0,0
14555.425571532,0,1
14555.427984798,0,0
14556.435585872,0,1
14556.437999138,0,0
14557.445600306,0,1
14557.448013574,0,0
14558.455614760,0,1
14558.458027778,0,0
14559.465629178,0,1
14559.468042194,0,0
14560.475643598,0,1
14560.478056614,0,0
14561.485657978,0,1
14561.486927552,1,1
14561.489559464,0,1
14561.489595242,0,0
14562.495672384,0,1
14562.498085402,0,0
14563.505686746,0,1
14563.508099762,0,0
14564.515701166,0,1
14564.518114182,0,0
14565.525715574,0,1
14565.528128840,0,0
14566.535730016,0,1
14566.538143282,0,0
14567.545744368,0,1
14567.548157634,0,0
14568.555758856,0,1
14568.558171872,0,0
14569.565773262,0,1
14569.568186278,0,0
14570.575787638,0,1
14570.578200654,0,0
14571.585802088,0,1
14571.587071720,1,1
14571.589703512,0,1
14571.589739354,0,0
14572.595816430,0,1
14572.598229446,0,0
14573.605830868,0,1
14573.608243884,0,0
14574.615845290,0,1
14574.618258306,0,0
14575.625859668,0,1
14575.628272934,0,0
14576.635874102,0,1
14576.638287368,0,0
14577.645888490,0,1
14577.648301756,0,0
14578.655902930,0,1
14578.658315946,0,0
14579.665917342,0,1
14579.668330358,0,0
14580.675931732,0,1
14580.678344748,0,0
14581.685946160,0,1
14581.687215874,1,1
14581.689847802,0,1
14581.689883674,0,0
14582.695960668,0,1
14582.698373684,0,0
14583.705975106,0,1
14583.708388122,0,0
14584.715989474,0,1
14584.718402742,0,0
14585.726003872,0,1
14585.728417138,0,0
14586.736018306,0,1
14586.738431572,0,0
14587.746032788,0,1
14587.748445804,0,0
14588.756047204,0,1
14588.758460220,0,0
14589.766061554,0,1
14589.768474568,0,0
14590.776075942,0,1
14590.778489210,0,0
14591.786090372,0,1
14591.787359968,1,1
14591.789991682,0,1
14591.790027638,0,0
14592.796104752,0,1
14592.798517768,0,0
14593.806119160,0,1
14593.808532176,0,0
14594.816133596,0,1
14594.818546612,0,0
14595.826147992,0,1
14595.828561258,0,0
14596.836162360,0,1
14596.838575626,0,0
14597.846176754,0,1
14597.848590020,0,0
14598.856191248,0,1
14598.858604264,0,0
14599.866205622,0,1
14599.868618638,0,0
14600.876220078,0,1
14600.878633094,0,0
14601.886234436,0,1
14601.887504058,1,1
14601.890135740,0,1
14601.890171702,0,0
14602.896248850,0,1
14602.898661866,0,0
14603.906263270,0,1
14603.908676286,0,0
14604.916277668,0,1
14604.918690684,0,0
14605.926292116,0,1
14605.928705132,0,0
14606.936306508,0,1
14606.938719776,0,0
14607.946320912,0,1
14607.948734178,0,0
14608.956335330,0,1
14608.958748596,0,0
14609.966349766,0,1
14609.968762782,0,0
14610.976364196,0,1
14610.978777212,0,0
14611.986378566,0,1
14611.987648236,1,1
14611.990279868,0,1
14611.990315830,0,0
14612.996393102,0,1
14612.998806120,0,0
14614.006407482,0,1
14614.008820498,0,0
14615.016421930,0,1
14615.018835196,0,0
14616.026436316,0,1
14616.028849582,0,0
14617.036450726,0,1
14617.038863992,0,0
14618.046465170,0,1
14618.048878186,0,0
14619.056479596,0,1
14619.058892612,0,0
14620.066493964,0,1
14620.068906980,0,0
14621.076508350,0,1
14621.078921616,0,0
14622.086522764,0,1
14622.087792346,1,1
14622.090424016,0,1
14622.090460028,0,0
14623.096537146,0,1
14623.098950162,0,0
14624.106551572,0,1
14624.108964588,0,0
14625.116565966,0,1
14625.118979232,0,0
14626.126580384,0,1
14626.128993650,0,0
14627.136594826,0,1
14627.139008092,0,0
14628.146609260,0,1
14628.149022276,0,0
14629.156623698,0,1
14629.159036714,0,0
14630.166638038,0,1
14630.169051054,0,0
14631.176652448,0,1
14631.179065714,0,0
14632.186666880,0,1
14632.187936508,1,1
14632.190568828,0,1
14632.190604144,0,0
14633.196681274,0,1
14633.199094290,0,0
14634.206695682,0,1
14634.209108698,0,0
14635.216710076,0,1
14635.219123092,0,0
14636.226724518,0,1
14636.229137784,0,0
14637.236738922,0,1
14637.239152188,0,0
14638.246753296,0,1
14638.249166562,0,0
14639.256767756,0,1
14639.259180772,0,0
14640.266782188,0,1
14640.269195204,0,0
14641.276796560,0,1
14641.279209578,0,0
14642.286810942,0,1
14642.288080578,1,1
14642.290712236,0,1
14642.290748208,0,0
14643.296825346,0,1
14643.299238364,0,0
14644.306839786,0,1
14644.309252800,0,0
14645.316854180,0,1
14645.319267196,0,0
14646.326868544,0,1
14646.329281810,0,0
14647.336882992,0,1
14647.339296258,0,0
14648.346897386,0,1
14648.349310652,0,0
14649.356911834,0,1
14649.359324850,0,0
14650.366926232,0,1
14650.369339248,0,0
14651.376940634,0,1
14651.378210214,1,1
14651.380841846,0,1
14651.380877900,0,0
14652.386955026,0,1
14652.389368042,0,0
14653.396969432,0,1
14653.399382448,0,0
14654.406983848,0,1
14654.409396864,0,0
14655.416998272,0,1
14655.419411538,0,0
14656.427012660,0,1
14656.429425928,0,0
14657.437027058,0,1
14657.439440324,0,0
14658.447041532,0,1
14658.449454548,0,0
14659.457055910,0,1
14659.459468926,0,0
14660.467070318,0,1
14660.469483334,0,0
14661.477084768,0,1
14661.478354416,1,1
14661.480986044,0,1
14661.481022032,0,0
14662.487099114,0,1
14662.489512132,0,0
14663.497113504,0,1
14663.499526520,0,0
14664.507127972,0,1
14664.509540990,0,0
14665.517142326,0,1
14665.519555592,0,0
14666.527156740,0,1
14666.529570006,0,0
14667.537171158,0,1
14667.539584426,0,0
14668.547185508,0,1
14668.549598774,0,0
14669.557200026,0,1
14669.559613042,0,0
14670.567214380,0,1
14670.569627396,0,0
14671.577228818,0,1
14671.578498462,1,1
14671.581129800,0,1
14671.581166084,0,0
14672.587243198,0,1
14672.589656214,0,0
14673.597257658,0,1
14673.599670674,0,0
14674.607272058,0,1
14674.609685074,0,0
14675.617286438,0,1
14675.619699456,0,0
14676.627300894,0,1
14676.629713910,0,0
14677.637315274,0,1
14677.639728538,0,0
14678.647329682,0,1
14678.649742950,0,0
14679.657344066,0,1
14679.659757332,0,0
14680.667358510,0,1
14680.669771778,0,0
14681.677372962,0,1
14681.678642674,1,1
14681.681274746,0,1
14681.681310476,0,0
14682.687387488,0,1
14682.689800504,0,0
14683.697401828,0,1
14683.699814844,0,0
14684.707416250,0,1
14684.709829268,0,0
14685.717430652,0,1
14685.719843918,0,0
14686.727445090,0,1
14686.729858356,0,0
14687.737459540,0,1
14687.739872556,0,0
14688.747473900,0,1
14688.749886916,0,0
14689.757488368,0,1
14689.759901384,0,0
14690.767502748,0,1
14690.769915764,0,0
14691.777517120,0,1
14691.778786792,1,1
14691.781418890,0,1
14691.781454384,0,0
14692.787531676,0,1
14692.789944692,0,0
14693.797546070,0,1
14693.799959086,0,0
14694.807560452,0,1
14694.809973468,0,0
14695.817574878,0,1
14695.819988144,0,0
14696.827589260,0,1
14696.830002528,0,0
14697.837603648,0,1
14697.840016914,0,0
14698.847618150,0,1
14698.850031166,0,0
14699.857632562,0,1
14699.860045578,0,0
14700.867646950,0,1
14700.870059966,0,0
14701.877661344,0,1
14701.878930858,1,1
14701.881562500,0,1
14701.881598608,0,0
14702.887675668,0,1
14702.890088684,0,0
14703.897690032,0,1
14703.900103048,0,0
14704.907704416,0,1
14704.910117432,0,0
14705.917718862,0,1
14705.920132128,0,0
14706.927733266,0,1
14706.930146532,0,0
14707.937747626,0,1
14707.940160892,0,0
14708.947762022,0,1
14708.950175288,0,0
14709.957776494,0,1
14709.960189510,0,0
14710.967790876,0,1
14710.970203892,0,0
14711.977805324,0,1
14711.979075024,1,1
14711.981706294,0,1
14711.981742838,0,0
14712.987819814,0,1
14712.990232830,0,0
14713.997834236,0,1
14714.000247252,0,0
14715.007848684,0,1
14715.010261700,0,0
14716.017863034,0,1
14716.020276300,0,0
14717.027877450,0,1
14717.030290716,0,0
14718.037891890,0,1
14718.040305156,0,0
14719.047906302,0,1
14719.050319318,0,0
14720.057920764,0,1
14720.060333780,0,0
14721.067935122,0,1
14721.070348138,0,0
14722.077949544,0,1
14722.079219110,1,1
14722.081850726,0,1
14722.081886808,0,0
14723.087963956,0,1
14723.090376972,0,0
14724.097978342,0,1
14724.100391360,0,0
14725.107992692,0,1
14725.110405708,0,0
14726.118007116,0,1
14726.120420382,0,0
14727.128021528,0,1
14727.130434794,0,0
14728.138035946,0,1
14728.140449212,0,0
14729.148050356,0,1
14729.150463372,0,0
14730.158064800,0,1
14730.160477816,0,0
14731.168079190,0,1
14731.170492206,0,0
14732.178093624,0,1
14732.179363298,1,1
14732.181995208,0,1
14732.182030890,0,0
14733.188108112,0,1
14733.190521128,0,0
14734.198122508,0,1
14734.200535524,0,0
14735.208136914,0,1
14735.210550180,0,0
14736.218151352,0,1
14736.220564616,0,0
14737.228165724,0,1
14737.230578990,0,0
14738.238180180,0,1
14738.240593196,0,0
14739.248194596,0,1
14739.250607612,0,0
14740.258208996,0,1
14740.260622012,0,0
14741.268223378,0,1
14741.270636644,0,0
14742.278237808,0,1
14742.279507392,1,1
14742.282139022,0,1
14742.282175074,0,0
14743.288252196,0,1
14743.290665214,0,0
14744.298266674,0,1
14744.300679690,0,0
14745.308281028,0,1
14745.310694294,0,0
14746.318295440,0,1
14746.320708706,0,0
14747.328309844,0,1
14747.330723110,0,0
14748.338324320,0,1
14748.340737336,0,0
14749.348338686,0,1
14749.350751702,0,0
14750.358353098,0,1
14750.360766116,0,0
14751.368367530,0,1
14751.369637104,1,1
14751.372268668,0,1
14751.372304796,0,0
14752.378382028,0,1
14752.380795044,0,0
14753.388396440,0,1
14753.390809456,0,0
14754.398410840,0,1
14754.400824106,0,0
14755.408425238,0,1
14755.410838504,0,0
14756.418439686,0,1
14756.420852702,0,0
14757.428454124,0,1
14757.430867140,0,0
14758.438468524,0,1
14758.440881540,0,0
14759.448482916,0,1
14759.450896182,0,0
14760.458497322,0,1
14760.460910590,0,0
14761.468511760,0,1
14761.469781230,1,1
14761.472412882,0,1
14761.472448774,0,0
14762.478526032,0,1
14762.480939048,0,0
14763.488540432,0,1
14763.490953448,0,0
14764.498554888,0,1
14764.500967904,0,0
14765.508569290,0,1
14765.510982556,0,0
14766.518583678,0,1
14766.520996944,0,0
14767.528598080,0,1
14767.531011096,0,0
14768.538612492,0,1
14768.541025506,0,0
14769.548626888,0,1
14769.551039906,0,0
14770.558641350,0,1
14770.561054616,0,0
14771.568655730,0,1
14771.569925312,1,1
14771.572557002,0,1
14771.572592994,0,0
14772.578670118,0,1
14772.581083134,0,0
14773.588684522,0,1
14773.591097538,0,0
14774.598698930,0,1
14774.601111946,0,0
14775.608713352,0,1
14775.611126618,0,0
14776.618727722,0,1
14776.621140988,0,0
14777.628742176,0,1
14777.631155442,0,0
14778.638756598,0,1
14778.641169614,0,0
14779.648770994,0,1
14779.651184010,0,0
14780.658785430,0,1
14780.661198446,0,0
14781.668799824,0,1
14781.670069466,1,1
14781.672701110,0,1
14781.672737088,0,0
14782.678814216,0,1
14782.681227232,0,0
14783.688828618,0,1
14783.691241634,0,0
14784.698843008,0,1
14784.701256024,0,0
14785.708857424,0,1
14785.711270690,0,0
14786.718871812,0,1
14786.721285078,0,0
14787.728886236,0,1
14787.731299252,0,0
14788.738900722,0,1
14788.741313738,0,0
14789.748915068,0,1
14789.751328084,0,0
14790.758929476,0,1
14790.761342742,0,0
14791.768943860,0,1
14791.770213514,1,1
14791.772845654,0,1
14791.772881124,0,0
14792.778958280,0,1
14792.781371296,0,0
14793.788972666,0,1
14793.791385682,0,0
14794.798987100,0,1
14794.801400116,0,0
14795.809001488,0,1
14795.811414754,0,0
14796.819015914,0,1
14796.821429180,0,0
14797.829030284,0,1
14797.831443550,0,0
14798.839044776,0,1
14798.841457792,0,0
14799.849059138,0,1
14799.851472154,0,0
14800.859073592,0,1
14800.861486608,0,0
14801.869087946,0,1
14801.870357688,1,1
14801.872989294,0,1
14801.873025212,0,0
14802.879102470,0,1
14802.881515486,0,0
14803.889116914,0,1
14803.891529930,0,0
14804.899131272,0,1
14804.901544288,0,0
14805.909145644,0,1
14805.911558910,0,0
14806.919160072,0,1
14806.921573338,0,0
14807.929174550,0,1
14807.931587566,0,0
14808.939188918,0,1
14808.941601934,0,0
14809.949203376,0,1
14809.951616392,0,0
14810.959217780,0,1
14810.961630796,0,0
14811.969232138,0,1
14811.970501796,1,1
14811.973133384,0,1
14811.973169402,0,0
14812.979246536,0,1
14812.981659552,0,0
14813.989260922,0,1
14813.991673938,0,0
14814.999275336,0,1
14815.001688352,0,0
14816.009289732,0,1
14816.011702998,0,0
14817.019304184,0,1
14817.021717452,0,0
14818.029318552,0,1
14818.031731818,0,0
14819.039333014,0,1
14819.041746030,0,0
14820.049347410,0,1
14820.051760428,0,0
14821.059361854,0,1
14821.061774870,0,0
14822.069376204,0,1
14822.070645884,1,1
14822.073277444,0,1
14822.073313468,0,0
14823.079390704,0,1
14823.081803720,0,0
14824.089405130,0,1
14824.091818146,0,0
14825.099419566,0,1
14825.101832582,0,0
14826.109433970,0,1
14826.111847236,0,0
14827.119448344,0,1
14827.121861610,0,0
14828.129462798,0,1
14828.131875814,0,0
14829.139477242,0,1
14829.141890258,0,0
14830.149491596,0,1
14830.151904612,0,0
14831.159506014,0,1
14831.161919280,0,0
14832.169520418,0,1
14832.170790060,1,1
14832.173421442,0,1
14832.173457682,0,0
14833.179534826,0,1
14833.181947842,0,0
14834.189549234,0,1
14834.191962250,0,0
14835.199563606,0,1
14835.201976622,0,0
14836.209578004,0,1
14836.211991270,0,0
14837.219592470,0,1
14837.222005736,0,0
14838.229606798,0,1
14838.232020064,0,0
14839.239621284,0,1
14839.242034300,0,0
14840.249635708,0,1
14840.252048724,0,0
14841.259650070,0,1
14841.262063086,0,0
14842.269664478,0,1
14842.270934106,1,1
14842.273565768,0,1
14842.273601742,0,0
14843.279678884,0,1
14843.282091900,0,0
14844.289693288,0,1
14844.292106306,0,0
14845.299707676,0,1
14845.302120692,0,0
14846.309722084,0,1
14846.312135350,0,0
14847.319736480,0,1
14847.322149746,0,0
14848.329750924,0,1
14848.332164190,0,0
14849.339765374,0,1
14849.342178390,0,0
14850.349779734,0,1
14850.352192750,0,0
14851.359794206,0,1
14851.361063868,1,1
14851.363695548,0,1
14851.363731470,0,0
14852.369808552,0,1
14852.372221568,0,0
14853.379822988,0,1
14853.382236004,0,0
14854.389837348,0,1
14854.392250364,0,0
14855.399851730,0,1
14855.402264996,0,0
14856.409866144,0,1
14856.412279410,0,0
14857.419880610,0,1
14857.422293876,0,0
14858.429895014,0,1
14858.432308030,0,0
14859.439909432,0,1
14859.442322448,0,0
14860.449923826,0,1
14860.452336842,0,0
14861.459938204,0,1
14861.461207926,1,1
14861.463839792,0,1
14861.463875470,0,0
14862.469952750,0,1
14862.472365766,0,0
14863.479967142,0,1
14863.482380158,0,0
14864.489981538,0,1
14864.492394804,0,0
14865.499995950,0,1
14865.502409216,0,0
14866.510010354,0,1
14866.512423620,0,0
14867.520024814,0,1
14867.522437830,0,0
14868.530039226,0,1
14868.532452242,0,0
14869.540053620,0,1
14869.542466636,0,0
14870.550068030,0,1
14870.552481296,0,0
14871.560082404,0,1
14871.561352090,1,1
14871.563983866,0,1
14871.564019668,0,0
14872.570096914,0,1
14872.572509928,0,0
14873.580111312,0,1
14873.582524328,0,0
14874.590125704,0,1
14874.592538970,0,0
14875.600140126,0,1
14875.602553392,0,0
14876.610154578,0,1
14876.612567594,0,0
14877.620169024,0,1
14877.622582040,0,0
14878.630183408,0,1
14878.632596424,0,0
14879.640197824,0,1
14879.642610840,0,0
14880.650212210,0,1
14880.652625476,0,0
14881.660226646,0,1
14881.661496148,1,1
14881.664128130,0,1
14881.664163660,0,0
14882.670240908,0,1
14882.672653924,0,0
14883.680255322,0,1
14883.682668338,0,0
14884.690269656,0,1
14884.692682672,0,0
14885.700284088,0,1
14885.702697354,0,0
14886.710298482,0,1
14886.712711748,0,0
14887.720312966,0,1
14887.722725982,0,0
14888.730327396,0,1
14888.732740412,0,0
14889.740341746,0,1
14889.742754764,0,0
14890.750356194,0,1
14890.752769212,0,0
14891.760370542,0,1
14891.761640250,1,1
14891.764272068,0,1
14891.764308056,0,0
14892.770385114,0,1
14892.772798130,0,0
14893.780399498,0,1
14893.782812512,0,0
14894.790413884,0,1
14894.792827152,0,0
14895.800428262,0,1
14895.802841528,0,0
14896.810442690,0,1
14896.812855956,0,0
14897.820457182,0,1
14897.822870198,0,0
14898.830471542,0,1
14898.832884558,0,0
14899.840485966,0,1
14899.842898982,0,0
14900.850500374,0,1
14900.852913642,0,0
14901.860514762,0,1
14901.861784354,1,1
14901.864415816,0,1
14901.864452026,0,0
14902.870529182,0,1
14902.872942198,0,0
14903.880543506,0,1
14903.882956522,0,0
14904.890557942,0,1
14904.892970958,0,0
14905.900572370,0,1
14905.902985636,0,0
14906.910586726,0,1
14906.912999992,0,0
14907.920601252,0,1
14907.923014268,0,0
14908.930615576,0,1
14908.933028592,0,0
14909.940630010,0,1
14909.943043028,0,0
14910.950644442,0,1
14910.953057458,0,0
14911.960658820,0,1
14911.961928458,1,1
14911.964560020,0,1
14911.964596084,0,0
14912.970673180,0,1
14912.973086198,0,0
14913.980687632,0,1
14913.983100650,0,0
14914.990701990,0,1
14914.993115006,0,0
14916.000716426,0,1
14916.003129694,0,0
14917.010730812,0,1
14917.013144078,0,0
14918.020745230,0,1
14918.023158496,0,0
14919.030759644,0,1
14919.033172660,0,0
14920.040774046,0,1
14920.043187062,0,0
14921.050788508,0,1
14921.053201524,0,0
14922.060802906,0,1
14922.062072564,1,1
14922.064703794,0,1
14922.064740170,0,0
14923.070817294,0,1
14923.073230310,0,0
14924.080831700,0,1
14924.083244718,0,0
14925.090846086,0,1
14925.093259102,0,0
14926.100860470,0,1
14926.103273736,0,0
14927.110874874,0,1
14927.113288142,0,0
14928.120889290,0,1
14928.123302556,0,0
14929.130903738,0,1
14929.133316754,0,0
14930.140918178,0,1
14930.143331194,0,0
14931.150932548,0,1
14931.153345564,0,0
14932.160946934,0,1
14932.162216628,1,1
14932.164848958,0,1
14932.164884198,0,0
14933.170961456,0,1
14933.173374472,0,0
14934.180975854,0,1
14934.183388870,0,0
14935.190990294,0,1
14935.193403560,0,0
14936.201004682,0,1
14936.203417948,0,0
14937.211019074,0,1
14937.213432340,0,0
14938.221033528,0,1
14938.223446544,0,0
14939.231047948,0,1
14939.233460964,0,0
14940.241062348,0,1
14940.243475364,0,0
14941.251076770,0,1
14941.253490036,0,0
14942.261091160,0,1
14942.262360728,1,1
14942.264992308,0,1
14942.265028424,0,0
14943.271105522,0,1
14943.273518538,0,0
14944.281119954,0,1
14944.283532970,0,0
14945.291134320,0,1
14945.293547336,0,0
14946.301148752,0,1
14946.303562018,0,0
14947.311163140,0,1
14947.313576406,0,0
14948.321177562,0,1
14948.323590828,0,0
14949.331191948,0,1
14949.333605214,0,0
14950.341206416,0,1
14950.343619432,0,0
14951.351220818,0,1
14951.352490414,1,1
14951.355122208,0,1
14951.355158082,0,0
14952.361235230,0,1
14952.363648246,0,0
14953.371249612,0,1
14953.373662628,0,0
14954.381264000,0,1
14954.383677016,0,0
14955.391278392,0,1
14955.393691658,0,0
14956.401292796,0,1
14956.403706062,0,0
14957.411307198,0,1
14957.413720464,0,0
14958.421321616,0,1
14958.423734884,0,0
14959.431336084,0,1
14959.433749100,0,0
14960.441350464,0,1
14960.443763480,0,0
14961.451364858,0,1
14961.452634484,1,1
14961.455266200,0,1
14961.455302122,0,0
14962.461379284,0,1
14962.463792300,0,0
14963.471393668,0,1
14963.473806684,0,0
14964.481408086,0,1
14964.483821102,0,0
14965.491422446,0,1
14965.493835712,0,0
14966.501436864,0,1
14966.503850130,0,0
14967.511451266,0,1
14967.513864532,0,0
14968.521465690,0,1
14968.523878706,0,0
14969.531480150,0,1
14969.533893168,0,0
14970.541494558,0,1
14970.543907574,0,0
14971.551508904,0,1
14971.552778540,1,1
14971.555409982,0,1
14971.555446168,0,0
14972.561523312,0,1
14972.563936326,0,0
14973.571537766,0,1
14973.573950782,0,0
14974.581552134,0,1
14974.583965150,0,0
14975.591566534,0,1
14975.593979800,0,0
14976.601580934,0,1
14976.603994200,0,0
14977.611595328,0,1
14977.614008594,0,0
14978.621609712,0,1
14978.624022978,0,0
14979.631624194,0,1
14979.634037210,0,0
14980.641638594,0,1
14980.644051610,0,0
14981.651653002,0,1
14981.652922698,1,1
14981.655554452,0,1
14981.655590266,0,0
14982.661667490,0,1
14982.664080506,0,0
14983.671681922,0,1
14983.674094938,0,0
14984.681696308,0,1
14984.684109324,0,0
14985.691710722,0,1
14985.694123988,0,0
14986.701725074,0,1
14986.704138340,0,0
14987.711739526,0,1
14987.714152792,0,0
14988.721753962,0,1
14988.724166978,0,0
14989.731768338,0,1
14989.734181354,0,0
14990.741782734,0,1
14990.744195750,0,0
14991.751797198,0,1
14991.753066798,1,1
14991.755698940,0,1
14991.755734464,0,0
14992.761811568,0,1
14992.764224584,0,0
14993.771825946,0,1
14993.774238962,0,0
14994.781840366,0,1
14994.784253382,0,0
14995.791854792,0,1
14995.794268058,0,0
14996.801869148,0,1
14996.804282414,0,0
14997.811883562,0,1
14997.814296828,0,0
14998.821898060,0,1
14998.824311076,0,0
14999.831912400,0,1
14999.834325416,0,0
15000.841926810,0,1
15000.844339826,0,0
15001.851941244,0,1
15001.853210882,1,1
15001.855842600,0,1
15001.855878508,0,0
15002.861955574,0,1
15002.864368590,0,0
15003.871970026,0,1
15003.874383042,0,0
15004.881984428,0,1
15004.884397444,0,0
15005.891998818,0,1
15005.894412084,0,0
15006.902013214,0,1
15006.904426480,0,0
15007.912027606,0,1
15007.914440872,0,0
15008.922042058,0,1
15008.924455074,0,0
15009.932056468,0,1
15009.934469484,0,0
15010.942070866,0,1
15010.944483882,0,0
15011.952085288,0,1
15011.953354962,1,1
15011.955986700,0,1
15011.956022552,0,0
15012.962099798,0,1
15012.964512814,0,0
15013.972114192,0,1
15013.974527208,0,0
15014.982128590,0,1
15014.984541606,0,0
15015.992143052,0,1
15015.994556318,0,0
15017.002157424,0,1
15017.004570690,0,0
15018.012171848,0,1
15018.014585114,0,0
15019.022186250,0,1
15019.024599516,0,0
15020.032200688,0,1
15020.034613704,0,0
15021.042215134,0,1
15021.044628150,0,0
15022.052229458,0,1
15022.053499042,1,1
15022.056130772,0,1
15022.056166724,0,0
15023.062243872,0,1
15023.064656888,0,0
15024.072258282,0,1
15024.074671298,0,0
15025.082272700,0,1
15025.084685716,0,0
15026.092287056,0,1
15026.094700322,0,0
15027.102301474,0,1
15027.104714740,0,0
15028.112315906,0,1
15028.114729172,0,0
15029.122330324,0,1
15029.124743340,0,0
15030.132344766,0,1
15030.134757782,0,0
15031.142359144,0,1
15031.144772160,0,0
15032.152373554,0,1
15032.153643078,1,1
15032.156274556,0,1
15032.156310820,0,0
15033.162387794,0,1
15033.164800810,0,0
15034.172402238,0,1
15034.174815254,0,0
15035.182416622,0,1
15035.184829638,0,0
15036.192431028,0,1
15036.194844294,0,0
15037.202445416,0,1
15037.204858682,0,0
15038.212459846,0,1
15038.214873112,0,0
15039.222474218,0,1
15039.224887484,0,0
15040.232488658,0,1
15040.234901676,0,0
15041.242503084,0,1
15041.244916100,0,0
15042.252517486,0,1
15042.253787222,1,1
15042.256419056,0,1
15042.256454750,0,0
15043.262531996,0,1
15043.264945012,0,0
15044.272546376,0,1
15044.274959392,0,0
15045.282560762,0,1
15045.284973778,0,0
15046.292575160,0,1
15046.294988426,0,0
15047.302589590,0,1
15047.305002856,0,0
15048.312603928,0,1
15048.315017194,0,0
15049.322618464,0,1
15049.325031480,0,0
15050.332632804,0,1
15050.335045822,0,0
15051.342647214,0,1
15051.343916884,1,1
15051.346548500,0,1
15051.346584480,0,0
15052.352661758,0,1
15052.355074774,0,0
15053.362676142,0,1
15053.365089158,0,0
15054.372690554,0,1
15054.375103820,0,0
15055.382704952,0,1
15055.385118218,0,0
15056.392719344,0,1
15056.395132610,0,0
15057.402733798,0,1
15057.405146814,0,0
15058.412748180,0,1
15058.415161196,0,0
15059.422762618,0,1
15059.425175634,0,0
15060.432776984,0,1
15060.435190250,0,0
15061.442791386,0,1
15061.444060956,1,1
15061.446692424,0,1
15061.446728652,0,0
15062.452805776,0,1
15062.455218792,0,0
15063.462820198,0,1
15063.465233214,0,0
15064.472834602,0,1
15064.475247618,0,0
15065.482848968,0,1
15065.485262234,0,0
15066.492863364,0,1
15066.495276630,0,0
15067.502877840,0,1
15067.505290856,0,0
15068.512892250,0,1
15068.515305266,0,0
15069.522906668,0,1
15069.525319684,0,0
15070.532921012,0,1
15070.535334028,0,0
15071.542935434,0,1
15071.544205030,1,1
15071.546835858,0,1
15071.546835866,1,1
15071.546835878,0,1
15071.546835888,1,1
15071.546837194,0,1
15071.546837206,1,1
15071.546837218,0,1
15071.546837362,1,1
15071.546837372,0,1
15071.546837388,1,1
15071.546837396,0,1
15071.546872700,0,0
15072.552949798,0,1
15072.555362814,0,0
15073.562964216,0,1
15073.565377232,0,0
15074.572978626,0,1
15074.575391642,0,0
15075.582993024,0,1
15075.585406290,0,0
15076.593007410,0,1
15076.595420676,0,0
15077.603021838,0,1
15077.605435104,0,0
15078.613036246,0,1
15078.615449262,0,0
15079.623050680,0,1
15079.625463696,0,0
15080.633065058,0,1
15080.635478074,0,0
15081.643079456,0,1
15081.644349050,1,1
15081.646980720,0,1
15081.646983680,1,1
15081.646983686,0,1
15081.647016720,0,0
15082.653093862,0,1
15082.655506878,0,0
15083.663108290,0,1
15083.665521306,0,0
15084.673122640,0,1
15084.675535656,0,0
15085.683137054,0,1
15085.685550320,0,0
15086.693151476,0,1
15086.695564740,0,0
15087.703165902,0,1
15087.705579168,0,0
15088.713180258,0,1
15088.715593524,0,0
15089.723194762,0,1
15089.725607778,0,0
15090.733209136,0,1
15090.735622152,0,0
15091.743223484,0,1
15091.744493158,1,1
15091.747124862,0,1
15091.747160750,0,0
15092.753238024,0,1
15092.755651040,0,0
15093.763252422,0,1
15093.765665440,0,0
15094.773266860,0,1
15094.775679876,0,0
15095.783281272,0,1
15095.785694538,0,0
15096.793295652,0,1
15096.795708918,0,0
15097.803309998,0,1
15097.805723264,0,0
15098.813324482,0,1
15098.815737498,0,0
15099.823338866,0,1
15099.825751882,0,0
15100.833353272,0,1
15100.835766288,0,0
15101.843367694,0,1
15101.844637236,1,1
15101.847269294,0,1
15101.847304708,0,0
15102.853382058,0,1
15102.855795074,0,0
15103.863396456,0,1
15103.865809472,0,0
15104.873410872,0,1
15104.875823888,0,0
15105.883425296,0,1
15105.885838562,0,0
15106.893439660,0,1
15106.895852926,0,0
15107.903454080,0,1
15107.905867346,0,0
15108.913468548,0,1
15108.915881564,0,0
15109.923482908,0,1
15109.925895924,0,0
15110.933497336,0,1
15110.935910350,0,0
15111.943511714,0,1
15111.944781336,1,1
15111.947413074,0,1
15111.947448980,0,0
15112.953526134,0,1
15112.955939150,0,0
15113.963540540,0,1
15113.965953556,0,0
15114.973554902,0,1
15114.975968168,0,0
15115.983569312,0,1
15115.985982580,0,0
15116.993583706,0,1
15116.995996972,0,0
15118.003598170,0,1
15118.006011186,0,0
15119.013612574,0,1
15119.016025590,0,0
15120.023626948,0,1
15120.026039964,0,0
15121.033641398,0,1
15121.036054664,0,0
15122.043655792,0,1
15122.044925426,1,1
15122.047557250,0,1
15122.047593058,0,0
15123.053670134,0,1
15123.056083150,0,0
15124.063684542,0,1
15124.066097558,0,0
15125.073698988,0,1
15125.076112004,0,0
15126.083713364,0,1
15126.086126630,0,0
15127.093727764,0,1
15127.096141030,0,0
15128.103742214,0,1
15128.106155230,0,0
15129.113756664,0,1
15129.116169680,0,0
15130.123771040,0,1
15130.126184056,0,0
15131.133785396,0,1
15131.136198412,0,0
15132.143799826,0,1
15132.145069446,1,1
15132.147701362,0,1
15132.147737092,0,0
15133.153814226,0,1
15133.156227244,0,0
15134.163828632,0,1
15134.166241648,0,0
15135.173843038,0,1
15135.176256054,0,0
15136.183857420,0,1
15136.186270688,0,0
15137.193871820,0,1
15137.196285088,0,0
15138.203886188,0,1
15138.206299454,0,0
15139.213900602,0,1
15139.216313868,0,0
15140.223915074,0,1
15140.226328090,0,0
15141.233929480,0,1
15141.236342496,0,0
15142.243943900,0,1
15142.245213550,1,1
15142.247845770,0,1
15142.247881164,0,0
15143.253958228,0,1
15143.256371244,0,0
15144.263972638,0,1
15144.266385654,0,0
15145.273987058,0,1
15145.276400074,0,0
15146.284001506,0,1
15146.286414772,0,0
15147.294015854,0,1
15147.296429122,0,0
15148.304030266,0,1
15148.306443532,0,0
15149.314044650,0,1
15149.316457916,0,0
15150.324059116,0,1
15150.326472132,0,0
15151.334073472,0,1
15151.335343208,1,1
15151.337974858,0,1
15151.338010736,0,0
15152.344087982,0,1
15152.346500998,0,0
15153.354102384,0,1
15153.356515400,0,0
15154.364116846,0,1
15154.366529862,0,0
15155.374131266,0,1
15155.376544282,0,0
15156.384145674,0,1
15156.386558942,0,0
15157.394160004,0,1
15157.396573272,0,0
15158.404174430,0,1
15158.406587696,0,0
15159.414188894,0,1
15159.416601910,0,0
15160.424203324,0,1
15160.426616340,0,0
15161.434217666,0,1
15161.435487304,1,1
15161.438118628,0,1
15161.438154930,0,0
15162.444232068,0,1
15162.446645084,0,0
15163.454246458,0,1
15163.456659474,0,0
15164.464260884,0,1
15164.466673900,0,0
15165.474275280,0,1
15165.476688546,0,0
15166.484289700,0,1
15166.486702966,0,0
15167.494304156,0,1
15167.496717172,0,0
15168.504318504,0,1
15168.506731520,0,0
15169.514332920,0,1
15169.516745936,0,0
15170.524347366,0,1
15170.526760382,0,0
15171.534361722,0,1
15171.535631328,1,1
15171.538263270,0,1
15171.538298988,0,0
15172.544376128,0,1
15172.546789144,0,0
15173.554390498,0,1
15173.556803514,0,0
15174.564404904,0,1
15174.566817920,0,0
15175.574419310,0,1
15175.576832576,0,0
15176.584433684,0,1
15176.586846950,0,0
15177.594448094,0,1
15177.596861360,0,0
15178.604462514,0,1
15178.606875780,0,0
15179.614476970,0,1
15179.616889986,0,0
15180.624491338,0,1
15180.626904354,0,0
15181.634505724,0,1
15181.635775352,1,1
15181.638407174,0,1
15181.638442988,0,0
15182.644520118,0,1
15182.646933134,0,0
15183.654534584,0,1
15183.656947600,0,0
15184.664548940,0,1
15184.666961956,0,0
15185.674563338,0,1
15185.676976604,0,0
15186.684577744,0,1
15186.686991010,0,0
15187.694592106,0,1
15187.697005370,0,0
15188.704606546,0,1
15188.707019812,0,0
15189.714620986,0,1
15189.717034002,0,0
15190.724635378,0,1
15190.727048394,0,0
15191.734649786,0,1
15191.735919456,1,1
15191.738551284,0,1
15191.738587052,0,0
15192.744664308,0,1
15192.747077324,0,0
15193.754678724,0,1
15193.757091742,0,0
15194.764693118,0,1
15194.767106134,0,0
15195.774707468,0,1
15195.777120734,0,0
15196.784721896,0,1
15196.787135164,0,0
15197.794736292,0,1
15197.797149560,0,0
15198.804750758,0,1
15198.807163774,0,0
15199.814765132,0,1
15199.817178148,0,0
15200.824779524,0,1
15200.827192540,0,0
15201.834793938,0,1
15201.836063522,1,1
15201.838694936,0,1
15201.838731204,0,0
15202.844808376,0,1
15202.847221392,0,0
15203.854822750,0,1
15203.857235766,0,0
15204.864837126,0,1
15204.867250142,0,0
15205.874851514,0,1
15205.877264780,0,0
15206.884865890,0,1
15206.887279156,0,0
15207.894880314,0,1
15207.897293580,0,0
15208.904894766,0,1
15208.907307782,0,0
15209.914909220,0,1
15209.917322236,0,0
15210.924923564,0,1
15210.927336580,0,0
15211.934937958,0,1
15211.936207612,1,1
15211.938839264,0,1
15211.938875222,0,0
15212.944952370,0,1
15212.947365386,0,0
15213.954966792,0,1
15213.957379808,0,0
15214.964981152,0,1
15214.967394168,0,0
15215.974995538,0,1
15215.977408804,0,0
15216.985009950,0,1
15216.987423216,0,0
15217.995024360,0,1
15217.997437626,0,0
15219.005038786,0,1
15219.007451802,0,0
15220.015053220,0,1
15220.017466236,0,0
15221.025067570,0,1
15221.027480586,0,0
15222.035082036,0,1
15222.036351668,1,1
15222.038983948,0,1
15222.039019300,0,0
15223.045096384,0,1
15223.047509402,0,0
15224.055110808,0,1
15224.057523824,0,0
15225.065125180,0,1
15225.067538196,0,0
15226.075139650,0,1
15226.077552666,0,0
15227.085154016,0,1
15227.087567032,0,0
15228.095168370,0,1
15228.097581636,0,0
15229.105182770,0,1
15229.107596038,0,0
15230.115197178,0,1
15230.117610444,0,0
15231.125211644,0,1
15231.127624660,0,0
15232.135226048,0,1
15232.136495712,1,1
15232.139127402,0,1
15232.139163314,0,0
15233.145240556,0,1
15233.147653572,0,0
15234.155255024,0,1
15234.157668040,0,0
15235.165269344,0,1
15235.167682360,0,0
15236.175283758,0,1
15236.177697022,0,0
15237.185298162,0,1
15237.187711428,0,0
15238.195312608,0,1
15238.197725874,0,0
15239.205326988,0,1
15239.207740004,0,0
15240.215341398,0,1
15240.217754414,0,0
15241.225355802,0,1
15241.227768818,0,0
15242.235370198,0,1
15242.236639852,1,1
15242.239271342,0,1
15242.239307462,0,0
15243.245384616,0,1
15243.247797632,0,0
15244.255399012,0,1
15244.257812028,0,0
15245.265413436,0,1
15245.267826452,0,0
15246.275427814,0,1
15246.277841080,0,0
15247.285442190,0,1
15247.287855456,0,0
15248.295456614,0,1
15248.297869880,0,0
15249.305471034,0,1
15249.307884050,0,0
15250.315485478,0,1
15250.317898494,0,0
15251.325499880,0,1
15251.327912894,0,0
15252.335514284,0,1
15252.336783818,1,1
15252.339415688,0,1
15252.339451548,0,0
15253.345528676,0,1
15253.347941692,0,0
15254.355543046,0,1
15254.357956062,0,0
15255.365557450,0,1
15255.367970466,0,0
15256.375571826,0,1
15256.377985092,0,0
15257.385586212,0,1
15257.387999478,0,0
15258.395600634,0,1
15258.398013900,0,0
15259.405615076,0,1
15259.408028094,0,0
15260.415629482,0,1
15260.418042498,0,0
15261.425643852,0,1
15261.426913560,1,1
15261.429545136,0,1
15261.429581116,0,0
15262.435658390,0,1
15262.438071406,0,0
15263.445672782,0,1
15263.448085800,0,0
15264.455687206,0,1
15264.458100472,0,0
15265.465701522,0,1
15265.468114788,0,0
15266.475716002,0,1
15266.478129268,0,0
15267.485730438,0,1
15267.488143454,0,0
15268.495744842,0,1
15268.498157858,0,0
15269.505759194,0,1
15269.508172210,0,0
15270.515773654,0,1
15270.518186920,0,0
15271.525788018,0,1
15271.527057542,1,1
15271.529689050,0,1
15271.529725282,0,0
15272.535802306,0,1
15272.538215322,0,0
15273.545816688,0,1
15273.548229704,0,0
15274.555831116,0,1
15274.558244132,0,0
15275.565845498,0,1
15275.568258764,0,0
15276.575859904,0,1
15276.578273170,0,0
15277.585874276,0,1
15277.588287542,0,0
15278.595888668,0,1
15278.598301934,0,0
15279.605903158,0,1
15279.608316174,0,0
15280.615917578,0,1
15280.618330596,0,0
15281.625931922,0,1
15281.627201714,1,1
15281.629832924,0,1
15281.629869436,0,0
15282.635946604,0,1
15282.638359620,0,0
15283.645960984,0,1
15283.648374000,0,0
15284.655975350,0,1
15284.658388616,0,0
15285.665989770,0,1
15285.668403036,0,0
15286.676004126,0,1
15286.678417392,0,0
15287.686018628,0,1
15287.688431644,0,0
15288.696033072,0,1
15288.698446088,0,0
15289.706047404,0,1
15289.708460420,0,0
15290.716061814,0,1
15290.718475080,0,0
15291.726076226,0,1
15291.727345722,1,1
15291.729977334,0,1
15291.730013490,0,0
15292.736090476,0,1
15292.738503492,0,0
15293.746104902,0,1
15293.748517918,0,0
15294.756119342,0,1
15294.758532358,0,0
15295.766133724,0,1
15295.768546740,0,0
15296.776148088,0,1
15296.778561104,0,0
15297.786162502,0,1
15297.788575768,0,0
15298.796176886,0,1
15298.798590154,0,0
15299.806191336,0,1
15299.808604352,0,0
15300.816205748,0,1
15300.818618764,0,0
15301.826220114,0,1
15301.827489788,1,1
15301.830121828,0,1
15301.830157378,0,0
15302.836234650,0,1
15302.838647666,0,0
15303.846249062,0,1
15303.848662078,0,0
15304.856263480,0,1
15304.858676746,0,0
15305.866277892,0,1
15305.868691158,0,0
15306.876292282,0,1
15306.878705550,0,0
15307.886306724,0,1
15307.888719740,0,0
15308.896321104,0,1
15308.898734120,0,0
15309.906335474,0,1
15309.908748490,0,0
15310.916349932,0,1
15310.918763200,0,0
15311.926364322,0,1
15311.927633902,1,1
15311.930265582,0,1
15311.930301586,0,0
15312.936378678,0,1
15312.938791694,0,0
15313.946393100,0,1
15313.948806116,0,0
15314.956407436,0,1
15314.958820452,0,0
15315.966421886,0,1
15315.968835152,0,0
15316.976436258,0,1
15316.978849522,0,0
15317.986450662,0,1
15317.988863928,0,0
15318.996465126,0,1
15318.998878142,0,0
15320.006479564,0,1
15320.008892580,0,0
15321.016493940,0,1
15321.018906956,0,0
15322.026508322,0,1
15322.027777902,1,1
15322.030409766,0,1
15322.030445588,0,0
15323.036522712,0,1
15323.038935726,0,0
15324.046537098,0,1
15324.048950114,0,0
15325.056551520,0,1
15325.058964536,0,0
15326.066565926,0,1
15326.068979192,0,0
15327.076580364,0,1
15327.078993630,0,0
15328.086594772,0,1
15328.089008038,0,0
15329.096609214,0,1
15329.099022230,0,0
15330.106623592,0,1
15330.109036608,0,0
15331.116637954,0,1
15331.119050972,0,0
15332.126652386,0,1
15332.127922016,1,1
15332.130553142,0,1
15332.130589652,0,0
15333.136666768,0,1
15333.139079784,0,0
15334.146681218,0,1
15334.149094234,0,0
15335.156695554,0,1
15335.159108570,0,0
15336.166709944,0,1
15336.169123210,0,0
15337.176724380,0,1
15337.179137646,0,0
15338.186738744,0,1
15338.189152010,0,0
15339.196753228,0,1
15339.199166242,0,0
15340.206767570,0,1
15340.209180586,0,0
15341.216782022,0,1
15341.219195038,0,0
15342.226796402,0,1
15342.228066068,1,1
15342.230697700,0,1
15342.230733666,0,0
15343.236810926,0,1
15343.239223942,0,0
15344.246825336,0,1
15344.249238354,0,0
15345.256839724,0,1
15345.259252740,0,0
15346.266854110,0,1
15346.269267376,0,0
15347.276868506,0,1
15347.279281772,0,0
15348.286882906,0,1
15348.289296172,0,0
15349.296897382,0,1
15349.299310398,0,0
15350.306911754,0,1
15350.309324770,0,0
15351.316926198,0,1
15351.319339214,0,0
15352.326940586,0,1
15352.328210150,1,1
15352.330842020,0,1
15352.330877852,0,0
15353.336954976,0,1
15353.339367992,0,0
15354.346969374,0,1
15354.349382390,0,0
15355.356983746,0,1
15355.359397014,0,0
15356.366998146,0,1
15356.369411414,0,0
15357.377012546,0,1
15357.379425812,0,0
15358.387026982,0,1
15358.389440000,0,0
15359.397041432,0,1
15359.399454448,0,0
15360.407055824,0,1
15360.409468840,0,0
15361.417070246,0,1
15361.418339848,1,1
15361.420971338,0,1
15361.421007510,0,0
15362.427084526,0,1
15362.429497792,0,0
15363.437099062,0,1
15363.439512078,0,0
15364.447113430,0,1
15364.449526446,0,0
15365.457127804,0,1
15365.459540820,0,0
15366.467142224,0,1
15366.469555240,0,0
15367.477156590,0,1
15367.479569856,0,0
15368.487170996,0,1
15368.489584262,0,0
15369.497185380,0,1
15369.499598646,0,0
15370.507199786,0,1
15370.509613052,0,0
15371.517214286,0,1
15371.518483942,1,1
15371.521115860,0,1
15371.521151550,0,0
15372.527228690,0,1
15372.529641706,0,0
15373.537243050,0,1
15373.539656066,0,0
15374.547257464,0,1
15374.549670482,0,0
15375.557271858,0,1
15375.559685124,0,0
15376.567286226,0,1
15376.569699492,0,0
15377.577300680,0,1
15377.579713696,0,0
15378.587315088,0,1
15378.589728104,0,0
15379.597329448,0,1
15379.599742464,0,0
15380.607343926,0,1
15380.609756942,0,0
15381.617358312,0,1
15381.618627980,1,1
15381.621259700,0,1
15381.621295576,0,0
15382.627372694,0,1
15382.629785710,0,0
15383.637387098,0,1
15383.639800114,0,0
15384.647401500,0,1
15384.649814518,0,0
15385.657415892,0,1
15385.659829158,0,0
15386.667430304,0,1
15386.669843570,0,0
15387.677444668,0,1
15387.679857934,0,0
15388.687459062,0,1
15388.689872328,0,0
15389.697473550,0,1
15389.699886566,0,0
15390.707487950,0,1
15390.709900966,0,0
15391.717502352,0,1
15391.718772010,1,1
15391.721403596,0,1
15391.721439618,0,0
15392.727516722,0,1
15392.729929738,0,0
15393.737531158,0,1
15393.739944176,0,0
15394.747545552,0,1
15394.749958568,0,0
15395.757559906,0,1
15395.759973174,0,0
15396.767574314,0,1
15396.769987580,0,0
15397.777588718,0,1
15397.780001984,0,0
15398.787603114,0,1
15398.790016380,0,0
15399.797617588,0,1
15399.800030604,0,0
15400.807631990,0,1
15400.810045006,0,0
15401.817646354,0,1
15401.818916138,1,1
15401.821547382,0,1
15401.821583870,0,0
15402.827660870,0,1
15402.830073886,0,0
15403.837675316,0,1
15403.840088332,0,0
15404.847689670,0,1
15404.850102686,0,0
15405.857704110,0,1
15405.860117374,0,0
15406.867718446,0,1
15406.870131712,0,0
15407.877732868,0,1
15407.880146134,0,0
15408.887747338,0,1
15408.890160354,0,0
15409.897761742,0,1
15409.900174758,0,0
15410.907776138,0,1
15410.910189156,0,0
15411.917790540,0,1
15411.919060206,1,1
15411.921691594,0,1
15411.921727806,0,0
15412.927805082,0,1
15412.930218098,0,0
15413.937819462,0,1
15413.940232478,0,0
15414.947833862,0,1
15414.950247128,0,0
15415.957848222,0,1
15415.960261488,0,0
15416.967862666,0,1
15416.970275932,0,0
15417.977877100,0,1
15417.980290116,0,0
15418.987891550,0,1
15418.990304566,0,0
15419.997905880,0,1
15420.000318896,0,0
15421.007920274,0,1
15421.010333540,0,0
15422.017934732,0,1
15422.019204228,1,1
15422.021835802,0,1
15422.021871996,0,0
15423.027949008,0,1
15423.030362024,0,0
15424.037963390,0,1
15424.040376406,0,0
15425.047977780,0,1
15425.050390796,0,0
15426.057992160,0,1
15426.060405426,0,0
15427.068006566,0,1
15427.070419832,0,0
15428.078020988,0,1
15428.080434254,0,0
15429.088035368,0,1
15429.090448634,0,0
15430.098049802,0,1
15430.100462818,0,0
15431.108064166,0,1
15431.110477432,0,0
15432.118078634,0,1
15432.119348280,1,1
15432.121979862,0,1
15432.122015900,0,0
15433.128093026,0,1
15433.130506042,0,0
15434.138107426,0,1
15434.140520442,0,0
15435.148121844,0,1
15435.150534860,0,0
15436.158136184,0,1
15436.160549450,0,0
15437.168150590,0,1
15437.170563856,0,0
15438.178165050,0,1
15438.180578314,0,0
15439.188179446,0,1
15439.190592712,0,0
15440.198193892,0,1
15440.200606908,0,0
15441.208208292,0,1
15441.210621308,0,0
15442.218222718,0,1
15442.219492338,1,1
15442.222123950,0,1
15442.222159982,0,0
15443.228237038,0,1
15443.230650054,0,0
15444.238251468,0,1
15444.240664486,0,0
15445.248265864,0,1
15445.250678880,0,0
15446.258280254,0,1
15446.260693520,0,0
15447.268294690,0,1
15447.270707956,0,0
15448.278309088,0,1
15448.280722354,0,0
15449.288323478,0,1
15449.290736742,0,0
15450.298337894,0,1
15450.300750910,0,0
15451.308352318,0,1
15451.310765334,0,0
15452.318366682,0,1
15452.319636510,1,1
15452.322268222,0,1
15452.322304198,0,0
15453.328381356,0,1
15453.330794372,0,0
15454.338395724,0,1
15454.340808742,0,0
15455.348410126,0,1
15455.350823392,0,0
15456.358424542,0,1
15456.360837808,0,0
15457.368438948,0,1
15457.370852216,0,0
15458.378453442,0,1
15458.380866460,0,0
15459.388467784,0,1
15459.390880802,0,0
15460.398482174,0,1
15460.400895190,0,0
15461.408496570,0,1
15461.409766144,1,1
15461.412398486,0,1
15461.412433834,0,0
15462.418510996,0,1
15462.420924010,0,0
15463.428525352,0,1
15463.430938368,0,0
15464.438539778,0,1
15464.440953044,0,0
15465.448554232,0,1
15465.450967498,0,0
15466.458568564,0,1
15466.460981830,0,0
15467.468583048,0,1
15467.470996064,0,0
15468.478597442,0,1
15468.481010458,0,0
15469.488611854,0,1
15469.491024870,0,0
15470.498626222,0,1
15470.501039488,0,0
15471.508640606,0,1
15471.509910278,1,1
15471.512541568,0,1
15471.512577870,0,0
15472.518655164,0,1
15472.521068180,0,0
15473.528669572,0,1
15473.531082588,0,0
15474.538683974,0,1
15474.541097240,0,0
15475.548698348,0,1
15475.551111614,0,0
15476.558712822,0,1
15476.561125838,0,0
15477.568727166,0,1
15477.571140182,0,0
15478.578741610,0,1
15478.581154626,0,0
15479.588756020,0,1
15479.591169286,0,0
15480.598770426,0,1
15480.601183692,0,0
15481.608784880,0,1
15481.610054258,1,1
15481.612686076,0,1
15481.612721894,0,0
15482.618799028,0,1
15482.621212044,0,0
15483.628813400,0,1
15483.631226416,0,0
15484.638827838,0,1
15484.641240854,0,0
15485.648842224,0,1
15485.651255490,0,0
15486.658856648,0,1
15486.661269912,0,0
15487.668871028,0,1
15487.671284294,0,0
15488.678885504,0,1
15488.681298520,0,0
15489.688899846,0,1
15489.691312862,0,0
15490.698914278,0,1
15490.701327294,0,0
15491.708928678,0,1
15491.710198346,1,1
15491.712830108,0,1
15491.712865942,0,0
15492.718943170,0,1
15492.721356186,0,0
15493.728957584,0,1
15493.731370600,0,0
15494.738971950,0,1
15494.741384966,0,0
15495.748986388,0,1
15495.751399654,0,0
15496.759000754,0,1
15496.761414020,0,0
15497.769015140,0,1
15497.771428406,0,0
15498.779029644,0,1
15498.781442660,0,0
15499.789044004,0,1
15499.791457270,0,0
15500.799058446,0,1
15500.801471462,0,0
15501.809072834,0,1
15501.810342430,1,1
15501.812974314,0,1
15501.813010098,0,0
15502.819087226,0,1
15502.821500242,0,0
15503.829101594,0,1
15503.831514610,0,0
15504.839116040,0,1
15504.841529306,0,0
15505.849130440,0,1
15505.851543708,0,0
15506.859144846,0,1
15506.861558112,0,0
15507.869159294,0,1
15507.871572310,0,0
15508.879173712,0,1
15508.881586730,0,0
15509.889188098,0,1
15509.891601116,0,0
15510.899202508,0,1
15510.901615774,0,0
15511.909216906,0,1
15511.910486460,1,1
15511.913117800,0,1
15511.913154172,0,0
15512.919231294,0,1
15512.921644310,0,0
15513.929245672,0,1
15513.931658688,0,0
15514.939260098,0,1
15514.941673364,0,0
15515.949274502,0,1
15515.951687768,0,0
15516.959288872,0,1
15516.961702138,0,0
15517.969303344,0,1
15517.971716362,0,0
15518.979317724,0,1
15518.981730740,0,0
15519.989332092,0,1
15519.991745108,0,0
15520.999346522,0,1
15521.001759790,0,0
15522.009360940,0,1
15522.010630608,1,1
15522.013262126,0,1
15522.013298204,0,0
15523.019375436,0,1
15523.021788452,0,0
15524.029389796,0,1
15524.031802812,0,0
15525.039404248,0,1
15525.041817514,0,0
15526.049418638,0,1
15526.051831904,0,0
15527.059433116,0,1
15527.061846132,0,0
15528.069447476,0,1
15528.071860492,0,0
15529.079461870,0,1
15529.081874886,0,0
15530.089476304,0,1
15530.091889570,0,0
15531.099490670,0,1
15531.101903936,0,0
15532.109505056,0,1
15532.110774644,1,1
15532.113406836,0,1
15532.113442320,0,0
15533.119519456,0,1
15533.121932472,0,0
15534.129533900,0,1
15534.131946916,0,0
15535.139548250,0,1
15535.141961266,0,0
15536.149562694,0,1
15536.151975960,0,0
15537.159577048,0,1
15537.161990314,0,0
15538.169591436,0,1
15538.172004702,0,0
15539.179605902,0,1
15539.182018918,0,0
15540.189620314,0,1
15540.192033330,0,0
15541.199634724,0,1
15541.202047740,0,0
15542.209649108,0,1
15542.210918674,1,1
15542.213550740,0,1
15542.213586372,0,0
15543.219663484,0,1
15543.222076500,0,0
15544.229677898,0,1
15544.232090914,0,0
15545.239692300,0,1
15545.242105316,0,0
15546.249706670,0,1
15546.252119936,0,0
15547.259721042,0,1
15547.262134308,0,0
15548.269735434,0,1
15548.272148700,0,0
15549.279749946,0,1
15549.282162962,0,0
15550.289764346,0,1
15550.292177362,0,0
15551.299778770,0,1
15551.302191786,0,0
15552.309793132,0,1
15552.311062722,1,1
15552.313694394,0,1
15552.313730396,0,0
15553.319807518,0,1
15553.322220534,0,0
15554.329821926,0,1
15554.332234942,0,0
15555.339836290,0,1
15555.342249306,0,0
15556.349850720,0,1
15556.352263736,0,0
15557.359865104,0,1
15557.362278370,0,0
15558.369879512,0,1
15558.372292778,0,0
15559.379893882,0,1
15559.382307148,0,0
15560.389908268,0,1
15560.392321534,0,0
15561.399922772,0,1
15561.401192362,1,1
15561.403824408,0,1
15561.403860038,0,0
15562.409937180,0,1
15562.412350196,0,0
15563.419951510,0,1
15563.422364526,0,0
15564.429965930,0,1
15564.432378946,0,0
15565.439980338,0,1
15565.442393604,0,0
15566.449994758,0,1
15566.452408024,0,0
15567.460009164,0,1
15567.462422430,0,0
15568.470023612,0,1
15568.472436628,0,0
15569.480037982,0,1
15569.482450998,0,0
15570.490052402,0,1
15570.492465418,0,0
15571.500066786,0,1
15571.501336424,1,1
15571.503968148,0,1
15571.504004050,0,0
15572.510081200,0,1
15572.512494216,0,0
15573.520095566,0,1
15573.522508582,0,0
15574.530109986,0,1
15574.532523002,0,0
15575.540124358,0,1
15575.542537624,0,0
15576.550138736,0,1
15576.552552002,0,0
15577.560153166,0,1
15577.562566434,0,0
15578.570167556,0,1
15578.572580822,0,0
15579.580182004,0,1
15579.582595020,0,0
15580.590196434,0,1
15580.592609450,0,0
15581.600210826,0,1
15581.601480478,1,1
15581.604112044,0,1
15581.604148090,0,0
15582.610225238,0,1
15582.612638254,0,0
15583.620239588,0,1
15583.622652604,0,0
15584.630254032,0,1
15584.632667048,0,0
15585.640268422,0,1
15585.642681688,0,0
15586.650282836,0,1
15586.652696102,0,0
15587.660297206,0,1
15587.662710472,0,0
15588.670311616,0,1
15588.672724882,0,0
15589.680326082,0,1
15589.682739098,0,0
15590.690340458,0,1
15590.692753474,0,0
15591.700354882,0,1
15591.701624572,1,1
15591.704256728,0,1
15591.704292146,0,0
15592.710369354,0,1
15592.712782370,0,0
15593.720383748,0,1
15593.722796764,0,0
15594.730398142,0,1
15594.732811158,0,0
15595.740412552,0,1
15595.742825818,0,0
15596.750426976,0,1
15596.752840242,0,0
15597.760441346,0,1
15597.762854612,0,0
15598.770455776,0,1
15598.772868792,0,0
15599.780470174,0,1
15599.782883190,0,0
15600.790484606,0,1
15600.792897622,0,0
15601.800499016,0,1
15601.801768558,1,1
15601.804400274,0,1
15601.804436030,0,0
15602.810513398,0,1
15602.812926414,0,0
15603.820527790,0,1
15603.822940806,0,0
15604.830542188,0,1
15604.832955204,0,0
15605.840556606,0,1
15605.842969872,0,0
15606.850570976,0,1
15606.852984242,0,0
15607.860585348,0,1
15607.862998614,0,0
15608.870599746,0,1
15608.873013012,0,0
15609.880614202,0,1
15609.883027218,0,0
15610.890628646,0,1
15610.893041662,0,0
15611.900643012,0,1
15611.901912624,1,1
15611.904544188,0,1
15611.904580276,0,0
15612.910657358,0,1
15612.913070374,0,0
15613.920671780,0,1
15613.923084796,0,0
15614.930686190,0,1
15614.933099206,0,0
15615.940700548,0,1
15615.943113814,0,0
15616.950714916,0,1
15616.953128184,0,0
15617.960729356,0,1
15617.963142622,0,0
15618.970743778,0,1
15618.973157044,0,0
15619.980758244,0,1
15619.983171260,0,0
15620.990772588,0,1
15620.993185604,0,0
15622.000787014,0,1
15622.002056758,1,1
15622.004688448,0,1
15622.004724528,0,0
15623.010801526,0,1
15623.013214542,0,0
15624.020815914,0,1
15624.023228930,0,0
15625.030830338,0,1
15625.033243354,0,0
15626.040844706,0,1
15626.043257972,0,0
15627.050859092,0,1
15627.053272358,0,0
15628.060873490,0,1
15628.063286756,0,0
15629.070887980,0,1
15629.073300996,0,0
15630.080902354,0,1
15630.083315370,0,0
15631.090916746,0,1
15631.093329762,0,0
15632.100931196,0,1
15632.102200698,1,1
15632.104832132,0,1
15632.104868460,0,0
15633.110945408,0,1
15633.113358424,0,0
15634.120959838,0,1
15634.123372856,0,0
15635.130974240,0,1
15635.133387256,0,0
15636.140988612,0,1
15636.143401878,0,0
15637.151002984,0,1
15637.153416248,0,0
15638.161017416,0,1
15638.163430432,0,0
15639.171031790,0,1
15639.173445056,0,0
15640.181046226,0,1
15640.183459492,0,0
15641.191060572,0,1
15641.193473836,0,0
15642.201075044,0,1
15642.202344790,1,1
15642.204976410,0,1
15642.205012558,0,0
15643.211089620,0,1
15643.213502636,0,0
15644.221103942,0,1
15644.223516958,0,0
15645.231118374,0,1
15645.233531390,0,0
15646.241132800,0,1
15646.243546066,0,0
15647.251147200,0,1
15647.253560466,0,0
15648.261161552,0,1
15648.263574818,0,0
15649.271176048,0,1
15649.273589064,0,0
15650.281190416,0,1
15650.283603434,0,0
15651.291204810,0,1
15651.293617826,0,0
15652.301219206,0,1
15652.302488850,1,1
15652.305120152,0,1
15652.305156470,0,0
15653.311233624,0,1
15653.313646640,0,0
15654.321247976,0,1
15654.323660994,0,0
15655.331262394,0,1
15655.333675410,0,0
15656.341276782,0,1
15656.343690048,0,0
15657.351291178,0,1
15657.353704444,0,0
15658.361305610,0,1
15658.363718876,0,0
15659.371320070,0,1
15659.373733086,0,0
15660.381334440,0,1
15660.383747456,0,0
15661.391348792,0,1
15661.392618436,1,1
15661.395249806,0,1
15661.395286056,0,0
15662.401363192,0,1
15662.403776208,0,0
15663.411377584,0,1
15663.413790600,0,0
15664.421391998,0,1
15664.423805014,0,0
15665.431406410,0,1
15665.433819676,0,0
15666.441420790,0,1
15666.443834056,0,0
15667.451435224,0,1
15667.453848490,0,0
15668.461449686,0,1
15668.463862702,0,0
15669.471464074,0,1
15669.473877090,0,0
15670.481478422,0,1
15670.483891438,0,0
15671.491492842,0,1
15671.492762516,1,1
15671.495394342,0,1
15671.495430108,0,0
15672.501507342,0,1
15672.503920358,0,0
15673.511521782,0,1
15673.513934798,0,0
15674.521536152,0,1
15674.523949170,0,0
15675.531550522,0,1
15675.533963788,0,0
15676.541564954,0,1
15676.543978220,0,0
15677.551579358,0,1
15677.553992624,0,0
15678.561593796,0,1
15678.564006812,0,0
15679.571608210,0,1
15679.574021226,0,0
15680.581622618,0,1
15680.584035634,0,0
15681.591636970,0,1
15681.592906510,1,1
15681.595537842,0,1
15681.595574234,0,0
15682.601651266,0,1
15682.604064282,0,0
15683.611665666,0,1
15683.614078682,0,0
15684.621680082,0,1
15684.624093100,0,0
15685.631694452,0,1
15685.634107718,0,0
15686.641708872,0,1
15686.644122138,0,0
15687.651723252,0,1
15687.654136518,0,0
15688.661737624,0,1
15688.664150890,0,0
15689.671752090,0,1
15689.674165106,0,0
15690.681766520,0,1
15690.684179536,0,0
15691.691780872,0,1
15691.693050576,1,1
15691.695682688,0,1
15691.695718388,0,0
15692.701795412,0,1
15692.704208428,0,0
15693.711809740,0,1
15693.714222756,0,0
15694.721824210,0,1
15694.724237226,0,0
15695.731838574,0,1
15695.734251838,0,0
15696.741852972,0,1
15696.744266238,0,0
15697.751867362,0,1
15697.754280628,0,0
15698.761881832,0,1
15698.764294848,0,0
15699.771896196,0,1
15699.774309212,0,0
15700.781910626,0,1
15700.784323642,0,0
15701.791925016,0,1
15701.793194632,1,1
15701.795826190,0,1
15701.795862282,0,0
15702.801939434,0,1
15702.804352450,0,0
15703.811953778,0,1
15703.814366796,0,0
15704.821968212,0,1
15704.824381228,0,0
15705.831982626,0,1
15705.834395890,0,0
15706.841997014,0,1
15706.844410030,0,0
15707.852011416,0,1
15707.854424682,0,0
15708.862025790,0,1
15708.864439056,0,0
15709.872040170,0,1
15709.874453436,0,0
15710.882054570,0,1
15710.884467836,0,0
15711.892069004,0,1
15711.893338604,1,1
15711.895970356,0,1
15711.896006268,0,0
15712.902083414,0,1
15712.904496430,0,0
15713.912097834,0,1
15713.914510850,0,0
15714.922112190,0,1
15714.924525206,0,0
15715.932126654,0,1
15715.934539920,0,0
15716.942141020,0,1
15716.944554286,0,0
15717.952155476,0,1
15717.954568492,0,0
15718.962169886,0,1
15718.964582902,0,0
15719.972184286,0,1
15719.974597302,0,0
15720.982198696,0,1
15720.984611712,0,0
15721.992213098,0,1
15721.993482734,1,1
15721.996114702,0,1
15721.996150362,0,0
15723.002227444,0,1
15723.004640460,0,0
15724.012241886,0,1
15724.014654902,0,0
15725.022256272,0,1
15725.024669288,0,0
15726.032270638,0,1
15726.034683904,0,0
15727.042285022,0,1
15727.044698288,0,0
15728.052299428,0,1
15728.054712694,0,0
15729.062313884,0,1
15729.064727150,0,0
15730.072328282,0,1
15730.074741298,0,0
15731.082342732,0,1
15731.084755748,0,0
15732.092357068,0,1
15732.093626696,1,1
15732.096258830,0,1
15732.096294332,0,0
15733.102371528,0,1
15733.104784544,0,0
15734.112385876,0,1
15734.114798892,0,0
15735.122400264,0,1
15735.124813280,0,0
15736.132414644,0,1
15736.134827910,0,0
15737.142429050,0,1
15737.144842318,0,0
15738.152443442,0,1
15738.154856708,0,0
15739.162457808,0,1
15739.164871074,0,0
15740.172472296,0,1
15740.174885312,0,0
15741.182486696,0,1
15741.184899712,0,0
15742.192501088,0,1
15742.193770806,1,1
15742.196402578,0,1
15742.196438602,0,0
15743.202515592,0,1
15743.204928608,0,0
15744.212530008,0,1
15744.214943024,0,0
15745.222544406,0,1
15745.224957422,0,0
15746.232558852,0,1
15746.234972118,0,0
15747.242573194,0,1
15747.244986460,0,0
15748.252587612,0,1
15748.255000878,0,0
15749.262602094,0,1
15749.265015110,0,0
15750.272616434,0,1
15750.275029450,0,0
15751.282630850,0,1
15751.285043868,0,0
15752.292645282,0,1
15752.293914806,1,1
15752.296546564,0,1
15752.296582546,0,0
15753.302659508,0,1
15753.305072522,0,0
15754.312673964,0,1
15754.315086980,0,0
15755.322688302,0,1
15755.325101318,0,0
15756.332702704,0,1
15756.335115720,0,0
15757.342717076,0,1
15757.345130342,0,0
15758.352731538,0,1
15758.355144804,0,0
15759.362745906,0,1
15759.365159172,0,0
15760.372760320,0,1
15760.375173586,0,0
15761.382774668,0,1
15761.384044410,1,1
15761.386676244,0,1
15761.386712184,0,0
15762.392789216,0,1
15762.395202234,0,0
15763.402803622,0,1
15763.405216638,0,0
15764.412818010,0,1
15764.415231026,0,0
15765.422832388,0,1
15765.425245654,0,0
15766.432846824,0,1
15766.435260090,0,0
15767.442861200,0,1
15767.445274466,0,0
15768.452875648,0,1
15768.455288666,0,0
15769.462890018,0,1
15769.465303034,0,0
15770.472904448,0,1
15770.475317464,0,0
15771.482918828,0,1
15771.484188438,1,1
15771.486820144,0,1
15771.486856092,0,0
15772.492933226,0,1
15772.495346242,0,0
15773.502947612,0,1
15773.505360628,0,0
15774.512962028,0,1
15774.515375044,0,0
15775.522976408,0,1
15775.525389424,0,0
15776.532990814,0,1
15776.535403830,0,0
15777.543005220,0,1
15777.545418236,0,0
15778.553019602,0,1
15778.555432868,0,0
15779.563033998,0,1
15779.565447264,0,0
15780.573048410,0,1
15780.575461676,0,0
15781.583062788,0,1
15781.584332468,1,1
15781.586963836,0,1
15781.587000052,0,0
15782.593077298,0,1
15782.595490316,0,0
15783.603091696,0,1
15783.605504712,0,0
15784.613106132,0,1
15784.615519148,0,0
15785.623120528,0,1
15785.625533794,0,0
15786.633134878,0,1
15786.635548144,0,0
15787.643149302,0,1
15787.645562568,0,0
15788.653163704,0,1
15788.655576972,0,0
15789.663178146,0,1
15789.665591162,0,0
15790.673192570,0,1
15790.675605586,0,0
15791.683206966,0,1
15791.684476644,1,1
15791.687108498,0,1
15791.687144230,0,0
15792.693221488,0,1
15792.695634504,0,0
15793.703235818,0,1
15793.705648834,0,0
15794.713250226,0,1
15794.715663242,0,0
15795.723264634,0,1
15795.725677900,0,0
15796.733279034,0,1
15796.735692300,0,0
15797.743293440,0,1
15797.745706706,0,0
15798.753307918,0,1
15798.755720934,0,0
15799.763322274,0,1
15799.765735290,0,0
15800.773336642,0,1
15800.775749658,0,0
15801.783351028,0,1
15801.784620758,1,1
15801.787252224,0,1
15801.787288542,0,0
15802.793365624,0,1
15802.795778640,0,0
15803.803379996,0,1
15803.805793012,0,0
15804.813394378,0,1
15804.815807642,0,0
15805.823408772,0,1
15805.825822038,0,0
15806.833423210,0,1
15806.835836476,0,0
15807.843437628,0,1
15807.845850644,0,0
15808.853452060,0,1
15808.855865076,0,0
15809.863466448,0,1
15809.865879464,0,0
15810.873480792,0,1
15810.875894058,0,0
15811.883495212,0,1
15811.884764944,1,1
15811.887396636,0,1
15811.887432726,0,0
15812.893509726,0,1
15812.895922742,0,0
15813.903524158,0,1
15813.905937174,0,0
15814.913538528,0,1
15814.915951794,0,0
15815.923552942,0,1
15815.925966210,0,0
15816.933567400,0,1
15816.935980416,0,0
15817.943581804,0,1
15817.945994820,0,0
15818.953596194,0,1
15818.956009210,0,0
15819.963610554,0,1
15819.966023820,0,0
15820.973624990,0,1
15820.976038256,0,0
15821.983639444,0,1
15821.984909036,1,1
15821.987541086,0,1
15821.987576708,0,0
15822.993653804,0,1
15822.996066820,0,0
15824.003668242,0,1
15824.006081258,0,0
15825.013682592,0,1
15825.016095858,0,0
15826.023697044,0,1
15826.026110310,0,0
15827.033711506,0,1
15827.036124522,0,0
15828.043725886,0,1
15828.046138902,0,0
15829.053740274,0,1
15829.056153290,0,0
15830.063754664,0,1
15830.066167930,0,0
15831.073769030,0,1
15831.076182296,0,0
15832.083783432,0,1
15832.085053150,1,1
15832.087684724,0,1
15832.087720948,0,0
15833.093797940,0,1
15833.096210956,0,0
15834.103812394,0,1
15834.106225410,0,0
15835.113826742,0,1
15835.116240008,0,0
15836.123841204,0,1
15836.126254220,0,0
15837.133855652,0,1
15837.136268668,0,0
15838.143870024,0,1
15838.146283040,0,0
15839.153884416,0,1
15839.156297682,0,0
15840.163898892,0,1
15840.166311908,0,0
15841.173913250,0,1
15841.176326266,0,0
15842.183927674,0,1
15842.185197344,1,1
15842.187828898,0,1
15842.187864940,0,0
15843.193942166,0,1
15843.196355182,0,0
15844.203956628,0,1
15844.206369644,0,0
15845.213970988,0,1
15845.216384254,0,0
15846.223985382,0,1
15846.226398646,0,0
15847.233999806,0,1
15847.236412822,0,0
15848.244014256,0,1
15848.246427274,0,0
15849.254028622,0,1
15849.256441888,0,0
15850.264043030,0,1
15850.266456296,0,0
15851.274057474,0,1
15851.276470490,0,0
15852.284071872,0,1
15852.285341462,1,1
15852.287973224,0,1
15852.288009136,0,0
15853.294086296,0,1
15853.296499312,0,0
15854.304100676,0,1
15854.306513942,0,0
15855.314115098,0,1
15855.316528364,0,0
15856.324129508,0,1
15856.326542524,0,0
15857.334143898,0,1
15857.336556914,0,0
15858.344158328,0,1
15858.346571594,0,0
15859.354172780,0,1
15859.356585796,0,0
15860.364187196,0,1
15860.366600212,0,0
15861.374201574,0,1
15861.375471256,1,1
15861.378102958,0,1
15861.378138838,0,0
15862.384216044,0,1
15862.386629060,0,0
15863.394230456,0,1
15863.396643722,0,0
15864.404244830,0,1
15864.406658096,0,0
15865.414259358,0,1
15865.416672374,0,0
15866.424273734,0,1
15866.426687000,0,0
15867.434288110,0,1
15867.436701376,0,0
15868.444302592,0,1
15868.446715606,0,0
15869.454316988,0,1
15869.456730004,0,0
15870.464331340,0,1
15870.466744606,0,0
15871.474345814,0,1
15871.475615348,1,1
15871.478246844,0,1
15871.478282830,0,0
15872.484360118,0,1
15872.486773134,0,0
15873.494374484,0,1
15873.496787748,0,0
15874.504388866,0,1
15874.506802132,0,0
15875.514403322,0,1
15875.516816338,0,0
15876.524417712,0,1
15876.526830730,0,0
15877.534432134,0,1
15877.536845400,0,0
15878.544446624,0,1
15878.546859640,0,0
15879.554461010,0,1
15879.556874026,0,0
15880.564475360,0,1
15880.566888626,0,0
15881.574489748,0,1
15881.575759566,1,1
15881.578391342,0,1
15881.578427262,0,0
15882.584504412,0,1
15882.586917428,0,0
15883.594518802,0,1
15883.596932070,0,0
15884.604533268,0,1
15884.606946284,0,0
15885.614547640,0,1
15885.616960656,0,0
15886.624562084,0,1
15886.626975350,0,0
15887.634576454,0,1
15887.636989720,0,0
15888.644590874,0,1
15888.647003890,0,0
15889.654605306,0,1
15889.657018572,0,0
15890.664619680,0,1
15890.667032946,0,0
15891.674634108,0,1
15891.675903670,1,1
15891.678535426,0,1
15891.678571372,0,0
15892.684648540,0,1
15892.687061556,0,0
15893.694662968,0,1
15893.697076234,0,0
15894.704677366,0,1
15894.707090382,0,0
15895.714691816,0,1
15895.717104832,0,0
15896.724706200,0,1
15896.727119466,0,0
15897.734720558,0,1
15897.737133824,0,0
15898.744735030,0,1
15898.747148046,0,0
15899.754749444,0,1
15899.757162710,0,0
15900.764763830,0,1
15900.767177096,0,0
15901.774778324,0,1
15901.776047802,1,1
15901.778679268,0,1
15901.778715338,0,0
15902.784792570,0,1
15902.787205586,0,0
15903.794806930,0,1
15903.797220196,0,0
15904.804821298,0,1
15904.807234564,0,0
15905.814835804,0,1
15905.817248818,0,0
15906.824850252,0,1
15906.827263518,0,0
15907.834864604,0,1
15907.837277870,0,0
15908.844879054,0,1
15908.847292070,0,0
15909.854893450,0,1
15909.857306466,0,0
15910.864907832,0,1
15910.867321098,0,0
15911.874922256,0,1
15911.876191950,1,1
15911.878823910,0,1
15911.878859522,0,0
15912.884936768,0,1
15912.887349784,0,0
15913.894951140,0,1
15913.897364406,0,0
15914.904965648,0,1
15914.907378664,0,0
15915.914980048,0,1
15915.917393064,0,0
15916.924994430,0,1
15916.927407696,0,0
15917.935008792,0,1
15917.937422058,0,0
15918.945023268,0,1
15918.947436284,0,0
15919.955037668,0,1
15919.957450932,0,0
15920.965052048,0,1
15920.967465314,0,0
15921.975066490,0,1
15921.976336094,1,1
15921.978967752,0,1
15921.979003754,0,0
15922.985080924,0,1
15922.987493940,0,0
15923.995095290,0,1
15923.997508556,0,0
15925.005109720,0,1
15925.007522986,0,0
15926.015124130,0,1
15926.017537146,0,0
15927.025138526,0,1
15927.027551792,0,0
15928.035152914,0,1
15928.037566180,0,0
15929.045167380,0,1
15929.047580396,0,0
15930.055181814,0,1
15930.057594830,0,0
15931.065196184,0,1
15931.067609450,0,0
15932.075210666,0,1
15932.076480256,1,1
15932.079112068,0,1
15932.079147932,0,0
15933.085225052,0,1
15933.087638068,0,0
15934.095239454,0,1
15934.097652720,0,0
15935.105253936,0,1
15935.107666952,0,0
15936.115268308,0,1
15936.117681324,0,0
15937.125282702,0,1
15937.127695968,0,0
15938.135297074,0,1
15938.137710340,0,0
15939.145311518,0,1
15939.147724536,0,0
15940.155325922,0,1
15940.157739186,0,0
15941.165340326,0,1
15941.167753594,0,0
15942.175354806,0,1
15942.176624370,1,1
15942.179256016,0,1
15942.179292072,0,0
15943.185369200,0,1
15943.187782216,0,0
15944.195383578,0,1
15944.197796844,0,0
15945.205397996,0,1
15945.207811262,0,0
15946.215412420,0,1
15946.217825436,0,0
15947.225426840,0,1
15947.227840106,0,0
15948.235441268,0,1
15948.237854534,0,0
15949.245455708,0,1
15949.247868724,0,0
15950.255470118,0,1
15950.257883134,0,0
15951.265484522,0,1
15951.267897788,0,0
15952.275498920,0,1
15952.276768508,1,1
15952.279400320,0,1
15952.279436186,0,0
15953.285513352,0,1
15953.287926368,0,0
15954.295527736,0,1
15954.297941002,0,0
15955.305542194,0,1
15955.307955210,0,0
15956.315556594,0,1
15956.317969610,0,0
15957.325570998,0,1
15957.327984264,0,0
15958.335585444,0,1
15958.337998460,0,0
15959.345599840,0,1
15959.348012856,0,0
15960.355614252,0,1
15960.358027520,0,0
15961.365628644,0,1
15961.366898240,1,1
15961.369530322,0,1
15961.369565910,0,0
15962.375643002,0,1
15962.378056018,0,0
15963.385657432,0,1
15963.388070698,0,0
15964.395671850,0,1
15964.398085116,0,0
15965.405686304,0,1
15965.408099320,0,0
15966.415700692,0,1
15966.418113708,0,0
15967.425715064,0,1
15967.428128330,0,0
15968.435729554,0,1
15968.438142570,0,0
15969.445743938,0,1
15969.448156956,0,0
15970.455758278,0,1
15970.458171544,0,0
15971.465772716,0,1
15971.467042348,1,1
15971.469673932,0,1
15971.469709980,0,0
15972.475787122,0,1
15972.478200138,0,0
15973.485801486,0,1
15973.488214752,0,0
15974.495815898,0,1
15974.498229164,0,0
15975.505830350,0,1
15975.508243366,0,0
15976.515844738,0,1
15976.518257754,0,0
15977.525859176,0,1
15977.528272442,0,0
15978.535873558,0,1
15978.538286824,0,0
15979.545887998,0,1
15979.548301264,0,0
15980.555902434,0,1
15980.558315450,0,0
15981.565916764,0,1
15981.567186576,1,1
15981.569818370,0,1
15981.569854280,0,0
15982.575931460,0,1
15982.578344476,0,0
15983.585945838,0,1
15983.588359106,0,0
15984.595960276,0,1
15984.598373292,0,0
15985.605974694,0,1
15985.608387710,0,0
15986.615989092,0,1
15986.618402358,0,0
15987.626003556,0,1
15987.628416570,0,0
15988.636017940,0,1
15988.638430956,0,0
15989.646032356,0,1
15989.648445620,0,0
15990.656046808,0,1
15990.658459824,0,0
15991.666061220,0,1
15991.667330644,1,1
15991.669962368,0,1
15991.669998234,0,0
15992.676075452,0,1
15992.678488468,0,0
15993.686089868,0,1
15993.688503134,0,0
15994.696104306,0,1
15994.698517572,0,0
15995.706118710,0,1
15995.708531726,0,0
15996.716133136,0,1
15996.718546152,0,0
15997.726147534,0,1
15997.728560800,0,0
15998.736162000,0,1
15998.738575016,0,0
15999.746176400,0,1
15999.748589416,0,0
16000.756190760,0,1
16000.758604026,0,0
16001.766205174,0,1
16001.767474850,1,1
16001.770106606,0,1
16001.770142440,0,0
16002.776219672,0,1
16002.778632690,0,0
16003.786234070,0,1
16003.788647336,0,0
16004.796248470,0,1
16004.798661736,0,0
16005.806262914,0,1
16005.808675930,0,0
16006.816277320,0,1
16006.818690588,0,0
16007.826291722,0,1
16007.828704988,0,0
16008.836306206,0,1
16008.838719222,0,0
16009.846320608,0,1
16009.848733626,0,0
16010.856334986,0,1
16010.858748252,0,0
16011.866349458,0,1
16011.867618938,1,1
16011.870250578,0,1
16011.870286724,0,0
16012.876363762,0,1
16012.878776778,0,0
16013.886378116,0,1
16013.888791382,0,0
16014.896392504,0,1
16014.898805770,0,0
16015.906406944,0,1
16015.908819960,0,0
16016.916421354,0,1
16016.918834370,0,0
16017.926435724,0,1
16017.928848992,0,0
16018.936450154,0,1
16018.938863170,0,0
16019.946464578,0,1
16019.948877594,0,0
16020.956479012,0,1
16020.958892278,0,0
16021.966493382,0,1
16021.967763060,1,1
16021.970394832,0,1
16021.970430648,0,0
16022.976507902,0,1
16022.978920918,0,0
16023.986522308,0,1
16023.988935576,0,0
16024.996536704,0,1
16024.998949970,0,0
16026.006551176,0,1
16026.008964192,0,0
16027.016565538,0,1
16027.018978554,0,0
16028.026579948,0,1
16028.028993214,0,0
16029.036594380,0,1
16029.039007396,0,0
16030.046608798,0,1
16030.049021814,0,0
16031.056623164,0,1
16031.059036430,0,0
16032.066637548,0,1
16032.067907258,1,1
16032.070538790,0,1
16032.070575062,0,0
16033.076652130,0,1
16033.079065146,0,0
16034.086666518,0,1
16034.089079784,0,0
16035.096680914,0,1
16035.099094180,0,0
16036.106695374,0,1
16036.109108390,0,0
16037.116709746,0,1
16037.119123012,0,0
16038.126724142,0,1
16038.129137408,0,0
16039.136738612,0,1
16039.139151630,0,0
16040.146753000,0,1
16040.149166016,0,0
16041.156767416,0,1
16041.159180682,0,0
16042.166781864,0,1
16042.168051370,1,1
16042.170682976,0,1
16042.170718878,0,0
16043.176796176,0,1
16043.179209192,0,0
16044.186810530,0,1
16044.189223796,0,0
16045.196824936,0,1
16045.199238202,0,0
16046.206839398,0,1
16046.209252414,0,0
16047.216853774,0,1
16047.219266790,0,0
16048.226868194,0,1
16048.229281210,0,0
16049.236882610,0,1
16049.239295876,0,0
16050.246897040,0,1
16050.249310056,0,0
16051.256911484,0,1
16051.259324500,0,0
16052.266925802,0,1
16052.268195494,1,1
16052.270827096,0,1
16052.270863068,0,0
16053.276940382,0,1
16053.279353398,0,0
16054.286954766,0,1
16054.289368032,0,0
16055.296969208,0,1
16055.299382224,0,0
16056.306983630,0,1
16056.309396646,0,0
16057.316998000,0,1
16057.319411268,0,0
16058.327012420,0,1
16058.329425686,0,0
16059.337026888,0,1
16059.339439904,0,0
16060.347041292,0,1
16060.349454558,0,0
16061.357055664,0,1
16061.358325230,1,1
16061.360956760,0,1
16061.360992928,0,0
16062.367070058,0,1
16062.369483074,0,0
16063.377084432,0,1
16063.379497698,0,0
16064.387098828,0,1
16064.389512094,0,0
16065.397113336,0,1
16065.399526352,0,0
16066.407127684,0,1
16066.409540700,0,0
16067.417142096,0,1
16067.419555362,0,0
16068.427156516,0,1
16068.429569782,0,0
16069.437170960,0,1
16069.439583976,0,0
16070.447185366,0,1
16070.449598382,0,0
16071.457199746,0,1
16071.458469430,1,1
16071.461101224,0,1
16071.461137010,0,0
16072.467214252,0,1
16072.469627268,0,0
16073.477228674,0,1
16073.479641942,0,0
16074.487243032,0,1
16074.489656298,0,0
16075.497257478,0,1
16075.499670494,0,0
16076.507271894,0,1
16076.509685160,0,0
16077.517286290,0,1
16077.519699558,0,0
16078.527300750,0,1
16078.529713766,0,0
16079.537315136,0,1
16079.539728152,0,0
16080.547329538,0,1
16080.549742804,0,0
16081.557344038,0,1
16081.558613554,1,1
16081.561245176,0,1
16081.561281302,0,0
16082.567358234,0,1
16082.569771250,0,0
16083.577372642,0,1
16083.579785908,0,0
16084.587387040,0,1
16084.589800306,0,0
16085.597401520,0,1
16085.599814534,0,0
16086.607415910,0,1
16086.609828926,0,0
16087.617430320,0,1
16087.619843586,0,0
16088.627444696,0,1
16088.629857962,0,0
16089.637459208,0,1
16089.639872224,0,0
16090.647473596,0,1
16090.649886614,0,0
16091.657487976,0,1
16091.658757660,1,1
16091.661389164,0,1
16091.661425242,0,0
16092.667502490,0,1
16092.669915506,0,0
16093.677516864,0,1
16093.679930130,0,0
16094.687531300,0,1
16094.689944566,0,0
16095.697545764,0,1
16095.699958780,0,0
16096.707560164,0,1
16096.709973430,0,0
16097.717574526,0,1
16097.719987792,0,0
16098.727589014,0,1
16098.730002032,0,0
16099.737603414,0,1
16099.740016430,0,0
16100.747617794,0,1
16100.750031060,0,0
16101.757632252,0,1
16101.758901840,1,1
16101.761533388,0,1
16101.761569516,0,0
16102.767646622,0,1
16102.770059638,0,0
16103.777661004,0,1
16103.780074270,0,0
16104.787675422,0,1
16104.790088688,0,0
16105.797689916,0,1
16105.800102932,0,0
16106.807704294,0,1
16106.810117310,0,0
16107.817718676,0,1
16107.820131942,0,0
16108.827733128,0,1
16108.830146144,0,0
16109.837747512,0,1
16109.840160528,0,0
16110.847761934,0,1
16110.850175202,0,0
16111.857776316,0,1
16111.859045958,1,1
16111.861677434,0,1
16111.861713580,0,0
16112.867790718,0,1
16112.870203734,0,0
16113.877805066,0,1
16113.880218332,0,0
16114.887819498,0,1
16114.890232764,0,0
16115.897833968,0,1
16115.900247234,0,0
16116.907848346,0,1
16116.910261362,0,0
16117.917862766,0,1
16117.920275784,0,0
16118.927877182,0,1
16118.930290448,0,0
16119.937891570,0,1
16119.940304836,0,0
16120.947906036,0,1
16120.950319052,0,0
16121.957920400,0,1
16121.959190188,1,1
16121.961821884,0,1
16121.961857916,0,0
16122.967935094,0,1
16122.970348110,0,0
16123.977949506,0,1
16123.980362772,0,0
16124.987963904,0,1
16124.990376920,0,0
16125.997978340,0,1
16126.000391356,0,0
16127.007992696,0,1
16127.010405962,0,0
16128.018007200,0,1
16128.020420216,0,0
16129.028021566,0,1
16129.030434580,0,0
16130.038035958,0,1
16130.040449224,0,0
16131.048050416,0,1
16131.050463434,0,0
16132.058064816,0,1
16132.059334300,1,1
16132.061966228,0,1
16132.062002080,0,0
16133.068079100,0,1
16133.070492116,0,0
16134.078093460,0,1
16134.080506726,0,0
16135.088107874,0,1
16135.090521140,0,0
16136.098122344,0,1
16136.100535360,0,0
16137.108136756,0,1
16137.110549772,0,0
16138.118151108,0,1
16138.120564374,0,0
16139.128165594,0,1
16139.130578610,0,0
16140.138179972,0,1
16140.140592988,0,0
16141.148194388,0,1
16141.150607654,0,0
16142.158208740,0,1
16142.159478406,1,1
16142.162110280,0,1
16142.162146004,0,0
16143.168223274,0,1
16143.170636290,0,0
16144.178237664,0,1
16144.180650930,0,0
16145.188252032,0,1
16145.190665298,0,0
16146.198266518,0,1
16146.200679534,0,0
16147.208280890,0,1
16147.210694156,0,0
16148.218295308,0,1
16148.220708574,0,0
16149.228309766,0,1
16149.230722782,0,0
16150.238324168,0,1
16150.240737434,0,0
16151.248338584,0,1
16151.250751850,0,0
16152.258353004,0,1
16152.259622594,1,1
16152.262253960,0,1
16152.262290268,0,0
16153.268367444,0,1
16153.270780460,0,0
16154.278381808,0,1
16154.280795076,0,0
16155.288396228,0,1
16155.290809494,0,0
16156.298410688,0,1
16156.300823704,0,0
16157.308425014,0,1
16157.310838280,0,0
16158.318439456,0,1
16158.320852724,0,0
16159.328453870,0,1
16159.330866886,0,0
16160.338468324,0,1
16160.340881340,0,0
16161.348482698,0,1
16161.349752232,1,1
16161.352383946,0,1
16161.352419964,0,0
16162.358497084,0,1
16162.360910100,0,0
16163.368511480,0,1
16163.370924746,0,0
16164.378525932,0,1
16164.380938948,0,0
16165.388540330,0,1
16165.390953346,0,0
16166.398554706,0,1
16166.400967972,0,0
16167.408569102,0,1
16167.410982368,0,0
16168.418583564,0,1
16168.420996580,0,0
16169.428598002,0,1
16169.431011268,0,0
16170.438612394,0,1
16170.441025660,0,0
16171.448626854,0,1
16171.449896470,1,1
16171.452528478,0,1
16171.452564118,0,0
16172.458641240,0,1
16172.461054256,0,0
16173.468655604,0,1
16173.471068870,0,0
16174.478670000,0,1
16174.481083266,0,0
16175.488684498,0,1
16175.491097514,0,0
16176.498698882,0,1
16176.501112148,0,0
16177.508713290,0,1
16177.511126556,0,0
16178.518727758,0,1
16178.521140774,0,0
16179.528742154,0,1
16179.531155170,0,0
16180.538756504,0,1
16180.541169770,0,0
16181.548770956,0,1
16181.550040556,1,1
16181.552672366,0,1
16181.552708222,0,0
16182.558785330,0,1
16182.561198346,0,0
16183.568799698,0,1
16183.571212964,0,0
16184.578814096,0,1
16184.581227362,0,0
16185.588828594,0,1
16185.591241610,0,0
16186.598842962,0,1
16186.601255980,0,0
16187.608857342,0,1
16187.611270608,0,0
16188.618871842,0,1
16188.621284858,0,0
16189.628886216,0,1
16189.631299232,0,0
16190.638900628,0,1
16190.641313894,0,0
16191.648915066,0,1
16191.650184704,1,1
16191.652816288,0,1
16191.652852330,0,0
16192.658929482,0,1
16192.661342498,0,0
16193.668943848,0,1
16193.671357114,0,0
16194.678958276,0,1
16194.681371542,0,0
16195.688972728,0,1
16195.691385744,0,0
16196.698987116,0,1
16196.701400382,0,0
16197.709001530,0,1
16197.711414796,0,0
16198.719015928,0,1
16198.721428944,0,0
16199.729030360,0,1
16199.731443378,0,0
16200.739044728,0,1
16200.741457994,0,0
16201.749059188,0,1
16201.750328876,1,1
16201.752960546,0,1
16201.752996454,0,0
16202.759073704,0,1
16202.761486720,0,0
16203.769088092,0,1
16203.771501358,0,0
16204.779102476,0,1
16204.781515742,0,0
16205.789116966,0,1
16205.791529982,0,0
16206.799131368,0,1
16206.801544384,0,0
16207.809145762,0,1
16207.811559028,0,0
16208.819160176,0,1
16208.821573192,0,0
16209.829174578,0,1
16209.831587594,0,0
16210.839188998,0,1
16210.841602264,0,0
16211.849203368,0,1
16211.850472980,1,1
16211.853104828,0,1
16211.853140632,0,0
16212.859217808,0,1
16212.861630824,0,0
16213.869232192,0,1
16213.871645458,0,0
16214.879246558,0,1
16214.881659824,0,0
16215.889261022,0,1
16215.891674038,0,0
16216.899275398,0,1
16216.901688664,0,0
16217.909289798,0,1
16217.911703064,0,0
16218.919304222,0,1
16218.921717240,0,0
16219.929318652,0,1
16219.931731668,0,0
16220.939333088,0,1
16220.941746354,0,0
16221.949347460,0,1
16221.950617104,1,1
16221.953248698,0,1
16221.953284724,0,0
16222.959361946,0,1
16222.961774962,0,0
16223.969376254,0,1
16223.971789520,0,0
16224.979390694,0,1
16224.981803960,0,0
16225.989405164,0,1
16225.991818180,0,0
16226.999419500,0,1
16227.001832518,0,0
16228.009433918,0,1
16228.011847184,0,0
16229.019448420,0,1
16229.021861436,0,0
16230.029462798,0,1
16230.031875814,0,0
16231.039477160,0,1
16231.041890426,0,0
16232.049491662,0,1
16232.050761204,1,1
16232.053392910,0,1
16232.053428928,0,0
16233.059506042,0,1
16233.061919058,0,0
16234.069520432,0,1
16234.071933698,0,0
16235.079534820,0,1
16235.081948086,0,0
16236.089549264,0,1
16236.091962280,0,0
16237.099563658,0,1
16237.101976674,0,0
16238.109578090,0,1
16238.111991356,0,0
16239.119592512,0,1
16239.122005526,0,0
16240.129606900,0,1
16240.132019916,0,0
16241.139621302,0,1
16241.142034568,0,0
16242.149635718,0,1
16242.150905340,1,1
16242.153537016,0,1
16242.153572984,0,0
16243.159650108,0,1
16243.162063126,0,0
16244.169664496,0,1
16244.172077762,0,0
16245.179678874,0,1
16245.182092140,0,0
16246.189693318,0,1
16246.192106334,0,0
16247.199707758,0,1
16247.202120776,0,0
16248.209722114,0,1
16248.212135380,0,0
16249.219736532,0,1
16249.222149798,0,0
16250.229750982,0,1
16250.232163998,0,0
16251.239765388,0,1
16251.242178404,0,0
16252.249779810,0,1
16252.251049486,1,1
16252.253681130,0,1
16252.253717074,0,0
16253.259794296,0,1
16253.262207312,0,0
16254.269808672,0,1
16254.272221938,0,0
16255.279823078,0,1
16255.282236344,0,0
16256.289837544,0,1
16256.292250560,0,0
16257.299851912,0,1
16257.302265178,0,0
16258.309866328,0,1
16258.312279594,0,0
16259.319880806,0,1
16259.322293822,0,0
16260.329895170,0,1
16260.332308186,0,0
16261.339909606,0,1
16261.342322872,0,0
16262.349924030,0,1
16262.351193578,1,1
16262.353824828,0,1
16262.353826016,1,1
16262.353826024,0,1
16262.353861296,0,0
16263.359938442,0,1
16263.362351458,0,0
16264.369952810,0,1
16264.372366076,0,0
16265.379967190,0,1
16265.382380456,0,0
16266.389981664,0,1
16266.392394680,0,0
16267.399996082,0,1
16267.402409348,0,0
16268.410010422,0,1
16268.412423690,0,0
16269.420024934,0,1
16269.422437950,0,0
16270.430039282,0,1
16270.432452548,0,0
16271.440053700,0,1
16271.441323274,1,1
16271.443955308,0,1
16271.443990964,0,0
16272.450068028,0,1
16272.452481044,0,0
16273.460082486,0,1
16273.462495752,0,0
16274.470096890,0,1
16274.472510156,0,0
16275.480111292,0,1
16275.482524308,0,0
16276.490125720,0,1
16276.492538986,0,0
16277.500140100,0,1
16277.502553366,0,0
16278.510154594,0,1
16278.512567610,0,0
16279.520168972,0,1
16279.522581988,0,0
16280.530183362,0,1
16280.532596628,0,0
16281.540197834,0,1
16281.541467404,1,1
16281.544099246,0,1
16281.544135100,0,0
16282.550212160,0,1
16282.552625176,0,0
16283.560226600,0,1
16283.562639866,0,0
16284.570240992,0,1
16284.572654258,0,0
16285.580255398,0,1
16285.582668414,0,0
16286.590269854,0,1
16286.592682870,0,0
16287.600284236,0,1
16287.602697502,0,0
16288.610298722,0,1
16288.612711738,0,0
16289.620313064,0,1
16289.622726080,0,0
16290.630327454,0,1
16290.632740720,0,0
16291.640341870,0,1
16291.641611546,1,1
16291.644243606,0,1
16291.644279134,0,0
16292.650356374,0,1
16292.652769390,0,0
16293.660370798,0,1
16293.662784066,0,0
16294.670385200,0,1
16294.672798466,0,0
16295.680399638,0,1
16295.682812656,0,0
16296.690414030,0,1
16296.692827296,0,0
16297.700428420,0,1
16297.702841686,0,0
16298.710442910,0,1
16298.712855926,0,0
16299.720457278,0,1
16299.722870294,0,0
16300.730471654,0,1
16300.732884920,0,0
16301.740486130,0,1
16301.741755646,1,1
16301.744387218,0,1
16301.744423394,0,0
16302.750500402,0,1
16302.752913418,0,0
16303.760514778,0,1
16303.762928044,0,0
16304.770529232,0,1
16304.772942498,0,0
16305.780543598,0,1
16305.782956614,0,0
16306.790558030,0,1
16306.792971046,0,0
16307.800572408,0,1
16307.802985674,0,0
16308.810586898,0,1
16308.812999914,0,0
16309.820601310,0,1
16309.823014328,0,0
16310.830615716,0,1
16310.833028982,0,0
16311.840630040,0,1
16311.841899768,1,1
16311.844531274,0,1
16311.844567306,0,0
16312.850644570,0,1
16312.853057586,0,0
16313.860658954,0,1
16313.863072220,0,0
16314.870673348,0,1
16314.873086614,0,0
16315.880687838,0,1
16315.883100854,0,0
16316.890702248,0,1
16316.893115264,0,0
16317.900716660,0,1
16317.903129678,0,0
16318.910731030,0,1
16318.913144296,0,0
16319.920745502,0,1
16319.923158516,0,0
16320.930759846,0,1
16320.933172864,0,0
16321.940774260,0,1
16321.942043932,1,1
16321.944676196,0,1
16321.944711524,0,0
16322.950788704,0,1
16322.953201722,0,0
16323.960803080,0,1
16323.963216346,0,0
16324.970817506,0,1
16324.973230772,0,0
16325.980831904,0,1
16325.983244922,0,0
16326.990846342,0,1
16326.993259358,0,0
16328.000860680,0,1
16328.003273946,0,0
16329.010875192,0,1
16329.013288208,0,0
16330.020889580,0,1
16330.023302596,0,0
16331.030903970,0,1
16331.033317234,0,0
16332.040918444,0,1
16332.042188050,1,1
16332.044819524,0,1
16332.044855710,0,0
16333.050932784,0,1
16333.053345802,0,0
16334.060947188,0,1
16334.063360454,0,0
16335.070961588,0,1
16335.073374854,0,0
16336.080976072,0,1
16336.083389088,0,0
16337.090990404,0,1
16337.093403420,0,0
16338.101004856,0,1
16338.103418120,0,0
16339.111019296,0,1
16339.113432310,0,0
16340.121033698,0,1
16340.123446714,0,0
16341.131048104,0,1
16341.133461370,0,0
16342.141062438,0,1
16342.142332176,1,1
16342.144963456,0,1
16342.144999954,0,0
16343.151077028,0,1
16343.153490044,0,0
16344.161091398,0,1
16344.163504664,0,0
16345.171105752,0,1
16345.173519018,0,0
16346.181120228,0,1
16346.183533244,0,0
16347.191134640,0,1
16347.193547658,0,0
16348.201149040,0,1
16348.203562306,0,0
16349.211163486,0,1
16349.213576502,0,0
16350.221177922,0,1
16350.223590938,0,0
16351.231192292,0,1
16351.233605558,0,0
16352.241206704,0,1
16352.242476286,1,1
16352.245108066,0,1
16352.245143968,0,0
16353.251221084,0,1
16353.253634100,0,0
16354.261235484,0,1
16354.263648750,0,0
16355.271249914,0,1
16355.273663178,0,0
16356.281264350,0,1
16356.283677366,0,0
16357.291278784,0,1
16357.293692050,0,0
16358.301293174,0,1
16358.303706440,0,0
16359.311307592,0,1
16359.313720610,0,0
16360.321322026,0,1
16360.323735042,0,0
16361.331336432,0,1
16361.333749698,0,0
16362.341350852,0,1
16362.342620398,1,1
16362.345251888,0,1
16362.345287866,0,0
16363.351365240,0,1
16363.353778256,0,0
16364.361379710,0,1
16364.363792976,0,0
16365.371394080,0,1
16365.373807346,0,0
16366.381408508,0,1
16366.383821524,0,0
16367.391422880,0,1
16367.393836146,0,0
16368.401437322,0,1
16368.403850588,0,0
16369.411451728,0,1
16369.413864744,0,0
16370.421466162,0,1
16370.423879178,0,0
16371.431480544,0,1
16371.432750176,1,1
16371.435382076,0,1
16371.435417808,0,0
16372.441494974,0,1
16372.443907992,0,0
16373.451509366,0,1
16373.453922632,0,0
16374.461523708,0,1
16374.463936974,0,0
16375.471538210,0,1
16375.473951226,0,0
16376.481552588,0,1
16376.483965604,0,0
16377.491567002,0,1
16377.493980268,0,0
16378.501581464,0,1
16378.503994480,0,0
16379.511595790,0,1
16379.514008806,0,0
16380.521610244,0,1
16380.524023510,0,0
16381.531624568,0,1
16381.532894242,1,1
16381.535526406,0,1
16381.535561834,0,0
16382.541639116,0,1
16382.544052132,0,0
16383.551653548,0,1
16383.554066814,0,0
16384.561667944,0,1
16384.564081210,0,0
16385.571682388,0,1
16385.574095404,0,0
16386.581696784,0,1
16386.584109800,0,0
16387.591711196,0,1
16387.594124462,0,0
16388.601725542,0,1
16388.604138808,0,0
16389.611740036,0,1
16389.614153052,0,0
16390.621754432,0,1
16390.624167698,0,0
16391.631768812,0,1
16391.633038452,1,1
16391.635670334,0,1
16391.635706076,0,0
16392.641783200,0,1
16392.644196216,0,0
16393.651797600,0,1
16393.654210866,0,0
16394.661812034,0,1
16394.664225300,0,0
16395.671826460,0,1
16395.674239476,0,0
16396.681840868,0,1
16396.684253884,0,0
16397.691855270,0,1
16397.694268538,0,0
16398.701869726,0,1
16398.704282742,0,0
16399.711884140,0,1
16399.714297156,0,0
16400.721898532,0,1
16400.724311800,0,0
16401.731912976,0,1
16401.733182580,1,1
16401.735814410,0,1
16401.735850240,0,0
16402.741927372,0,1
16402.744340388,0,0
16403.751941728,0,1
16403.754354994,0,0
16404.761956140,0,1
16404.764369406,0,0
16405.771970580,0,1
16405.774383596,0,0
16406.781985000,0,1
16406.784398266,0,0
16407.791999396,0,1
16407.794412664,0,0
16408.802013860,0,1
16408.804426876,0,0
16409.812028250,0,1
16409.814441266,0,0
16410.822042642,0,1
16410.824455908,0,0
16411.832057086,0,1
16411.833326732,1,1
16411.835958910,0,1
16411.835994350,0,0
16412.842071480,0,1
16412.844484496,0,0
16413.852085850,0,1
16413.854499116,0,0
16414.862100282,0,1
16414.864513548,0,0
16415.872114712,0,1
16415.874527728,0,0
16416.882129118,0,1
16416.884542384,0,0
16417.892143526,0,1
16417.894556792,0,0
16418.902157998,0,1
16418.904571014,0,0
16419.912172382,0,1
16419.914585398,0,0
16420.922186776,0,1
16420.924600042,0,0
16421.932201246,0,1
16421.933470864,1,1
16421.936102466,0,1
16421.936138512,0,0
16422.942215594,0,1
16422.944628610,0,0
16423.952230002,0,1
16423.954643268,0,0
16424.962244428,0,1
16424.964657694,0,0
16425.972258870,0,1
16425.974671886,0,0
16426.982273248,0,1
16426.984686264,0,0
16427.992287648,0,1
16427.994700914,0,0
16429.002302152,0,1
16429.004715168,0,0
16430.012316490,0,1
16430.014729508,0,0
16431.022330928,0,1
16431.024744196,0,0
16432.032345356,0,1
16432.033614948,1,1
16432.036246846,0,1
16432.036282622,0,0
16433.042359772,0,1
16433.044772788,0,0
16434.052374150,0,1
16434.054787416,0,0
16435.062388532,0,1
16435.064801796,0,0
16436.072403020,0,1
16436.074816036,0,0
16437.082417386,0,1
16437.084830402,0,0
16438.092431802,0,1
16438.094845068,0,0
16439.102446228,0,1
16439.104859244,0,0
16440.112460652,0,1
16440.114873668,0,0
16441.122475048,0,1
16441.124888314,0,0
16442.132489434,0,1
16442.133759104,1,1
16442.136390900,0,1
16442.136426700,0,0
16443.142503968,0,1
16443.144916984,0,0
16444.152518354,0,1
16444.154931620,0,0
16445.162532752,0,1
16445.164946018,0,0
16446.172547180,0,1
16446.174960196,0,0
16447.182561598,0,1
16447.184974864,0,0
16448.192575962,0,1
16448.194989230,0,0
16449.202590446,0,1
16449.205003462,0,0
16450.212604854,0,1
16450.215017870,0,0
16451.222619234,0,1
16451.225032500,0,0
16452.232633630,0,1
16452.233903148,1,1
16452.236534820,0,1
16452.236570894,0,0
16453.242647870,0,1
16453.245060888,0,0
16454.252662298,0,1
16454.255075564,0,0
16455.262676716,0,1
16455.265089982,0,0
16456.272691178,0,1
16456.275104194,0,0
16457.282705534,0,1
16457.285118550,0,0
16458.292719940,0,1
16458.295133206,0,0
16459.302734392,0,1
16459.305147410,0,0
16460.312748806,0,1
16460.315161822,0,0
16461.322763162,0,1
16461.325176430,0,0
16462.332777602,0,1
16462.334047342,1,1
16462.336678896,0,1
16462.336715116,0,0
16463.342792088,0,1
16463.345205104,0,0
16464.352806466,0,1
16464.355219734,0,0
16465.362820930,0,1
16465.365234194,0,0
16466.372835354,0,1
16466.375248370,0,0
16467.382849718,0,1
16467.385262734,0,0
16468.392864136,0,1
16468.395277402,0,0
16469.402878602,0,1
16469.405291618,0,0
16470.412892998,0,1
16470.415306014,0,0
16471.422907368,0,1
16471.424177012,1,1
16471.426809190,0,1
16471.426844632,0,0
16472.432921764,0,1
16472.435334780,0,0
16473.442936174,0,1
16473.445349438,0,0
16474.452950548,0,1
16474.455363816,0,0
16475.462965030,0,1
16475.465378048,0,0
16476.472979374,0,1
16476.475392388,0,0
16477.482993812,0,1
16477.485407078,0,0
16478.493008254,0,1
16478.495421270,0,0
16479.503022654,0,1
16479.505435670,0,0
16480.513037056,0,1
16480.515450322,0,0
16481.523051454,0,1
16481.524321236,1,1
16481.526953312,0,1
16481.526988968,0,0
16482.533066056,0,1
16482.535479072,0,0
16483.543080476,0,1
16483.545493742,0,0
16484.553094890,0,1
16484.555507906,0,0
16485.563109292,0,1
16485.565522308,0,0
16486.573123684,0,1
16486.575536950,0,0
16487.583138100,0,1
16487.585551368,0,0
16488.593152516,0,1
16488.595565532,0,0
16489.603166926,0,1
16489.605580192,0,0
16490.613181374,0,1
16490.615594640,0,0
16491.623195754,0,1
16491.624465318,1,1
16491.627096996,0,1
16491.627133018,0,0
16492.633210170,0,1
16492.635623186,0,0
16493.643224554,0,1
16493.645637820,0,0
16494.653239046,0,1
16494.655652062,0,0
16495.663253432,0,1
16495.665666448,0,0
16496.673267820,0,1
16496.675681086,0,0
16497.683282232,0,1
16497.685695498,0,0
16498.693296630,0,1
16498.695709646,0,0
16499.703311060,0,1
16499.705724326,0,0
16500.713325450,0,1
16500.715738716,0,0
16501.723339866,0,1
16501.724609416,1,1
16501.727241066,0,1
16501.727277130,0,0
16502.733354274,0,1
16502.735767290,0,0
16503.743368706,0,1
16503.745781972,0,0
16504.753383148,0,1
16504.755796164,0,0
16505.763397548,0,1
16505.765810564,0,0
16506.773411950,0,1
16506.775825216,0,0
16507.783426274,0,1
16507.785839542,0,0
16508.793440796,0,1
16508.795853812,0,0
16509.803455178,0,1
16509.805868444,0,0
16510.813469538,0,1
16510.815882804,0,0
16511.823484030,0,1
16511.824753518,1,1
16511.827385424,0,1
16511.827421044,0,0
16512.833498310,0,1
16512.835911326,0,0
16513.843512740,0,1
16513.845926006,0,0
16514.853527082,0,1
16514.855940348,0,0
16515.863541504,0,1
16515.865954520,0,0
16516.873555908,0,1
16516.875968924,0,0
16517.883570316,0,1
16517.885983582,0,0
16518.893584776,0,1
16518.895997794,0,0
16519.903599176,0,1
16519.906012190,0,0
16520.913613574,0,1
16520.916026590,0,0
16521.923627986,0,1
16521.924897644,1,1
16521.927529270,0,1
16521.927565250,0,0
16522.933642448,0,1
16522.936055464,0,0
16523.943656860,0,1
16523.946070126,0,0
16524.953671244,0,1
16524.956084510,0,0
16525.963685734,0,1
16525.966098752,0,0
16526.973700132,0,1
16526.976113148,0,0
16527.983714494,0,1
16527.986127762,0,0
16528.993728950,0,1
16528.996141966,0,0
16530.003743374,0,1
16530.006156390,0,0
16531.013757726,0,1
16531.016170992,0,0
16532.023772204,0,1
16532.025041780,1,1
16532.027673806,0,1
16532.027709470,0,0
16533.033786642,0,1
16533.036199658,0,0
16534.043800972,0,1
16534.046214238,0,0
16535.053815478,0,1
16535.056228494,0,0
16536.063829844,0,1
16536.066242862,0,0
16537.073844198,0,1
16537.076257464,0,0
16538.083858696,0,1
16538.086271712,0,0
16539.093873114,0,1
16539.096286130,0,0
16540.103887454,0,1
16540.106300720,0,0
16541.113901944,0,1
16541.116314960,0,0
16542.123916334,0,1
16542.125185876,1,1
16542.127817430,0,1
16542.127853600,0,0
16543.133930566,0,1
16543.136343582,0,0
16544.143944990,0,1
16544.146358256,0,0
16545.153959420,0,1
16545.156372686,0,0
16546.163973854,0,1
16546.166386870,0,0
16547.173988268,0,1
16547.176401284,0,0
16548.184002572,0,1
16548.186415838,0,0
16549.194017072,0,1
16549.196430088,0,0
16550.204031456,0,1
16550.206444472,0,0
16551.214045850,0,1
16551.216459116,0,0
16552.224060278,0,1
16552.225329974,1,1
16552.227961640,0,1
16552.227997792,0,0
16553.234074804,0,1
16553.236487820,0,0
16554.244089172,0,1
16554.246502438,0,0
16555.254103566,0,1
16555.256516832,0,0
16556.264118058,0,1
16556.266531072,0,0
16557.274132402,0,1
16557.276545668,0,0
16558.284146798,0,1
16558.286560064,0,0
16559.294161296,0,1
16559.296574312,0,0
16560.304175632,0,1
16560.306588898,0,0
16561.314190028,0,1
16561.316603294,0,0
16562.324204506,0,1
16562.325474054,1,1
16562.328105560,0,1
16562.328141770,0,0
16563.334218798,0,1
16563.336631814,0,0
16564.344233164,0,1
16564.346646430,0,0
16565.354247534,0,1
16565.356660800,0,0
16566.364262024,0,1
16566.366675040,0,0
16567.374276406,0,1
16567.376689422,0,0
16568.384290808,0,1
16568.386704074,0,0
16569.394305210,0,1
16569.396718476,0,0
16570.404319636,0,1
16570.406732652,0,0
16571.414334040,0,1
16571.415603750,1,1
16571.418235592,0,1
16571.418271554,0,0
16572.424348574,0,1
16572.426761590,0,0
16573.434362948,0,1
16573.436776214,0,0
16574.444377342,0,1
16574.446790608,0,0
16575.454391788,0,1
16575.456804804,0,0
16576.464406202,0,1
16576.466819218,0,0
16577.474420608,0,1
16577.476833874,0,0
16578.484435022,0,1
16578.486848288,0,0
16579.494449442,0,1
16579.496862458,0,0
16580.504463858,0,1
16580.506876874,0,0
16581.514478208,0,1
16581.515747906,1,1
16581.518379754,0,1
16581.518415722,0,0
16582.524492738,0,1
16582.526905752,0,0
16583.534507096,0,1
16583.536920362,0,0
16584.544521554,0,1
16584.546934820,0,0
16585.554535954,0,1
16585.556948972,0,0
16586.564550328,0,1
16586.566963344,0,0
16587.574564766,0,1
16587.576977780,0,0
16588.584579186,0,1
16588.586992452,0,0
16589.594593598,0,1
16589.597006614,0,0
16590.604608014,0,1
16590.607021030,0,0
16591.614622412,0,1
16591.615892016,1,1
16591.618523576,0,1
16591.618559676,0,0
16592.624636814,0,1
16592.627049830,0,0
16593.634651186,0,1
16593.637064452,0,0
16594.644665598,0,1
16594.647078864,0,0
16595.654680054,0,1
16595.657093070,0,0
16596.664694414,0,1
16596.667107430,0,0
16597.674708874,0,1
16597.677122140,0,0
16598.684723302,0,1
16598.687136318,0,0
16599.694737708,0,1
16599.697150724,0,0
16600.704752038,0,1
16600.707165304,0,0
16601.714766522,0,1
16601.716036186,1,1
16601.718667550,0,1
16601.718703786,0,0
16602.724781034,0,1
16602.727194050,0,0
16603.734795476,0,1
16603.737208742,0,0
16604.744809840,0,1
16604.747223106,0,0
16605.754824300,0,1
16605.757237316,0,0
16606.764838718,0,1
16606.767251984,0,0
16607.774853106,0,1
16607.777266372,0,0
16608.784867514,0,1
16608.787280530,0,0
16609.794881912,0,1
16609.797294928,0,0
16610.804896294,0,1
16610.807309560,0,0
16611.814910786,0,1
16611.816180298,1,1
16611.818812146,0,1
16611.818847800,0,0
16612.824925080,0,1
16612.827338096,0,0
16613.834939458,0,1
16613.837352724,0,0
16614.844953834,0,1
16614.847367100,0,0
16615.854968276,0,1
16615.857381292,0,0
16616.864982714,0,1
16616.867395730,0,0
16617.874997030,0,1
16617.877410296,0,0
16618.885011568,0,1
16618.887424584,0,0
16619.895025982,0,1
16619.897438998,0,0
16620.905040334,0,1
16620.907453600,0,0
16621.915054748,0,1
16621.916324388,1,1
16621.918955876,0,1
16621.918992012,0,0
16622.925069144,0,1
16622.927482160,0,0
16623.935083496,0,1
16623.937496762,0,0
16624.945097892,0,1
16624.947511158,0,0
16625.955112366,0,1
16625.957525382,0,0
16626.965126756,0,1
16626.967539772,0,0
16627.975141150,0,1
16627.977554416,0,0
16628.985155626,0,1
16628.987568642,0,0
16629.995169990,0,1
16629.997583006,0,0
16631.005184410,0,1
16631.007597676,0,0
16632.015198754,0,1
16632.016468540,1,1
16632.019100260,0,1
16632.019136268,0,0
16633.025213262,0,1
16633.027626280,0,0
16634.035227692,0,1
16634.037640958,0,0
16635.045242080,0,1
16635.047655346,0,0
16636.055256542,0,1
16636.057669560,0,0
16637.065270924,0,1
16637.067683940,0,0
16638.075285330,0,1
16638.077698596,0,0
16639.085299774,0,1
16639.087712790,0,0
16640.095314114,0,1
16640.097727130,0,0
16641.105328528,0,1
16641.107741794,0,0
16642.115342966,0,1
16642.116612674,1,1
16642.119244452,0,1
16642.119280480,0,0
16643.125357474,0,1
16643.127770490,0,0
16644.135371844,0,1
16644.137785110,0,0
16645.145386318,0,1
16645.147799334,0,0
16646.155400716,0,1
16646.157813732,0,0
16647.165415126,0,1
16647.167828392,0,0
16648.175429574,0,1
16648.177842590,0,0
16649.185443946,0,1
16649.187856962,0,0
16650.195458318,0,1
16650.197871584,0,0
16651.205472798,0,1
16651.207885814,0,0
16652.215487190,0,1
16652.216756748,1,1
16652.219388690,0,1
16652.219424454,0,0
16653.225501552,0,1
16653.227914568,0,0
16654.235515990,0,1
16654.237929008,0,0
16655.245530366,0,1
16655.247943632,0,0
16656.255544834,0,1
16656.257957850,0,0
16657.265559254,0,1
16657.267972270,0,0
16658.275573610,0,1
16658.277986876,0,0
16659.285588020,0,1
16659.288001286,0,0
16660.295602490,0,1
16660.298015506,0,0
16661.305616848,0,1
16661.308030114,0,0
16662.315631264,0,1
16662.316900872,1,1
16662.319532612,0,1
16662.319568528,0,0
16663.325645614,0,1
16663.328058630,0,0
16664.335660080,0,1
16664.338073346,0,0
16665.345674454,0,1
16665.348087720,0,0
16666.355688860,0,1
16666.358101876,0,0
16667.365703286,0,1
16667.368116302,0,0
16668.375717652,0,1
16668.378130918,0,0
16669.385732140,0,1
16669.388145156,0,0
16670.395746536,0,1
16670.398159552,0,0
16671.405760956,0,1
16671.407030516,1,1
16671.409662498,0,1
16671.409698220,0,0
16672.415775336,0,1
16672.418188352,0,0
16673.425789692,0,1
16673.428202958,0,0
16674.435804062,0,1
16674.438217328,0,0
16675.445818572,0,1
16675.448231588,0,0
16676.455833004,0,1
16676.458246020,0,0
16677.465847352,0,1
16677.468260618,0,0
16678.475861826,0,1
16678.478274842,0,0
16679.485876184,0,1
16679.488289202,0,0
16680.495890608,0,1
16680.498303876,0,0
16681.505904956,0,1
16681.507174680,1,1
16681.509806498,0,1
16681.509842222,0,0
16682.515919500,0,1
16682.518332516,0,0
16683.525933876,0,1
16683.528347142,0,0
16684.535948248,0,1
16684.538361514,0,0
16685.545962750,0,1
16685.548375766,0,0
16686.555977106,0,1
16686.558390122,0,0
16687.565991540,0,1
16687.568404806,0,0
16688.576006006,0,1
16688.578419022,0,0
16689.586020362,0,1
16689.588433378,0,0
16690.596034780,0,1
16690.598448048,0,0
16691.606049164,0,1
16691.607318744,1,1
16691.609950332,0,1
16691.609986428,0,0
16692.616063528,0,1
16692.618476544,0,0
16693.626077924,0,1
16693.628491190,0,0
16694.636092324,0,1
16694.638505590,0,0
16695.646106816,0,1
16695.648519832,0,0
16696.656121188,0,1
16696.658534202,0,0
16697.666135568,0,1
16697.668548834,0,0
16698.676150010,0,1
16698.678563026,0,0
16699.686164448,0,1
16699.688577464,0,0
16700.696178796,0,1
16700.698592060,0,0
16701.706193204,0,1
16701.707462972,1,1
16701.710094960,0,1
16701.710130718,0,0
16702.716207710,0,1
16702.718620726,0,0
16703.726222132,0,1
16703.728635398,0,0
16704.736236588,0,1
16704.738649604,0,0
16705.746250948,0,1
16705.748663966,0,0
16706.756265316,0,1
16706.758678582,0,0
16707.766279724,0,1
16707.768692990,0,0
16708.776294220,0,1
16708.778707236,0,0
16709.786308610,0,1
16709.788721876,0,0
16710.796322978,0,1
16710.798736244,0,0
16711.806337480,0,1
16711.807607008,1,1
16711.810238558,0,1
16711.810274746,0,0
16712.816351736,0,1
16712.818764752,0,0
16713.826366102,0,1
16713.828779368,0,0
16714.836380528,0,1
16714.838793794,0,0
16715.846394964,0,1
16715.848807980,0,0
16716.856409338,0,1
16716.858822354,0,0
16717.866423744,0,1
16717.868837010,0,0
16718.876438212,0,1
16718.878851228,0,0
16719.886452592,0,1
16719.888865610,0,0
16720.896466976,0,1
16720.898880242,0,0
16721.906481420,0,1
16721.907751084,1,1
16721.910382732,0,1
16721.910418684,0,0
16722.916495894,0,1
16722.918908910,0,0
16723.926510324,0,1
16723.928923340,0,0
16724.936524736,0,1
16724.938938004,0,0
16725.946539110,0,1
16725.948952376,0,0
16726.956553538,0,1
16726.958966556,0,0
16727.966567942,0,1
16727.968980958,0,0
16728.976582306,0,1
16728.978995572,0,0
16729.986596832,0,1
16729.989009848,0,0
16730.996611222,0,1
16730.999024238,0,0
16732.006625600,0,1
16732.007895280,1,1
16732.010527332,0,1
16732.010562864,0,0
16733.016640106,0,1
16733.019053122,0,0
16734.026654524,0,1
16734.029067790,0,0
16735.036668860,0,1
16735.039082126,0,0
16736.046683362,0,1
16736.049096378,0,0
16737.056697746,0,1
16737.059110762,0,0
16738.066712146,0,1
16738.069125412,0,0
16739.076726598,0,1
16739.079139614,0,0
16740.086741006,0,1
16740.089154024,0,0
16741.096755398,0,1
16741.099168664,0,0
16742.106769808,0,1
16742.108039296,1,1
16742.110671236,0,1
16742.110707074,0,0
16743.116784098,0,1
16743.119197114,0,0
16744.126798530,0,1
16744.129211796,0,0
16745.136812888,0,1
16745.139226154,0,0
16746.146827340,0,1
16746.149240356,0,0
16747.156841768,0,1
16747.159254784,0,0
16748.166856130,0,1
16748.169269396,0,0
16749.176870574,0,1
16749.179283590,0,0
16750.186884994,0,1
16750.189298010,0,0
16751.196899382,0,1
16751.199312648,0,0
16752.206913788,0,1
16752.208183462,1,1
16752.210814822,0,1
16752.210851052,0,0
16753.216928274,0,1
16753.219341290,0,0
16754.226942710,0,1
16754.229355976,0,0
16755.236957104,0,1
16755.239370370,0,0
16756.246971518,0,1
16756.249384534,0,0
16757.256985908,0,1
16757.259399174,0,0
16758.267000306,0,1
16758.269413572,0,0
16759.277014746,0,1
16759.279427764,0,0
16760.287029206,0,1
16760.289442222,0,0
16761.297043576,0,1
16761.299456842,0,0
16762.307058048,0,1
16762.308327526,1,1
16762.310959042,0,1
16762.310995314,0,0
16763.317072300,0,1
16763.319485316,0,0
16764.327086696,0,1
16764.329499962,0,0
16765.337101106,0,1
16765.339514372,0,0
16766.347115536,0,1
16766.349528554,0,0
16767.357129924,0,1
16767.359542940,0,0
16768.367144342,0,1
16768.369557608,0,0
16769.377158722,0,1
16769.379571988,0,0
16770.387173212,0,1
16770.389586228,0,0
16771.397187540,0,1
16771.398457270,1,1
16771.401089242,0,1
16771.401125056,0,0
16772.407202100,0,1
16772.409615116,0,0
16773.417216480,0,1
16773.419629746,0,0
16774.427230882,0,1
16774.429644148,0,0
16775.437245314,0,1
16775.439658330,0,0
16776.447259712,0,1
16776.449672728,0,0
16777.457274158,0,1
16777.459687424,0,0
16778.467288538,0,1
16778.469701554,0,0
16779.477302984,0,1
16779.479716000,0,0
16780.487317326,0,1
16780.489730592,0,0
16781.497331722,0,1
16781.498601304,1,1
16781.501233014,0,1
16781.501268986,0,0
16782.507346132,0,1
16782.509759150,0,0
16783.517360562,0,1
16783.519773828,0,0
16784.527374924,0,1
16784.529788190,0,0
16785.537389408,0,1
16785.539802424,0,0
16786.547403812,0,1
16786.549816828,0,0
16787.557418200,0,1
16787.559831466,0,0
16788.567432536,0,1
16788.569845802,0,0
16789.577447008,0,1
16789.579860024,0,0
16790.587461416,0,1
16790.589874434,0,0
16791.597475840,0,1
16791.598745460,1,1
16791.601377094,0,1
16791.601413106,0,0
16792.607490216,0,1
16792.609903232,0,0
16793.617504600,0,1
16793.619917866,0,0
16794.627519006,0,1
16794.629932272,0,0
16795.637533450,0,1
16795.639946466,0,0
16796.647547884,0,1
16796.649960900,0,0
16797.657562220,0,1
16797.659975486,0,0
16798.667576704,0,1
16798.669989720,0,0
16799.677591052,0,1
16799.680004068,0,0
16800.687605480,0,1
16800.690018746,0,0
16801.697619816,0,1
16801.698889616,1,1
16801.701521106,0,1
16801.701557080,0,0
16802.707634464,0,1
16802.710047480,0,0
16803.717648884,0,1
16803.720062150,0,0
16804.727663260,0,1
16804.730076526,0,0
16805.737677744,0,1
16805.740090762,0,0
16806.747692150,0,1
16806.750105416,0,0
16807.757706512,0,1
16807.760119778,0,0
16808.767720996,0,1
16808.770134012,0,0
16809.777735366,0,1
16809.780148382,0,0
16810.787749788,0,1
16810.790163056,0,0
16811.797764204,0,1
16811.799033664,1,1
16811.801665742,0,1
16811.801701468,0,0
16812.807778488,0,1
16812.810191504,0,0
16813.817792858,0,1
16813.820206126,0,0
16814.827807248,0,1
16814.830220514,0,0
16815.837821718,0,1
16815.840234734,0,0
16816.847836132,0,1
16816.850249148,0,0
16817.857850542,0,1
16817.860263808,0,0
16818.867864892,0,1
16818.870278158,0,0
16819.877879358,0,1
16819.880292374,0,0
16820.887893794,0,1
16820.890306810,0,0
16821.897908128,0,1
16821.899177796,1,1
16821.901809654,0,1
16821.901845392,0,0
16822.907922688,0,1
16822.910335702,0,0
16823.917937050,0,1
16823.920350316,0,0
16824.927951422,0,1
16824.930364686,0,0
16825.937965896,0,1
16825.940378912,0,0
16826.947980254,0,1
16826.950393520,0,0
16827.957994642,0,1
16827.960407908,0,0
16828.968009162,0,1
16828.970422178,0,0
16829.978023508,0,1
16829.980436524,0,0
16830.988037924,0,1
16830.990451190,0,0
16831.998052354,0,1
16831.999321908,1,1
16832.001953536,0,1
16832.001989368,0,0
16833.008066740,0,1
16833.010479756,0,0
16834.018081176,0,1
16834.020494442,0,0
16835.028095500,0,1
16835.030508766,0,0
16836.038110032,0,1
16836.040523048,0,0
16837.048124400,0,1
16837.050537416,0,0
16838.058138760,0,1
16838.060552026,0,0
16839.068153204,0,1
16839.070566220,0,0
16840.078167618,0,1
16840.080580634,0,0
16841.088182004,0,1
16841.090595270,0,0
16842.098196380,0,1
16842.099466032,1,1
16842.102097638,0,1
16842.102133646,0,0
16843.108210814,0,1
16843.110623830,0,0
16844.118225232,0,1
16844.120638498,0,0
16845.128239548,0,1
16845.130652814,0,0
16846.138254004,0,1
16846.140667018,0,0
16847.148268388,0,1
16847.150681654,0,0
16848.158282838,0,1
16848.160696104,0,0
16849.168297270,0,1
16849.170710286,0,0
16850.178311636,0,1
16850.180724652,0,0
16851.188326060,0,1
16851.190739326,0,0
16852.198340522,0,1
16852.199610118,1,1
16852.202241722,0,1
16852.202277788,0,0
16853.208354944,0,1
16853.210767960,0,0
16854.218369290,0,1
16854.220782556,0,0
16855.228383650,0,1
16855.230796918,0,0
16856.238398126,0,1
16856.240811142,0,0
16857.248412566,0,1
16857.250825582,0,0
16858.258426908,0,1
16858.260839924,0,0
16859.268441362,0,1
16859.270854628,0,0
16860.278455792,0,1
16860.280868808,0,0
16861.288470172,0,1
16861.290883188,0,0
16862.298484552,0,1
16862.299754170,1,1
16862.302386042,0,1
16862.302421816,0,0
16863.308498986,0,1
16863.310912002,0,0
16864.318513390,0,1
16864.320926656,0,0
16865.328527724,0,1
16865.330940990,0,0
16866.338542196,0,1
16866.340955212,0,0
16867.348556582,0,1
16867.350969598,0,0
16868.358570954,0,1
16868.360984220,0,0
16869.368585388,0,1
16869.370998404,0,0
16870.378599850,0,1
16870.381012864,0,0
16871.388614256,0,1
16871.389883844,1,1
16871.392515266,0,1
16871.392551520,0,0
16872.398628580,0,1
16872.401041596,0,0
16873.408643000,0,1
16873.411056266,0,0
16874.418657370,0,1
16874.421070636,0,0
16875.428671906,0,1
16875.431084922,0,0
16876.438686212,0,1
16876.441099228,0,0
16877.448700642,0,1
16877.451113908,0,0
16878.458715100,0,1
16878.461128118,0,0
16879.468729486,0,1
16879.471142502,0,0
16880.478743844,0,1
16880.481157110,0,0
16881.488758292,0,1
16881.490027942,1,1
16881.492659726,0,1
16881.492695556,0,0
16882.498772654,0,1
16882.501185670,0,0
16883.508787032,0,1
16883.511200048,0,0
16884.518801408,0,1
16884.521214672,0,0
16885.528815876,0,1
16885.531228892,0,0
16886.538830284,0,1
16886.541243300,0,0
16887.548844622,0,1
16887.551257638,0,0
16888.558859060,0,1
16888.561272326,0,0
16889.568873410,0,1
16889.571286674,0,0
16890.578887884,0,1
16890.581300900,0,0
16891.588902324,0,1
16891.590172122,1,1
16891.592804198,0,1
16891.592839840,0,0
16892.598916936,0,1
16892.601329952,0,0
16893.608931332,0,1
16893.611344598,0,0
16894.618945734,0,1
16894.621359000,0,0
16895.628960170,0,1
16895.631373186,0,0
16896.638974512,0,1
16896.641387778,0,0
16897.648988976,0,1
16897.651402242,0,0
16898.659003376,0,1
16898.661416392,0,0
16899.669017746,0,1
16899.671430762,0,0
16900.679032168,0,1
16900.681445434,0,0
16901.689046650,0,1
16901.690316200,1,1
16901.692948216,0,1
16901.692983664,0,0
16902.699061034,0,1
16902.701474050,0,0
16903.709075410,0,1
16903.711488676,0,0
16904.719089780,0,1
16904.721503048,0,0
16905.729104310,0,1
16905.731517326,0,0
16906.739118676,0,1
16906.741531692,0,0
16907.749133038,0,1
16907.751546304,0,0
16908.759147488,0,1
16908.761560504,0,0
16909.769161862,0,1
16909.771574878,0,0
16910.779176290,0,1
16910.781589556,0,0
16911.789190752,0,1
16911.790460212,1,1
16911.793091728,0,1
16911.793128016,0,0
16912.799204992,0,1
16912.801618010,0,0
16913.809219398,0,1
16913.811632664,0,0
16914.819233814,0,1
16914.821647080,0,0
16915.829248240,0,1
16915.831661254,0,0
16916.839262630,0,1
16916.841675648,0,0
16917.849276966,0,1
16917.851690232,0,0
16918.859291408,0,1
16918.861704674,0,0
16919.869305838,0,1
16919.871718854,0,0
16920.879320250,0,1
16920.881733266,0,0
16921.889334602,0,1
16921.890604332,1,1
16921.893235978,0,1
16921.893271866,0,0
16922.899349114,0,1
16922.901762132,0,0
16923.909363498,0,1
16923.911776764,0,0
16924.919377942,0,1
16924.921791206,0,0
16925.929392310,0,1
16925.931805576,0,0
16926.939406798,0,1
16926.941819814,0,0
16927.949421186,0,1
16927.951834200,0,0
16928.959435602,0,1
16928.961848868,0,0
16929.969450046,0,1
16929.971863062,0,0
16930.979464390,0,1
16930.981877406,0,0
16931.989478824,0,1
16931.990748360,1,1
16931.993380200,0,1
16931.993416090,0,0
16932.999493190,0,1
16933.001906206,0,0
16934.009507594,0,1
16934.011920862,0,0
16935.019521942,0,1
16935.021935208,0,0
16936.029536452,0,1
16936.031949468,0,0
16937.039550780,0,1
16937.041963796,0,0
16938.049565228,0,1
16938.051978494,0,0
16939.059579658,0,1
16939.061992674,0,0
16940.069594040,0,1
16940.072007056,0,0
16941.079608460,0,1
16941.082021726,0,0
16942.089622890,0,1
16942.090892390,1,1
16942.093523964,0,1
16942.093560154,0,0
16943.099637064,0,1
16943.102050080,0,0
16944.109651528,0,1
16944.112064794,0,0
16945.119665864,0,1
16945.122079130,0,0
16946.129680366,0,1
16946.132093382,0,0
16947.139694722,0,1
16947.142107740,0,0
16948.149709132,0,1
16948.152122398,0,0
16949.159723534,0,1
16949.162136800,0,0
16950.169737968,0,1
16950.172150984,0,0
16951.179752342,0,1
16951.182165358,0,0
16952.189766742,0,1
16952.191036386,1,1
16952.193668598,0,1
16952.193704006,0,0
16953.199781186,0,1
16953.202194202,0,0
16954.209795512,0,1
16954.212208780,0,0
16955.219809882,0,1
16955.222223148,0,0
16956.229824418,0,1
16956.232237434,0,0
16957.239838780,0,1
16957.242251796,0,0
16958.249853152,0,1
16958.252266418,0,0
16959.259867544,0,1
16959.262280812,0,0
16960.269881974,0,1
16960.272294990,0,0
16961.279896396,0,1
16961.282309412,0,0
16962.289910768,0,1
16962.291180310,1,1
16962.293811948,0,1
16962.293848032,0,0
16963.299925032,0,1
16963.302338048,0,0
16964.309939398,0,1
16964.312352414,0,0
16965.319953842,0,1
16965.322367108,0,0
16966.329968244,0,1
16966.332381510,0,0
16967.339982654,0,1
16967.342395670,0,0
16968.349997044,0,1
16968.352410060,0,0
16969.360011494,0,1
16969.362424760,0,0
16970.370025826,0,1
16970.372439092,0,0
16971.380040304,0,1
16971.381309922,1,1
16971.383942092,0,1
16971.383977568,0,0
16972.390054718,0,1
16972.392467734,0,0
16973.400069098,0,1
16973.402482114,0,0
16974.410083448,0,1
16974.412496714,0,0
16975.420097856,0,1
16975.422511122,0,0
16976.430112276,0,1
16976.432525542,0,0
16977.440126706,0,1
16977.442539722,0,0
16978.450141108,0,1
16978.452554124,0,0
16979.460155474,0,1
16979.462568490,0,0
16980.470169898,0,1
16980.472583164,0,0
16981.480184274,0,1
16981.481453902,1,1
16981.484085586,0,1
16981.484121538,0,0
16982.490198716,0,1
16982.492611732,0,0
16983.500213032,0,1
16983.502626048,0,0
16984.510227426,0,1
16984.512640442,0,0
16985.520241852,0,1
16985.522655118,0,0
16986.530256254,0,1
16986.532669520,0,0
16987.540270658,0,1
16987.542683924,0,0
16988.550285094,0,1
16988.552698110,0,0
16989.560299456,0,1
16989.562712472,0,0
16990.570313848,0,1
16990.572726864,0,0
16991.580328222,0,1
16991.581597890,1,1
16991.584230250,0,1
16991.584265488,0,0
16992.590342788,0,1
16992.592755804,0,0
16993.600357158,0,1
16993.602770174,0,0
16994.610371608,0,1
16994.612784624,0,0
16995.620385932,0,1
16995.622798948,0,0
16996.630400382,0,1
16996.632813648,0,0
16997.640414786,0,1
16997.642828050,0,0
16998.650429196,0,1
16998.652842214,0,0
16999.660443622,0,1
16999.662856638,0,0
17000.670457976,0,1
17000.672870992,0,0
17001.680472386,0,1
17001.681741842,1,1
17001.684373354,0,1
17001.684409650,0,0
17002.690486654,0,1
17002.692899670,0,0
17003.700501018,0,1
17003.702914034,0,0
17004.710515452,0,1
17004.712928468,0,0
17005.720529808,0,1
17005.722942824,0,0
17006.730544230,0,1
17006.732957496,0,0
17007.740558612,0,1
17007.742971878,0,0
17008.750573002,0,1
17008.752986268,0,0
17009.760587464,0,1
17009.763000480,0,0
17010.770601826,0,1
17010.773014842,0,0
17011.780616220,0,1
17011.781885892,1,1
17011.784517220,0,1
17011.784553486,0,0
17012.790630764,0,1
17012.793043780,0,0
17013.800645190,0,1
17013.803058206,0,0
17014.810659564,0,1
17014.813072580,0,0
17015.820673890,0,1
17015.823087156,0,0
17016.830688290,0,1
17016.833101556,0,0
17017.840702704,0,1
17017.843115970,0,0
17018.850717050,0,1
17018.853130316,0,0
17019.860731514,0,1
17019.863144530,0,0
17020.870745966,0,1
17020.873158984,0,0
17021.880760322,0,1
17021.882029826,1,1
17021.884661574,0,1
17021.884697586,0,0
17022.890774574,0,1
17022.893187590,0,0
17023.900789014,0,1
17023.903202030,0,0
17024.910803418,0,1
17024.913216434,0,0
17025.920817758,0,1
17025.923230774,0,0
17026.930832204,0,1
17026.933245470,0,0
17027.940846586,0,1
17027.943259852,0,0
17028.950860940,0,1
17028.953274206,0,0
17029.960875360,0,1
17029.963288626,0,0
17030.970889788,0,1
17030.973302804,0,0
17031.980904210,0,1
17031.982173814,1,1
17031.984805526,0,1
17031.984841474,0,0
17032.990918628,0,1
17032.993331644,0,0
17034.000932994,0,1
17034.003346010,0,0
17035.010947352,0,1
17035.013360370,0,0
17036.020961788,0,1
17036.023374804,0,0
17037.030976136,0,1
17037.033389402,0,0
17038.040990548,0,1
17038.043403814,0,0
17039.051004956,0,1
17039.053418222,0,0
17040.061019374,0,1
17040.063432640,0,0
17041.071033778,0,1
17041.073446794,0,0
17042.081048194,0,1
17042.082317796,1,1
17042.084949326,0,1
17042.084985458,0,0
17043.091062544,0,1
17043.093475560,0,0
17044.101076946,0,1
17044.103489962,0,0
17045.111091382,0,1
17045.113504398,0,0
17046.121105740,0,1
17046.123518756,0,0
17047.131120162,0,1
17047.133533428,0,0
17048.141134542,0,1
17048.143547808,0,0
17049.151148894,0,1
17049.153562160,0,0
17050.161163284,0,1
17050.163576550,0,0
17051.171177762,0,1
17051.173590780,0,0
17052.181192124,0,1
17052.182461794,1,1
17052.185093568,0,1
17052.185129388,0,0
17053.191206680,0,1
17053.193619694,0,0
17054.201221060,0,1
17054.203634076,0,0
17055.211235470,0,1
17055.213648488,0,0
17056.221249874,0,1
17056.223663138,0,0
17057.231264232,0,1
17057.233677498,0,0
17058.241278646,0,1
17058.243691912,0,0
17059.251292992,0,1
17059.253706258,0,0
17060.261307462,0,1
17060.263720480,0,0
17061.271321848,0,1
17061.273734864,0,0
17062.281336252,0,1
17062.282605864,1,1
17062.285237486,0,1
17062.285273518,0,0
17063.291350580,0,1
17063.293763846,0,0
17064.301365086,0,1
17064.303778102,0,0
17065.311379462,0,1
17065.313792478,0,0
17066.321393828,0,1
17066.323806844,0,0
17067.331408228,0,1
17067.333821244,0,0
17068.341422618,0,1
17068.343835634,0,0
17069.351437040,0,1
17069.353850306,0,0
17070.361451408,0,1
17070.363864674,0,0
17071.371465766,0,1
17071.372735344,1,1
17071.375367148,0,1
17071.375403030,0,0
17072.381480158,0,1
17072.383893174,0,0
17073.391494554,0,1
17073.393907570,0,0
17074.401508956,0,1
17074.403921972,0,0
17075.411523362,0,1
17075.413936378,0,0
17076.421537762,0,1
17076.423950778,0,0
17077.431552126,0,1
17077.433965392,0,0
17078.441566540,0,1
17078.443979806,0,0
17079.451580970,0,1
17079.453994236,0,0
17080.461595318,0,1
17080.464008586,0,0
17081.471609772,0,1
17081.472879372,1,1
17081.475511372,0,1
17081.475547038,0,0
17082.481624112,0,1
17082.484037130,0,0
17083.491638536,0,1
17083.494051552,0,0
17084.501652976,0,1
17084.504065992,0,0
17085.511667318,0,1
17085.514080334,0,0
17086.521681776,0,1
17086.524095040,0,0
17087.531696122,0,1
17087.534109388,0,0
17088.541710486,0,1
17088.544123752,0,0
17089.551724876,0,1
17089.554138142,0,0
17090.561739360,0,1
17090.564152376,0,0
17091.571753730,0,1
17091.573023404,1,1
17091.575654836,0,1
17091.575690994,0,0
17092.581768232,0,1
17092.584181248,0,0
17093.591782628,0,1
17093.594195644,0,0
17094.601797014,0,1
17094.604210030,0,0
17095.611811440,0,1
17095.614224456,0,0
17096.621825800,0,1
17096.624239066,0,0
17097.631840214,0,1
17097.634253480,0,0
17098.641854600,0,1
17098.644267868,0,0
17099.651868994,0,1
17099.654282260,0,0
17100.661883458,0,1
17100.664296474,0,0
17101.671897864,0,1
17101.673167308,1,1
17101.675799138,0,1
17101.675834880,0,0
17102.681912082,0,1
17102.684325098,0,0
17103.691926506,0,1
17103.694339522,0,0
17104.701940876,0,1
17104.704353892,0,0
17105.711955302,0,1
17105.714368318,0,0
17106.721969660,0,1
17106.724382926,0,0
17107.731984058,0,1
17107.734397324,0,0
17108.741998430,0,1
17108.744411696,0,0
17109.752012822,0,1
17109.754426088,0,0
17110.762027304,0,1
17110.764440320,0,0
17111.772041652,0,1
17111.773311372,1,1
17111.775942844,0,1
17111.775979166,0,0
17112.782056200,0,1
17112.784469216,0,0
17113.792070574,0,1
17113.794483592,0,0
17114.802084978,0,1
17114.804497994,0,0
17115.812099388,0,1
17115.814512656,0,0
17116.822113758,0,1
17116.824527024,0,0
17117.832128190,0,1
17117.834541456,0,0
17118.842142622,0,1
17118.844555638,0,0
17119.852156994,0,1
17119.854570010,0,0
17120.862171406,0,1
17120.864584422,0,0
17121.872185832,0,1
17121.873455342,1,1
17121.876087186,0,1
17121.876123098,0,0
17122.882200176,0,1
17122.884613192,0,0
17123.892214586,0,1
17123.894627602,0,0
17124.902228964,0,1
17124.904641980,0,0
17125.912243374,0,1
17125.914656640,0,0
17126.922257732,0,1
17126.924670998,0,0
17127.932272136,0,1
17127.934685402,0,0
17128.942286616,0,1
17128.944699632,0,0
17129.952301000,0,1
17129.954714016,0,0
17130.962315340,0,1
17130.964728356,0,0
17131.972329744,0,1
17131.973599378,1,1
17131.976231084,0,1
17131.976267008,0,0
17132.982344124,0,1
17132.984757390,0,0
17133.992358486,0,1
17133.994771752,0,0
17135.002372976,0,1
17135.004785992,0,0
17136.012387374,0,1
17136.014800390,0,0
17137.022401746,0,1
17137.024814762,0,0
17138.032416126,0,1
17138.034829142,0,0
17139.042430526,0,1
17139.044843792,0,0
17140.052444962,0,1
17140.054858228,0,0
17141.062459294,0,1
17141.064872560,0,0
17142.072473724,0,1
17142.073743330,1,1
17142.076374894,0,1
17142.076410990,0,0
17143.082488082,0,1
17143.084901098,0,0
17144.092502494,0,1
17144.094915508,0,0
17145.102516856,0,1
17145.104929872,0,0
17146.112531266,0,1
17146.114944282,0,0
17147.122545682,0,1
17147.124958950,0,0
17148.132560032,0,1
17148.134973298,0,0
17149.142574422,0,1
17149.144987688,0,0
17150.152588874,0,1
17150.155002140,0,0
17151.162603258,0,1
17151.165016274,0,0
17152.172617688,0,1
17152.173887206,1,1
17152.176518792,0,1
17152.176554952,0,0
17153.182631966,0,1
17153.185044982,0,0
17154.192646314,0,1
17154.195059330,0,0
17155.202660754,0,1
17155.205073770,0,0
17156.212675158,0,1
17156.215088174,0,0
17157.222689546,0,1
17157.225102562,0,0
17158.232703952,0,1
17158.235117218,0,0
17159.242718324,0,1
17159.245131590,0,0
17160.252732732,0,1
17160.255145998,0,0
17161.262747092,0,1
17161.265160358,0,0
17162.272761526,0,1
17162.274031254,1,1
17162.276662846,0,1
17162.276698792,0,0
17163.282776018,0,1
17163.285189034,0,0
17164.292790402,0,1
17164.295203418,0,0
17165.302804776,0,1
17165.305217792,0,0
17166.312819204,0,1
17166.315232222,0,0
17167.322833578,0,1
17167.325246844,0,0
17168.332847974,0,1
17168.335261240,0,0
17169.342862344,0,1
17169.345275610,0,0
17170.352876736,0,1
17170.355290002,0,0
17171.362891162,0,1
17171.364160810,1,1
17171.366792466,0,1
17171.366828428,0,0
17172.372905548,0,1
17172.375318564,0,0
17173.382919924,0,1
17173.385332942,0,0
17174.392934342,0,1
17174.395347358,0,0
17175.402948758,0,1
17175.405361774,0,0
17176.412963064,0,1
17176.415376082,0,0
17177.422977496,0,1
17177.425390512,0,0
17178.432991904,0,1
17178.435404920,0,0
17179.443006302,0,1
17179.445419568,0,0
17180.453020690,0,1
17180.455433956,0,0
17181.463035088,0,1
17181.464304848,1,1
17181.466936666,0,1
17181.466972354,0,0
17182.473049556,0,1
17182.475462572,0,0
17183.483063960,0,1
17183.485476976,0,0
17184.493078354,0,1
17184.495491370,0,0
17185.503092784,0,1
17185.505505800,0,0
17186.513107140,0,1
17186.515520406,0,0
17187.523121504,0,1
17187.525534770,0,0
17188.533135906,0,1
17188.535549172,0,0
17189.543150334,0,1
17189.545563598,0,0
17190.553164756,0,1
17190.555578022,0,0
17191.563179166,0,1
17191.564448806,1,1
17191.567080844,0,1
17191.567116432,0,0
17192.573193560,0,1
17192.575606576,0,0
17193.583207942,0,1
17193.585620958,0,0
17194.593222304,0,1
17194.595635320,0,0
17195.603236728,0,1
17195.605649746,0,0
17196.613251118,0,1
17196.615664136,0,0
17197.623265504,0,1
17197.625678520,0,0
17198.633279916,0,1
17198.635693182,0,0
17199.643294278,0,1
17199.645707544,0,0
17200.653308732,0,1
17200.655721998,0,0
17201.663323080,0,1
17201.664592766,1,1
17201.667224410,0,1
17201.667260344,0,0
17202.673337538,0,1
17202.675750804,0,0
17203.683351940,0,1
17203.685765206,0,0
17204.693366374,0,1
17204.695779390,0,0
17205.703380786,0,1
17205.705793802,0,0
17206.713395152,0,1
17206.715808166,0,0
17207.723409560,0,1
17207.725822576,0,0
17208.733423950,0,1
17208.735836966,0,0
17209.743438320,0,1
17209.745851336,0,0
17210.753452710,0,1
17210.755865976,0,0
17211.763467094,0,1
17211.764736804,1,1
17211.767368994,0,1
17211.767404608,0,0
17212.773481670,0,1
17212.775894686,0,0
17213.783496022,0,1
17213.785909038,0,0
17214.793510420,0,1
17214.795923436,0,0
17215.803524798,0,1
17215.805937814,0,0
17216.813539190,0,1
17216.815952456,0,0
17217.823553604,0,1
17217.825966870,0,0
17218.833567956,0,1
17218.835981224,0,0
17219.843582350,0,1
17219.845995616,0,0
17220.853596806,0,1
17220.856009822,0,0
17221.863611248,0,1
17221.864880768,1,1
17221.867512432,0,1
17221.867548512,0,0
17222.873625480,0,1
17222.876038496,0,0
17223.883639916,0,1
17223.886052932,0,0
17224.893654248,0,1
17224.896067264,0,0
17225.903668672,0,1
17225.906081688,0,0
17226.913683058,0,1
17226.916096074,0,0
17227.923697414,0,1
17227.926110680,0,0
17228.933711864,0,1
17228.936125132,0,0
17229.943726224,0,1
17229.946139490,0,0
17230.953740586,0,1
17230.956153852,0,0
17231.963754974,0,1
17231.965024750,1,1
17231.967656248,0,1
17231.967692238,0,0
17232.973769460,0,1
17232.976182476,0,0
17233.983783900,0,1
17233.986196916,0,0
17234.993798272,0,1
17234.996211288,0,0
17236.003812680,0,1
17236.006225946,0,0
17237.013827090,0,1
17237.016240356,0,0
17238.023841502,0,1
17238.026254768,0,0
17239.033855822,0,1
17239.036269088,0,0
17240.043870336,0,1
17240.046283352,0,0
17241.053884676,0,1
17241.056297692,0,0
17242.063899048,0,1
17242.065168756,1,1
17242.067800508,0,1
17242.067836562,0,0
17243.073913626,0,1
17243.076326642,0,0
17244.083927978,0,1
17244.086340996,0,0
17245.093942352,0,1
17245.096355368,0,0
17246.103956768,0,1
17246.106370034,0,0
17247.113971142,0,1
17247.116384408,0,0
17248.123985546,0,1
17248.126398812,0,0
17249.133999986,0,1
17249.136413002,0,0
17250.144014430,0,1
17250.146427446,0,0
17251.154028800,0,1
17251.156441816,0,0
17252.164043128,0,1
17252.165312676,1,1
17252.167944338,0,1
17252.167980142,0,0
17253.174057614,0,1
17253.176470630,0,0
17254.184071972,0,1
17254.186484988,0,0
17255.194086338,0,1
17255.196499354,0,0
17256.204100716,0,1
17256.206513982,0,0
17257.214115080,0,1
17257.216528346,0,0
17258.224129498,0,1
17258.226542764,0,0
17259.234143948,0,1
17259.236556964,0,0
17260.244158370,0,1
17260.246571384,0,0
17261.254172718,0,1
17261.256585734,0,0
17262.264187170,0,1
17262.265456688,1,1
17262.268088616,0,1
17262.268124184,0,0
17263.274201410,0,1
17263.276614426,0,0
17264.284215814,0,1
17264.286628830,0,0
17265.294230210,0,1
17265.296643228,0,0
17266.304244580,0,1
17266.306657596,0,0
17267.314258984,0,1
17267.316672250,0,0
17268.324273358,0,1
17268.326686624,0,0
17269.334287754,0,1
17269.336701020,0,0
17270.344302178,0,1
17270.346715444,0,0
17271.354316584,0,1
17271.356729600,0,0
17272.364330906,0,1
17272.365600610,1,1
17272.368232302,0,1
17272.368268422,0,0
17273.374345482,0,1
17273.376758498,0,0
17274.384359878,0,1
17274.386772894,0,0
17275.394374228,0,1
17275.396787244,0,0
17276.404388658,0,1
17276.406801924,0,0
17277.414403016,0,1
17277.416816282,0,0
17278.424417416,0,1
17278.426830682,0,0
17279.434431824,0,1
17279.436845090,0,0
17280.444446242,0,1
17280.446859258,0,0
17281.454460624,0,1
17281.455730226,1,1
17281.458362376,0,1
17281.458397888,0,0
17282.464475048,0,1
17282.466888064,0,0
17283.474489462,0,1
17283.476902478,0,0
17284.484503830,0,1
17284.486916848,0,0
17285.494518184,0,1
17285.496931200,0,0
17286.504532640,0,1
17286.506945906,0,0
17287.514547000,0,1
17287.516960266,0,0
17288.524561394,0,1
17288.526974660,0,0
17289.534575848,0,1
17289.536988864,0,0
17290.544590224,0,1
17290.547003240,0,0
17291.554604592,0,1
17291.555874154,1,1
17291.558506224,0,1
17291.558541856,0,0
17292.564618996,0,1
17292.567032012,0,0
17293.574633350,0,1
17293.577046366,0,0
17294.584647744,0,1
17294.587060760,0,0
17295.594662170,0,1
17295.597075186,0,0
17296.604676566,0,1
17296.607089830,0,0
17297.614690958,0,1
17297.617104224,0,0
17298.624705378,0,1
17298.627118644,0,0
17299.634719694,0,1
17299.637132962,0,0
17300.644734152,0,1
17300.647147168,0,0
17301.654748582,0,1
17301.656018176,1,1
17301.658650118,0,1
17301.658685846,0,0
17302.664762964,0,1
17302.667175982,0,0
17303.674777332,0,1
17303.677190348,0,0
17304.684791718,0,1
17304.687204734,0,0
17305.694806124,0,1
17305.697219390,0,0
17306.704820516,0,1
17306.707233782,0,0
17307.714834888,0,1
17307.717248154,0,0
17308.724849326,0,1
17308.727262594,0,0
17309.734863788,0,1
17309.737276804,0,0
17310.744878152,0,1
17310.747291168,0,0
17311.754892508,0,1
17311.756162104,1,1
17311.758793822,0,1
17311.758829772,0,0
17312.764906936,0,1
17312.767319952,0,0
17313.774921318,0,1
17313.777334334,0,0
17314.784935690,0,1
17314.787348706,0,0
17315.794950118,0,1
17315.797363134,0,0
17316.804964492,0,1
17316.807377760,0,0
17317.814978866,0,1
17317.817392132,0,0
17318.824993290,0,1
17318.827406556,0,0
17319.835007658,0,1
17319.837420924,0,0
17320.845022096,0,1
17320.847435112,0,0
17321.855036516,0,1
17321.856306086,1,1
17321.858938160,0,1
17321.858973780,0,0
17322.865050908,0,1
17322.867463924,0,0
17323.875065296,0,1
17323.877478312,0,0
17324.885079668,0,1
17324.887492684,0,0
17325.895094078,0,1
17325.897507094,0,0
17326.905108442,0,1
17326.907521458,0,0
17327.915122836,0,1
17327.917536102,0,0
17328.925137208,0,1
17328.927550474,0,0
17329.935151630,0,1
17329.937564896,0,0
17330.945166008,0,1
17330.947579274,0,0
17331.955180410,0,1
17331.956450086,1,1
17331.959081534,0,1
17331.959117676,0,0
17332.965194974,0,1
17332.967607990,0,0
17333.975209328,0,1
17333.977622344,0,0
17334.985223678,0,1
17334.987636694,0,0
17335.995238064,0,1
17335.997651080,0,0
17337.005252474,0,1
17337.007665740,0,0
17338.015266886,0,1
17338.017680152,0,0
17339.025281202,0,1
17339.027694468,0,0
17340.035295664,0,1
17340.037708930,0,0
17341.045310014,0,1
17341.047723280,0,0
17342.055324464,0,1
17342.056594014,1,1
17342.059225862,0,1
17342.059261730,0,0
17343.065338852,0,1
17343.067751868,0,0
17344.075353212,0,1
17344.077766228,0,0
17345.085367624,0,1
17345.087780640,0,0
17346.095382022,0,1
17346.097795038,0,0
17347.105396412,0,1
17347.107809678,0,0
17348.115410816,0,1
17348.117824082,0,0
17349.125425152,0,1
17349.127838418,0,0
17350.135439648,0,1
17350.137852664,0,0
17351.145453994,0,1
17351.147867010,0,0
17352.155468396,0,1
17352.156738036,1,1
17352.159370052,0,1
17352.159405662,0,0
17353.165482786,0,1
17353.167895802,0,0
17354.175497182,0,1
17354.177910198,0,0
17355.185511564,0,1
17355.187924580,0,0
17356.195525984,0,1
17356.197939000,0,0
17357.205540356,0,1
17357.207953622,0,0
17358.215554730,0,1
17358.217967996,0,0
17359.225569162,0,1
17359.227982428,0,0
17360.235583534,0,1
17360.237996800,0,0
17361.245598000,0,1
17361.248011016,0,0
17362.255612380,0,1
17362.256882002,1,1
17362.259513952,0,1
17362.259549644,0,0
17363.265626762,0,1
17363.268039776,0,0
17364.275641144,0,1
17364.278054158,0,0
17365.285655528,0,1
17365.288068544,0,0
17366.295669962,0,1
17366.298082978,0,0
17367.305684324,0,1
17367.308097588,0,0
17368.315698692,0,1
17368.318111958,0,0
17369.325713154,0,1
17369.328126420,0,0
17370.335727502,0,1
17370.338140768,0,0
17371.345741946,0,1
17371.348155214,0,0
17372.355756326,0,1
17372.357025912,1,1
17372.359657594,0,1
17372.359693590,0,0
17373.365770704,0,1
17373.368183720,0,0
17374.375785110,0,1
17374.378198126,0,0
17375.385799508,0,1
17375.388212524,0,0
17376.395813868,0,1
17376.398226884,0,0
17377.405828296,0,1
17377.408241562,0,0
17378.415842644,0,1
17378.418255910,0,0
17379.425857044,0,1
17379.428270310,0,0
17380.435871452,0,1
17380.438284718,0,0
17381.445885846,0,1
17381.447155484,1,1
17381.449786926,0,1
17381.449823110,0,0
17382.455900246,0,1
17382.458313262,0,0
17383.465914618,0,1
17383.468327634,0,0
17384.475929000,0,1
17384.478342016,0,0
17385.485943414,0,1
17385.488356428,0,0
17386.495957768,0,1
17386.498370784,0,0
17387.505972172,0,1
17387.508385438,0,0
17388.515986564,0,1
17388.518399830,0,0
17389.526000992,0,1
17389.528414258,0,0
17390.536015336,0,1
17390.538428602,0,0
17391.546029742,0,1
17391.547299450,1,1
17391.549931040,0,1
17391.549967258,0,0
17392.556044286,0,1
17392.558457302,0,0
17393.566058640,0,1
17393.568471656,0,0
17394.576073012,0,1
17394.578486028,0,0
17395.586087402,0,1
17395.588500418,0,0
17396.596101836,0,1
17396.598515102,0,0
17397.606116238,0,1
17397.608529506,0,0
17398.616130610,0,1
17398.618543876,0,0
17399.626144940,0,1
17399.628558206,0,0
17400.636159356,0,1
17400.638572622,0,0
17401.646173816,0,1
17401.647443476,1,1
17401.650075402,0,1
17401.650111082,0,0
17402.656188204,0,1
17402.658601220,0,0
17403.666202594,0,1
17403.668615610,0,0
17404.676216996,0,1
17404.678630012,0,0
17405.686231344,0,1
17405.688644360,0,0
17406.696245732,0,1
17406.698658998,0,0
17407.706260122,0,1
17407.708673388,0,0
17408.716274562,0,1
17408.718687828,0,0
17409.726288924,0,1
17409.728702190,0,0
17410.736303336,0,1
17410.738716602,0,0
17411.746317722,0,1
17411.747587430,1,1
17411.750219252,0,1
17411.750255238,0,0
17412.756332252,0,1
17412.758745268,0,0
17413.766346676,0,1
17413.768759692,0,0
17414.776361000,0,1
17414.778774018,0,0
17415.786375446,0,1
17415.788788462,0,0
17416.796389774,0,1
17416.798803040,0,0
17417.806404204,0,1
17417.808817470,0,0
17418.816418578,0,1
17418.818831844,0,0
17419.826432942,0,1
17419.828846208,0,0
17420.836447434,0,1
17420.838860450,0,0
17421.846461854,0,1
17421.847731414,1,1
17421.850363500,0,1
17421.850399118,0,0
17422.856476228,0,1
17422.858889244,0,0
17423.866490584,0,1
17423.868903600,0,0
17424.876504964,0,1
17424.878917980,0,0
17425.886519400,0,1
17425.888932416,0,0
17426.896533806,0,1
17426.898947072,0,0
17427.906548158,0,1
17427.908961424,0,0
17428.916562550,0,1
17428.918975816,0,0
17429.926576926,0,1
17429.928990192,0,0
17430.936591378,0,1
17430.939004394,0,0
17431.946605806,0,1
17431.947875334,1,1
17431.950507128,0,1
17431.950543070,0,0
17432.956620012,0,1
17432.959033028,0,0
17433.966634436,0,1
17433.969047452,0,0
17434.976648802,0,1
17434.979061818,0,0
17435.986663206,0,1
17435.989076222,0,0
17436.996677612,0,1
17436.999090628,0,0
17438.006692016,0,1
17438.009105282,0,0
17439.016706380,0,1
17439.019119646,0,0
17440.026720804,0,1
17440.029134070,0,0
17441.036735156,0,1
17441.039148422,0,0
17442.046749502,0,1
17442.048019268,1,1
17442.050650952,0,1
17442.050687018,0,0
17443.056764028,0,1
17443.059177044,0,0
17444.066778424,0,1
17444.069191440,0,0
17445.076792854,0,1
17445.079205870,0,0
17446.086807218,0,1
17446.089220234,0,0
17447.096821648,0,1
17447.099234912,0,0
17448.106835996,0,1
17448.109249262,0,0
17449.116850402,0,1
17449.119263668,0,0
17450.126864754,0,1
17450.129278020,0,0
17451.136879152,0,1
17451.139292418,0,0
17452.146893630,0,1
17452.148163258,1,1
17452.150795074,0,1
17452.150830896,0,0
17453.156907994,0,1
17453.159321010,0,0
17454.166922404,0,1
17454.169335420,0,0
17455.176936786,0,1
17455.179349802,0,0
17456.186951198,0,1
17456.189364214,0,0
17457.196965584,0,1
17457.199378850,0,0
17458.206979992,0,1
17458.209393258,0,0
17459.216994334,0,1
17459.219407600,0,0
17460.227008730,0,1
17460.229421996,0,0
17461.237023176,0,1
17461.239436442,0,0
17462.247037574,0,1
17462.248307244,1,1
17462.250938710,0,1
17462.250974840,0,0
17463.257052112,0,1
17463.259465128,0,0
17464.267066492,0,1
17464.269479508,0,0
17465.277080924,0,1
17465.279493940,0,0
17466.287095268,0,1
17466.289508534,0,0
17467.297109674,0,1
17467.299522940,0,0
17468.307124040,0,1
17468.309537306,0,0
17469.317138474,0,1
17469.319551490,0,0
17470.327152868,0,1
17470.329565884,0,0
17471.337167288,0,1
17471.339580306,0,0
17472.347181668,0,1
17472.348451228,1,1
17472.351083264,0,1
17472.351118934,0,0
17473.357196056,0,1
17473.359609072,0,0
17474.367210436,0,1
17474.369623452,0,0
17475.377224844,0,1
17475.379637860,0,0
17476.387239272,0,1
17476.389652538,0,0
17477.397253596,0,1
17477.399666862,0,0
17478.407268000,0,1
17478.409681266,0,0
17479.417282410,0,1
17479.419695676,0,0
17480.427296784,0,1
17480.429710050,0,0
17481.437311204,0,1
17481.438580802,1,1
17481.441212324,0,1
17481.441248470,0,0
17482.447325604,0,1
17482.449738620,0,0
17483.457340012,0,1
17483.459753028,0,0
17484.467354388,0,1
17484.469767404,0,0
17485.477368784,0,1
17485.479781802,0,0
17486.487383154,0,1
17486.489796420,0,0
17487.497397540,0,1
17487.499810806,0,0
17488.507411914,0,1
17488.509825178,0,0
17489.517426332,0,1
17489.519839348,0,0
17490.527440758,0,1
17490.529853776,0,0
17491.537455150,0,1
17491.538724780,1,1
17491.541356186,0,1
17491.541392416,0,0
17492.547469538,0,1
17492.549882554,0,0
17493.557483940,0,1
17493.559896956,0,0
17494.567498328,0,1
17494.569911344,0,0
17495.577512654,0,1
17495.579925670,0,0
17496.587527110,0,1
17496.589940378,0,0
17497.597541524,0,1
17497.599954790,0,0
17498.607555860,0,1
17498.609969126,0,0
17499.617570234,0,1
17499.619983500,0,0
17500.627584676,0,1
17500.629997942,0,0
17501.637599128,0,1
17501.638868744,1,1
17501.641500488,0,1
17501.641536394,0,0
17502.647613472,0,1
17502.650026488,0,0
17503.657627888,0,1
17503.660040904,0,0
17504.667642262,0,1
17504.670055278,0,0
17505.677656642,0,1
17505.680069658,0,0
17506.687671036,0,1
17506.690084302,0,0
17507.697685456,0,1
17507.700098722,0,0
17508.707699844,0,1
17508.710113110,0,0
17509.717714182,0,1
17509.720127448,0,0
17510.727728598,0,1
17510.730141864,0,0
17511.737743064,0,1
17511.739012638,1,1
17511.741644068,0,1
17511.741680330,0,0
17512.747757434,0,1
17512.750170450,0,0
17513.757771858,0,1
17513.760184874,0,0
17514.767786214,0,1
17514.770199230,0,0
17515.777800618,0,1
17515.780213884,0,0
17516.787815002,0,1
17516.790228268,0,0
17517.797829406,0,1
17517.800242672,0,0
17518.807843738,0,1
17518.810257004,0,0
17519.817858192,0,1
17519.820271208,0,0
17520.827872574,0,1
17520.830285590,0,0
17521.837886988,0,1
17521.839156652,1,1
17521.841788402,0,1
17521.841824254,0,0
17522.847901506,0,1
17522.850314522,0,0
17523.857915950,0,1
17523.860328966,0,0
17524.867930270,0,1
17524.870343288,0,0
17525.877944696,0,1
17525.880357962,0,0
17526.887959098,0,1
17526.890372364,0,0
17527.897973490,0,1
17527.900386756,0,0
17528.907987932,0,1
17528.910400948,0,0
17529.918002324,0,1
17529.920415340,0,0
17530.928016662,0,1
17530.930429676,0,0
17531.938031090,0,1
17531.939300580,1,1
17531.941932392,0,1
17531.941968356,0,0
17532.948045392,0,1
17532.950458408,0,0
17533.958059744,0,1
17533.960472760,0,0
17534.968074132,0,1
17534.970487148,0,0
17535.978088546,0,1
17535.980501562,0,0
17536.988102922,0,1
17536.990516188,0,0
17537.998117282,0,1
17538.000530548,0,0
17539.008131688,0,1
17539.010544954,0,0
17540.018146112,0,1
17540.020559378,0,0
17541.028160526,0,1
17541.030573542,0,0
17542.038174906,0,1
17542.039444638,1,1
17542.042076432,0,1
17542.042112420,0,0
17543.048189426,0,1
17543.050602442,0,0
17544.058203826,0,1
17544.060616842,0,0
17545.068218220,0,1
17545.070631236,0,0
17546.078232584,0,1
17546.080645600,0,0
17547.088246996,0,1
17547.090660262,0,0
17548.098261376,0,1
17548.100674642,0,0
17549.108275804,0,1
17549.110689072,0,0
17550.118290192,0,1
17550.120703458,0,0
17551.128304574,0,1
17551.130717838,0,0
17552.138318948,0,1
17552.139588542,1,1
17552.142220416,0,1
17552.142256212,0,0
17553.148333348,0,1
17553.150746364,0,0
17554.158347712,0,1
17554.160760728,0,0
17555.168362142,0,1
17555.170775160,0,0
17556.178376520,0,1
17556.180789538,0,0
17557.188390862,0,1
17557.190804128,0,0
17558.198405250,0,1
17558.200818516,0,0
17559.208419712,0,1
17559.210832978,0,0
17560.218434112,0,1
17560.220847378,0,0
17561.228448526,0,1
17561.230861542,0,0
17562.238462942,0,1
17562.239732484,1,1
17562.242364242,0,1
17562.242400208,0,0
17563.248477194,0,1
17563.250890210,0,0
17564.258491596,0,1
17564.260904612,0,0
17565.268505922,0,1
17565.270918938,0,0
17566.278520344,0,1
17566.280933360,0,0
17567.288534768,0,1
17567.290947784,0,0
17568.298549136,0,1
17568.300962404,0,0
17569.308563536,0,1
17569.310976802,0,0
17570.318577908,0,1
17570.320991174,0,0
17571.328592264,0,1
17571.331005530,0,0
17572.338606648,0,1
17572.339876504,1,1
17572.342507970,0,1
17572.342544162,0,0
17573.348621320,0,1
17573.351034336,0,0
17574.358635736,0,1
17574.361048752,0,0
17575.368650078,0,1
17575.371063094,0,0
17576.378664456,0,1
17576.381077722,0,0
17577.388678876,0,1
17577.391092142,0,0
17578.398693232,0,1
17578.401106498,0,0
17579.408707664,0,1
17579.411120930,0,0
17580.418722130,0,1
17580.421135146,0,0
17581.428736496,0,1
17581.430006038,1,1
17581.432637686,0,1
17581.432673762,0,0
17582.438750908,0,1
17582.441163924,0,0
17583.448765278,0,1
17583.451178294,0,0
17584.458779724,0,1
17584.461192740,0,0
17585.468794046,0,1
17585.471207312,0,0
17586.478808450,0,1
17586.481221716,0,0
17587.488822824,0,1
17587.491236090,0,0
17588.498837230,0,1
17588.501250496,0,0
17589.508851660,0,1
17589.511264678,0,0
17590.518866062,0,1
17590.521279080,0,0
17591.528880442,0,1
17591.530150094,1,1
17591.532781604,0,1
17591.532817708,0,0
17592.538894862,0,1
17592.541307878,0,0
17593.548909248,0,1
17593.551322264,0,0
17594.558923676,0,1
17594.561336692,0,0
17595.568938048,0,1
17595.571351314,0,0
17596.578952414,0,1
17596.581365680,0,0
17597.588966790,0,1
17597.591380056,0,0
17598.598981206,0,1
17598.601394472,0,0
17599.608995684,0,1
17599.611408700,0,0
17600.619010030,0,1
17600.621423046,0,0
17601.629024468,0,1
17601.630294062,1,1
17601.632926416,0,1
17601.632961732,0,0
17602.639038824,0,1
17602.641451840,0,0
17603.649053196,0,1
17603.651466212,0,0
17604.659067600,0,1
17604.661480618,0,0
17605.669082000,0,1
17605.671495016,0,0
17606.679096376,0,1
17606.681509644,0,0
17607.689110726,0,1
17607.691523992,0,0
17608.699125194,0,1
17608.701538460,0,0
17609.709139560,0,1
17609.711552826,0,0
17610.719153926,0,1
17610.721567192,0,0
17611.729168394,0,1
17611.730438042,1,1
17611.733069728,0,1
17611.733105660,0,0
17612.739182764,0,1
17612.741595780,0,0
17613.749197174,0,1
17613.751610190,0,0
17614.759211598,0,1
17614.761624614,0,0
17615.769225952,0,1
17615.771639218,0,0
17616.779240330,0,1
17616.781653596,0,0
17617.789254718,0,1
17617.791667984,0,0
17618.799269140,0,1
17618.801682408,0,0
17619.809283562,0,1
17619.811696830,0,0
17620.819297934,0,1
17620.821711200,0,0
17621.829312336,0,1
17621.830581998,1,1
17621.833214012,0,1
17621.833249600,0,0
17622.839326744,0,1
17622.841739760,0,0
17623.849341164,0,1
17623.851754180,0,0
17624.859355534,0,1
17624.861768552,0,0
17625.869369936,0,1
17625.871782952,0,0
17626.879384318,0,1
17626.881797584,0,0
17627.889398716,0,1
17627.891811982,0,0
17628.899413066,0,1
17628.901826332,0,0
17629.909427504,0,1
17629.911840770,0,0
17630.919441952,0,1
17630.921854968,0,0
17631.929456314,0,1
17631.930725910,1,1
17631.933357398,0,1
17631.933393578,0,0
17632.939470690,0,1
17632.941883706,0,0
17633.949485152,0,1
17633.951898168,0,0
17634.959499512,0,1
17634.961912528,0,0
17635.969513902,0,1
17635.971926918,0,0
17636.979528242,0,1
17636.981941508,0,0
17637.989542640,0,1
17637.991955906,0,0
17638.999557060,0,1
17639.001970326,0,0
17640.009571444,0,1
17640.011984710,0,0
17641.019585938,0,1
17641.021998954,0,0
17642.029600292,0,1
17642.030869938,1,1
17642.033501446,0,1
17642.033537556,0,0
17643.039614670,0,1
17643.042027686,0,0
17644.049629054,0,1
17644.052042070,0,0
17645.059643470,0,1
17645.062056486,0,0
17646.069657810,0,1
17646.072071076,0,0
17647.079672270,0,1
17647.082085536,0,0
17648.089686656,0,1
17648.092099922,0,0
17649.099701064,0,1
17649.102114080,0,0
17650.109715442,0,1
17650.112128458,0,0
17651.119729846,0,1
17651.122142862,0,0
17652.129744230,0,1
17652.131013870,1,1
17652.133645476,0,1
17652.133681496,0,0
17653.139758630,0,1
17653.142171646,0,0
17654.149773054,0,1
17654.152186070,0,0
17655.159787408,0,1
17655.162200424,0,0
17656.169801780,0,1
17656.172214796,0,0
17657.179816220,0,1
17657.182229486,0,0
17658.189830550,0,1
17658.192243816,0,0
17659.199844916,0,1
17659.202258182,0,0
17660.209859336,0,1
17660.212272604,0,0
17661.219873784,0,1
17661.222286800,0,0
17662.229888194,0,1
17662.231157920,1,1
17662.233789808,0,1
17662.233825710,0,0
17663.239902672,0,1
17663.242315690,0,0
17664.249917082,0,1
17664.252330098,0,0
17665.259931490,0,1
17665.262344506,0,0
17666.269945910,0,1
17666.272359176,0,0
17667.279960256,0,1
17667.282373522,0,0
17668.289974622,0,1
17668.292387890,0,0
17669.299989016,0,1
17669.302402282,0,0
17670.310003500,0,1
17670.312416516,0,0
17671.320017848,0,1
17671.322430866,0,0
17672.330032254,0,1
17672.331301836,1,1
17672.333933654,0,1
17672.333969520,0,0
17673.340046672,0,1
17673.342459688,0,0
17674.350061028,0,1
17674.352474046,0,0
17675.360075426,0,1
17675.362488442,0,0
17676.370089820,0,1
17676.372503088,0,0
17677.380104184,0,1
17677.382517450,0,0
17678.390118610,0,1
17678.392531876,0,0
17679.400133004,0,1
17679.402546270,0,0
17680.410147440,0,1
17680.412560456,0,0
17681.420161834,0,1
17681.421431318,1,1
17681.424063068,0,1
17681.424099100,0,0
17682.430176104,0,1
17682.432589120,0,0
17683.440190492,0,1
17683.442603508,0,0
17684.450204828,0,1
17684.452617846,0,0
17685.460219294,0,1
17685.462632310,0,0
17686.470233670,0,1
17686.472646936,0,0
17687.480248108,0,1
17687.482661124,0,0
17688.490262486,0,1
17688.492675502,0,0
17689.500276808,0,1
17689.502690074,0,0
17690.510291222,0,1
17690.512704490,0,0
17691.520305622,0,1
17691.521575342,1,1
17691.524206966,0,1
17691.524243138,0,0
17692.530320088,0,1
17692.532733106,0,0
17693.540334530,0,1
17693.542747546,0,0
17694.550348902,0,1
17694.552761916,0,0
17695.560363262,0,1
17695.562776278,0,0
17696.570377696,0,1
17696.572790960,0,0
17697.580392042,0,1
17697.582805308,0,0
17698.590406498,0,1
17698.592819764,0,0
17699.600420934,0,1
17699.602833950,0,0
17700.610435320,0,1
17700.612848336,0,0
17701.620449704,0,1
17701.621719256,1,1
17701.624351086,0,1
17701.624386968,0,0
17702.630464074,0,1
17702.632877090,0,0
17703.640478476,0,1
17703.642891492,0,0
17704.650492854,0,1
17704.652905870,0,0
17705.660507222,0,1
17705.662920240,0,0
17706.670521666,0,1
17706.672934932,0,0
17707.680536044,0,1
17707.682949310,0,0
17708.690550424,0,1
17708.692963690,0,0
17709.700564838,0,1
17709.702978104,0,0
17710.710579258,0,1
17710.712992274,0,0
17711.720593660,0,1
17711.721863216,1,1
17711.724494850,0,1
17711.724530924,0,0
17712.730608016,0,1
17712.733021032,0,0
17713.740622416,0,1
17713.743035432,0,0
17714.750636764,0,1
17714.753049780,0,0
17715.760651218,0,1
17715.763064234,0,0
17716.770665610,0,1
17716.773078876,0,0
17717.780680010,0,1
17717.783093276,0,0
17718.790694402,0,1
17718.793107668,0,0
17719.800708752,0,1
17719.803122018,0,0
17720.810723216,0,1
17720.813136232,0,0
17721.820737602,0,1
17721.822007126,1,1
17721.824639078,0,1
17721.824674868,0,0
17722.830751866,0,1
17722.833164882,0,0
17723.840766268,0,1
17723.843179284,0,0
17724.850780658,0,1
17724.853193674,0,0
17725.860795048,0,1
17725.863208064,0,0
17726.870809394,0,1
17726.873222410,0,0
17727.880823790,0,1
17727.883237056,0,0
17728.890838194,0,1
17728.893251462,0,0
17729.900852596,0,1
17729.903265862,0,0
17730.910866964,0,1
17730.913280230,0,0
17731.920881346,0,1
17731.922151056,1,1
17731.924782688,0,1
17731.924818860,0,0
17732.930895880,0,1
17732.933308896,0,0
17733.940910254,0,1
17733.943323270,0,0
17734.950924678,0,1
17734.953337694,0,0
17735.960938982,0,1
17735.963351998,0,0
17736.970953388,0,1
17736.973366654,0,0
17737.980967772,0,1
17737.983381038,0,0
17738.990982160,0,1
17738.993395426,0,0
17740.000996580,0,1
17740.003409848,0,0
17741.011011046,0,1
17741.013424062,0,0
17742.021025404,0,1
17742.022295082,1,1
17742.024927024,0,1
17742.024962668,0,0
17743.031039910,0,1
17743.033452926,0,0
17744.041054324,0,1
17744.043467340,0,0
17745.051068716,0,1
17745.053481732,0,0
17746.061083136,0,1
17746.063496152,0,0
17747.071097454,0,1
17747.073510720,0,0
17748.081111842,0,1
17748.083525108,0,0
17749.091126248,0,1
17749.093539514,0,0
17750.101140662,0,1
17750.103553928,0,0
17751.111155030,0,1
17751.113568296,0,0
17752.121169478,0,1
17752.122438958,1,1
17752.125070462,0,1
17752.125106742,0,0
17753.131183782,0,1
17753.133596798,0,0
17754.141198110,0,1
17754.143611126,0,0
17755.151212540,0,1
17755.153625558,0,0
17756.161226926,0,1
17756.163639942,0,0
17757.171241368,0,1
17757.173654384,0,0
17758.181255714,0,1
17758.183668730,0,0
17759.191270092,0,1
17759.193683108,0,0
17760.201284520,0,1
17760.203697536,0,0
17761.211298870,0,1
17761.213711886,0,0
17762.221313262,0,1
17762.222582980,1,1
17762.225215082,0,1
17762.225250526,0,0
17763.231327808,0,1
17763.233740824,0,0
17764.241342186,0,1
17764.243755202,0,0
17765.251356590,0,1
17765.253769606,0,0
17766.261370964,0,1
17766.263783980,0,0
17767.271385322,0,1
17767.273798588,0,0
17768.281399680,0,1
17768.283812948,0,0
17769.291414128,0,1
17769.293827394,0,0
17770.301428468,0,1
17770.303841736,0,0
17771.311442960,0,1
17771.313855976,0,0
17772.321457390,0,1
17772.322726908,1,1
17772.325358588,0,1
17772.325394656,0,0
17773.331471630,0,1
17773.333884646,0,0
17774.341486006,0,1
17774.343899022,0,0
17775.351500382,0,1
17775.353913398,0,0
17776.361514774,0,1
17776.363927790,0,0
17777.371529192,0,1
17777.373942206,0,0
17778.381543522,0,1
17778.383956540,0,0
17779.391557956,0,1
17779.393971222,0,0
17780.401572306,0,1
17780.403985572,0,0
17781.411586702,0,1
17781.412856492,1,1
17781.415488232,0,1
17781.415523966,0,0
17782.421601382,0,1
17782.424014398,0,0
17783.431615742,0,1
17783.434028758,0,0
17784.441630154,0,1
17784.444043170,0,0
17785.451644518,0,1
17785.454057534,0,0
17786.461658928,0,1
17786.464072194,0,0
17787.471673350,0,1
17787.474086616,0,0
17788.481687682,0,1
17788.484100946,0,0
17789.491702090,0,1
17789.494115356,0,0
17790.501716574,0,1
17790.504129590,0,0
17791.511730930,0,1
17791.513000408,1,1
17791.515631862,0,1
17791.515668194,0,0
17792.521745200,0,1
17792.524158216,0,0
17793.531759632,0,1
17793.534172648,0,0
17794.541774002,0,1
17794.544187018,0,0
17795.551788374,0,1
17795.554201390,0,0
17796.561802768,0,1
17796.564215784,0,0
17797.571817110,0,1
17797.574230376,0,0
17798.581831534,0,1
17798.584244800,0,0
17799.591845910,0,1
17799.594259176,0,0
17800.601860340,0,1
17800.604273606,0,0
17801.611874660,0,1
17801.613144326,1,1
17801.615775958,0,1
17801.615811924,0,0
17802.621889224,0,1
17802.624302242,0,0
17803.631903576,0,1
17803.634316590,0,0
17804.641917982,0,1
17804.644330998,0,0
17805.651932388,0,1
17805.654345654,0,0
17806.661946774,0,1
17806.664360040,0,0
17807.671961116,0,1
17807.674374382,0,0
17808.681975510,0,1
17808.684388776,0,0
17809.691989980,0,1
17809.694402996,0,0
17810.702004330,0,1
17810.704417346,0,0
17811.712018790,0,1
17811.713288280,1,1
17811.715919996,0,1
17811.715956054,0,0
17812.722033030,0,1
17812.724446046,0,0
17813.732047438,0,1
17813.734460454,0,0
17814.742061804,0,1
17814.744474820,0,0
17815.752076182,0,1
17815.754489198,0,0
17816.762090590,0,1
17816.764503604,0,0
17817.772104990,0,1
17817.774518256,0,0
17818.782119338,0,1
17818.784532604,0,0
17819.792133714,0,1
17819.794546980,0,0
17820.802148148,0,1
17820.804561414,0,0
17821.812162526,0,1
17821.813432224,1,1
17821.816064018,0,1
17821.816100040,0,0
17822.822177062,0,1
17822.824590078,0,0
17823.832191442,0,1
17823.834604460,0,0
17824.842205858,0,1
17824.844618874,0,0
17825.852220238,0,1
17825.854633254,0,0
17826.862234628,0,1
17826.864647644,0,0
17827.872248996,0,1
17827.874662012,0,0
17828.882263398,0,1
17828.884676414,0,0
17829.892277786,0,1
17829.894690802,0,0
17830.902292186,0,1
17830.904705202,0,0
17831.912306560,0,1
17831.913576206,1,1
17831.916208392,0,1
17831.916243826,0,0
17832.922320976,0,1
17832.924733992,0,0
17833.932335330,0,1
17833.934748346,0,0
17834.942349718,0,1
17834.944762734,0,0
17835.952364122,0,1
17835.954777136,0,0
17836.962378466,0,1
17836.964791482,0,0
17837.972392906,0,1
17837.974806172,0,0
17838.982407314,0,1
17838.984820580,0,0
17839.992421660,0,1
17839.994834926,0,0
17841.002436030,0,1
17841.004849296,0,0
17842.012450552,0,1
17842.013720102,1,1
17842.016351858,0,1
17842.016387816,0,0
17843.022464902,0,1
17843.024877920,0,0
17844.032479292,0,1
17844.034892308,0,0
17845.042493744,0,1
17845.044906760,0,0
17846.052508078,0,1
17846.054921094,0,0
17847.062522478,0,1
17847.064935494,0,0
17848.072536900,0,1
17848.074949918,0,0
17849.082551258,0,1
17849.084964524,0,0
17850.092565662,0,1
17850.094978928,0,0
17851.102580012,0,1
17851.104993278,0,0
17852.112594448,0,1
17852.113864026,1,1
17852.116495926,0,1
17852.116531714,0,0
17853.122608792,0,1
17853.125021808,0,0
17854.132623176,0,1
17854.135036192,0,0
17855.142637608,0,1
17855.145050624,0,0
17856.152651992,0,1
17856.155065008,0,0
17857.162666370,0,1
17857.165079386,0,0
17858.172680762,0,1
17858.175094028,0,0
17859.182695144,0,1
17859.185108410,0,0
17860.192709554,0,1
17860.195122820,0,0
17861.202723948,0,1
17861.205137212,0,0
17862.212738332,0,1
17862.214008026,1,1
17862.216639736,0,1
17862.216675596,0,0
17863.222752834,0,1
17863.225165850,0,0
17864.232767220,0,1
17864.235180236,0,0
17865.242781592,0,1
17865.245194608,0,0
17866.252796016,0,1
17866.255209032,0,0
17867.262810356,0,1
17867.265223372,0,0
17868.272824750,0,1
17868.275237766,0,0
17869.282839124,0,1
17869.285252138,0,0
17870.292853542,0,1
17870.295266808,0,0
17871.302867942,0,1
17871.305281208,0,0
17872.312882318,0,1
17872.314151902,1,1
17872.316783650,0,1
17872.316819582,0,0
17873.322896694,0,1
17873.325309710,0,0
17874.332911132,0,1
17874.335324148,0,0
17875.342925526,0,1
17875.345338542,0,0
17876.352939912,0,1
17876.355352928,0,0
17877.362954256,0,1
17877.365367272,0,0
17878.372968628,0,1
17878.375381644,0,0
17879.382983048,0,1
17879.385396314,0,0
17880.392997436,0,1
17880.395410702,0,0
17881.403011832,0,1
17881.404281528,1,1
17881.406912934,0,1
17881.406949346,0,0
17882.413026330,0,1
17882.415439346,0,0
17883.423040770,0,1
17883.425453786,0,0
17884.433055140,0,1
17884.435468156,0,0
17885.443069504,0,1
17885.445482520,0,0
17886.453083898,0,1
17886.455496914,0,0
17887.463098286,0,1
17887.465511302,0,0
17888.473112682,0,1
17888.475525948,0,0
17889.483127068,0,1
17889.485540334,0,0
17890.493141468,0,1
17890.495554736,0,0
17891.503155796,0,1
17891.504425426,1,1
17891.507057314,0,1
17891.507093060,0,0
17892.513170272,0,1
17892.515583288,0,0
17893.523184648,0,1
17893.525597664,0,0
17894.533198990,0,1
17894.535612006,0,0
17895.543213394,0,1
17895.545626410,0,0
17896.553227796,0,1
17896.555640812,0,0
17897.563242204,0,1
17897.565655220,0,0
17898.573256580,0,1
17898.575669596,0,0
17899.583270980,0,1
17899.585683996,0,0
17900.593285362,0,1
17900.595698628,0,0
17901.603299772,0,1
17901.604569420,1,1
17901.607201568,0,1
17901.607237036,0,0
17902.613314108,0,1
17902.615727124,0,0
17903.623328522,0,1
17903.625741538,0,0
17904.633342892,0,1
17904.635755908,0,0
17905.643357330,0,1
17905.645770346,0,0
17906.653371702,0,1
17906.655784718,0,0
17907.663386088,0,1
17907.665799104,0,0
17908.673400440,0,1
17908.675813456,0,0
17909.683414838,0,1
17909.685828104,0,0
17910.693429222,0,1
17910.695842490,0,0
17911.703443630,0,1
17911.704713378,1,1
17911.707344744,0,1
17911.707381144,0,0
17912.713458164,0,1
17912.715871180,0,0
17913.723472562,0,1
17913.725885578,0,0
17914.733486916,0,1
17914.735899932,0,0
17915.743501308,0,1
17915.745914324,0,0
17916.753515726,0,1
17916.755928742,0,0
17917.763530058,0,1
17917.765943324,0,0
17918.773544476,0,1
17918.775957742,0,0
17919.783558860,0,1
17919.785972126,0,0
17920.793573218,0,1
17920.795986484,0,0
17921.803587610,0,1
17921.804857256,1,1
17921.807489042,0,1
17921.807524876,0,0
17922.813602060,0,1
17922.816015076,0,0
17923.823616372,0,1
17923.826029388,0,0
17924.833630804,0,1
17924.836043820,0,0
17925.843645232,0,1
17925.846058248,0,0
17926.853659568,0,1
17926.856072584,0,0
17927.863673970,0,1
17927.866086986,0,0
17928.873688344,0,1
17928.876101610,0,0
17929.883702760,0,1
17929.886116026,0,0
17930.893717128,0,1
17930.896130394,0,0
17931.903731542,0,1
17931.905001242,1,1
17931.907632960,0,1
17931.907669058,0,0
17932.913746080,0,1
17932.916159096,0,0
17933.923760412,0,1
17933.926173428,0,0
17934.933774820,0,1
17934.936187836,0,0
17935.943789196,0,1
17935.946202212,0,0
17936.953803588,0,1
17936.956216854,0,0
17937.963817952,0,1
17937.966231218,0,0
17938.973832338,0,1
17938.976245604,0,0
17939.983846738,0,1
17939.986260004,0,0
17940.993861162,0,1
17940.996274428,0,0
17942.003875578,0,1
17942.005145158,1,1
17942.007777202,0,1
17942.007812842,0,0
17943.013889960,0,1
17943.016302978,0,0
17944.023904370,0,1
17944.026317386,0,0
17945.033918768,0,1
17945.036331784,0,0
17946.043933144,0,1
17946.046346162,0,0
17947.053947498,0,1
17947.056360514,0,0
17948.063961900,0,1
17948.066375166,0,0
17949.073976276,0,1
17949.076389542,0,0
17950.083990702,0,1
17950.086403968,0,0
17951.094005100,0,1
17951.096418366,0,0
17952.104019458,0,1
17952.105289152,1,1
17952.107920508,0,1
17952.107956722,0,0
17953.114033946,0,1
17953.116446962,0,0
17954.124048386,0,1
17954.126461404,0,0
17955.134062768,0,1
17955.136475782,0,0
17956.144077188,0,1
17956.146490204,0,0
17957.154091550,0,1
17957.156504816,0,0
17958.164105942,0,1
17958.166519208,0,0
17959.174120326,0,1
17959.176533592,0,0
17960.184134718,0,1
17960.186547984,0,0
17961.194149140,0,1
17961.196562156,0,0
17962.204163534,0,1
17962.205433068,1,1
17962.208064550,0,1
17962.208100548,0,0
17963.214177840,0,1
17963.216590856,0,0
17964.224192224,0,1
17964.226605240,0,0
17965.234206574,0,1
17965.236619590,0,0
17966.244221014,0,1
17966.246634030,0,0
17967.254235346,0,1
17967.256648362,0,0
17968.264249798,0,1
17968.266662814,0,0
17969.274264138,0,1
17969.276677154,0,0
17970.284278558,0,1
17970.286691574,0,0
17971.294292894,0,1
17971.296705910,0,0
17972.304307326,0,1
17972.305577028,1,1
17972.308208652,0,1
17972.308244840,0,0
17973.314321814,0,1
17973.316734828,0,0
17974.324336200,0,1
17974.326749216,0,0
17975.334350584,0,1
17975.336763600,0,0
17976.344364964,0,1
17976.346777980,0,0
17977.354379376,0,1
17977.356792642,0,0
17978.364393746,0,1
17978.366807012,0,0
17979.374408152,0,1
17979.376821416,0,0
17980.384422536,0,1
17980.386835802,0,0
17981.394436992,0,1
17981.395706620,1,1
17981.398338034,0,1
17981.398374258,0,0
17982.404451394,0,1
17982.406864410,0,0
17983.414465782,0,1
17983.416878798,0,0
17984.424480140,0,1
17984.426893156,0,0
17985.434494520,0,1
17985.436907536,0,0
17986.444508928,0,1
17986.446922194,0,0
17987.454523306,0,1
17987.456936572,0,0
17988.464537700,0,1
17988.466950968,0,0
17989.474552082,0,1
17989.476965348,0,0
17990.484566520,0,1
17990.486979538,0,0
17991.494580946,0,1
17991.495850534,1,1
17991.498482210,0,1
17991.498518212,0,0
17992.504595310,0,1
17992.507008326,0,0
17993.514609714,0,1
17993.517022730,0,0
17994.524624084,0,1
17994.527037100,0,0
17995.534638490,0,1
17995.537051506,0,0
17996.544652888,0,1
17996.547066154,0,0
17997.554667276,0,1
17997.557080542,0,0
17998.564681662,0,1
17998.567094926,0,0
17999.574696032,0,1
17999.577109298,0,0
18000.584710478,0,1
18000.587123494,0,0
18001.594724914,0,1
18001.595994470,1,1
18001.598626346,0,1
18001.598662178,0,0
18002.604739264,0,1
18002.607152280,0,0
18003.614753654,0,1
18003.617166670,0,0
18004.624768004,0,1
18004.627181020,0,0
18005.634782414,0,1
18005.637195432,0,0
18006.644796792,0,1
18006.647210058,0,0
18007.654811212,0,1
18007.657224478,0,0
18008.664825562,0,1
18008.667238828,0,0
18009.674839950,0,1
18009.677253216,0,0
18010.684854408,0,1
18010.687267424,0,0
18011.694868802,0,1
18011.696138444,1,1
18011.698770152,0,1
18011.698806066,0,0
18012.704883198,0,1
18012.707296214,0,0
18013.714897608,0,1
18013.717310624,0,0
18014.724911990,0,1
18014.727325006,0,0
18015.734926388,0,1
18015.737339404,0,0
18016.744940746,0,1
18016.747354014,0,0
18017.754955170,0,1
18017.757368436,0,0
18018.764969530,0,1
18018.767382796,0,0
18019.774983882,0,1
18019.777397148,0,0
18020.784998334,0,1
18020.787411600,0,0
18021.795012790,0,1
18021.796282458,1,1
18021.798914242,0,1
18021.798950054,0,0
18022.805027254,0,1
18022.807440270,0,0
18023.815041674,0,1
18023.817454690,0,0
18024.825056040,0,1
18024.827469056,0,0
18025.835070458,0,1
18025.837483724,0,0
18026.845084848,0,1
18026.847498114,0,0
18027.855099196,0,1
18027.857512462,0,0
18028.865113606,0,1
18028.867526872,0,0
18029.875128040,0,1
18029.877541056,0,0
18030.885142418,0,1
18030.887555434,0,0
18031.895156796,0,1
18031.896426324,1,1
18031.899058294,0,1
18031.899094060,0,0
18032.905171200,0,1
18032.907584216,0,0
18033.915185576,0,1
18033.917598592,0,0
18034.925200012,0,1
18034.927613028,0,0
18035.935214380,0,1
18035.937627396,0,0
18036.945228786,0,1
18036.947641802,0,0
18037.955243156,0,1
18037.957656172,0,0
18038.965257576,0,1
18038.967670842,0,0
18039.975271962,0,1
18039.977685226,0,0
18040.985286322,0,1
18040.987699588,0,0
18041.995300682,0,1
18041.996570272,1,1
18041.999201800,0,1
18041.999237946,0,0
18043.005315140,0,1
18043.007728156,0,0
18044.015329488,0,1
18044.017742504,0,0
18045.025343854,0,1
18045.027756870,0,0
18046.035358298,0,1
18046.037771566,0,0
18047.045372618,0,1
18047.047785882,0,0
18048.055387040,0,1
18048.057800308,0,0
18049.065401414,0,1
18049.067814680,0,0
18050.075415852,0,1
18050.077828868,0,0
18051.085430272,0,1
18051.087843288,0,0
18052.095444670,0,1
18052.096714262,1,1
18052.099346568,0,1
18052.099381934,0,0
18053.105458998,0,1
18053.107872014,0,0
18054.115473424,0,1
18054.117886440,0,0
18055.125487824,0,1
18055.127900840,0,0
18056.135502170,0,1
18056.137915186,0,0
18057.145516618,0,1
18057.147929884,0,0
18058.155530950,0,1
18058.157944218,0,0
18059.165545380,0,1
18059.167958646,0,0
18060.175559730,0,1
18060.177972996,0,0
18061.185574166,0,1
18061.187987182,0,0
18062.195588598,0,1
18062.196858122,1,1
18062.199489574,0,1
18062.199525612,0,0
18063.205602844,0,1
18063.208015860,0,0
18064.215617208,0,1
18064.218030226,0,0
18065.225631588,0,1
18065.228044604,0,0
18066.235645970,0,1
18066.238058986,0,0
18067.245660390,0,1
18067.248073406,0,0
18068.255674764,0,1
18068.258088030,0,0
18069.265689148,0,1
18069.268102412,0,0
18070.275703570,0,1
18070.278116836,0,0
18071.285717944,0,1
18071.288131210,0,0
18072.295732302,0,1
18072.297002132,1,1
18072.299633772,0,1
18072.299669816,0,0
18073.305746960,0,1
18073.308159976,0,0
18074.315761332,0,1
18074.318174348,0,0
18075.325775726,0,1
18075.328188742,0,0
18076.335790096,0,1
18076.338203362,0,0
18077.345804504,0,1
18077.348217770,0,0
18078.355818854,0,1
18078.358232120,0,0
18079.365833256,0,1
18079.368246522,0,0
18080.375847742,0,1
18080.378260760,0,0
18081.385862072,0,1
18081.387131620,1,1
18081.389763276,0,1
18081.389799338,0,0
18082.395876336,0,1
18082.398289352,0,0
18083.405890780,0,1
18083.408303796,0,0
18084.415905128,0,1
18084.418318144,0,0
18085.425919488,0,1
18085.428332506,0,0
18086.435933864,0,1
18086.438347130,0,0
18087.445948302,0,1
18087.448361568,0,0
18088.455962700,0,1
18088.458375966,0,0
18089.465977064,0,1
18089.468390330,0,0
18090.475991516,0,1
18090.478404532,0,0
18091.486005864,0,1
18091.487275600,1,1
18091.489907260,0,1
18091.489943378,0,0
18092.496020416,0,1
18092.498433432,0,0
18093.506034750,0,1
18093.508447766,0,0
18094.516049136,0,1
18094.518462152,0,0
18095.526063586,0,1
18095.528476852,0,0
18096.536077966,0,1
18096.538491232,0,0
18097.546092350,0,1
18097.548505616,0,0
18098.556106760,0,1
18098.558520026,0,0
18099.566121176,0,1
18099.568534192,0,0
18100.576135582,0,1
18100.578548598,0,0
18101.586149916,0,1
18101.587419496,1,1
18101.590051048,0,1
18101.590087180,0,0
18102.596164360,0,1
18102.598577376,0,0
18103.606178734,0,1
18103.608591750,0,0
18104.616193124,0,1
18104.618606140,0,0
18105.626207478,0,1
18105.628620494,0,0
18106.636221908,0,1
18106.638634924,0,0
18107.646236228,0,1
18107.648649244,0,0
18108.656250644,0,1
18108.658663660,0,0
18109.666265016,0,1
18109.668678282,0,0
18110.676279414,0,1
18110.678692680,0,0
18111.686293816,0,1
18111.687563384,1,1
18111.690195072,0,1
18111.690231082,0,0
18112.696308172,0,1
18112.698721188,0,0
18113.706322570,0,1
18113.708735586,0,0
18114.716336968,0,1
18114.718749984,0,0
18115.726351382,0,1
18115.728764398,0,0
18116.736365768,0,1
18116.738778784,0,0
18117.746380166,0,1
18117.748793432,0,0
18118.756394530,0,1
18118.758807796,0,0
18119.766408892,0,1
18119.768822158,0,0
18120.776423282,0,1
18120.778836546,0,0
18121.786437774,0,1
18121.787707384,1,1
18121.790338902,0,1
18121.790375038,0,0
18122.796452152,0,1
18122.798865168,0,0
18123.806466472,0,1
18123.808879490,0,0
18124.816480900,0,1
18124.818893916,0,0
18125.826495312,0,1
18125.828908328,0,0
18126.836509680,0,1
18126.838922946,0,0
18127.846524054,0,1
18127.848937320,0,0
18128.856538402,0,1
18128.858951668,0,0
18129.866552870,0,1
18129.868966136,0,0
18130.876567244,0,1
18130.878980510,0,0
18131.886581716,0,1
18131.887851332,1,1
18131.890482612,0,1
18131.890518980,0,0
18132.896596040,0,1
18132.899009056,0,0
18133.906610480,0,1
18133.909023496,0,0
18134.916624806,0,1
18134.919037822,0,0
18135.926639236,0,1
18135.929052250,0,0
18136.936653598,0,1
18136.939066864,0,0
18137.946667976,0,1
18137.949081242,0,0
18138.956682364,0,1
18138.959095630,0,0
18139.966696764,0,1
18139.969110030,0,0
18140.976711204,0,1
18140.979124220,0,0
18141.986725652,0,1
18141.987995296,1,1
18141.990627400,0,1
18141.990662916,0,0
18142.996740012,0,1
18142.999153028,0,0
18144.006754398,0,1
18144.009167414,0,0
18145.016768754,0,1
18145.019181770,0,0
18146.026783152,0,1
18146.029196418,0,0
18147.036797572,0,1
18147.039210838,0,0
18148.046811950,0,1
18148.049225216,0,0
18149.056826294,0,1
18149.059239560,0,0
18150.066840766,0,1
18150.069253782,0,0
18151.076855182,0,1
18151.079268200,0,0
18152.086869520,0,1
18152.088139228,1,1
18152.090770610,0,1
18152.090807034,0,0
18153.096884024,0,1
18153.099297040,0,0
18154.106898462,0,1
18154.109311478,0,0
18155.116912818,0,1
18155.119325834,0,0
18156.126927204,0,1
18156.129340222,0,0
18157.136941604,0,1
18157.139354870,0,0
18158.146956018,0,1
18158.149369284,0,0
18159.156970406,0,1
18159.159383672,0,0
18160.166984762,0,1
18160.169398028,0,0
18161.176999236,0,1
18161.179412252,0,0
18162.187013592,0,1
18162.188283096,1,1
18162.190915004,0,1
18162.190950856,0,0
18163.197027846,0,1
18163.199440862,0,0
18164.207042274,0,1
18164.209455290,0,0
18165.217056646,0,1
18165.219469662,0,0
18166.227071062,0,1
18166.229484078,0,0
18167.237085408,0,1
18167.239498674,0,0
18168.247099836,0,1
18168.249513102,0,0
18169.257114212,0,1
18169.259527478,0,0
18170.267128572,0,1
18170.269541836,0,0
18171.277142994,0,1
18171.279556010,0,0
18172.287157412,0,1
18172.288427064,1,1
18172.291059164,0,1
18172.291094676,0,0
18173.297171840,0,1
18173.299584856,0,0
18174.307186108,0,1
18174.309599374,0,0
18175.317200584,0,1
18175.319613600,0,0
18176.327214950,0,1
18176.329627966,0,0
18177.337229352,0,1
18177.339642368,0,0
18177.398542970,1,0
18177.399282926,0,0
18177.400267772,1,0
18177.400883574,0,0
18178.347243774,0,1
18178.349656790,0,0
18179.357258104,0,1
18179.359671120,0,0
18180.367272554,0,1
18180.369685570,0,0
18181.377286918,0,1
18181.378556600,1,1
18181.381188586,0,1
18181.381224182,0,0
18182.387301452,0,1
18182.389714468,0,0
18183.397315806,0,1
18183.399728822,0,0
18184.407330246,0,1
18184.409743262,0,0
18185.417344604,0,1
18185.419757620,0,0
18186.427359024,0,1
18186.429772290,0,0
18187.437373342,0,1
18187.439786610,0,0
18188.447387798,0,1
18188.449801064,0,0
18189.457402124,0,1
18189.459815390,0,0
18190.467416602,0,1
18190.469829618,0,0
18191.477431016,0,1
18191.478700564,1,1
18191.481332462,0,1
18191.481368030,0,0
18192.487445350,0,1
18192.489858368,0,0
18193.497459780,0,1
18193.499872796,0,0
18194.507474134,0,1
18194.509887150,0,0
18195.517488552,0,1
18195.519901568,0,0
18196.527502884,0,1
18196.529916150,0,0
18197.537517344,0,1
18197.539930610,0,0
18198.547531694,0,1
18198.549944960,0,0
18199.557546068,0,1
18199.559959334,0,0
18200.567560530,0,1
18200.569973546,0,0
18201.577574944,0,1
18201.578844454,1,1
18201.581475862,0,1
18201.581512208,0,0
18202.587589176,0,1
18202.590002192,0,0
18203.597603564,0,1
18203.600016580,0,0
18204.607617988,0,1
18204.610031004,0,0
18205.617632366,0,1
18205.620045382,0,0
18206.627646718,0,1
18206.630059736,0,0
18207.637661096,0,1
18207.640074364,0,0
18208.647675478,0,1
18208.650088744,0,0
18209.657689892,0,1
18209.660103160,0,0
18210.667704270,0,1
18210.670117536,0,0
18211.677718654,0,1
18211.678988340,1,1
18211.681620000,0,1
18211.681655920,0,0
18212.687733230,0,1
18212.690146246,0,0
18213.697747582,0,1
18213.700160598,0,0
18214.707761918,0,1
18214.710174934,0,0
18215.717776322,0,1
18215.720189340,0,0
18216.727790724,0,1
18216.730203990,0,0
18217.737805128,0,1
18217.740218394,0,0
18218.747819508,0,1
18218.750232774,0,0
18219.757833908,0,1
18219.760247174,0,0
18220.767848320,0,1
18220.770261336,0,0
18221.777862720,0,1
18221.779132322,1,1
18221.781764034,0,1
18221.781799986,0,0
18222.787877098,0,1
18222.790290114,0,0
18223.797891458,0,1
18223.800304474,0,0
18224.807905890,0,1
18224.810318906,0,0
18225.817920272,0,1
18225.820333288,0,0
18226.827934702,0,1
18226.830347970,0,0
18227.837949022,0,1
18227.840362286,0,0
18228.847963418,0,1
18228.850376684,0,0
18229.857977782,0,1
18229.860391048,0,0
18230.867992286,0,1
18230.870405302,0,0
18231.878006656,0,1
18231.879276302,1,1
18231.881908106,0,1
18231.881943922,0,0
18232.888021018,0,1
18232.890434034,0,0
18233.898035434,0,1
18233.900448450,0,0
18234.908049840,0,1
18234.910462856,0,0
18235.918064208,0,1
18235.920477224,0,0
18236.928078610,0,1
18236.930491626,0,0
18237.938092980,0,1
18237.940505996,0,0
18238.948107350,0,1
18238.950520616,0,0
18239.958121776,0,1
18239.960535042,0,0
18240.968136174,0,1
18240.970549438,0,0
18241.978150508,0,1
18241.979420194,1,1
18241.982052086,0,1
18241.982087772,0,0
18242.988165048,0,1
18242.990578314,0,0
18243.998179394,0,1
18244.000592660,0,0
18245.008193836,0,1
18245.010606852,0,0
18246.018208196,0,1
18246.020621212,0,0
18247.028222640,0,1
18247.030635656,0,0
18248.038237012,0,1
18248.040650028,0,0
18249.048251360,0,1
18249.050664626,0,0
18250.058265810,0,1
18250.060679076,0,0
18251.068280142,0,1
18251.070693408,0,0
18252.078294540,0,1
18252.079564084,1,1
18252.082196322,0,1
18252.082231804,0,0
18253.088308958,0,1
18253.090721974,0,0
18254.098323370,0,1
18254.100736386,0,0
18255.108337706,0,1
18255.110750722,0,0
18256.118352110,0,1
18256.120765126,0,0
18257.128366482,0,1
18257.130779748,0,0
18258.138380860,0,1
18258.140794126,0,0
18259.148395290,0,1
18259.150808556,0,0
18260.158409656,0,1
18260.160822922,0,0
18261.168424104,0,1
18261.170837120,0,0
18262.178438482,0,1
18262.179708028,1,1
18262.182340164,0,1
18262.182375746,0,0
18263.188452860,0,1
18263.190865876,0,0
18264.198467288,0,1
18264.200880304,0,0
18265.208481648,0,1
18265.210894666,0,0
18266.218496024,0,1
18266.220909040,0,0
18267.228510408,0,1
18267.230923426,0,0
18268.238524810,0,1
18268.240938076,0,0
18269.248539220,0,1
18269.250952488,0,0
18270.258553568,0,1
18270.260966834,0,0
18271.268567934,0,1
18271.270981200,0,0
18272.278582404,0,1
18272.279851950,1,1
18272.282483366,0,1
18272.282519668,0,0
18273.288596616,0,1
18273.291009632,0,0
18274.298611020,0,1
18274.301024036,0,0
18275.308625440,0,1
18275.311038456,0,0
18276.318639808,0,1
18276.321052824,0,0
18277.328654162,0,1
18277.331067178,0,0
18278.338668576,0,1
18278.341081592,0,0
18279.348682924,0,1
18279.351095940,0,0
18280.358697314,0,1
18280.361110330,0,0
18281.368711702,0,1
18281.371124968,0,0
18282.378726138,0,1
18282.379995866,1,1
18282.382627752,0,1
18282.382663404,0,0
18283.388740636,0,1
18283.391153652,0,0
18284.398754988,0,1
18284.401168004,0,0
18285.408769382,0,1
18285.411182398,0,0
18286.418783802,0,1
18286.421196818,0,0
18287.428798156,0,1
18287.431211172,0,0
18288.438812526,0,1
18288.441225794,0,0
18289.448826960,0,1
18289.451240226,0,0
18290.458841344,0,1
18290.461254610,0,0
18291.468855712,0,1
18291.470125360,1,1
18291.472756730,0,1
18291.472792976,0,0
18292.478870094,0,1
18292.481283110,0,0
18293.488884498,0,1
18293.491297514,0,0
18294.498898862,0,1
18294.501311878,0,0
18295.508913240,0,1
18295.511326254,0,0
18296.518927660,0,1
18296.521340676,0,0
18297.528942034,0,1
18297.531355050,0,0
18298.538956406,0,1
18298.541369422,0,0
18299.548970814,0,1
18299.551384080,0,0
18300.558985182,0,1
18300.561398448,0,0
18301.568999548,0,1
18301.570269282,1,1
18301.572900516,0,1
18301.572937062,0,0
18302.579014060,0,1
18302.581427076,0,0
18303.589028468,0,1
18303.591441484,0,0
18304.599042808,0,1
18304.601455824,0,0
18305.609057248,0,1
18305.611470264,0,0
18306.619071586,0,1
18306.621484602,0,0
18307.629086002,0,1
18307.631499018,0,0
18308.639100414,0,1
18308.641513680,0,0
18309.649114754,0,1
18309.651528020,0,0
18310.659129166,0,1
18310.661542432,0,0
18311.669143576,0,1
18311.670413246,1,1
18311.673044902,0,1
18311.673080840,0,0
18312.679157980,0,1
18312.681571246,0,0
18313.689172370,0,1
18313.691585634,0,0
18314.699186850,0,1
18314.701599866,0,0
18315.709201232,0,1
18315.711614250,0,0
18316.719215628,0,1
18316.721628644,0,0
18317.729229982,0,1
18317.731642998,0,0
18318.739244420,0,1
18318.741657436,0,0
18319.749258778,0,1
18319.751671794,0,0
18320.759273150,0,1
18320.761686416,0,0
18321.769287544,0,1
18321.770557106,1,1
18321.773188692,0,1
18321.773224808,0,0
18322.779301918,0,1
18322.781714934,0,0
18323.789316290,0,1
18323.791729306,0,0
18324.799330676,0,1
18324.801743692,0,0
18325.809345120,0,1
18325.811758138,0,0
18326.819359476,0,1
18326.821772492,0,0
18327.829373848,0,1
18327.831786864,0,0
18328.839388254,0,1
18328.841801272,0,0
18329.849402574,0,1
18329.851815840,0,0
18330.859416982,0,1
18330.861830248,0,0
18331.869431364,0,1
18331.870701054,1,1
18331.873332668,0,1
18331.873368878,0,0
18332.879445894,0,1
18332.881858910,0,0
18333.889460290,0,1
18333.891873306,0,0
18334.899474680,0,1
18334.901887696,0,0
18335.909489070,0,1
18335.911902086,0,0
18336.919503440,0,1
18336.921916458,0,0
18337.929517842,0,1
18337.931931108,0,0
18338.939532222,0,1
18338.941945488,0,0
18339.949546614,0,1
18339.951959880,0,0
18340.959560978,0,1
18340.961974246,0,0
18341.969575362,0,1
18341.970844950,1,1
18341.973476926,0,1
18341.973512628,0,0
18342.979589738,0,1
18342.982002756,0,0
18343.989604094,0,1
18343.992017110,0,0
18344.999618478,0,1
18345.002031494,0,0
18346.009632916,0,1
18346.012045930,0,0
18347.019647246,0,1
18347.022060262,0,0
18348.029661650,0,1
18348.032074666,0,0
18349.039676032,0,1
18349.042089298,0,0
18350.049690428,0,1
18350.052103694,0,0
18351.059704838,0,1
18351.062118104,0,0
18352.069719172,0,1
18352.070988872,1,1
18352.073620404,0,1
18352.073656686,0,0
18353.079733670,0,1
18353.082146686,0,0
18354.089748068,0,1
18354.092161084,0,0
18355.099762478,0,1
18355.102175494,0,0
18356.109776784,0,1
18356.112190050,0,0
18357.119791238,0,1
18357.122204504,0,0
18358.129805620,0,1
18358.132218886,0,0
18359.139820016,0,1
18359.142233280,0,0
18360.149834454,0,1
18360.152247470,0,0
18361.159848812,0,1
18361.162261828,0,0
18362.169863192,0,1
18362.171132784,1,1
18362.173764646,0,1
18362.173800456,0,0
18363.179877576,0,1
18363.182290592,0,0
18364.189891968,0,1
18364.192304984,0,0
18365.199906332,0,1
18365.202319348,0,0
18366.209920730,0,1
18366.212333746,0,0
18367.219935098,0,1
18367.222348364,0,0
18368.229949496,0,1
18368.232362762,0,0
18369.239963890,0,1
18369.242377156,0,0
18370.249978266,0,1
18370.252391532,0,0
18371.259992746,0,1
18371.262405762,0,0
18372.270007086,0,1
18372.271276726,1,1
18372.273908100,0,1
18372.273944350,0,0
18373.280021486,0,1
18373.282434502,0,0
18374.290035898,0,1
18374.292448914,0,0
18375.300050222,0,1
18375.302463238,0,0
18376.310064624,0,1
18376.312477890,0,0
18377.320079048,0,1
18377.322492316,0,0
18378.330093358,0,1
18378.332506626,0,0
18379.340107810,0,1
18379.342521076,0,0
18380.350122202,0,1
18380.352535220,0,0
18381.360136634,0,1
18381.362549650,0,0
18382.370150994,0,1
18382.371420546,1,1
18382.374052410,0,1
18382.374088258,0,0
18383.380165354,0,1
18383.382578370,0,0
18384.390179794,0,1
18384.392592810,0,0
18385.400194146,0,1
18385.402607162,0,0
18386.410208570,0,1
18386.412621586,0,0
18387.420222928,0,1
18387.422636194,0,0
18388.430237338,0,1
18388.432650606,0,0
18389.440251720,0,1
18389.442664986,0,0
18390.450266138,0,1
18390.452679154,0,0
18391.460280532,0,1
18391.461550060,1,1
18391.464181354,0,1
18391.464217548,0,0
18392.470294800,0,1
18392.472707816,0,0
18393.480309200,0,1
18393.482722216,0,0
18394.490323546,0,1
18394.492736562,0,0
18395.500337926,0,1
18395.502750942,0,0
18396.510352296,0,1
18396.512765312,0,0
18397.520366668,0,1
18397.522779934,0,0
18398.530381082,0,1
18398.532794348,0,0
18399.540395476,0,1
18399.542808742,0,0
18400.550409874,0,1
18400.552823140,0,0
18401.560424280,0,1
18401.561693972,1,1
18401.564325608,0,1
18401.564361546,0,0
18402.570438740,0,1
18402.572851756,0,0
18403.580453150,0,1
18403.582866166,0,0
18404.590467526,0,1
18404.592880542,0,0
18405.600481874,0,1
18405.602894890,0,0
18406.610496312,0,1
18406.612909578,0,0
18407.620510692,0,1
18407.622923960,0,0
18408.630525058,0,1
18408.632938324,0,0
18409.640539416,0,1
18409.642952682,0,0
18410.650553858,0,1
18410.652966876,0,0
18411.660568252,0,1
18411.661837902,1,1
18411.664469316,0,1
18411.664505518,0,0
18412.670582666,0,1
18412.672995682,0,0
18413.680597048,0,1
18413.683010064,0,0
18414.690611432,0,1
18414.693024448,0,0
18415.700625820,0,1
18415.703038836,0,0
18416.710640164,0,1
18416.713053180,0,0
18417.720654552,0,1
18417.723067818,0,0
18418.730668956,0,1
18418.733082222,0,0
18419.740683310,0,1
18419.743096576,0,0
18420.750697732,0,1
18420.753110996,0,0
18421.760712112,0,1
18421.761981718,1,1
18421.764613434,0,1
18421.764649376,0,0
18422.770726468,0,1
18422.773139486,0,0
18423.780740870,0,1
18423.783153888,0,0
18424.790755230,0,1
18424.793168246,0,0
18425.800769654,0,1
18425.803182670,0,0
18426.810784000,0,1
18426.813197016,0,0
18427.820798380,0,1
18427.823211648,0,0
18428.830812800,0,1
18428.833226066,0,0
18429.840827202,0,1
18429.843240468,0,0
18430.850841548,0,1
18430.853254814,0,0
18431.860855902,0,1
18431.862125706,1,1
18431.864757044,0,1
18431.864793418,0,0
18432.870870564,0,1
18432.873283580,0,0
18433.880884946,0,1
18433.883297964,0,0
18434.890899336,0,1
18434.893312352,0,0
18435.900913762,0,1
18435.903326778,0,0
18436.910928086,0,1
18436.913341352,0,0
18437.920942530,0,1
18437.923355796,0,0
18438.930956890,0,1
18438.933370156,0,0
18439.940971320,0,1
18439.943384586,0,0
18440.950985712,0,1
18440.953398728,0,0
18441.961000098,0,1
18441.962269578,1,1
18441.964901170,0,1
18441.964937364,0,0
18442.971014398,0,1
18442.973427416,0,0
18443.981028758,0,1
18443.983441774,0,0
18444.991043102,0,1
18444.993456116,0,0
18446.001057526,0,1
18446.003470542,0,0
18447.011071886,0,1
18447.013484902,0,0
18448.021086262,0,1
18448.023499528,0,0
18449.031100660,0,1
18449.033513926,0,0
18450.041115048,0,1
18450.043528314,0,0
18451.051129432,0,1
18451.053542698,0,0
18452.061143848,0,1
18452.062413474,1,1
18452.065045314,0,1
18452.065081114,0,0
18453.071158222,0,1
18453.073571238,0,0
18454.081172582,0,1
18454.083585598,0,0
18455.091187020,0,1
18455.093600036,0,0
18456.101201352,0,1
18456.103614368,0,0
18457.111215764,0,1
18457.113628780,0,0
18458.121230158,0,1
18458.123643426,0,0
18459.131244496,0,1
18459.133657762,0,0
18460.141258912,0,1
18460.143672178,0,0
18461.151273284,0,1
18461.153686550,0,0
18462.161287664,0,1
18462.162557322,1,1
18462.165188972,0,1
18462.165224928,0,0
18463.171302154,0,1
18463.173715170,0,0
18464.181316560,0,1
18464.183729576,0,0
18465.191330966,0,1
18465.193743982,0,0
18466.201345302,0,1
18466.203758318,0,0
18467.211359680,0,1
18467.213772696,0,0
18468.221374112,0,1
18468.223787378,0,0
18469.231388486,0,1
18469.233801752,0,0
18470.241402834,0,1
18470.243816102,0,0
18471.251417238,0,1
18471.253830504,0,0
18472.261431658,0,1
18472.262701232,1,1
18472.265333322,0,1
18472.265368924,0,0
18473.271446040,0,1
18473.273859056,0,0
18474.281460364,0,1
18474.283873380,0,0
18475.291474792,0,1
18475.293887808,0,0
18476.301489162,0,1
18476.303902178,0,0
18477.311503570,0,1
18477.313916836,0,0
18478.321517944,0,1
18478.323931210,0,0
18479.331532358,0,1
18479.333945624,0,0
18480.341546660,0,1
18480.343959926,0,0
18481.351561116,0,1
18481.353974380,0,0
18482.361575518,0,1
18482.362845164,1,1
18482.365477194,0,1
18482.365512784,0,0
18483.371589908,0,1
18483.374002924,0,0
18484.381604292,0,1
18484.384017308,0,0
18485.391618700,0,1
18485.394031716,0,0
18486.401633052,0,1
18486.404046068,0,0
18487.411647410,0,1
18487.414060426,0,0
18488.421661862,0,1
18488.424075128,0,0
18489.431676270,0,1
18489.434089536,0,0
18490.441690556,0,1
18490.444103822,0,0
18491.451704994,0,1
18491.452974624,1,1
18491.455606332,0,1
18491.455642258,0,0
18492.461719358,0,1
18492.464132374,0,0
18493.471733756,0,1
18493.474146772,0,0
18494.481748140,0,1
18494.484161156,0,0
18495.491762508,0,1
18495.494175524,0,0
18496.501776888,0,1
18496.504189906,0,0
18497.511791280,0,1
18497.514204296,0,0
18498.521805684,0,1
18498.524218950,0,0
18499.531820090,0,1
18499.534233356,0,0
18500.541834440,0,1
18500.544247706,0,0
18501.551848824,0,1
18501.553118584,1,1
18501.555750254,0,1
18501.555786338,0,0
18502.561863362,0,1
18502.564276378,0,0
18503.571877684,0,1
18503.574290700,0,0
18504.581892108,0,1
18504.584305124,0,0
18505.591906462,0,1
18505.594319478,0,0
18506.601920838,0,1
18506.604334104,0,0
18507.611935260,0,1
18507.614348528,0,0
18508.621949638,0,1
18508.624362904,0,0
18509.631964054,0,1
18509.634377320,0,0
18510.641978452,0,1
18510.644391718,0,0
18511.651992874,0,1
18511.653262510,1,1
18511.655893928,0,1
18511.655930138,0,0
18512.662007220,0,1
18512.664420236,0,0
18513.672021604,0,1
18513.674434620,0,0
18514.682035968,0,1
18514.684448984,0,0
18515.692050386,0,1
18515.694463402,0,0
18516.702064782,0,1
18516.704477798,0,0
18517.712079118,0,1
18517.714492134,0,0
18518.722093552,0,1
18518.724506568,0,0
18519.732107968,0,1
18519.734521234,0,0
18520.742122332,0,1
18520.744535598,0,0
18521.752136738,0,1
18521.753406380,1,1
18521.756038006,0,1
18521.756074002,0,0
18522.762151116,0,1
18522.764564132,0,0
18523.772165462,0,1
18523.774578478,0,0
18524.782179834,0,1
18524.784592850,0,0
18525.792194226,0,1
18525.794607242,0,0
18526.802208622,0,1
18526.804621638,0,0
18527.812223026,0,1
18527.814636042,0,0
18528.822237420,0,1
18528.824650686,0,0
18529.832251752,0,1
18529.834665018,0,0
18530.842266184,0,1
18530.844679450,0,0
18531.852280532,0,1
18531.853550308,1,1
18531.856181892,0,1
18531.856218046,0,0
18532.862295094,0,1
18532.864708110,0,0
18533.872309426,0,1
18533.874722442,0,0
18534.882323812,0,1
18534.884736830,0,0
18535.892338192,0,1
18535.894751208,0,0
18536.902352570,0,1
18536.904765836,0,0
18537.912366960,0,1
18537.914780226,0,0
18538.922381330,0,1
18538.924794596,0,0
18539.932395754,0,1
18539.934809020,0,0
18540.942410218,0,1
18540.944823234,0,0
18541.952424592,0,1
18541.953694182,1,1
18541.956325920,0,1
18541.956361858,0,0
18542.962438948,0,1
18542.964851962,0,0
18543.972453366,0,1
18543.974866384,0,0
18544.982467720,0,1
18544.984880736,0,0
18545.992482104,0,1
18545.994895120,0,0
18547.002496506,0,1
18547.004909522,0,0
18548.012510894,0,1
18548.014924160,0,0
18549.022525234,0,1
18549.024938500,0,0
18550.032539608,0,1
18550.034952874,0,0
18551.042554020,0,1
18551.044967286,0,0
18552.052568384,0,1
18552.053838116,1,1
18552.056470150,0,1
18552.056505648,0,0
18553.062582956,0,1
18553.064995972,0,0
18554.072597326,0,1
18554.075010342,0,0
18555.082611672,0,1
18555.085024688,0,0
18556.092626114,0,1
18556.095039132,0,0
18557.102640434,0,1
18557.105053700,0,0
18558.112654858,0,1
18558.115068124,0,0
18559.122669214,0,1
18559.125082480,0,0
18560.132683640,0,1
18560.135096906,0,0
18561.142698106,0,1
18561.145111120,0,0
18562.152712448,0,1
18562.153982002,1,1
18562.156613366,0,1
18562.156649712,0,0
18563.162726846,0,1
18563.165139862,0,0
18564.172741184,0,1
18564.175154200,0,0
18565.182755640,0,1
18565.185168656,0,0
18566.192769964,0,1
18566.195182980,0,0
18567.202784392,0,1
18567.205197658,0,0
18568.212798792,0,1
18568.215212058,0,0
18569.222813184,0,1
18569.225226448,0,0
18570.232827552,0,1
18570.235240818,0,0
18571.242842002,0,1
18571.245255018,0,0
18572.252856362,0,1
18572.254125926,1,1
18572.256757604,0,1
18572.256793626,0,0
18573.262870778,0,1
18573.265283794,0,0
18574.272885126,0,1
18574.275298140,0,0
18575.282899494,0,1
18575.285312510,0,0
18576.292913908,0,1
18576.295327174,0,0
18577.302928250,0,1
18577.305341516,0,0
18578.312942644,0,1
18578.315355910,0,0
18579.322957044,0,1
18579.325370310,0,0
18580.332971486,0,1
18580.335384502,0,0
18581.342985860,0,1
18581.345398876,0,0
18582.353000238,0,1
18582.354269818,1,1
18582.356901332,0,1
18582.356937502,0,0
18583.363014650,0,1
18583.365427666,0,0
18584.373029032,0,1
18584.375442048,0,0
18585.383043412,0,1
18585.385456430,0,0
18586.393057778,0,1
18586.395470794,0,0
18587.403072174,0,1
18587.405485440,0,0
18588.413086544,0,1
18588.415499812,0,0
18589.423100956,0,1
18589.425514222,0,0
18590.433115370,0,1
18590.435528636,0,0
18591.443129758,0,1
18591.444399330,1,1
18591.447031214,0,1
18591.447067024,0,0
18592.453144136,0,1
18592.455557152,0,0
18593.463158538,0,1
18593.465571554,0,0
18594.473172868,0,1
18594.475585884,0,0
18595.483187314,0,1
18595.485600330,0,0
18596.493201700,0,1
18596.495614966,0,0
18597.503216056,0,1
18597.505629322,0,0
18598.513230450,0,1
18598.515643718,0,0
18599.523244810,0,1
18599.525658076,0,0
18600.533259246,0,1
18600.535672262,0,0
18601.543273680,0,1
18601.544543270,1,1
18601.547175410,0,1
18601.547210944,0,0
18602.553288042,0,1
18602.555701058,0,0
18603.563302384,0,1
18603.565715400,0,0
18604.573316808,0,1
18604.575729824,0,0
18605.583331196,0,1
18605.585744212,0,0
18606.593345552,0,1
18606.595758818,0,0
18607.603359938,0,1
18607.605773206,0,0
18608.613374308,0,1
18608.615787574,0,0
18609.623388704,0,1
18609.625801968,0,0
18610.633403138,0,1
18610.635816154,0,0
18611.643417610,0,1
18611.644687140,1,1
18611.647318778,0,1
18611.647354876,0,0
18612.653431802,0,1
18612.655844818,0,0
18613.663446214,0,1
18613.665859230,0,0
18614.673460592,0,1
18614.675873608,0,0
18615.683474988,0,1
18615.685888004,0,0
18616.693489372,0,1
18616.695902388,0,0
18617.703503744,0,1
18617.705916762,0,0
18618.713518144,0,1
18618.715931410,0,0
18619.723532534,0,1
18619.725945800,0,0
18620.733546854,0,1
18620.735960122,0,0
18621.743561296,0,1
18621.744831074,1,1
18621.747463102,0,1
18621.747498812,0,0
18622.753575726,0,1
18622.755988742,0,0
18623.763590140,0,1
18623.766003154,0,0
18624.773604544,0,1
18624.776017560,0,0
18625.783618972,0,1
18625.786031988,0,0
18626.793633274,0,1
18626.796046290,0,0
18627.803647712,0,1
18627.806060978,0,0
18628.813662036,0,1
18628.816075302,0,0
18629.823676478,0,1
18629.826089744,0,0
18630.833690810,0,1
18630.836104076,0,0
18631.843705210,0,1
18631.844974940,1,1
18631.847606592,0,1
18631.847642726,0,0
18632.853719766,0,1
18632.856132782,0,0
18633.863734138,0,1
18633.866147154,0,0
18634.873748538,0,1
18634.876161554,0,0
18635.883762894,0,1
18635.886175910,0,0
18636.893777248,0,1
18636.896190264,0,0
18637.903791668,0,1
18637.906204932,0,0
18638.913806028,0,1
18638.916219294,0,0
18639.923820462,0,1
18639.926233728,0,0
18640.933834842,0,1
18640.936248108,0,0
18641.943849168,0,1
18641.945118854,1,1
18641.947750262,0,1
18641.947786432,0,0
18642.953863690,0,1
18642.956276706,0,0
18643.963878054,0,1
18643.966291070,0,0
18644.973892444,0,1
18644.976305460,0,0
18645.983906832,0,1
18645.986319848,0,0
18646.993921202,0,1
18646.996334468,0,0
18648.003935628,0,1
18648.006348896,0,0
18649.013949990,0,1
18649.016363256,0,0
18650.023964334,0,1
18650.026377600,0,0
18651.033978792,0,1
18651.036392058,0,0
18652.043993190,0,1
18652.045262720,1,1
18652.047894240,0,1
18652.047930454,0,0
18653.054007606,0,1
18653.056420622,0,0
18654.064022004,0,1
18654.066435022,0,0
18655.074036344,0,1
18655.076449360,0,0
18656.084050710,0,1
18656.086463726,0,0
18657.094065150,0,1
18657.096478416,0,0
18658.104079544,0,1
18658.106492810,0,0
18659.114093908,0,1
18659.116507176,0,0
18660.124108270,0,1
18660.126521536,0,0
18661.134122674,0,1
18661.136535940,0,0
18662.144137046,0,1
18662.145406648,1,1
18662.148038286,0,1
18662.148074310,0,0
18663.154151470,0,1
18663.156564486,0,0
18664.164165838,0,1
18664.166578854,0,0
18665.174180240,0,1
18665.176593256,0,0
18666.184194584,0,1
18666.186607600,0,0
18667.194208994,0,1
18667.196622010,0,0
18668.204223382,0,1
18668.206636648,0,0
18669.214237784,0,1
18669.216651050,0,0
18670.224252144,0,1
18670.226665410,0,0
18671.234266530,0,1
18671.236679796,0,0
18672.244280918,0,1
18672.245550570,1,1
18672.248182230,0,1
18672.248218182,0,0
18673.254295272,0,1
18673.256708288,0,0
18674.264309684,0,1
18674.266722700,0,0
18675.274324038,0,1
18675.276737054,0,0
18676.284338406,0,1
18676.286751422,0,0
18677.294352818,0,1
18677.296765834,0,0
18678.304367228,0,1
18678.306780494,0,0
18679.314381608,0,1
18679.316794874,0,0
18680.324395966,0,1
18680.326809232,0,0
18681.334410348,0,1
18681.336823614,0,0
18682.344424736,0,1
18682.345694488,1,1
18682.348325876,0,1
18682.348362252,0,0
18683.354439234,0,1
18683.356852250,0,0
18684.364453614,0,1
18684.366866630,0,0
18685.374468004,0,1
18685.376881020,0,0
18686.384482370,0,1
18686.386895386,0,0
18687.394496790,0,1
18687.396910056,0,0
18688.404511170,0,1
18688.406924436,0,0
18689.414525558,0,1
18689.416938824,0,0
18690.424539908,0,1
18690.426953174,0,0
18691.434554266,0,1
18691.435823900,1,1
18691.438455660,0,1
18691.438491530,0,0
18692.444568650,0,1
18692.446981666,0,0
18693.454583114,0,1
18693.456996130,0,0
18694.464597440,0,1
18694.467010456,0,0
18695.474611812,0,1
18695.477024830,0,0
18696.484626210,0,1
18696.487039476,0,0
18697.494640582,0,1
18697.497053848,0,0
18698.504654978,0,1
18698.507068244,0,0
18699.514669346,0,1
18699.517082612,0,0
18700.524683830,0,1
18700.527096846,0,0
18701.534698216,0,1
18701.535967898,1,1
18701.538599836,0,1
18701.538635480,0,0
18702.544712712,0,1
18702.547125728,0,0
18703.554727054,0,1
18703.557140070,0,0
18704.564741480,0,1
18704.567154498,0,0
18705.574755880,0,1
18705.577169146,0,0
18706.584770264,0,1
18706.587183530,0,0
18707.594784632,0,1
18707.597197898,0,0
18708.604798996,0,1
18708.607212262,0,0
18709.614813506,0,1
18709.617226522,0,0
18710.624827816,0,1
18710.627240832,0,0
18711.634842224,0,1
18711.636111698,1,1
18711.638743318,0,1
18711.638779490,0,0
18712.644856524,0,1
18712.647269540,0,0
18713.654870838,0,1
18713.657283854,0,0
18714.664885236,0,1
18714.667298252,0,0
18715.674899604,0,1
18715.677312620,0,0
18716.684914036,0,1
18716.687327052,0,0
18717.694928386,0,1
18717.697341652,0,0
18718.704942806,0,1
18718.707356072,0,0
18719.714957126,0,1
18719.717370392,0,0
18720.724971576,0,1
18720.727384842,0,0
18721.734985990,0,1
18721.736255682,1,1
18721.738887494,0,1
18721.738923256,0,0
18722.745000420,0,1
18722.747413436,0,0
18723.755014870,0,1
18723.757427886,0,0
18724.765029230,0,1
18724.767442246,0,0
18725.775043630,0,1
18725.777456648,0,0
18726.785057986,0,1
18726.787471002,0,0
18727.795072344,0,1
18727.797485608,0,0
18728.805086794,0,1
18728.807500060,0,0
18729.815101136,0,1
18729.817514152,0,0
18730.825115578,0,1
18730.827528844,0,0
18731.835129936,0,1
18731.836399540,1,1
18731.839031238,0,1
18731.839067200,0,0
18732.845144304,0,1
18732.847557320,0,0
18733.855158670,0,1
18733.857571686,0,0
18734.865173090,0,1
18734.867586106,0,0
18735.875187444,0,1
18735.877600460,0,0
18736.885201830,0,1
18736.887614846,0,0
18737.895216214,0,1
18737.897629230,0,0
18738.905230572,0,1
18738.907643838,0,0
18739.915245016,0,1
18739.917658282,0,0
18740.925259374,0,1
18740.927672640,0,0
18741.935273764,0,1
18741.936543428,1,1
18741.939175036,0,1
18741.939211030,0,0
18742.945288114,0,1
18742.947701130,0,0
18743.955302564,0,1
18743.957715580,0,0
18744.965316950,0,1
18744.967729966,0,0
18745.975331290,0,1
18745.977744306,0,0
18746.985345676,0,1
18746.987758692,0,0
18747.995360064,0,1
18747.997773080,0,0
18749.005374450,0,1
18749.007787716,0,0
18750.015388846,0,1
18750.017802114,0,0
18751.025403272,0,1
18751.027816538,0,0
18752.035417586,0,1
18752.036687376,1,1
18752.039319022,0,1
18752.039355102,0,0
18753.045432244,0,1
18753.047845260,0,0
18754.055446656,0,1
18754.057859672,0,0
18755.065461016,0,1
18755.067874032,0,0
18756.075475404,0,1
18756.077888670,0,0
18757.085489776,0,1
18757.087903042,0,0
18758.095504156,0,1
18758.097917422,0,0
18759.105518558,0,1
18759.107931824,0,0
18760.115532992,0,1
18760.117946010,0,0
18761.125547404,0,1
18761.127960420,0,0
18762.135561774,0,1
18762.136831202,1,1
18762.139462888,0,1
18762.139498790,0,0
18763.145575974,0,1
18763.147988990,0,0
18764.155590400,0,1
18764.158003416,0,0
18765.165604806,0,1
18765.168017824,0,0
18766.175619208,0,1
18766.178032224,0,0
18767.185633528,0,1
18767.188046544,0,0
18768.195647950,0,1
18768.198061216,0,0
18769.205662312,0,1
18769.208075578,0,0
18770.215676666,0,1
18770.218089932,0,0
18771.225691090,0,1
18771.228104356,0,0
18772.235705496,0,1
18772.236975144,1,1
18772.239607236,0,1
18772.239642760,0,0
18773.245719864,0,1
18773.248132880,0,0
18774.255734278,0,1
18774.258147294,0,0
18775.265748634,0,1
18775.268161650,0,0
18776.275763018,0,1
18776.278176034,0,0
18777.285777386,0,1
18777.288190402,0,0
18778.295791794,0,1
18778.298205060,0,0
18779.305806124,0,1
18779.308219390,0,0
18780.315820560,0,1
18780.318233826,0,0
18781.325834916,0,1
18781.328248184,0,0
18782.335849328,0,1
18782.337119088,1,1
18782.339750490,0,1
18782.339786844,0,0
18783.345863806,0,1
18783.348276822,0,0
18784.355878240,0,1
18784.358291256,0,0
18785.365892614,0,1
18785.368305630,0,0
18786.375906990,0,1
18786.378320006,0,0
18787.385921386,0,1
18787.388334402,0,0
18788.395935720,0,1
18788.398348736,0,0
18789.405950118,0,1
18789.408363382,0,0
18790.415964508,0,1
18790.418377776,0,0
18791.425978912,0,1
18791.427248578,1,1
18791.429880400,0,1
18791.429916178,0,0
18792.435993414,0,1
18792.438406430,0,0
18793.446007764,0,1
18793.448420780,0,0
18794.456022126,0,1
18794.458435142,0,0
18795.466036502,0,1
18795.468449518,0,0
18796.476050956,0,1
18796.478464222,0,0
18797.486065314,0,1
18797.488478580,0,0
18798.496079694,0,1
18798.498492960,0,0
18799.506094086,0,1
18799.508507352,0,0
18800.516108474,0,1
18800.518521740,0,0
18801.526122830,0,1
18801.527392508,1,1
18801.530024292,0,1
18801.530060094,0,0
18802.536137410,0,1
18802.538550426,0,0
18803.546151764,0,1
18803.548564780,0,0
18804.556166166,0,1
18804.558579182,0,0
18805.566180544,0,1
18805.568593560,0,0
18806.576194896,0,1
18806.578608162,0,0
18807.586209302,0,1
18807.588622568,0,0
18808.596223710,0,1
18808.598636976,0,0
18809.606238110,0,1
18809.608651126,0,0
18810.616252474,0,1
18810.618665490,0,0
18811.626266904,0,1
18811.627536376,1,1
18811.630168098,0,1
18811.630203918,0,0
18812.636281136,0,1
18812.638694152,0,0
18813.646295492,0,1
18813.648708508,0,0
18814.656309924,0,1
18814.658722942,0,0
18815.666324270,0,1
18815.668737286,0,0
18816.676338682,0,1
18816.678751948,0,0
18817.686353020,0,1
18817.688766286,0,0
18818.696367404,0,1
18818.698780670,0,0
18819.706381818,0,1
18819.708795084,0,0
18820.716396208,0,1
18820.718809474,0,0
18821.726410608,0,1
18821.727680322,1,1
18821.730311566,0,1
18821.730347872,0,0
18822.736425172,0,1
18822.738838188,0,0
18823.746439526,0,1
18823.748852542,0,0
18824.756453884,0,1
18824.758866900,0,0
18825.766468286,0,1
18825.768881552,0,0
18826.776482696,0,1
18826.778895962,0,0
18827.786497090,0,1
18827.788910358,0,0
18828.796511508,0,1
18828.798924524,0,0
18829.806525902,0,1
18829.808938918,0,0
18830.816540298,0,1
18830.818953314,0,0
18831.826554672,0,1
18831.827824156,1,1
18831.830456362,0,1
18831.830491938,0,0
18832.836568926,0,1
18832.838981942,0,0
18833.846583324,0,1
18833.848996340,0,0
18834.856597666,0,1
18834.859010682,0,0
18835.866612060,0,1
18835.869025078,0,0
18836.876626432,0,1
18836.879039448,0,0
18837.886640826,0,1
18837.889053842,0,0
18838.896655192,0,1
18838.899068458,0,0
18839.906669614,0,1
18839.909082880,0,0
18840.916683960,0,1
18840.919097226,0,0
18841.926698354,0,1
18841.927968124,1,1
18841.930599936,0,1
18841.930635868,0,0
18842.936712916,0,1
18842.939125932,0,0
18843.946727232,0,1
18843.949140248,0,0
18844.956741662,0,1
18844.959154678,0,0
18845.966756044,0,1
18845.969169062,0,0
18846.976770378,0,1
18846.979183644,0,0
18847.986784774,0,1
18847.989198040,0,0
18848.996799160,0,1
18848.999212426,0,0
18850.006813592,0,1
18850.009226858,0,0
18851.016827986,0,1
18851.019241002,0,0
18852.026842398,0,1
18852.028111930,1,1
18852.030743668,0,1
18852.030779664,0,0
18853.036856656,0,1
18853.039269672,0,0
18854.046871008,0,1
18854.049284024,0,0
18855.056885376,0,1
18855.059298392,0,0
18856.066899812,0,1
18856.069312828,0,0
18857.076914228,0,1
18857.079327494,0,0
18858.086928534,0,1
18858.089341800,0,0
18859.096942906,0,1
18859.099356172,0,0
18860.106957312,0,1
18860.109370578,0,0
18861.116971664,0,1
18861.119384930,0,0
18862.126986132,0,1
18862.128255828,1,1
18862.130887324,0,1
18862.130923646,0,0
18863.137000622,0,1
18863.139413638,0,0
18864.147015032,0,1
18864.149428048,0,0
18865.157029430,0,1
18865.159442446,0,0
18866.167043756,0,1
18866.169456772,0,0
18867.177058178,0,1
18867.179471444,0,0
18868.187072584,0,1
18868.189485600,0,0
18869.197086954,0,1
18869.199500220,0,0
18870.207101354,0,1
18870.209514620,0,0
18871.217115696,0,1
18871.219528962,0,0
18872.227130098,0,1
18872.228399748,1,1
18872.231031306,0,1
18872.231067364,0,0
18873.237144494,0,1
18873.239557510,0,0
18874.247158876,0,1
18874.249571892,0,0
18875.257173312,0,1
18875.259586328,0,0
18876.267187630,0,1
18876.269600646,0,0
18877.277201984,0,1
18877.279615000,0,0
18878.287216426,0,1
18878.289629692,0,0
18879.297230766,0,1
18879.299644032,0,0
18880.307245182,0,1
18880.309658448,0,0
18881.317259544,0,1
18881.319672810,0,0
18882.327273936,0,1
18882.328543648,1,1
18882.331175306,0,1
18882.331211452,0,0
18883.337288438,0,1
18883.339701454,0,0
18884.347302860,0,1
18884.349715876,0,0
18885.357317182,0,1
18885.359730198,0,0
18886.367331554,0,1
18886.369744570,0,0
18887.377345946,0,1
18887.379758962,0,0
18888.387360322,0,1
18888.389773588,0,0
18889.397374712,0,1
18889.399787978,0,0
18890.407389084,0,1
18890.409802350,0,0
18891.417403526,0,1
18891.418673214,1,1
18891.421305222,0,1
18891.421340790,0,0
18892.427418038,0,1
18892.429831054,0,0
18893.437432370,0,1
18893.439845386,0,0
18894.447446766,0,1
18894.449859782,0,0
18895.457461172,0,1
18895.459874438,0,0
18896.467475532,0,1
18896.469888798,0,0
18897.477489932,0,1
18897.479903198,0,0
18898.487504296,0,1
18898.489917562,0,0
18899.497518714,0,1
18899.499931730,0,0
18900.507533152,0,1
18900.509946168,0,0
18901.517547548,0,1
18901.518817064,1,1
18901.521448960,0,1
18901.521484812,0,0
18902.527561766,0,1
18902.529974782,0,0
18903.537576154,0,1
18903.539989170,0,0
18904.547590554,0,1
18904.550003570,0,0
18905.557604912,0,1
18905.560017926,0,0
18906.567619294,0,1
18906.570032310,0,0
18907.577633674,0,1
18907.580046690,0,0
18908.587648040,0,1
18908.590061306,0,0
18909.597662448,0,1
18909.600075714,0,0
18910.607676860,0,1
18910.610090126,0,0
18911.617691226,0,1
18911.618961028,1,1
18911.621593174,0,1
18911.621628742,0,0
18912.627705844,0,1
18912.630118862,0,0
18913.637720234,0,1
18913.640133250,0,0
18914.647734606,0,1
18914.650147622,0,0
18915.657748962,0,1
18915.660162228,0,0
18916.667763362,0,1
18916.670176628,0,0
18917.677777752,0,1
18917.680191018,0,0
18918.687792164,0,1
18918.690205180,0,0
18919.697806610,0,1
18919.700219626,0,0
18920.707820976,0,1
18920.710233990,0,0
18921.717835332,0,1
18921.719104878,1,1
18921.721736674,0,1
18921.721772346,0,0
18922.727849706,0,1
18922.730262722,0,0
18923.737864096,0,1
18923.740277114,0,0
18924.747878484,0,1
18924.750291500,0,0
18925.757892860,0,1
18925.760306126,0,0
18926.767907256,0,1
18926.770320522,0,0
18927.777921598,0,1
18927.780334864,0,0
18928.787936012,0,1
18928.790349278,0,0
18929.797950466,0,1
18929.800363482,0,0
18930.807964826,0,1
18930.810377842,0,0
18931.817979212,0,1
18931.819248790,1,1
18931.821880438,0,1
18931.821916476,0,0
18932.827993610,0,1
18932.830406626,0,0
18933.838008014,0,1
18933.840421030,0,0
18934.848022356,0,1
18934.850435372,0,0
18935.858036742,0,1
18935.860450008,0,0
18936.868051142,0,1
18936.870464408,0,0
18937.878065560,0,1
18937.880478826,0,0
18938.888079948,0,1
18938.890493214,0,0
18939.898094308,0,1
18939.900507574,0,0
18940.908108746,0,1
18940.910521762,0,0
18941.918123134,0,1
18941.919392664,1,1
18941.922024468,0,1
18941.922060148,0,0
18942.928137398,0,1
18942.930550414,0,0
18943.938151766,0,1
18943.940564782,0,0
18944.948166124,0,1
18944.950579140,0,0
18945.958180564,0,1
18945.960593580,0,0
18946.968194898,0,1
18946.970608164,0,0
18947.978209264,0,1
18947.980622530,0,0
18948.988223674,0,1
18948.990636940,0,0
18949.998238048,0,1
18950.000651314,0,0
18951.008252506,0,1
18951.010665522,0,0
18952.018266858,0,1
18952.019536578,1,1
18952.022168456,0,1
18952.022204374,0,0
18953.028281426,0,1
18953.030694442,0,0
18954.038295802,0,1
18954.040708818,0,0
18955.048310166,0,1
18955.050723182,0,0
18956.058324524,0,1
18956.060737790,0,0
18957.068338928,0,1
18957.070752194,0,0
18958.078353346,0,1
18958.080766612,0,0
18959.088367722,0,1
18959.090780738,0,0
18960.098382164,0,1
18960.100795180,0,0
18961.108396574,0,1
18961.110809590,0,0
18962.118410910,0,1
18962.119680452,1,1
18962.122311944,0,1
18962.122347924,0,0
18963.128425312,0,1
18963.130838330,0,0
18964.138439706,0,1
18964.140852720,0,0
18965.148454044,0,1
18965.150867060,0,0
18966.158468450,0,1
18966.160881716,0,0
18967.168482826,0,1
18967.170896092,0,0
18968.178497216,0,1
18968.180910482,0,0
18969.188511564,0,1
18969.190924830,0,0
18970.198526036,0,1
18970.200939052,0,0
18971.208540436,0,1
18971.210953452,0,0
18972.218554790,0,1
18972.219824360,1,1
18972.222456654,0,1
18972.222492056,0,0
18973.228569232,0,1
18973.230982248,0,0
18974.238583538,0,1
18974.240996554,0,0
18975.248597918,0,1
18975.251010934,0,0
18976.258612352,0,1
18976.261025368,0,0
18977.268626696,0,1
18977.271039962,0,0
18978.278641098,0,1
18978.281054364,0,0
18979.288655438,0,1
18979.291068704,0,0
18980.298669844,0,1
18980.301083110,0,0
18981.308684294,0,1
18981.311097310,0,0
18982.318698704,0,1
18982.319968198,1,1
18982.322600098,0,1
18982.322635718,0,0
18983.328712962,0,1
18983.331125978,0,0
18984.338727336,0,1
18984.341140352,0,0
18985.348741716,0,1
18985.351154732,0,0
18986.358756102,0,1
18986.361169118,0,0
18987.368770460,0,1
18987.371183726,0,0
18988.378784854,0,1
18988.381198122,0,0
18989.388799278,0,1
18989.391212542,0,0
18990.398813628,0,1
18990.401226894,0,0
18991.408828066,0,1
18991.410097764,1,1
18991.412729774,0,1
18991.412765582,0,0
18992.418842592,0,1
18992.421255608,0,0
18993.428856952,0,1
18993.431269968,0,0
18994.438871366,0,1
18994.441284382,0,0
18995.448885764,0,1
18995.451298780,0,0
18996.458900118,0,1
18996.461313384,0,0
18997.468914516,0,1
18997.471327782,0,0
18998.478928892,0,1
18998.481342160,0,0
18999.488943242,0,1
18999.491356508,0,0
19000.498957588,0,1
19000.501370856,0,0
19001.508972070,0,1
19001.510241636,1,1
19001.512873328,0,1
19001.512909336,0,0
19002.518986494,0,1
19002.521399512,0,0
19003.529000886,0,1
19003.531413902,0,0
19004.539015252,0,1
19004.541428268,0,0
19005.549029662,0,1
19005.551442678,0,0
19006.559044040,0,1
19006.561457056,0,0
19007.569058420,0,1
19007.571471436,0,0
19008.579072770,0,1
19008.581485786,0,0
19009.589087138,0,1
19009.591500404,0,0
19010.599101530,0,1
19010.601514796,0,0
19011.609115900,0,1
19011.610385524,1,1
19011.613017036,0,1
19011.613053166,0,0
19012.619130324,0,1
19012.621543342,0,0
19013.629144756,0,1
19013.631557772,0,0
19014.639159078,0,1
19014.641572094,0,0
19015.649173464,0,1
19015.651586480,0,0
19016.659187824,0,1
19016.661600842,0,0
19017.669202242,0,1
19017.671615508,0,0
19018.679216642,0,1
19018.681629908,0,0
19019.689231028,0,1
19019.691644294,0,0
19020.699245400,0,1
19020.701658666,0,0
19021.709259818,0,1
19021.710529422,1,1
19021.713160986,0,1
19021.713197082,0,0
19022.719274234,0,1
19022.721687250,0,0
19023.729288546,0,1
19023.731701560,0,0
19024.739302978,0,1
19024.741715994,0,0
19025.749317378,0,1
19025.751730394,0,0
19026.759331746,0,1
19026.761745014,0,0
19027.769346126,0,1
19027.771759392,0,0
19028.779360516,0,1
19028.781773782,0,0
19029.789374914,0,1
19029.791788180,0,0
19030.799389304,0,1
19030.801802320,0,0
19031.809403714,0,1
19031.810673282,1,1
19031.813304706,0,1
19031.813340978,0,0
19032.819418096,0,1
19032.821831112,0,0
19033.829432506,0,1
19033.831845522,0,0
19034.839446866,0,1
19034.841859882,0,0
19035.849461224,0,1
19035.851874240,0,0
19036.859475660,0,1
19036.861888676,0,0
19037.869490014,0,1
19037.871903280,0,0
19038.879504416,0,1
19038.881917684,0,0
19039.889518782,0,1
19039.891932048,0,0
19040.899533150,0,1
19040.901946416,0,0
19041.909547524,0,1
19041.910817196,1,1
19041.913448952,0,1
19041.913484788,0,0
19042.919562042,0,1
19042.921975058,0,0
19043.929576442,0,1
19043.931989458,0,0
19044.939590860,0,1
19044.942003878,0,0
19045.949605176,0,1
19045.952018192,0,0
19046.959619600,0,1
19046.962032866,0,0
19047.969633960,0,1
19047.972047226,0,0
19048.979648344,0,1
19048.982061610,0,0
19049.989662740,0,1
19049.992076006,0,0
19050.999677118,0,1
19051.002090386,0,0
19052.009691582,0,1
19052.010961062,1,1
19052.013592776,0,1
19052.013628848,0,0
19053.019705826,0,1
19053.022118842,0,0
19054.029720224,0,1
19054.032133240,0,0
19055.039734590,0,1
19055.042147606,0,0
19056.049748980,0,1
19056.052161998,0,0
19057.059763314,0,1
19057.062176332,0,0
19058.069777696,0,1
19058.072190712,0,0
19059.079792140,0,1
19059.082205406,0,0
19060.089806468,0,1
19060.092219734,0,0
19061.099820850,0,1
19061.102234116,0,0
19062.109835284,0,1
19062.111104978,1,1
19062.113736266,0,1
19062.113772548,0,0
19063.119849776,0,1
19063.122262792,0,0
19064.129864156,0,1
19064.132277172,0,0
19065.139878498,0,1
19065.142291514,0,0
19066.149892904,0,1
19066.152305920,0,0
19067.159907316,0,1
19067.162320584,0,0
19068.169921718,0,1
19068.172334984,0,0
19069.179936060,0,1
19069.182349326,0,0
19070.189950426,0,1
19070.192363694,0,0
19071.199964912,0,1
19071.202377928,0,0
19072.209979290,0,1
19072.211248846,1,1
19072.213880220,0,1
19072.213916556,0,0
19073.219993680,0,1
19073.222406696,0,0
19074.230008026,0,1
19074.232421042,0,0
19075.240022392,0,1
19075.242435408,0,0
19076.250036816,0,1
19076.252449832,0,0
19077.260051208,0,1
19077.262464224,0,0
19078.270065566,0,1
19078.272478582,0,0
19079.280079956,0,1
19079.282492972,0,0
19080.290094404,0,1
19080.292507420,0,0
19081.300108764,0,1
19081.302522030,0,0
19082.310123154,0,1
19082.311392790,1,1
19082.314024364,0,1
19082.314060418,0,0
19083.320137504,0,1
19083.322550520,0,0
19084.330151916,0,1
19084.332564932,0,0
19085.340166310,0,1
19085.342579326,0,0
19086.350180700,0,1
19086.352593716,0,0
19087.360195080,0,1
19087.362608096,0,0
19088.370209386,0,1
19088.372622402,0,0
19089.380223810,0,1
19089.382637076,0,0
19090.390238214,0,1
19090.392651480,0,0
19091.400252566,0,1
19091.401522278,1,1
19091.404154272,0,1
19091.404190082,0,0
19092.410267102,0,1
19092.412680118,0,0
19093.420281470,0,1
19093.422694486,0,0
19094.430295858,0,1
19094.432708874,0,0
19095.440310270,0,1
19095.442723286,0,0
19096.450324638,0,1
19096.452737904,0,0
19097.460339016,0,1
19097.462752282,0,0
19098.470353424,0,1
19098.472766690,0,0
19099.480367800,0,1
19099.482781066,0,0
19100.490382192,0,1
19100.492795460,0,0
19101.500396606,0,1
19101.501666212,1,1
19101.504297816,0,1
19101.504333870,0,0
19102.510411008,0,1
19102.512824026,0,0
19103.520425364,0,1
19103.522838380,0,0
19104.530439750,0,1
19104.532852766,0,0
19105.540454154,0,1
19105.542867170,0,0
19106.550468508,0,1
19106.552881774,0,0
19107.560482916,0,1
19107.562896182,0,0
19108.570497294,0,1
19108.572910560,0,0
19109.580511712,0,1
19109.582924978,0,0
19110.590526160,0,1
19110.592939176,0,0
19111.600540520,0,1
19111.601810048,1,1
19111.604441798,0,1
19111.604477784,0,0
19112.610554784,0,1
19112.612967800,0,0
19113.620569136,0,1
19113.622982152,0,0
19114.630583546,0,1
19114.632996562,0,0
19115.640597938,0,1
19115.643010952,0,0
19116.650612292,0,1
19116.653025306,0,0
19117.660626708,0,1
19117.663039724,0,0
19118.670641106,0,1
19118.673054374,0,0
19119.680655454,0,1
19119.683068720,0,0
19120.690669870,0,1
19120.693083134,0,0
19121.700684244,0,1
19121.701953930,1,1
19121.704586156,0,1
19121.704621510,0,0
19122.710698740,0,1
19122.713111756,0,0
19123.720713126,0,1
19123.723126142,0,0
19124.730727514,0,1
19124.733140530,0,0
19125.740741872,0,1
19125.743154888,0,0
19126.750756270,0,1
19126.753169286,0,0
19127.760770630,0,1
19127.763183646,0,0
19128.770784988,0,1
19128.773198254,0,0
19129.780799422,0,1
19129.783212688,0,0
19130.790813808,0,1
19130.793227072,0,0
19131.800828162,0,1
19131.802097826,1,1
19131.804729588,0,1
19131.804765426,0,0
19132.810842556,0,1
19132.813255572,0,0
19133.820856966,0,1
19133.823269984,0,0
19134.830871280,0,1
19134.833284296,0,0
19135.840885724,0,1
19135.843298740,0,0
19136.850900078,0,1
19136.853313094,0,0
19137.860914460,0,1
19137.863327726,0,0
19138.870928872,0,1
19138.873342138,0,0
19139.880943230,0,1
19139.883356494,0,0
19140.890957636,0,1
19140.893370902,0,0
19141.900972036,0,1
19141.902241700,1,1
19141.904873076,0,1
19141.904909300,0,0
19142.910986520,0,1
19142.913399536,0,0
19143.921000852,0,1
19143.923413868,0,0
19144.931015268,0,1
19144.933428284,0,0
19145.941029698,0,1
19145.943442714,0,0
19146.951044010,0,1
19146.953457026,0,0
19147.961058424,0,1
19147.963471440,0,0
19148.971072842,0,1
19148.973485858,0,0
19149.981087234,0,1
19149.983500250,0,0
19150.991101604,0,1
19150.993514870,0,0
19152.001115936,0,1
19152.002385624,1,1
19152.005017822,0,1
19152.005053200,0,0
19153.011130474,0,1
19153.013543490,0,0
19154.021144836,0,1
19154.023557852,0,0
19155.031159274,0,1
19155.033572288,0,0
19156.041173668,0,1
19156.043586684,0,0
19157.051188032,0,1
19157.053601296,0,0
19158.061202364,0,1
19158.063615630,0,0
19159.071216774,0,1
19159.073630040,0,0
19160.081231132,0,1
19160.083644398,0,0
19161.091245608,0,1
19161.093658624,0,0
19162.101259964,0,1
19162.102529520,1,1
19162.105161364,0,1
19162.105197228,0,0
19163.111274342,0,1
19163.113687358,0,0
19164.121288748,0,1
19164.123701764,0,0
19165.131303124,0,1
19165.133716140,0,0
19166.141317518,0,1
19166.143730534,0,0
19167.151331858,0,1
19167.153745124,0,0
19168.161346248,0,1
19168.163759514,0,0
19169.171360670,0,1
19169.173773936,0,0
19170.181375026,0,1
19170.183788292,0,0
19171.191389462,0,1
19171.193802478,0,0
19172.201403858,0,1
19172.202673344,1,1
19172.205304684,0,1
19172.205341122,0,0
19173.211418146,0,1
19173.213831162,0,0
19174.221432498,0,1
19174.223845514,0,0
19175.231446874,0,1
19175.233859890,0,0
19176.241461260,0,1
19176.243874276,0,0
19177.251475638,0,1
19177.253888654,0,0
19178.261490032,0,1
19178.263903048,0,0
19179.271504414,0,1
19179.273917680,0,0
19180.281518758,0,1
19180.283932024,0,0
19181.291533196,0,1
19181.293946462,0,0
19182.301547558,0,1
19182.302817294,1,1
19182.305448924,0,1
19182.305485072,0,0
19183.311562056,0,1
19183.313975072,0,0
19184.321576446,0,1
19184.323989462,0,0
19185.331590830,0,1
19185.334003846,0,0
19186.341605212,0,1
19186.344018228,0,0
19187.351619616,0,1
19187.354032632,0,0
19188.361633980,0,1
19188.364047246,0,0
19189.371648360,0,1
19189.374061626,0,0
19190.381662694,0,1
19190.384075960,0,0
19191.391677088,0,1
19191.392946768,1,1
19191.395578364,0,1
19191.395614352,0,0
19192.401691610,0,1
19192.404104626,0,0
19193.411705988,0,1
19193.414119006,0,0
19194.421720378,0,1
19194.424133394,0,0
19195.431734714,0,1
19195.434147980,0,0
19196.441749170,0,1
19196.444162436,0,0
19197.451763506,0,1
19197.454176772,0,0
19198.461777880,0,1
19198.464191146,0,0
19199.471792330,0,1
19199.474205346,0,0
19200.481806726,0,1
19200.484219742,0,0
19201.491821108,0,1
19201.493090642,1,1
19201.495722408,0,1
19201.495758372,0,0
19202.501835324,0,1
19202.504248340,0,0
19203.511849718,0,1
19203.514262736,0,0
19204.521864102,0,1
19204.524277118,0,0
19205.531878520,0,1
19205.534291536,0,0
19206.541892886,0,1
19206.544305902,0,0
19207.551907260,0,1
19207.554320526,0,0
19208.561921640,0,1
19208.564334908,0,0
19209.571936016,0,1
19209.574349282,0,0
19210.581950420,0,1
19210.584363684,0,0
19211.591964812,0,1
19211.593234582,1,1
19211.595866238,0,1
19211.595902328,0,0
19212.601979422,0,1
19212.604392438,0,0
19213.611993816,0,1
19213.614406832,0,0
19214.622008218,0,1
19214.624421234,0,0
19215.632022554,0,1
19215.634435570,0,0
19216.642036972,0,1
19216.644449986,0,0
19217.652051366,0,1
19217.654464632,0,0
19218.662065752,0,1
19218.664479018,0,0
19219.672080134,0,1
19219.674493400,0,0
19220.682094580,0,1
19220.684507596,0,0
19221.692108914,0,1
19221.693378396,1,1
19221.696010712,0,1
19221.696046180,0,0
19222.702123200,0,1
19222.704536216,0,0
19223.712137578,0,1
19223.714550594,0,0
19224.722151938,0,1
19224.724564954,0,0
19225.732166338,0,1
19225.734579354,0,0
19226.742180744,0,1
19226.744594010,0,0
19227.752195126,0,1
19227.754608392,0,0
19228.762209526,0,1
19228.764622794,0,0
19229.772223888,0,1
19229.774637154,0,0
19230.782238280,0,1
19230.784651296,0,0
19231.792252694,0,1
19231.793522306,1,1
19231.796153878,0,1
19231.796189960,0,0
19232.802267058,0,1
19232.804680074,0,0
19233.812281476,0,1
19233.814694492,0,0
19234.822295854,0,1
19234.824708870,0,0
19235.832310198,0,1
19235.834723214,0,0
19236.842324602,0,1
19236.844737620,0,0
19237.852338974,0,1
19237.854752240,0,0
19238.862353308,0,1
19238.864766574,0,0
19239.872367700,0,1
19239.874780966,0,0
19240.882382124,0,1
19240.884795390,0,0
19241.892396426,0,1
19241.893666160,1,1
19241.896298326,0,1
19241.896333940,0,0
19242.902411004,0,1
19242.904824020,0,0
19243.912425384,0,1
19243.914838400,0,0
19244.922439782,0,1
19244.924852798,0,0
19245.932454122,0,1
19245.934867138,0,0
19246.942468484,0,1
19246.944881750,0,0
19247.952482902,0,1
19247.954896168,0,0
19248.962497294,0,1
19248.964910560,0,0
19249.972511612,0,1
19249.974924878,0,0
19250.982526116,0,1
19250.984939132,0,0
19251.992540500,0,1
19251.993810124,1,1
19251.996441548,0,1
19251.996477766,0,0
19253.002554884,0,1
19253.004967902,0,0
19254.012569258,0,1
19254.014982274,0,0
19255.022583608,0,1
19255.024996624,0,0
19256.032597978,0,1
19256.035011244,0,0
19257.042612382,0,1
19257.045025648,0,0
19258.052626770,0,1
19258.055040036,0,0
19259.062641150,0,1
19259.065054416,0,0
19260.072655576,0,1
19260.075068592,0,0
19261.082670010,0,1
19261.085083026,0,0
19262.092684368,0,1
19262.093953914,1,1
19262.096585430,0,1
19262.096621384,0,0
19263.102698752,0,1
19263.105111768,0,0
19264.112713114,0,1
19264.115126130,0,0
19265.122727530,0,1
19265.125140546,0,0
19266.132741882,0,1
19266.135154898,0,0
19267.142756244,0,1
19267.145169510,0,0
19268.152770634,0,1
19268.155183900,0,0
19269.162785038,0,1
19269.165198304,0,0
19270.172799436,0,1
19270.175212704,0,0
19271.182813874,0,1
19271.185226890,0,0
19272.192828226,0,1
19272.194097776,1,1
19272.196729422,0,1
19272.196765240,0,0
19273.202842626,0,1
19273.205255642,0,0
19274.212856996,0,1
19274.215270012,0,0
19275.222871372,0,1
19275.225284388,0,0
19276.232885760,0,1
19276.235298776,0,0
19277.242900118,0,1
19277.245313386,0,0
19278.252914538,0,1
19278.255327804,0,0
19279.262928882,0,1
19279.265342148,0,0
19280.272943264,0,1
19280.275356530,0,0
19281.282957630,0,1
19281.285370896,0,0
19282.292972098,0,1
19282.294241662,1,1
19282.296873278,0,1
19282.296909362,0,0
19283.302986494,0,1
19283.305399510,0,0
19284.313000848,0,1
19284.315413864,0,0
19285.323015242,0,1
19285.325428260,0,0
19286.333029622,0,1
19286.335442638,0,0
19287.343044048,0,1
19287.345457064,0,0
19288.353058358,0,1
19288.355471374,0,0
19289.363072754,0,1
19289.365486020,0,0
19290.373087188,0,1
19290.375500454,0,0
19291.383101544,0,1
19291.385514812,0,0
19292.393116042,0,1
19292.394385474,1,1
19292.397017360,0,1
19292.397053058,0,0
19293.403130268,0,1
19293.405543284,0,0
19294.413144624,0,1
19294.415557640,0,0
19295.423159050,0,1
19295.425572066,0,0
19296.433173392,0,1
19296.435586408,0,0
19297.443187752,0,1
19297.445600766,0,0
19298.453202142,0,1
19298.455615158,0,0
19299.463216570,0,1
19299.465629586,0,0
19300.473230886,0,1
19300.475644152,0,0
19301.483245330,0,1
19301.484514936,1,1
19301.487146310,0,1
19301.487182596,0,0
19302.493259708,0,1
19302.495672724,0,0
19303.503274078,0,1
19303.505687094,0,0
19304.513288422,0,1
19304.515701438,0,0
19305.523302844,0,1
19305.525715860,0,0
19306.533317178,0,1
19306.535730194,0,0
19307.543331556,0,1
19307.545744574,0,0
19308.553346000,0,1
19308.555759266,0,0
19309.563360358,0,1
19309.565773624,0,0
19310.573374678,0,1
19310.575787944,0,0
19311.583389116,0,1
19311.584658768,1,1
19311.587290368,0,1
19311.587326380,0,0
19312.593403484,0,1
19312.595816498,0,0
19313.603417884,0,1
19313.605830902,0,0
19314.613432228,0,1
19314.615845244,0,0
19315.623446602,0,1
19315.625859618,0,0
19316.633460960,0,1
19316.635873976,0,0
19317.643475364,0,1
19317.645888380,0,0
19318.653489808,0,1
19318.655902824,0,0
19319.663504134,0,1
19319.665917400,0,0
19320.673518546,0,1
19320.675931812,0,0
19321.683532916,0,1
19321.684802654,1,1
19321.687434026,0,1
19321.687470432,0,0
19322.693547382,0,1
19322.695960398,0,0
19323.703561778,0,1
19323.705974794,0,0
19324.713576184,0,1
19324.715989200,0,0
19325.723590560,0,1
19325.726003574,0,0
19326.733604894,0,1
19326.736017910,0,0
19327.743619330,0,1
19327.746032346,0,0
19328.753633684,0,1
19328.756046700,0,0
19329.763648082,0,1
19329.766061348,0,0
19330.773662450,0,1
19330.776075716,0,0
19331.783676844,0,1
19331.784946440,1,1
19331.787578390,0,1
19331.787614108,0,0
19332.793691220,0,1
19332.796104236,0,0
19333.803705618,0,1
19333.806118634,0,0
19334.813719978,0,1
19334.816132994,0,0
19335.823734318,0,1
19335.826147334,0,0
19336.833748738,0,1
19336.836161754,0,0
19337.843763102,0,1
19337.846176118,0,0
19338.853777458,0,1
19338.856190474,0,0
19339.863791832,0,1
19339.866204848,0,0
19340.873806192,0,1
19340.876219208,0,0
19341.883820574,0,1
19341.885090248,1,1
19341.887722000,0,1
19341.887757840,0,0
19342.893835122,0,1
19342.896248138,0,0
19343.903849480,0,1
19343.906262496,0,0
19344.913863814,0,1
19344.916276830,0,0
19345.923878266,0,1
19345.926291282,0,0
19346.933892582,0,1
19346.936305598,0,0
19347.943907040,0,1
19347.946320056,0,0
19348.953921412,0,1
19348.956334428,0,0
19349.963935770,0,1
19349.966349036,0,0
19350.973950148,0,1
19350.976363414,0,0
19351.983964534,0,1
19351.985234144,1,1
19351.987866322,0,1
19351.987901798,0,0
19352.993978898,0,1
19352.996391914,0,0
19354.003993284,0,1
19354.006406302,0,0
19355.014007608,0,1
19355.016420874,0,0
19356.024022006,0,1
19356.026435272,0,0
19357.034036422,0,1
19357.036449438,0,0
19358.044050822,0,1
19358.046463838,0,0
19359.054065210,0,1
19359.056478226,0,0
19360.064079604,0,1
19360.066492622,0,0
19361.074093934,0,1
19361.076506950,0,0
19362.084108310,0,1
19362.085377924,1,1
19362.088009790,0,1
19362.088045574,0,0
19363.094122740,0,1
19363.096535756,0,0
19364.104137118,0,1
19364.106550134,0,0
19365.114151494,0,1
19365.116564510,0,0
19366.124165882,0,1
19366.126578898,0,0
19367.134180272,0,1
19367.136593288,0,0
19368.144194636,0,1
19368.146607652,0,0
19369.154208976,0,1
19369.156621992,0,0
19370.164223380,0,1
19370.166636396,0,0
19371.174237778,0,1
19371.176650794,0,0
19372.184252150,0,1
19372.185521870,1,1
19372.188153924,0,1
19372.188189664,0,0
19373.194266634,0,1
19373.196679652,0,0
19374.204281056,0,1
19374.206694072,0,0
19375.214295418,0,1
19375.216708434,0,0
19376.224309790,0,1
19376.226722808,0,0
19377.234324180,0,1
19377.236737196,0,0
19378.244338572,0,1
19378.246751588,0,0
19379.254352940,0,1
19379.256766206,0,0
19380.264367314,0,1
19380.266780580,0,0
19381.274381764,0,1
19381.276795030,0,0
19382.284396090,0,1
19382.285665620,1,1
19382.288297476,0,1
19382.288333356,0,0
19383.294410358,0,1
19383.296823374,0,0
19384.304424754,0,1
19384.306837770,0,0
19385.314439140,0,1
19385.316852156,0,0
19386.324453490,0,1
19386.326866506,0,0
19387.334467842,0,1
19387.336880858,0,0
19388.344482260,0,1
19388.346895276,0,0
19389.354496666,0,1
19389.356909682,0,0
19390.364511054,0,1
19390.366924072,0,0
19391.374525392,0,1
19391.376938658,0,0
19392.384539756,0,1
19392.385809478,1,1
19392.388441226,0,1
19392.388477270,0,0
19393.394554306,0,1
19393.396967322,0,0
19394.404568654,0,1
19394.406981670,0,0
19395.414583108,0,1
19395.416996124,0,0
19396.424597412,0,1
19396.427010428,0,0
19397.434611804,0,1
19397.437024820,0,0
19398.444626224,0,1
19398.447039240,0,0
19399.454640558,0,1
19399.457053824,0,0
19400.464654914,0,1
19400.467068180,0,0
19401.474669318,0,1
19401.475938926,1,1
19401.478570664,0,1
19401.478606582,0,0
19402.484683728,0,1
19402.487096744,0,0
19403.494698088,0,1
19403.497111104,0,0
19404.504712446,0,1
19404.507125462,0,0
19405.514726822,0,1
19405.517139838,0,0
19406.524741218,0,1
19406.527154236,0,0
19407.534755608,0,1
19407.537168624,0,0
19408.544769984,0,1
19408.547183000,0,0
19409.554784350,0,1
19409.557197366,0,0
19410.564798738,0,1
19410.567211754,0,0
19411.574813148,0,1
19411.576082788,1,1
19411.578714916,0,1
19411.578750414,0,0
19412.584827506,0,1
19412.587240522,0,0
19413.594841864,0,1
19413.597254878,0,0
19414.604856298,0,1
19414.607269314,0,0
19415.614870642,0,1
19415.617283658,0,0
19416.624885016,0,1
19416.627298032,0,0
19417.634899420,0,1
19417.637312436,0,0
19418.644913800,0,1
19418.647326816,0,0
19419.654928186,0,1
19419.657341204,0,0
19420.664942552,0,1
19420.667355568,0,0
19421.674956962,0,1
19421.676226600,1,1
19421.678858150,0,1
19421.678894226,0,0
19422.684971334,0,1
19422.687384350,0,0
19423.694985750,0,1
19423.697398766,0,0
19424.705000012,0,1
19424.707413278,0,0
19425.715014380,0,1
19425.717427646,0,0
19426.725028842,0,1
19426.727442106,0,0
19427.735043160,0,1
19427.737456426,0,0
19428.745057536,0,1
19428.747470802,0,0
19429.755071944,0,1
19429.757485210,0,0
19430.765086372,0,1
19430.767499388,0,0
19431.775100744,0,1
19431.776370466,1,1
19431.779002390,0,1
19431.779038258,0,0
19432.785115270,0,1
19432.787528286,0,0
19433.795129670,0,1
19433.797542684,0,0
19434.805144030,0,1
19434.807557046,0,0
19435.815158374,0,1
19435.817571390,0,0
19436.825172816,0,1
19436.827585832,0,0
19437.835187146,0,1
19437.837600162,0,0
19438.845201536,0,1
19438.847614552,0,0
19439.855215912,0,1
19439.857628928,0,0
19440.865230332,0,1
19440.867643598,0,0
19441.875244698,0,1
19441.876514294,1,1
19441.879145964,0,1
19441.879181962,0,0
19442.885259224,0,1
19442.887672240,0,0
19443.895273598,0,1
19443.897686614,0,0
19444.905287934,0,1
19444.907700950,0,0
19445.915302314,0,1
19445.917715330,0,0
19446.925316696,0,1
19446.927729712,0,0
19447.935331080,0,1
19447.937744098,0,0
19448.945345522,0,1
19448.947758788,0,0
19449.955359874,0,1
19449.957773140,0,0
19450.965374276,0,1
19450.967787542,0,0
19451.975388630,0,1
19451.976658094,1,1
19451.979289744,0,1
19451.979325894,0,0
19452.985402880,0,1
19452.987815896,0,0
19453.995417262,0,1
19453.997830280,0,0
19455.005431620,0,1
19455.007844636,0,0
19456.015446008,0,1
19456.017859024,0,0
19457.025460392,0,1
19457.027873408,0,0
19458.035474816,0,1
19458.037887832,0,0
19459.045489176,0,1
19459.047902192,0,0
19460.055503554,0,1
19460.057916570,0,0
19461.065517984,0,1
19461.067931000,0,0
19462.075532332,0,1
19462.076801944,1,1
19462.079433588,0,1
19462.079469598,0,0
19463.085546686,0,1
19463.087959702,0,0
19464.095561084,0,1
19464.097974100,0,0
19465.105575426,0,1
19465.107988444,0,0
19466.115589814,0,1
19466.118002832,0,0
19467.125604238,0,1
19467.128017254,0,0
19468.135618576,0,1
19468.138031592,0,0
19469.145632950,0,1
19469.148045966,0,0
19470.155647350,0,1
19470.158060366,0,0
19471.165661746,0,1
19471.168074764,0,0
19472.175676118,0,1
19472.176945744,1,1
19472.179577458,0,1
19472.179613382,0,0
19473.185690496,0,1
19473.188103512,0,0
19474.195704868,0,1
19474.198117884,0,0
19475.205719264,0,1
19475.208132280,0,0
19476.215733598,0,1
19476.218146614,0,0
19477.225748020,0,1
19477.228161038,0,0
19478.235762370,0,1
19478.238175386,0,0
19479.245776730,0,1
19479.248189746,0,0
19480.255791184,0,1
19480.258204200,0,0
19481.265805540,0,1
19481.268218556,0,0
19482.275819892,0,1
19482.277089586,1,1
19482.279721166,0,1
19482.279757158,0,0
19483.285834386,0,1
19483.288247402,0,0
19484.295848794,0,1
19484.298261810,0,0
19485.305863190,0,1
19485.308276206,0,0
19486.315877546,0,1
19486.318290562,0,0
19487.325891922,0,1
19487.328304940,0,0
19488.335906340,0,1
19488.338319356,0,0
19489.345920688,0,1
19489.348333704,0,0
19490.355935082,0,1
19490.358348098,0,0
19491.365949426,0,1
19491.368362442,0,0
19492.375963826,0,1
19492.377233458,1,1
19492.379864692,0,1
19492.379901090,0,0
19493.385978226,0,1
19493.388391242,0,0
19494.395992510,0,1
19494.398405776,0,0
19495.406006934,0,1
19495.408420200,0,0
19496.416021326,0,1
19496.418434592,0,0
19497.426035730,0,1
19497.428448746,0,0
19498.436050094,0,1
19498.438463110,0,0
19499.446064472,0,1
19499.448477488,0,0
19500.456078890,0,1
19500.458491906,0,0
19501.466093256,0,1
19501.467362822,1,1
19501.469994644,0,1
19501.470030522,0,0
19502.476107646,0,1
19502.478520662,0,0
19503.486121998,0,1
19503.488535014,0,0
19504.496136424,0,1
19504.498549440,0,0
19505.506150758,0,1
19505.508563774,0,0
19506.516165160,0,1
19506.518578176,0,0
19507.526179504,0,1
19507.528592522,0,0
19508.536193922,0,1
19508.538606940,0,0
19509.546208288,0,1
19509.548621304,0,0
19510.556222700,0,1
19510.558635964,0,0
19511.566237062,0,1
19511.567506758,1,1
19511.570138366,0,1
19511.570174328,0,0
19512.576251554,0,1
19512.578664570,0,0
19513.586265920,0,1
19513.588678938,0,0
19514.596280298,0,1
19514.598693314,0,0
19515.606294700,0,1
19515.608707716,0,0
19516.616309046,0,1
19516.618722062,0,0
19517.626323472,0,1
19517.628736488,0,0
19518.636337848,0,1
19518.638750864,0,0
19519.646352210,0,1
19519.648765224,0,0
19520.656366540,0,1
19520.658779556,0,0
19521.666380942,0,1
19521.667650546,1,1
19521.670282466,0,1
19521.670318208,0,0
19522.676395358,0,1
19522.678808374,0,0
19523.686409736,0,1
19523.688822754,0,0
19524.696424138,0,1
19524.698837154,0,0
19525.706438490,0,1
19525.708851506,0,0
19526.716452850,0,1
19526.718865868,0,0
19527.726467244,0,1
19527.728880260,0,0
19528.736481624,0,1
19528.738894640,0,0
19529.746496008,0,1
19529.748909024,0,0
19530.756510368,0,1
19530.758923384,0,0
19531.766524762,0,1
19531.767794384,1,1
19531.770426034,0,1
19531.770462026,0,0
19532.776539096,0,1
19532.778952112,0,0
19533.786553534,0,1
19533.788966550,0,0
19534.796567894,0,1
19534.798980910,0,0
19535.806582266,0,1
19535.808995282,0,0
19536.816596678,0,1
19536.819009694,0,0
19537.826611036,0,1
19537.829024052,0,0
19538.836625444,0,1
19538.839038460,0,0
19539.846639760,0,1
19539.849052778,0,0
19540.856654192,0,1
19540.859067208,0,0
19541.866668530,0,1
19541.867938258,1,1
19541.870569772,0,1
19541.870606044,0,0
19542.876683042,0,1
19542.879096058,0,0
19543.886697382,0,1
19543.889110400,0,0
19544.896711802,0,1
19544.899124818,0,0
19545.906726172,0,1
19545.909139188,0,0
19546.916740590,0,1
19546.919153606,0,0
19547.926754964,0,1
19547.929167980,0,0
19548.936769340,0,1
19548.939182606,0,0
19549.946783704,0,1
19549.949196970,0,0
19550.956798076,0,1
19550.959211342,0,0
19551.966812446,0,1
19551.968082050,1,1
19551.970714202,0,1
19551.970749712,0,0
19552.976826834,0,1
19552.979239850,0,0
19553.986841236,0,1
19553.989254252,0,0
19554.996855598,0,1
19554.999268614,0,0
19556.006869962,0,1
19556.009282978,0,0
19557.016884306,0,1
19557.019297322,0,0
19558.026898726,0,1
19558.029311742,0,0
19559.036913114,0,1
19559.039326380,0,0
19560.046927458,0,1
19560.049340724,0,0
19561.056941850,0,1
19561.059355116,0,0
19562.066956234,0,1
19562.068225936,1,1
19562.070857948,0,1
19562.070893748,0,0
19563.076970732,0,1
19563.079383748,0,0
19564.086985048,0,1
19564.089398314,0,0
19565.096999528,0,1
19565.099412544,0,0
19566.107013894,0,1
19566.109426910,0,0
19567.117028262,0,1
19567.119441278,0,0
19568.127042658,0,1
19568.129455674,0,0
19569.137057004,0,1
19569.139470020,0,0
19570.147071418,0,1
19570.149484434,0,0
19571.157085812,0,1
19571.159498828,0,0
19572.167100142,0,1
19572.168369736,1,1
19572.171001496,0,1
19572.171037408,0,0
19573.177114548,0,1
19573.179527564,0,0
19574.187128888,0,1
19574.189541904,0,0
19575.197143316,0,1
19575.199556332,0,0
19576.207157666,0,1
19576.209570682,0,0
19577.217172036,0,1
19577.219585052,0,0
19578.227186452,0,1
19578.229599470,0,0
19579.237200780,0,1
19579.239614046,0,0
19580.247215212,0,1
19580.249628478,0,0
19581.257229586,0,1
19581.259642852,0,0
19582.267243912,0,1
19582.268513556,1,1
19582.271145334,0,1
19582.271181176,0,0
19583.277258328,0,1
19583.279671344,0,0
19584.287272716,0,1
19584.289685732,0,0
19585.297287050,0,1
19585.299700066,0,0
19586.307301458,0,1
19586.309714474,0,0
19587.317315830,0,1
19587.319728846,0,0
19588.327330192,0,1
19588.329743208,0,0
19589.337344602,0,1
19589.339757868,0,0
19590.347358974,0,1
19590.349772240,0,0
19591.357373358,0,1
19591.359786624,0,0
19592.367387728,0,1
19592.368657472,1,1
19592.371289306,0,1
19592.371325242,0,0
19593.377402382,0,1
19593.379815398,0,0
19594.387416736,0,1
19594.389829752,0,0
19595.397431076,0,1
19595.399844092,0,0
19596.407445508,0,1
19596.409858526,0,0
19597.417459872,0,1
19597.419873138,0,0
19598.427474280,0,1
19598.429887546,0,0
19599.437488618,0,1
19599.439901884,0,0
19600.447503020,0,1
19600.449916286,0,0
19601.457517362,0,1
19601.458786954,1,1
19601.461418564,0,1
19601.461454628,0,0
19602.467531744,0,1
19602.469944760,0,0
19603.477546126,0,1
19603.479959142,0,0
19604.487560484,0,1
19604.489973500,0,0
19605.497574844,0,1
19605.499987860,0,0
19606.507589236,0,1
19606.510002502,0,0
19607.517603626,0,1
19607.520016892,0,0
19608.527617982,0,1
19608.530031248,0,0
19609.537632354,0,1
19609.540045620,0,0
19610.547646780,0,1
19610.550060046,0,0
19611.557661154,0,1
19611.558930980,1,1
19611.561562924,0,1
19611.561598670,0,0
19612.567675866,0,1
19612.570088884,0,0
19613.577690194,0,1
19613.580103208,0,0
19614.587704606,0,1
19614.590117872,0,0
19615.597718974,0,1
19615.600132240,0,0
19616.607733316,0,1
19616.610146582,0,0
19617.617747754,0,1
19617.620160770,0,0
19618.627762160,0,1
19618.630175176,0,0
19619.637776566,0,1
19619.640189582,0,0
19620.647790932,0,1
19620.650204198,0,0
19621.657805324,0,1
19621.659074850,1,1
19621.661706550,0,1
19621.661742588,0,0
19622.667819556,0,1
19622.670232572,0,0
19623.677833948,0,1
19623.680246966,0,0
19624.687848296,0,1
19624.690261312,0,0
19625.697862662,0,1
19625.700275928,0,0
19626.707877068,0,1
19626.710290334,0,0
19627.717891416,0,1
19627.720304682,0,0
19628.727905788,0,1
19628.730319054,0,0
19629.737920294,0,1
19629.740333310,0,0
19630.747934662,0,1
19630.750347678,0,0
19631.757948998,0,1
19631.759218878,1,1
19631.761850530,0,1
19631.761886512,0,0
19632.767963542,0,1
19632.770376808,0,0
19633.777978030,0,1
19633.780391046,0,0
19634.787992360,0,1
19634.790405374,0,0
19635.798006774,0,1
19635.800419790,0,0
19636.808021164,0,1
19636.810434430,0,0
19637.818035552,0,1
19637.820448818,0,0
19638.828049988,0,1
19638.830463004,0,0
19639.838064360,0,1
19639.840477378,0,0
19640.848078764,0,1
19640.850491780,0,0
19641.858093138,0,1
19641.859362768,1,1
19641.861994490,0,1
19641.862030404,0,0
19642.868107474,0,1
19642.870520490,0,0
19643.878121856,0,1
19643.880534872,0,0
19644.888136278,0,1
19644.890549544,0,0
19645.898150642,0,1
19645.900563910,0,0
19646.908165028,0,1
19646.910578294,0,0
19647.918179446,0,1
19647.920592462,0,0
19648.928193838,0,1
19648.930606854,0,0
19649.938208206,0,1
19649.940621222,0,0
19650.948222612,0,1
19650.950635878,0,0
19651.958237004,0,1
19651.959506652,1,1
19651.962138624,0,1
19651.962174268,0,0
19652.968251360,0,1
19652.970664376,0,0
19653.978265718,0,1
19653.980678734,0,0
19654.988280086,0,1
19654.990693352,0,0
19655.998294488,0,1
19656.000707754,0,0
19657.008308894,0,1
19657.010721910,0,0
19658.018323278,0,1
19658.020736294,0,0
19659.028337656,0,1
19659.030750674,0,0
19660.038352078,0,1
19660.040765344,0,0
19661.048366446,0,1
19661.050779712,0,0
19662.058380800,0,1
19662.059650582,1,1
19662.062282856,0,1
19662.062318316,0,0
19663.068395300,0,1
19663.070808316,0,0
19664.078409666,0,1
19664.080822684,0,0
19665.088424046,0,1
19665.090837312,0,0
19666.098438426,0,1
19666.100851692,0,0
19667.108452842,0,1
19667.110865858,0,0
19668.118467288,0,1
19668.120880304,0,0
19669.128481684,0,1
19669.130894950,0,0
19670.138496002,0,1
19670.140909268,0,0
19671.148510446,0,1
19671.150923462,0,0
19672.158524808,0,1
19672.159794490,1,1
19672.162426472,0,1
19672.162462072,0,0
19673.168539314,0,1
19673.170952330,0,0
19674.178553696,0,1
19674.180966710,0,0
19675.188568096,0,1
19675.190981362,0,0
19676.198582466,0,1
19676.200995732,0,0
19677.208596878,0,1
19677.211009894,0,0
19678.218611296,0,1
19678.221024312,0,0
19679.228625628,0,1
19679.231038894,0,0
19680.238640008,0,1
19680.241053274,0,0
19681.248654490,0,1
19681.251067508,0,0
19682.258668846,0,1
19682.259938478,1,1
19682.262569864,0,1
19682.262606110,0,0
19683.268683216,0,1
19683.271096234,0,0
19684.278697594,0,1
19684.281110860,0,0
19685.288711946,0,1
19685.291125212,0,0
19686.298726420,0,1
19686.301139436,0,0
19687.308740770,0,1
19687.311153786,0,0
19688.318755214,0,1
19688.321168480,0,0
19689.328769572,0,1
19689.331182838,0,0
19690.338783982,0,1
19690.341196996,0,0
19691.348798408,0,1
19691.351211424,0,0
19692.358812738,0,1
19692.360082356,1,1
19692.362713870,0,1
19692.362750002,0,0
19693.368827126,0,1
19693.371240142,0,0
19694.378841484,0,1
19694.381254502,0,0
19695.388855884,0,1
19695.391269150,0,0
19696.398870274,0,1
19696.401283542,0,0
19697.408884682,0,1
19697.411297698,0,0
19698.418899070,0,1
19698.421312086,0,0
19699.428913442,0,1
19699.431326708,0,0
19700.438927842,0,1
19700.441341108,0,0
19701.448942210,0,1
19701.450211868,1,1
19701.452843562,0,1
19701.452879476,0,0
19702.458956586,0,1
19702.461369602,0,0
19703.468970972,0,1
19703.471384238,0,0
19704.478985324,0,1
19704.481398590,0,0
19705.488999792,0,1
19705.491412808,0,0
19706.499014154,0,1
19706.501427170,0,0
19707.509028538,0,1
19707.511441554,0,0
19708.519042888,0,1
19708.521456156,0,0
19709.529057314,0,1
19709.531470330,0,0
19710.539071742,0,1
19710.541484758,0,0
19711.549086116,0,1
19711.550355824,1,1
19711.552987356,0,1
19711.553023632,0,0
19712.559100624,0,1
19712.561513640,0,0
19713.569115004,0,1
19713.571528020,0,0
19714.579129358,0,1
19714.581542622,0,0
19715.589143718,0,1
19715.591556984,0,0
19716.599158184,0,1
19716.601571202,0,0
19717.609172558,0,1
19717.611585574,0,0
19718.619186968,0,1
19718.621600234,0,0
19719.629201310,0,1
19719.631614576,0,0
19720.639215742,0,1
19720.641628758,0,0
19721.649230176,0,1
19721.650499710,1,1
19721.653131780,0,1
19721.653167442,0,0
19722.659244350,0,1
19722.661657368,0,0
19723.669258734,0,1
19723.671671750,0,0
19724.679273130,0,1
19724.681686398,0,0
19725.689287512,0,1
19725.691700780,0,0
19726.699301934,0,1
19726.701714950,0,0
19727.709316298,0,1
19727.711729314,0,0
19728.719330688,0,1
19728.721743954,0,0
19729.729345050,0,1
19729.731758316,0,0
19730.739359522,0,1
19730.741772538,0,0
19731.749373922,0,1
19731.750643654,1,1
19731.753275218,0,1
19731.753311186,0,0
19732.759388418,0,1
19732.761801434,0,0
19733.769402760,0,1
19733.771816026,0,0
19734.779417104,0,1
19734.781830370,0,0
19735.789431590,0,1
19735.791844606,0,0
19736.799445916,0,1
19736.801858932,0,0
19737.809460322,0,1
19737.811873586,0,0
19738.819474694,0,1
19738.821887960,0,0
19739.829489144,0,1
19739.831902160,0,0
19740.839503550,0,1
19740.841916566,0,0
19741.849517886,0,1
19741.850787530,1,1
19741.853419476,0,1
19741.853455152,0,0
19742.859532262,0,1
19742.861945278,0,0
19743.869546664,0,1
19743.871959680,0,0
19744.879561048,0,1
19744.881974314,0,0
19745.889575442,0,1
19745.891988460,0,0
19746.899589880,0,1
19746.902002896,0,0
19747.909604216,0,1
19747.912017232,0,0
19748.919618586,0,1
19748.922031852,0,0
19749.929633046,0,1
19749.932046062,0,0
19750.939647392,0,1
19750.942060408,0,0
19751.949661782,0,1
19751.950931466,1,1
19751.953563262,0,1
19751.953599048,0,0
19752.959676270,0,1
19752.962089284,0,0
19753.969690682,0,1
19753.972103698,0,0
19754.979705066,0,1
19754.982118332,0,0
19755.989719468,0,1
19755.992132484,0,0
19756.999733850,0,1
19757.002146866,0,0
19758.009748258,0,1
19758.012161274,0,0
19759.019762588,0,1
19759.022175854,0,0
19760.029777052,0,1
19760.032190068,0,0
19761.039791410,0,1
19761.042204426,0,0
19762.049805812,0,1
19762.051075426,1,1
19762.053707454,0,1
19762.053743076,0,0
19763.059820204,0,1
19763.062233220,0,0
19764.069834510,0,1
19764.072247526,0,0
19765.079848908,0,1
19765.082262174,0,0
19766.089863394,0,1
19766.092276408,0,0
19767.099877748,0,1
19767.102290764,0,0
19768.109892088,0,1
19768.112305104,0,0
19769.119906526,0,1
19769.122319542,0,0
19770.129920854,0,1
19770.132334120,0,0
19771.139935246,0,1
19771.142348512,0,0
19772.149949694,0,1
19772.151219280,1,1
19772.153851250,0,1
19772.153886958,0,0
19773.159964040,0,1
19773.162377056,0,0
19774.169978432,0,1
19774.172391698,0,0
19775.179992816,0,1
19775.182406082,0,0
19776.190007248,0,1
19776.192420264,0,0
19777.200021620,0,1
19777.202434638,0,0
19778.210036022,0,1
19778.212449038,0,0
19779.220050394,0,1
19779.222463660,0,0
19780.230064852,0,1
19780.232477868,0,0
19781.240079244,0,1
19781.242492260,0,0
19782.250093566,0,1
19782.251363286,1,1
19782.253994902,0,1
19782.254030830,0,0
19783.260108066,0,1
19783.262521084,0,0
19784.270122474,0,1
19784.272535740,0,0
19785.280136858,0,1
19785.282550124,0,0
19786.290151270,0,1
19786.292564284,0,0
19787.300165664,0,1
19787.302578680,0,0
19788.310180050,0,1
19788.312593316,0,0
19789.320194370,0,1
19789.322607636,0,0
19790.330208808,0,1
19790.332621824,0,0
19791.340223192,0,1
19791.342636458,0,0
19792.350237604,0,1
19792.351507216,1,1
19792.354138822,0,1
19792.354174868,0,0
19793.360252008,0,1
19793.362665024,0,0
19794.370266346,0,1
19794.372679612,0,0
19795.380280722,0,1
19795.382693988,0,0
19796.390295164,0,1
19796.392708182,0,0
19797.400309514,0,1
19797.402722530,0,0
19798.410323908,0,1
19798.412737174,0,0
19799.420338296,0,1
19799.422751562,0,0
19800.430352728,0,1
19800.432765744,0,0
19801.440367098,0,1
19801.441636774,1,1
19801.444268106,0,1
19801.444304364,0,0
19802.450381586,0,1
19802.452794602,0,0
19803.460395970,0,1
19803.462809236,0,0
19804.470410414,0,1
19804.472823680,0,0
19805.480424816,0,1
19805.482837832,0,0
19806.490439156,0,1
19806.492852422,0,0
19807.500453524,0,1
19807.502866790,0,0
19808.510468000,0,1
19808.512881016,0,0
19809.520482384,0,1
19809.522895400,0,0
19810.530496748,0,1
19810.532910014,0,0
19811.540511170,0,1
19811.541780670,1,1
19811.544412332,0,1
19811.544448436,0,0
19812.550525588,0,1
19812.552938604,0,0
19813.560539962,0,1
19813.562953228,0,0
19814.570554320,0,1
19814.572967586,0,0
19815.580568718,0,1
19815.582981736,0,0
19816.590583138,0,1
19816.592996152,0,0
19817.600597514,0,1
19817.603010780,0,0
19818.610611876,0,1
19818.613024894,0,0
19819.620626332,0,1
19819.623039348,0,0
19820.630640686,0,1
19820.633053952,0,0
19821.640655074,0,1
19821.641924572,1,1
19821.644556364,0,1
19821.644592088,0,0
19822.650669310,0,1
19822.653082328,0,0
19823.660683702,0,1
19823.663096966,0,0
19824.670698066,0,1
19824.673111332,0,0
19825.680712492,0,1
19825.683125508,0,0
19826.690726866,0,1
19826.693139884,0,0
19827.700741278,0,1
19827.703154544,0,0
19828.710755644,0,1
19828.713168910,0,0
19829.720770100,0,1
19829.723183116,0,0
19830.730784406,0,1
19830.733197422,0,0
19831.740798830,0,1
19831.742068496,1,1
19831.744700164,0,1
19831.744736094,0,0
19832.750813158,0,1
19832.753226174,0,0
19833.760827582,0,1
19833.763240598,0,0
19834.770841954,0,1
19834.773255220,0,0
19835.780856392,0,1
19835.783269408,0,0
19836.790870752,0,1
19836.793284018,0,0
19837.800885108,0,1
19837.803298124,0,0
19838.810899496,0,1
19838.813312514,0,0
19839.820913908,0,1
19839.823327174,0,0
19840.830928254,0,1
19840.833341520,0,0
19841.840942718,0,1
19841.842212298,1,1
19841.844844014,0,1
19841.844879982,0,0
19842.850957066,0,1
19842.853370082,0,0
19843.860971502,0,1
19843.863384768,0,0
19844.870985818,0,1
19844.873399084,0,0
19845.881000316,0,1
19845.883413334,0,0
19846.891014668,0,1
19846.893427686,0,0
19847.901029048,0,1
19847.903442064,0,0
19848.911043432,0,1
19848.913456698,0,0
19849.921057852,0,1
19849.923470868,0,0
19850.931072244,0,1
19850.933485260,0,0
19851.941086606,0,1
19851.942356212,1,1
19851.944987524,0,1
19851.945023872,0,0
19852.951100992,0,1
19852.953514008,0,0
19853.961115334,0,1
19853.963528350,0,0
19854.971129698,0,1
19854.973542964,0,0
19855.981144152,0,1
19855.983557168,0,0
19856.991158536,0,1
19856.993571552,0,0
19858.001172904,0,1
19858.003585920,0,0
19859.011187272,0,1
19859.013600538,0,0
19860.021201686,0,1
19860.023614952,0,0
19861.031216074,0,1
19861.033629090,0,0
19862.041230466,0,1
19862.042500142,1,1
19862.045132096,0,1
19862.045167730,0,0
19863.051244950,0,1
19863.053657966,0,0
19864.061259322,0,1
19864.063672338,0,0
19865.071273722,0,1
19865.073686988,0,0
19866.081288212,0,1
19866.083701228,0,0
19867.091302590,0,1
19867.093715606,0,0
19868.101316914,0,1
19868.103729930,0,0
19869.111331304,0,1
19869.113744570,0,0
19870.121345732,0,1
19870.123758746,0,0
19871.131360138,0,1
19871.133773154,0,0
19872.141374458,0,1
19872.142643948,1,1
19872.145275808,0,1
19872.145311722,0,0
19873.151388742,0,1
19873.153801758,0,0
19874.161403096,0,1
19874.163816112,0,0
19875.171417456,0,1
19875.173830722,0,0
19876.181431826,0,1
19876.183845092,0,0
19877.191446284,0,1
19877.193859300,0,0
19878.201460708,0,1
19878.203873724,0,0
19879.211475056,0,1
19879.213888322,0,0
19880.221489432,0,1
19880.223902698,0,0
19881.231503864,0,1
19881.233916880,0,0
19882.241518264,0,1
19882.242787930,1,1
19882.245419518,0,1
19882.245455528,0,0
19883.251532634,0,1
19883.253945650,0,0
19884.261547032,0,1
19884.263960046,0,0
19885.271561336,0,1
19885.273974602,0,0
19886.281575748,0,1
19886.283989014,0,0
19887.291590200,0,1
19887.294003216,0,0
19888.301604538,0,1
19888.304017554,0,0
19889.311618924,0,1
19889.314031940,0,0
19890.321633276,0,1
19890.324046542,0,0
19891.331647692,0,1
19891.334060958,0,0
19892.341662070,0,1
19892.342931772,1,1
19892.345563242,0,1
19892.345599586,0,0
19893.351676562,0,1
19893.354089580,0,0
19894.361690924,0,1
19894.364103940,0,0
19895.371705308,0,1
19895.374118574,0,0
19896.381719680,0,1
19896.384132948,0,0
19897.391734028,0,1
19897.394147294,0,0
19898.401748502,0,1
19898.404161520,0,0
19899.411762874,0,1
19899.414175890,0,0
19900.421777226,0,1
19900.424190492,0,0
19901.431791586,0,1
19901.433061288,1,1
19901.435692486,0,1
19901.435729100,0,0
19902.441806108,0,1
19902.444219124,0,0
19903.451820498,0,1
19903.454233514,0,0
19904.461834822,0,1
19904.464248088,0,0
19905.471849268,0,1
19905.474262534,0,0
19906.481863596,0,1
19906.484276862,0,0
19907.491878036,0,1
19907.494291052,0,0
19908.501892448,0,1
19908.504305464,0,0
19909.511906826,0,1
19909.514320092,0,0
19910.521921160,0,1
19910.524334426,0,0
19911.531935596,0,1
19911.533205202,1,1
19911.535837022,0,1
19911.535872860,0,0
19912.541950038,0,1
19912.544363054,0,0
19913.551964354,0,1
19913.554377370,0,0
19914.561978736,0,1
19914.564392002,0,0
19915.571993190,0,1
19915.574406206,0,0
19916.582007582,0,1
19916.584420598,0,0
19917.592021950,0,1
19917.594434966,0,0
19918.602036306,0,1
19918.604449572,0,0
19919.612050662,0,1
19919.614463926,0,0
19920.622065116,0,1
19920.624478132,0,0
19921.632079502,0,1
19921.633349050,1,1
19921.635980670,0,1
19921.636016766,0,0
19922.642093888,0,1
19922.644506904,0,0
19923.652108280,0,1
19923.654521296,0,0
19924.662122610,0,1
19924.664535876,0,0
19925.672137004,0,1
19925.674550270,0,0
19926.682151402,0,1
19926.684564420,0,0
19927.692165836,0,1
19927.694578852,0,0
19928.702180176,0,1
19928.704593442,0,0
19929.712194532,0,1
19929.714607798,0,0
19930.722208982,0,1
19930.724621998,0,0
19931.732223372,0,1
19931.733492954,1,1
19931.736125052,0,1
19931.736160638,0,0
19932.742237716,0,1
19932.744650732,0,0
19933.752252148,0,1
19933.754665162,0,0
19934.762266512,0,1
19934.764679778,0,0
19935.772280860,0,1
19935.774694128,0,0
19936.782295240,0,1
19936.784708256,0,0
19937.792309668,0,1
19937.794722684,0,0
19938.802324030,0,1
19938.804737296,0,0
19939.812338452,0,1
19939.814751718,0,0
19940.822352848,0,1
19940.824765864,0,0
19941.832367236,0,1
19941.833636782,1,1
19941.836268540,0,1
19941.836304502,0,0
19942.842381656,0,1
19942.844794672,0,0
19943.852395974,0,1
19943.854808990,0,0
19944.862410346,0,1
19944.864823612,0,0
19945.872424772,0,1
19945.874838038,0,0
19946.882439162,0,1
19946.884852178,0,0
19947.892453526,0,1
19947.894866542,0,0
19948.902467934,0,1
19948.904880950,0,0
19949.912482270,0,1
19949.914895536,0,0
19950.922496714,0,1
19950.924909980,0,0
19951.932511102,0,1
19951.933780748,1,1
19951.936412318,0,1
19951.936448368,0,0
19952.942525616,0,1
19952.944938632,0,0
19953.952539968,0,1
19953.954953234,0,0
19954.962554358,0,1
19954.964967624,0,0
19955.972568820,0,1
19955.974981838,0,0
19956.982583182,0,1
19956.984996198,0,0
19957.992597544,0,1
19957.995010810,0,0
19959.002611922,0,1
19959.005025186,0,0
19960.012626386,0,1
19960.015039402,0,0
19961.022640746,0,1
19961.025053762,0,0
19962.032655080,0,1
19962.033924604,1,1
19962.036556092,0,1
19962.036592094,0,0
19963.042669334,0,1
19963.045082350,0,0
19964.052683692,0,1
19964.055096708,0,0
19965.062698088,0,1
19965.065111354,0,0
19966.072712500,0,1
19966.075125766,0,0
19967.082726880,0,1
19967.085139896,0,0
19968.092741268,0,1
19968.095154284,0,0
19969.102755676,0,1
19969.105168942,0,0
19970.112770052,0,1
19970.115183318,0,0
19971.122784490,0,1
19971.125197506,0,0
19972.132798840,0,1
19972.134068506,1,1
19972.136700292,0,1
19972.136736104,0,0
19973.142813352,0,1
19973.145226368,0,0
19974.152827716,0,1
19974.155240734,0,0
19975.162842114,0,1
19975.165255130,0,0
19976.172856502,0,1
19976.175269768,0,0
19977.182870828,0,1
19977.185284094,0,0
19978.192885324,0,1
19978.195298340,0,0
19979.202899704,0,1
19979.205312722,0,0
19980.212914070,0,1
19980.215327336,0,0
19981.222928440,0,1
19981.225341706,0,0
19982.232942918,0,1
19982.234212386,1,1
19982.236844312,0,1
19982.236880184,0,0
19983.242957132,0,1
19983.245370148,0,0
19984.252971496,0,1
19984.255384512,0,0
19985.262985880,0,1
19985.265399146,0,0
19986.273000226,0,1
19986.275413492,0,0
19987.283014684,0,1
19987.285427700,0,0
19988.293029080,0,1
19988.295442096,0,0
19989.303043436,0,1
19989.305456452,0,0
19990.313057798,0,1
19990.315471064,0,0
19991.323072152,0,1
19991.325485420,0,0
19992.333086630,0,1
19992.334356262,1,1
19992.336987880,0,1
19992.337023894,0,0
19993.343100998,0,1
19993.345514016,0,0
19994.353115346,0,1
19994.355528362,0,0
19995.363129730,0,1
19995.365542996,0,0
19996.373144136,0,1
19996.375557402,0,0
19997.383158550,0,1
19997.385571566,0,0
19998.393172918,0,1
19998.395585934,0,0
19999.403187304,0,1
19999.405600320,0,0
20000.413201706,0,1
20000.415614972,0,0
20001.423216058,0,1
20001.424485808,1,1
20001.427117448,0,1
20001.427153572,0,0
20002.433230568,0,1
20002.435643586,0,0
20003.443244964,0,1
20003.445657980,0,0
20004.453259332,0,1
20004.455672598,0,0
20005.463273684,0,1
20005.465686950,0,0
20006.473288148,0,1
20006.475701164,0,0
20007.483302514,0,1
20007.485715530,0,0
20008.493316882,0,1
20008.495730148,0,0
20009.503331258,0,1
20009.505744524,0,0
20010.513345712,0,1
20010.515758728,0,0
20011.523360076,0,1
20011.524629632,1,1
20011.527261442,0,1
20011.527297340,0,0
20012.533374412,0,1
20012.535787430,0,0
20013.543388806,0,1
20013.545801822,0,0
20014.553403178,0,1
20014.555816446,0,0
20015.563417578,0,1
20015.565830846,0,0
20016.573432018,0,1
20016.575845034,0,0
20017.583446362,0,1
20017.585859378,0,0
20018.593460742,0,1
20018.595874008,0,0
20019.603475168,0,1
20019.605888434,0,0
20020.613489576,0,1
20020.615902592,0,0
20021.623503906,0,1
20021.624773582,1,1
20021.627405192,0,1
20021.627441170,0,0
20022.633518410,0,1
20022.635931426,0,0
20023.643532828,0,1
20023.645945844,0,0
20024.653547160,0,1
20024.655960426,0,0
20025.663561596,0,1
20025.665974612,0,0
20026.673575972,0,1
20026.675988988,0,0
20027.683590358,0,1
20027.686003374,0,0
20028.693604732,0,1
20028.696017998,0,0
20029.703619170,0,1
20029.706032186,0,0
20030.713633566,0,1
20030.716046582,0,0
20031.723647954,0,1
20031.724917428,1,1
20031.727549632,0,1
20031.727585220,0,0
20032.733662168,0,1
20032.736075184,0,0
20033.743676544,0,1
20033.746089560,0,0
20034.753690966,0,1
20034.756104234,0,0
20035.763705304,0,1
20035.766118570,0,0
20036.773719758,0,1
20036.776132774,0,0
20037.783734176,0,1
20037.786147192,0,0
20038.793748482,0,1
20038.796161500,0,0
20039.803762896,0,1
20039.806176162,0,0
20040.813777246,0,1
20040.816190512,0,0
20041.823791652,0,1
20041.825061362,1,1
20041.827693118,0,1
20041.827729166,0,0
20042.833806190,0,1
20042.836219206,0,0
20043.843820490,0,1
20043.846233508,0,0
20044.853834900,0,1
20044.856248166,0,0
20045.863849276,0,1
20045.866262542,0,0
20046.873863710,0,1
20046.876276728,0,0
20047.883878114,0,1
20047.886291130,0,0
20048.893892486,0,1
20048.896305752,0,0
20049.903906800,0,1
20049.906320068,0,0
20050.913921214,0,1
20050.916334230,0,0
20051.923935660,0,1
20051.925205200,1,1
20051.927836770,0,1
20051.927872674,0,0
20052.933950044,0,1
20052.936363060,0,0
20053.943964436,0,1
20053.946377452,0,0
20054.953978776,0,1
20054.956392042,0,0
20055.963993134,0,1
20055.966406400,0,0
20056.974007556,0,1
20056.976420572,0,0
20057.984021938,0,1
20057.986434954,0,0
20058.994036306,0,1
20058.996449322,0,0
20060.004050694,0,1
20060.006463960,0,0
20061.014065084,0,1
20061.016478350,0,0
20062.024079452,0,1
20062.025349090,1,1
20062.027981264,0,1
20062.028016716,0,0
20063.034093864,0,1
20063.036506880,0,0
20064.044108246,0,1
20064.046521262,0,0
20065.054122624,0,1
20065.056535890,0,0
20066.064137024,0,1
20066.066550290,0,0
20067.074151428,0,1
20067.076564444,0,0
20068.084165840,0,1
20068.086578856,0,0
20069.094180214,0,1
20069.096593480,0,0
20070.104194586,0,1
20070.106607852,0,0
20071.114208994,0,1
20071.116622010,0,0
20072.124223368,0,1
20072.125492980,1,1
20072.128124484,0,1
20072.128160634,0,0
20073.134237730,0,1
20073.136650746,0,0
20074.144252092,0,1
20074.146665108,0,0
20075.154266510,0,1
20075.156679776,0,0
20076.164280888,0,1
20076.166694154,0,0
20077.174295326,0,1
20077.176708342,0,0
20078.184309694,0,1
20078.186722710,0,0
20079.194324030,0,1
20079.196737296,0,0
20080.204338460,0,1
20080.206751726,0,0
20081.214352872,0,1
20081.216765888,0,0
20082.224367288,0,1
20082.225636786,1,1
20082.228268476,0,1
20082.228304554,0,0
20083.234381448,0,1
20083.236794464,0,0
20084.244395862,0,1
20084.246808878,0,0
20085.254410220,0,1
20085.256823486,0,0
20086.264424632,0,1
20086.266837898,0,0
20087.274439024,0,1
20087.276852040,0,0
20088.284453400,0,1
20088.286866416,0,0
20089.294467800,0,1
20089.296880816,0,0
20090.304482158,0,1
20090.306895424,0,0
20091.314496558,0,1
20091.316909822,0,0
20092.324510922,0,1
20092.325780730,1,1
20092.328412376,0,1
20092.328448436,0,0
20093.334525530,0,1
20093.336938546,0,0
20094.344539952,0,1
20094.346952968,0,0
20095.354554276,0,1
20095.356967542,0,0
20096.364568698,0,1
20096.366981964,0,0
20097.374583172,0,1
20097.376996188,0,0
20098.384597474,0,1
20098.387010488,0,0
20099.394611868,0,1
20099.397025132,0,0
20100.404626202,0,1
20100.407039468,0,0
20101.414640682,0,1
20101.415910158,1,1
20101.418541752,0,1
20101.418577946,0,0
20102.424654918,0,1
20102.427067934,0,0
20103.434669302,0,1
20103.437082316,0,0
20104.444683630,0,1
20104.447096896,0,0
20105.454698020,0,1
20105.457111286,0,0
20106.464712434,0,1
20106.467125700,0,0
20107.474726848,0,1
20107.477139864,0,0
20108.484741230,0,1
20108.487154246,0,0
20109.494755632,0,1
20109.497168648,0,0
20110.504770026,0,1
20110.507183042,0,0
20111.514784364,0,1
20111.516054078,1,1
20111.518685850,0,1
20111.518721878,0,0
20112.524798906,0,1
20112.527211922,0,0
20113.534813256,0,1
20113.537226272,0,0
20114.544827608,0,1
20114.547240874,0,0
20115.554842020,0,1
20115.557255286,0,0
20116.564856404,0,1
20116.567269420,0,0
20117.574870838,0,1
20117.577283854,0,0
20118.584885168,0,1
20118.587298434,0,0
20119.594899528,0,1
20119.597312794,0,0
20120.604914018,0,1
20120.607327036,0,0
20121.614928350,0,1
20121.616197930,1,1
20121.618829536,0,1
20121.618865614,0,0
20122.624942702,0,1
20122.627355718,0,0
20123.634957096,0,1
20123.637370112,0,0
20124.644971494,0,1
20124.647384760,0,0
20125.654985904,0,1
20125.657399170,0,0
20126.665000346,0,1
20126.667413360,0,0
20127.675014674,0,1
20127.677427690,0,0
20128.685029098,0,1
20128.687442114,0,0
20129.695043432,0,1
20129.697456700,0,0
20130.705057780,0,1
20130.707471046,0,0
20131.715072266,0,1
20131.716341774,1,1
20131.718973342,0,1
20131.719009532,0,0
20132.725086464,0,1
20132.727499480,0,0
20133.735100916,0,1
20133.737513932,0,0
20134.745115246,0,1
20134.747528512,0,0
20135.755129604,0,1
20135.757542870,0,0
20136.765143972,0,1
20136.767557238,0,0
20137.775158424,0,1
20137.777571442,0,0
20138.785172842,0,1
20138.787585858,0,0
20139.795187152,0,1
20139.797600168,0,0
20140.805201558,0,1
20140.807614824,0,0
20141.815215942,0,1
20141.816485734,1,1
20141.819117550,0,1
20141.819153456,0,0
20142.825230418,0,1
20142.827643434,0,0
20143.835244794,0,1
20143.837657808,0,0
20144.845259182,0,1
20144.847672448,0,0
20145.855273578,0,1
20145.857686844,0,0
20146.865288016,0,1
20146.867701032,0,0
20147.875302330,0,1
20147.877715346,0,0
20148.885316702,0,1
20148.887729718,0,0
20149.895331112,0,1
20149.897744378,0,0
20150.905345530,0,1
20150.907758796,0,0
20151.915359824,0,1
20151.916629614,1,1
20151.919261254,0,1
20151.919297338,0,0
20152.925374346,0,1
20152.927787362,0,0
20153.935388682,0,1
20153.937801698,0,0
20154.945403086,0,1
20154.947816352,0,0
20155.955417494,0,1
20155.957830760,0,0
20156.965431890,0,1
20156.967844906,0,0
20157.975446322,0,1
20157.977859338,0,0
20158.985460658,0,1
20158.987873674,0,0
20159.995475058,0,1
20159.997888324,0,0
20161.005489378,0,1
20161.007902644,0,0
20162.015503874,0,1
20162.016773526,1,1
20162.019405700,0,1
20162.019441138,0,0
20163.025518246,0,1
20163.027931262,0,0
20164.035532598,0,1
20164.037945614,0,0
20165.045546952,0,1
20165.047960218,0,0
20166.055561350,0,1
20166.057974616,0,0
20167.065575752,0,1
20167.067988770,0,0
20168.075590142,0,1
20168.078003158,0,0
20169.085604546,0,1
20169.088017812,0,0
20170.095618914,0,1
20170.098032180,0,0
20171.105633380,0,1
20171.108046396,0,0
20172.115647758,0,1
20172.116917364,1,1
20172.119549076,0,1
20172.119585022,0,0
20173.125662090,0,1
20173.128075106,0,0
20174.135676486,0,1
20174.138089502,0,0
20175.145690896,0,1
20175.148104162,0,0
20176.155705238,0,1
20176.158118506,0,0
20177.165719640,0,1
20177.168132656,0,0
20178.175734058,0,1
20178.178147074,0,0
20179.185748418,0,1
20179.188161432,0,0
20180.195762848,0,1
20180.198175864,0,0
20181.205777164,0,1
20181.208190180,0,0
20182.215791520,0,1
20182.217061200,1,1
20182.219692856,0,1
20182.219728786,0,0
20183.225806040,0,1
20183.228219058,0,0
20184.235820420,0,1
20184.238233436,0,0
20185.245834750,0,1
20185.248248016,0,0
20186.255849200,0,1
20186.258262466,0,0
20187.265863568,0,1
20187.268276584,0,0
20188.275878028,0,1
20188.278291044,0,0
20189.285892338,0,1
20189.288305604,0,0
20190.295906762,0,1
20190.298320028,0,0
20191.305921180,0,1
20191.308334196,0,0
20192.315935556,0,1
20192.317205108,1,1
20192.319836814,0,1
20192.319872822,0,0
20193.325949932,0,1
20193.328362948,0,0
20194.335964290,0,1
20194.338377306,0,0
20195.345978608,0,1
20195.348391874,0,0
20196.355993000,0,1
20196.358406266,0,0
20197.366007460,0,1
20197.368420476,0,0
20198.376021818,0,1
20198.378434834,0,0
20199.386036206,0,1
20199.388449472,0,0
20200.396050566,0,1
20200.398463832,0,0
20201.406064976,0,1
20201.407334544,1,1
20201.409966456,0,1
20201.410002240,0,0
20202.416079320,0,1
20202.418492338,0,0
20203.426093700,0,1
20203.428506716,0,0
20204.436108076,0,1
20204.438521344,0,0
20205.446122490,0,1
20205.448535756,0,0
20206.456136866,0,1
20206.458549882,0,0
20207.466151272,0,1
20207.468564288,0,0
20208.476165670,0,1
20208.478578686,0,0
20209.486180018,0,1
20209.488593284,0,0
20210.496194358,0,1
20210.498607624,0,0
20211.506208862,0,1
20211.507478454,1,1
20211.510110034,0,1
20211.510146126,0,0
20212.516223236,0,1
20212.518636252,0,0
20213.526237576,0,1
20213.528650592,0,0
20214.536251944,0,1
20214.538665210,0,0
20215.546266362,0,1
20215.548679628,0,0
20216.556280758,0,1
20216.558693774,0,0
20217.566295100,0,1
20217.568708116,0,0
20218.576309516,0,1
20218.578722782,0,0
20219.586323906,0,1
20219.588737172,0,0
20220.596338300,0,1
20220.598751316,0,0
20221.606352664,0,1
20221.607622298,1,1
20221.610254318,0,1
20221.610289930,0,0
20222.616367074,0,1
20222.618780090,0,0
20223.626381466,0,1
20223.628794482,0,0
20224.636395792,0,1
20224.638809058,0,0
20225.646410188,0,1
20225.648823454,0,0
20226.656424626,0,1
20226.658837642,0,0
20227.666439030,0,1
20227.668852046,0,0
20228.676453402,0,1
20228.678866668,0,0
20229.686467774,0,1
20229.688881042,0,0
20230.696482208,0,1
20230.698895224,0,0
20231.706496518,0,1
20231.707766168,1,1
20231.710397798,0,1
20231.710433782,0,0
20232.716510942,0,1
20232.718923958,0,0
20233.726525312,0,1
20233.728938328,0,0
20234.736539728,0,1
20234.738952994,0,0
20235.746554062,0,1
20235.748967328,0,0
20236.756568490,0,1
20236.758981506,0,0
20237.766582836,0,1
20237.768995852,0,0
20238.776597280,0,1
20238.779010296,0,0
20239.786611618,0,1
20239.789024884,0,0
20240.796625994,0,1
20240.799039260,0,0
20241.806640430,0,1
20241.807910036,1,1
20241.810542024,0,1
20241.810577694,0,0
20242.816654816,0,1
20242.819067832,0,0
20243.826669196,0,1
20243.829082212,0,0
20244.836683512,0,1
20244.839096778,0,0
20245.846697900,0,1
20245.849111166,0,0
20246.856712258,0,1
20246.859125524,0,0
20247.866726684,0,1
20247.869139950,0,0
20248.876741118,0,1
20248.879154134,0,0
20249.886755516,0,1
20249.889168532,0,0
20250.896769890,0,1
20250.899183156,0,0
20251.906784244,0,1
20251.908053824,1,1
20251.910685624,0,1
20251.910721508,0,0
20252.916798612,0,1
20252.919211628,0,0
20253.926812988,0,1
20253.929226004,0,0
20254.936827332,0,1
20254.939240598,0,0
20255.946841716,0,1
20255.949254982,0,0
20256.956856130,0,1
20256.959269146,0,0
20257.966870514,0,1
20257.969283528,0,0
20258.976884896,0,1
20258.979297912,0,0
20259.986899290,0,1
20259.989312556,0,0
20260.996913688,0,1
20260.999326954,0,0
20262.006928110,0,1
20262.008197760,1,1
20262.010829614,0,1
20262.010865376,0,0
20263.016942498,0,1
20263.019355514,0,0
20264.026956856,0,1
20264.029369872,0,0
20265.036971184,0,1
20265.039384450,0,0
20266.046985550,0,1
20266.049398816,0,0
20267.056999948,0,1
20267.059413214,0,0
20268.067014366,0,1
20268.069427382,0,0
20269.077028804,0,1
20269.079441820,0,0
20270.087043140,0,1
20270.089456154,0,0
20271.097057542,0,1
20271.099470808,0,0
20272.107071902,0,1
20272.108341560,1,1
20272.110972872,0,1
20272.111009166,0,0
20273.117086212,0,1
20273.119499228,0,0
20274.127100654,0,1
20274.129513670,0,0
20275.137115008,0,1
20275.139528024,0,0
20276.147129336,0,1
20276.149542602,0,0
20277.157143726,0,1
20277.159556994,0,0
20278.167158166,0,1
20278.169571182,0,0
20279.177172520,0,1
20279.179585538,0,0
20280.187186906,0,1
20280.189599922,0,0
20281.197201292,0,1
20281.199614558,0,0
20282.207215634,0,1
20282.208485474,1,1
20282.211117544,0,1
20282.211153148,0,0
20283.217230286,0,1
20283.219643302,0,0
20284.227244684,0,1
20284.229657700,0,0
20285.237259034,0,1
20285.239672300,0,0
20286.247273368,0,1
20286.249686634,0,0
20287.257287844,0,1
20287.259700858,0,0
20288.267302246,0,1
20288.269715262,0,0
20289.277316558,0,1
20289.279729824,0,0
20290.287330952,0,1
20290.289744220,0,0
20291.297345368,0,1
20291.299758636,0,0
20292.307359778,0,1
20292.308629364,1,1
20292.311261070,0,1
20292.311297042,0,0
20293.317374136,0,1
20293.319787152,0,0
20294.327388556,0,1
20294.329801574,0,0
20295.337402874,0,1
20295.339816140,0,0
20296.347417240,0,1
20296.349830506,0,0
20297.357431674,0,1
20297.359844690,0,0
20298.367446084,0,1
20298.369859100,0,0
20299.377460408,0,1
20299.379873676,0,0
20300.387474812,0,1
20300.389888078,0,0
20301.397489192,0,1
20301.399902458,0,0
20302.407503612,0,1
20302.408773170,1,1
20302.411405034,0,1
20302.411440878,0,0
20303.417518006,0,1
20303.419931022,0,0
20304.427532350,0,1
20304.429945366,0,0
20305.437546756,0,1
20305.439960022,0,0
20306.447561108,0,1
20306.449974376,0,0
20307.457575586,0,1
20307.459988602,0,0
20308.467589914,0,1
20308.470002930,0,0
20309.477604324,0,1
20309.480017590,0,0
20310.487618640,0,1
20310.490031906,0,0
20311.497633100,0,1
20311.498902666,1,1
20311.501534336,0,1
20311.501570364,0,0
20312.507647448,0,1
20312.510060464,0,0
20313.517661816,0,1
20313.520074832,0,0
20314.527676198,0,1
20314.530089464,0,0
20315.537690604,0,1
20315.540103870,0,0
20316.547705020,0,1
20316.550118286,0,0
20317.557719442,0,1
20317.560132456,0,0
20318.567733806,0,1
20318.570146822,0,0
20319.577748142,0,1
20319.580161158,0,0
20320.587762512,0,1
20320.590175778,0,0
20321.597776936,0,1
20321.599046456,1,1
20321.601678008,0,1
20321.601714200,0,0
20322.607791156,0,1
20322.610204172,0,0
20323.617805532,0,1
20323.620218548,0,0
20324.627819942,0,1
20324.630233208,0,0
20325.637834288,0,1
20325.640247554,0,0
20326.647848686,0,1
20326.650261952,0,0
20327.657863078,0,1
20327.660276094,0,0
20328.667877460,0,1
20328.670290476,0,0
20329.677891848,0,1
20329.680304864,0,0
20330.687906200,0,1
20330.690319466,0,0
20331.697920614,0,1
20331.699190370,1,1
20331.701822280,0,1
20331.701858130,0,0
20332.707935052,0,1
20332.710348068,0,0
20333.717949482,0,1
20333.720362498,0,0
20334.727963828,0,1
20334.730377094,0,0
20335.737978204,0,1
20335.740391470,0,0
20336.747992618,0,1
20336.750405634,0,0
20337.758007040,0,1
20337.760420058,0,0
20338.768021362,0,1
20338.770434378,0,0
20339.778035708,0,1
20339.780448974,0,0
20340.788050118,0,1
20340.790463384,0,0
20341.798064558,0,1
20341.799334190,1,1
20341.801965588,0,1
20341.802001824,0,0
20342.808078930,0,1
20342.810491946,0,0
20343.818093340,0,1
20343.820506356,0,0
20344.828107706,0,1
20344.830520972,0,0
20345.838122022,0,1
20345.840535288,0,0
20346.848136504,0,1
20346.850549520,0,0
20347.858150866,0,1
20347.860563884,0,0
20348.868165242,0,1
20348.870578258,0,0
20349.878179620,0,1
20349.880592886,0,0
20350.888193972,0,1
20350.890607238,0,0
20351.898208398,0,1
20351.899478064,1,1
20351.902109622,0,1
20351.902145662,0,0
20352.908222926,0,1
20352.910635942,0,0
20353.918237332,0,1
20353.920650348,0,0
20354.928251706,0,1
20354.930664972,0,0
20355.938266090,0,1
20355.940679106,0,0
20356.948280466,0,1
20356.950693482,0,0
20357.958294838,0,1
20357.960707854,0,0
20358.968309270,0,1
20358.970722536,0,0
20359.978323666,0,1
20359.980736682,0,0
20360.988338034,0,1
20360.990751050,0,0
20361.998352430,0,1
20361.999622006,1,1
20362.002253712,0,1
20362.002289694,0,0
20363.008366812,0,1
20363.010779828,0,0
20364.018381156,0,1
20364.020794172,0,0
20365.028395574,0,1
20365.030808842,0,0
20366.038409918,0,1
20366.040823184,0,0
20367.048424342,0,1
20367.050837358,0,0
20368.058438744,0,1
20368.060851760,0,0
20369.068453130,0,1
20369.070866146,0,0
20370.078467498,0,1
20370.080880764,0,0
20371.088481858,0,1
20371.090895124,0,0
20372.098496280,0,1
20372.099765828,1,1
20372.102397190,0,1
20372.102433546,0,0
20373.108510680,0,1
20373.110923696,0,0
20374.118525020,0,1
20374.120938036,0,0
20375.128539412,0,1
20375.130952678,0,0
20376.138553772,0,1
20376.140967038,0,0
20377.148568202,0,1
20377.150981218,0,0
20378.158582612,0,1
20378.160995628,0,0
20379.168597002,0,1
20379.171010018,0,0
20380.178611324,0,1
20380.181024588,0,0
20381.188625712,0,1
20381.191038978,0,0
20382.198640164,0,1
20382.199909744,1,1
20382.202541260,0,1
20382.202577430,0,0
20383.208654538,0,1
20383.211067554,0,0
20384.218668962,0,1
20384.221081980,0,0
20385.228683302,0,1
20385.231096318,0,0
20386.238697676,0,1
20386.241110942,0,0
20387.248712050,0,1
20387.251125316,0,0
20388.258726466,0,1
20388.261139732,0,0
20389.268740886,0,1
20389.271153900,0,0
20390.278755250,0,1
20390.281168266,0,0
20391.288769636,0,1
20391.291182902,0,0
20392.298783996,0,1
20392.300053560,1,1
20392.302685492,0,1
20392.302721260,0,0
20393.308798354,0,1
20393.311211370,0,0
20394.318812744,0,1
20394.321225762,0,0
20395.328827132,0,1
20395.331240398,0,0
20396.338841534,0,1
20396.341254800,0,0
20397.348855910,0,1
20397.351268926,0,0
20398.358870306,0,1
20398.361283322,0,0
20399.368884708,0,1
20399.371297724,0,0
20400.378899036,0,1
20400.381312302,0,0
20401.388913412,0,1
20401.391326678,0,0
20402.398927804,0,1
20402.400197440,1,1
20402.402828996,0,1
20402.402865068,0,0
20403.408942162,0,1
20403.411355178,0,0
20404.418956548,0,1
20404.421369564,0,0
20405.428970906,0,1
20405.431384172,0,0
20406.438985296,0,1
20406.441398562,0,0
20407.448999722,0,1
20407.451412738,0,0
20408.459014128,0,1
20408.461427144,0,0
20409.469028436,0,1
20409.471441702,0,0
20410.479042826,0,1
20410.481456092,0,0
20411.489057216,0,1
20411.490326954,1,1
20411.492958770,0,1
20411.492994730,0,0
20412.499071738,0,1
20412.501484754,0,0
20413.509086144,0,1
20413.511499160,0,0
20414.519100502,0,1
20414.521513768,0,0
20415.529114868,0,1
20415.531528134,0,0
20416.539129326,0,1
20416.541542342,0,0
20417.549143660,0,1
20417.551556676,0,0
20418.559158072,0,1
20418.561571338,0,0
20419.569172354,0,1
20419.571585620,0,0
20420.579186860,0,1
20420.581599876,0,0
20421.589201236,0,1
20421.590470818,1,1
20421.593102622,0,1
20421.593138500,0,0
20422.599215582,0,1
20422.601628598,0,0
20423.609229994,0,1
20423.611643010,0,0
20424.619244370,0,1
20424.621657638,0,0
20425.629258754,0,1
20425.631672020,0,0
20426.639273178,0,1
20426.641686194,0,0
20427.649287530,0,1
20427.651700546,0,0
20428.659301914,0,1
20428.661715180,0,0
20429.669316300,0,1
20429.671729566,0,0
20430.679330686,0,1
20430.681743704,0,0
20431.689345116,0,1
20431.690614688,1,1
20431.693246244,0,1
20431.693282380,0,0
20432.699359486,0,1
20432.701772502,0,0
20433.709373810,0,1
20433.711786828,0,0
20434.719388200,0,1
20434.721801466,0,0
20435.729402582,0,1
20435.731815848,0,0
20436.739417042,0,1
20436.741830058,0,0
20437.749431410,0,1
20437.751844426,0,0
20438.759445816,0,1
20438.761858832,0,0
20439.769460148,0,1
20439.771873414,0,0
20440.779474552,0,1
20440.781887818,0,0
20441.789488912,0,1
20441.790758528,1,1
20441.793390450,0,1
20441.793426176,0,0
20442.799503254,0,1
20442.801916270,0,0
20443.809517648,0,1
20443.811930664,0,0
20444.819532026,0,1
20444.821945292,0,0
20445.829546410,0,1
20445.831959676,0,0
20446.839560812,0,1
20446.841974078,0,0
20447.849575226,0,1
20447.851988242,0,0
20448.859589592,0,1
20448.862002608,0,0
20449.869603958,0,1
20449.872016974,0,0
20450.879618318,0,1
20450.882031584,0,0
20451.889632664,0,1
20451.890902422,1,1
20451.893534220,0,1
20451.893570180,0,0
20452.899647178,0,1
20452.902060444,0,0
20453.909661646,0,1
20453.912074662,0,0
20454.919676014,0,1
20454.922089030,0,0
20455.929690362,0,1
20455.932103378,0,0
20456.939704720,0,1
20456.942117986,0,0
20457.949719090,0,1
20457.952132356,0,0
20458.959733516,0,1
20458.962146532,0,0
20459.969747864,0,1
20459.972160880,0,0
20460.979762266,0,1
20460.982175282,0,0
20461.989776678,0,1
20461.991046272,1,1
20461.993677876,0,1
20461.993713942,0,0
20462.999791034,0,1
20463.002204050,0,0
20464.009805364,0,1
20464.012218380,0,0
20465.019819794,0,1
20465.022233060,0,0
20466.029834156,0,1
20466.032247422,0,0
20467.039848492,0,1
20467.042261758,0,0
20468.049862956,0,1
20468.052275972,0,0
20469.059877366,0,1
20469.062290382,0,0
20470.069891718,0,1
20470.072304734,0,0
20471.079906078,0,1
20471.082319344,0,0
20472.089920422,0,1
20472.091190104,1,1
20472.093821826,0,1
20472.093857686,0,0
20473.099935042,0,1
20473.102348058,0,0
20474.109949454,0,1
20474.112362470,0,0
20475.119963862,0,1
20475.122377128,0,0
20476.129978180,0,1
20476.132391446,0,0
20477.139992622,0,1
20477.142405640,0,0
20478.150007010,0,1
20478.152420026,0,0
20479.160021354,0,1
20479.162434620,0,0
20480.170035728,0,1
20480.172448994,0,0
20481.180050184,0,1
20481.182463202,0,0
20482.190064570,0,1
20482.191333996,1,1
20482.193965578,0,1
20482.194001584,0,0
20483.200078804,0,1
20483.202491818,0,0
20484.210093226,0,1
20484.212506242,0,0
20485.220107526,0,1
20485.222520794,0,0
20486.230121928,0,1
20486.232535194,0,0
20487.240136336,0,1
20487.242549352,0,0
20488.250150782,0,1
20488.252563798,0,0
20489.260165134,0,1
20489.262578402,0,0
20490.270179526,0,1
20490.272592792,0,0
20491.280193930,0,1
20491.282606944,0,0
20492.290208318,0,1
20492.291477846,1,1
20492.294109446,0,1
20492.294145334,0,0
20493.300222556,0,1
20493.302635572,0,0
20494.310236936,0,1
20494.312649952,0,0
20495.320251330,0,1
20495.322664596,0,0
20496.330265708,0,1
20496.332678974,0,0
20497.340280050,0,1
20497.342693316,0,0
20498.350294478,0,1
20498.352707494,0,0
20499.360308886,0,1
20499.362721902,0,0
20500.370323214,0,1
20500.372736230,0,0
20501.380337584,0,1
20501.382750850,0,0
20502.390351986,0,1
20502.391621752,1,1
20502.394253724,0,1
20502.394289250,0,0
20503.400366496,0,1
20503.402779512,0,0
20504.410380832,0,1
20504.412793848,0,0
20505.420395226,0,1
20505.422808492,0,0
20506.430409592,0,1
20506.432822858,0,0
20507.440424050,0,1
20507.442837066,0,0
20508.450438434,0,1
20508.452851450,0,0
20509.460452748,0,1
20509.462865764,0,0
20510.470467122,0,1
20510.472880388,0,0
20511.480481530,0,1
20511.481751162,1,1
20511.484382912,0,1
20511.484418794,0,0
20512.490495872,0,1
20512.492908888,0,0
20513.500510280,0,1
20513.502923296,0,0
20514.510524642,0,1
20514.512937910,0,0
20515.520539004,0,1
20515.522952270,0,0
20516.530553380,0,1
20516.532966646,0,0
20517.540567812,0,1
20517.542980828,0,0
20518.550582206,0,1
20518.552995222,0,0
20519.560596520,0,1
20519.563009536,0,0
20520.570610934,0,1
20520.573024200,0,0
20521.580625344,0,1
20521.581895056,1,1
20521.584527000,0,1
20521.584562858,0,0
20522.590639794,0,1
20522.593052810,0,0
20523.600654236,0,1
20523.603067254,0,0
20524.610668596,0,1
20524.613081862,0,0
20525.620682930,0,1
20525.623096196,0,0
20526.630697336,0,1
20526.633110352,0,0
20527.640711762,0,1
20527.643124778,0,0
20528.650726056,0,1
20528.653139072,0,0
20529.660740528,0,1
20529.663153794,0,0
20530.670754870,0,1
20530.673168136,0,0
20531.680769288,0,1
20531.682038900,1,1
20531.684670676,0,1
20531.684706554,0,0
20532.690783656,0,1
20532.693196672,0,0
20533.700798050,0,1
20533.703211066,0,0
20534.710812428,0,1
20534.713225694,0,0
20535.720826824,0,1
20535.723240090,0,0
20536.730841260,0,1
20536.733254276,0,0
20537.740855612,0,1
20537.743268628,0,0
20538.750869990,0,1
20538.753283006,0,0
20539.760884368,0,1
20539.763297634,0,0
20540.770898728,0,1
20540.773311994,0,0
20541.780913118,0,1
20541.782182716,1,1
20541.784814962,0,1
20541.784850382,0,0
20542.790927516,0,1
20542.793340532,0,0
20543.800941902,0,1
20543.803354918,0,0
20544.810956264,0,1
20544.813369530,0,0
20545.820970668,0,1
20545.823383934,0,0
20546.830985042,0,1
20546.833398058,0,0
20547.840999486,0,1
20547.843412502,0,0
20548.851013886,0,1
20548.853426902,0,0
20549.861028182,0,1
20549.863441448,0,0
20550.871042632,0,1
20550.873455898,0,0
20551.881057042,0,1
20551.882326618,1,1
20551.884958334,0,1
20551.884994306,0,0
20552.891071404,0,1
20552.893484420,0,0
20553.901085756,0,1
20553.903498772,0,0
20554.911100166,0,1
20554.913513182,0,0
20555.921114510,0,1
20555.923527776,0,0
20556.931128884,0,1
20556.933542150,0,0
20557.941143348,0,1
20557.943556364,0,0
20558.951157692,0,1
20558.953570708,0,0
20559.961172104,0,1
20559.963585120,0,0
20560.971186454,0,1
20560.973599720,0,0
20561.981200814,0,1
20561.982470444,1,1
20561.985101888,0,1
20561.985138080,0,0
20562.991215218,0,1
20562.993628234,0,0
20564.001229544,0,1
20564.003642560,0,0
20565.011243968,0,1
20565.013657234,0,0
20566.021258348,0,1
20566.023671614,0,0
20567.031272690,0,1
20567.033685956,0,0
20568.041287148,0,1
20568.043700164,0,0
20569.051301516,0,1
20569.053714532,0,0
20570.061315874,0,1
20570.063728892,0,0
20571.071330236,0,1
20571.073743502,0,0
20572.081344578,0,1
20572.082614352,1,1
20572.085246494,0,1
20572.085282094,0,0
20573.091359118,0,1
20573.093772134,0,0
20574.101373494,0,1
20574.103786510,0,0
20575.111387890,0,1
20575.113801156,0,0
20576.121402302,0,1
20576.123815568,0,0
20577.131416642,0,1
20577.133829658,0,0
20578.141431070,0,1
20578.143844086,0,0
20579.151445474,0,1
20579.153858740,0,0
20580.161459784,0,1
20580.163873050,0,0
20581.171474238,0,1
20581.173887254,0,0
20582.181488596,0,1
20582.182758220,1,1
20582.185389902,0,1
20582.185425860,0,0
20583.191502978,0,1
20583.193915994,0,0
20584.201517378,0,1
20584.203930394,0,0
20585.211531768,0,1
20585.213945034,0,0
20586.221546098,0,1
20586.223959366,0,0
20587.231560548,0,1
20587.233973564,0,0
20588.241574902,0,1
20588.243987918,0,0
20589.251589310,0,1
20589.254002326,0,0
20590.261603664,0,1
20590.264016680,0,0
20591.271618058,0,1
20591.274031324,0,0
20592.281632406,0,1
20592.282902084,1,1
20592.285533738,0,1
20592.285569672,0,0
20593.291646930,0,1
20593.294059946,0,0
20594.301661354,0,1
20594.304074370,0,0
20595.311675650,0,1
20595.314088916,0,0
20596.321690032,0,1
20596.324103298,0,0
20597.331704506,0,1
20597.334117522,0,0
20598.341718878,0,1
20598.344131894,0,0
20599.351733194,0,1
20599.354146460,0,0
20600.361747598,0,1
20600.364160864,0,0
20601.371762038,0,1
20601.374175054,0,0
20602.381776442,0,1
20602.383045958,1,1
20602.385678114,0,1
20602.385713456,0,0
20603.391790696,0,1
20603.394203712,0,0
20604.401805050,0,1
20604.404218066,0,0
20605.411819404,0,1
20605.414232670,0,0
20606.421833782,0,1
20606.424247048,0,0
20607.431848224,0,1
20607.434261240,0,0
20608.441862566,0,1
20608.444275582,0,0
20609.451876970,0,1
20609.454289986,0,0
20610.461891366,0,1
20610.464304632,0,0
20611.471905734,0,1
20611.473175412,1,1
20611.475807038,0,1
20611.475842998,0,0
20612.481920246,0,1
20612.484333262,0,0
20613.491934598,0,1
20613.494347614,0,0
20614.501948996,0,1
20614.504362262,0,0
20615.511963312,0,1
20615.514376578,0,0
20616.521977766,0,1
20616.524390782,0,0
20617.531992160,0,1
20617.534405176,0,0
20618.542006578,0,1
20618.544419592,0,0
20619.552020866,0,1
20619.554434132,0,0
20620.562035250,0,1
20620.564448516,0,0
20621.572049728,0,1
20621.573319218,1,1
20621.575950624,0,1
20621.575986742,0,0
20622.582063950,0,1
20622.584476968,0,0
20623.592078348,0,1
20623.594491362,0,0
20624.602092682,0,1
20624.604505948,0,0
20625.612107088,0,1
20625.614520354,0,0
20626.622121458,0,1
20626.624534724,0,0
20627.632135896,0,1
20627.634548912,0,0
20628.642150238,0,1
20628.644563254,0,0
20629.652164656,0,1
20629.654577672,0,0
20630.662178986,0,1
20630.664592254,0,0
20631.672193332,0,1
20631.673462956,1,1
20631.676094600,0,1
20631.676130598,0,0
20632.682207736,0,1
20632.684620752,0,0
20633.692222146,0,1
20633.694635162,0,0
20634.702236482,0,1
20634.704649498,0,0
20635.712250882,0,1
20635.714664148,0,0
20636.722265202,0,1
20636.724678468,0,0
20637.732279656,0,1
20637.734692672,0,0
20638.742294028,0,1
20638.744707044,0,0
20639.752308408,0,1
20639.754721424,0,0
20640.762322750,0,1
20640.764736016,0,0
20641.772337168,0,1
20641.773606732,1,1
20641.776238442,0,1
20641.776274432,0,0
20642.782351494,0,1
20642.784764510,0,0
20643.792365938,0,1
20643.794778954,0,0
20644.802380264,0,1
20644.804793530,0,0
20645.812394668,0,1
20645.814807934,0,0
20646.822409014,0,1
20646.824822280,0,0
20647.832423488,0,1
20647.834836504,0,0
20648.842437832,0,1
20648.844850848,0,0
20649.852452232,0,1
20649.854865248,0,0
20650.862466580,0,1
20650.864879846,0,0
20651.872480962,0,1
20651.873750500,1,1
20651.876382268,0,1
20651.876418226,0,0
20652.882495366,0,1
20652.884908382,0,0
20653.892509738,0,1
20653.894922754,0,0
20654.902524076,0,1
20654.904937092,0,0
20655.912538486,0,1
20655.914951752,0,0
20656.922552816,0,1
20656.924966082,0,0
20657.932567182,0,1
20657.934980448,0,0
20658.942581622,0,1
20658.944994888,0,0
20659.952595978,0,1
20659.955009244,0,0
20660.962610406,0,1
20660.965023422,0,0
20661.972624774,0,1
20661.973894174,1,1
20661.976525522,0,1
20661.976561790,0,0
20662.982638948,0,1
20662.985051964,0,0
20663.992653278,0,1
20663.995066294,0,0
20665.002667668,0,1
20665.005080686,0,0
20666.012682004,0,1
20666.015095020,0,0
20667.022696390,0,1
20667.025109406,0,0
20668.032710770,0,1
20668.035124036,0,0
20669.042725150,0,1
20669.045138416,0,0
20670.052739562,0,1
20670.055152828,0,0
20671.062753918,0,1
20671.065167184,0,0
20672.072768274,0,1
20672.074038008,1,1
20672.076669554,0,1
20672.076705788,0,0
20673.082782772,0,1
20673.085195788,0,0
20674.092797160,0,1
20674.095210176,0,0
20675.102811534,0,1
20675.105224550,0,0
20676.112825882,0,1
20676.115238898,0,0
20677.122840300,0,1
20677.125253316,0,0
20678.132854624,0,1
20678.135267640,0,0
20679.142868990,0,1
20679.145282006,0,0
20680.152883386,0,1
20680.155296652,0,0
20681.162897742,0,1
20681.165311008,0,0
20682.172912146,0,1
20682.174181714,1,1
20682.176813450,0,1
20682.176849410,0,0
20683.182926506,0,1
20683.185339522,0,0
20684.192940860,0,1
20684.195353876,0,0
20685.202955226,0,1
20685.205368242,0,0
20686.212969680,0,1
20686.215382696,0,0
20687.222984020,0,1
20687.225397036,0,0
20688.232998394,0,1
20688.235411410,0,0
20689.243012764,0,1
20689.245425780,0,0
20690.253027108,0,1
20690.255440374,0,0
20691.263041528,0,1
20691.265454794,0,0
20692.273055908,0,1
20692.274325580,1,1
20692.276957390,0,1
20692.276993174,0,0
20693.283070336,0,1
20693.285483354,0,0
20694.293084726,0,1
20694.295497742,0,0
20695.303099148,0,1
20695.305512164,0,0
20696.313113526,0,1
20696.315526542,0,0
20697.323127870,0,1
20697.325540886,0,0
20698.333142222,0,1
20698.335555238,0,0
20699.343156610,0,1
20699.345569626,0,0
20700.353170954,0,1
20700.355583970,0,0
20701.363185356,0,1
20701.365598372,0,0
20702.373199726,0,1
20702.374469248,1,1
20702.377101060,0,1
20702.377136990,0,0
20703.383214008,0,1
20703.385627024,0,0
20704.393228376,0,1
20704.395641394,0,0
20705.403242750,0,1
20705.405655766,0,0
20706.413257074,0,1
20706.415670090,0,0
20707.423271512,0,1
20707.425684530,0,0
20708.433285846,0,1
20708.435698862,0,0
20709.443300210,0,1
20709.445713226,0,0
20710.453314578,0,1
20710.455727596,0,0
20711.463328938,0,1
20711.464598576,1,1
20711.467230386,0,1
20711.467266202,0,0
20712.473343312,0,1
20712.475756328,0,0
20713.483357720,0,1
20713.485770736,0,0
20714.493372104,0,1
20714.495785120,0,0
20715.503386470,0,1
20715.505799486,0,0
20716.513400858,0,1
20716.515813874,0,0
20717.523415236,0,1
20717.525828252,0,0
20718.533429594,0,1
20718.535842610,0,0
20719.543443970,0,1
20719.545856986,0,0
20720.553458302,0,1
20720.555871318,0,0
20721.563472702,0,1
20721.564742376,1,1
20721.567374058,0,1
20721.567409968,0,0
20722.573487244,0,1
20722.575900260,0,0
20723.583501556,0,1
20723.585914574,0,0
20724.593515966,0,1
20724.595928982,0,0
20725.603530308,0,1
20725.605943324,0,0
20726.613544686,0,1
20726.615957702,0,0
20727.623559078,0,1
20727.625972094,0,0
20728.633573360,0,1
20728.635986626,0,0
20729.643587862,0,1
20729.646000880,0,0
20730.653602172,0,1
20730.656015190,0,0
20731.663616594,0,1
20731.664886118,1,1
20731.667517866,0,1
20731.667553858,0,0
20732.673630838,0,1
20732.676043854,0,0
20733.683645226,0,1
20733.686058242,0,0
20734.693659570,0,1
20734.696072586,0,0
20735.703673918,0,1
20735.706086934,0,0
20736.713688314,0,1
20736.716101330,0,0
20737.723702680,0,1
20737.726115696,0,0
20738.733717052,0,1
20738.736130318,0,0
20739.743731422,0,1
20739.746144438,0,0
20740.753745760,0,1
20740.756159026,0,0
20741.763760140,0,1
20741.765029918,1,1
20741.767661856,0,1
20741.767697656,0,0
20742.773774604,0,1
20742.776187620,0,0
20743.783789022,0,1
20743.786202038,0,0
20744.793803382,0,1
20744.796216398,0,0
20745.803817774,0,1
20745.806230790,0,0
20746.813832078,0,1
20746.816245094,0,0
20747.823846478,0,1
20747.826259496,0,0
20748.833860840,0,1
20748.836273856,0,0
20749.843875208,0,1
20749.846288224,0,0
20750.853889578,0,1
20750.856302594,0,0
20751.863903988,0,1
20751.865173578,1,1
20751.867805496,0,1
20751.867841252,0,0
20752.873918364,0,1
20752.876331380,0,0
20753.883932732,0,1
20753.886345748,0,0
20754.893947116,0,1
20754.896360132,0,0
20755.903961488,0,1
20755.906374504,0,0
20756.913975870,0,1
20756.916388886,0,0
20757.923990230,0,1
20757.926403246,0,0
20758.934004582,0,1
20758.936417598,0,0
20759.944018944,0,1
20759.946431960,0,0
20760.954033350,0,1
20760.956446366,0,0
20761.964047712,0,1
20761.965317364,1,1
20761.967949592,0,1
20761.967984976,0,0
20762.974062096,0,1
20762.976475112,0,0
20763.984076488,0,1
20763.986489506,0,0
20764.994090830,0,1
20764.996503846,0,0
20766.004105172,0,1
20766.006518188,0,0
20767.014119570,0,1
20767.016532586,0,0
20768.024133944,0,1
20768.026546960,0,0
20769.034148318,0,1
20769.036561334,0,0
20770.044162700,0,1
20770.046575716,0,0
20771.054177072,0,1
20771.056590088,0,0
20772.064191458,0,1
20772.065461136,1,1
20772.068092962,0,1
20772.068128724,0,0
20773.074205926,0,1
20773.076618942,0,0
20774.084220292,0,1
20774.086633310,0,0
20775.094234708,0,1
20775.096647724,0,0
20776.104249044,0,1
20776.106662060,0,0
20777.114263442,0,1
20777.116676458,0,0
20778.124277780,0,1
20778.126690796,0,0
20779.134292152,0,1
20779.136705168,0,0
20780.144306566,0,1
20780.146719582,0,0
20781.154320960,0,1
20781.156733976,0,0
20782.164335284,0,1
20782.165604880,1,1
20782.168237170,0,1
20782.168272550,0,0
20783.174349700,0,1
20783.176762716,0,0
20784.184364016,0,1
20784.186777032,0,0
20785.194378412,0,1
20785.196791428,0,0
20786.204392754,0,1
20786.206805770,0,0
20787.214407158,0,1
20787.216820174,0,0
20788.224421510,0,1
20788.226834526,0,0
20789.234435890,0,1
20789.236848906,0,0
20790.244450312,0,1
20790.246863328,0,0
20791.254464662,0,1
20791.256877678,0,0
20792.264479048,0,1
20792.265748680,1,1
20792.268380490,0,1
20792.268416312,0,0
20793.274493386,0,1
20793.276906402,0,0
20794.284507822,0,1
20794.286920838,0,0
20795.294522170,0,1
20795.296935186,0,0
20796.304536542,0,1
20796.306949558,0,0
20797.314550900,0,1
20797.316963918,0,0
20798.324565274,0,1
20798.326978290,0,0
20799.334579664,0,1
20799.336992680,0,0
20800.344594028,0,1
20800.347007044,0,0
20801.354608364,0,1
20801.357021380,0,0
20802.364622736,0,1
20802.365892466,1,1
20802.368524274,0,1
20802.368560252,0,0
20803.374637246,0,1
20803.377050260,0,0
20804.384651632,0,1
20804.387064648,0,0
20805.394666044,0,1
20805.397079060,0,0
20806.404680338,0,1
20806.407093354,0,0
20807.414694730,0,1
20807.417107746,0,0
20808.424709110,0,1
20808.427122126,0,0
20809.434723480,0,1
20809.437136496,0,0
20810.444737888,0,1
20810.447150906,0,0
20811.454752244,0,1
20811.456021848,1,1
20811.458653496,0,1
20811.458689508,0,0
20812.464766628,0,1
20812.467179644,0,0
20813.474780964,0,1
20813.477193980,0,0
20814.484795364,0,1
20814.487208380,0,0
20815.494809690,0,1
20815.497222706,0,0
20816.504824062,0,1
20816.507237078,0,0
20817.514838512,0,1
20817.517251528,0,0
20818.524852836,0,1
20818.527265852,0,0
20819.534867224,0,1
20819.537280490,0,0
20820.544881596,0,1
20820.547294862,0,0
20821.554895954,0,1
20821.556165550,1,1
20821.558797344,0,1
20821.558833220,0,0
20822.564910342,0,1
20822.567323358,0,0
20823.574924694,0,1
20823.577337710,0,0
20824.584939040,0,1
20824.587352056,0,0
20825.594953450,0,1
20825.597366466,0,0
20826.604967798,0,1
20826.607380814,0,0
20827.614982168,0,1
20827.617395184,0,0
20828.624996564,0,1
20828.627409582,0,0
20829.635010908,0,1
20829.637423924,0,0
20830.645025314,0,1
20830.647438330,0,0
20831.655039686,0,1
20831.656309308,1,1
20831.658940812,0,1
20831.658976950,0,0
20832.665054072,0,1
20832.667467088,0,0
20833.675068412,0,1
20833.677481428,0,0
20834.685082804,0,1
20834.687495820,0,0
20835.695097142,0,1
20835.697510158,0,0
20836.705111568,0,1
20836.707524586,0,0
20837.715125916,0,1
20837.717538932,0,0
20838.725140262,0,1
20838.727553278,0,0
20839.735154636,0,1
20839.737567652,0,0
20840.745169012,0,1
20840.747582028,0,0
20841.755183404,0,1
20841.756453076,1,1
20841.759084878,0,1
20841.759120668,0,0
20842.765197884,0,1
20842.767610900,0,0
20843.775212290,0,1
20843.777625306,0,0
20844.785226666,0,1
20844.787639682,0,0
20845.795241022,0,1
20845.797654038,0,0
20846.805255392,0,1
20846.807668408,0,0
20847.815269760,0,1
20847.817682776,0,0
20848.825284144,0,1
20848.827697410,0,0
20849.835298524,0,1
20849.837711790,0,0
20850.845312888,0,1
20850.847726154,0,0
20851.855327292,0,1
20851.856596790,1,1
20851.859228254,0,1
20851.859264558,0,0
20852.865341528,0,1
20852.867754542,0,0
20853.875355878,0,1
20853.877768894,0,0
20854.885370272,0,1
20854.887783288,0,0
20855.895384640,0,1
20855.897797656,0,0
20856.905398994,0,1
20856.907812010,0,0
20857.915413356,0,1
20857.917826372,0,0
20858.925427734,0,1
20858.927840750,0,0
20859.935442092,0,1
20859.937855108,0,0
20860.945456462,0,1
20860.947869478,0,0
20861.955470846,0,1
20861.956740532,1,1
20861.959372114,0,1
20861.959408110,0,0
20862.965485344,0,1
20862.967898360,0,0
20863.975499736,0,1
20863.977912752,0,0
20864.985514104,0,1
20864.987927118,0,0
20865.995528458,0,1
20865.997941474,0,0
20867.005542868,0,1
20867.007955884,0,0
20868.015557258,0,1
20868.017970274,0,0
20869.025571624,0,1
20869.027984640,0,0
20870.035585968,0,1
20870.037998984,0,0
20871.045600344,0,1
20871.048013360,0,0
20872.055614772,0,1
20872.056884278,1,1
20872.059515906,0,1
20872.059552038,0,0
20873.065628998,0,1
20873.068042014,0,0
20874.075643372,0,1
20874.078056388,0,0
20875.085657742,0,1
20875.088070758,0,0
20876.095672126,0,1
20876.098085142,0,0
20877.105686464,0,1
20877.108099480,0,0
20878.115700818,0,1
20878.118113832,0,0
20879.125715186,0,1
20879.128128204,0,0
20880.135729618,0,1
20880.138142636,0,0
20881.145743978,0,1
20881.148156994,0,0
20882.155758298,0,1
20882.157028072,1,1
20882.159659814,0,1
20882.159695814,0,0
20883.165772860,0,1
20883.168185876,0,0
20884.175787156,0,1
20884.178200172,0,0
20885.185801572,0,1
20885.188214588,0,0
20886.195815934,0,1
20886.198228950,0,0
20887.205830338,0,1
20887.208243354,0,0
20888.215844670,0,1
20888.218257686,0,0
20889.225859048,0,1
20889.228272064,0,0
20890.235873426,0,1
20890.238286442,0,0
20891.245887824,0,1
20891.248300840,0,0
20892.255902184,0,1
20892.257171836,1,1
20892.259803154,0,1
20892.259839448,0,0
20893.265916506,0,1
20893.268329522,0,0
20894.275930940,0,1
20894.278343958,0,0
20895.285945266,0,1
20895.288358282,0,0
20896.295959690,0,1
20896.298372706,0,0
20897.305974008,0,1
20897.308387024,0,0
20898.315988426,0,1
20898.318401442,0,0
20899.326002796,0,1
20899.328415812,0,0
20900.336017168,0,1
20900.338430184,0,0
20901.346031542,0,1
20901.348444558,0,0
20902.356045872,0,1
20902.357315594,1,1
20902.359946992,0,1
20902.359983388,0,0
20903.366060392,0,1
20903.368473408,0,0
20904.376074730,0,1
20904.378487746,0,0
20905.386089166,0,1
20905.388502182,0,0
20906.396103488,0,1
20906.398516502,0,0
20907.406117896,0,1
20907.408530914,0,0
20908.416132272,0,1
20908.418545288,0,0
20909.426146636,0,1
20909.428559652,0,0
20910.436161016,0,1
20910.438574032,0,0
20911.446175368,0,1
20911.447445004,1,1
20911.450076770,0,1
20911.450112632,0,0
20912.456189704,0,1
20912.458602720,0,0
20913.466204142,0,1
20913.468617158,0,0
20914.476218468,0,1
20914.478631484,0,0
20915.486232880,0,1
20915.488645898,0,0
20916.496247234,0,1
20916.498660250,0,0
20917.506261596,0,1
20917.508674612,0,0
20918.516276002,0,1
20918.518689018,0,0
20919.526290348,0,1
20919.528703362,0,0
20920.536304724,0,1
20920.538717990,0,0
20921.546319104,0,1
20921.547588760,1,1
20921.550221140,0,1
20921.550256368,0,0
20922.556333438,0,1
20922.558746454,0,0
20923.566347852,0,1
20923.568760868,0,0
20924.576362244,0,1
20924.578775260,0,0
20925.586376618,0,1
20925.588789634,0,0
20926.596390980,0,1
20926.598803996,0,0
20927.606405340,0,1
20927.608818356,0,0
20928.616419692,0,1
20928.618832708,0,0
20929.626434102,0,1
20929.628847118,0,0
20930.636448456,0,1
20930.638861472,0,0
20931.646462816,0,1
20931.647732546,1,1
20931.650364272,0,1
20931.650400332,0,0
20932.656477332,0,1
20932.658890348,0,0
20933.666491724,0,1
20933.668904742,0,0
20934.676506104,0,1
20934.678919120,0,0
20935.686520436,0,1
20935.688933452,0,0
20936.696534852,0,1
20936.698947868,0,0
20937.706549220,0,1
20937.708962236,0,0
20938.716563598,0,1
20938.718976614,0,0
20939.726577948,0,1
20939.728990964,0,0
20940.736592306,0,1
20940.739005322,0,0
20941.746606722,0,1
20941.747876238,1,1
20941.750507748,0,1
20941.750543986,0,0
20942.756620940,0,1
20942.759033956,0,0
20943.766635296,0,1
20943.769048312,0,0
20944.776649714,0,1
20944.779062730,0,0
20945.786664052,0,1
20945.789077068,0,0
20946.796678440,0,1
20946.799091456,0,0
20947.806692810,0,1
20947.809105826,0,0
20948.816707190,0,1
20948.819120206,0,0
20949.826721576,0,1
20949.829134592,0,0
20950.836735950,0,1
20950.839148966,0,0
20951.846750342,0,1
20951.848020000,1,1
20951.850651606,0,1
20951.850687606,0,0
20952.856764688,0,1
20952.859177704,0,0
20953.866779030,0,1
20953.869192046,0,0
20954.876793412,0,1
20954.879206428,0,0
20955.886807802,0,1
20955.889220820,0,0
20956.896822160,0,1
20956.899235176,0,0
20957.906836558,0,1
20957.909249574,0,0
20958.916850898,0,1
20958.919263914,0,0
20959.926865288,0,1
20959.929278304,0,0
20960.936879684,0,1
20960.939292700,0,0
20961.946894036,0,1
20961.948163776,1,1
20961.950795736,0,1
20961.950831550,0,0
20962.956908514,0,1
20962.959321530,0,0
20963.966922890,0,1
20963.969335906,0,0
20964.976937256,0,1
20964.979350272,0,0
20965.986951634,0,1
20965.989364652,0,0
20966.996965984,0,1
20966.999379002,0,0
20968.006980382,0,1
20968.009393398,0,0
20969.016994754,0,1
20969.019407770,0,0
20970.027009110,0,1
20970.029422128,0,0
20971.037023506,0,1
20971.039436772,0,0
20972.047037840,0,1
20972.048307502,1,1
20972.050939240,0,1
20972.050975104,0,0
20973.057052246,0,1
20973.059465264,0,0
20974.067066618,0,1
20974.069479634,0,0
20975.077080944,0,1
20975.079493962,0,0
20976.087095366,0,1
20976.089508382,0,0
20977.097109712,0,1
20977.099522728,0,0
20978.107124086,0,1
20978.109537102,0,0
20979.117138474,0,1
20979.119551490,0,0
20980.127152866,0,1
20980.129565882,0,0
20981.137167218,0,1
20981.139580484,0,0
20982.147181610,0,1
20982.148451316,1,1
20982.151082852,0,1
20982.151119124,0,0
20983.157196086,0,1
20983.159609102,0,0
20984.167210448,0,1
20984.169623464,0,0
20985.177224838,0,1
20985.179637854,0,0
20986.187239216,0,1
20986.189652232,0,0
20987.197253578,0,1
20987.199666594,0,0
20988.207267976,0,1
20988.209680992,0,0
20989.217282356,0,1
20989.219695370,0,0
20990.227296718,0,1
20990.229709734,0,0
20991.237311104,0,1
20991.239724122,0,0
20992.247325414,0,1
20992.248595048,1,1
20992.251227180,0,1
20992.251262678,0,0
20993.257339816,0,1
20993.259752832,0,0
20994.267354214,0,1
20994.269767230,0,0
20995.277368570,0,1
20995.279781586,0,0
20996.287382928,0,1
20996.289795944,0,0
20997.297397274,0,1
20997.299810290,0,0
20998.307411690,0,1
20998.309824706,0,0
20999.317426078,0,1
20999.319839094,0,0
21000.327440382,0,1
21000.329853398,0,0
21001.337454780,0,1
21001.339867796,0,0
21002.347469194,0,1
21002.348738754,1,1
21002.351370474,0,1
21002.351406460,0,0
21003.357483508,0,1
21003.359896522,0,0
21004.367497868,0,1
21004.369910886,0,0
21005.377512256,0,1
21005.379925272,0,0
21006.387526652,0,1
21006.389939670,0,0
21007.397541008,0,1
21007.399954024,0,0
21008.407555394,0,1
21008.409968410,0,0
21009.417569760,0,1
21009.419982778,0,0
21010.427584134,0,1
21010.429997150,0,0
21011.437598498,0,1
21011.438868160,1,1
21011.441499966,0,1
21011.441535762,0,0
21012.447613010,0,1
21012.450026028,0,0
21013.457627368,0,1
21013.460040386,0,0
21014.467641780,0,1
21014.470054796,0,0
21015.477656126,0,1
21015.480069142,0,0
21016.487670500,0,1
21016.490083516,0,0
21017.497684848,0,1
21017.500097864,0,0
21018.507699212,0,1
21018.510112230,0,0
21019.517713632,0,1
21019.520126650,0,0
21020.527727988,0,1
21020.530141254,0,0
21021.537742304,0,1
21021.539011858,1,1
21021.541643554,0,1
21021.541679318,0,0
21022.547756760,0,1
21022.550169776,0,0
21023.557771096,0,1
21023.560184112,0,0
21024.567785498,0,1
21024.570198514,0,0
21025.577799826,0,1
21025.580212842,0,0
21026.587814214,0,1
21026.590227230,0,0
21027.597828574,0,1
21027.600241588,0,0
21028.607842958,0,1
21028.610256224,0,0
21029.617857300,0,1
21029.620270564,0,0
21030.627871656,0,1
21030.630284924,0,0
21031.637886084,0,1
21031.639155666,1,1
21031.641787180,0,1
21031.641823348,0,0
21032.647900414,0,1
21032.650313428,0,0
21033.657914818,0,1
21033.660327834,0,0
21034.667929172,0,1
21034.670342188,0,0
21035.677943516,0,1
21035.680356532,0,0
21036.687957918,0,1
21036.690370934,0,0
21037.697972276,0,1
21037.700385292,0,0
21038.707986628,0,1
21038.710399896,0,0
21039.718001018,0,1
21039.720414284,0,0
21040.728015408,0,1
21040.730428674,0,0
21041.738029766,0,1
21041.739299346,1,1
21041.741931240,0,1
21041.741967030,0,0
21042.748044154,0,1
21042.750457170,0,0
21043.758058528,0,1
21043.760471544,0,0
21044.768072870,0,1
21044.770485886,0,0
21045.778087230,0,1
21045.780500246,0,0
21046.788101630,0,1
21046.790514646,0,0
21047.798116016,0,1
21047.800529032,0,0
21048.808130354,0,1
21048.810543370,0,0
21049.818144748,0,1
21049.820557764,0,0
21050.828159096,0,1
21050.830572112,0,0
21051.838173500,0,1
21051.839443134,1,1
21051.842074902,0,1
21051.842110766,0,0
21052.848187878,0,1
21052.850600894,0,0
21053.858202218,0,1
21053.860615236,0,0
21054.868216622,0,1
21054.870629638,0,0
21055.878231004,0,1
21055.880644022,0,0
21056.888245334,0,1
21056.890658350,0,0
21057.898259724,0,1
21057.900672740,0,0
21058.908274118,0,1
21058.910687134,0,0
21059.918288484,0,1
21059.920701500,0,0
21060.928302802,0,1
21060.930715818,0,0
21061.938317264,0,1
21061.939586832,1,1
21061.942218454,0,1
21061.942254528,0,0
21062.948331594,0,1
21062.950744610,0,0
21063.958346000,0,1
21063.960759016,0,0
21064.968360288,0,1
21064.970773304,0,0
21065.978374692,0,1
21065.980787708,0,0
21066.988389104,0,1
21066.990802120,0,0
21067.998403440,0,1
21068.000816458,0,0
21069.008417814,0,1
21069.010830830,0,0
21070.018432174,0,1
21070.020845190,0,0
21071.028446540,0,1
21071.030859556,0,0
21072.038460968,0,1
21072.039730554,1,1
21072.042362204,0,1
21072.042398232,0,0
21073.048475292,0,1
21073.050888308,0,0
21074.058489660,0,1
21074.060902674,0,0
21075.068504088,0,1
21075.070917106,0,0
21076.078518438,0,1
21076.080931454,0,0
21077.088532816,0,1
21077.090945832,0,0
21078.098547178,0,1
21078.100960194,0,0
21079.108561510,0,1
21079.110974776,0,0
21080.118575858,0,1
21080.120989124,0,0
21081.128590344,0,1
21081.131003360,0,0
21082.138604674,0,1
21082.139874262,1,1
21082.142505750,0,1
21082.142541940,0,0
21083.148619084,0,1
21083.151032100,0,0
21084.158633404,0,1
21084.161046420,0,0
21085.168647806,0,1
21085.171060822,0,0
21086.178662146,0,1
21086.181075164,0,0
21087.188676564,0,1
21087.191089580,0,0
21088.198690884,0,1
21088.201103900,0,0
21089.208705252,0,1
21089.211118266,0,0
21090.218719682,0,1
21090.221132698,0,0
21091.228734026,0,1
21091.231147042,0,0
21092.238748370,0,1
21092.240017958,1,1
21092.242650240,0,1
21092.242685634,0,0
21093.248762828,0,1
21093.251175844,0,0
21094.258777162,0,1
21094.261190178,0,0
21095.268791456,0,1
21095.271204472,0,0
21096.278805882,0,1
21096.281218898,0,0
21097.288820280,0,1
21097.291233296,0,0
21098.298834612,0,1
21098.301247628,0,0
21099.308849024,0,1
21099.311262040,0,0
21100.318863378,0,1
21100.321276394,0,0
21101.328877782,0,1
21101.331290798,0,0
21102.338892112,0,1
21102.340161750,1,1
21102.342793364,0,1
21102.342829376,0,0
21103.348906492,0,1
21103.351319508,0,0
21104.358920888,0,1
21104.361333904,0,0
21105.368935260,0,1
21105.371348276,0,0
21106.378949612,0,1
21106.381362628,0,0
21107.388963970,0,1
21107.391376986,0,0
21108.398978328,0,1
21108.401391344,0,0
21109.408992760,0,1
21109.411405776,0,0
21110.419007078,0,1
21110.421420094,0,0
21111.429021464,0,1
21111.430291088,1,1
21111.432922768,0,1
21111.432958730,0,0
21112.439035848,0,1
21112.441448864,0,0
21113.449050234,0,1
21113.451463250,0,0
21114.459064586,0,1
21114.461477602,0,0
21115.469078984,0,1
21115.471492000,0,0
21116.479093354,0,1
21116.481506370,0,0
21117.489107700,0,1
21117.491520716,0,0
21118.499122012,0,1
21118.501535028,0,0
21119.509136440,0,1
21119.511549456,0,0
21120.519150808,0,1
21120.521563824,0,0
21121.529165192,0,1
21121.530434840,1,1
21121.533066608,0,1
21121.533102456,0,0
21122.539179558,0,1
21122.541592574,0,0
21123.549193934,0,1
21123.551606950,0,0
21124.559208276,0,1
21124.561621292,0,0
21125.569222638,0,1
21125.571635654,0,0
21126.579237078,0,1
21126.581650094,0,0
21127.589251420,0,1
21127.591664436,0,0
21128.599265772,0,1
21128.601678788,0,0
21129.609280140,0,1
21129.611693156,0,0
21130.619294506,0,1
21130.621707524,0,0
21131.629308908,0,1
21131.630578568,1,1
21131.633210676,0,1
21131.633246172,0,0
21132.639323406,0,1
21132.641736422,0,0
21133.649337766,0,1
21133.651750784,0,0
21134.659352106,0,1
21134.661765124,0,0
21135.669366512,0,1
21135.671779528,0,0
21136.679380856,0,1
21136.681793874,0,0
21137.689395214,0,1
21137.691808230,0,0
21138.699409614,0,1
21138.701822630,0,0
21139.709423942,0,1
21139.711836958,0,0
21140.719438378,0,1
21140.721851394,0,0
21141.729452728,0,1
21141.730722256,1,1
21141.733354150,0,1
21141.733389992,0,0
21142.739466972,0,1
21142.741879988,0,0
21143.749481328,0,1
21143.751894344,0,0
21144.759495716,0,1
21144.761908732,0,0
21145.769510064,0,1
21145.771923080,0,0
21146.779524446,0,1
21146.781937462,0,0
21147.789538834,0,1
21147.791951850,0,0
21148.799553190,0,1
21148.801966206,0,0
21149.809567506,0,1
21149.811980772,0,0
21150.819581862,0,1
21150.821995128,0,0
21151.829596220,0,1
21151.830866012,1,1
21151.833497652,0,1
21151.833533486,0,0
21152.839610850,0,1
21152.842023866,0,0
21153.849625210,0,1
21153.852038226,0,0
21154.859639632,0,1
21154.862052650,0,0
21155.869653982,0,1
21155.872066998,0,0
21156.879668354,0,1
21156.882081370,0,0
21157.889682748,0,1
21157.892095764,0,0
21158.899697122,0,1
21158.902110140,0,0
21159.909711454,0,1
21159.912124470,0,0
21160.919725872,0,1
21160.922138888,0,0
21161.929740216,0,1
21161.931009754,1,1
21161.933641410,0,1
21161.933677482,0,0
21162.939754542,0,1
21162.942167558,0,0
21163.949768934,0,1
21163.952181950,0,0
21164.959783338,0,1
21164.962196354,0,0
21165.969797714,0,1
21165.972210730,0,0
21166.979812078,0,1
21166.982225094,0,0
21167.989826450,0,1
21167.992239466,0,0
21168.999840818,0,1
21169.002253834,0,0
21170.009855192,0,1
21170.012268210,0,0
21171.019869546,0,1
21171.022282562,0,0
21172.029883864,0,1
21172.031153510,1,1
21172.033785040,0,1
21172.033821130,0,0
21173.039898408,0,1
21173.042311424,0,0
21174.049912778,0,1
21174.052325794,0,0
21175.059927138,0,1
21175.062340154,0,0
21176.069941540,0,1
21176.072354556,0,0
21177.079955872,0,1
21177.082368890,0,0
21178.089970264,0,1
21178.092383280,0,0
21179.099984622,0,1
21179.102397638,0,0
21180.109999020,0,1
21180.112412286,0,0
21181.120013382,0,1
21181.122426648,0,0
21182.130027758,0,1
21182.131297178,1,1
21182.133929164,0,1
21182.133964772,0,0
21183.140042022,0,1
21183.142455038,0,0
21184.150056310,0,1
21184.152469326,0,0
21185.160070742,0,1
21185.162483760,0,0
21186.170085108,0,1
21186.172498124,0,0
21187.180099424,0,1
21187.182512440,0,0
21188.190113846,0,1
21188.192526862,0,0
21189.200128184,0,1
21189.202541200,0,0
21190.210142592,0,1
21190.212555608,0,0
21191.220156936,0,1
21191.222569952,0,0
21192.230171314,0,1
21192.231440898,1,1
21192.234072962,0,1
21192.234108578,0,0
21193.240185678,0,1
21193.242598694,0,0
21194.250200080,0,1
21194.252613096,0,0
21195.260214420,0,1
21195.262627436,0,0
21196.270228798,0,1
21196.272641814,0,0
21197.280243152,0,1
21197.282656168,0,0
21198.290257558,0,1
21198.292670576,0,0
21199.300271914,0,1
21199.302684930,0,0
21200.310286310,0,1
21200.312699326,0,0
21201.320300646,0,1
21201.322713662,0,0
21202.330315048,0,1
21202.331584646,1,1
21202.334216836,0,1
21202.334252314,0,0
21203.340329392,0,1
21203.342742408,0,0
21204.350343792,0,1
21204.352756808,0,0
21205.360358130,0,1
21205.362771146,0,0
21206.370372504,0,1
21206.372785520,0,0
21207.380386906,0,1
21207.382799922,0,0
21208.390401320,0,1
21208.392814336,0,0
21209.400415668,0,1
21209.402828686,0,0
21210.410429996,0,1
21210.412843012,0,0
21211.420444370,0,1
21211.421713972,1,1
21211.424345752,0,1
21211.424381634,0,0
21212.430458746,0,1
21212.432871762,0,0
21213.440473098,0,1
21213.442886114,0,0
21214.450487506,0,1
21214.452900522,0,0
21215.460501870,0,1
21215.462914884,0,0
21216.470516246,0,1
21216.472929262,0,0
21217.480530614,0,1
21217.482943630,0,0
21218.490544970,0,1
21218.492957988,0,0
21219.500559322,0,1
21219.502972590,0,0
21220.510573726,0,1
21220.512986992,0,0
21221.520588084,0,1
21221.521857770,1,1
21221.524489626,0,1
21221.524525348,0,0
21222.530602546,0,1
21222.533015562,0,0
21223.540616908,0,1
21223.543029924,0,0
21224.550631328,0,1
21224.553044344,0,0
21225.560645658,0,1
21225.563058674,0,0
21226.570660052,0,1
21226.573073068,0,0
21227.580674428,0,1
21227.583087444,0,0
21228.590688794,0,1
21228.593101810,0,0
21229.600703174,0,1
21229.603116190,0,0
21230.610717530,0,1
21230.613130796,0,0
21231.620731868,0,1
21231.622001442,1,1
21231.624633108,0,1
21231.624669132,0,0
21232.630746226,0,1
21232.633159242,0,0
21233.640760642,0,1
21233.643173658,0,0
21234.650774986,0,1
21234.653188002,0,0
21235.660789376,0,1
21235.663202392,0,0
21236.670803736,0,1
21236.673216752,0,0
21237.680818104,0,1
21237.683231118,0,0
21238.690832524,0,1
21238.693245540,0,0
21239.700846878,0,1
21239.703259894,0,0
21240.710861232,0,1
21240.713274248,0,0
21241.720875616,0,1
21241.722145188,1,1
21241.724777326,0,1
21241.724812880,0,0
21242.730889974,0,1
21242.733302990,0,0
21243.740904346,0,1
21243.743317362,0,0
21244.750918728,0,1
21244.753331746,0,0
21245.760933068,0,1
21245.763346084,0,0
21246.770947482,0,1
21246.773360498,0,0
21247.780961814,0,1
21247.783374830,0,0
21248.790976198,0,1
21248.793389214,0,0
21249.800990570,0,1
21249.803403588,0,0
21250.811004938,0,1
21250.813417954,0,0
21251.821019308,0,1
21251.822288910,1,1
21251.824920546,0,1
21251.824956572,0,0
21252.831033646,0,1
21252.833446662,0,0
21253.841048048,0,1
21253.843461064,0,0
21254.851062376,0,1
21254.853475392,0,0
21255.861076766,0,1
21255.863489782,0,0
21256.871091064,0,1
21256.873504330,0,0
21257.881105502,0,1
21257.883518768,0,0
21258.891119838,0,1
21258.893533104,0,0
21259.901134212,0,1
21259.903547478,0,0
21260.911148604,0,1
21260.913561870,0,0
21261.921162934,0,1
21261.922432568,1,1
21261.925064824,0,1
21261.925100200,0,0
21262.931177282,0,1
21262.933590298,0,0
21263.941191676,0,1
21263.943604692,0,0
21264.951206056,0,1
21264.953619072,0,0
21265.961220412,0,1
21265.963633428,0,0
21266.971234842,0,1
21266.973647858,0,0
21267.981249202,0,1
21267.983662218,0,0
21268.991263536,0,1
21268.993676552,0,0
21270.001277890,0,1
21270.003690906,0,0
21271.011292290,0,1
21271.013705306,0,0
21272.021306686,0,1
21272.022576314,1,1
21272.025207662,0,1
21272.025243950,0,0
21273.031321066,0,1
21273.033734082,0,0
21274.041335386,0,1
21274.043748402,0,0
21275.051349764,0,1
21275.053762782,0,0
21276.061364120,0,1
21276.063777136,0,0
21277.071378494,0,1
21277.073791510,0,0
21278.081392926,0,1
21278.083805942,0,0
21279.091407298,0,1
21279.093820314,0,0
21280.101421638,0,1
21280.103834654,0,0
21281.111436006,0,1
21281.113849022,0,0
21282.121450412,0,1
21282.122720094,1,1
21282.125351808,0,1
21282.125387678,0,0
21283.131464862,0,1
21283.133877878,0,0
21284.141479230,0,1
21284.143892246,0,0
21285.151493658,0,1
21285.153906674,0,0
21286.161507964,0,1
21286.163920980,0,0
21287.171522336,0,1
21287.173935354,0,0
21288.181536690,0,1
21288.183949706,0,0
21289.191551072,0,1
21289.193964088,0,0
21290.201565452,0,1
21290.203978718,0,0
21291.211579838,0,1
21291.213992854,0,0
21292.221594190,0,1
21292.222863778,1,1
21292.225496008,0,1
21292.225531454,0,0
21293.231608580,0,1
21293.234021596,0,0
21294.241622934,0,1
21294.244035950,0,0
21295.251637302,0,1
21295.254050318,0,0
21296.261651724,0,1
21296.264064740,0,0
21297.271666030,0,1
21297.274079044,0,0
21298.281680442,0,1
21298.284093458,0,0
21299.291694818,0,1
21299.294107834,0,0
21300.301709184,0,1
21300.304122200,0,0
21301.311723524,0,1
21301.314136542,0,0
21302.321737914,0,1
21302.323007546,1,1
21302.325638818,0,1
21302.325675178,0,0
21303.331752258,0,1
21303.334165274,0,0
21304.341766636,0,1
21304.344179652,0,0
21305.351781020,0,1
21305.354194036,0,0
21306.361795354,0,1
21306.364208368,0,0
21307.371809804,0,1
21307.374222820,0,0
21308.381824172,0,1
21308.384237186,0,0
21309.391838456,0,1
21309.394251472,0,0
21310.401852884,0,1
21310.404265900,0,0
21311.411867204,0,1
21311.414280220,0,0
21312.421881608,0,1
21312.423151204,1,1
21312.425782866,0,1
21312.425818874,0,0
21313.431895990,0,1
21313.434309006,0,0
21314.441910352,0,1
21314.444323368,0,0
21315.451924674,0,1
21315.454337690,0,0
21316.461939074,0,1
21316.464352090,0,0
21317.471953484,0,1
21317.474366500,0,0
21318.481967798,0,1
21318.484380814,0,0
21319.491982228,0,1
21319.494395244,0,0
21320.501996596,0,1
21320.504409612,0,0
21321.512010914,0,1
21321.513280624,1,1
21321.515912378,0,1
21321.515948178,0,0
21322.522025430,0,1
21322.524438446,0,0
21323.532039784,0,1
21323.534452800,0,0
21324.542054180,0,1
21324.544467196,0,0
21325.552068554,0,1
21325.554481570,0,0
21326.562082876,0,1
21326.564495892,0,0
21327.572097268,0,1
21327.574510284,0,0
21328.582111656,0,1
21328.584524672,0,0
21329.592126010,0,1
21329.594539028,0,0
21330.602140374,0,1
21330.604553390,0,0
21331.612154732,0,1
21331.613424296,1,1
21331.616055696,0,1
21331.616091998,0,0
21332.622169172,0,1
21332.624582188,0,0
21333.632183528,0,1
21333.634596544,0,0
21334.642197846,0,1
21334.644610862,0,0
21335.652212264,0,1
21335.654625280,0,0
21336.662226580,0,1
21336.664639596,0,0
21337.672240960,0,1
21337.674653976,0,0
21338.682255338,0,1
21338.684668356,0,0
21339.692269742,0,1
21339.694682758,0,0
21340.702284082,0,1
21340.704697098,0,0
21341.712298460,0,1
21341.713568074,1,1
21341.716200104,0,1
21341.716235724,0,0
21342.722312788,0,1
21342.724725804,0,0
21343.732327200,0,1
21343.734740216,0,0
21344.742341554,0,1
21344.744754570,0,0
21345.752355898,0,1
21345.754768914,0,0
21346.762370284,0,1
21346.764783300,0,0
21347.772384674,0,1
21347.774797690,0,0
21348.782399072,0,1
21348.784812088,0,0
21349.792413438,0,1
21349.794826454,0,0
21350.802427788,0,1
21350.804840804,0,0
21351.812442162,0,1
21351.813711776,1,1
21351.816343808,0,1
21351.816379428,0,0
21352.822456496,0,1
21352.824869512,0,0
21353.832470922,0,1
21353.834883938,0,0
21354.842485268,0,1
21354.844898284,0,0
21355.852499602,0,1
21355.854912618,0,0
21356.862513982,0,1
21356.864926998,0,0
21357.872528382,0,1
21357.874941398,0,0
21358.882542764,0,1
21358.884955780,0,0
21359.892557088,0,1
21359.894970102,0,0
21360.902571478,0,1
21360.904984494,0,0
21361.912585878,0,1
21361.913855470,1,1
21361.916487084,0,1
21361.916523142,0,0
21362.922600202,0,1
21362.925013218,0,0
21363.932614648,0,1
21363.935027664,0,0
21364.942628950,0,1
21364.945041966,0,0
21365.952643336,0,1
21365.955056352,0,0
21366.962657704,0,1
21366.965070720,0,0
21367.972672114,0,1
21367.975085130,0,0
21368.982686514,0,1
21368.985099530,0,0
21369.992700782,0,1
21369.995113800,0,0
21371.002715194,0,1
21371.005128210,0,0
21372.012729556,0,1
21372.013999218,1,1
21372.016631334,0,1
21372.016666822,0,0
21373.022743932,0,1
21373.025156948,0,0
21374.032758310,0,1
21374.035171326,0,0
21375.042772694,0,1
21375.045185710,0,0
21376.052787028,0,1
21376.055200044,0,0
21377.062801416,0,1
21377.065214432,0,0
21378.072815772,0,1
21378.075228790,0,0
21379.082830174,0,1
21379.085243190,0,0
21380.092844516,0,1
21380.095257532,0,0
21381.102858912,0,1
21381.105271928,0,0
21382.112873314,0,1
21382.114142884,1,1
21382.116775252,0,1
21382.116810580,0,0
21383.122887626,0,1
21383.125300642,0,0
21384.132901970,0,1
21384.135314986,0,0
21385.142916410,0,1
21385.145329426,0,0
21386.152930748,0,1
21386.155343764,0,0
21387.162945132,0,1
21387.165358148,0,0
21388.172959484,0,1
21388.175372500,0,0
21389.182973844,0,1
21389.185386860,0,0
21390.192988222,0,1
21390.195401238,0,0
21391.203002558,0,1
21391.205415574,0,0
21392.213016956,0,1
21392.214286672,1,1
21392.216918712,0,1
21392.216954470,0,0
21393.223031476,0,1
21393.225444492,0,0
21394.233045836,0,1
21394.235458852,0,0
21395.243060220,0,1
21395.245473236,0,0
21396.253074576,0,1
21396.255487594,0,0
21397.263088958,0,1
21397.265501974,0,0
21398.273103332,0,1
21398.275516346,0,0
21399.283117666,0,1
21399.285530682,0,0
21400.293132002,0,1
21400.295545018,0,0
21401.303146434,0,1
21401.305559450,0,0
21402.313160784,0,1
21402.314430328,1,1
21402.317062110,0,1
21402.317097798,0,0
21403.323175126,0,1
21403.325588142,0,0
21404.333189490,0,1
21404.335602506,0,0
21405.343203906,0,1
21405.345616922,0,0
21406.353218272,0,1
21406.355631288,0,0
21407.363232634,0,1
21407.365645652,0,0
21408.373247016,0,1
21408.375660032,0,0
21409.383261374,0,1
21409.385674390,0,0
21410.393275778,0,1
21410.395688794,0,0
21411.403290152,0,1
21411.405703168,0,0
21412.413304506,0,1
21412.414574072,1,1
21412.417205446,0,1
21412.417241772,0,0
21413.423318856,0,1
21413.425731872,0,0
21414.433333240,0,1
21414.435746256,0,0
21415.443347636,0,1
21415.445760654,0,0
21416.453361990,0,1
21416.455775006,0,0
21417.463376322,0,1
21417.465789338,0,0
21418.473390700,0,1
21418.475803716,0,0
21419.483405106,0,1
21419.485818122,0,0
21420.493419498,0,1
21420.495832514,0,0
21421.503433820,0,1
21421.504703400,1,1
21421.507334832,0,1
21421.507371084,0,0
21422.513448166,0,1
21422.515861182,0,0
21423.523462586,0,1
21423.525875602,0,0
21424.533476956,0,1
21424.535889970,0,0
21425.543491276,0,1
21425.545904292,0,0
21426.553505660,0,1
21426.555918678,0,0
21427.563520082,0,1
21427.565933098,0,0
21428.573534386,0,1
21428.575947402,0,0
21429.583548802,0,1
21429.585962070,0,0
21430.593563182,0,1
21430.595976198,0,0
21431.603577500,0,1
21431.604847092,1,1
21431.607478734,0,1
21431.607514766,0,0
21432.613591902,0,1
21432.616004918,0,0
21433.623606268,0,1
21433.626019284,0,0
21434.633620652,0,1
21434.636033668,0,0
21435.643635036,0,1
21435.646048052,0,0
21436.653649358,0,1
21436.656062374,0,0
21437.663663762,0,1
21437.666076778,0,0
21438.673678170,0,1
21438.676091186,0,0
21439.683692504,0,1
21439.686105520,0,0
21440.693706872,0,1
21440.696119888,0,0
21441.703721280,0,1
21441.704990860,1,1
21441.707622532,0,1
21441.707658546,0,0
21442.713735604,0,1
21442.716148620,0,0
21443.723750000,0,1
21443.726163016,0,0
21444.733764326,0,1
21444.736177344,0,0
21445.743778718,0,1
21445.746191734,0,0
21446.753793130,0,1
21446.756206146,0,0
21447.763807458,0,1
21447.766220474,0,0
21448.773821840,0,1
21448.776234856,0,0
21449.783836228,0,1
21449.786249244,0,0
21450.793850602,0,1
21450.796263618,0,0
21451.803864916,0,1
21451.805134524,1,1
21451.807766288,0,1
21451.807802180,0,0
21452.813879296,0,1
21452.816292314,0,0
21453.823893662,0,1
21453.826306678,0,0
21454.833908070,0,1
21454.836321086,0,0
21455.843922432,0,1
21455.846335448,0,0
21456.853936816,0,1
21456.856349832,0,0
21457.863951124,0,1
21457.866364140,0,0
21458.873965548,0,1
21458.876378564,0,0
21459.883979892,0,1
21459.886392908,0,0
21460.893994246,0,1
21460.896407262,0,0
21461.904008666,0,1
21461.905278288,1,1
21461.907909638,0,1
21461.907945930,0,0
21462.914023004,0,1
21462.916436020,0,0
21463.924037354,0,1
21463.926450370,0,0
21464.934051764,0,1
21464.936464780,0,0
21465.944066160,0,1
21465.946479176,0,0
21466.954080522,0,1
21466.956493540,0,0
21467.964094892,0,1
21467.966507910,0,0
21468.974109270,0,1
21468.976522284,0,0
21469.984123590,0,1
21469.986536606,0,0
21470.994137932,0,1
21470.996550948,0,0
21472.004152328,0,1
21472.005421970,1,1
21472.008053606,0,1
21472.008089592,0,0
21473.014166692,0,1
21473.016579708,0,0
21474.024181106,0,1
21474.026594122,0,0
21475.034195478,0,1
21475.036608494,0,0
21476.044209872,0,1
21476.046622888,0,0
21477.054224242,0,1
21477.056637258,0,0
21478.064238560,0,1
21478.066651576,0,0
21479.074252906,0,1
21479.076665922,0,0
21480.084267300,0,1
21480.086680316,0,0
21481.094281676,0,1
21481.096694692,0,0
21482.104296032,0,1
21482.105565702,1,1
21482.108197370,0,1
21482.108233296,0,0
21483.114310556,0,1
21483.116723572,0,0
21484.124324902,0,1
21484.126737918,0,0
21485.134339288,0,1
21485.136752304,0,0
21486.144353670,0,1
21486.146766686,0,0
21487.154367998,0,1
21487.156781014,0,0
21488.164382410,0,1
21488.166795426,0,0
21489.174396758,0,1
21489.176809774,0,0
21490.184411162,0,1
21490.186824178,0,0
21491.194425494,0,1
21491.196838510,0,0
21492.204439862,0,1
21492.205709416,1,1
21492.208340966,0,1
21492.208377126,0,0
21493.214454264,0,1
21493.216867282,0,0
21494.224468620,0,1
21494.226881636,0,0
21495.234483000,0,1
21495.236896016,0,0
21496.244497314,0,1
21496.246910330,0,0
21497.254511734,0,1
21497.256924750,0,0
21498.264526074,0,1
21498.266939090,0,0
21499.274540488,0,1
21499.276953504,0,0
21500.284554804,0,1
21500.286967820,0,0
21501.294569182,0,1
21501.296982198,0,0
21502.304583546,0,1
21502.305853086,1,1
21502.308484280,0,1
21502.308520560,0,0
21503.314597816,0,1
21503.317010832,0,0
21504.324612166,0,1
21504.327025182,0,0
21505.334626554,0,1
21505.337039570,0,0
21506.344640922,0,1
21506.347053938,0,0
21507.354655282,0,1
21507.357068298,0,0
21508.364669662,0,1
21508.367082680,0,0
21509.374684072,0,1
21509.377097088,0,0
21510.384698412,0,1
21510.387111428,0,0
21511.394712812,0,1
21511.397125828,0,0
21512.404727164,0,1
21512.405996786,1,1
21512.408628578,0,1
21512.408664430,0,0
21513.414741512,0,1
21513.417154528,0,0
21514.424755936,0,1
21514.427168950,0,0
21515.434770234,0,1
21515.437183250,0,0
21516.444784662,0,1
21516.447197678,0,0
21517.454799008,0,1
21517.457212024,0,0
21518.464813372,0,1
21518.467226390,0,0
21519.474827750,0,1
21519.477240766,0,0
21520.484842096,0,1
21520.487255112,0,0
21521.494856478,0,1
21521.496126122,1,1
21521.498758352,0,1
21521.498793744,0,0
21522.504870854,0,1
21522.507283870,0,0
21523.514885228,0,1
21523.517298244,0,0
21524.524899588,0,1
21524.527312604,0,0
21525.534913996,0,1
21525.537327012,0,0
21526.544928350,0,1
21526.547341366,0,0
21527.554942668,0,1
21527.557355686,0,0
21528.564957030,0,1
21528.567370046,0,0
21529.574971448,0,1
21529.577384466,0,0
21530.584985806,0,1
21530.587398824,0,0
21531.595000160,0,1
21531.596269914,1,1
21531.598901348,0,1
21531.598937424,0,0
21532.605014654,0,1
21532.607427670,0,0
21533.615029058,0,1
21533.617442074,0,0
21534.625043456,0,1
21534.627456474,0,0
21535.635057778,0,1
21535.637470794,0,0
21536.645072160,0,1
21536.647485176,0,0
21536.706385622,1,0
21536.707125164,0,0
21536.708110424,1,0
21536.708726674,0,0
21537.655086548,0,1
21537.657499564,0,0
21538.665100854,0,1
21538.667513872,0,0
21539.675115276,0,1
21539.677528292,0,0
21540.685129624,0,1
21540.687542640,0,0
21541.695143982,0,1
21541.696413552,1,1
21541.699045294,0,1
21541.699081248,0,0
21542.705158348,0,1
21542.707571364,0,0
21543.715172752,0,1
21543.717585768,0,0
21544.725187096,0,1
21544.727600112,0,0
21545.735201472,0,1
21545.737614488,0,0
21546.745215856,0,1
21546.747628872,0,0
21547.755230236,0,1
21547.757643252,0,0
21548.765244586,0,1
21548.767657602,0,0
21549.775258964,0,1
21549.777671982,0,0
21550.785273298,0,1
21550.787686314,0,0
21551.795287656,0,1
21551.796557270,1,1
21551.799188992,0,1
21551.799224920,0,0
21552.805302056,0,1
21552.807715072,0,0
21553.815316440,0,1
21553.817729456,0,0
21554.825330758,0,1
21554.827743774,0,0
21555.835345176,0,1
21555.837758192,0,0
21556.845359510,0,1
21556.847772526,0,0
21557.855373892,0,1
21557.857786908,0,0
21558.865388290,0,1
21558.867801306,0,0
21559.875402614,0,1
21559.877815630,0,0
21560.885417038,0,1
21560.887830054,0,0
21561.895431422,0,1
21561.896700998,1,1
21561.899333138,0,1
21561.899368686,0,0
21562.905445768,0,1
21562.907858784,0,0
21563.915460122,0,1
21563.917873138,0,0
21564.925474508,0,1
21564.927887524,0,0
21565.935488850,0,1
21565.937901866,0,0
21566.945503232,0,1
21566.947916248,0,0
21567.955517628,0,1
21567.957930644,0,0
21568.965532012,0,1
21568.967945028,0,0
21569.975546352,0,1
21569.977959370,0,0
21570.985560696,0,1
21570.987973962,0,0
21571.995575068,0,1
21571.996844680,1,1
21571.999476534,0,1
21571.999512332,0,0
21573.005589384,0,1
21573.008002400,0,0
21574.015603760,0,1
21574.018016776,0,0
21575.025618148,0,1
21575.028031166,0,0
21576.035632552,0,1
21576.038045568,0,0
21577.045646918,0,1
21577.048059934,0,0
21578.055661232,0,1
21578.058074248,0,0
21579.065675642,0,1
21579.068088658,0,0
21580.075689986,0,1
21580.078103002,0,0
21581.085704308,0,1
21581.088117574,0,0
21582.095718680,0,1
21582.096988404,1,1
21582.099620040,0,1
21582.099656196,0,0
21583.105733138,0,1
21583.108146154,0,0
21584.115747502,0,1
21584.118160520,0,0
21585.125761906,0,1
21585.128174922,0,0
21586.135776270,0,1
21586.138189284,0,0
21587.145790678,0,1
21587.148203694,0,0
21588.155804970,0,1
21588.158217986,0,0
21589.165819372,0,1
21589.168232388,0,0
21590.175833784,0,1
21590.178246800,0,0
21591.185848072,0,1
21591.188261090,0,0
21592.195862474,0,1
21592.197132114,1,1
21592.199764192,0,1
21592.199799738,0,0
21593.205876836,0,1
21593.208289852,0,0
21594.215891220,0,1
21594.218304236,0,0
21595.225905576,0,1
21595.228318592,0,0
21596.235919902,0,1
21596.238332918,0,0
21597.245934322,0,1
21597.248347338,0,0
21598.255948664,0,1
21598.258361680,0,0
21599.265963090,0,1
21599.268376106,0,0
21600.275977404,0,1
21600.278390420,0,0
21600.822886400,0,0
